protocol,model,endpoint,budget,N,k,actual_budget_fraction,independent_seed_count,U_defined_seeds,U_mean,U_sample_sd,U_min,U_max,regret_raw_defined_seeds,regret_raw_mean,regret_raw_sample_sd,regret_raw_min,regret_raw_max,regret_display_defined_seeds,regret_display_mean,regret_display_sample_sd,regret_display_min,regret_display_max,improvement_over_random_defined_seeds,improvement_over_random_mean,improvement_over_random_sample_sd,improvement_over_random_min,improvement_over_random_max,oracle_improvement_fraction_defined_seeds,oracle_improvement_fraction_mean,oracle_improvement_fraction_sample_sd,oracle_improvement_fraction_min,oracle_improvement_fraction_max
iid997,fire_only,terminal,10%,160,16,0.1,5,5,0.04288166144164279,0.0007690017764662146,0.04205593006918207,0.043937450612429534,5,0.006610129317268731,0.0007690017764662146,0.005784397944808006,0.007665918488055472,5,0.006610129317268731,0.0007690017764662146,0.005784397944808006,0.007665918488055472,5,0.20759807506925426,0.0007690017764662192,0.20654228589846751,0.208423806441715,5,0.9691415679609487,0.0035899734964334393,0.9642127690206352,0.9729963753658544
iid997,fire_only,terminal,25%,160,40,0.25,5,5,0.049942582230083646,0.0006443426634204773,0.04913773799780756,0.05059173826593906,5,0.003960059968754646,0.0006443426634204773,0.0031552157364785616,0.004609216004610062,5,0.003960059968754646,0.0006443426634204773,0.0031552157364785616,0.004609216004610062,5,0.20053715428081342,0.0006443426634204709,0.199887998244958,0.20134199851308948,5,0.9806351397827757,0.00315086279187214,0.977460739396748,0.9845708620136606
iid997,fire_only,terminal,50%,160,80,0.5,5,5,0.058136851650197066,0.00016058046438478113,0.05806503788335249,0.05842410671757534,5,0.0003862807713449004,0.00016058046438478113,0.0003144670045003295,0.0006735358387231841,5,0.0003862807713449004,0.00016058046438478113,0.0003144670045003295,0.0006735358387231841,5,0.1923428848607,0.00016058046438477804,0.19205562979332172,0.19241469862754457,5,0.9979957326641345,0.0008331923394062293,0.9965052728967391,0.9983683476059835
iid997,fire_only,J,10%,160,16,0.1,5,5,0.3365094377427643,0.0007327128955794161,0.33570679098059675,0.3370445355842093,5,0.0059392945346189215,0.0007327128955794161,0.005136647772451375,0.006474392376063953,5,0.0059392945346189215,0.0007327128955794161,0.005136647772451375,0.006474392376063953,5,0.17388564129009568,0.0007327128955794161,0.17335054344865064,0.17468828805226322,5,0.9669717967234073,0.004074590057374655,0.96399613687406,0.9714352864974279
iid997,fire_only,J,25%,160,40,0.25,5,5,0.3509942218217397,0.0,0.3509942218217397,0.3509942218217397,5,0.005302585097371304,0.0,0.005302585097371304,0.005302585097371304,5,0.005302585097371304,0.0,0.005302585097371304,0.005302585097371304,5,0.15940085721112024,0.0,0.15940085721112024,0.15940085721112024,5,0.9678052563865697,0.0,0.9678052563865697,0.9678052563865697
iid997,fire_only,J,50%,160,80,0.5,5,5,0.35868192329947,0.0,0.35868192329947,0.35868192329947,5,0.0005093303835019269,0.0,0.0005093303835019269,0.0005093303835019269,5,0.0005093303835019269,0.0,0.0005093303835019269,0.0005093303835019269,5,0.15171315573338995,0.0,0.15171315573338995,0.15171315573338995,5,0.9966540397776,1.2412670766236366e-16,0.9966540397776001,0.9966540397776001
iid997,global_stats,terminal,10%,160,16,0.1,5,5,0.03815377667779103,0.00035437782374437627,0.03799074963899329,0.03878768492722884,5,0.0018822445534169673,0.00035437782374437627,0.0017192175146192312,0.0025161528028547764,5,0.0018822445534169673,0.00035437782374437627,0.0017192175146192312,0.0025161528028547764,5,0.21232595983310604,0.00035437782374437627,0.21169205158366822,0.21248898687190376,5,0.9912130137180899,0.00165436158133757,0.9882537048006128,0.991974081853947
iid997,global_stats,terminal,25%,160,40,0.25,5,5,0.04754348407033831,0.00027280145956296546,0.047231930890120566,0.04788473185617477,5,0.0015609618090093118,0.00027280145956296546,0.0012494086287915679,0.0019022095948457718,5,0.0015609618090093118,0.00027280145956296546,0.0012494086287915679,0.0019022095948457718,5,0.20293625244055877,0.00027280145956295917,0.2025950046547223,0.2032478056207765,5,0.9923668309383211,0.0013340106395289648,0.9906981148773777,0.9938903391257604
iid997,global_stats,terminal,50%,160,80,0.5,5,5,0.05793729027034715,6.427738301605165e-05,0.05789034870686009,0.05800770261557773,5,0.0001867193914949883,6.427738301605165e-05,0.0001397778280079337,0.00025713173672557016,5,0.0001867193914949883,6.427738301605165e-05,0.0001397778280079337,0.00025713173672557016,5,0.19254244624054992,6.427738301604025e-05,0.19247203389531933,0.19258938780403695,5,0.9990311824840695,0.000333511447555183,0.9986658389980452,0.9992747448080858
iid997,global_stats,J,10%,160,16,0.1,5,5,0.3322386778707975,1.2915803128095464e-05,0.3322329017480418,0.33226178236182025,5,0.0016685346626521325,1.2915803128095464e-05,0.0016627585398964473,0.0016916391536748732,5,0.0016685346626521325,1.2915803128095464e-05,0.0016627585398964473,0.0016916391536748732,5,0.17815640116206247,1.2915803128095464e-05,0.17813329667103972,0.17816217728481815,5,0.9907213387564973,7.182431662694357e-05,0.990592855512965,0.9907534595673804
iid997,global_stats,J,25%,160,40,0.25,5,5,0.3485782603663101,1.652233682034972e-05,0.34854870431168816,0.3485856493799656,5,0.002886623641941699,1.652233682034972e-05,0.0028570675873197393,0.002894012655597189,5,0.002886623641941699,1.652233682034972e-05,0.0028570675873197393,0.002894012655597189,5,0.16181681866654984,1.652233682034972e-05,0.16180942965289435,0.1618463747211718,5,0.9824738111026543,0.00010031567396998604,0.9824289485694132,0.9826532612356188
iid997,global_stats,J,50%,160,80,0.5,5,5,0.35871134507957325,2.730376062864214e-05,0.35869913446661184,0.35876018753141886,5,0.0005387521636051496,2.730376062864214e-05,0.0005265415506437443,0.0005875946154507705,5,0.0005387521636051496,2.730376062864214e-05,0.0005265415506437443,0.0005875946154507705,5,0.15168373395328674,2.730376062864214e-05,0.1516348915014411,0.15169594456624813,5,0.9964607583455743,0.0001793674595990864,0.9961398960794823,0.9965409739120973
iid997,deepsets,terminal,10%,160,16,0.1,5,5,0.03940289058955386,0.0009425819421993263,0.03801823063986376,0.040315238351468,5,0.003131358465179801,0.0009425819421993263,0.0017466985154896975,0.004043706227093935,5,0.003131358465179801,0.0009425819421993263,0.0017466985154896975,0.004043706227093935,5,0.21107684592134318,0.0009425819421993263,0.21016449815942906,0.2124615058710333,5,0.9853817062042616,0.004400307378042868,0.9811225427211118,0.9918457907786861
iid997,deepsets,terminal,25%,160,40,0.25,5,5,0.046688849651254714,0.00026307986708378465,0.0464937410550192,0.0471237231278792,5,0.0007063273899257164,0.00026307986708378465,0.0005112187936902046,0.0011412008665502016,5,0.0007063273899257164,0.00026307986708378465,0.0005112187936902046,0.0011412008665502016,5,0.20379088685964236,0.0002630798670837961,0.20335601338301784,0.20398599545587787,5,0.9965460292820237,0.0012864716424094444,0.9944194796455392,0.9975001185440779
iid997,deepsets,terminal,50%,160,80,0.5,5,5,0.057921829998958854,0.00010490708136927075,0.05775057087885216,0.05798941013636068,5,0.00017125912010669818,0.00010490708136927075,0.0,0.0002388392575085191,5,0.00017125912010669818,0.00010490708136927075,0.0,0.0002388392575085191,5,0.1925579065119382,0.00010490708136926302,0.1924903263745364,0.1927291656320449,5,0.9991114000854772,0.0005443238496116092,0.9987607518731,1.0
iid997,deepsets,J,10%,160,16,0.1,5,5,0.3344978870543855,0.0007136458490584998,0.33370655551467887,0.33540427883575225,5,0.00392774384624014,0.0007136458490584998,0.003136412306533498,0.0048341356276068725,5,0.00392774384624014,0.0007136458490584998,0.003136412306533498,0.0048341356276068725,5,0.17589719197847448,0.0007136458490584998,0.17499080019710772,0.1766885235181811,5,0.9781579577480359,0.003968558897494208,0.9731175456538521,0.9825585239769487
iid997,deepsets,J,25%,160,40,0.25,5,5,0.3468582149236172,0.0003840012178729363,0.34650069749026446,0.34748462748757447,5,0.00116657819924878,0.00038400121787293635,0.0008090607658960414,0.0017929907632060482,5,0.00116657819924878,0.00038400121787293635,0.0008090607658960414,0.0017929907632060482,5,0.16353686410924279,0.0003840012178729363,0.1629104515452855,0.1638943815425955,5,0.9929170988602427,0.002331470505356522,0.9891138233780946,0.9950877725774507
iid997,deepsets,J,50%,160,80,0.5,5,5,0.3586052265763914,6.657608200983902e-05,0.3585108271623661,0.35866583356733217,5,0.0004326336604232428,6.657608200983902e-05,0.0003382342463980059,0.0004932406513640797,5,0.0004326336604232428,6.657608200983902e-05,0.0003382342463980059,0.0004932406513640797,5,0.15178985245646864,6.657608200983902e-05,0.1517292454655278,0.15188425187049387,5,0.9971578859900434,0.0004373603644780637,0.9967597385646079,0.99777802705089
iid997,capacity_matched_deepsets,terminal,10%,160,16,0.1,5,5,0.038840073451865464,0.0004280967004379241,0.038192324864212424,0.039271608751732856,5,0.0025685413274914026,0.0004280967004379241,0.0019207927398383617,0.003000076627358794,5,0.0025685413274914026,0.0004280967004379241,0.0019207927398383617,0.003000076627358794,5,0.2116396630590316,0.0004280967004379241,0.2112081277591642,0.21228741164668463,5,0.988009136555495,0.0019985074879086224,0.9859945764638156,0.9910330570888292
iid997,capacity_matched_deepsets,terminal,25%,160,40,0.25,5,5,0.04671126990113407,0.00010563926436281262,0.046554852207191286,0.0468077644938603,5,0.0007287476398050733,0.00010563926436281262,0.0005723299458622877,0.0008252422325313036,5,0.0007287476398050733,0.00010563926436281262,0.0005723299458622877,0.0008252422325313036,5,0.20376846660976294,0.00010563926436281129,0.20367197201703674,0.20392488430370576,5,0.9964363933147972,0.0005165804568559571,0.9959645306878155,0.9972012824332959
iid997,capacity_matched_deepsets,terminal,50%,160,80,0.5,5,5,0.05789806300075725,0.00013491246084154746,0.05775057087885216,0.05801035297336057,5,0.00014749212190508926,0.00013491246084154746,0.0,0.0002597820945084081,5,0.00014749212190508926,0.00013491246084154746,0.0,0.0002597820945084081,5,0.19258167351013983,0.00013491246084154423,0.19246938353753648,0.1927291656320449,5,0.999234718204578,0.0007000106102214009,0.9986520872766896,1.0
iid997,capacity_matched_deepsets,J,10%,160,16,0.1,5,5,0.334789923883048,0.000686549435269196,0.33383364116416486,0.33562184046713806,5,0.004219780674902684,0.000686549435269196,0.00326349795601949,0.005051697258992682,5,0.004219780674902684,0.000686549435269196,0.00326349795601949,0.005051697258992682,5,0.1756051551498119,0.000686549435269196,0.1747732385657219,0.1765614378686951,5,0.9765339514481133,0.0038178767150425052,0.9719076932471876,0.9818518052512994
iid997,capacity_matched_deepsets,J,25%,160,40,0.25,5,5,0.3466197293723332,0.00025701811709603694,0.3462835476443191,0.3469811563283535,5,0.0009280926479647955,0.00025701811709603694,0.0005919109199507,0.001289519603985101,5,0.0009280926479647955,0.00025701811709603694,0.0005919109199507,0.001289519603985101,5,0.16377534966052676,0.00025701811709603694,0.16341392270450644,0.16411153138854084,5,0.9943650683012049,0.0015604902574813014,0.992170657844723,0.9964062018883488
iid997,capacity_matched_deepsets,J,50%,160,80,0.5,5,5,0.35850109534390984,3.93127231510461e-05,0.35844055915661255,0.35854887530695123,5,0.0003285024279418014,3.9312723151046104e-05,0.0002679662406444572,0.0003762823909831403,5,0.0003285024279418014,3.9312723151046104e-05,0.0002679662406444572,0.0003762823909831403,5,0.15189398368895007,3.9312723151046104e-05,0.15184620372590873,0.15195451987624742,5,0.9978419585941494,0.0002582583175054654,0.9975280761694156,0.9982396408869667
iid997,gnn,terminal,10%,160,16,0.1,5,5,0.038455856090877205,0.0009233626701733216,0.03720649593742564,0.039222557621542364,5,0.0021843239665031433,0.0009233626701733216,0.0009349638130515814,0.0029510254971683025,5,0.0021843239665031433,0.0009233626701733216,0.0009349638130515814,0.0029510254971683025,5,0.21202388042001985,0.0009233626701733216,0.2112571788893547,0.2132732405734714,5,0.9898027996978038,0.004310584988179008,0.9862235645659799,0.9956352567553178
iid997,gnn,terminal,25%,160,40,0.25,5,5,0.04705670595634729,0.00033749112702972814,0.0466200114460662,0.04745799277443439,5,0.0010741836950182882,0.00033749112702972814,0.0006374891847372027,0.001475470513105391,5,0.0010741836950182882,0.00033749112702972814,0.0006374891847372027,0.001475470513105391,5,0.20342303055454977,0.0003374911270297262,0.20302174373646267,0.20385972506483085,5,0.9947471964400094,0.001650345840984688,0.9927848869799041,0.9968826510078557
iid997,gnn,terminal,50%,160,80,0.5,5,5,0.057902251568157224,0.00013872860793764767,0.05775057087885216,0.05801035297336057,5,0.00015168068930506706,0.00013872860793764767,0.0,0.0002597820945084081,5,0.00015168068930506706,0.00013872860793764767,0.0,0.0002597820945084081,5,0.19257748494273982,0.00013872860793764818,0.19246938353753648,0.1927291656320449,5,0.9992129852852958,0.0007198111789811368,0.9986520872766896,1.0
iid997,gnn,J,10%,160,16,0.1,5,5,0.3340535165163116,0.0012627307046042247,0.33287580489134905,0.3357401856911262,5,0.0034833733081662266,0.0012627307046042247,0.0023056616832036747,0.005170042482980808,5,0.0034833733081662266,0.0012627307046042247,0.0023056616832036747,0.005170042482980808,5,0.17634156251654837,0.0012627307046042247,0.17465489334173379,0.17751927414151092,5,0.9806290863267056,0.007022000029156541,0.9712495797133478,0.9871782983120253
iid997,gnn,J,25%,160,40,0.25,5,5,0.34667395635970755,0.0003579529639591704,0.3462707359681857,0.3472512114331766,5,0.0009823196353390795,0.00035795296395917033,0.0005790992438172715,0.0015595747088081868,5,0.0009823196353390795,0.00035795296395917033,0.0005790992438172715,0.0015595747088081868,5,0.16372112267315247,0.00035795296395917033,0.16314386759968336,0.16412434306467427,5,0.9940358281431715,0.002173318049350302,0.9905310132748344,0.9964839882172432
iid997,gnn,J,50%,160,80,0.5,5,5,0.35847941895083935,3.013874030982735e-05,0.3584508959252707,0.3585108271623661,5,0.0003068260348712104,3.013874030982735e-05,0.000278303009302594,0.0003382342463980059,5,0.0003068260348712104,3.013874030982735e-05,0.000278303009302594,0.0003382342463980059,5,0.15191566008202068,3.013874030982735e-05,0.15188425187049387,0.15194418310758928,5,0.997984358009791,0.00019799138142231044,0.99777802705089,0.9981717352251829
iid997,gnn_zero_edge_features,terminal,10%,160,16,0.1,5,5,0.03873539908090606,0.00032943823245377925,0.03824124188395217,0.03916517022298649,5,0.0024638669565320015,0.00032943823245377925,0.001969709759578109,0.0028936380986124277,5,0.0024638669565320015,0.00032943823245377925,0.001969709759578109,0.0028936380986124277,5,0.211744337429991,0.00032943823245377925,0.21131456628791057,0.21223849462694488,5,0.9884977937068827,0.0015379347088841473,0.9864914693305067,0.9908046950618945
iid997,gnn_zero_edge_features,terminal,25%,160,40,0.25,5,5,0.04700734535697848,0.000140294951357404,0.04678570621181279,0.04717241509351879,5,0.0010248230956494768,0.000140294951357404,0.0008031839504837948,0.0011898928321897942,5,0.0010248230956494768,0.000140294951357404,0.0008031839504837948,0.0011898928321897942,5,0.2034723911539186,0.0001402949513574047,0.20330732141737826,0.20369403029908426,5,0.9949885718521388,0.0006860482274647845,0.9941813738805377,0.9960723966170825
iid997,gnn_zero_edge_features,terminal,50%,160,80,0.5,5,5,0.057864382781554015,0.0001591570469829582,0.05775057087885216,0.05808079113485291,5,0.00011381190270185471,0.0001591570469829582,0.0,0.00033022025600075444,5,0.00011381190270185471,0.0001591570469829582,0.0,0.00033022025600075444,5,0.19261535372934305,0.00015915704698296021,0.19239894537604413,0.1927291656320449,5,0.9994094723425558,0.000825806755614868,0.9982866098396793,1.0
iid997,gnn_zero_edge_features,J,10%,160,16,0.1,5,5,0.33404173186158004,0.0006858923160351363,0.33329936580375946,0.33493254123325944,5,0.003471588653434665,0.0006858923160351363,0.002729222595614089,0.004362398025114067,5,0.003471588653434665,0.0006858923160351363,0.002729222595614089,0.004362398025114067,5,0.17635334717127993,0.0006858923160351363,0.17546253779960053,0.1770957132291005,5,0.9806946203677859,0.0038142224986178106,0.9757408614933897,0.984822891313169
iid997,gnn_zero_edge_features,J,25%,160,40,0.25,5,5,0.3466581313988524,0.00041288575448006115,0.3462185783960255,0.3471194455676111,5,0.0009664946744839309,0.00041288575448006115,0.0005269416716570663,0.0014278088432426728,5,0.0009664946744839309,0.00041288575448006115,0.0005269416716570663,0.0014278088432426728,5,0.16373694763400762,0.00041288575448006115,0.16327563346524887,0.16417650063683448,5,0.9941319096860546,0.002506843504258527,0.9913310321676922,0.9968006638824822
iid997,gnn_zero_edge_features,J,50%,160,80,0.5,5,5,0.3585108271623661,0.0,0.3585108271623661,0.3585108271623661,5,0.0003382342463980059,0.0,0.0003382342463980059,0.0003382342463980059,5,0.0003382342463980059,0.0,0.0003382342463980059,0.0003382342463980059,5,0.15188425187049387,0.0,0.15188425187049387,0.15188425187049387,5,0.99777802705089,0.0,0.99777802705089,0.99777802705089
iid997,gnn_mean,terminal,10%,160,16,0.1,5,5,0.03843783974880353,0.00033297287047851014,0.03803264332236722,0.03890973684610799,5,0.0021663076244294644,0.00033297287047851014,0.0017611111979931593,0.0026382047217339277,5,0.0021663076244294644,0.00033297287047851014,0.0017611111979931593,0.0026382047217339277,5,0.21204189676209353,0.00033297287047851014,0.21156999966478907,0.21244709318852983,5,0.9898869063832845,0.0015544356549373217,0.9876839230818,0.9917785072563544
iid997,gnn_mean,terminal,25%,160,40,0.25,5,5,0.046708115902729344,0.000142038081888525,0.04649251496884972,0.04686016405466944,5,0.000725593641400335,0.000142038081888525,0.0005099927075207233,0.0008776417933404404,5,0.000725593641400335,0.000142038081888525,0.0005099927075207233,0.0008776417933404404,5,0.20377162060816775,0.00014203808188853148,0.2036195724562276,0.20398722154204735,5,0.99645181649998,0.0006945722092584878,0.9957082946261098,0.9975061141571429
iid997,gnn_mean,terminal,50%,160,80,0.5,5,5,0.05785029514925555,0.00013675368095316347,0.05775057087885216,0.05801035297336057,5,9.972427040338544e-05,0.00013675368095316347,0.0,0.0002597820945084081,5,9.972427040338544e-05,0.00013675368095316347,0.0,0.0002597820945084081,5,0.19262944136164153,0.00013675368095316195,0.19246938353753648,0.1927291656320449,5,0.9994825678299579,0.0007095640169700862,0.9986520872766896,1.0
iid997,gnn_mean,J,10%,160,16,0.1,5,5,0.3333120731387801,0.0009389686501627411,0.3325353453916856,0.3347452698674412,5,0.0027419299306347678,0.000938968650162741,0.001965202183540238,0.004175126659295814,5,0.0027419299306347678,0.000938968650162741,0.001965202183540238,0.004175126659295814,5,0.17708300589407983,0.000938968650162741,0.17564980916541878,0.17785973364117436,5,0.9847522262801892,0.005221570889801445,0.9767822708227432,0.9890715813436696
iid997,gnn_mean,J,25%,160,40,0.25,5,5,0.3465527864178972,0.00017392557650176434,0.34630917234777975,0.346799815128373,5,0.0008611496935288065,0.00017392557650176434,0.000617535623411325,0.0011081784040045672,5,0.0008611496935288065,0.00017392557650176434,0.000617535623411325,0.0011081784040045672,5,0.16384229261496275,0.00017392557650176434,0.16359526390448698,0.16408590668508022,5,0.9947715136887311,0.0010559923585324853,0.9932716742985315,0.9962506210267623
iid997,gnn_mean,J,50%,160,80,0.5,5,5,0.35855710381213673,8.366525806946675e-05,0.3585108271623661,0.35870377821753213,5,0.00038451089616864387,8.366525806946675e-05,0.0003382342463980059,0.0005311853015640411,5,0.00038451089616864387,8.366525806946675e-05,0.0003382342463980059,0.0005311853015640411,5,0.15183797522072323,8.366525806946675e-05,0.15169130081532783,0.15188425187049387,5,0.9974740203896462,0.0005496248301004832,0.9965104675720764,0.99777802705089
lcro_9_15,fire_only,terminal,10%,264,26,0.09848484848484848,5,5,0.03797059591111337,0.0003536561793643508,0.03750753836133159,0.038362463056627244,5,0.0036186053170862388,0.00035365617936435073,0.0031555477673044577,0.004010472462600112,5,0.0036186053170862388,0.00035365617936435073,0.0031555477673044577,0.004010472462600112,5,0.2871746226349373,0.00035365617936436206,0.28678275548942345,0.28763768018471914,5,0.9875560880747771,0.0012161774944178224,0.9862085080493629,0.9891484826193234
lcro_9_15,fire_only,terminal,25%,264,66,0.25,5,5,0.04581073974964745,4.672071132464149e-05,0.045727163200464216,0.04583163388694326,5,0.0002970906595389011,4.672071132464149e-05,0.00021351411035566703,0.00031798479683470965,5,0.0002970906595389011,4.672071132464149e-05,0.00021351411035566703,0.00031798479683470965,5,0.2793344787964033,4.67207113246508e-05,0.27931358465910744,0.2794180553455865,5,0.9989375639520354,0.00016707953045339832,0.998862843714487,0.9992364449022295
lcro_9_15,fire_only,terminal,50%,264,132,0.5,5,5,0.09766825951983908,0.0,0.09766825951983908,0.09766825951983908,5,0.001589179528181009,0.0,0.001589179528181009,0.001589179528181009,5,0.001589179528181009,0.0,0.001589179528181009,0.001589179528181009,5,0.22747695902621162,0.0,0.22747695902621162,0.22747695902621162,5,0.9930623550987931,0.0,0.9930623550987931,0.9930623550987931
lcro_9_15,fire_only,J,10%,264,26,0.09848484848484848,5,5,0.3379916637799682,0.0,0.3379916637799682,0.3379916637799682,5,0.007277000336403661,0.0,0.007277000336403661,0.007277000336403661,5,0.007277000336403661,0.0,0.007277000336403661,0.007277000336403661,5,0.2171430228433841,0.0,0.2171430228433841,0.2171430228433841,5,0.9675741930987419,0.0,0.9675741930987419,0.9675741930987419
lcro_9_15,fire_only,J,25%,264,66,0.25,5,5,0.34726449070437787,2.268198272673737e-05,0.3472239159401847,0.34727463439542616,5,0.0019757150648622712,2.268198272673737e-05,0.0019351403006691026,0.0019858587559105634,5,0.0019757150648622712,2.268198272673737e-05,0.0019351403006691026,0.0019858587559105634,5,0.20787019591897443,2.268198272673737e-05,0.20786005222792614,0.2079107706831676,5,0.9905849246449485,0.0001080887524583995,0.9905365858853283,0.9907782796834285
lcro_9_15,fire_only,J,50%,264,132,0.5,5,5,0.37688931483813687,5.725413271053048e-05,0.3768033068047541,0.37696465978189503,5,0.0009692453597406114,5.725413271053048e-05,0.0008832373263578108,0.001044590303498738,5,0.0009692453597406114,5.725413271053048e-05,0.0008832373263578108,0.001044590303498738,5,0.1782453717852154,5.725413271053049e-05,0.17817002684145727,0.1783313798185982,5,0.9945917058821344,0.0003194724494164505,0.994171288480036,0.9950716222793177
lcro_9_15,global_stats,terminal,10%,264,26,0.09848484848484848,5,5,0.03752144167486292,0.0011424606661096732,0.03595288223228776,0.03848055732221557,5,0.0031694510808357836,0.0011424606661096732,0.001600891638260625,0.00412856672818844,5,0.0031694510808357836,0.0011424606661096732,0.001600891638260625,0.00412856672818844,5,0.2876237768711878,0.0011424606661096701,0.28666466122383516,0.28919233631376295,5,0.9891006709366742,0.003928773287313827,0.985802397266041,0.9944947423654421
lcro_9_15,global_stats,terminal,25%,264,66,0.25,5,5,0.04583163388694326,0.0,0.04583163388694326,0.04583163388694326,5,0.00031798479683470965,0.0,0.00031798479683470965,0.00031798479683470965,5,0.00031798479683470965,0.0,0.00031798479683470965,0.00031798479683470965,5,0.27931358465910744,0.0,0.27931358465910744,0.27931358465910744,5,0.998862843714487,0.0,0.998862843714487,0.998862843714487
lcro_9_15,global_stats,terminal,50%,264,132,0.5,5,5,0.09759555470734609,0.0002269215315291752,0.09730842082309678,0.09785638336854224,5,0.0015164747156880154,0.0002269215315291752,0.001229340831438705,0.0017773033768841706,5,0.0015164747156880154,0.0002269215315291752,0.001229340831438705,0.0017773033768841706,5,0.22754966383870462,0.0002269215315291799,0.22728883517750847,0.22783679772295395,5,0.9933797516941688,0.0009906376078160377,0.9922410907692403,0.994633249422211
lcro_9_15,global_stats,J,10%,264,26,0.09848484848484848,5,5,0.33704149012282214,0.0014255155207439825,0.33528907433553684,0.3384360380537169,5,0.006326826679257625,0.0014255155207439825,0.0045744108919723026,0.007721374610152376,5,0.006326826679257625,0.0014255155207439825,0.0045744108919723026,0.007721374610152376,5,0.2180931965005301,0.0014255155207439825,0.2166986485696354,0.21984561228781546,5,0.971808100767421,0.0063519979213350845,0.9655940922706054,0.979616743518881
lcro_9_15,global_stats,J,25%,264,66,0.25,5,5,0.3474557573088466,0.0005918593103666329,0.3470667807764263,0.34850515949171196,5,0.002166981669331003,0.0005918593103666328,0.0017780051369106764,0.0032163838521963584,5,0.002166981669331003,0.0005918593103666328,0.0017780051369106764,0.0032163838521963584,5,0.20767892931450574,0.0005918593103666328,0.20662952713164034,0.20806790584692603,5,0.9896734624984047,0.0028204471919027322,0.9846726398569468,0.9915270918142998
lcro_9_15,global_stats,J,50%,264,132,0.5,5,5,0.3768157679124205,8.9330642215958e-05,0.3767165686118074,0.37689956981476186,5,0.0008956984340241836,8.933064221595801e-05,0.0007964991334111216,0.0009795003363655685,5,0.0008956984340241836,8.933064221595801e-05,0.0007964991334111216,0.0009795003363655685,5,0.17831891871093183,8.933064221595801e-05,0.17823511680859044,0.1784181180115449,5,0.9950020905197722,0.0004984562288449241,0.9945344841175912,0.9955556128953094
lcro_9_15,deepsets,terminal,10%,264,26,0.09848484848484848,5,5,0.03722936028901201,0.001003864228496944,0.03597237510033525,0.03806671797512816,5,0.0028773696949848785,0.001003864228496944,0.001620384506308116,0.0037147273811010267,5,0.0028773696949848785,0.001003864228496944,0.001620384506308116,0.0037147273811010267,5,0.28791585825703875,0.001003864228496947,0.28707850057092255,0.2891728434457155,5,0.9901051007437506,0.0034521582072831853,0.9872255368281345,0.9944277089335264
lcro_9_15,deepsets,terminal,25%,264,66,0.25,5,5,0.04581373750203938,0.00011459444634197371,0.04565723329274492,0.04592730600217527,5,0.00030008841193083363,0.00011459444634197371,0.00014358420263636817,0.0004136569120667191,5,0.00030008841193083363,0.00011459444634197371,0.00014358420263636817,0.0004136569120667191,5,0.2793314810440114,0.00011459444634196677,0.27921791254387546,0.2794879852533058,5,0.9989268435873866,0.0004098051109355212,0.9985207073976965,0.9994865236320931
lcro_9_15,deepsets,terminal,50%,264,132,0.5,5,5,0.0971985909791494,0.0002289983247051184,0.0969407619894341,0.0975588028897729,5,0.0011195109874913233,0.0002289983247051184,0.0008616819977760315,0.0014797228981148214,5,0.0011195109874913233,0.0002289983247051184,0.0008616819977760315,0.0014797228981148214,5,0.22794662756690132,0.00022899832470512008,0.22758641565627782,0.22820445655661661,5,0.9951127172503261,0.0009997039551559368,0.9935401936425298,0.9962382829552461
lcro_9_15,deepsets,J,10%,264,26,0.09848484848484848,5,5,0.3348536032359027,0.0004931831186802609,0.33425806487070164,0.33557181295480587,5,0.004138939792338081,0.0004931831186802609,0.003543401427137105,0.004857149511241332,5,0.004138939792338081,0.0004931831186802609,0.003543401427137105,0.004857149511241332,5,0.2202810833874497,0.0004931831186802609,0.21956287366854643,0.22087662175265066,5,0.9815571724229694,0.0021975896432608545,0.9783568799146315,0.984210849919134
lcro_9_15,deepsets,J,25%,264,66,0.25,5,5,0.3466897116336005,0.0003730677141356309,0.34621306205655783,0.34704339419649755,5,0.0014009359940849175,0.0003730677141356309,0.0009242864170422305,0.0017546185569819461,5,0.0014009359940849175,0.0003730677141356309,0.0009242864170422305,0.0017546185569819461,5,0.2084449749897518,0.0003730677141356309,0.20809129242685476,0.20892162456679447,5,0.9933239776390362,0.0017778174108160926,0.9916385382552577,0.995595404205358
lcro_9_15,deepsets,J,50%,264,132,0.5,5,5,0.37619612887232734,0.00013462480618999718,0.37604338772645785,0.3763597689749058,5,0.0002760593939309608,0.00013462480618999718,0.00012331824806155467,0.0004396994965095158,5,0.0002760593939309608,0.00013462480618999718,0.00012331824806155467,0.0004396994965095158,5,0.17893855775102505,0.00013462480618999718,0.1787749176484465,0.17909129889689446,5,0.9984596156366662,0.0007511932248311082,0.9975465199015889,0.9993118962614427
lcro_9_15,capacity_matched_deepsets,terminal,10%,264,26,0.09848484848484848,5,5,0.03632376760674211,0.00027583685610041783,0.036034784029023006,0.036583356093615294,5,0.0019717770127149746,0.00027583685610041783,0.0016827934349958745,0.0022313654995881615,5,0.0019717770127149746,0.00027583685610041783,0.0016827934349958745,0.0022313654995881615,5,0.2888214509393086,0.00027583685610042824,0.2885618624524354,0.2891104345170277,5,0.9932193159152927,0.0009485669870755303,0.9923266249516778,0.9942130927640671
lcro_9_15,capacity_matched_deepsets,terminal,25%,264,66,0.25,5,5,0.04586070828760664,9.72539059563168e-05,0.04569409041185722,0.04592730600217527,5,0.0003470591974980883,9.725390595631681e-05,0.00018044132174867278,0.0004136569120667191,5,0.0003470591974980883,9.725390595631681e-05,0.00018044132174867278,0.0004136569120667191,5,0.2792845102584441,9.725390595630364e-05,0.27921791254387546,0.2794511281341935,5,0.9987588697578985,0.0003477930125898279,0.9985207073976965,0.9993547176304173
lcro_9_15,capacity_matched_deepsets,terminal,50%,264,132,0.5,5,5,0.09721416756934065,0.00015982454925744127,0.09702097527880335,0.09743999581868676,5,0.0011350875776825586,0.00015982454925744124,0.0009418952871452779,0.0013609158270286859,5,0.0011350875776825586,0.00015982454925744124,0.0009418952871452779,0.0013609158270286859,5,0.22793105097671007,0.00015982454925744127,0.22770522272736396,0.22812424326724737,5,0.9950447168453358,0.0006977222834683164,0.9940588520170757,0.9958881077181924
lcro_9_15,capacity_matched_deepsets,J,10%,264,26,0.09848484848484848,5,5,0.3343934009799238,0.0004262343878432542,0.334013441789564,0.3350079550629464,5,0.0036787375363593,0.00042623438784325415,0.0032987783459994535,0.004293291619381856,5,0.0036787375363593,0.00042623438784325415,0.0032987783459994535,0.004293291619381856,5,0.22074128564342846,0.00042623438784325415,0.2201267315604059,0.2211212448337883,5,0.9836078016380375,0.0018992707593732969,0.9808693914270635,0.9853008733389322
lcro_9_15,capacity_matched_deepsets,J,25%,264,66,0.25,5,5,0.3461821390021265,0.00011155550876240774,0.3460519801230567,0.34634336513173747,5,0.0008933633626109439,0.00011155550876240774,0.0007632044835411134,0.001054589492221869,5,0.0008933633626109439,0.00011155550876240774,0.0007632044835411134,0.001054589492221869,5,0.20895254762122578,0.00011155550876240774,0.20879132149161483,0.2090827065002956,5,0.9957427649725338,0.0005316067787043685,0.9949744577472225,0.9963630242783243
lcro_9_15,capacity_matched_deepsets,J,50%,264,132,0.5,5,5,0.3762525475399029,7.480945909690052e-05,0.3761669570242785,0.37633780237921394,5,0.00033247806150661364,7.480945909690052e-05,0.00024688754588220174,0.0004177329008176467,5,0.00033247806150661364,7.480945909690052e-05,0.00024688754588220174,0.0004177329008176467,5,0.1788821390834494,7.480945909690052e-05,0.17879688424413837,0.1789677295990738,5,0.9981448050008236,0.00041742945016804675,0.9976690913527452,0.9986223916898335
lcro_9_15,gnn,terminal,10%,264,26,0.09848484848484848,5,5,0.03589095518422814,0.00026979830126902976,0.03556248255503865,0.0362770316334298,5,0.0015389645902010127,0.00026979830126902976,0.0012104919610115214,0.001925041039402671,5,0.0015389645902010127,0.00026979830126902976,0.0012104919610115214,0.001925041039402671,5,0.2892542633618226,0.0002697983012690423,0.2888681869126209,0.2895827359910121,5,0.9947077014102442,0.0009278011842612481,0.9933800348345104,0.9958372759588088
lcro_9_15,gnn,terminal,25%,264,66,0.25,5,5,0.04587471009598988,0.00011760802156871584,0.04566432647124836,0.04592730600217527,5,0.0003610610058813371,0.00011760802156871584,0.00015067738113980905,0.0004136569120667191,5,0.0003610610058813371,0.00011760802156871584,0.00015067738113980905,0.0004136569120667191,5,0.2792705084500608,0.00011760802156871584,0.27921791254387546,0.27948089207480237,5,0.9987087974130253,0.00042058206016417694,0.9985207073976965,0.9994611574743405
lcro_9_15,gnn,terminal,50%,264,132,0.5,5,5,0.09709845316652772,0.00019670719959437617,0.09689280474699583,0.09734854919864147,5,0.0010193731748696588,0.00019670719959437617,0.0008137247553377525,0.001269469206983398,5,0.0010193731748696588,0.00019670719959437617,0.0008137247553377525,0.001269469206983398,5,0.22804676537952298,0.00019670719959437617,0.22779666934740925,0.2282524137990549,5,0.9955498740175969,0.0008587353889831614,0.9944580669364976,0.9964476427617235
lcro_9_15,gnn,J,10%,264,26,0.09848484848484848,5,5,0.33425368369624125,0.0009336281027389364,0.3330692428851482,0.33523292247010456,5,0.0035390202526767167,0.0009336281027389364,0.002354579441583682,0.004518259026540017,5,0.0035390202526767167,0.0009336281027389364,0.002354579441583682,0.004518259026540017,5,0.22088100292711105,0.0009336281027389364,0.21990176415324775,0.22206544373820408,5,0.9842303721275283,0.004160181830081121,0.9798669523221627,0.9895081579253854
lcro_9_15,gnn,J,25%,264,66,0.25,5,5,0.34599170858509054,0.00020878662467411794,0.34569419704103077,0.3462134891455685,5,0.0007029329455749301,0.00020878662467411794,0.00040542140151517136,0.0009247135060528877,5,0.0007029329455749301,0.00020878662467411794,0.00040542140151517136,0.0009247135060528877,5,0.2091429780382618,0.00020878662467411794,0.20892119747778382,0.20944048958232153,5,0.996650242350307,0.0009949520755264776,0.9955933689547846,0.9980680042817398
lcro_9_15,gnn,J,50%,264,132,0.5,5,5,0.37616641825097064,0.00013566439073792527,0.3759953256058089,0.3763169557431324,5,0.0002463487725743119,0.0001356643907379253,7.525612741260401e-05,0.0003968862647361071,5,0.0002463487725743119,0.0001356643907379253,7.525612741260401e-05,0.0003968862647361071,5,0.17896826837238172,0.00013566439073792527,0.1788177308802199,0.1791393610175434,5,0.9986253979920899,0.0007569940047256067,0.9977854135390358,0.9995800781844054
lcro_9_15,gnn_zero_edge_features,terminal,10%,264,26,0.09848484848484848,5,5,0.03636897712802657,0.0001787269177613801,0.03615214929987605,0.03664414022261134,5,0.0020169865339994472,0.0001787269177613801,0.0018001587058489171,0.002292149628584206,5,0.0020169865339994472,0.0001787269177613801,0.0018001587058489171,0.002292149628584206,5,0.28877624141802416,0.00017872691776137106,0.2885010783234394,0.2889930692461747,5,0.9930638462655939,0.000614618569421632,0.9921175962565321,0.9938094888986002
lcro_9_15,gnn_zero_edge_features,terminal,25%,264,66,0.25,5,5,0.04578987168938373,0.00015148908545469748,0.0455987860843765,0.04592730600217527,5,0.00027622259927518185,0.00015148908545469748,8.513699426795224e-05,0.0004136569120667191,5,0.00027622259927518185,0.00015148908545469748,8.513699426795224e-05,0.0004136569120667191,5,0.27935534685666696,0.00015148908545469504,0.27921791254387546,0.2795464324616742,5,0.9990121909346195,0.000541745289165469,0.9985207073976965,0.9996955386888771
lcro_9_15,gnn_zero_edge_features,terminal,50%,264,132,0.5,5,5,0.09729588309895586,0.0003328817929971327,0.09699103918462766,0.09766250469891186,5,0.001216803107297787,0.0003328817929971326,0.0009119591929695886,0.0015834247072537833,5,0.001216803107297787,0.0003328817929971326,0.0009119591929695886,0.0015834247072537833,5,0.22784933544709488,0.0003328817929971395,0.22748271384713886,0.22815417936142307,5,0.9946879835012854,0.0014532125747520519,0.9930874780653021,0.9960187952757887
lcro_9_15,gnn_zero_edge_features,J,10%,264,26,0.09848484848484848,5,5,0.33450375272959576,0.0007239086339435783,0.3333899066384243,0.3351662315411093,5,0.003789089286031244,0.0007239086339435783,0.002675243194859789,0.004451568097544767,5,0.003789089286031244,0.0007239086339435783,0.002675243194859789,0.004451568097544767,5,0.22063093389375651,0.0007239086339435783,0.219968455082243,0.22174477998492798,5,0.9831160819237785,0.0032256864770201046,0.9801641224589905,0.9880793025642075
lcro_9_15,gnn_zero_edge_features,J,25%,264,66,0.25,5,5,0.3459831449947134,0.00015006409515942084,0.3458199062504902,0.3461393096750294,5,0.0006943693551978214,0.00015006409515942084,0.000531130610974595,0.000850534035513828,5,0.0006943693551978214,0.00015006409515942084,0.000531130610974595,0.000850534035513828,5,0.20915154162863886,0.00015006409515942084,0.20899537694832288,0.2093147803728621,5,0.9966910512959611,0.0007151156506022341,0.9959468639082544,0.997468949437783
lcro_9_15,gnn_zero_edge_features,J,50%,264,132,0.5,5,5,0.37618660386984837,0.00011336596875332738,0.37605555210407465,0.3763169557431324,5,0.0002665343914520335,0.00011336596875332738,0.00013548262567836256,0.0003968862647361071,5,0.0002665343914520335,0.00011336596875332738,0.00013548262567836256,0.0003968862647361071,5,0.178948082753504,0.00011336596875332736,0.1788177308802199,0.17907913451927765,5,0.9985127642170145,0.0006325709953760685,0.9977854135390358,0.9992440202264932
lcro_9_15,gnn_mean,terminal,10%,264,26,0.09848484848484848,5,5,0.03639995558187366,0.0004542292508320209,0.035932774404780224,0.03697708302822251,5,0.002047964987846525,0.00045422925083202085,0.001580783810753092,0.0026250924341953766,5,0.002047964987846525,0.00045422925083202085,0.001580783810753092,0.0026250924341953766,5,0.288745262964177,0.00045422925083201776,0.2881681355178282,0.2892124441412705,5,0.9929573154014977,0.0015620351754098095,0.9909726493540336,0.9945638905627684
lcro_9_15,gnn_mean,terminal,25%,264,66,0.25,5,5,0.045875826712246194,9.856320828418445e-05,0.04570118359036066,0.04592730600217527,5,0.0003621776221376466,9.856320828418445e-05,0.00018753450025211366,0.0004136569120667191,5,0.0003621776221376466,9.856320828418445e-05,0.00018753450025211366,0.0004136569120667191,5,0.2792693918338045,9.856320828417181e-05,0.27921791254387546,0.27944403495569003,5,0.9987048042435184,0.0003524752533340466,0.9985207073976965,0.9993293514726647
lcro_9_15,gnn_mean,terminal,50%,264,132,0.5,5,5,0.09706414592960341,0.00018077993084580346,0.0968227234570253,0.09726613663334513,5,0.0009850659379453425,0.00018077993084580346,0.000743643465367233,0.0011870566416870565,5,0.0009850659379453425,0.00018077993084580346,0.000743643465367233,0.0011870566416870565,5,0.22808107261644733,0.00018077993084580508,0.2278790819127056,0.2283224950890254,5,0.9956996440235034,0.0007892040787289135,0.9948178432256359,0.9967535862346995
lcro_9_15,gnn_mean,J,10%,264,26,0.09848484848484848,5,5,0.33378960659054335,0.000654665377678503,0.3328579768401911,0.3343322148481652,5,0.0030749431469788147,0.000654665377678503,0.002143313396626545,0.003617551404600683,5,0.0030749431469788147,0.000654665377678503,0.002143313396626545,0.003617551404600683,5,0.22134508003280895,0.000654665377678503,0.22080247177518708,0.22227670978316122,5,0.9862982674031924,0.0029171433475614337,0.9838804427816025,0.9904495447141564
lcro_9_15,gnn_mean,J,25%,264,66,0.25,5,5,0.34594607457291043,0.00012114304925805356,0.3457939636421148,0.34606850325306904,5,0.000657298933394801,0.00012114304925805356,0.0005051880025991884,0.0007797276135534381,5,0.000657298933394801,0.00012114304925805356,0.0005051880025991884,0.0007797276135534381,5,0.20918861205044195,0.00012114304925805356,0.20906618337028327,0.20934072298123751,5,0.9968677067362754,0.0005772952576968753,0.9962842849312727,0.9975925763803036
lcro_9_15,gnn_mean,J,50%,264,132,0.5,5,5,0.37614125981752006,0.0001357901365256923,0.37598440364355074,0.3763169557431324,5,0.00022119033912372245,0.00013579013652569233,6.43341651544449e-05,0.0003968862647361071,5,0.00022119033912372245,0.00013579013652569233,6.43341651544449e-05,0.0003968862647361071,5,0.17899342680583227,0.00013579013652569233,0.1788177308802199,0.17915028297980157,5,0.9987657795851284,0.0007576956538977957,0.9977854135390358,0.9996410216634148
loco_iso834,fire_only,terminal,10%,158,15,0.0949367088607595,5,5,0.05518461193276357,7.757919228897728e-18,0.055184611932763576,0.055184611932763576,5,0.013052362954943497,0.0,0.013052362954943497,0.013052362954943497,5,0.013052362954943497,0.0,0.013052362954943497,0.013052362954943497,5,-6.938893903907228e-18,0.0,-6.938893903907228e-18,-6.938893903907228e-18,5,-5.316197479230511e-16,0.0,-5.316197479230511e-16,-5.316197479230511e-16
loco_iso834,fire_only,terminal,25%,158,39,0.2468354430379747,5,5,0.05518461193276358,0.0,0.05518461193276358,0.05518461193276358,5,0.009110957696061767,0.0,0.009110957696061767,0.009110957696061767,5,0.009110957696061767,0.0,0.009110957696061767,0.009110957696061767,5,-1.3877787807814457e-17,0.0,-1.3877787807814457e-17,-1.3877787807814457e-17,5,-1.5231974805253662e-15,0.0,-1.5231974805253662e-15,-1.5231974805253662e-15
loco_iso834,fire_only,terminal,50%,158,79,0.5,5,5,0.05518461193276357,0.0,0.05518461193276357,0.05518461193276357,5,0.005399485837809644,0.0,0.005399485837809644,0.005399485837809644,5,0.005399485837809644,0.0,0.005399485837809644,0.005399485837809644,5,0.0,0.0,0.0,0.0,5,0.0,0.0,0.0,0.0
loco_iso834,fire_only,J,10%,158,15,0.0949367088607595,5,5,0.36237104545594967,0.0,0.36237104545594967,0.36237104545594967,5,0.020718103905304153,0.0,0.020718103905304153,0.020718103905304153,5,0.020718103905304153,0.0,0.020718103905304153,0.020718103905304153,5,-5.551115123125783e-17,0.0,-5.551115123125783e-17,-5.551115123125783e-17,5,-2.6793548041356368e-15,0.0,-2.6793548041356368e-15,-2.6793548041356368e-15
loco_iso834,fire_only,J,25%,158,39,0.2468354430379747,5,5,0.36237104545594967,0.0,0.36237104545594967,0.36237104545594967,5,0.013499814357744,0.0,0.013499814357744,0.013499814357744,5,0.013499814357744,0.0,0.013499814357744,0.013499814357744,5,-5.551115123125783e-17,0.0,-5.551115123125783e-17,-5.551115123125783e-17,5,-4.1119936734103886e-15,0.0,-4.1119936734103886e-15,-4.1119936734103886e-15
loco_iso834,fire_only,J,50%,158,79,0.5,5,5,0.36237104545594967,0.0,0.36237104545594967,0.36237104545594967,5,0.008225754890119397,0.0,0.008225754890119397,0.008225754890119397,5,0.008225754890119397,0.0,0.008225754890119397,0.008225754890119397,5,-5.551115123125783e-17,0.0,-5.551115123125783e-17,-5.551115123125783e-17,5,-6.7484567644894246e-15,8.819733044331006e-31,-6.748456764489424e-15,-6.748456764489424e-15
loco_iso834,global_stats,terminal,10%,158,15,0.0949367088607595,5,5,0.04481422195831934,0.00012771077801882285,0.044720955193042755,0.044954122106234236,5,0.0026819729804992685,0.00012771077801882285,0.002588706215222676,0.002821873128414157,5,0.0026819729804992685,0.00012771077801882285,0.002588706215222676,0.002821873128414157,5,0.010370389974444222,0.00012771077801882285,0.010230489826529333,0.010463656739720814,5,0.7945220348409412,0.009784494842786564,0.7838036577625669,0.8016676195598574
loco_iso834,global_stats,terminal,25%,158,39,0.2468354430379747,5,5,0.0484817525324149,4.196984108842731e-05,0.04840667459827203,0.04850052201595062,5,0.002408098295713086,4.196984108842731e-05,0.0023330203615702164,0.0024268677792488036,5,0.002408098295713086,4.196984108842731e-05,0.0023330203615702164,0.0024268677792488036,5,0.006702859400348667,4.196984108842731e-05,0.006684089916812949,0.006777937334491536,5,0.7356920780398315,0.004606523538855734,0.7336319780852647,0.743932477858099
loco_iso834,global_stats,terminal,50%,158,79,0.5,5,5,0.051819836791557605,8.510994576923874e-05,0.051718127642628516,0.051945776218854926,5,0.002034710696603677,8.510994576923874e-05,0.0019330015476745899,0.0021606501239010006,5,0.002034710696603677,8.510994576923874e-05,0.0019330015476745899,0.0021606501239010006,5,0.0033647751412059666,8.510994576923874e-05,0.003238835713908643,0.0034664842901350537,5,0.6231658425037969,0.015762601907992856,0.5998415055057371,0.6420026636353339
loco_iso834,global_stats,J,10%,158,15,0.0949367088607595,5,5,0.347439723012762,0.0004156612745762863,0.3468591614812613,0.34799603945472174,5,0.005786781462116442,0.00041566127457628635,0.005206219930615763,0.0063430979040762225,5,0.005786781462116442,0.00041566127457628635,0.005206219930615763,0.0063430979040762225,5,0.014931322443187655,0.00041566127457628635,0.014375006001227875,0.015511883974688334,5,0.7206896206059208,0.020062708270802324,0.6938379142672265,0.7487115638375139
loco_iso834,global_stats,J,25%,158,39,0.2468354430379747,5,5,0.352342162773045,0.00028308764086659385,0.3521999842972837,0.3528460712076571,5,0.003470931674839306,0.00028308764086659385,0.0033287531990780495,0.003974840109451427,5,0.003470931674839306,0.00028308764086659385,0.0033287531990780495,0.003974840109451427,5,0.010028882682904638,0.00028308764086659385,0.009524974248292517,0.010171061158665895,5,0.7428904144264574,0.020969743239780583,0.7055633504196058,0.7534222981985996
loco_iso834,global_stats,J,50%,158,79,0.5,5,5,0.3574538741652944,7.163229740545287e-05,0.35732573441618787,0.35748590910257094,5,0.0033085835994640543,7.163229740545285e-05,0.003180443850357595,0.0033406185367406693,5,0.0033085835994640543,7.163229740545285e-05,0.003180443850357595,0.0033406185367406693,5,0.004917171290655287,7.163229740545285e-05,0.004885136353378672,0.005045311039761746,5,0.5977775117711959,0.00870829466259646,0.593883044004463,0.6133553828381273
loco_iso834,deepsets,terminal,10%,158,15,0.0949367088607595,5,5,0.04568528895576795,0.0008627371295540988,0.04484037111202876,0.046924189974864326,5,0.0035530399779478707,0.0008627371295540988,0.002708122134208679,0.004791940997044247,5,0.0035530399779478707,0.0008627371295540988,0.002708122134208679,0.004791940997044247,5,0.009499322976995619,0.0008627371295540988,0.008260421957899243,0.010344240820734811,5,0.7277856898239118,0.06609815652018342,0.632867932527931,0.7925186310281851
loco_iso834,deepsets,terminal,25%,158,39,0.2468354430379747,5,5,0.04786547040328001,0.0002673013325233712,0.04749231145550043,0.04824174959690143,5,0.0017918161665781973,0.0002673013325233712,0.001418657218798615,0.002168095360199615,5,0.0017918161665781973,0.0002673013325233712,0.001418657218798615,0.002168095360199615,5,0.0073191415294835555,0.0002673013325233712,0.006942862335862138,0.007692300477263138,5,0.8033339384999321,0.029338445138310028,0.7620343072016696,0.844291098024543
loco_iso834,deepsets,terminal,50%,158,79,0.5,5,5,0.05096728037807006,0.00019043810192318557,0.050740062388815454,0.05115909737688076,5,0.0011821542831161325,0.00019043810192318557,0.0009549362938615288,0.0013739712819268377,5,0.0011821542831161325,0.00019043810192318557,0.0009549362938615288,0.0013739712819268377,5,0.004217331554693511,0.00019043810192318557,0.004025514555882806,0.004444549543948115,5,0.7810616939046023,0.03526967338068592,0.7455366449328066,0.8231431061130612
loco_iso834,deepsets,J,10%,158,15,0.0949367088607595,5,5,0.34824732822717885,0.0008357476527543094,0.3474936229777005,0.3493325668014586,5,0.00659438667653337,0.0008357476527543094,0.005840681427054961,0.00767962525081306,5,0.00659438667653337,0.0008357476527543094,0.005840681427054961,0.00767962525081306,5,0.014123717228770727,0.0008357476527543094,0.013038478654491037,0.014877422478249136,5,0.6817089678344008,0.040339002863111775,0.6293277953468039,0.7180880328744913
loco_iso834,deepsets,J,25%,158,39,0.2468354430379747,5,5,0.352329454538691,0.0006989610238633458,0.3514699468158313,0.35319646287343315,5,0.003458223440485331,0.0006989610238633458,0.002598715717625655,0.004325231775227478,5,0.003458223440485331,0.0006989610238633458,0.002598715717625655,0.004325231775227478,5,0.010041590917258614,0.0006989610238633458,0.009174582582516466,0.01090109864011829,5,0.7438317780642977,0.05177560263726131,0.6796080552954877,0.8074998923125972
loco_iso834,deepsets,J,50%,158,79,0.5,5,5,0.35523734977681043,0.00014995237174767712,0.3550415485425368,0.35541002734756794,5,0.0010920592109801342,0.00014995237174767712,0.0008962579767065049,0.0012647367817376631,5,0.0010920592109801342,0.00014995237174767712,0.0008962579767065049,0.0012647367817376631,5,0.007133695679139207,0.00014995237174767712,0.006961018108381678,0.007329496913412836,5,0.8672390284456567,0.01822961828437141,0.846246721591857,0.8910424649556387
loco_iso834,capacity_matched_deepsets,terminal,10%,158,15,0.0949367088607595,5,5,0.045520027379194895,0.0009372845603430413,0.04467880055308342,0.04676317845781644,5,0.003387778401374815,0.0009372845603430413,0.002546551575263338,0.004630929479996361,5,0.003387778401374815,0.0009372845603430413,0.002546551575263338,0.004630929479996361,5,0.009664584553568676,0.0009372845603430412,0.00842143347494713,0.010505811379680152,5,0.7404471195698922,0.07180956916219156,0.6452037461736053,0.804897275378107
loco_iso834,capacity_matched_deepsets,terminal,25%,158,39,0.2468354430379747,5,5,0.048135745735504686,0.00029717822734549567,0.047826845007829175,0.048622718606239713,5,0.0020620914988028717,0.00029717822734549567,0.001753190771127358,0.002549064369537897,5,0.0020620914988028717,0.00029717822734549567,0.001753190771127358,0.002549064369537897,5,0.007048866197258881,0.00029717822734549567,0.006561893326523856,0.007357766924934395,5,0.7736690732639204,0.03261767173762117,0.7202199313646533,0.80757338255613
loco_iso834,capacity_matched_deepsets,terminal,50%,158,79,0.5,5,5,0.0511476151267939,0.0002333300033441407,0.0509909928976735,0.051559876980660835,5,0.001362489031839971,0.0002333300033441407,0.0012058668027195713,0.0017747508857069091,5,0.001362489031839971,0.0002333300033441407,0.0012058668027195713,0.0017747508857069091,5,0.004036996805969672,0.0002333300033441407,0.0036247349521027344,0.004193619035090072,5,0.747663190020945,0.04321337444951859,0.6713111323898101,0.7766700684210437
loco_iso834,capacity_matched_deepsets,J,10%,158,15,0.0949367088607595,5,5,0.3489810819625855,0.0007915345088056365,0.34815968007470166,0.34979338926987513,5,0.007328140411939898,0.0007915345088056365,0.006506738524056144,0.008140447719229615,5,0.007328140411939898,0.0007915345088056365,0.006506738524056144,0.008140447719229615,5,0.013389963493364198,0.0007915345088056365,0.012577656186074482,0.014211365381247953,5,0.6462929018295057,0.03820496858320098,0.6070852933049748,0.6859394781589866
loco_iso834,capacity_matched_deepsets,J,25%,158,39,0.2468354430379747,5,5,0.351234927903224,0.00020264547977524608,0.35096355097718607,0.3514890104739203,5,0.0023636968050183894,0.00020264547977524608,0.0020923198789803976,0.002617779375714613,5,0.0023636968050183894,0.00020264547977524608,0.0020923198789803976,0.002617779375714613,5,0.011136117552725555,0.00020264547977524608,0.010882034982029332,0.011407494478763547,5,0.8249089400505353,0.015010982699847391,0.8060877500724322,0.8450112110037888
loco_iso834,capacity_matched_deepsets,J,50%,158,79,0.5,5,5,0.35543757056895997,0.0002338919813929048,0.3551371702126655,0.3557142059794206,5,0.0012922800031296977,0.0002338919813929048,0.0009918796468352253,0.0015689154135903327,5,0.0012922800031296977,0.0002338919813929048,0.0009918796468352253,0.0015689154135903327,5,0.006933474886989643,0.0002338919813929048,0.006656839476529008,0.007233875243284116,5,0.8428983089829281,0.028434105382091138,0.8092679110248117,0.8794177968970779
loco_iso834,gnn,terminal,10%,158,15,0.0949367088607595,5,5,0.0456320341428121,0.0008408648032811575,0.04505373934904734,0.04709037020802498,5,0.003499785164992014,0.0008408648032811575,0.002921490371227263,0.0049581212302049,5,0.003499785164992014,0.0008408648032811575,0.002921490371227263,0.0049581212302049,5,0.009552577789951475,0.0008408648032811575,0.00809424172473859,0.010130872583716227,5,0.7318657796237198,0.06442241961733725,0.6201361203852329,0.7761715345097135
loco_iso834,gnn,terminal,25%,158,39,0.2468354430379747,5,5,0.04831313110696964,0.0003760492967039752,0.04792609409644054,0.048923761130143434,5,0.0022394768702678203,0.0003760492967039752,0.001852439859738722,0.0028501068934416174,5,0.0022394768702678203,0.0003760492967039752,0.001852439859738722,0.0028501068934416174,5,0.0068714808257939325,0.0003760492967039752,0.006260850802620135,0.007258517836323031,5,0.7541996192962411,0.041274398284883294,0.6871781223752594,0.7966800064784137
loco_iso834,gnn,terminal,50%,158,79,0.5,5,5,0.05119322198855726,5.454990710709363e-05,0.05109960307614713,0.05123181145968316,5,0.001408095893603334,5.454990710709364e-05,0.001314476981193205,0.001446685364729236,5,0.001408095893603334,5.454990710709364e-05,0.001314476981193205,0.001446685364729236,5,0.00399138994420631,5.454990710709364e-05,0.0039528004730804076,0.004085008856616439,5,0.7392166706423768,0.01010279658946606,0.7320697917940834,0.7565551571616982
loco_iso834,gnn,J,10%,158,15,0.0949367088607595,5,5,0.3479856492475503,0.0009262491698725816,0.3466182964688374,0.34885623977209135,5,0.006332707696904816,0.0009262491698725816,0.004965354918191889,0.007203298221445831,5,0.006332707696904816,0.0009262491698725816,0.004965354918191889,0.007203298221445831,5,0.014385396208399282,0.0009262491698725817,0.013514805683858266,0.01575274898711221,5,0.6943394180350857,0.044707236439501113,0.6523186554923255,0.7603373870076646
loco_iso834,gnn,J,25%,158,39,0.2468354430379747,5,5,0.3516998571924802,0.00030276679167235847,0.3514197543048515,0.3521303042825152,5,0.0028286260942745,0.00030276679167235847,0.0025485232066458363,0.0032590731843095133,5,0.0028286260942745,0.00030276679167235847,0.0025485232066458363,0.0032590731843095133,5,0.010671188263469444,0.00030276679167235847,0.010240741173434431,0.010951291151098108,5,0.7904692598493471,0.02242747816000012,0.7585838517520057,0.8112179072163375
loco_iso834,gnn,J,50%,158,79,0.5,5,5,0.3555061906764778,0.00018681091940852025,0.3552354739059375,0.3557232084566184,5,0.001360900110647556,0.00018681091940852025,0.0010901833401072425,0.0015779178907881497,5,0.001360900110647556,0.00018681091940852025,0.0010901833401072425,0.0015779178907881497,5,0.006864854779471785,0.00018681091940852025,0.006647836999331191,0.007135571550012099,5,0.8345562044059628,0.02271048942060196,0.8081734853680698,0.8674670769224165
loco_iso834,gnn_zero_edge_features,terminal,10%,158,15,0.0949367088607595,5,5,0.045475821644067764,0.0005974840782503891,0.04479726403951645,0.04610030154387156,5,0.003343572666247685,0.0005974840782503891,0.00266501506169637,0.003968052566051483,5,0.003343572666247685,0.0005974840782503891,0.00266501506169637,0.003968052566051483,5,0.009708790288695805,0.0005974840782503891,0.009084310388892007,0.01038734789324712,5,0.7438339189777641,0.04577593193760338,0.6959897162108405,0.7958212569711743
loco_iso834,gnn_zero_edge_features,terminal,25%,158,39,0.2468354430379747,5,5,0.048333274343839064,0.00023317355613271376,0.04808220849969448,0.04861549794291838,5,0.0022596201071372417,0.00023317355613271373,0.002008554262992665,0.0025418437062165664,5,0.0022596201071372417,0.00023317355613271373,0.002008554262992665,0.0025418437062165664,5,0.006851337588924511,0.00023317355613271379,0.006569113989845186,0.007102403433069088,5,0.7519887389978803,0.025592650510659714,0.721012456537331,0.7795452102844391
loco_iso834,gnn_zero_edge_features,terminal,50%,158,79,0.5,5,5,0.05120552242556705,0.00017457692307448286,0.05102826442710961,0.05149339521421662,5,0.0014203963306131217,0.00017457692307448286,0.0012431383321556827,0.0017082691192626953,5,0.0014203963306131217,0.00017457692307448286,0.0012431383321556827,0.0017082691192626953,5,0.003979089507196522,0.00017457692307448286,0.0036912167185469483,0.004156347505653961,5,0.736938595029389,0.03233213834028722,0.6836237429681504,0.7697672760893889
loco_iso834,gnn_zero_edge_features,J,10%,158,15,0.0949367088607595,5,5,0.3475567191888889,0.0006810129165818737,0.34653116938347617,0.34829143524997763,5,0.005903777638243335,0.0006810129165818737,0.0048782278328306505,0.006638493699332115,5,0.005903777638243335,0.0006810129165818737,0.0048782278328306505,0.006638493699332115,5,0.014814326267060762,0.0006810129165818737,0.014079610205971982,0.015839876072473447,5,0.7150425702454416,0.03287042673859386,0.6795800557003396,0.7645427470039011
loco_iso834,gnn_zero_edge_features,J,25%,158,39,0.2468354430379747,5,5,0.351762184297873,0.00048592583856014293,0.3509886985015857,0.35226012504396914,5,0.0028909531996672787,0.00048592583856014293,0.0021174674033800356,0.0033888939457634715,5,0.0028909531996672787,0.00048592583856014293,0.0021174674033800356,0.0033888939457634715,5,0.010608861158076665,0.00048592583856014293,0.010110920411980473,0.011382346954363909,5,0.7858523737395744,0.035995001537291495,0.7489673668127526,0.8431484058026779
loco_iso834,gnn_zero_edge_features,J,50%,158,79,0.5,5,5,0.35551699916804635,0.0003648622639725087,0.3551674197585113,0.3561217753291287,5,0.0013717086022160708,0.0003648622639725087,0.0010221291926810205,0.001976484763298425,5,0.0013717086022160708,0.0003648622639725087,0.0010221291926810205,0.001976484763298425,5,0.006854046287903271,0.0003648622639725087,0.006249270126820916,0.007203625697438321,5,0.833242222684784,0.04435608267525403,0.7597199540102332,0.8757403780765718
loco_iso834,gnn_mean,terminal,10%,158,15,0.0949367088607595,5,5,0.04492319514354069,0.00026343685550323003,0.044540557513634366,0.0452343724668026,5,0.0027909461657206216,0.00026343685550323003,0.0024083085358142867,0.0031021234889825194,5,0.0027909461657206216,0.00026343685550323003,0.0024083085358142867,0.0031021234889825194,5,0.010261416789222868,0.00026343685550323003,0.00995023946596097,0.010644054419129204,5,0.7861731109259745,0.020183077685826622,0.7623324221299246,0.8154886939531392
loco_iso834,gnn_mean,terminal,25%,158,39,0.2468354430379747,5,5,0.04800956753584054,0.0003533710667566359,0.047768692748668865,0.04862793668722495,5,0.0019359132991387308,0.0003533710667566359,0.001695038511967048,0.0025542824505231307,5,0.0019359132991387308,0.0003533710667566359,0.001695038511967048,0.0025542824505231307,5,0.0071750443969230224,0.0003533710667566359,0.006556675245538622,0.007415919184094705,5,0.7875181332500822,0.03878528235394859,0.7196472055152633,0.8139560550588733
loco_iso834,gnn_mean,terminal,50%,158,79,0.5,5,5,0.051001332615372506,0.0001424312741512232,0.05082848418173911,0.051184043146764176,5,0.001216206520418575,0.0001424312741512232,0.0010433580867851844,0.00139891705181025,5,0.001216206520418575,0.0001424312741512232,0.0010433580867851844,0.00139891705181025,5,0.004183279317391068,0.0001424312741512232,0.0040005687859993935,0.004356127751024459,5,0.7747551235522934,0.02637867353107125,0.7409166180204789,0.8067671407749385
loco_iso834,gnn_mean,J,10%,158,15,0.0949367088607595,5,5,0.34724384087241356,0.0017901537731824593,0.34449902389405496,0.3492682635142571,5,0.0055908993217680504,0.0017901537731824595,0.0028460823434094396,0.007615321963611588,5,0.0055908993217680504,0.0017901537731824595,0.0028460823434094396,0.007615321963611588,5,0.015127204583536048,0.0017901537731824595,0.01310278194169251,0.017872021561894658,5,0.7301442570554582,0.08640528985493494,0.6324315198717596,0.8626282426027989
loco_iso834,gnn_mean,J,25%,158,39,0.2468354430379747,5,5,0.35165576844372687,0.000583218067063692,0.35111111448520527,0.352611294355339,5,0.0027845373455211986,0.000583218067063692,0.002239883386999597,0.0037400632571333303,5,0.0027845373455211986,0.000583218067063692,0.002239883386999597,0.0037400632571333303,5,0.010715277012222746,0.000583218067063692,0.009759751100610614,0.011259930970744347,5,0.7937351380003315,0.043201932382806334,0.7229544675191845,0.8340804304679401
loco_iso834,gnn_mean,J,50%,158,79,0.5,5,5,0.355496238372937,0.00026405446513839796,0.35510568049881713,0.35583374482866387,5,0.001350947807106695,0.00026405446513839796,0.0009603899329868604,0.0016884542628335941,5,0.001350947807106695,0.00026405446513839796,0.0009603899329868604,0.0016884542628335941,5,0.006874807083012646,0.00026405446513839796,0.006537300627285747,0.007265364957132481,5,0.8357660998713403,0.03210094011621674,0.7947356461032238,0.8832459821845084
loco_astm_e119,fire_only,terminal,10%,95,9,0.09473684210526316,5,5,0.05950611880735347,0.0,0.05950611880735347,0.05950611880735347,5,0.015378432237265404,1.939479807224432e-18,0.015378432237265406,0.015378432237265406,5,0.015378432237265404,1.939479807224432e-18,0.015378432237265406,0.015378432237265406,5,0.0,0.0,0.0,0.0,5,0.0,0.0,0.0,0.0
loco_astm_e119,fire_only,terminal,25%,95,23,0.24210526315789474,5,5,0.05950611880735347,0.0,0.05950611880735347,0.05950611880735347,5,0.010677916548072063,0.0,0.010677916548072063,0.010677916548072063,5,0.010677916548072063,0.0,0.010677916548072063,0.010677916548072063,5,0.0,0.0,0.0,0.0,5,0.0,0.0,0.0,0.0
loco_astm_e119,fire_only,terminal,50%,95,47,0.49473684210526314,5,5,0.05950611880735347,7.757919228897728e-18,0.059506118807353466,0.059506118807353466,5,0.006502036911342601,0.0,0.006502036911342601,0.006502036911342601,5,0.006502036911342601,0.0,0.006502036911342601,0.006502036911342601,5,6.938893903907228e-18,0.0,6.938893903907228e-18,6.938893903907228e-18,5,1.0671877134075532e-15,0.0,1.0671877134075532e-15,1.0671877134075532e-15
loco_astm_e119,fire_only,J,10%,95,9,0.09473684210526316,5,5,0.3633959943680257,0.0,0.3633959943680257,0.3633959943680257,5,0.019541985687471286,0.0,0.019541985687471286,0.019541985687471286,5,0.019541985687471286,0.0,0.019541985687471286,0.019541985687471286,5,-2.220446049250313e-16,0.0,-2.220446049250313e-16,-2.220446049250313e-16,5,-1.1362438212580954e-14,0.0,-1.1362438212580954e-14,-1.1362438212580954e-14
loco_astm_e119,fire_only,J,25%,95,23,0.24210526315789474,5,5,0.36339599436802555,0.0,0.36339599436802555,0.36339599436802555,5,0.01373497921304273,0.0,0.01373497921304273,0.01373497921304273,5,0.01373497921304273,0.0,0.01373497921304273,0.01373497921304273,5,-5.551115123125783e-17,0.0,-5.551115123125783e-17,-5.551115123125783e-17,5,-4.041589751992102e-15,0.0,-4.041589751992102e-15,-4.041589751992102e-15
loco_astm_e119,fire_only,J,50%,95,47,0.49473684210526314,5,5,0.3633959943680256,0.0,0.3633959943680256,0.3633959943680256,5,0.008619285332009063,0.0,0.008619285332009063,0.008619285332009063,5,0.008619285332009063,0.0,0.008619285332009063,0.008619285332009063,5,-1.1102230246251565e-16,0.0,-1.1102230246251565e-16,-1.1102230246251565e-16,5,-1.2880685368451418e-14,1.7639466088662012e-30,-1.288068536845142e-14,-1.288068536845142e-14
loco_astm_e119,global_stats,terminal,10%,95,9,0.09473684210526316,5,5,0.04993929316600164,0.0005727106780629525,0.04962186680899726,0.05094282908572091,5,0.005811606595913571,0.0005727106780629525,0.005494180238909192,0.006815142515632845,5,0.005811606595913571,0.0005727106780629525,0.005494180238909192,0.006815142515632845,5,0.009566825641351836,0.0005727106780629525,0.008563289721632561,0.009884251998356214,5,0.6220936889892625,0.03724116146736632,0.5568376274976704,0.642734697910522
loco_astm_e119,global_stats,terminal,25%,95,23,0.24210526315789474,5,5,0.05213520837866742,0.00012942729634568575,0.05199342787913654,0.052229728711688,5,0.0033070061193860092,0.00012942729634568575,0.003165225619855133,0.0034015264524065933,5,0.0033070061193860092,0.00012942729634568575,0.003165225619855133,0.0034015264524065933,5,0.007370910428686053,0.00012942729634568575,0.007276390095665469,0.007512690928216929,5,0.6902948150514342,0.012121025273329573,0.6814428697683771,0.7035727329760199
loco_astm_e119,global_stats,terminal,50%,95,47,0.49473684210526314,5,5,0.054791975687158864,0.00011040779627094512,0.054655460838941815,0.05489671230316162,5,0.0017878937911480041,0.00011040779627094512,0.0016513789429309506,0.0018926304071507569,5,0.0017878937911480041,0.00011040779627094512,0.0016513789429309506,0.0018926304071507569,5,0.004714143120194604,0.00011040779627094512,0.004609406504191851,0.004850657968411658,5,0.7250255857469716,0.016980493617060544,0.7089173080747788,0.746021290643526
loco_astm_e119,global_stats,J,10%,95,9,0.09473684210526316,5,5,0.35264170388587646,0.00013542858601595377,0.3525267065640677,0.35287691107088764,5,0.008787695205322021,0.00013542858601595377,0.00867269788351327,0.00902290239033321,5,0.008787695205322021,0.00013542858601595377,0.00867269788351327,0.00902290239033321,5,0.010754290482149043,0.00013542858601595377,0.010519083297137855,0.010869287803957794,5,0.5503171813826437,0.006930134336490752,0.5382811893001204,0.5562018096721058
loco_astm_e119,global_stats,J,25%,95,23,0.24210526315789474,5,5,0.3551572149840818,0.00030853844295145044,0.3548512223041684,0.3555751864514921,5,0.0054961998290989685,0.00030853844295145044,0.005190207149185555,0.005914171296509285,5,0.0054961998290989685,0.00030853844295145044,0.005190207149185555,0.005914171296509285,5,0.008238779383943707,0.00030853844295145044,0.00782080791653339,0.00854477206385712,5,0.5998392320914616,0.022463699301303923,0.5694080635452863,0.6221175825110127
loco_astm_e119,global_stats,J,50%,95,47,0.49473684210526314,5,5,0.358100849399145,0.0003210932709804347,0.3578048103825843,0.35853771104259385,5,0.0033241403631284806,0.0003210932709804347,0.0030281013465677797,0.0037610020065773075,5,0.0033241403631284806,0.0003210932709804347,0.0030281013465677797,0.0037610020065773075,5,0.005295144968880472,0.0003210932709804347,0.004858283325431645,0.005591183985441173,5,0.6143368927834645,0.03725288798457675,0.5636526856106866,0.6486830137386808
loco_astm_e119,deepsets,terminal,10%,95,9,0.09473684210526316,5,5,0.04894730332824919,0.0009330201145448221,0.04785031990872489,0.050191237694687314,5,0.004819616758161125,0.0009330201145448221,0.003722633338636823,0.006063551124599248,5,0.004819616758161125,0.0009330201145448221,0.003722633338636823,0.006063551124599248,5,0.010558815479104281,0.0009330201145448221,0.009314881112666158,0.011655798898628583,5,0.6865989534042288,0.06067069127397164,0.6057107102305332,0.75793154456824
loco_astm_e119,deepsets,terminal,25%,95,23,0.24210526315789474,5,5,0.051324546369521516,0.0006032660148184619,0.050466536827709366,0.0520207247008448,5,0.0024963441102401037,0.0006032660148184619,0.0016383345684279557,0.003192522441563393,5,0.0024963441102401037,0.0006032660148184619,0.0016383345684279557,0.003192522441563393,5,0.00818157243783196,0.0006032660148184619,0.007485394106508669,0.009039581979644107,5,0.7662143079128272,0.05649660325612713,0.701016352095408,0.8465679553635617
loco_astm_e119,deepsets,terminal,50%,95,47,0.49473684210526314,5,5,0.05438539338238696,0.00019862776180792988,0.05417551702641426,0.05464229574228855,5,0.001381311486376094,0.00019862776180792986,0.0011714351304033949,0.0016382138462776863,5,0.001381311486376094,0.00019862776180792986,0.0011714351304033949,0.0016382138462776863,5,0.005120725424966515,0.00019862776180792986,0.004863823065064922,0.005330601780939213,5,0.787557113992011,0.030548544174123293,0.7480460556260652,0.8198356689793838
loco_astm_e119,deepsets,J,10%,95,9,0.09473684210526316,5,5,0.34975379762550196,0.0006257694846047102,0.34872375078223367,0.3502747512250035,5,0.005899788944947493,0.0006257694846047102,0.004869742101679231,0.006420742544449076,5,0.005899788944947493,0.0006257694846047102,0.004869742101679231,0.006420742544449076,5,0.013642196742523571,0.0006257694846047102,0.013121243143021988,0.014672243585791833,5,0.6980967523310582,0.03202179628070804,0.6714385811588429,0.7508061780640151
loco_astm_e119,deepsets,J,25%,95,23,0.24210526315789474,5,5,0.35223630591498123,0.000554166126366594,0.35166189143758114,0.3529509045791044,5,0.0025752907599984275,0.000554166126366594,0.0020008762825983184,0.0032898894241215615,5,0.0025752907599984275,0.000554166126366594,0.0020008762825983184,0.0032898894241215615,5,0.011159688453044247,0.000554166126366594,0.010445089788921114,0.011734102930444357,5,0.8125012990516256,0.04034706698648369,0.760473651026898,0.8543225838523079
loco_astm_e119,deepsets,J,50%,95,47,0.49473684210526314,5,5,0.35611701285849656,0.0003341118609478994,0.35584766932677303,0.356698667269253,5,0.0013403038224800046,0.00033411186094789934,0.0010709602907564841,0.0019219582332364316,5,0.0013403038224800046,0.00033411186094789934,0.0010709602907564841,0.0019219582332364316,5,0.007278981509528948,0.0003341118609478994,0.006697327098772521,0.007548325041252468,5,0.8444994253174803,0.03876329046761302,0.7770165206042126,0.8757483654962298
loco_astm_e119,capacity_matched_deepsets,terminal,10%,95,9,0.09473684210526316,5,5,0.047867565602064135,0.00034585907226102015,0.04746464184588856,0.048300191346142024,5,0.0037398790319760665,0.00034585907226102015,0.003336955275800496,0.004172504776053958,5,0.0037398790319760665,0.00034585907226102015,0.003336955275800496,0.004172504776053958,5,0.01163855320528934,0.00034585907226102015,0.011205927461211448,0.01204147696146491,5,0.7568101237970476,0.022489878482081276,0.7286781440605474,0.7830106980792033
loco_astm_e119,capacity_matched_deepsets,terminal,25%,95,23,0.24210526315789474,5,5,0.05113434088618859,0.0005480683886077453,0.0504611411496349,0.05197862681487332,5,0.002306138626907181,0.0005480683886077452,0.0016329388903534928,0.0031504245555919116,5,0.002306138626907181,0.0005480683886077452,0.0016329388903534928,0.0031504245555919116,5,0.008371777921164881,0.0005480683886077453,0.007527491992480151,0.00904497765771857,5,0.7840272850490143,0.051327277764378176,0.704958870823847,0.8470732672425384
loco_astm_e119,capacity_matched_deepsets,terminal,50%,95,47,0.49473684210526314,5,5,0.054263255539092614,0.00020862682134954887,0.05397846732050814,0.05449735531781582,5,0.001259173643081747,0.00020862682134954887,0.0009743854244972788,0.0014932734218049554,5,0.001259173643081747,0.00020862682134954887,0.0009743854244972788,0.0014932734218049554,5,0.005242863268260861,0.00020862682134954887,0.005008763489537653,0.005527651486845329,5,0.8063416648888664,0.03208637911384442,0.7703375969459686,0.850141511378151
loco_astm_e119,capacity_matched_deepsets,J,10%,95,9,0.09473684210526316,5,5,0.34890718020015843,0.0002666841517372665,0.34869285445246434,0.3492321655016255,5,0.0050531715196040165,0.0002666841517372665,0.004838845771909905,0.005378156821071067,5,0.0050531715196040165,0.0002666841517372665,0.004838845771909905,0.005378156821071067,5,0.014488814167867048,0.0002666841517372665,0.014163828866399997,0.014703139915561159,5,0.7414197512771821,0.013646727410523354,0.7247896448660711,0.7523872011116951
loco_astm_e119,capacity_matched_deepsets,J,25%,95,23,0.24210526315789474,5,5,0.3520431351391734,0.0005360175970728765,0.35117691495874226,0.3524695466785435,5,0.002382119984190556,0.0005360175970728765,0.0015158998037594351,0.002808531523560698,5,0.002382119984190556,0.0005360175970728765,0.0015158998037594351,0.002808531523560698,5,0.01135285922885212,0.0005360175970728765,0.010926447689481977,0.01221907940928324,5,0.8265654467151645,0.039025730491377544,0.7955197834668924,0.8896321734276857
loco_astm_e119,capacity_matched_deepsets,J,50%,95,47,0.49473684210526314,5,5,0.3558111838012247,0.00013892519508191644,0.3556722297478494,0.356039854795639,5,0.00103447476520816,0.00013892519508191642,0.0008955207118328534,0.0012631457596224416,5,0.00103447476520816,0.00013892519508191642,0.0008955207118328534,0.0012631457596224416,5,0.007584810566800793,0.00013892519508191642,0.007356139572386511,0.007723764620176099,5,0.8799813760235446,0.016117948267241822,0.8534512188694382,0.8961026723982314
loco_astm_e119,gnn,terminal,10%,95,9,0.09473684210526316,5,5,0.04703862203492058,0.0011613580913759861,0.04546979897552066,0.0487280682557159,5,0.0029109354648325205,0.0011613580913759861,0.0013421124054325967,0.004600381685627833,5,0.0029109354648325205,0.0011613580913759861,0.0013421124054325967,0.004600381685627833,5,0.012467496772432887,0.0011613580913759861,0.010778050551637573,0.01403631983183281,5,0.8107131195221143,0.07551862722142468,0.7008549626742788,0.9127276184772362
loco_astm_e119,gnn,terminal,25%,95,23,0.24210526315789474,5,5,0.05080858400982359,0.0002624017604593584,0.05054882687071095,0.051108892197194306,5,0.0019803817505421816,0.0002624017604593584,0.0017206246114295429,0.0022806899379128956,5,0.0019803817505421816,0.0002624017604593584,0.0017206246114295429,0.0022806899379128956,5,0.00869753479752988,0.0002624017604593584,0.008397226610159167,0.00895729193664252,5,0.8145348166352033,0.024574247164980526,0.7864105860309722,0.8388613917627772
loco_astm_e119,gnn,terminal,50%,95,47,0.49473684210526314,5,5,0.053844033387747216,0.00012786268972717592,0.05371314517044006,0.05404793011381271,5,0.0008399514917363515,0.00012786268972717592,0.0007090632744291975,0.001043848217801846,5,0.0008399514917363515,0.00012786268972717592,0.0007090632744291975,0.001043848217801846,5,0.005662085419606257,0.00012786268972717592,0.005458188693540762,0.005792973636913411,5,0.8708171757267202,0.019665020588259568,0.8394582756088504,0.8909475162787437
loco_astm_e119,gnn,J,10%,95,9,0.09473684210526316,5,5,0.3484163315007808,0.0010598148878253587,0.3472864721901715,0.3500129061164679,5,0.004562322820226372,0.0010598148878253587,0.0034324635096170675,0.0061588974359134685,5,0.004562322820226372,0.0010598148878253587,0.0034324635096170675,0.0061588974359134685,5,0.014979662867244692,0.0010598148878253587,0.013383088251557596,0.016109522177853997,5,0.7665373983386238,0.05423271231361291,0.684837685667628,0.8243544149242868
loco_astm_e119,gnn,J,25%,95,23,0.24210526315789474,5,5,0.35211223959706833,0.0005341331311421538,0.35131205251251446,0.35257809563148507,5,0.0024512244420855423,0.0005341331311421538,0.0016510373575316373,0.002917080476502243,5,0.0024512244420855423,0.0005341331311421538,0.0016510373575316373,0.002917080476502243,5,0.011283754770957133,0.0005341331311421539,0.010817898736540432,0.012083941855511038,5,0.8215341716893267,0.038888528541415175,0.7876166806475982,0.8797932394419775
loco_astm_e119,gnn,J,50%,95,47,0.49473684210526314,5,5,0.35549681314485193,0.00018336368744416187,0.3553058889582225,0.3557067905189404,5,0.000720104108835351,0.00018336368744416184,0.000529179922205969,0.0009300814829238391,5,0.000720104108835351,0.00018336368744416184,0.000529179922205969,0.0009300814829238391,5,0.007899181223173601,0.00018336368744416184,0.007689203849085113,0.008090105409802983,5,0.9164543136585651,0.02127365325327083,0.8920929697651558,0.9386051277081194
loco_astm_e119,gnn_zero_edge_features,terminal,10%,95,9,0.09473684210526316,5,5,0.04902916931443744,0.0009023813981499302,0.04830131638381216,0.05051926771799723,5,0.004901482744349375,0.0009023813981499302,0.004173629813724093,0.006391581147909164,5,0.004901482744349375,0.0009023813981499302,0.004173629813724093,0.006391581147909164,5,0.01047694949291603,0.0009023813981499302,0.008986851089356242,0.011204802423541313,5,0.6812755247916639,0.05867837398686564,0.5843801858800065,0.7286049872099155
loco_astm_e119,gnn_zero_edge_features,terminal,25%,95,23,0.24210526315789474,5,5,0.0511425683679788,0.00044879442543107863,0.05040599146614904,0.05148684865106707,5,0.0023143661086973896,0.00044879442543107863,0.0015777892068676302,0.00265864639178566,5,0.0023143661086973896,0.00044879442543107863,0.0015777892068676302,0.00265864639178566,5,0.008363550439374673,0.00044879442543107863,0.008019270156286402,0.009100127341204432,5,0.7832567712738626,0.04203014917850334,0.7510144998964533,0.8522381028392185
loco_astm_e119,gnn_zero_edge_features,terminal,50%,95,47,0.49473684210526314,5,5,0.05438739971277562,0.0001695247399764251,0.05418625473976135,0.054599195560242265,5,0.001383317816764751,0.0001695247399764251,0.0011821728437504883,0.0015951136642314012,5,0.001383317816764751,0.0001695247399764251,0.0011821728437504883,0.0015951136642314012,5,0.005118719094577858,0.0001695247399764251,0.004906923247111207,0.00531986406759212,5,0.7872485444751022,0.026072558843936174,0.7546747756155039,0.8181842305926896
loco_astm_e119,gnn_zero_edge_features,J,10%,95,9,0.09473684210526316,5,5,0.3496312211591889,0.0006774292563340939,0.3490525791318052,0.35066208817685646,5,0.00577721247863443,0.0006774292563340939,0.0051985704512507724,0.006808079496302022,5,0.00577721247863443,0.0006774292563340939,0.0051985704512507724,0.006808079496302022,5,0.013764773208836633,0.0006774292563340939,0.012733906191169042,0.014343415236220292,5,0.7043692196367553,0.03466532353303346,0.651617824044008,0.733979415685289
loco_astm_e119,gnn_zero_edge_features,J,25%,95,23,0.24210526315789474,5,5,0.3522906162203762,0.000453651337192711,0.3517022753215354,0.35288408479477834,5,0.0026296010653933943,0.000453651337192711,0.0020412601665525942,0.003223069639795517,5,0.0026296010653933943,0.000453651337192711,0.0020412601665525942,0.003223069639795517,5,0.01110537814764928,0.000453651337192711,0.010511909573247158,0.011693719046490081,5,0.8085471390523592,0.03302890598930981,0.7653385862619358,0.8513823621506305
loco_astm_e119,gnn_zero_edge_features,J,50%,95,47,0.49473684210526314,5,5,0.35573308237808504,0.00022559469918188412,0.35535377790253114,0.35593918504008487,5,0.0009563733420684728,0.00022559469918188412,0.0005770688665145962,0.0011624760040683246,5,0.0009563733420684728,0.00022559469918188412,0.0005770688665145962,0.0011624760040683246,5,0.00766291198994048,0.00022559469918188412,0.007456809327940628,0.008042216465494356,5,0.8890426171974092,0.026173248766241216,0.865130813136989,0.9330491050839717
loco_astm_e119,gnn_mean,terminal,10%,95,9,0.09473684210526316,5,5,0.04668972558445401,0.001122335180600472,0.04516927028695742,0.047795937293105654,5,0.0025620390143659398,0.001122335180600472,0.0010415837168693542,0.003668250723017588,5,0.0025620390143659398,0.001122335180600472,0.0010415837168693542,0.003668250723017588,5,0.012816393222899467,0.001122335180600472,0.011710181514247818,0.014336848520396052,5,0.8334005069673134,0.07298111818451823,0.7614678358351387,0.9322698373410677
loco_astm_e119,gnn_mean,terminal,25%,95,23,0.24210526315789474,5,5,0.050930254031782564,0.0002913707236920377,0.05055126661191816,0.05129468991704609,5,0.002102051772501154,0.0002913707236920377,0.0017230643526367495,0.0024664876577646794,5,0.002102051772501154,0.0002913707236920377,0.0017230643526367495,0.0024664876577646794,5,0.008575864775570909,0.0002913707236920377,0.008211428890307383,0.008954852195435313,5,0.8031402696361504,0.027287226153181146,0.7690104013586796,0.8386329070020823
loco_astm_e119,gnn_mean,terminal,50%,95,47,0.49473684210526314,5,5,0.05390330878026942,0.00012863994723081497,0.05379461235505469,0.05411501426963096,5,0.0008992268842585554,0.00012863994723081497,0.0007905304590438283,0.0011109323736200952,5,0.0008992268842585554,0.00012863994723081497,0.0007905304590438283,0.0011109323736200952,5,0.005602810027084053,0.00012863994723081497,0.005391104537722513,0.00571150645229878,5,0.8617007413953802,0.01978456120518273,0.8291408694278393,0.8784180296385627
loco_astm_e119,gnn_mean,J,10%,95,9,0.09473684210526316,5,5,0.3486284521125533,0.001440666725499676,0.3466501822798616,0.35012403244359624,5,0.004774443431998865,0.001440666725499676,0.0027961735993071724,0.00627002376304181,5,0.004774443431998865,0.001440666725499676,0.0027961735993071724,0.00627002376304181,5,0.014767542255472199,0.001440666725499676,0.013271961924429254,0.01674581208816389,5,0.7556827894383374,0.07372161399254985,0.6791511434244011,0.8569145610878284
loco_astm_e119,gnn_mean,J,25%,95,23,0.24210526315789474,5,5,0.3516201302347084,0.0005493476300123321,0.35130815313373137,0.35259675965306986,5,0.0019591150797255595,0.0005493476300123321,0.0016471379787485474,0.002935744498087034,5,0.0019591150797255595,0.0005493476300123321,0.0016471379787485474,0.002935744498087034,5,0.011775864133317115,0.0005493476300123321,0.010799234714955641,0.012087841234294128,5,0.8573630837485948,0.039996247645622526,0.786257812804022,0.8800771407659335
loco_astm_e119,gnn_mean,J,50%,95,47,0.49473684210526314,5,5,0.3556194561319624,0.0002709514735064091,0.35521837706208653,0.3559445985156963,5,0.0008427470959458394,0.0002709514735064091,0.0004416680260699857,0.0011678894796797734,5,0.0008427470959458394,0.0002709514735064091,0.0004416680260699857,0.0011678894796797734,5,0.007776538236063113,0.0002709514735064091,0.007451395852329179,0.008177617305938967,5,0.9022254092440616,0.031435491815103474,0.8645027476532599,0.9487581616042123
loco_perturbed_iso,fire_only,terminal,10%,111,11,0.0990990990990991,5,5,0.048721762001514436,0.0011012530054498148,0.0475912212648175,0.05054133114489642,5,0.009650934623046356,0.0011012530054498148,0.008520393886349419,0.011470503766428344,5,0.009650934623046356,0.0011012530054498148,0.008520393886349419,0.011470503766428344,5,0.005051195306015445,0.0011012530054498148,0.0032316261626334566,0.006181736042712382,5,0.34356894751900624,0.07490431731751741,0.21980666598827148,0.42046533886854737
loco_perturbed_iso,fire_only,terminal,25%,111,27,0.24324324324324326,5,5,0.05114188130806994,9.735718816380005e-05,0.05105042181633137,0.051268708098817756,5,0.007328636006072716,9.735718816380004e-05,0.00723717651433415,0.007455462796820536,5,0.007328636006072716,9.735718816380004e-05,0.00723717651433415,0.007455462796820536,5,0.0026310759994599446,9.735718816380004e-05,0.002504249208712124,0.0027225354911985106,5,0.26417189553255876,0.009775100736820261,0.25143791379921465,0.2733548409518399
loco_perturbed_iso,fire_only,terminal,50%,111,55,0.4954954954954955,5,5,0.05279767951448307,0.00015640137678513981,0.052677702440908455,0.053065120967838796,5,0.0048785711345121704,0.00015640137678513981,0.0047585940609375585,0.005146012587867899,5,0.0048785711345121704,0.00015640137678513981,0.0047585940609375585,0.005146012587867899,5,0.0009752777930468123,0.00015640137678513981,0.0007078363396910842,0.0010952548666214243,5,0.16660453747881343,0.026717699537619977,0.1209181084873414,0.18709995426515705
loco_perturbed_iso,fire_only,J,10%,111,11,0.0990990990990991,5,5,0.35852403098547997,0.0009706428391972542,0.35739699003540654,0.3595565723255277,5,0.018948826379509575,0.0009706428391972542,0.017821785429436132,0.019981367719557275,5,0.018948826379509575,0.0009706428391972542,0.017821785429436132,0.019981367719557275,5,0.0012942289082379266,0.0009706428391972542,0.00026168756819022754,0.00242126985831137,5,0.06393446492344876,0.04794942390859123,0.012927276266869604,0.11960990195866777
loco_perturbed_iso,fire_only,J,25%,111,27,0.24324324324324326,5,5,0.3574776606694755,0.00027238830842688715,0.3571013598089926,0.3578592847511774,5,0.011389640137210045,0.0002723883084268872,0.011013339276727097,0.011771264218911892,5,0.011389640137210045,0.0002723883084268872,0.011013339276727097,0.011771264218911892,5,0.002340599224242357,0.00027238830842688715,0.001958975142540509,0.0027169000847253044,5,0.1704703874874593,0.019838569543923344,0.14267596441474464,0.19787711001987277
loco_perturbed_iso,fire_only,J,50%,111,55,0.4954954954954955,5,5,0.3584266987219452,0.00042605387533746307,0.357929729853164,0.35892514095557004,5,0.006462886342157748,0.00042605387533746307,0.005965917473376547,0.006961328575782577,5,0.006462886342157748,0.00042605387533746307,0.005965917473376547,0.006961328575782577,5,0.0013915611717726928,0.00042605387533746307,0.0008931189381478633,0.001888530040553893,5,0.17716856205413006,0.0542436466195522,0.1137086900846751,0.24044085051233025
loco_perturbed_iso,global_stats,terminal,10%,111,11,0.0990990990990991,5,5,0.04471150555393913,0.00028062303134610846,0.04432782259854404,0.04512085257606073,5,0.005640678175471048,0.00028062303134610846,0.005256995220075958,0.006050025197592651,5,0.005640678175471048,0.00028062303134610846,0.005256995220075958,0.006050025197592651,5,0.009061451753590754,0.00028062303134610846,0.00865210473146915,0.009445134708985843,5,0.6163359865075685,0.01908723652287954,0.588493284525154,0.6424330865363651
loco_perturbed_iso,global_stats,terminal,25%,111,27,0.24324324324324326,5,5,0.046367517831148924,0.0005397791733688214,0.045729939446405125,0.04696148675349024,5,0.002554272529151706,0.0005397791733688214,0.0019166941444079058,0.0031482414514930196,5,0.002554272529151706,0.0005397791733688214,0.0019166941444079058,0.0031482414514930196,5,0.0074054394763809536,0.0005397791733688215,0.006811470554039641,0.008043017861124754,5,0.7435395192418418,0.05419626321212621,0.6839023608570048,0.807555264314553
loco_perturbed_iso,global_stats,terminal,50%,111,55,0.4954954954954955,5,5,0.04946716838262298,0.0003563969594998663,0.04892391779206016,0.04979335333813321,5,0.0015480600026520825,0.0003563969594998663,0.0010048094120892609,0.0018742449581623105,5,0.0015480600026520825,0.0003563969594998663,0.0010048094120892609,0.0018742449581623105,5,0.004305788924906901,0.0003563969594998663,0.003979603969396672,0.004849039515469722,5,0.7355483508697903,0.06088250037031301,0.6798268999839293,0.8283506416848615
loco_perturbed_iso,global_stats,J,10%,111,11,0.0990990990990991,5,5,0.350393579002244,0.0006743789508792897,0.3496395077217709,0.3509479893738347,5,0.010818374396273566,0.0006743789508792897,0.010064303115800477,0.011372784767864297,5,0.010818374396273566,0.0006743789508792897,0.010064303115800477,0.011372784767864297,5,0.009424680891473936,0.0006743789508792897,0.008870270519883205,0.010178752171947025,5,0.4655760090315223,0.03331408926633078,0.4381883265048486,0.5028268720931622
loco_perturbed_iso,global_stats,J,25%,111,27,0.24324324324324326,5,5,0.3509455229845588,0.0004825025453273225,0.3501365615399899,0.35143748333125757,5,0.0048575024522932945,0.0004825025453273226,0.004048541007724393,0.005349462798992066,5,0.0048575024522932945,0.0004825025453273226,0.004048541007724393,0.005349462798992066,5,0.008872736909159106,0.0004825025453273226,0.008380776562460335,0.009681698353728008,5,0.6462186620044866,0.03514159750790263,0.6103882344534601,0.7051368952029592
loco_perturbed_iso,global_stats,J,50%,111,55,0.4954954954954955,5,5,0.3534039052254096,9.680470041789723e-05,0.35332263647155326,0.35352656632323154,5,0.0014400928456222094,9.680470041789724e-05,0.0013588240917657979,0.001562753943444073,5,0.0014400928456222094,9.680470041789724e-05,0.0013588240917657979,0.001562753943444073,5,0.0064143546683082305,9.680470041789724e-05,0.0062916935704863675,0.0064956234221646425,5,0.8166525598308348,0.012324826188755704,0.8010357901466126,0.8269994051961231
loco_perturbed_iso,deepsets,terminal,10%,111,11,0.0990990990990991,5,5,0.04309240091930736,0.0009540948864085364,0.04218703034249219,0.044430379501797936,5,0.004021573540839282,0.0009540948864085364,0.003116202964024109,0.005359552123329857,5,0.004021573540839282,0.0009540948864085364,0.003116202964024109,0.005359552123329857,5,0.01068055638822252,0.0009540948864085364,0.009342577805731944,0.011585926965037692,5,0.7264632022541299,0.0648950111998786,0.6354574371747598,0.7880441147602505
loco_perturbed_iso,deepsets,terminal,25%,111,27,0.24324324324324326,5,5,0.04712994209042302,0.0005123775265823855,0.04674240049940569,0.04801316435138384,5,0.0033166967884258004,0.0005123775265823855,0.0029291551974084673,0.004199919049386623,5,0.0033166967884258004,0.0005123775265823855,0.0029291551974084673,0.004199919049386623,5,0.00664301521710686,0.0005123775265823855,0.005759792956146037,0.007030556808124193,5,0.666988685357231,0.05144501430340136,0.578309187348635,0.7058996087656642
loco_perturbed_iso,deepsets,terminal,50%,111,55,0.4954954954954955,5,5,0.04908566197211092,0.00014790288272069363,0.04892640547318892,0.049257412891496315,5,0.0011665535921400252,0.00014790288272069363,0.0010072970932180209,0.0013383045115254177,5,0.0011665535921400252,0.00014790288272069363,0.0010072970932180209,0.0013383045115254177,5,0.0046872953354189575,0.00014790288272069363,0.004515544416033565,0.004846551834340962,5,0.8007202429416862,0.02526592068756515,0.771380415161571,0.8279256766474059
loco_perturbed_iso,deepsets,J,10%,111,11,0.0990990990990991,5,5,0.3429874816463527,0.00043944114362620104,0.34236964171357226,0.3436058492794859,5,0.003412277040382261,0.00043944114362620104,0.002794437107601855,0.004030644673515493,5,0.003412277040382261,0.00043944114362620104,0.002794437107601855,0.004030644673515493,5,0.01683077824736524,0.00043944114362620104,0.01621241061423201,0.017448618180145647,5,0.831434682567527,0.021708242030647494,0.8008875332195966,0.861955763698712
loco_perturbed_iso,deepsets,J,25%,111,27,0.24324324324324326,5,5,0.3495263735306116,0.00021282313455656454,0.3493002446644284,0.3498265785303105,5,0.0034383529983460946,0.00021282313455656454,0.0032122241321628775,0.003738557998045011,5,0.0034383529983460946,0.00021282313455656454,0.0032122241321628775,0.003738557998045011,5,0.010291886363106306,0.00021282313455656452,0.00999168136340739,0.010518015229289523,5,0.7495780730524437,0.01550032224158193,0.7277135598567204,0.7660474775712078
loco_perturbed_iso,deepsets,J,50%,111,55,0.4954954954954955,5,5,0.3530978070715386,0.0002756566195304303,0.35276745238934054,0.3535117569825415,5,0.0011339946917511613,0.0002756566195304303,0.0008036400095530749,0.0015479446027540367,5,0.0011339946917511613,0.0002756566195304303,0.0008036400095530749,0.0015479446027540367,5,0.0067204528221792795,0.00027565661953043037,0.006306502911176404,0.0070508075043773655,5,0.8556238755507707,0.03509560908536635,0.8029212621245934,0.8976834451910513
loco_perturbed_iso,capacity_matched_deepsets,terminal,10%,111,11,0.0990990990990991,5,5,0.04286343556913462,0.0009076000890374407,0.04191950979557904,0.04392781616611914,5,0.0037926081906665466,0.0009076000890374406,0.002848682417110962,0.004856988787651062,5,0.0037926081906665466,0.0009076000890374406,0.002848682417110962,0.004856988787651062,5,0.010909521738395255,0.0009076000890374407,0.009845141141410739,0.011853447511950839,5,0.7420368199052796,0.061732558031838726,0.6696404663075233,0.8062401549397308
loco_perturbed_iso,capacity_matched_deepsets,terminal,25%,111,27,0.24324324324324326,5,5,0.04691620171070099,0.00064121156339083,0.04595012369531172,0.04745822744788947,5,0.003102956408703769,0.00064121156339083,0.002136878393314501,0.0036449821458922477,5,0.003102956408703769,0.00064121156339083,0.002136878393314501,0.0036449821458922477,5,0.006856755596828891,0.00064121156339083,0.0063147298596404125,0.00782283361221816,5,0.6884491833719625,0.06438053259317483,0.6340273550211647,0.7854477727742071
loco_perturbed_iso,capacity_matched_deepsets,terminal,50%,111,55,0.4954954954954955,5,5,0.048928740823810754,0.00023170709487180052,0.04862171079624783,0.049224563078446824,5,0.0010096324438398543,0.00023170709487180052,0.0007026024162769332,0.0013054546984759274,5,0.0010096324438398543,0.00023170709487180052,0.0007026024162769332,0.0013054546984759274,5,0.004844216483719128,0.00023170709487180052,0.004548394229083055,0.00515124651128205,5,0.8275267338918388,0.039582007964189266,0.7769920757042336,0.8799759910152116
loco_perturbed_iso,capacity_matched_deepsets,J,10%,111,11,0.0990990990990991,5,5,0.3445751939228538,0.0016932413255982702,0.3426582161026696,0.3469471094508965,5,0.004999989316883413,0.0016932413255982702,0.003083011496699206,0.007371904844926114,5,0.004999989316883413,0.0016932413255982702,0.003083011496699206,0.007371904844926114,5,0.015243065970864089,0.0016932413255982702,0.012871150442821389,0.017160043791048296,5,0.7530022397404728,0.08364554171934395,0.6358304247981726,0.8477002876850681
loco_perturbed_iso,capacity_matched_deepsets,J,25%,111,27,0.24324324324324326,5,5,0.34884949791233666,0.00024773244339770415,0.3486051707057122,0.3491413178945673,5,0.0027614773800711647,0.00024773244339770415,0.0025171501734466695,0.00305329736230181,5,0.0027614773800711647,0.00024773244339770415,0.0025171501734466695,0.00305329736230181,5,0.010968761981381237,0.00024773244339770415,0.010676941999150591,0.011213089188005732,5,0.7988762389806544,0.018042835006446586,0.7776224228927915,0.8166710639791496
loco_perturbed_iso,capacity_matched_deepsets,J,50%,111,55,0.4954954954954955,5,5,0.353397636772331,0.0002498240111678866,0.3532096548186559,0.35381927024121546,5,0.001433824392543559,0.0002498240111678866,0.0012458424388684386,0.0018554578614279893,5,0.001433824392543559,0.0002498240111678866,0.0012458424388684386,0.0018554578614279893,5,0.006420623121386882,0.0002498240111678866,0.005998989652502451,0.006608605075062002,5,0.8174506367251718,0.031806694325069364,0.7637697803521892,0.8413838227757146
loco_perturbed_iso,gnn,terminal,10%,111,11,0.0990990990990991,5,5,0.042392577705058186,0.0009259384737030872,0.04104669087312438,0.04336579076268456,5,0.003321750326590106,0.0009259384737030872,0.0019758634946563033,0.004294963384216484,5,0.003321750326590106,0.0009259384737030872,0.0019758634946563033,0.004294963384216484,5,0.011380379602471695,0.0009259384737030873,0.010407166544845317,0.012726266434405498,5,0.774063326700441,0.06297988646344214,0.7078679480497176,0.8656069899946537
loco_perturbed_iso,gnn,terminal,25%,111,27,0.24324324324324326,5,5,0.04638721918066343,0.0002848755975889449,0.045980195342390624,0.04673262671739967,5,0.002573973878666207,0.0002848755975889449,0.0021669500403934047,0.0029193814154024472,5,0.002573973878666207,0.0002848755975889449,0.0021669500403934047,0.0029193814154024472,5,0.007385738126866453,0.0002848755975889449,0.007040330590130213,0.0077927619651392555,5,0.7415614149047329,0.02860279468228552,0.706880940555237,0.7824284437953973
loco_perturbed_iso,gnn,terminal,50%,111,55,0.4954954954954955,5,5,0.048978886360471895,9.264801694238438e-05,0.04888616529378024,0.049113524705171586,5,0.0010597779805010018,9.264801694238438e-05,0.0009670569138093416,0.0011944163252006895,5,0.0010597779805010018,9.264801694238438e-05,0.0009670569138093416,0.0011944163252006895,5,0.004794070947057981,9.264801694238438e-05,0.004659432602358293,0.004886792013749641,5,0.8189604833305936,0.015826854790565625,0.795960514187927,0.8347998170474484
loco_perturbed_iso,gnn,J,10%,111,11,0.0990990990990991,5,5,0.34320816195315934,0.0014673204066245344,0.34166834751764935,0.3453978575653199,5,0.0036329573471889365,0.0014673204066245344,0.002093142911678947,0.0058226529593494725,5,0.0036329573471889365,0.0014673204066245344,0.002093142911678947,0.0058226529593494725,5,0.016610097940558566,0.0014673204066245344,0.01442040232839803,0.018149912376068555,5,0.8205331509721334,0.07248512567728146,0.7123629374823797,0.8965994568544274
loco_perturbed_iso,gnn,J,25%,111,27,0.24324324324324326,5,5,0.3486153996413873,0.0005231736744947886,0.34782159785498623,0.3491967813905191,5,0.0025273791091217634,0.0005231736744947886,0.0017335773227207252,0.0031087608582535675,5,0.0025273791091217634,0.0005231736744947886,0.0017335773227207252,0.0031087608582535675,5,0.011202860252330638,0.0005231736744947886,0.010621478503198833,0.011996662038731676,5,0.8159260707269699,0.03810375483792343,0.7735829087596678,0.8737401965775092
loco_perturbed_iso,gnn,J,50%,111,55,0.4954954954954955,5,5,0.35295438197909884,0.00022701363537979045,0.3526747455109249,0.35328858018429443,5,0.000990569599311364,0.00022701363537979042,0.0007109331311374589,0.0013247678045069655,5,0.000990569599311364,0.00022701363537979042,0.0007109331311374589,0.0013247678045069655,5,0.006863877914619077,0.00022701363537979045,0.006529679709423475,0.0071435143827929815,5,0.873884242328373,0.02890255934324662,0.8313353291676604,0.9094865514249644
loco_perturbed_iso,gnn_zero_edge_features,terminal,10%,111,11,0.0990990990990991,5,5,0.043979049541733484,0.0004978638858878868,0.043376199562441216,0.04465685073624958,5,0.004908222163265403,0.0004978638858878868,0.004305372183973137,0.005586023357781501,5,0.004908222163265403,0.0004978638858878868,0.004305372183973137,0.005586023357781501,5,0.009793907765796398,0.0004978638858878868,0.0091161065712803,0.010396757745088664,5,0.6661557075779009,0.03386338498503921,0.62005346267961,0.7071599690149195
loco_perturbed_iso,gnn_zero_edge_features,terminal,25%,111,27,0.24324324324324326,5,5,0.04702322309215863,0.0005234460934020977,0.046508270143358794,0.04783910374950479,5,0.003209977790161414,0.0005234460934020977,0.002695024841361575,0.004025858447507573,5,0.003209977790161414,0.0005234460934020977,0.002695024841361575,0.004025858447507573,5,0.006749734215371246,0.0005234460934020977,0.005933853558025087,0.007264687164171085,5,0.6777037540464765,0.05255634832727305,0.5957856567267013,0.7294073523547189
loco_perturbed_iso,gnn_zero_edge_features,terminal,50%,111,55,0.4954954954954955,5,5,0.04965038231827996,0.0005596669184270608,0.04904633475975557,0.05035361261530356,5,0.0017312739383090637,0.0005596669184270609,0.001127226379784671,0.00243450423533266,5,0.0017312739383090637,0.0005596669184270609,0.001127226379784671,0.00243450423533266,5,0.004122574989249919,0.0005596669184270609,0.0034193446922263226,0.004726622547774312,5,0.7042503215006961,0.09560665561289747,0.5841190530436472,0.8074384232094085
loco_perturbed_iso,gnn_zero_edge_features,J,10%,111,11,0.0990990990990991,5,5,0.34478036433796994,0.0017893903410845595,0.34221449070468996,0.3470062964172526,5,0.005205159731999509,0.0017893903410845593,0.002639286098719551,0.007431091811282209,5,0.005205159731999509,0.0017893903410845593,0.002639286098719551,0.007431091811282209,5,0.015037895555747994,0.0017893903410845593,0.012811963476465293,0.01760376918902795,5,0.7428668914840127,0.08839527016297893,0.6329066089257771,0.8696201704138491
loco_perturbed_iso,gnn_zero_edge_features,J,25%,111,27,0.24324324324324326,5,5,0.3493577654236629,0.00032830196867069777,0.34904856329070927,0.3498016719430409,5,0.0032697448913973637,0.00032830196867069777,0.0029605427584437627,0.003713651410775398,5,0.0032697448913973637,0.00032830196867069777,0.0029605427584437627,0.003713651410775398,5,0.010460494470055037,0.00032830196867069777,0.010016587950677003,0.010769696603008638,5,0.7618581289575211,0.02391087001676052,0.7295275549819283,0.7843779208427002
loco_perturbed_iso,gnn_zero_edge_features,J,50%,111,55,0.4954954954954955,5,5,0.3530679886987941,0.00034873169533733645,0.3527099902098152,0.35356932846039085,5,0.0011041763190066446,0.0003487316953373364,0.0007461778300277278,0.0016055160806033864,5,0.0011041763190066446,0.0003487316953373364,0.0007461778300277278,0.0016055160806033864,5,0.006750271194923796,0.00034873169533733645,0.006248931433327054,0.007108269683902713,5,0.8594202434928354,0.044399264839294586,0.7955914686862589,0.9049993231599898
loco_perturbed_iso,gnn_mean,terminal,10%,111,11,0.0990990990990991,5,5,0.042338386990807275,0.0009406066262795866,0.04090002788738771,0.043328908695416016,5,0.003267559612339194,0.0009406066262795866,0.0018292005089196317,0.004258081316947937,5,0.003267559612339194,0.0009406066262795866,0.0018292005089196317,0.004258081316947937,5,0.011434570316722608,0.0009406066262795866,0.010444048612113864,0.01287292942014217,5,0.7777492357838448,0.06397757541376935,0.7103765687357341,0.8755826184542256
loco_perturbed_iso,gnn_mean,terminal,25%,111,27,0.24324324324324326,5,5,0.04637843111047038,0.0005213718147754962,0.04551777560953741,0.04684283349800993,5,0.0025651858084731654,0.0005213718147754963,0.0017045303075401905,0.0030295881960127127,5,0.0025651858084731654,0.0005213718147754963,0.0017045303075401905,0.0030295881960127127,5,0.007394526197059495,0.0005213718147754963,0.0069301238095199474,0.00825518169799247,5,0.7424437767830843,0.05234808139892723,0.6958156827898473,0.8288574703170818
loco_perturbed_iso,gnn_mean,terminal,50%,111,55,0.4954954954954955,5,5,0.049228505275466225,0.00039147751351827726,0.04881808100776239,0.049605475907975975,5,0.001309396895495328,0.00039147751351827726,0.0008989726277914903,0.0016863675280050783,5,0.001309396895495328,0.00039147751351827726,0.0008989726277914903,0.0016863675280050783,5,0.004544452032063655,0.00039147751351827726,0.0041674813995539045,0.0049548762997674925,5,0.7763186389503669,0.06687523343406832,0.7119215837521993,0.8464305042859458
loco_perturbed_iso,gnn_mean,J,10%,111,11,0.0990990990990991,5,5,0.34321800316768614,0.0011358827469519137,0.3417280910226206,0.34470629173359185,5,0.003642798561715732,0.0011358827469519137,0.0021528864166501793,0.005131087127621448,5,0.003642798561715732,0.0011358827469519137,0.0021528864166501793,0.005131087127621448,5,0.01660025672603177,0.0011358827469519137,0.015111968160126055,0.018090168871097323,5,0.820046998344138,0.056112218773587436,0.7465260527778563,0.8936481481650028
loco_perturbed_iso,gnn_mean,J,25%,111,27,0.24324324324324326,5,5,0.34868017472740676,0.0003367263449386855,0.34841529005954475,0.3492419729354205,5,0.002592154195141261,0.0003367263449386855,0.002327269527279241,0.0031539524031549693,5,0.002592154195141261,0.0003367263449386855,0.002327269527279241,0.0031539524031549693,5,0.011138085166311141,0.0003367263449386855,0.010576286958297432,0.01140296983417316,5,0.8112083754039479,0.02452443370244831,0.7702915207720501,0.8305004402317238
loco_perturbed_iso,gnn_mean,J,50%,111,55,0.4954954954954955,5,5,0.35293466527229456,0.00021839818655006242,0.3526864584772424,0.3531755481338637,5,0.0009708528925071013,0.00021839818655006242,0.0007226460974549265,0.0012117357540762375,5,0.0009708528925071013,0.00021839818655006242,0.0007226460974549265,0.0012117357540762375,5,0.006883594621423339,0.0002183981865500624,0.006642711759854203,0.007131801416475514,5,0.8763945025050811,0.02780567139352795,0.8457261631798882,0.9079952986924592
loco_plateau,fire_only,terminal,10%,103,10,0.0970873786407767,5,5,0.02796720262616873,0.0009154023880061402,0.02704231720417738,0.02895383443683386,5,0.0012666342407464976,0.0009154023880061402,0.00034174881875514984,0.0022532660514116287,5,0.0012666342407464976,0.0009154023880061402,0.00034174881875514984,0.0022532660514116287,5,0.09786899478726307,0.0009154023880061382,0.09688236297659794,0.09879388020925442,5,0.9872232188047285,0.009233838499652869,0.9772708755317929,0.9965527144770666
loco_plateau,fire_only,terminal,25%,103,25,0.24271844660194175,5,5,0.042219527626508165,0.0,0.042219527626508165,0.042219527626508165,5,0.0016634644960102293,0.0,0.0016634644960102293,0.0016634644960102293,5,0.0016634644960102293,0.0,0.0016634644960102293,0.0016634644960102293,5,0.08361666978692364,0.0,0.08361666978692364,0.08361666978692364,5,0.980494114954236,0.0,0.980494114954236,0.980494114954236
loco_plateau,fire_only,terminal,50%,103,51,0.49514563106796117,5,5,0.057269628616232506,7.757919228897728e-18,0.0572696286162325,0.0572696286162325,5,0.00013835961912192496,0.0,0.00013835961912192496,0.00013835961912192496,5,0.00013835961912192496,0.0,0.00013835961912192496,0.00013835961912192496,5,0.0685665687971993,0.0,0.0685665687971993,0.0685665687971993,5,0.9979861762131017,1.2412670766236366e-16,0.9979861762131018,0.9979861762131018
loco_plateau,fire_only,J,10%,103,10,0.0970873786407767,5,5,0.32262375237078716,0.0008426622909989417,0.322008358843935,0.32354684266106537,5,0.0013442572746425463,0.0008426622909989417,0.0007288637477904092,0.002267347564920752,5,0.0013442572746425463,0.0008426622909989417,0.0007288637477904092,0.002267347564920752,5,0.06652108298329185,0.0008426622909989417,0.06559799269301364,0.06713647651014398,5,0.9801922856419278,0.01241668114823049,0.9665904929334578,0.9892601474475744
loco_plateau,fire_only,J,25%,103,25,0.24271844660194175,5,5,0.3401943572547744,0.00023062903079082466,0.3397817955024279,0.34029749769286105,5,0.004187777052244534,0.00023062903079082466,0.0037752152998979938,0.00429091749033117,5,0.004187777052244534,0.00023062903079082466,0.0037752152998979938,0.00429091749033117,5,0.0489504780993046,0.00023062903079082466,0.04884733766121796,0.049363039851651136,5,0.9211909190412616,0.004340169434112495,0.9192499362635531,0.9289548501520954
loco_plateau,fire_only,J,50%,103,51,0.49514563106796117,5,5,0.3498039039411867,0.0,0.3498039039411867,0.3498039039411867,5,0.00042199451305879876,0.0,0.00042199451305879876,0.00042199451305879876,5,0.00042199451305879876,0.0,0.00042199451305879876,0.00042199451305879876,5,0.0393409314128923,0.0,0.0393409314128923,0.0393409314128923,5,0.9893872368988976,0.0,0.9893872368988976,0.9893872368988976
loco_plateau,global_stats,terminal,10%,103,10,0.0970873786407767,5,5,0.02744301352649927,0.0,0.02744301352649927,0.02744301352649927,5,0.0007424451410770402,0.0,0.0007424451410770402,0.0007424451410770402,5,0.0007424451410770402,0.0,0.0007424451410770402,0.0007424451410770402,5,0.09839318388693252,0.0,0.09839318388693252,0.09839318388693252,5,0.9925108142414946,0.0,0.9925108142414946,0.9925108142414946
loco_plateau,global_stats,terminal,25%,103,25,0.24271844660194175,5,5,0.041297367438673974,0.0001520335997681912,0.04109422169625759,0.04152260176837444,5,0.0007413043081760384,0.0001520335997681912,0.0005381585657596583,0.0009665386378765045,5,0.0007413043081760384,0.0001520335997681912,0.0005381585657596583,0.0009665386378765045,5,0.08453882997475784,0.0001520335997681912,0.08431359564505736,0.0847419757171742,5,0.9913074209555461,0.0017827551638672603,0.9886663096159086,0.9936895201879701
loco_plateau,global_stats,terminal,50%,103,51,0.49514563106796117,5,5,0.057269628616232506,7.757919228897728e-18,0.0572696286162325,0.0572696286162325,5,0.00013835961912192496,0.0,0.00013835961912192496,0.00013835961912192496,5,0.00013835961912192496,0.0,0.00013835961912192496,0.00013835961912192496,5,0.0685665687971993,0.0,0.0685665687971993,0.0685665687971993,5,0.9979861762131017,1.2412670766236366e-16,0.9979861762131018,0.9979861762131018
loco_plateau,global_stats,J,10%,103,10,0.0970873786407767,5,5,0.3232226311151559,0.0,0.3232226311151559,0.3232226311151559,5,0.0019431360190113045,0.0,0.0019431360190113045,0.0019431360190113045,5,0.0019431360190113045,0.0,0.0019431360190113045,0.0019431360190113045,5,0.06592220423892309,0.0,0.06592220423892309,0.06592220423892309,5,0.9713677701809779,1.2412670766236366e-16,0.971367770180978,0.971367770180978
loco_plateau,global_stats,J,25%,103,25,0.24271844660194175,5,5,0.33737633308582005,0.00029305367881114357,0.3372173443287611,0.3378922519329935,5,0.0013697528832901985,0.00029305367881114357,0.001210764126231223,0.0018856717304636117,5,0.0013697528832901985,0.00029305367881114357,0.001210764126231223,0.0018856717304636117,5,0.05176850226825893,0.00029305367881114357,0.05125258342108552,0.05192749102531791,5,0.9742228479391413,0.005514928519488647,0.9645138568233805,0.9772148309578824
loco_plateau,global_stats,J,50%,103,51,0.49514563106796117,5,5,0.3498039039411867,0.0,0.3498039039411867,0.3498039039411867,5,0.00042199451305879876,0.0,0.00042199451305879876,0.00042199451305879876,5,0.00042199451305879876,0.0,0.00042199451305879876,0.00042199451305879876,5,0.0393409314128923,0.0,0.0393409314128923,0.0393409314128923,5,0.9893872368988976,0.0,0.9893872368988976,0.9893872368988976
loco_plateau,deepsets,terminal,10%,103,10,0.0970873786407767,5,5,0.027907441072165966,0.0013965383405946457,0.02670056838542223,0.03010729104280472,5,0.0012068726867437366,0.0013965383405946457,0.0,0.0034067226573824896,5,0.0012068726867437366,0.0013965383405946457,0.0,0.0034067226573824896,5,0.09792875634126583,0.0013965383405946427,0.09572890637062709,0.09913562902800957,5,0.9878260449993942,0.014087148629480796,0.9656357387269924,1.0
loco_plateau,deepsets,terminal,25%,103,25,0.24271844660194175,5,5,0.040882470801472656,0.00020652194590621453,0.040629343166947364,0.04115372233092785,5,0.00032640767097472795,0.00020652194590621453,7.328003644942876e-05,0.0005976592004299161,5,0.00032640767097472795,0.00020652194590621453,7.328003644942876e-05,0.0005976592004299161,5,0.08495372661195914,0.00020652194590621564,0.08468247508250396,0.08520685424648444,5,0.9961725239562617,0.0024216887982497523,0.992991812155841,0.9991407138712247
loco_plateau,deepsets,terminal,50%,103,51,0.49514563106796117,5,5,0.057158940920934966,6.187630273952079e-05,0.057131268997110574,0.0572696286162325,5,2.7671923824384992e-05,6.18763027395208e-05,0.0,0.00013835961912192496,5,2.7671923824384992e-05,6.18763027395208e-05,0.0,0.00013835961912192496,5,0.06867725649249685,6.187630273952079e-05,0.0685665687971993,0.06870492841632123,5,0.9995972352426203,0.0009006093764420777,0.9979861762131018,1.0
loco_plateau,deepsets,J,10%,103,10,0.0970873786407767,5,5,0.3230037007307013,0.00040808073488586853,0.32272056095612545,0.32369419174579284,5,0.0017242056345566636,0.00040808073488586853,0.001441065859980828,0.002414696649648218,5,0.0017242056345566636,0.00040808073488586853,0.001441065859980828,0.002414696649648218,5,0.06614113462337773,0.00040808073488586853,0.06545064360828617,0.06642427439795356,5,0.97459372298137,0.006013094951486085,0.9644192950264342,0.9787658051296317
loco_plateau,deepsets,J,25%,103,25,0.24271844660194175,5,5,0.3367401158576211,0.00023988135715739646,0.3365465132755538,0.3371433057735364,5,0.0007335356550911664,0.00023988135715739646,0.0005399330730239127,0.001136725571006525,5,0.0007335356550911664,0.00023988135715739646,0.0005399330730239127,0.001136725571006525,5,0.05240471949645796,0.00023988135715739646,0.052001529580542605,0.05259832207852522,5,0.9861957143116736,0.004514287427640615,0.9786081502344288,0.9898390891555615
loco_plateau,deepsets,J,50%,103,51,0.49514563106796117,5,5,0.3494557001492848,0.00016500106861585075,0.34938190942812775,0.3497508630339129,5,7.379072115686336e-05,0.00016500106861585078,-1.6653345369377348e-16,0.00036895360578498293,5,7.379072115699658e-05,0.0001650010686157763,0.0,0.00036895360578498293,5,0.03968913520479424,0.00016500106861585078,0.039393972320166115,0.039762925925951265,5,0.9981442331156847,0.004149620903731437,0.9907211655784066,1.0000000000000042
loco_plateau,capacity_matched_deepsets,terminal,10%,103,10,0.0970873786407767,5,5,0.028032720685005185,0.0003049936796993895,0.02749972213059664,0.028278804011642934,5,0.0013321522995829594,0.0003049936796993895,0.0007991537451744087,0.0015782356262207045,5,0.0013321522995829594,0.0003049936796993895,0.0007991537451744087,0.0015782356262207045,5,0.09780347672842662,0.00030499367969938796,0.09755739340178887,0.09833647528283516,5,0.986562325647759,0.0030765294242821027,0.9840800361918843,0.9919387837348708
loco_plateau,capacity_matched_deepsets,terminal,25%,103,25,0.24271844660194175,5,5,0.041179606214165686,0.00015289790069043552,0.041015437468886376,0.04142070733010769,5,0.0006235430836677519,0.00015289790069043555,0.00045937433838844077,0.000864644199609757,5,0.0006235430836677519,0.00015289790069043555,0.00045937433838844077,0.000864644199609757,5,0.08465659119926612,0.00015289790069043566,0.08441549008332411,0.08482075994454542,5,0.9926882961792834,0.001792890008629309,0.989861129946851,0.9946133487915911
loco_plateau,capacity_matched_deepsets,terminal,50%,103,51,0.49514563106796117,5,5,0.057186612844759344,7.578268444090143e-05,0.057131268997110574,0.0572696286162325,5,5.5343847648769984e-05,7.578268444090143e-05,0.0,0.00013835961912192496,5,5.5343847648769984e-05,7.578268444090143e-05,0.0,0.00013835961912192496,5,0.06864958456867246,7.578268444090143e-05,0.0685665687971993,0.06870492841632123,5,0.9991944704852408,0.0011030167149246115,0.9979861762131018,1.0
loco_plateau,capacity_matched_deepsets,J,10%,103,10,0.0970873786407767,5,5,0.32314087019798654,0.0007136550633743968,0.32202812530100344,0.32369419174579284,5,0.0018613751018419443,0.0007136550633743968,0.0007486302048588245,0.002414696649648218,5,0.0018613751018419443,0.0007136550633743968,0.0007486302048588245,0.002414696649648218,5,0.06600396515609244,0.0007136550633743968,0.06545064360828617,0.06711671005307557,5,0.9725725223690406,0.010515751643799686,0.9644192950264342,0.9889688874760884
loco_plateau,capacity_matched_deepsets,J,25%,103,25,0.24271844660194175,5,5,0.33657370295723277,0.0001653994495845661,0.3363636191474895,0.3367680505886673,5,0.000567122754702909,0.0001653994495845661,0.0003570389449596423,0.0007614703861374417,5,0.000567122754702909,0.0001653994495845661,0.0003570389449596423,0.0007614703861374417,5,0.05257113239684622,0.0001653994495845661,0.05237678476541169,0.05278121620658949,5,0.989327411050937,0.003112624776874026,0.985670015246723,0.9932809433817242
loco_plateau,capacity_matched_deepsets,J,50%,103,51,0.49514563106796117,5,5,0.34939150526851803,1.3139645599856204e-05,0.34938190942812775,0.3494058990291033,5,9.595840390053122e-06,1.3139645599856202e-05,-1.6653345369377348e-16,2.3989600975382608e-05,5,9.595840390153043e-06,1.313964559976499e-05,0.0,2.3989600975382608e-05,5,0.03975333008556105,1.3139645599856202e-05,0.039738936324975715,0.039762925925951265,5,0.9997586736849314,0.0003304496662123203,0.9993966842123224,1.0000000000000042
loco_plateau,gnn,terminal,10%,103,10,0.0970873786407767,5,5,0.02731769192963839,0.00044595832091860055,0.02670056838542223,0.027821399085223675,5,0.0006171235442161561,0.00044595832091860055,0.0,0.0011208306998014457,5,0.0006171235442161561,0.00044595832091860055,0.0,0.0011208306998014457,5,0.09851850548379341,0.00044595832091859903,0.09801479832820813,0.09913562902800957,5,0.9937749570939648,0.00449846664908534,0.9886939669340802,1.0
loco_plateau,gnn,terminal,25%,103,25,0.24271844660194175,5,5,0.04093089713156224,0.0003344214032453936,0.04061707966029644,0.04142070733010769,5,0.00037483400106429893,0.0003344214032453936,6.101652979850769e-05,0.000864644199609757,5,0.00037483400106429893,0.0003344214032453936,6.101652979850769e-05,0.000864644199609757,5,0.08490530028186957,0.00033442140324539313,0.08441549008332411,0.08521911775313536,5,0.9956046738878165,0.003921445551854836,0.989861129946851,0.999284516490135
loco_plateau,gnn,terminal,50%,103,51,0.49514563106796117,5,5,0.057131268997110574,0.0,0.057131268997110574,0.057131268997110574,5,0.0,0.0,0.0,0.0,5,0.0,0.0,0.0,0.0,5,0.06870492841632123,0.0,0.06870492841632123,0.06870492841632123,5,1.0,0.0,1.0,1.0
loco_plateau,gnn,J,10%,103,10,0.0970873786407767,5,5,0.3225238247743497,0.00030736933195721724,0.32218899824966984,0.32280000546015797,5,0.0012443296782050917,0.00030736933195721724,0.0009095031535252263,0.00152051036401335,5,0.0012443296782050917,0.00030736933195721724,0.0009095031535252263,0.00152051036401335,5,0.0666210105797293,0.00030736933195721724,0.06634482989392104,0.06695583710440917,5,0.9816647249763164,0.004529106179811449,0.9775951854328826,0.9865984145947181
loco_plateau,gnn,J,25%,103,25,0.24271844660194175,5,5,0.3366260191800694,9.460119593754678e-05,0.3365053058676422,0.3367554591335356,5,0.0006194389775394993,9.460119593754678e-05,0.0004987256651123317,0.0007488789310057253,5,0.0006194389775394993,9.460119593754678e-05,0.0004987256651123317,0.0007488789310057253,5,0.05251881617400963,9.460119593754678e-05,0.052389376220543404,0.0526395294864368,5,0.9883428807405725,0.001780284197660369,0.9859069717500144,0.99061456452249
loco_plateau,gnn,J,50%,103,51,0.49514563106796117,5,5,0.3494676134538124,0.00013496966497225085,0.34938190942812775,0.3497043477420031,5,8.570402568449653e-05,0.00013496966497225088,-1.6653345369377348e-16,0.00032243831387518407,5,8.570402568456315e-05,0.000134969664972198,0.0,0.00032243831387518407,5,0.0396772219002666,0.00013496966497225085,0.039440487612075914,0.039762925925951265,5,0.9978446247682049,0.00339435949013407,0.9918909812000343,1.0000000000000042
loco_plateau,gnn_zero_edge_features,terminal,10%,103,10,0.0970873786407767,5,5,0.02785422086715698,0.0009426156146194769,0.02670056838542223,0.028870804235339165,5,0.001153652481734753,0.0009426156146194769,0.0,0.002170235849916935,5,0.001153652481734753,0.0009426156146194769,0.0,0.002170235849916935,5,0.0979819765462748,0.0009426156146194765,0.09696539317809263,0.09913562902800957,5,0.9883628873590059,0.009508343507389787,0.9781084170121747,1.0
loco_plateau,gnn_zero_edge_features,terminal,25%,103,25,0.24271844660194175,5,5,0.041656987741589546,0.0005991185641423825,0.04073236234486103,0.04235767997801304,5,0.001100924611091611,0.0005991185641423825,0.00017629921436309454,0.0018016168475151056,5,0.001100924611091611,0.0005991185641423825,0.00017629921436309454,0.0018016168475151056,5,0.08417920967184225,0.0005991185641423858,0.08347851743541876,0.08510383506857078,5,0.987090491585777,0.007025300431102633,0.9788741321450329,0.997932704775321
loco_plateau,gnn_zero_edge_features,terminal,50%,103,51,0.49514563106796117,5,5,0.057186612844759344,7.578268444090143e-05,0.057131268997110574,0.0572696286162325,5,5.5343847648769984e-05,7.578268444090143e-05,0.0,0.00013835961912192496,5,5.5343847648769984e-05,7.578268444090143e-05,0.0,0.00013835961912192496,5,0.06864958456867246,7.578268444090143e-05,0.0685665687971993,0.06870492841632123,5,0.9991944704852408,0.0011030167149246115,0.9979861762131018,1.0
loco_plateau,gnn_zero_edge_features,J,10%,103,10,0.0970873786407767,5,5,0.32290404625361163,0.00046926919391858363,0.32218899824966984,0.32340327052089074,5,0.0016245511574670135,0.00046926919391858363,0.0009095031535252263,0.0021237754247461216,5,0.0016245511574670135,0.00046926919391858363,0.0009095031535252263,0.0021237754247461216,5,0.06624078910046738,0.00046926919391858363,0.06574156483318827,0.06695583710440917,5,0.9760621378852207,0.006914710692306896,0.9687060373281217,0.9865984145947181
loco_plateau,gnn_zero_edge_features,J,25%,103,25,0.24271844660194175,5,5,0.3366904181910058,0.00021921235624097337,0.33648524402330326,0.3369628328395386,5,0.0006838379884758994,0.0002192123562409734,0.000478663820773384,0.0009562526370087143,5,0.0006838379884758994,0.0002192123562409734,0.000478663820773384,0.0009562526370087143,5,0.05245441716307323,0.00021921235624097337,0.052182002514540415,0.052659591330775746,5,0.9871309664473248,0.004125320931516925,0.9820044404114983,0.9909921050398014
loco_plateau,gnn_zero_edge_features,J,50%,103,51,0.49514563106796117,5,5,0.34946049806947993,0.00016265100017288036,0.34938190942812775,0.3497508630339129,5,7.858864135197318e-05,0.00016265100017288036,-1.6653345369377348e-16,0.00036895360578498293,5,7.858864135207311e-05,0.00016265100017282002,0.0,0.00036895360578498293,5,0.03968433728459912,0.00016265100017288036,0.039393972320166115,0.039762925925951265,5,0.9980235699581483,0.004090518903859829,0.9907211655784066,1.0000000000000042
loco_plateau,gnn_mean,terminal,10%,103,10,0.0970873786407767,5,5,0.02691740717738867,0.00032898394114383667,0.02670056838542223,0.02744301352649927,5,0.00021683879196643803,0.00032898394114383667,0.0,0.0007424451410770402,5,0.00021683879196643803,0.00032898394114383667,0.0,0.0007424451410770402,5,0.09891879023604314,0.00032898394114383943,0.09839318388693252,0.09913562902800957,5,0.9978127057437123,0.003318523767583996,0.9925108142414946,1.0
loco_plateau,gnn_mean,terminal,25%,103,25,0.24271844660194175,5,5,0.04152431870996952,0.0006679533776515489,0.04080528922379017,0.0424770300835371,5,0.0009682555794715858,0.0006679533776515489,0.0002492260932922333,0.0019209669530391646,5,0.0009682555794715858,0.0006679533776515489,0.0002492260932922333,0.0019209669530391646,5,0.08431187870346228,0.0006679533776515446,0.0833591673298947,0.08503090818964162,5,0.9886461766551726,0.007832461607476787,0.9774746256066393,0.9970775597929362
loco_plateau,gnn_mean,terminal,50%,103,51,0.49514563106796117,5,5,0.057158940920934966,6.18763027395208e-05,0.057131268997110574,0.0572696286162325,5,2.7671923824384992e-05,6.18763027395208e-05,0.0,0.00013835961912192496,5,2.7671923824384992e-05,6.18763027395208e-05,0.0,0.00013835961912192496,5,0.06867725649249685,6.187630273952079e-05,0.0685665687971993,0.06870492841632123,5,0.9995972352426203,0.0009006093764420777,0.9979861762131018,1.0
loco_plateau,gnn_mean,J,10%,103,10,0.0970873786407767,5,5,0.3223528064033016,0.0004946123810007064,0.32181105780260016,0.32272056095612545,5,0.0010733113071570322,0.0004946123810007064,0.0005315627064555462,0.001441065859980828,5,0.0010733113071570322,0.0004946123810007064,0.0005315627064555462,0.001441065859980828,5,0.06679202895077736,0.0004946123810007065,0.06642427439795356,0.06733377755147885,5,0.984184691286042,0.007288144126601896,0.9787658051296317,0.9921673905349144
loco_plateau,gnn_mean,J,25%,103,25,0.24271844660194175,5,5,0.33651647529279194,0.0003724284565154068,0.33626407799497243,0.33716667064030964,5,0.0005098950902620248,0.00037242845651540686,0.00025749779244255144,0.0011600904377797594,5,0.0005098950902620248,0.00037242845651540686,0.00025749779244255144,0.0011600904377797594,5,0.052628360061287106,0.0003724284565154068,0.05197816471376937,0.05288075735910658,5,0.9904043689652997,0.007008669280789325,0.9781684506863989,0.9951541918019668
loco_plateau,gnn_mean,J,50%,103,51,0.49514563106796117,5,5,0.34945257977600774,3.532879927097924e-05,0.34943495033540173,0.34951550350250565,5,7.067034787981985e-05,3.532879927097924e-05,5.304090727381583e-05,0.00013359407437774085,5,7.067034787981985e-05,3.532879927097924e-05,5.304090727381583e-05,0.00013359407437774085,5,0.03969225557807128,3.532879927097924e-05,0.03962933185157336,0.03970988501867728,5,0.9982227075539807,0.0008884859061118673,0.9966402353130017,0.998666071320491
loco_decay,fire_only,terminal,10%,113,11,0.09734513274336283,5,5,0.11953431636095047,0.0009210676624627619,0.11811150442470203,0.12026517106728121,5,0.014278404387560761,0.0009210676624627619,0.01285559245131232,0.015009259093891503,5,0.014278404387560761,0.0009210676624627619,0.01285559245131232,0.015009259093891503,5,0.13082970944653569,0.0009210676624627616,0.13009885474020497,0.13225252138278415,5,0.9016016126852465,0.006347458030609013,0.8965649907692155,0.9114067979271632
loco_decay,fire_only,terminal,25%,113,28,0.24778761061946902,5,5,0.12160928911396436,0.0004079045195140352,0.12101856623377119,0.12196343046213899,5,0.005037808705653466,0.0004079045195140352,0.004447085825460301,0.005391950053828101,5,0.005037808705653466,0.0004079045195140352,0.004447085825460301,0.005391950053828101,5,0.12875473669352183,0.0004079045195140311,0.1284005953453472,0.129345459573715,5,0.96234611808436,0.0030487836097073248,0.9596991742870203,0.9667613332851076
loco_decay,fire_only,terminal,50%,113,56,0.49557522123893805,5,5,0.13734968392444508,0.0,0.13734968392444508,0.13734968392444508,5,0.00036798976361751556,0.0,0.00036798976361751556,0.00036798976361751556,5,0.00036798976361751556,0.0,0.00036798976361751556,0.00036798976361751556,5,0.11301434188304112,1.5515838457795457e-17,0.1130143418830411,0.1130143418830411,5,0.996754434678903,0.0,0.996754434678903,0.996754434678903
loco_decay,fire_only,J,10%,113,11,0.09734513274336283,5,5,0.36872879946511805,0.001065835531981266,0.3673613225932826,0.37035709695969565,5,0.013979276576367328,0.001065835531981266,0.012611799704531856,0.01560757407094493,5,0.013979276576367328,0.001065835531981266,0.012611799704531856,0.01560757407094493,5,0.053479913912902965,0.001065835531981266,0.051851616418325364,0.05484739078473844,5,0.7927743206673847,0.01579970830143287,0.7686368016315377,0.8130454929408347
loco_decay,fire_only,J,25%,113,28,0.24778761061946902,5,5,0.3699520920213844,0.00041872110184978766,0.36941486896459186,0.3705917803228256,5,0.0076577170606880515,0.00041872110184978766,0.007120494003895528,0.008297405362129251,5,0.0076577170606880515,0.00041872110184978766,0.007120494003895528,0.008297405362129251,5,0.05225662135663663,0.00041872110184978766,0.051616933055195435,0.05279384441342916,5,0.8721889073138165,0.006988662695951773,0.861512192551725,0.8811554263639072
loco_decay,fire_only,J,50%,113,56,0.49557522123893805,5,5,0.3725682201385055,0.00016272941706849754,0.37249544533080464,0.3728593193693087,5,0.000758656566696514,0.00016272941706849754,0.0006858817589956989,0.001049755797499774,5,0.000758656566696514,0.00016272941706849754,0.0006858817589956989,0.001049755797499774,5,0.04964049323951556,0.00016272941706849757,0.0493493940087123,0.049713268047216375,5,0.984947036416019,0.0032288127417665568,0.979171160594253,0.9863910053714605
loco_decay,global_stats,terminal,10%,113,11,0.09734513274336283,5,5,0.11057267703793265,0.000958129928294901,0.10934815081683072,0.11153160509738055,5,0.005316765064542947,0.000958129928294901,0.0040922388434410095,0.006275693123990844,5,0.005316765064542947,0.000958129928294901,0.0040922388434410095,0.006275693123990844,5,0.13979134876955351,0.0009581299282949037,0.13883242071010563,0.14101587499065546,5,0.9633599739941376,0.0066028694259670576,0.9567516043164485,0.9717986904018358
loco_decay,global_stats,terminal,25%,113,28,0.24778761061946902,5,5,0.11765701068299157,0.001039607619681151,0.11691094535802092,0.11938902948583875,5,0.0010855302746806822,0.001039607619681151,0.0003394649497100305,0.0028175490775278617,5,0.0010855302746806822,0.001039607619681151,0.0003394649497100305,0.0028175490775278617,5,0.13270701512449462,0.001039607619681141,0.13097499632164744,0.13345308044946524,5,0.9918864666828636,0.007770295546582434,0.9789409113256529,0.9974627513909894
loco_decay,global_stats,terminal,50%,113,56,0.49557522123893805,5,5,0.1373064941859671,2.414379779179296e-05,0.13729569675134762,0.13734968392444508,5,0.00032480002513954884,2.414379779179296e-05,0.0003140025905200572,0.00036798976361751556,5,0.00032480002513954884,2.414379779179296e-05,0.0003140025905200572,0.00036798976361751556,5,0.11305753162151908,2.414379779179296e-05,0.1130143418830411,0.11306832905613856,5,0.9971353559198999,0.0002129414472356688,0.996754434678903,0.9972305862301492
loco_decay,global_stats,J,10%,113,11,0.09734513274336283,5,5,0.36028851116132554,0.000642116765074746,0.3598204482854767,0.361045987520254,5,0.0055389882725748185,0.000642116765074746,0.005070925396725989,0.006296464631503296,5,0.0055389882725748185,0.000642116765074746,0.005070925396725989,0.006296464631503296,5,0.061920202216695475,0.000642116765074746,0.061162725857767,0.062388265092544304,5,0.9178912727472497,0.009518595767568225,0.9066626120794501,0.9248297324656966
loco_decay,global_stats,J,25%,113,28,0.24778761061946902,5,5,0.3644971242617993,0.0004975715424848996,0.3636246913223572,0.36487048718679166,5,0.002202749301102991,0.0004975715424848996,0.001330316361660866,0.0025761122260953284,5,0.002202749301102991,0.0004975715424848996,0.001330316361660866,0.0025761122260953284,5,0.05771158911622169,0.0004975715424848996,0.05733822619122936,0.05858402205566382,5,0.9632350225456875,0.00830471562615171,0.9570034102996884,0.9777963606575317
loco_decay,global_stats,J,50%,113,56,0.49557522123893805,5,5,0.37249544533080464,0.0,0.37249544533080464,0.37249544533080464,5,0.0006858817589956989,0.0,0.0006858817589956989,0.0006858817589956989,5,0.0006858817589956989,0.0,0.0006858817589956989,0.0006858817589956989,5,0.049713268047216375,0.0,0.049713268047216375,0.049713268047216375,5,0.9863910053714605,0.0,0.9863910053714605,0.9863910053714605
loco_decay,deepsets,terminal,10%,113,11,0.09734513274336283,5,5,0.11132403368299656,0.001460090569103104,0.10945541682568463,0.11298302831974896,5,0.006068121709606864,0.001460090569103104,0.004199504852294922,0.007727116346359253,5,0.006068121709606864,0.001460090569103104,0.004199504852294922,0.007727116346359253,5,0.13903999212448961,0.0014600905691030995,0.13738099748773722,0.14090860898180155,5,0.9581820647428122,0.010062087711872794,0.9467492468739981,0.9710594759911478
loco_decay,deepsets,terminal,25%,113,28,0.24778761061946902,5,5,0.11854673884809015,0.0009800828922561975,0.117333267682365,0.11967834883502551,5,0.0019752584397792787,0.0009800828922561975,0.0007617872740541126,0.0031068684267146207,5,0.0019752584397792787,0.0009800828922561975,0.0007617872740541126,0.0031068684267146207,5,0.131817286959396,0.0009800828922561932,0.13068567697246067,0.13303075812512116,5,0.9852364088456047,0.007325392377670036,0.9767784638714724,0.9943062053884892
loco_decay,deepsets,terminal,50%,113,56,0.49557522123893805,5,5,0.13735976440033743,8.772824139510135e-05,0.13729569675134762,0.13745586587382214,5,0.0003780702395098645,8.772824139510135e-05,0.0003140025905200572,0.0004741717129945755,5,0.0003780702395098645,8.772824139510135e-05,0.0003140025905200572,0.0004741717129945755,5,0.11300426140714874,8.772824139510135e-05,0.11290815993366404,0.11306832905613856,5,0.9966655277412351,0.0007737382017200045,0.995817940007864,0.9972305862301492
loco_decay,deepsets,J,10%,113,11,0.09734513274336283,5,5,0.3581267246547522,0.0009492119290765922,0.35743917086246335,0.3596950159436374,5,0.0033772017660014587,0.0009492119290765922,0.0026896479737126278,0.004945493054886674,5,0.0033772017660014587,0.0009492119290765922,0.0026896479737126278,0.004945493054886674,5,0.06408198872326884,0.0009492119290765922,0.06251369743438362,0.06476954251555767,5,0.9499371139572359,0.01407090601283703,0.9266891135363791,0.9601292580861843
loco_decay,deepsets,J,25%,113,28,0.24778761061946902,5,5,0.3647137782456619,0.00037787145154374765,0.36412657413498634,0.36515747165706536,5,0.0024194032849656154,0.00037787145154374765,0.0018321991742900057,0.0028630966963690274,5,0.0024194032849656154,0.00037787145154374765,0.0018321991742900057,0.0028630966963690274,5,0.05749493513235907,0.00037787145154374765,0.05705124172095566,0.05808213924303468,5,0.9596189601875661,0.006306861788437663,0.9522134972696095,0.9694196877961317
loco_decay,deepsets,J,50%,113,56,0.49557522123893805,5,5,0.37230578317905644,0.00022617135158868942,0.3719084293548284,0.3724788637554628,5,0.0004962196072475055,0.0002261713515886894,9.886578301943061e-05,0.0006693001836538537,5,0.0004962196072475055,0.0002261713515886894,9.886578301943061e-05,0.0006693001836538537,5,0.049902930198964565,0.0002261713515886894,0.04972984962255822,0.05030028402319264,5,0.9901542067841322,0.0044876025182633665,0.9867200104321728,0.9980383442300202
loco_decay,capacity_matched_deepsets,terminal,10%,113,11,0.09734513274336283,5,5,0.10943474796685307,0.0006682554225753147,0.10845082930543205,0.11009620875120163,5,0.004178835993463345,0.0006682554225753147,0.0031949173320423435,0.00484029677781192,5,0.004178835993463345,0.0006682554225753147,0.0031949173320423435,0.00484029677781192,5,0.1409292778406331,0.0006682554225753213,0.14026781705628455,0.14191319650205414,5,0.9712019136418446,0.00460522437318249,0.9666435139295803,0.9779825038888238
loco_decay,capacity_matched_deepsets,terminal,25%,113,28,0.24778761061946902,5,5,0.11909851096570492,0.0005707659122289122,0.11828899782683168,0.11967057761337076,5,0.0025270305573940276,0.0005707659122289122,0.0017175174185207892,0.003099097205059867,5,0.0025270305573940276,0.0005707659122289122,0.0017175174185207892,0.003099097205059867,5,0.13126551484178126,0.0005707659122289093,0.13069344819411544,0.1320750279806545,5,0.9811123216928527,0.004266051673701332,0.9768365479869332,0.9871628317302994
loco_decay,capacity_matched_deepsets,terminal,50%,113,56,0.49557522123893805,5,5,0.13735976440033743,8.772824139510135e-05,0.13729569675134762,0.13745586587382214,5,0.0003780702395098645,8.772824139510135e-05,0.0003140025905200572,0.0004741717129945755,5,0.0003780702395098645,8.772824139510135e-05,0.0003140025905200572,0.0004741717129945755,5,0.11300426140714874,8.772824139510135e-05,0.11290815993366404,0.11306832905613856,5,0.9966655277412351,0.0007737382017200045,0.995817940007864,0.9972305862301492
loco_decay,capacity_matched_deepsets,J,10%,113,11,0.09734513274336283,5,5,0.3571160975290519,0.0010581971063214793,0.35522377533894595,0.3576348237919085,5,0.0023665746403011443,0.0010581971063214793,0.0004742524501952228,0.0028853009031577503,5,0.0023665746403011443,0.0010581971063214793,0.0004742524501952228,0.0028853009031577503,5,0.06509261584896915,0.0010581971063214793,0.06457388958611254,0.06698493803907507,5,0.9649184251524993,0.015686477982415025,0.957228942680291,0.9929697874113883
loco_decay,capacity_matched_deepsets,J,25%,113,28,0.24778761061946902,5,5,0.3648916803575342,0.0007527494585862571,0.36374513935962954,0.36570945539112604,5,0.0025973053968379014,0.0007527494585862572,0.001450764398933213,0.0034150804304297067,5,0.0025973053968379014,0.0007527494585862572,0.001450764398933213,0.0034150804304297067,5,0.05731703302048678,0.0007527494585862572,0.05649925798689498,0.05846357401839147,5,0.9566496857772717,0.012563761504685073,0.9430006152009481,0.9757860232248895
loco_decay,capacity_matched_deepsets,J,50%,113,56,0.49557522123893805,5,5,0.37231442474649246,0.00022781239629045003,0.3719219675453912,0.37251670800615105,5,0.0005048611746835019,0.00022781239629045003,0.00011240397358225351,0.0007071444343421107,5,0.0005048611746835019,0.00022781239629045003,0.00011240397358225351,0.0007071444343421107,5,0.049894288631528574,0.00022781239629045003,0.04969200537186996,0.05028674583262982,5,0.9899827442203939,0.004520163478280958,0.9859691197756087,0.99776972480658
loco_decay,gnn,terminal,10%,113,11,0.09734513274336283,5,5,0.10902271893891421,0.0010794855914448027,0.10785346545956352,0.10999470813707872,5,0.003766806965524505,0.0010794855914448027,0.002597553486173812,0.00473879616368901,5,0.003766806965524505,0.0010794855914448027,0.002597553486173812,0.00473879616368901,5,0.14134130686857196,0.0010794855914448,0.14036931767040745,0.14251056034792264,5,0.9740413760058164,0.00743918146905961,0.9673429966217676,0.982099185100403
loco_decay,gnn,terminal,25%,113,28,0.24778761061946902,5,5,0.11837720152522835,0.00048482184236004356,0.11783484875091485,0.11910223295646054,5,0.0018057211169174748,0.00048482184236004356,0.00126336834260396,0.002530752548149648,5,0.0018057211169174748,0.00048482184236004356,0.00126336834260396,0.002530752548149648,5,0.1319868242822578,0.000484821842360046,0.13126179285102563,0.13252917705657133,5,0.9865035745337677,0.003623683523723716,0.981084502573749,0.9905572590846923
loco_decay,gnn,terminal,50%,113,56,0.49557522123893805,5,5,0.13745202903768847,0.0003272690311684701,0.13704470292265927,0.13795402659369366,5,0.000470334876860895,0.00032726903116847,6.300876183171211e-05,0.0009723324328660965,5,0.000470334876860895,0.00032726903116847,6.300876183171211e-05,0.0009723324328660965,5,0.11291199676979773,0.0003272690311684701,0.11240999921379252,0.1133193228848269,5,0.9958517798141016,0.00288642001284961,0.9914243037804493,0.9994442805954276
loco_decay,gnn,J,10%,113,11,0.09734513274336283,5,5,0.3574926392564719,0.0008782101468044523,0.3563873812443379,0.35867798713346316,5,0.002743116367721188,0.0008782101468044523,0.0016378583555871629,0.003928464244712437,5,0.002743116367721188,0.0008782101468044523,0.0016378583555871629,0.003928464244712437,5,0.0647160741215491,0.0008782101468044523,0.06353072624455786,0.06582133213368313,5,0.9593366545340105,0.0130183914220574,0.9417653218750486,0.9757207528921108
loco_decay,gnn,J,25%,113,28,0.24778761061946902,5,5,0.3643299213823464,0.0003683198514498107,0.3638475455299375,0.36486317705407384,5,0.002035546421650003,0.0003683198514498107,0.0015531705692411468,0.002568802093377509,5,0.002035546421650003,0.0003683198514498107,0.0015531705692411468,0.002568802093377509,5,0.05787879199567468,0.0003683198514498107,0.05734553632394718,0.05836116784808354,5,0.9660257214646734,0.006147440849372876,0.9571254200374393,0.9740768134929112
loco_decay,gnn,J,50%,113,56,0.49557522123893805,5,5,0.37198679361780657,4.3806954756483184e-05,0.3719084293548284,0.37200638468355113,5,0.00017723004599763393,4.3806954756483184e-05,9.886578301943061e-05,0.00019682111174218475,5,0.00017723004599763393,4.3806954756483184e-05,9.886578301943061e-05,0.00019682111174218475,5,0.05022191976021444,4.3806954756483184e-05,0.05020232869446989,0.05030028402319264,5,0.9964834715133272,0.0008692002727213368,0.996094753334154,0.9980383442300202
loco_decay,gnn_zero_edge_features,terminal,10%,113,11,0.09734513274336283,5,5,0.10950101519172842,0.0018747273711415442,0.10785346545956352,0.11157826401970604,5,0.004245103218338711,0.0018747273711415442,0.002597553486173812,0.006322352046316329,5,0.004245103218338711,0.0018747273711415442,0.002597553486173812,0.006322352046316329,5,0.14086301061575773,0.0018747273711415397,0.13878576178778013,0.14251056034792264,5,0.9707452388004147,0.012919521325216449,0.9564300583939451,0.982099185100403
loco_decay,gnn_zero_edge_features,terminal,25%,113,28,0.24778761061946902,5,5,0.11860800864441054,0.000820506882159646,0.1177594776132277,0.1199715728206294,5,0.002036528236099652,0.000820506882159646,0.0011879972049168158,0.003400092412318506,5,0.002036528236099652,0.000820506882159646,0.0011879972049168158,0.003400092412318506,5,0.13175601716307564,0.0008205068821596494,0.13039245298685678,0.1326045481942585,5,0.9847784625815766,0.006132680110925728,0.9745868321573956,0.9911206024119478
loco_decay,gnn_zero_edge_features,terminal,50%,113,56,0.49557522123893805,5,5,0.13742383204932723,7.162980914990245e-05,0.13729569675134762,0.13745586587382214,5,0.00044213788849967184,7.162980914990245e-05,0.0003140025905200572,0.0004741717129945755,5,0.00044213788849967184,7.162980914990245e-05,0.0003140025905200572,0.0004741717129945755,5,0.11294019375815893,7.162980914990245e-05,0.11290815993366404,0.11306832905613856,5,0.9961004692523211,0.0006317545962375509,0.995817940007864,0.9972305862301492
loco_decay,gnn_zero_edge_features,J,10%,113,11,0.09734513274336283,5,5,0.3576989417963407,0.0012854030653972042,0.3563873812443379,0.35946351140737537,5,0.0029494189075899846,0.0012854030653972042,0.0016378583555871629,0.0047139885186246455,5,0.0029494189075899846,0.0012854030653972042,0.0016378583555871629,0.0047139885186246455,5,0.06450977158168031,0.0012854030653972042,0.06274520197064565,0.06582133213368313,5,0.9562784716774937,0.01905452846490434,0.9301208851687239,0.9757207528921108
loco_decay,gnn_zero_edge_features,J,25%,113,28,0.24778761061946902,5,5,0.3648264257170792,0.00037040036303998415,0.3644222864770286,0.36536563488300006,5,0.0025320507563828865,0.0003704003630399841,0.0021279115163322926,0.0030712599223037262,5,0.0025320507563828865,0.0003704003630399841,0.0021279115163322926,0.0030712599223037262,5,0.0573822876609418,0.00037040036303998404,0.05684307849502096,0.057786426900992394,5,0.9577388180647801,0.006182165618854286,0.9487391498690796,0.9644841022609542
loco_decay,gnn_zero_edge_features,J,50%,113,56,0.49557522123893805,5,5,0.3725720955890471,0.0001074931864051962,0.372379805931511,0.37262016800343106,5,0.0007625320172381045,0.0001074931864051962,0.0005702423597020445,0.0008106044316221195,5,0.0007625320172381045,0.0001074931864051962,0.0005702423597020445,0.0008106044316221195,5,0.04963661778897397,0.0001074931864051962,0.049588545374589954,0.04982890744651003,5,0.9848701412589282,0.002132837296234468,0.9839163074230628,0.9886854766023899
loco_decay,gnn_mean,terminal,10%,113,11,0.09734513274336283,5,5,0.11084517403082414,0.0013921190690395157,0.10845082930543205,0.11171666261824695,5,0.00558926205743443,0.0013921190690395157,0.0031949173320423435,0.006460750644857238,5,0.00558926205743443,0.0013921190690395157,0.0031949173320423435,0.006460750644857238,5,0.13951885177666204,0.0013921190690395215,0.13864736318923923,0.14191319650205414,5,0.9614820845661003,0.009593668005575104,0.9554762964375384,0.9779825038888238
loco_decay,gnn_mean,terminal,25%,113,28,0.24778761061946902,5,5,0.11862475605947631,0.0010803819959641966,0.11768482678702899,0.12039909618241447,5,0.002053275651165418,0.0010803819959641964,0.0011133463787180997,0.0038276157741035793,5,0.002053275651165418,0.0010803819959641964,0.0011133463787180997,0.0038276157741035793,5,0.1317392697480099,0.0010803819959641935,0.12996492962507172,0.1326791990204572,5,0.9846532880808911,0.00807505375386072,0.9713914122593025,0.9916785619453132
loco_decay,gnn_mean,terminal,50%,113,56,0.49557522123893805,5,5,0.1373736332835896,0.00018387766172591773,0.13704470292265927,0.13745586587382214,5,0.0003919391227620028,0.00018387766172591776,6.300876183171211e-05,0.0004741717129945755,5,0.0003919391227620028,0.00018387766172591776,6.300876183171211e-05,0.0004741717129945755,5,0.11299039252389662,0.00018387766172591776,0.11290815993366404,0.1133193228848269,5,0.9965432081253768,0.0016217488126717046,0.995817940007864,0.9994442805954276
loco_decay,gnn_mean,J,10%,113,11,0.09734513274336283,5,5,0.3570073211926854,0.0009160727822738347,0.3559436501991568,0.358381149635622,5,0.0022577983039346883,0.0009160727822738347,0.001194127310406079,0.003631626746871286,5,0.0022577983039346883,0.0009160727822738347,0.001194127310406079,0.003631626746871286,5,0.0652013921853356,0.0009160727822738347,0.06382756374239901,0.06626506317886421,5,0.9665309013114559,0.013579658688900813,0.9461655747640655,0.9822985229774435
loco_decay,gnn_mean,J,25%,113,28,0.24778761061946902,5,5,0.3641261522604951,0.00019572325064005062,0.36390523044170725,0.36443977643558306,5,0.0018317772997987424,0.00019572325064005062,0.00161085548101092,0.0021454014748867323,5,0.0018317772997987424,0.00019572325064005062,0.00161085548101092,0.0021454014748867323,5,0.058082561117525945,0.00019572325064005062,0.057768936942437954,0.058303482936313766,5,0.9694267290904598,0.003266718047969892,0.9641921861851624,0.9731140237284982
loco_decay,gnn_mean,J,50%,113,56,0.49557522123893805,5,5,0.3721097707808284,0.00034419818551180556,0.3719084293548284,0.37271922582738276,5,0.00030020720901940967,0.00034419818551180556,9.886578301943061e-05,0.0009096622555738176,5,0.00030020720901940967,0.00034419818551180556,9.886578301943061e-05,0.0009096622555738176,5,0.050098942597192664,0.00034419818551180556,0.049489487550638256,0.05030028402319264,5,0.9940434072762393,0.006829444282994276,0.9819508412528479,0.9980383442300202
loco_log_variant,fire_only,terminal,10%,69,6,0.08695652173913043,5,5,0.005281683581415564,0.0,0.005281683581415564,0.005281683581415564,5,0.0,0.0,0.0,0.0,5,0.0,0.0,0.0,0.0,5,0.19554392292343106,0.0,0.19554392292343106,0.19554392292343106,5,1.0,0.0,1.0,1.0
loco_log_variant,fire_only,terminal,25%,69,17,0.2463768115942029,5,5,0.03286140737370314,0.0,0.03286140737370314,0.03286140737370314,5,0.0021190161214155318,0.0,0.0021190161214155318,0.0021190161214155318,5,0.0021190161214155318,0.0,0.0021190161214155318,0.0021190161214155318,5,0.1679641991311435,0.0,0.1679641991311435,0.1679641991311435,5,0.9875412978390081,1.2412670766236366e-16,0.987541297839008,0.987541297839008
loco_log_variant,fire_only,terminal,50%,69,34,0.4927536231884058,5,5,0.08832982213660966,0.0,0.08832982213660966,0.08832982213660966,5,0.0004657695398611189,0.0,0.0004657695398611189,0.0004657695398611189,5,0.0004657695398611189,0.0,0.0004657695398611189,0.0004657695398611189,5,0.11249578436823697,0.0,0.11249578436823697,0.11249578436823697,5,0.9958767428054323,0.0,0.9958767428054323,0.9958767428054323
loco_log_variant,fire_only,J,10%,69,6,0.08695652173913043,5,5,0.28897067469095217,0.0,0.28897067469095217,0.28897067469095217,5,0.0002971494428089527,0.0,0.0002971494428089527,0.0002971494428089527,5,0.0002971494428089527,0.0,0.0002971494428089527,0.0002971494428089527,5,0.1960676980922142,0.0,0.1960676980922142,0.1960676980922142,5,0.9984867482823983,1.2412670766236366e-16,0.9984867482823984,0.9984867482823984
loco_log_variant,fire_only,J,25%,69,17,0.2463768115942029,5,5,0.3283804486917136,0.0,0.3283804486917136,0.3283804486917136,5,0.0027292965600888563,0.0,0.0027292965600888563,0.0027292965600888563,5,0.0027292965600888563,0.0,0.0027292965600888563,0.0027292965600888563,5,0.15665792409145274,0.0,0.15665792409145274,0.15665792409145274,5,0.9828763149960702,0.0,0.9828763149960702,0.9828763149960702
loco_log_variant,fire_only,J,50%,69,34,0.4927536231884058,5,5,0.3867782191916965,0.0,0.3867782191916965,0.3867782191916965,5,0.0007342091779791171,0.0,0.0007342091779791171,0.0007342091779791171,5,0.0007342091779791171,0.0,0.0007342091779791171,0.0007342091779791171,5,0.09826015359146983,0.0,0.09826015359146983,0.09826015359146983,5,0.9925833233586336,0.0,0.9925833233586336,0.9925833233586336
loco_log_variant,global_stats,terminal,10%,69,6,0.08695652173913043,5,5,0.006768857156081745,0.0008313553018237356,0.005281683581415564,0.007140650549748291,5,0.0014871735746661819,0.0008313553018237356,0.0,0.0018589669683327275,5,0.0014871735746661819,0.0008313553018237356,0.0,0.0018589669683327275,5,0.1940567493487649,0.0008313553018237398,0.19368495595509833,0.19554392292343106,5,0.9923946827268647,0.004251501603295901,0.990493353408581,1.0
loco_log_variant,global_stats,terminal,25%,69,17,0.2463768115942029,5,5,0.03074239125228761,0.0,0.03074239125228761,0.03074239125228761,5,0.0,0.0,0.0,0.0,5,0.0,0.0,0.0,0.0,5,0.170083215252559,0.0,0.170083215252559,0.170083215252559,5,1.0,0.0,1.0,1.0
loco_log_variant,global_stats,terminal,50%,69,34,0.4927536231884058,5,5,0.08832982213660966,0.0,0.08832982213660966,0.08832982213660966,5,0.0004657695398611189,0.0,0.0004657695398611189,0.0004657695398611189,5,0.0004657695398611189,0.0,0.0004657695398611189,0.0004657695398611189,5,0.11249578436823697,0.0,0.11249578436823697,0.11249578436823697,5,0.9958767428054323,0.0,0.9958767428054323,0.9958767428054323
loco_log_variant,global_stats,J,10%,69,6,0.08695652173913043,5,5,0.28897067469095217,0.0,0.28897067469095217,0.28897067469095217,5,0.0002971494428089527,0.0,0.0002971494428089527,0.0002971494428089527,5,0.0002971494428089527,0.0,0.0002971494428089527,0.0002971494428089527,5,0.1960676980922142,0.0,0.1960676980922142,0.1960676980922142,5,0.9984867482823983,1.2412670766236366e-16,0.9984867482823984,0.9984867482823984
loco_log_variant,global_stats,J,25%,69,17,0.2463768115942029,5,5,0.32565115213162477,0.0,0.32565115213162477,0.32565115213162477,5,0.0,0.0,0.0,0.0,5,0.0,0.0,0.0,0.0,5,0.1593872206515416,0.0,0.1593872206515416,0.1593872206515416,5,1.0,0.0,1.0,1.0
loco_log_variant,global_stats,J,50%,69,34,0.4927536231884058,5,5,0.3867782191916965,0.0,0.3867782191916965,0.3867782191916965,5,0.0007342091779791171,0.0,0.0007342091779791171,0.0007342091779791171,5,0.0007342091779791171,0.0,0.0007342091779791171,0.0007342091779791171,5,0.09826015359146983,0.0,0.09826015359146983,0.09826015359146983,5,0.9925833233586336,0.0,0.9925833233586336,0.9925833233586336
loco_log_variant,deepsets,terminal,10%,69,6,0.08695652173913043,5,5,0.010914993577171118,0.0022401725361744277,0.009913157962728292,0.014922336034942418,5,0.005633309995755553,0.0022401725361744277,0.004631474381312728,0.009640652453526855,5,0.005633309995755553,0.0022401725361744277,0.004631474381312728,0.009640652453526855,5,0.1899106129276755,0.0022401725361744272,0.1859032704699042,0.19091244854211833,5,0.9711915874881912,0.011456109209037443,0.9506982763289359,0.976314915278005
loco_log_variant,deepsets,terminal,25%,69,17,0.2463768115942029,5,5,0.03074239125228761,0.0,0.03074239125228761,0.03074239125228761,5,0.0,0.0,0.0,0.0,5,0.0,0.0,0.0,0.0,5,0.170083215252559,0.0,0.170083215252559,0.170083215252559,5,1.0,0.0,1.0,1.0
loco_log_variant,deepsets,terminal,50%,69,34,0.4927536231884058,5,5,0.08795720650472076,0.00020829847059565198,0.08786405259674854,0.08832982213660966,5,9.315390797222378e-05,0.00020829847059565198,0.0,0.0004657695398611189,5,9.315390797222378e-05,0.00020829847059565198,0.0,0.0004657695398611189,5,0.11286840000012588,0.00020829847059565196,0.11249578436823697,0.11296155390809809,5,0.9991753485610865,0.0018439766751537094,0.9958767428054323,1.0
loco_log_variant,deepsets,J,10%,69,6,0.08695652173913043,5,5,0.2886735252481433,0.0,0.2886735252481433,0.2886735252481433,5,1.1102230246251565e-16,0.0,1.1102230246251565e-16,1.1102230246251565e-16,5,1.1102230246251565e-16,0.0,1.1102230246251565e-16,1.1102230246251565e-16,5,0.19636484753502303,0.0,0.19636484753502303,0.19636484753502303,5,0.9999999999999994,0.0,0.9999999999999994,0.9999999999999994
loco_log_variant,deepsets,J,25%,69,17,0.2463768115942029,5,5,0.32565115213162477,0.0,0.32565115213162477,0.32565115213162477,5,0.0,0.0,0.0,0.0,5,0.0,0.0,0.0,0.0,5,0.1593872206515416,0.0,0.1593872206515416,0.1593872206515416,5,1.0,0.0,1.0,1.0
loco_log_variant,deepsets,J,50%,69,34,0.4927536231884058,5,5,0.38604401001371746,0.0,0.38604401001371746,0.38604401001371746,5,5.551115123125783e-17,0.0,5.551115123125783e-17,5.551115123125783e-17,5,5.551115123125783e-17,0.0,5.551115123125783e-17,5.551115123125783e-17,5,0.0989943627694489,0.0,0.0989943627694489,0.0989943627694489,5,0.9999999999999994,0.0,0.9999999999999994,0.9999999999999994
loco_log_variant,capacity_matched_deepsets,terminal,10%,69,6,0.08695652173913043,5,5,0.01087773620771865,0.0021568625254158886,0.009913157962728292,0.014736049187680086,5,0.005596052626303087,0.0021568625254158886,0.004631474381312728,0.009454365606264522,5,0.005596052626303087,0.0021568625254158886,0.004631474381312728,0.009454365606264522,5,0.18994787029712795,0.002156862525415892,0.18608955731716653,0.19091244854211833,5,0.9713821194612408,0.011030066765411302,0.9516509361941841,0.976314915278005
loco_log_variant,capacity_matched_deepsets,terminal,25%,69,17,0.2463768115942029,5,5,0.03074239125228761,0.0,0.03074239125228761,0.03074239125228761,5,0.0,0.0,0.0,0.0,5,0.0,0.0,0.0,0.0,5,0.170083215252559,0.0,0.170083215252559,0.170083215252559,5,1.0,0.0,1.0,1.0
loco_log_variant,capacity_matched_deepsets,terminal,50%,69,34,0.4927536231884058,5,5,0.08823366731008078,0.0005061157901946669,0.08786405259674854,0.08878808938007911,5,0.00036961471333222807,0.000506115790194667,0.0,0.0009240367833305702,5,0.00036961471333222807,0.000506115790194667,0.0,0.0009240367833305702,5,0.11259193919476584,0.0005061157901946669,0.11203751712476752,0.11296155390809809,5,0.9967279600842518,0.004480425177281365,0.9918199002106297,1.0
loco_log_variant,capacity_matched_deepsets,J,10%,69,6,0.08695652173913043,5,5,0.2889112448023904,0.00013288927071935123,0.2886735252481433,0.28897067469095217,5,0.0002377195542471844,0.00013288927071935123,1.1102230246251565e-16,0.0002971494428089527,5,0.0002377195542471844,0.00013288927071935123,1.1102230246251565e-16,0.0002971494428089527,5,0.19612712798077597,0.00013288927071935123,0.1960676980922142,0.19636484753502303,5,0.9987893986259186,0.0006767467415248673,0.9984867482823984,0.9999999999999994
loco_log_variant,capacity_matched_deepsets,J,25%,69,17,0.2463768115942029,5,5,0.32565115213162477,0.0,0.32565115213162477,0.32565115213162477,5,0.0,0.0,0.0,0.0,5,0.0,0.0,0.0,0.0,5,0.1593872206515416,0.0,0.1593872206515416,0.1593872206515416,5,1.0,0.0,1.0,1.0
loco_log_variant,capacity_matched_deepsets,J,50%,69,34,0.4927536231884058,5,5,0.38604401001371746,0.0,0.38604401001371746,0.38604401001371746,5,5.551115123125783e-17,0.0,5.551115123125783e-17,5.551115123125783e-17,5,5.551115123125783e-17,0.0,5.551115123125783e-17,5.551115123125783e-17,5,0.0989943627694489,0.0,0.0989943627694489,0.0989943627694489,5,0.9999999999999994,0.0,0.9999999999999994,0.9999999999999994
loco_log_variant,gnn,terminal,10%,69,6,0.08695652173913043,5,5,0.010770568856969477,0.0038745958572833318,0.007140650549748291,0.014922336034942418,5,0.005488885275553912,0.0038745958572833318,0.0018589669683327275,0.009640652453526855,5,0.005488885275553912,0.0038745958572833318,0.0018589669683327275,0.009640652453526855,5,0.19005503764787718,0.0038745958572833296,0.1859032704699042,0.19368495595509833,5,0.9719301669236573,0.019814452933934964,0.9506982763289359,0.990493353408581
loco_log_variant,gnn,terminal,25%,69,17,0.2463768115942029,5,5,0.03074239125228761,0.0,0.03074239125228761,0.03074239125228761,5,0.0,0.0,0.0,0.0,5,0.0,0.0,0.0,0.0,5,0.170083215252559,0.0,0.170083215252559,0.170083215252559,5,1.0,0.0,1.0,1.0
loco_log_variant,gnn,terminal,50%,69,34,0.4927536231884058,5,5,0.08806250582325877,0.0002725901276711049,0.08786405259674854,0.08839054918943849,5,0.00019845322651021458,0.0002725901276711049,0.0,0.000526496592689954,5,0.00019845322651021458,0.0002725901276711049,0.0,0.000526496592689954,5,0.11276310068158787,0.0002725901276711049,0.11243505731540814,0.11296155390809809,5,0.9982431790317644,0.002413123033814459,0.9953391523533901,1.0
loco_log_variant,gnn,J,10%,69,6,0.08695652173913043,5,5,0.2892400186053904,0.0006022713020098075,0.28897067469095217,0.2903173942631434,5,0.0005664933572471998,0.0006022713020098074,0.0002971494428089527,0.0016438690150001878,5,0.0005664933572471998,0.0006022713020098074,0.0002971494428089527,0.0016438690150001878,5,0.19579835417777597,0.0006022713020098075,0.19472097852002296,0.1960676980922142,5,0.9971150979192129,0.003067103453444644,0.9916284964664718,0.9984867482823984
loco_log_variant,gnn,J,25%,69,17,0.2463768115942029,5,5,0.32565115213162477,0.0,0.32565115213162477,0.32565115213162477,5,0.0,0.0,0.0,0.0,5,0.0,0.0,0.0,0.0,5,0.1593872206515416,0.0,0.1593872206515416,0.1593872206515416,5,1.0,0.0,1.0,1.0
loco_log_variant,gnn,J,50%,69,34,0.4927536231884058,5,5,0.3860679745447067,5.358632034081611e-05,0.38604401001371746,0.3861638326686636,5,2.3964530989284415e-05,5.358632034081611e-05,5.551115123125783e-17,0.00011982265494620004,5,2.3964530989284415e-05,5.358632034081611e-05,5.551115123125783e-17,0.00011982265494620004,5,0.09897039823845967,5.3586320340816114e-05,0.09887454011450275,0.0989943627694489,5,0.9997579202459731,0.0005413067859794904,0.9987896012298674,0.9999999999999994
loco_log_variant,gnn_zero_edge_features,terminal,10%,69,6,0.08695652173913043,5,5,0.010323234725122652,0.0027434586914817432,0.007140650549748291,0.014736049187680086,5,0.005041551143707087,0.0027434586914817432,0.0018589669683327275,0.009454365606264522,5,0.005041551143707087,0.0027434586914817432,0.0018589669683327275,0.009454365606264522,5,0.19050237177972398,0.002743458691481744,0.18608955731716653,0.19368495595509833,5,0.9742178070873561,0.014029884695296795,0.9516509361941841,0.990493353408581
loco_log_variant,gnn_zero_edge_features,terminal,25%,69,17,0.2463768115942029,5,5,0.03074239125228761,0.0,0.03074239125228761,0.03074239125228761,5,0.0,0.0,0.0,0.0,5,0.0,0.0,0.0,0.0,5,0.170083215252559,0.0,0.170083215252559,0.170083215252559,5,1.0,0.0,1.0,1.0
loco_log_variant,gnn_zero_edge_features,terminal,50%,69,34,0.4927536231884058,5,5,0.08804885995341465,0.0004132418122474799,0.08786405259674854,0.08878808938007911,5,0.00018480735666611404,0.0004132418122474799,0.0,0.0009240367833305702,5,0.00018480735666611404,0.0004132418122474799,0.0,0.0009240367833305702,5,0.11277674655143197,0.00041324181224747984,0.11203751712476752,0.11296155390809809,5,0.9983639800421258,0.0036582518383527353,0.9918199002106297,1.0
loco_log_variant,gnn_zero_edge_features,J,10%,69,6,0.08695652173913043,5,5,0.2892400186053904,0.0006022713020098074,0.28897067469095217,0.2903173942631434,5,0.0005664933572471998,0.0006022713020098074,0.0002971494428089527,0.0016438690150001878,5,0.0005664933572471998,0.0006022713020098074,0.0002971494428089527,0.0016438690150001878,5,0.19579835417777597,0.0006022713020098074,0.19472097852002296,0.1960676980922142,5,0.9971150979192129,0.003067103453444644,0.9916284964664718,0.9984867482823984
loco_log_variant,gnn_zero_edge_features,J,25%,69,17,0.2463768115942029,5,5,0.32565115213162477,0.0,0.32565115213162477,0.32565115213162477,5,0.0,0.0,0.0,0.0,5,0.0,0.0,0.0,0.0,5,0.1593872206515416,0.0,0.1593872206515416,0.1593872206515416,5,1.0,0.0,1.0,1.0
loco_log_variant,gnn_zero_edge_features,J,50%,69,34,0.4927536231884058,5,5,0.38604401001371746,0.0,0.38604401001371746,0.38604401001371746,5,5.551115123125783e-17,0.0,5.551115123125783e-17,5.551115123125783e-17,5,5.551115123125783e-17,0.0,5.551115123125783e-17,5.551115123125783e-17,5,0.0989943627694489,0.0,0.0989943627694489,0.0989943627694489,5,0.9999999999999994,0.0,0.9999999999999994,0.9999999999999994
loco_log_variant,gnn_mean,terminal,10%,69,6,0.08695652173913043,5,5,0.009358656480132291,0.0012399030087090728,0.007140650549748291,0.009913157962728292,5,0.004076972898716728,0.0012399030087090728,0.0018589669683327275,0.004631474381312728,5,0.004076972898716728,0.0012399030087090728,0.0018589669683327275,0.004631474381312728,5,0.1914669500247143,0.0012399030087090685,0.19091244854211833,0.19368495595509833,5,0.9791506029041201,0.006340790294948624,0.976314915278005,0.990493353408581
loco_log_variant,gnn_mean,terminal,25%,69,17,0.2463768115942029,5,5,0.03074239125228761,0.0,0.03074239125228761,0.03074239125228761,5,0.0,0.0,0.0,0.0,5,0.0,0.0,0.0,0.0,5,0.170083215252559,0.0,0.170083215252559,0.170083215252559,5,1.0,0.0,1.0,1.0
loco_log_variant,gnn_mean,terminal,50%,69,34,0.4927536231884058,5,5,0.08786405259674854,0.0,0.08786405259674854,0.08786405259674854,5,0.0,0.0,0.0,0.0,5,0.0,0.0,0.0,0.0,5,0.1129615539080981,1.5515838457795457e-17,0.11296155390809809,0.11296155390809809,5,1.0,0.0,1.0,1.0
loco_log_variant,gnn_mean,J,10%,69,6,0.08695652173913043,5,5,0.28918058871682867,0.0006483887541795804,0.2886735252481433,0.2903173942631434,5,0.0005070634686854314,0.0006483887541795804,1.1102230246251565e-16,0.0016438690150001878,5,0.0005070634686854314,0.0006483887541795804,1.1102230246251565e-16,0.0016438690150001878,5,0.19585778406633772,0.0006483887541795804,0.19472097852002296,0.19636484753502303,5,0.9974177482627333,0.00330195940016163,0.9916284964664718,0.9999999999999994
loco_log_variant,gnn_mean,J,25%,69,17,0.2463768115942029,5,5,0.32565115213162477,0.0,0.32565115213162477,0.32565115213162477,5,0.0,0.0,0.0,0.0,5,0.0,0.0,0.0,0.0,5,0.1593872206515416,0.0,0.1593872206515416,0.1593872206515416,5,1.0,0.0,1.0,1.0
loco_log_variant,gnn_mean,J,50%,69,34,0.4927536231884058,5,5,0.38604401001371746,0.0,0.38604401001371746,0.38604401001371746,5,5.551115123125783e-17,0.0,5.551115123125783e-17,5.551115123125783e-17,5,5.551115123125783e-17,0.0,5.551115123125783e-17,5.551115123125783e-17,5,0.0989943627694489,0.0,0.0989943627694489,0.0989943627694489,5,0.9999999999999994,0.0,0.9999999999999994,0.9999999999999994
loco_external_fire,fire_only,terminal,10%,49,4,0.08163265306122448,5,5,0.21260092392259713,0.0,0.21260092392259713,0.21260092392259713,5,0.0262429936199772,0.0,0.0262429936199772,0.0262429936199772,5,0.0262429936199772,0.0,0.0262429936199772,0.0262429936199772,5,0.0,0.0,0.0,0.0,5,0.0,0.0,0.0,0.0
loco_external_fire,fire_only,terminal,25%,49,12,0.24489795918367346,5,5,0.21260092392259713,0.0,0.21260092392259713,0.21260092392259713,5,0.020251703606981808,0.0,0.020251703606981808,0.020251703606981808,5,0.020251703606981808,0.0,0.020251703606981808,0.020251703606981808,5,0.0,0.0,0.0,0.0,5,0.0,0.0,0.0,0.0
loco_external_fire,fire_only,terminal,50%,49,24,0.4897959183673469,5,5,0.21260092392259713,0.0,0.21260092392259713,0.21260092392259713,5,0.013474328912237044,0.0,0.013474328912237044,0.013474328912237044,5,0.013474328912237044,0.0,0.013474328912237044,0.013474328912237044,5,0.0,0.0,0.0,0.0,5,0.0,0.0,0.0,0.0
loco_external_fire,fire_only,J,10%,49,4,0.08163265306122448,5,5,0.45029636363492537,6.206335383118183e-17,0.4502963636349253,0.4502963636349253,5,0.02512849506915732,0.0,0.02512849506915732,0.02512849506915732,5,0.02512849506915732,0.0,0.02512849506915732,0.02512849506915732,5,0.0,0.0,0.0,0.0,5,0.0,0.0,0.0,0.0
loco_external_fire,fire_only,J,25%,49,12,0.24489795918367346,5,5,0.45029636363492526,0.0,0.45029636363492526,0.45029636363492526,5,0.018904473743234562,0.0,0.018904473743234562,0.018904473743234562,5,0.018904473743234562,0.0,0.018904473743234562,0.018904473743234562,5,5.551115123125783e-17,0.0,5.551115123125783e-17,5.551115123125783e-17,5,2.9364028845882955e-15,0.0,2.9364028845882955e-15,2.9364028845882955e-15
loco_external_fire,fire_only,J,50%,49,24,0.4897959183673469,5,5,0.45029636363492526,0.0,0.45029636363492526,0.45029636363492526,5,0.011304925032310509,0.0,0.011304925032310509,0.011304925032310509,5,0.011304925032310509,0.0,0.011304925032310509,0.011304925032310509,5,5.551115123125783e-17,0.0,5.551115123125783e-17,5.551115123125783e-17,5,4.910351114456895e-15,0.0,4.910351114456895e-15,4.910351114456895e-15
loco_external_fire,global_stats,terminal,10%,49,4,0.08163265306122448,5,5,0.19780072197318077,0.0001928610210693937,0.1975894533097744,0.19794156774878502,5,0.011442791670560837,0.0001928610210693937,0.011231523007154465,0.011583637446165085,5,0.011442791670560837,0.0001928610210693937,0.011231523007154465,0.011583637446165085,5,0.014800201949416364,0.0001928610210693937,0.014659356173812116,0.015011470612822736,5,0.5639677455909553,0.007349048049250742,0.5586007597339366,0.5720182243764832
loco_external_fire,global_stats,terminal,25%,49,12,0.24489795918367346,5,5,0.20187239597241086,0.0011146854230160924,0.20083698630332947,0.20348293706774712,5,0.009523175656795512,0.0011146854230160924,0.008487765987714141,0.01113371675213179,5,0.009523175656795512,0.0011146854230160924,0.008487765987714141,0.01113371675213179,5,0.010728527950186296,0.0011146854230160924,0.009117986854850019,0.011763937619267667,5,0.5297592814111509,0.05504156315184283,0.45023307825355385,0.5808863218406984
loco_external_fire,global_stats,terminal,50%,49,24,0.4897959183673469,5,5,0.2040131026258071,0.0006838710766998267,0.20330991223454475,0.20486700472732386,5,0.004886507615447034,0.0006838710766998266,0.004183317224184663,0.005740409716963768,5,0.004886507615447034,0.0006838710766998266,0.004183317224184663,0.005740409716963768,5,0.00858782129679001,0.0006838710766998266,0.0077339191952732755,0.00929101168805238,5,0.6373468654895881,0.05075362796574995,0.5739743512012332,0.6895342802278279
loco_external_fire,global_stats,J,10%,49,4,0.08163265306122448,5,5,0.4374699616183837,0.00277883520714058,0.4332408826798201,0.4393704056429366,5,0.012302093052615726,0.00277883520714058,0.00807301411405209,0.01420253707716862,5,0.012302093052615726,0.00277883520714058,0.00807301411405209,0.01420253707716862,5,0.012826402016541593,0.00277883520714058,0.0109259579919887,0.01705548095510523,5,0.5104325579881106,0.11058502307809585,0.43480351536846334,0.6787306962938303
loco_external_fire,global_stats,J,25%,49,12,0.24489795918367346,5,5,0.44175928436219686,0.0006372567919898445,0.44106514861600266,0.4422772735046843,5,0.010367394470506197,0.0006372567919898445,0.009673258724311962,0.010885383612993627,5,0.010367394470506197,0.0006372567919898445,0.009673258724311962,0.010885383612993627,5,0.008537079272728421,0.0006372567919898445,0.008019090130240991,0.009231215018922656,5,0.45159042185893183,0.03370931138550739,0.4241900747494121,0.48830848953022293
loco_external_fire,global_stats,J,50%,49,24,0.4897959183673469,5,5,0.44349770722910764,0.00031094128878007344,0.443281493568793,0.44403420165181157,5,0.004506268626492882,0.00031094128878007344,0.004290054966178236,0.005042763049196819,5,0.004506268626492882,0.00031094128878007344,0.004290054966178236,0.005042763049196819,5,0.0067986564058176826,0.00031094128878007344,0.006262161983113745,0.007014870066132328,5,0.6013888978818053,0.02750494035930124,0.5539321990385503,0.6205145143451332
loco_external_fire,deepsets,terminal,10%,49,4,0.08163265306122448,5,5,0.1957140125334263,0.003395694373295597,0.19155146554112434,0.1999496966600418,5,0.009356082230806351,0.0033956943732955966,0.00519353523850441,0.013591766357421875,5,0.009356082230806351,0.0033956943732955966,0.00519353523850441,0.013591766357421875,5,0.01688691138917085,0.0033956943732955966,0.012651227262555326,0.02104945838147279,5,0.6434826618376291,0.12939432225105066,0.4820801866493125,0.8020982166245361
loco_external_fire,deepsets,terminal,25%,49,12,0.24489795918367346,5,5,0.19758688807487484,0.0007427975007288408,0.1965304265419642,0.19824961945414543,5,0.0052376677592595455,0.0007427975007288408,0.004181206226348877,0.005900399138530105,5,0.0052376677592595455,0.0007427975007288408,0.004181206226348877,0.005900399138530105,5,0.015014035847722262,0.0007427975007288408,0.014351304468451703,0.01607049738063293,5,0.7413714983734084,0.036678272363849934,0.7086467759435343,0.793538049564018
loco_external_fire,deepsets,terminal,50%,49,24,0.4897959183673469,5,5,0.2012943814198176,0.000664667678374661,0.2003733708212773,0.20199413349231085,5,0.002167786409457517,0.000664667678374661,0.0012467758109172,0.00286753848195076,5,0.002167786409457517,0.000664667678374661,0.0012467758109172,0.00286753848195076,5,0.011306542502779526,0.000664667678374661,0.010606790430286284,0.012227553101319844,5,0.8391173004921388,0.04932844393987046,0.7871850612651637,0.9074702852336557
loco_external_fire,deepsets,J,10%,49,4,0.08163265306122448,5,5,0.4318641688488423,0.002601279589112471,0.42866681339219215,0.4347963363553087,5,0.006696300283074374,0.002601279589112471,0.003498944826424155,0.009628467789540684,5,0.006696300283074374,0.002601279589112471,0.003498944826424155,0.009628467789540684,5,0.018432194786082944,0.002601279589112471,0.015500027279616635,0.021629550242733164,5,0.7335176553691269,0.10351911572712039,0.6168307030308929,0.8607578839562599
loco_external_fire,deepsets,J,25%,49,12,0.24489795918367346,5,5,0.4369084229527248,0.0008331343255617604,0.43581420542258353,0.43794451882648805,5,0.005516533061034145,0.0008331343255617605,0.00442231553089284,0.006552628934797355,5,0.005516533061034145,0.0008331343255617605,0.00442231553089284,0.006552628934797355,5,0.013387940682200472,0.0008331343255617605,0.012351844808437262,0.014482158212341778,5,0.7081890172685522,0.04407074943622355,0.6533821028928479,0.7660704238077263
loco_external_fire,deepsets,J,50%,49,24,0.4897959183673469,5,5,0.4399666477336238,0.0005857592046571084,0.43952228083378736,0.4407675460136185,5,0.0009752091310090139,0.0005857592046571084,0.0005308422311726124,0.0017761074110037578,5,0.0009752091310090139,0.0005857592046571084,0.0005308422311726124,0.0017761074110037578,5,0.01032971590130155,0.0005857592046571084,0.009528817621306807,0.010774082801137952,5,0.9137359046414042,0.05181451473432615,0.8428908280304848,0.9530432771862339
loco_external_fire,capacity_matched_deepsets,terminal,10%,49,4,0.08163265306122448,5,5,0.19369961693882942,0.00206555891969475,0.19063961878418922,0.19577500596642494,5,0.007341686636209488,0.00206555891969475,0.00428168848156929,0.009417075663805008,5,0.007341686636209488,0.00206555891969475,0.00428168848156929,0.009417075663805008,5,0.018901306983767713,0.00206555891969475,0.016825917956172193,0.02196130513840791,5,0.720242029452741,0.07870896703348525,0.6411584821391582,0.8368445100596336
loco_external_fire,capacity_matched_deepsets,terminal,25%,49,12,0.24489795918367346,5,5,0.1961502859989802,0.0008005624259917401,0.19491642465194067,0.19685782119631767,5,0.003801065683364879,0.0008005624259917401,0.002567204336325346,0.004508600880702346,5,0.003801065683364879,0.0008005624259917401,0.002567204336325346,0.004508600880702346,5,0.01645063792361693,0.0008005624259917401,0.015743102726279462,0.017684499270656462,5,0.8123088428938662,0.0395306213011998,0.7773717723605239,0.8732351417862793
loco_external_fire,capacity_matched_deepsets,terminal,50%,49,24,0.4897959183673469,5,5,0.20133008174598216,0.0007347308841986335,0.20040587584177652,0.2021123996625344,5,0.0022034867356220734,0.0007347308841986336,0.0012792808314164295,0.0029858046521742954,5,0.0022034867356220734,0.0007347308841986336,0.0012792808314164295,0.0029858046521742954,5,0.01127084217661497,0.0007347308841986335,0.010488524260062748,0.012195048080820614,5,0.8364677936857454,0.054528198694286725,0.7784079139212148,0.9050579186726978
loco_external_fire,capacity_matched_deepsets,J,10%,49,4,0.08163265306122448,5,5,0.4318374579213559,0.0015016287755750997,0.4294371085551878,0.4329360533816119,5,0.006669589355587957,0.0015016287755750997,0.004269239989419804,0.007768184815843904,5,0.006669589355587957,0.0015016287755750997,0.004269239989419804,0.007768184815843904,5,0.01845890571356936,0.0015016287755750997,0.017360310253313416,0.020859255079737515,5,0.7345806289938072,0.05975800665509001,0.6908615181902173,0.8301036342339553
loco_external_fire,capacity_matched_deepsets,J,25%,49,12,0.24489795918367346,5,5,0.43519550988243677,0.00036259682079806935,0.43479720646929404,0.43556197609545455,5,0.003803619990746132,0.00036259682079806935,0.0034053165776033456,0.004170086203763856,5,0.003803619990746132,0.00036259682079806935,0.0034053165776033456,0.004170086203763856,5,0.015100853752488486,0.00036259682079806935,0.014734387539470761,0.015499157165631272,5,0.7987978907845906,0.019180476839659857,0.7794127326471485,0.8198671582263953
loco_external_fire,capacity_matched_deepsets,J,50%,49,24,0.4897959183673469,5,5,0.4397774189524353,0.000200368430767482,0.4395879073844602,0.44007479380298825,5,0.0007859803498205143,0.000200368430767482,0.0005964687818454384,0.0010833552003735036,5,0.0007859803498205143,0.000200368430767482,0.0005964687818454384,0.0010833552003735036,5,0.01051894468249005,0.000200368430767482,0.01022156983193706,0.010708456250465126,5,0.9304745190636728,0.017723994647891053,0.9041696254263367,0.9472381479628859
loco_external_fire,gnn,terminal,10%,49,4,0.08163265306122448,5,5,0.1918071001768112,0.0015199370487339844,0.19067677482962608,0.19355960190296173,5,0.005449169874191284,0.0015199370487339844,0.004318844527006149,0.007201671600341797,5,0.005449169874191284,0.0015199370487339844,0.004318844527006149,0.007201671600341797,5,0.020793823745785915,0.0015199370487339846,0.019041322019635404,0.02192414909297105,5,0.7923571543284924,0.05791782259082472,0.7255773596324925,0.8354286637589061
loco_external_fire,gnn,terminal,25%,49,12,0.24489795918367346,5,5,0.19558392936984698,0.0002693407251554867,0.19525948415199915,0.19596990446249643,5,0.0032347090542316436,0.0002693407251554867,0.0029102638363838196,0.0036206841468811035,5,0.0032347090542316436,0.0002693407251554867,0.0029102638363838196,0.0036206841468811035,5,0.017016994552750166,0.0002693407251554867,0.016631019460100704,0.01734143977059799,5,0.8402747187591432,0.013299657667448327,0.82121582375752,0.8562953570295933
loco_external_fire,gnn,terminal,50%,49,24,0.4897959183673469,5,5,0.2005461450666189,0.0004720400234321014,0.2000015533218781,0.20109988128145537,5,0.0014195500562588336,0.0004720400234321014,0.0008749583115180148,0.001973286271095276,5,0.0014195500562588336,0.0004720400234321014,0.0008749583115180148,0.001973286271095276,5,0.01205477885597821,0.0004720400234321014,0.011501042641141768,0.012599370600719029,5,0.8946478102542358,0.035032544218466175,0.8535521669429349,0.9350647948987352
loco_external_fire,gnn,J,10%,49,4,0.08163265306122448,5,5,0.42828191054364045,0.0012785174917507923,0.42667109478885923,0.4297691161123415,5,0.003114041977872428,0.0012785174917507923,0.0015032262230912363,0.004601247546573484,5,0.003114041977872428,0.0012785174917507923,0.0015032262230912363,0.004601247546573484,5,0.022014453091284893,0.0012785174917507923,0.020527247522583836,0.023625268846066083,5,0.8760752695574435,0.05087919066510447,0.8168912410428809,0.9401784221874754
loco_external_fire,gnn,J,25%,49,12,0.24489795918367346,5,5,0.4344429628054301,0.0012662823377339305,0.4331751133522226,0.4361679125887652,5,0.0030510729137393834,0.0012662823377339303,0.0017832234605318908,0.0047760226970745,5,0.0030510729137393834,0.0012662823377339303,0.0017832234605318908,0.0047760226970745,5,0.015853400829495233,0.0012662823377339303,0.014128451046160118,0.017121250282702727,5,0.8386057736819424,0.06698321016140941,0.7473601877553611,0.9056718803838665
loco_external_fire,gnn,J,50%,49,24,0.4897959183673469,5,5,0.44025366163709095,0.00038497546125552604,0.4399706655544125,0.4409317936541306,5,0.0012622230344762175,0.00038497546125552604,0.0009792269517977514,0.0019403550515158519,5,0.0012622230344762175,0.00038497546125552604,0.0009792269517977514,0.0019403550515158519,5,0.010042701997834347,0.00038497546125552604,0.009364569980794712,0.010325698080512813,5,0.8883475095262762,0.0340537827677078,0.8283619709135505,0.9133805001803172
loco_external_fire,gnn_zero_edge_features,terminal,10%,49,4,0.08163265306122448,5,5,0.1950871802866459,0.0010759359712367524,0.19355960190296173,0.19617315754294395,5,0.008729249984025956,0.0010759359712367524,0.007201671600341797,0.00981522724032402,5,0.008729249984025956,0.0010759359712367524,0.007201671600341797,0.00981522724032402,5,0.017513743635951245,0.0010759359712367524,0.01642776637965318,0.019041322019635404,5,0.667368360849621,0.04099898002557554,0.6259867535519164,0.7255773596324925
loco_external_fire,gnn_zero_edge_features,terminal,25%,49,12,0.24489795918367346,5,5,0.1972533650696278,0.0010150158919866844,0.19629537438352904,0.19880550478895506,5,0.00490414475401244,0.0010150158919866846,0.00394615406791371,0.006456284473339735,5,0.00490414475401244,0.0010150158919866846,0.00394615406791371,0.006456284473339735,5,0.015347558852969368,0.0010150158919866846,0.013795419133642073,0.016305549539068098,5,0.7578403847308071,0.05012002504504148,0.6811979575331173,0.8051445871174381
loco_external_fire,gnn_zero_edge_features,terminal,50%,49,24,0.4897959183673469,5,5,0.2011329486966133,0.0007780483119451304,0.20001567403475443,0.20184824739893278,5,0.0020063536862532207,0.0007780483119451304,0.0008890790243943347,0.002721652388572693,5,0.0020063536862532207,0.0007780483119451304,0.0008890790243943347,0.002721652388572693,5,0.011467975225983824,0.0007780483119451304,0.01075267652366435,0.012585249887842709,5,0.8510980621505313,0.0577430102094752,0.7980120266990842,0.9340168233842877
loco_external_fire,gnn_zero_edge_features,J,10%,49,4,0.08163265306122448,5,5,0.43425851144517463,0.00352590781529428,0.4294371085551878,0.4377295450928311,5,0.00909064287940663,0.00352590781529428,0.004269239989419804,0.012561676527063081,5,0.00909064287940663,0.00352590781529428,0.004269239989419804,0.012561676527063081,5,0.01603785218975069,0.00352590781529428,0.012566818542094238,0.020859255079737515,5,0.6382336922928395,0.1403151205669286,0.5001023144246602,0.8301036342339553
loco_external_fire,gnn_zero_edge_features,J,25%,49,12,0.24489795918367346,5,5,0.4354005487180418,0.00042954387690870624,0.43477813862264153,0.4358219175185594,5,0.0040086588263511195,0.0004295438769087063,0.003386248730950836,0.004430027626868727,5,0.0040086588263511195,0.0004295438769087063,0.003386248730950836,0.004430027626868727,5,0.014895814916883498,0.0004295438769087063,0.014474446116365891,0.015518225012283782,5,0.7879518424687328,0.02272181086566497,0.7656624729660031,0.8208758002500504
loco_external_fire,gnn_zero_edge_features,J,50%,49,24,0.4897959183673469,5,5,0.4399668109468702,0.0003822264438941272,0.4394394328662505,0.4403352932280136,5,0.0009753723442554096,0.0003822264438941272,0.00044799426363573147,0.001343854625398877,5,0.0009753723442554096,0.0003822264438941272,0.00044799426363573147,0.001343854625398877,5,0.010329552688055155,0.0003822264438941272,0.009961070406911687,0.010856930768674833,5,0.9137214672837102,0.03381061287904937,0.8811266221086818,0.9603717616565063
loco_external_fire,gnn_mean,terminal,10%,49,4,0.08163265306122448,5,5,0.19023453816771507,1.5493804358503254e-05,0.19020682200789452,0.1902414672076702,5,0.0038766078650951385,1.5493804358503254e-05,0.003848891705274582,0.0038835369050502777,5,0.0038766078650951385,1.5493804358503254e-05,0.003848891705274582,0.0038835369050502777,5,0.022366385754882062,1.5493804358503254e-05,0.022359456714926923,0.02239410191470262,5,0.8522802725469509,0.0005903977489332045,0.8520162386468754,0.8533364081472529
loco_external_fire,gnn_mean,terminal,25%,49,12,0.24489795918367346,5,5,0.19699030791719757,0.000557376232589594,0.1963470627864202,0.19774797931313515,5,0.004641087601582222,0.000557376232589594,0.003997842470804869,0.00539875899751982,5,0.004641087601582222,0.000557376232589594,0.003997842470804869,0.00539875899751982,5,0.015610616005399586,0.000557376232589594,0.014852944609461988,0.01625386113617694,5,0.7708297686135304,0.027522436798721343,0.733417044694522,0.8025922881161165
loco_external_fire,gnn_mean,terminal,50%,49,24,0.4897959183673469,5,5,0.20095523620645203,0.0004919156951989322,0.2003338597714901,0.20148931133250395,5,0.0018286411960919623,0.0004919156951989322,0.0012072647611300058,0.002362716322143854,5,0.0018286411960919623,0.0004919156951989322,0.0012072647611300058,0.002362716322143854,5,0.01164568771614508,0.0004919156951989322,0.01111161259009319,0.012267064151107038,5,0.864287029951359,0.03650762115152071,0.8246505382544065,0.910402605651581
loco_external_fire,gnn_mean,J,10%,49,4,0.08163265306122448,5,5,0.42709772447745,0.0009539729849085369,0.42667109478885923,0.4288042432318131,5,0.0019298559116820101,0.0009539729849085368,0.0015032262230912363,0.0036363746660451057,5,0.0019298559116820101,0.0009539729849085368,0.0015032262230912363,0.0036363746660451057,5,0.02319863915747531,0.0009539729849085369,0.021492120403112214,0.023625268846066083,5,0.9232004978264413,0.03796379298812216,0.8552888003823044,0.9401784221874754
loco_external_fire,gnn_mean,J,25%,49,12,0.24489795918367346,5,5,0.43500322168072064,0.0007819166247196953,0.4342179393188821,0.4363200510748559,5,0.0036113317890299366,0.0007819166247196953,0.0028260494271913905,0.004928161183165192,5,0.0036113317890299366,0.0007819166247196953,0.0028260494271913905,0.004928161183165192,5,0.01529314195420468,0.0007819166247196953,0.013976312560069426,0.016078424316043227,5,0.8089694620395169,0.04136145947990335,0.7393124373573825,0.850508960705518
loco_external_fire,gnn_mean,J,50%,49,24,0.4897959183673469,5,5,0.4402083731918699,0.0004468792671651917,0.43971814515793484,0.440788730715091,5,0.0012169345892551475,0.0004468792671651917,0.0007267065553200891,0.0017972921124762564,5,0.0012169345892551475,0.0004468792671651917,0.0007267065553200891,0.0017972921124762564,5,0.010087990443055417,0.0004468792671651917,0.009507632919834308,0.010578218476990475,5,0.8923535905123625,0.039529609076395265,0.8410168924305625,0.9357177023958061
loco_bilinear,fire_only,terminal,10%,77,7,0.09090909090909091,5,5,0.13573086538485118,0.0019294056147537617,0.13227943969624384,0.13659372180700302,5,0.0034514256886073458,0.0019294056147537617,0.0,0.004314282110759182,5,0.0034514256886073458,0.0019294056147537617,0.0,0.004314282110759182,5,0.23770488221924024,0.0019294056147537617,0.2368420257970884,0.2411563079078476,5,0.9856880140579767,0.008000643364846327,0.982110017572471,1.0
loco_bilinear,fire_only,terminal,25%,77,19,0.24675324675324675,5,5,0.20753374719306042,0.002191013738669831,0.20542179479410774,0.2104558376105208,5,0.010014164447784413,0.002191013738669831,0.007902212048831736,0.0129362548652448,5,0.010014164447784413,0.002191013738669831,0.007902212048831736,0.0129362548652448,5,0.165902000411031,0.002191013738669831,0.16297990999357062,0.16801395280998369,5,0.9430742225660647,0.01245487440240794,0.9264635238289385,0.9550796707330802
loco_bilinear,fire_only,terminal,50%,77,38,0.4935064935064935,5,5,0.2772921196332104,0.003549394279535591,0.2731226586589688,0.2816790740348791,5,0.010483879007791208,0.003549394279535591,0.006314418033549651,0.014870833409459938,5,0.010483879007791208,0.003549394279535591,0.006314418033549651,0.014870833409459938,5,0.09614362797088108,0.0035493942795355904,0.09175667356921235,0.10031308894512264,5,0.9016775379556778,0.03328779205393541,0.8605347360092137,0.9407805901828628
loco_bilinear,fire_only,J,10%,77,7,0.09090909090909091,5,5,0.4252424682375221,0.0007716208822915512,0.4243971999113758,0.4258059804549529,5,0.00563188242415581,0.0007716208822915512,0.004786614098009567,0.006195394641586638,5,0.00563188242415581,0.0007716208822915512,0.004786614098009567,0.006195394641586638,5,0.13954209638622433,0.0007716208822915512,0.1389785841687935,0.14038736471237057,5,0.9612059787139131,0.005315145927765804,0.9573243449524877,0.9670284293560513
loco_bilinear,fire_only,J,25%,77,19,0.24675324675324675,5,5,0.46305327240116234,0.0005009853775626291,0.4626042615851028,0.46358781133108495,5,0.0037609333544969203,0.0005009853775626291,0.0033119225384373174,0.004295472284419455,5,0.0037609333544969203,0.0005009853775626291,0.0033119225384373174,0.004295472284419455,5,0.10173129222258397,0.0005009853775626291,0.10119675329266142,0.10218030303864356,5,0.964348715425016,0.004749026526097602,0.9592816223098749,0.9686050557724051
loco_bilinear,fire_only,J,50%,77,38,0.4935064935064935,5,5,0.5064637614129797,0.0016320142824536436,0.5036176665784105,0.5077717434533201,5,0.004982214250454797,0.0016320142824536438,0.00213611941588554,0.006290196290795191,5,0.004982214250454797,0.0016320142824536438,0.00213611941588554,0.006290196290795191,5,0.05832080321076667,0.0016320142824536436,0.057012821170426276,0.06116689804533593,5,0.9212957857260623,0.02578098719312067,0.9006335472926156,0.9662556462305435
loco_bilinear,global_stats,terminal,10%,77,7,0.09090909090909091,5,5,0.14132243118115834,0.007545056889829359,0.13227943969624384,0.15131937925304687,5,0.009042991484914503,0.007545056889829359,0.0,0.019039939556803026,5,0.009042991484914503,0.007545056889829359,0.0,0.019039939556803026,5,0.23211331642293312,0.007545056889829359,0.22211636835104456,0.2411563079078476,5,0.9625015345301684,0.0312869978616215,0.9210473086025238,1.0
loco_bilinear,global_stats,terminal,25%,77,19,0.24675324675324675,5,5,0.20178902282526617,0.0008310018446234766,0.20090632101422862,0.20294446262874102,5,0.004269440079990183,0.0008310018446234767,0.0033867382689526104,0.005424879883465017,5,0.004269440079990183,0.0008310018446234767,0.0033867382689526104,0.005424879883465017,5,0.17164672477882523,0.0008310018446234767,0.1704912849753504,0.1725294265898628,5,0.9757302571743951,0.004723851530587946,0.9691621296552319,0.9807479985044542
loco_bilinear,global_stats,terminal,50%,77,38,0.4935064935064935,5,5,0.274301827228383,0.005738754400424288,0.2700653505560599,0.28290049006280144,5,0.007493586602963875,0.005738754400424288,0.003257109930640767,0.0160922494373823,5,0.007493586602963875,0.005738754400424288,0.003257109930640767,0.0160922494373823,5,0.09913392037570842,0.005738754400424288,0.09053525754128999,0.10337039704803153,5,0.9297218249277576,0.05382058122743274,0.8490797553711813,0.9694533800617484
loco_bilinear,global_stats,J,10%,77,7,0.09090909090909091,5,5,0.422482554272172,0.002621736515552084,0.41961058581336624,0.4243971999113758,5,0.0028719684588057403,0.002621736515552084,0.0,0.004786614098009567,5,0.0028719684588057403,0.002621736515552084,0.0,0.004786614098009567,5,0.1423020103515744,0.002621736515552084,0.14038736471237057,0.14517397881038013,5,0.9802170576136306,0.018059272998065857,0.9670284293560513,1.0
loco_bilinear,global_stats,J,25%,77,19,0.24675324675324675,5,5,0.46302839783396105,0.0004398568182537668,0.46283168788476464,0.46381523763074683,5,0.003736058787295582,0.0004398568182537668,0.0035393488380991434,0.004522898584081336,5,0.003736058787295582,0.0004398568182537668,0.0035393488380991434,0.004522898584081336,5,0.1017561667897853,0.0004398568182537668,0.10096932699299954,0.10195287673898173,5,0.9645845106892192,0.004169566201182989,0.9571257639191947,0.9664491973817254
loco_bilinear,global_stats,J,50%,77,38,0.4935064935064935,5,5,0.5056296998958446,0.002133476677636847,0.5018674459912928,0.5070715206250418,5,0.004148152733319699,0.002133476677636847,0.0003858988287679388,0.005589973462516884,5,0.004148152733319699,0.002133476677636847,0.0003858988287679388,0.005589973462516884,5,0.05915486472790177,0.002133476677636847,0.05771304399870458,0.06291711863245353,5,0.9344714849357569,0.033702606340113,0.9116949920129601,0.9939039425884503
loco_bilinear,deepsets,terminal,10%,77,7,0.09090909090909091,5,5,0.14264688513108664,0.007935563503436537,0.13227943969624384,0.15171367249318532,5,0.010367445434842786,0.007935563503436537,0.0,0.01943423279694148,5,0.010367445434842786,0.007935563503436537,0.0,0.01943423279694148,5,0.23078886247300484,0.007935563503436537,0.2217220751109061,0.2411563079078476,5,0.9570094370543918,0.032906307001801215,0.9194122975030459,1.0
loco_bilinear,deepsets,terminal,25%,77,19,0.24675324675324675,5,5,0.2038370020295444,0.002461384463530974,0.20128682765521502,0.2063208704716281,5,0.006317419284268422,0.002461384463530974,0.003767244909939016,0.00880128772635208,5,0.006317419284268422,0.002461384463530974,0.003767244909939016,0.00880128772635208,5,0.169598745574547,0.002461384463530974,0.16711487713246334,0.1721489199488764,5,0.9640884662910961,0.013991803797600986,0.9499688517344855,0.9785849986386271
loco_bilinear,deepsets,terminal,50%,77,38,0.4935064935064935,5,5,0.2784299164618317,0.006211785379046381,0.2722897213932715,0.28788319367327186,5,0.011621675836412503,0.006211785379046382,0.005481480767852376,0.02107495304785273,5,0.011621675836412503,0.006211785379046382,0.005481480767852376,0.02107495304785273,5,0.09500583114225979,0.006211785379046381,0.08555255393081956,0.10114602621081992,5,0.8910067752147945,0.05825687531350487,0.8023497534077378,0.9485922448796558
loco_bilinear,deepsets,J,10%,77,7,0.09090909090909091,5,5,0.4202780899494177,0.0014925846234732979,0.41961058581336624,0.42294810649362347,5,0.0006675041360514444,0.0014925846234732977,0.0,0.003337520680257222,5,0.0006675041360514444,0.0014925846234732977,0.0,0.003337520680257222,5,0.14450647467432867,0.0014925846234732977,0.1418364581301229,0.14517397881038013,5,0.9954020400796253,0.010281350939777214,0.9770102003981268,1.0
loco_bilinear,deepsets,J,25%,77,19,0.24675324675324675,5,5,0.463197323795604,0.0004628523986988143,0.46283168788476464,0.46381523763074683,5,0.0039049847489385447,0.0004628523986988143,0.0035393488380991434,0.004522898584081336,5,0.0039049847489385447,0.0004628523986988143,0.0035393488380991434,0.004522898584081336,5,0.10158724082814233,0.0004628523986988143,0.10096932699299954,0.10195287673898173,5,0.9629831987373775,0.004387549851819352,0.9571257639191947,0.9664491973817254
loco_bilinear,deepsets,J,50%,77,38,0.4935064935064935,5,5,0.5065779215335977,0.0003900514247608326,0.5061273061082158,0.5070389387655284,5,0.005096374371072687,0.0003900514247608326,0.004645758945690859,0.005557391603003503,5,0.005096374371072687,0.0003900514247608326,0.004645758945690859,0.005557391603003503,5,0.05820664309014878,0.0003900514247608326,0.057745625858217964,0.05865725851553061,5,0.9194923942733906,0.006161656116942178,0.912209688797096,0.9266107820446824
loco_bilinear,capacity_matched_deepsets,terminal,10%,77,7,0.09090909090909091,5,5,0.13711367568799426,0.004413033501641786,0.13227943969624384,0.14033649968249456,5,0.004834235991750435,0.004413033501641786,0.0,0.008057059986250725,5,0.004834235991750435,0.004413033501641786,0.0,0.008057059986250725,5,0.23632207191609717,0.004413033501641786,0.23309924792159686,0.2411563079078476,5,0.9799539309848875,0.018299473648137495,0.9665898849748125,1.0
loco_bilinear,capacity_matched_deepsets,terminal,25%,77,19,0.24675324675324675,5,5,0.20087955852872447,0.0004276394504499224,0.2002839348033855,0.2012910360568448,5,0.0033599757834484657,0.0004276394504499224,0.002764352058109487,0.0037714533115688065,5,0.0033599757834484657,0.0004276394504499224,0.002764352058109487,0.0037714533115688065,5,0.17255618907536696,0.0004276394504499224,0.17214471154724661,0.17315181280070593,5,0.9809001305471554,0.0024309275432029425,0.9785610758704543,0.9842859690561805
loco_bilinear,capacity_matched_deepsets,terminal,50%,77,38,0.4935064935064935,5,5,0.2747682309072269,0.002368416239119576,0.27219156587594434,0.2779036028996894,5,0.007959990281807727,0.002368416239119576,0.005383325250525206,0.01109536227427027,5,0.007959990281807727,0.002368416239119576,0.005383325250525206,0.01109536227427027,5,0.09866751669686456,0.002368416239119576,0.09553214470440202,0.10124418172814709,5,0.9253476845951216,0.02221205677811927,0.8959427769750861,0.9495127908073291
loco_bilinear,capacity_matched_deepsets,J,10%,77,7,0.09090909090909091,5,5,0.4209455940854691,0.0018280353627168674,0.41961058581336624,0.42294810649362347,5,0.0013350082721028888,0.0018280353627168676,0.0,0.003337520680257222,5,0.0013350082721028888,0.0018280353627168676,0.0,0.003337520680257222,5,0.14383897053827727,0.0018280353627168674,0.1418364581301229,0.14517397881038013,5,0.9908040801592508,0.012592031834469237,0.9770102003981268,1.0
loco_bilinear,capacity_matched_deepsets,J,25%,77,19,0.24675324675324675,5,5,0.46301765371506154,0.0002876295567663994,0.46283168788476464,0.4635247328269639,5,0.003725314668396007,0.00028762955676639944,0.0035393488380991434,0.004232393780298382,5,0.003725314668396007,0.00028762955676639944,0.0035393488380991434,0.004232393780298382,5,0.10176691090868487,0.0002876295567663994,0.1012598317967825,0.10195287673898173,5,0.9646863581840541,0.002726547432220376,0.9598795668861316,0.9664491973817254
loco_bilinear,capacity_matched_deepsets,J,50%,77,38,0.4935064935064935,5,5,0.5063381079182421,0.00037745690205356447,0.5058597883977519,0.5068123584139372,5,0.0048565607557170985,0.0003774569020535645,0.0043782412352270095,0.005330811251412326,5,0.0048565607557170985,0.0003774569020535645,0.0043782412352270095,0.005330811251412326,5,0.05844645670550437,0.00037745690205356447,0.05797220620980914,0.05892477622599446,5,0.9232807384151608,0.005962699997433603,0.9157889866043446,0.9308367687542057
loco_bilinear,gnn,terminal,10%,77,7,0.09090909090909091,5,5,0.14081905803510122,0.0033098291734844003,0.13659372180700302,0.14492898221526826,5,0.008539618338857368,0.0033098291734844003,0.004314282110759182,0.01264954251902442,5,0.008539618338857368,0.0033098291734844003,0.004314282110759182,0.01264954251902442,5,0.2326166895689902,0.0033098291734844003,0.22850676538882317,0.2368420257970884,5,0.9645888659809778,0.013724829353205958,0.9475462921589505,0.982110017572471
loco_bilinear,gnn,terminal,25%,77,19,0.24675324675324675,5,5,0.20460522025823594,0.0011761599772001515,0.20360856189539558,0.20587825265369916,5,0.007085637512959925,0.0011761599772001513,0.006088979150119578,0.008358669908423155,5,0.007085637512959925,0.0011761599772001513,0.006088979150119578,0.008358669908423155,5,0.1688305273458555,0.0011761599772001515,0.16755749495039227,0.16982718570869584,5,0.9597215098530223,0.00668591188390281,0.9524849241959569,0.9653870401562791
loco_bilinear,gnn,terminal,50%,77,38,0.4935064935064935,5,5,0.2779883669787332,0.00516765814073982,0.27166252210736275,0.284061286598444,5,0.011180126353314024,0.00516765814073982,0.004854281481943612,0.01725304597302485,5,0.011180126353314024,0.00516765814073982,0.004854281481943612,0.01725304597302485,5,0.09544738062535826,0.00516765814073982,0.08937446100564744,0.10177322549672868,5,0.89514782188849,0.04846458748935639,0.8381932911882126,0.9544743976531819
loco_bilinear,gnn,J,10%,77,7,0.09090909090909091,5,5,0.4209455940854691,0.0018280353627168674,0.41961058581336624,0.42294810649362347,5,0.0013350082721028888,0.0018280353627168676,0.0,0.003337520680257222,5,0.0013350082721028888,0.0018280353627168676,0.0,0.003337520680257222,5,0.14383897053827727,0.0018280353627168674,0.1418364581301229,0.14517397881038013,5,0.9908040801592508,0.012592031834469237,0.9770102003981268,1.0
loco_bilinear,gnn,J,25%,77,19,0.24675324675324675,5,5,0.4614664766381969,0.0019385811975066313,0.45934286733533736,0.46288221617343656,5,0.0021741375915313777,0.0019385811975066315,5.0528288671858324e-05,0.003589877126771057,5,0.0021741375915313777,0.0019385811975066315,5.0528288671858324e-05,0.003589877126771057,5,0.10331808798554949,0.0019385811975066315,0.10190234845030982,0.10544169728840902,5,0.9793905420078299,0.018376531416432685,0.9659702209605199,0.999521023578795
loco_bilinear,gnn,J,50%,77,38,0.4935064935064935,5,5,0.5056120091496983,0.0018662018968369461,0.5032636578162119,0.507091185543686,5,0.00413046198717335,0.0018662018968369461,0.0017821106536869413,0.0056096383811611306,5,0.00413046198717335,0.0018662018968369461,0.0017821106536869413,0.0056096383811611306,5,0.059172555474048115,0.0018662018968369461,0.057693379080060336,0.061520906807534526,5,0.9347509462767141,0.02948045719906091,0.9113843445994101,0.971847935135499
loco_bilinear,gnn_zero_edge_features,terminal,10%,77,7,0.09090909090909091,5,5,0.13909337116139278,0.004108203223307671,0.13227943969624384,0.14292387132133758,5,0.00681393146514892,0.004108203223307671,0.0,0.010644431625093737,5,0.00681393146514892,0.004108203223307671,0.0,0.010644431625093737,5,0.23434237644269867,0.004108203223307671,0.23051187628275385,0.2411563079078476,5,0.9717447512600306,0.01703543755064258,0.9558608617065025,1.0
loco_bilinear,gnn_zero_edge_features,terminal,25%,77,19,0.24675324675324675,5,5,0.20279820851589508,0.002183050078225738,0.2012910360568448,0.20606546221595062,5,0.0052786257706190385,0.002183050078225738,0.0037714533115688065,0.008545879470674617,5,0.0052786257706190385,0.002183050078225738,0.0037714533115688065,0.008545879470674617,5,0.1706375390881964,0.002183050078225738,0.1673702853881408,0.17214471154724661,5,0.9699935149515369,0.012409604768145004,0.9514207265856821,0.9785610758704543
loco_bilinear,gnn_zero_edge_features,terminal,50%,77,38,0.4935064935064935,5,5,0.2791390834278182,0.00436397087751515,0.27479122010500806,0.2860101835900231,5,0.012330842802399055,0.00436397087751515,0.007982979479588925,0.01920194296460398,5,0.012330842802399055,0.00436397087751515,0.007982979479588925,0.01920194296460398,5,0.09429666417627323,0.00436397087751515,0.08742556401406831,0.09864452749908337,5,0.8843558932230735,0.04092725227448143,0.8199156717745941,0.9251320817133455
loco_bilinear,gnn_zero_edge_features,J,10%,77,7,0.09090909090909091,5,5,0.4202780899494177,0.0014925846234732979,0.41961058581336624,0.42294810649362347,5,0.0006675041360514444,0.0014925846234732977,0.0,0.003337520680257222,5,0.0006675041360514444,0.0014925846234732977,0.0,0.003337520680257222,5,0.14450647467432867,0.0014925846234732977,0.1418364581301229,0.14517397881038013,5,0.9954020400796253,0.010281350939777214,0.9770102003981268,1.0
loco_bilinear,gnn_zero_edge_features,J,25%,77,19,0.24675324675324675,5,5,0.4614816449249261,0.0018743769492197478,0.45929233904666544,0.46288221617343656,5,0.0021893058782605944,0.0018743769492197476,-5.551115123125783e-17,0.003589877126771057,5,0.0021893058782606056,0.0018743769492197315,0.0,0.003589877126771057,5,0.10330291969882029,0.0018743769492197476,0.10190234845030982,0.10549222557708093,5,0.9792467561824173,0.017767915492977987,0.9659702209605199,1.0000000000000004
loco_bilinear,gnn_zero_edge_features,J,50%,77,38,0.4935064935064935,5,5,0.5055357460550179,0.0017181460393034809,0.5032999198769398,0.5070389387655284,5,0.0040541988924929885,0.0017181460393034809,0.0018183727144148731,0.005557391603003503,5,0.0040541988924929885,0.0017181460393034809,0.0018183727144148731,0.005557391603003503,5,0.059248818568728476,0.0017181460393034809,0.057745625858217964,0.061484644746806594,5,0.9359556770737425,0.027141613594580914,0.912209688797096,0.9712751020829492
loco_bilinear,gnn_mean,terminal,10%,77,7,0.09090909090909091,5,5,0.13640923776796887,0.003963282042960974,0.13227943969624384,0.14292387132133758,5,0.0041297980717250275,0.003963282042960974,0.0,0.010644431625093737,5,0.0041297980717250275,0.003963282042960974,0.0,0.010644431625093737,5,0.23702650983612256,0.003963282042960974,0.23051187628275385,0.2411563079078476,5,0.9828750153477092,0.01643449461199852,0.9558608617065025,1.0
loco_bilinear,gnn_mean,terminal,25%,77,19,0.24675324675324675,5,5,0.20221705240638635,0.0023870364853898034,0.19996136544566406,0.20587825265369916,5,0.00469746966111032,0.0023870364853898034,0.0024417827003880566,0.008358669908423155,5,0.00469746966111032,0.0023870364853898034,0.0024417827003880566,0.008358669908423155,5,0.1712186951977051,0.0023870364853898034,0.16755749495039227,0.17347438215842736,5,0.9732971119232825,0.013569170788287514,0.9524849241959569,0.9861196229331867
loco_bilinear,gnn_mean,terminal,50%,77,38,0.4935064935064935,5,5,0.2774773437333734,0.003392308736267066,0.2727791194460894,0.28079645080786003,5,0.010669103107954303,0.003392308736267066,0.005970878820670267,0.013988210182440897,5,0.010669103107954303,0.003392308736267066,0.005970878820670267,0.013988210182440897,5,0.095958403870718,0.003392308736267066,0.0926392967962314,0.10065662815800203,5,0.8999404242838731,0.03181457423501044,0.868812367663826,0.9440024531206139
loco_bilinear,gnn_mean,J,10%,77,7,0.09090909090909091,5,5,0.42228060235757203,0.0014925846234732979,0.41961058581336624,0.42294810649362347,5,0.0026700165442057775,0.0014925846234732979,0.0,0.003337520680257222,5,0.0026700165442057775,0.0014925846234732979,0.0,0.003337520680257222,5,0.14250396226617434,0.0014925846234732979,0.1418364581301229,0.14517397881038013,5,0.9816081603185015,0.010281350939777214,0.9770102003981268,1.0
loco_bilinear,gnn_mean,J,25%,77,19,0.24675324675324675,5,5,0.4633592427476195,0.0006617602445012146,0.46283168788476464,0.4642996565324435,5,0.004066903700953983,0.0006617602445012147,0.0035393488380991434,0.0050073174857779845,5,0.004066903700953983,0.0006617602445012147,0.0035393488380991434,0.0050073174857779845,5,0.10142532187612689,0.0006617602445012146,0.1004849080913029,0.10195287673898173,5,0.9614483088331246,0.006273071222842694,0.9525337771728093,0.9664491973817254
loco_bilinear,gnn_mean,J,50%,77,38,0.4935064935064935,5,5,0.5060657542698869,0.0013799761722477699,0.5036373314970548,0.5070389387655284,5,0.004584207107362004,0.00137997617224777,0.0021557843345298977,0.005557391603003503,5,0.004584207107362004,0.00137997617224777,0.0021557843345298977,0.005557391603003503,5,0.058718810353859466,0.0013799761722477699,0.057745625858217964,0.06114723312669157,5,0.9275831186061513,0.02179953227495234,0.912209688797096,0.9659449988169916
loco_linear,fire_only,terminal,10%,125,12,0.096,5,5,0.09426567020515601,0.0,0.09426567020515601,0.09426567020515601,5,0.001545711110035583,0.0,0.001545711110035583,0.001545711110035583,5,0.001545711110035583,0.0,0.001545711110035583,0.001545711110035583,5,0.3172131263365348,0.0,0.3172131263365348,0.3172131263365348,5,0.9951508446874209,0.0,0.9951508446874209,0.9951508446874209
loco_linear,fire_only,terminal,25%,125,31,0.248,5,5,0.1770537090481247,0.0,0.1770537090481247,0.1770537090481247,5,0.006094263069760075,0.0,0.006094263069760075,0.006094263069760075,5,0.006094263069760075,0.0,0.006094263069760075,0.006094263069760075,5,0.23442508749356614,0.0,0.23442508749356614,0.23442508749356614,5,0.974662067498991,0.0,0.974662067498991,0.974662067498991
loco_linear,fire_only,terminal,50%,125,62,0.496,5,5,0.24078736796188566,0.0,0.24078736796188566,0.24078736796188566,5,0.0024635990606375335,0.0,0.0024635990606375335,0.0024635990606375335,5,0.0024635990606375335,0.0,0.0024635990606375335,0.0024635990606375335,5,0.17069142857980518,0.0,0.17069142857980518,0.17069142857980518,5,0.9857722926431383,0.0,0.9857722926431383,0.9857722926431383
loco_linear,fire_only,J,10%,125,12,0.096,5,5,0.6277602554143716,0.0,0.6277602554143716,0.6277602554143716,5,0.0011906484038464171,0.0,0.0011906484038464171,0.0011906484038464171,5,0.0011906484038464171,0.0,0.0011906484038464171,0.0011906484038464171,5,0.1661384659542393,0.0,0.1661384659542393,0.1661384659542393,5,0.9928843918859307,0.0,0.9928843918859307,0.9928843918859307
loco_linear,fire_only,J,25%,125,31,0.248,5,5,0.6744680969824804,0.0,0.6744680969824804,0.6744680969824804,5,0.0017616583434093558,0.0,0.0017616583434093558,0.0017616583434093558,5,0.0017616583434093558,0.0,0.0017616583434093558,0.0017616583434093558,5,0.1194306243861305,0.0,0.1194306243861305,0.1194306243861305,5,0.9854639395864769,0.0,0.9854639395864769,0.9854639395864769
loco_linear,fire_only,J,50%,125,62,0.496,5,5,0.7107274190065718,0.0,0.7107274190065718,0.7107274190065718,5,0.0008392414302070828,0.0,0.0008392414302070828,0.0008392414302070828,5,0.0008392414302070828,0.0,0.0008392414302070828,0.0008392414302070828,5,0.08317130236203918,0.0,0.08317130236203918,0.08317130236203918,5,0.9900102845152092,1.2412670766236366e-16,0.9900102845152093,0.9900102845152093
loco_linear,global_stats,terminal,10%,125,12,0.096,5,5,0.09271995909512043,0.0,0.09271995909512043,0.09271995909512043,5,0.0,0.0,0.0,0.0,5,0.0,0.0,0.0,0.0,5,0.3187588374465704,0.0,0.3187588374465704,0.3187588374465704,5,1.0,0.0,1.0,1.0
loco_linear,global_stats,terminal,25%,125,31,0.248,5,5,0.17392718421836054,0.0004939466179674504,0.17329309424085002,0.17442970722913742,5,0.0029677382399959096,0.0004939466179674504,0.0023336482624853883,0.0034702612507727937,5,0.0029677382399959096,0.0004939466179674504,0.0023336482624853883,0.0034702612507727937,5,0.23755161232333027,0.0004939466179674504,0.23704908931255342,0.23818570230084082,5,0.9876611248407036,0.0020536668538750293,0.9855718001788837,0.9902974614848257
loco_linear,global_stats,terminal,50%,125,62,0.496,5,5,0.2397519547372095,0.00021780595144829415,0.23944445831641073,0.23995983804906568,5,0.0014281858359613763,0.00021780595144829415,0.0011206894151626068,0.0016360691478175537,5,0.0014281858359613763,0.00021780595144829415,0.0011206894151626068,0.0016360691478175537,5,0.17172684180448133,0.00021780595144829415,0.17151895849262516,0.1720343382252801,5,0.9917519817043544,0.0012578667475978051,0.9905514199032392,0.9935278263043582
loco_linear,global_stats,J,10%,125,12,0.096,5,5,0.6265696070105251,0.0,0.6265696070105251,0.6265696070105251,5,-1.1102230246251565e-16,0.0,-1.1102230246251565e-16,-1.1102230246251565e-16,5,0.0,0.0,0.0,0.0,5,0.16732911435808584,0.0,0.16732911435808584,0.16732911435808584,5,1.0000000000000007,0.0,1.0000000000000007,1.0000000000000007
loco_linear,global_stats,J,25%,125,31,0.248,5,5,0.6736126062702588,0.00014072216353674897,0.6735098373325121,0.6737667596768788,5,0.0009061676311877154,0.00014072216353674897,0.0008033986934410375,0.0010603210378077321,5,0.0009061676311877154,0.00014072216353674897,0.0008033986934410375,0.0010603210378077321,5,0.12028611509835214,0.00014072216353674897,0.12013196169173213,0.12038888403609882,5,0.9925228932834778,0.0011611478913289809,0.9912509194981168,0.9933708758070516
loco_linear,global_stats,J,50%,125,62,0.496,5,5,0.7105831977410584,0.0,0.7105831977410584,0.7105831977410584,5,0.0006950201646936938,0.0,0.0006950201646936938,0.0006950201646936938,5,0.0006950201646936938,0.0,0.0006950201646936938,0.0006950201646936938,5,0.08331552362755257,0.0,0.08331552362755257,0.08331552362755257,5,0.9917269888597264,0.0,0.9917269888597264,0.9917269888597264
loco_linear,deepsets,terminal,10%,125,12,0.096,5,5,0.09271995909512043,0.0,0.09271995909512043,0.09271995909512043,5,0.0,0.0,0.0,0.0,5,0.0,0.0,0.0,0.0,5,0.3187588374465704,0.0,0.3187588374465704,0.3187588374465704,5,1.0,0.0,1.0,1.0
loco_linear,deepsets,terminal,25%,125,31,0.248,5,5,0.17262389318596932,0.0002947446721948011,0.17217198086361732,0.17291598622837373,5,0.0016644472076046911,0.0002947446721948011,0.0012125348852526918,0.0019565402500091034,5,0.0016644472076046911,0.0002947446721948011,0.0012125348852526918,0.0019565402500091034,5,0.23885490335572152,0.0002947446721948011,0.2385628103133171,0.23930681567807352,5,0.9930797783891135,0.0012254509730899896,0.9918653520166812,0.9949586805285613
loco_linear,deepsets,terminal,50%,125,62,0.496,5,5,0.23927364784383007,0.00029394618177798715,0.23876590365844388,0.2394837171079651,5,0.0009498789425819165,0.00029394618177798715,0.00044213475719576123,0.0011599482067169709,5,0.0009498789425819165,0.00029394618177798715,0.00044213475719576123,0.0011599482067169709,5,0.1722051486978608,0.00029394618177798715,0.17199507943372574,0.17271289288324695,5,0.9945142860965358,0.0016975896442832004,0.9933011000458756,0.9974465959018305
loco_linear,deepsets,J,10%,125,12,0.096,5,5,0.6265696070105251,0.0,0.6265696070105251,0.6265696070105251,5,-1.1102230246251565e-16,0.0,-1.1102230246251565e-16,-1.1102230246251565e-16,5,0.0,0.0,0.0,0.0,5,0.16732911435808584,0.0,0.16732911435808584,0.16732911435808584,5,1.0000000000000007,0.0,1.0000000000000007,1.0000000000000007
loco_linear,deepsets,J,25%,125,31,0.248,5,5,0.6733422201779742,0.00017518096121911438,0.6732131512595281,0.6736420137206873,5,0.0006357815389029797,0.00017518096121911438,0.0005067126204569838,0.0009355750816162356,5,0.0006357815389029797,0.00017518096121911438,0.0005067126204569838,0.0009355750816162356,5,0.12055650119063688,0.00017518096121911438,0.12025670764792362,0.12068557010908287,5,0.9947539436952283,0.0014454795080480506,0.9922802421033349,0.9958189365771103
loco_linear,deepsets,J,50%,125,62,0.496,5,5,0.7101709555351847,0.00013536585052242362,0.7099861231452276,0.7103554688223828,5,0.000282777958820013,0.00013536585052242362,9.794556886288941e-05,0.0004672912460180756,5,0.000282777958820013,0.00013536585052242362,9.794556886288941e-05,0.0004672912460180756,5,0.08372776583342625,0.00013536585052242362,0.08354325254622819,0.08391259822338337,5,0.9966340182308627,0.001611295968481977,0.994437707162405,0.9988341276649143
loco_linear,capacity_matched_deepsets,terminal,10%,125,12,0.096,5,5,0.09271995909512043,0.0,0.09271995909512043,0.09271995909512043,5,0.0,0.0,0.0,0.0,5,0.0,0.0,0.0,0.0,5,0.3187588374465704,0.0,0.3187588374465704,0.3187588374465704,5,1.0,0.0,1.0,1.0
loco_linear,capacity_matched_deepsets,terminal,25%,125,31,0.248,5,5,0.17247024135243508,0.0005773070091350795,0.17200662700399275,0.1734706362889659,5,0.0015107953740704505,0.0005773070091350795,0.0010471810256281189,0.0025111903106012634,5,0.0015107953740704505,0.0005773070091350795,0.0010471810256281189,0.0025111903106012634,5,0.23900855518925573,0.0005773070091350795,0.23800816025272495,0.2394721695376981,5,0.9937186119514625,0.002400251820832509,0.9895593003027834,0.9956461672494313
loco_linear,capacity_matched_deepsets,terminal,50%,125,62,0.496,5,5,0.2394109408941961,4.790055710886669e-05,0.23933719735472433,0.23946911781545607,5,0.0010871719929479884,4.790055710886669e-05,0.0010134284534762117,0.0011453489142079498,5,0.0010871719929479884,4.790055710886669e-05,0.0010134284534762117,0.0011453489142079498,5,0.17206785564749472,4.790055710886669e-05,0.17200967872623477,0.1721415991869665,5,0.9937213951696193,0.0002766339375853069,0.9933854134655202,0.9941472767653008
loco_linear,capacity_matched_deepsets,J,10%,125,12,0.096,5,5,0.6265696070105251,0.0,0.6265696070105251,0.6265696070105251,5,-1.1102230246251565e-16,0.0,-1.1102230246251565e-16,-1.1102230246251565e-16,5,0.0,0.0,0.0,0.0,5,0.16732911435808584,0.0,0.16732911435808584,0.16732911435808584,5,1.0000000000000007,0.0,1.0000000000000007,1.0000000000000007
loco_linear,capacity_matched_deepsets,J,25%,125,31,0.248,5,5,0.673632564462561,0.0002706433309480207,0.6734232127366047,0.6740824754860613,5,0.0009261258234900093,0.0002706433309480207,0.0007167740975335679,0.0013760368469901696,5,0.0009261258234900093,0.0002706433309480207,0.0007167740975335679,0.0013760368469901696,5,0.12026615690604985,0.0002706433309480207,0.11981624588254969,0.12047550863200629,5,0.992358211243889,0.0022331729781178006,0.9886458377051861,0.9940856457078776
loco_linear,capacity_matched_deepsets,J,50%,125,62,0.496,5,5,0.7102303131515542,0.00014851595103574484,0.7100720082109254,0.7104076510705856,5,0.000342135575189495,0.00014851595103574484,0.00018383063456073323,0.000519473494220879,5,0.000342135575189495,0.00014851595103574484,0.00018383063456073323,0.000519473494220879,5,0.08366840821705676,0.0001485159510357448,0.08349107029802538,0.08382671315768553,5,0.9959274686278002,0.0017678251363664038,0.9938165678881271,0.9978118147286924
loco_linear,gnn,terminal,10%,125,12,0.096,5,5,0.09271995909512043,0.0,0.09271995909512043,0.09271995909512043,5,0.0,0.0,0.0,0.0,5,0.0,0.0,0.0,0.0,5,0.3187588374465704,0.0,0.3187588374465704,0.3187588374465704,5,1.0,0.0,1.0,1.0
loco_linear,gnn,terminal,25%,125,31,0.248,5,5,0.17280758268410162,0.0009329154168958767,0.17188221096031128,0.17415020855203753,5,0.0018481367057369747,0.0009329154168958767,0.0009227649819466555,0.0031907625736729006,5,0.0018481367057369747,0.0009329154168958767,0.0009227649819466555,0.0031907625736729006,5,0.23867121385758922,0.0009329154168958767,0.2373285879896533,0.23959658558137956,5,0.9923160581408172,0.003878754099039728,0.9867338633411419,0.996163448056111
loco_linear,gnn,terminal,50%,125,62,0.496,5,5,0.23919876758610048,0.00029944840211908327,0.23876590365844388,0.23959279601131717,5,0.0008749986848523627,0.00029944840211908327,0.00044213475719576123,0.0012690271100690431,5,0.0008749986848523627,0.00029944840211908327,0.00044213475719576123,0.0012690271100690431,5,0.17228002895559036,0.00029944840211908327,0.17188600053037367,0.17271289288324695,5,0.9949467324352297,0.0017293659109967564,0.9926711506598342,0.9974465959018305
loco_linear,gnn,J,10%,125,12,0.096,5,5,0.6265696070105251,0.0,0.6265696070105251,0.6265696070105251,5,-1.1102230246251565e-16,0.0,-1.1102230246251565e-16,-1.1102230246251565e-16,5,0.0,0.0,0.0,0.0,5,0.16732911435808584,0.0,0.16732911435808584,0.16732911435808584,5,1.0000000000000007,0.0,1.0000000000000007,1.0000000000000007
loco_linear,gnn,J,25%,125,31,0.248,5,5,0.6734842248641515,0.00017552237663805858,0.6732991723263616,0.673706783011796,5,0.0007777862250804235,0.00017552237663805858,0.0005927336872905142,0.0010003443727248928,5,0.0007777862250804235,0.00017552237663805858,0.0005927336872905142,0.0010003443727248928,5,0.12041449650445943,0.00017552237663805858,0.12019193835681496,0.12059954904224934,5,0.9935822132600952,0.0014482966463282704,0.9917458079822019,0.9951091466061969
loco_linear,gnn,J,50%,125,62,0.496,5,5,0.710133501798195,7.859390208703194e-05,0.7100383223214699,0.7102497858055417,5,0.0002453242218302787,7.859390208703194e-05,0.00015014474510521847,0.00036160822917696844,5,0.0002453242218302787,7.859390208703194e-05,0.00015014474510521847,0.00036160822917696844,5,0.08376521957041598,7.859390208703194e-05,0.0836489355630693,0.08386039904714104,5,0.9970798400920133,0.0009355242632566468,0.9956956804127919,0.9982127868916487
loco_linear,gnn_zero_edge_features,terminal,10%,125,12,0.096,5,5,0.09271995909512043,0.0,0.09271995909512043,0.09271995909512043,5,0.0,0.0,0.0,0.0,5,0.0,0.0,0.0,0.0,5,0.3187588374465704,0.0,0.3187588374465704,0.3187588374465704,5,1.0,0.0,1.0,1.0
loco_linear,gnn_zero_edge_features,terminal,25%,125,31,0.248,5,5,0.17238488038701394,0.00019491808374207822,0.17217198086361732,0.1726262163250677,5,0.0014254344086493287,0.00019491808374207822,0.0012125348852526918,0.001666770346703067,5,0.0014254344086493287,0.00019491808374207822,0.0012125348852526918,0.001666770346703067,5,0.23909391615467687,0.0001949180837420782,0.23885258021662314,0.23930681567807352,5,0.9940735146452425,0.0008104049977082918,0.993070119544231,0.9949586805285613
loco_linear,gnn_zero_edge_features,terminal,50%,125,62,0.496,5,5,0.23927890939577937,0.00028077707203150447,0.23900854022752854,0.2397525460729676,5,0.0009551404945312092,0.00028077707203150447,0.00068477132628042,0.0014287771717194642,5,0.0009551404945312092,0.00028077707203150447,0.00068477132628042,0.0014287771717194642,5,0.17219988714591147,0.00028077707203150447,0.17172625046872325,0.1724702563141623,5,0.9944838997310862,0.001621535775527925,0.9917485666388716,0.9960453280761656
loco_linear,gnn_zero_edge_features,J,10%,125,12,0.096,5,5,0.6265696070105251,0.0,0.6265696070105251,0.6265696070105251,5,-1.1102230246251565e-16,0.0,-1.1102230246251565e-16,-1.1102230246251565e-16,5,0.0,0.0,0.0,0.0,5,0.16732911435808584,0.0,0.16732911435808584,0.16732911435808584,5,1.0000000000000007,0.0,1.0000000000000007,1.0000000000000007
loco_linear,gnn_zero_edge_features,J,25%,125,31,0.248,5,5,0.6734856071903981,0.00021709388006939593,0.6732523906234932,0.6737274173867478,5,0.0007791685513269808,0.00021709388006939593,0.0005459519844220884,0.001020978747676704,5,0.0007791685513269808,0.00021709388006939593,0.0005459519844220884,0.001020978747676704,5,0.12041311417821288,0.00021709388006939593,0.12017130398186315,0.12064633074511777,5,0.9935708072017604,0.001791317691027227,0.9915755465225853,0.9954951588325103
loco_linear,gnn_zero_edge_features,J,50%,125,62,0.496,5,5,0.7101243735775753,0.00013815899527269893,0.7100383223214699,0.7103554688223828,5,0.00023619600121063122,0.00013815899527269893,0.00015014474510521847,0.0004672912460180756,5,0.00023619600121063122,0.00013815899527269893,0.00015014474510521847,0.0004672912460180756,5,0.08377434779103562,0.00013815899527269893,0.08354325254622819,0.08386039904714104,5,0.9971884957465014,0.0016445435184226018,0.994437707162405,0.9982127868916487
loco_linear,gnn_mean,terminal,10%,125,12,0.096,5,5,0.09271995909512043,0.0,0.09271995909512043,0.09271995909512043,5,0.0,0.0,0.0,0.0,5,0.0,0.0,0.0,0.0,5,0.3187588374465704,0.0,0.3187588374465704,0.3187588374465704,5,1.0,0.0,1.0,1.0
loco_linear,gnn_mean,terminal,25%,125,31,0.248,5,5,0.17240576066317098,0.00036989368141138586,0.17205492503220035,0.17291598622837373,5,0.001446314684806338,0.00036989368141138586,0.001095479053835724,0.0019565402500091034,5,0.001446314684806338,0.00036989368141138586,0.001095479053835724,0.0019565402500091034,5,0.23907303587851986,0.00036989368141138586,0.2385628103133171,0.2394238715094905,5,0.9939867013551348,0.0015378957266641924,0.9918653520166812,0.995445360004216
loco_linear,gnn_mean,terminal,50%,125,62,0.496,5,5,0.23902320431605464,0.0004483086110214829,0.23839431436311814,0.23954865732981312,5,0.000699435414806493,0.0004483086110214829,7.054546187001964e-05,0.0012248884285649964,5,0.000699435414806493,0.0004483086110214829,7.054546187001964e-05,0.0012248884285649964,5,0.1724555922256362,0.0004483086110214829,0.17193013921187772,0.1730844821785727,5,0.9959606404484027,0.0025890591635167413,0.9929260591202209,0.9995925878512952
loco_linear,gnn_mean,J,10%,125,12,0.096,5,5,0.6265696070105251,0.0,0.6265696070105251,0.6265696070105251,5,-1.1102230246251565e-16,0.0,-1.1102230246251565e-16,-1.1102230246251565e-16,5,0.0,0.0,0.0,0.0,5,0.16732911435808584,0.0,0.16732911435808584,0.16732911435808584,5,1.0000000000000007,0.0,1.0000000000000007,1.0000000000000007
loco_linear,gnn_mean,J,25%,125,31,0.248,5,5,0.6732703352098663,0.00024085747844429165,0.6729302059478497,0.6735198284449275,5,0.0005638965707952526,0.00024085747844429165,0.00022376730877859963,0.0008133898058564348,5,0.0005638965707952526,0.00024085747844429165,0.00022376730877859963,0.0008133898058564348,5,0.1206283861587446,0.00024085747844429165,0.12037889292368342,0.12096851542076126,5,0.9953470917611671,0.0019873994698309813,0.9932884356368495,0.9981536175098049
loco_linear,gnn_mean,J,50%,125,62,0.496,5,5,0.7101616605745769,5.694159464434455e-05,0.7101092227514314,0.7102223325310456,5,0.00027348299821228217,5.694159464434455e-05,0.00022104517506671417,0.0003341549546809208,5,0.00027348299821228217,5.694159464434455e-05,0.00022104517506671417,0.0003341549546809208,5,0.08373706079403398,5.694159464434455e-05,0.08367638883756534,0.08378949861717955,5,0.9967446586360804,0.0006777910494801378,0.9960224640908495,0.9973688400873425
loco_smoldering,fire_only,terminal,10%,97,9,0.09278350515463918,5,5,0.9546819104088676,0.013122767555156224,0.9481219318177965,0.978051073021359,5,0.006559978591071247,0.013122767555156224,0.0,0.029929141203562493,5,0.006559978591071247,0.013122767555156224,0.0,0.029929141203562493,5,0.040242463439054375,0.013122767555156224,0.01687330082656313,0.046802442030125624,5,0.8598368310173058,0.28038638553751977,0.3605218038772889,1.0
loco_smoldering,fire_only,terminal,25%,97,24,0.24742268041237114,5,5,0.9794860109686852,0.0,0.9794860109686852,0.9794860109686852,5,0.0,0.0,0.0,0.0,5,0.0,0.0,0.0,0.0,5,0.015438362879236944,0.0,0.015438362879236944,0.015438362879236944,5,1.0,0.0,1.0,1.0
loco_smoldering,fire_only,terminal,50%,97,48,0.4948453608247423,5,5,0.9897430054843426,0.0,0.9897430054843426,0.9897430054843426,5,0.0,0.0,0.0,0.0,5,0.0,0.0,0.0,0.0,5,0.005181368363579519,0.0,0.005181368363579519,0.005181368363579519,5,1.0,0.0,1.0,1.0
loco_smoldering,fire_only,J,10%,97,9,0.09278350515463918,5,5,0.9971425126548166,5.9072797802678073e-05,0.9971160944965151,0.997248185288023,5,2.6418158301577677e-05,5.907279780267807e-05,0.0,0.00013209079150788838,5,2.6418158301577677e-05,5.907279780267807e-05,0.0,0.00013209079150788838,5,0.0025863184563390982,5.9072797802678073e-05,0.0024806458231327877,0.002612736614640676,5,0.9898887020782954,0.02260954949368373,0.9494435103914772,1.0
loco_smoldering,fire_only,J,25%,97,24,0.24742268041237114,5,5,0.9989040257409215,0.0,0.9989040257409215,0.9989040257409215,5,0.0,0.0,0.0,0.0,5,0.0,0.0,0.0,0.0,5,0.0008248053702342162,0.0,0.0008248053702342162,0.0008248053702342162,5,1.0,0.0,1.0,1.0
loco_smoldering,fire_only,J,50%,97,48,0.4948453608247423,5,5,0.9994520128704607,1.2412670766236366e-16,0.9994520128704608,0.9994520128704608,5,0.0,0.0,0.0,0.0,5,0.0,0.0,0.0,0.0,5,0.00027681824069492045,0.0,0.00027681824069492045,0.00027681824069492045,5,1.0,0.0,1.0,1.0
loco_smoldering,global_stats,terminal,10%,97,9,0.09278350515463918,5,5,0.9680624127388,0.015365933225833232,0.9481219318177965,0.9818945791986253,5,0.01994048092100358,0.015365933225833232,0.0,0.03377264738082886,5,0.01994048092100358,0.015365933225833232,0.0,0.03377264738082886,5,0.026861961109122045,0.015365933225833232,0.013029794649296766,0.046802442030125624,5,0.5739435795215908,0.32831477502696427,0.27839988864063536,1.0
loco_smoldering,global_stats,terminal,25%,97,24,0.24742268041237114,5,5,0.9794860109686852,0.0,0.9794860109686852,0.9794860109686852,5,0.0,0.0,0.0,0.0,5,0.0,0.0,0.0,0.0,5,0.015438362879236944,0.0,0.015438362879236944,0.015438362879236944,5,1.0,0.0,1.0,1.0
loco_smoldering,global_stats,terminal,50%,97,48,0.4948453608247423,5,5,0.9897430054843426,0.0,0.9897430054843426,0.9897430054843426,5,0.0,0.0,0.0,0.0,5,0.0,0.0,0.0,0.0,5,0.005181368363579519,0.0,0.005181368363579519,0.005181368363579519,5,1.0,0.0,1.0,1.0
loco_smoldering,global_stats,J,10%,97,9,0.09278350515463918,5,5,0.9971456527378824,6.609423699267904e-05,0.9971160944965151,0.9972638857033517,5,2.9558241367322326e-05,6.609423699267906e-05,0.0,0.00014779120683661162,5,2.9558241367322326e-05,6.609423699267906e-05,0.0,0.00014779120683661162,5,0.002583178373273354,6.609423699267904e-05,0.0024649454078040645,0.002612736614640676,5,0.988686865257795,0.025296938322184763,0.9434343262889754,1.0
loco_smoldering,global_stats,J,25%,97,24,0.24742268041237114,5,5,0.9989040257409215,5.551115123125783e-17,0.9989040257409214,0.9989040257409215,5,-2.2204460492503132e-17,4.965068306494547e-17,-1.1102230246251565e-16,0.0,5,0.0,0.0,0.0,0.0,5,0.0008248053702342384,4.965068898376776e-17,0.0008248053702342162,0.0008248053702343272,5,1.000000000000027,6.017695560110244e-14,1.0,1.0000000000001346
loco_smoldering,global_stats,J,50%,97,48,0.4948453608247423,5,5,0.9994520128704607,1.2412670766236366e-16,0.9994520128704608,0.9994520128704608,5,0.0,0.0,0.0,0.0,5,0.0,0.0,0.0,0.0,5,0.00027681824069492045,0.0,0.00027681824069492045,0.00027681824069492045,5,1.0,0.0,1.0,1.0
loco_smoldering,deepsets,terminal,10%,97,9,0.09278350515463918,5,5,0.9531509240468343,0.004648047443183749,0.9481219318177965,0.957360585530599,5,0.005028992229037854,0.004648047443183749,0.0,0.009238653712802525,5,0.005028992229037854,0.004648047443183749,0.0,0.009238653712802525,5,0.04177344980108777,0.004648047443183749,0.0375637883173231,0.046802442030125624,5,0.8925485079218557,0.09931207094262112,0.8026031695770101,1.0
loco_smoldering,deepsets,terminal,25%,97,24,0.24742268041237114,5,5,0.9794860109686852,0.0,0.9794860109686852,0.9794860109686852,5,0.0,0.0,0.0,0.0,5,0.0,0.0,0.0,0.0,5,0.015438362879236944,0.0,0.015438362879236944,0.015438362879236944,5,1.0,0.0,1.0,1.0
loco_smoldering,deepsets,terminal,50%,97,48,0.4948453608247423,5,5,0.9897430054843426,0.0,0.9897430054843426,0.9897430054843426,5,0.0,0.0,0.0,0.0,5,0.0,0.0,0.0,0.0,5,0.005181368363579519,0.0,0.005181368363579519,0.005181368363579519,5,1.0,0.0,1.0,1.0
loco_smoldering,deepsets,J,10%,97,9,0.09278350515463918,5,5,0.9972607456202859,7.0214391900009735e-06,0.997248185288023,0.9972638857033517,5,0.00014465112377086696,7.021439190000974e-06,0.00013209079150788838,0.00014779120683661162,5,0.00014465112377086696,7.021439190000974e-06,0.00013209079150788838,0.00014779120683661162,5,0.0024680854908698093,7.0214391900009735e-06,0.0024649454078040645,0.0024806458231327877,5,0.9446361631094758,0.002687388828501036,0.9434343262889754,0.9494435103914772
loco_smoldering,deepsets,J,25%,97,24,0.24742268041237114,5,5,0.9989040257409215,0.0,0.9989040257409215,0.9989040257409215,5,0.0,0.0,0.0,0.0,5,0.0,0.0,0.0,0.0,5,0.0008248053702342162,0.0,0.0008248053702342162,0.0008248053702342162,5,1.0,0.0,1.0,1.0
loco_smoldering,deepsets,J,50%,97,48,0.4948453608247423,5,5,0.9994520128704607,1.2412670766236366e-16,0.9994520128704608,0.9994520128704608,5,0.0,0.0,0.0,0.0,5,0.0,0.0,0.0,0.0,5,0.00027681824069492045,0.0,0.00027681824069492045,0.00027681824069492045,5,1.0,0.0,1.0,1.0
loco_smoldering,capacity_matched_deepsets,terminal,10%,97,9,0.09278350515463918,5,5,0.9569734387927585,0.003553469914788193,0.9509926835695902,0.9602710472212898,5,0.008851506974962042,0.003553469914788193,0.002870751751793743,0.012149115403493282,5,0.008851506974962042,0.003553469914788193,0.002870751751793743,0.012149115403493282,5,0.03795093505516358,0.003553469914788193,0.03465332662663234,0.04393169027833188,5,0.8108751041395547,0.07592488256277115,0.7404170620910511,0.9386623512092401
loco_smoldering,capacity_matched_deepsets,terminal,25%,97,24,0.24742268041237114,5,5,0.9794860109686852,0.0,0.9794860109686852,0.9794860109686852,5,0.0,0.0,0.0,0.0,5,0.0,0.0,0.0,0.0,5,0.015438362879236944,0.0,0.015438362879236944,0.015438362879236944,5,1.0,0.0,1.0,1.0
loco_smoldering,capacity_matched_deepsets,terminal,50%,97,48,0.4948453608247423,5,5,0.9897430054843426,0.0,0.9897430054843426,0.9897430054843426,5,0.0,0.0,0.0,0.0,5,0.0,0.0,0.0,0.0,5,0.005181368363579519,0.0,0.005181368363579519,0.005181368363579519,5,1.0,0.0,1.0,1.0
loco_smoldering,capacity_matched_deepsets,J,10%,97,9,0.09278350515463918,5,5,0.9972607456202859,7.0214391900009735e-06,0.997248185288023,0.9972638857033517,5,0.00014465112377086696,7.0214391900009735e-06,0.00013209079150788838,0.00014779120683661162,5,0.00014465112377086696,7.0214391900009735e-06,0.00013209079150788838,0.00014779120683661162,5,0.0024680854908698093,7.0214391900009735e-06,0.0024649454078040645,0.0024806458231327877,5,0.9446361631094758,0.002687388828501036,0.9434343262889754,0.9494435103914772
loco_smoldering,capacity_matched_deepsets,J,25%,97,24,0.24742268041237114,5,5,0.9989040257409215,7.850462293418876e-17,0.9989040257409214,0.9989040257409215,5,-4.4408920985006264e-17,6.080941944488118e-17,-1.1102230246251565e-16,0.0,5,0.0,0.0,0.0,0.0,5,0.0008248053702342606,6.080943877567195e-17,0.0008248053702342162,0.0008248053702343272,5,1.0000000000000537,7.370108326421672e-14,1.0,1.0000000000001346
loco_smoldering,capacity_matched_deepsets,J,50%,97,48,0.4948453608247423,5,5,0.9994520128704607,1.2412670766236366e-16,0.9994520128704608,0.9994520128704608,5,0.0,0.0,0.0,0.0,5,0.0,0.0,0.0,0.0,5,0.00027681824069492045,0.0,0.00027681824069492045,0.00027681824069492045,5,1.0,0.0,1.0,1.0
loco_smoldering,gnn,terminal,10%,97,9,0.09278350515463918,5,5,0.957810456222958,0.0027060187087683844,0.9553391602304246,0.9619779586791992,5,0.009688524405161547,0.0027060187087683844,0.007217228412628174,0.013856026861402748,5,0.009688524405161547,0.0027060187087683844,0.007217228412628174,0.013856026861402748,5,0.03711391762496408,0.0027060187087683844,0.032946415168722876,0.03958521361749745,5,0.7929910495070904,0.05781789563515905,0.7039464980805071,0.8457937641804542
loco_smoldering,gnn,terminal,25%,97,24,0.24742268041237114,5,5,0.9794860109686852,0.0,0.9794860109686852,0.9794860109686852,5,0.0,0.0,0.0,0.0,5,0.0,0.0,0.0,0.0,5,0.015438362879236944,0.0,0.015438362879236944,0.015438362879236944,5,1.0,0.0,1.0,1.0
loco_smoldering,gnn,terminal,50%,97,48,0.4948453608247423,5,5,0.9897430054843426,0.0,0.9897430054843426,0.9897430054843426,5,0.0,0.0,0.0,0.0,5,0.0,0.0,0.0,0.0,5,0.005181368363579519,0.0,0.005181368363579519,0.005181368363579519,5,1.0,0.0,1.0,1.0
loco_smoldering,gnn,J,10%,97,9,0.09278350515463918,5,5,0.9972607456202859,7.0214391900009735e-06,0.997248185288023,0.9972638857033517,5,0.00014465112377086696,7.021439190000974e-06,0.00013209079150788838,0.00014779120683661162,5,0.00014465112377086696,7.021439190000974e-06,0.00013209079150788838,0.00014779120683661162,5,0.0024680854908698093,7.0214391900009735e-06,0.0024649454078040645,0.0024806458231327877,5,0.9446361631094758,0.002687388828501036,0.9434343262889754,0.9494435103914772
loco_smoldering,gnn,J,25%,97,24,0.24742268041237114,5,5,0.9989040257409215,0.0,0.9989040257409215,0.9989040257409215,5,0.0,0.0,0.0,0.0,5,0.0,0.0,0.0,0.0,5,0.0008248053702342162,0.0,0.0008248053702342162,0.0008248053702342162,5,1.0,0.0,1.0,1.0
loco_smoldering,gnn,J,50%,97,48,0.4948453608247423,5,5,0.9994520128704607,1.2412670766236366e-16,0.9994520128704608,0.9994520128704608,5,0.0,0.0,0.0,0.0,5,0.0,0.0,0.0,0.0,5,0.00027681824069492045,0.0,0.00027681824069492045,0.00027681824069492045,5,1.0,0.0,1.0,1.0
loco_smoldering,gnn_zero_edge_features,terminal,10%,97,9,0.09278350515463918,5,5,0.9575759066475762,0.004385727686717539,0.9545743929015266,0.964974065621694,5,0.009453974829779766,0.004385727686717539,0.006452461083730099,0.016852133803897495,5,0.009453974829779766,0.004385727686717539,0.006452461083730099,0.016852133803897495,5,0.03734846720034586,0.004385727686717539,0.02995030822622813,0.040349980946395525,5,0.7980025310710397,0.09370724040199759,0.6399304593326525,0.8621340937813287
loco_smoldering,gnn_zero_edge_features,terminal,25%,97,24,0.24742268041237114,5,5,0.9794860109686852,0.0,0.9794860109686852,0.9794860109686852,5,0.0,0.0,0.0,0.0,5,0.0,0.0,0.0,0.0,5,0.015438362879236944,0.0,0.015438362879236944,0.015438362879236944,5,1.0,0.0,1.0,1.0
loco_smoldering,gnn_zero_edge_features,terminal,50%,97,48,0.4948453608247423,5,5,0.9897430054843426,0.0,0.9897430054843426,0.9897430054843426,5,0.0,0.0,0.0,0.0,5,0.0,0.0,0.0,0.0,5,0.005181368363579519,0.0,0.005181368363579519,0.005181368363579519,5,1.0,0.0,1.0,1.0
loco_smoldering,gnn_zero_edge_features,J,10%,97,9,0.09278350515463918,5,5,0.9972544654541544,8.599471637741606e-06,0.997248185288023,0.9972638857033517,5,0.00013837095763937767,8.599471637741606e-06,0.00013209079150788838,0.00014779120683661162,5,0.00013837095763937767,8.599471637741606e-06,0.00013209079150788838,0.00014779120683661162,5,0.0024743656570012985,8.599471637741606e-06,0.0024649454078040645,0.0024806458231327877,5,0.9470398367504765,0.0032913656851416948,0.9434343262889754,0.9494435103914772
loco_smoldering,gnn_zero_edge_features,J,25%,97,24,0.24742268041237114,5,5,0.9989040257409215,0.0,0.9989040257409215,0.9989040257409215,5,0.0,0.0,0.0,0.0,5,0.0,0.0,0.0,0.0,5,0.0008248053702342162,0.0,0.0008248053702342162,0.0008248053702342162,5,1.0,0.0,1.0,1.0
loco_smoldering,gnn_zero_edge_features,J,50%,97,48,0.4948453608247423,5,5,0.9994520128704607,1.2412670766236366e-16,0.9994520128704608,0.9994520128704608,5,0.0,0.0,0.0,0.0,5,0.0,0.0,0.0,0.0,5,0.00027681824069492045,0.0,0.00027681824069492045,0.00027681824069492045,5,1.0,0.0,1.0,1.0
loco_smoldering,gnn_mean,terminal,10%,97,9,0.09278350515463918,5,5,0.9602675331963434,0.003870478819703722,0.9554054405954149,0.9650925861464607,5,0.012145601378546833,0.003870478819703722,0.007283508777618408,0.01697065432866418,5,0.012145601378546833,0.003870478819703722,0.007283508777618408,0.01697065432866418,5,0.03465684065157879,0.003870478819703722,0.029831787701461443,0.039518933252507216,5,0.7404921441763872,0.08269822367842233,0.637398101625967,0.8443775909613822
loco_smoldering,gnn_mean,terminal,25%,97,24,0.24742268041237114,5,5,0.9794860109686852,0.0,0.9794860109686852,0.9794860109686852,5,0.0,0.0,0.0,0.0,5,0.0,0.0,0.0,0.0,5,0.015438362879236944,0.0,0.015438362879236944,0.015438362879236944,5,1.0,0.0,1.0,1.0
loco_smoldering,gnn_mean,terminal,50%,97,48,0.4948453608247423,5,5,0.9897430054843426,0.0,0.9897430054843426,0.9897430054843426,5,0.0,0.0,0.0,0.0,5,0.0,0.0,0.0,0.0,5,0.005181368363579519,0.0,0.005181368363579519,0.005181368363579519,5,1.0,0.0,1.0,1.0
loco_smoldering,gnn_mean,J,10%,97,9,0.09278350515463918,5,5,0.9972544654541544,8.599471637741606e-06,0.997248185288023,0.9972638857033517,5,0.00013837095763937767,8.599471637741606e-06,0.00013209079150788838,0.00014779120683661162,5,0.00013837095763937767,8.599471637741606e-06,0.00013209079150788838,0.00014779120683661162,5,0.0024743656570012985,8.599471637741606e-06,0.0024649454078040645,0.0024806458231327877,5,0.9470398367504765,0.0032913656851416948,0.9434343262889754,0.9494435103914772
loco_smoldering,gnn_mean,J,25%,97,24,0.24742268041237114,5,5,0.9989040257409215,5.551115123125783e-17,0.9989040257409214,0.9989040257409215,5,-2.2204460492503132e-17,4.965068306494547e-17,-1.1102230246251565e-16,0.0,5,0.0,0.0,0.0,0.0,5,0.0008248053702342384,4.965068898376776e-17,0.0008248053702342162,0.0008248053702343272,5,1.000000000000027,6.017695560110244e-14,1.0,1.0000000000001346
loco_smoldering,gnn_mean,J,50%,97,48,0.4948453608247423,5,5,0.9994520128704607,1.2412670766236366e-16,0.9994520128704608,0.9994520128704608,5,0.0,0.0,0.0,0.0,5,0.0,0.0,0.0,0.0,5,0.00027681824069492045,0.0,0.00027681824069492045,0.00027681824069492045,5,1.0,0.0,1.0,1.0
