protocol,model,seed,endpoint,budget,N,k,actual_budget_fraction,U,regret_raw,regret_display,improvement_over_random,oracle_improvement_fraction,cutoff_score,strictly_selected_count,cutoff_tied_count,selected_from_cutoff_tie
iid997,fire_only,42,terminal,10%,160,16,0.1,0.042363193177152425,0.006091661052778363,0.006091661052778363,0.20811654333374463,0.9715619620162335,0.054059963673353195,14,6,2
iid997,fire_only,42,terminal,25%,160,40,0.25,0.04942774581257254,0.003445223551243541,0.003445223551243541,0.20105199069832452,0.9831527115717136,0.055005043745040894,23,25,17
iid997,fire_only,42,terminal,50%,160,80,0.5,0.05806503788335249,0.0003144670045003295,0.0003144670045003295,0.19241469862754457,0.9983683476059835,0.11606775969266891,77,4,3
iid997,fire_only,42,J,10%,160,16,0.1,0.3370445355842093,0.006474392376063953,0.006474392376063953,0.17335054344865064,0.96399613687406,0.3572365423664451,15,1,1
iid997,fire_only,42,J,25%,160,40,0.25,0.3509942218217397,0.005302585097371304,0.005302585097371304,0.15940085721112024,0.9678052563865697,0.36058714215954146,32,25,8
iid997,fire_only,42,J,50%,160,80,0.5,0.35868192329947,0.0005093303835019269,0.0005093303835019269,0.15171315573338995,0.9966540397776001,0.37249699228753647,79,1,1
iid997,fire_only,43,terminal,10%,160,16,0.1,0.04205593006918207,0.005784397944808006,0.005784397944808006,0.208423806441715,0.9729963753658544,0.05531851202249527,15,1,1
iid997,fire_only,43,terminal,25%,160,40,0.25,0.04913773799780756,0.0031552157364785616,0.0031552157364785616,0.20134199851308948,0.9845708620136606,0.056897107511758804,25,25,15
iid997,fire_only,43,terminal,50%,160,80,0.5,0.05806503788335249,0.0003144670045003295,0.0003144670045003295,0.19241469862754457,0.9983683476059835,0.12240802496671677,77,4,3
iid997,fire_only,43,J,10%,160,16,0.1,0.33570679098059675,0.005136647772451375,0.005136647772451375,0.17468828805226322,0.9714352864974279,0.358716745985051,15,4,1
iid997,fire_only,43,J,25%,160,40,0.25,0.3509942218217397,0.005302585097371304,0.005302585097371304,0.15940085721112024,0.9678052563865697,0.36170998280867933,32,25,8
iid997,fire_only,43,J,50%,160,80,0.5,0.35868192329947,0.0005093303835019269,0.0005093303835019269,0.15171315573338995,0.9966540397776001,0.37169875962038834,79,1,1
iid997,fire_only,44,terminal,10%,160,16,0.1,0.043385402637068186,0.007113870512694125,0.007113870512694125,0.20709433387382886,0.966789925096157,0.054039210081100464,14,25,2
iid997,fire_only,44,terminal,25%,160,40,0.25,0.05059173826593906,0.004609216004610062,0.004609216004610062,0.199887998244958,0.977460739396748,0.05465393140912056,39,1,1
iid997,fire_only,44,terminal,50%,160,80,0.5,0.05806503788335249,0.0003144670045003295,0.0003144670045003295,0.19241469862754457,0.9983683476059835,0.11585104465484619,77,4,3
iid997,fire_only,44,J,10%,160,16,0.1,0.33570679098059675,0.005136647772451375,0.005136647772451375,0.17468828805226322,0.9714352864974279,0.35611068370441595,15,4,1
iid997,fire_only,44,J,25%,160,40,0.25,0.3509942218217397,0.005302585097371304,0.005302585097371304,0.15940085721112024,0.9678052563865697,0.3593571741133929,32,25,8
iid997,fire_only,44,J,50%,160,80,0.5,0.35868192329947,0.0005093303835019269,0.0005093303835019269,0.15171315573338995,0.9966540397776001,0.3704887170344591,79,1,1
iid997,fire_only,45,terminal,10%,160,16,0.1,0.043937450612429534,0.007665918488055472,0.007665918488055472,0.20654228589846751,0.9642127690206352,0.05880723148584366,14,25,2
iid997,fire_only,45,terminal,25%,160,40,0.25,0.05050331505481154,0.004520792793482539,0.004520792793482539,0.19997642145608552,0.9778931326273942,0.05889633670449257,39,1,1
iid997,fire_only,45,terminal,50%,160,80,0.5,0.05842410671757534,0.0006735358387231841,0.0006735358387231841,0.19205562979332172,0.9965052728967391,0.1160832941532135,76,4,4
iid997,fire_only,45,J,10%,160,16,0.1,0.3370445355842093,0.006474392376063953,0.006474392376063953,0.17335054344865064,0.96399613687406,0.35909932578603426,15,1,1
iid997,fire_only,45,J,25%,160,40,0.25,0.3509942218217397,0.005302585097371304,0.005302585097371304,0.15940085721112024,0.9678052563865697,0.3619031962007284,32,25,8
iid997,fire_only,45,J,50%,160,80,0.5,0.35868192329947,0.0005093303835019269,0.0005093303835019269,0.15171315573338995,0.9966540397776001,0.37212320156395434,79,1,1
iid997,fire_only,46,terminal,10%,160,16,0.1,0.04266633071238175,0.006394798588007691,0.006394798588007691,0.20781340579851532,0.9701468083058633,0.05358874425292015,13,25,3
iid997,fire_only,46,terminal,25%,160,40,0.25,0.05005237401928753,0.004069851757958529,0.004069851757958529,0.20042736249160953,0.9800982533043618,0.053783513605594635,39,2,1
iid997,fire_only,46,terminal,50%,160,80,0.5,0.05806503788335249,0.0003144670045003295,0.0003144670045003295,0.19241469862754457,0.9983683476059835,0.1167711690068245,77,4,3
iid997,fire_only,46,J,10%,160,16,0.1,0.3370445355842093,0.006474392376063953,0.006474392376063953,0.17335054344865064,0.96399613687406,0.35920796769981583,15,1,1
iid997,fire_only,46,J,25%,160,40,0.25,0.3509942218217397,0.005302585097371304,0.005302585097371304,0.15940085721112024,0.9678052563865697,0.3620701033311585,32,25,8
iid997,fire_only,46,J,50%,160,80,0.5,0.35868192329947,0.0005093303835019269,0.0005093303835019269,0.15171315573338995,0.9966540397776001,0.373489987043043,79,1,1
iid997,global_stats,42,terminal,10%,160,16,0.1,0.037999034218955785,0.0017275020945817232,0.0017275020945817232,0.21248070229194127,0.9919354064914125,0.049618203192949295,15,1,1
iid997,global_stats,42,terminal,25%,160,40,0.25,0.047231930890120566,0.0012494086287915679,0.0012494086287915679,0.2032478056207765,0.9938903391257604,0.054632119834423065,39,1,1
iid997,global_stats,42,terminal,50%,160,80,0.5,0.05800770261557773,0.00025713173672557016,0.00025713173672557016,0.19247203389531933,0.9986658389980452,0.12522467970848083,79,1,1
iid997,global_stats,42,J,10%,160,16,0.1,0.3322329017480418,0.0016627585398964473,0.0016627585398964473,0.17816217728481815,0.9907534595673804,0.3526976491324604,15,1,1
iid997,global_stats,42,J,25%,160,40,0.25,0.3485856493799656,0.002894012655597189,0.002894012655597189,0.16180942965289435,0.9824289485694132,0.35950202252715824,39,1,1
iid997,global_stats,42,J,50%,160,80,0.5,0.35869913446661184,0.0005265415506437443,0.0005265415506437443,0.15169594456624813,0.9965409739120973,0.37507710432012875,79,1,1
iid997,global_stats,43,terminal,10%,160,16,0.1,0.037995707301888615,0.001724175177514553,0.001724175177514553,0.21248402920900844,0.9919509377222386,0.05143645778298378,15,1,1
iid997,global_stats,43,terminal,25%,160,40,0.25,0.04748007843736559,0.0014975561760365921,0.0014975561760365921,0.20299965807353146,0.9926768871569615,0.05520021915435791,39,1,1
iid997,global_stats,43,terminal,50%,160,80,0.5,0.05800770261557773,0.00025713173672557016,0.00025713173672557016,0.19247203389531933,0.9986658389980452,0.12892331182956696,79,1,1
iid997,global_stats,43,J,10%,160,16,0.1,0.3322329017480418,0.0016627585398964473,0.0016627585398964473,0.17816217728481815,0.9907534595673804,0.3525451086151103,15,1,1
iid997,global_stats,43,J,25%,160,40,0.25,0.3485856493799656,0.002894012655597189,0.002894012655597189,0.16180942965289435,0.9824289485694132,0.35891290192181863,39,1,1
iid997,global_stats,43,J,50%,160,80,0.5,0.35869913446661184,0.0005265415506437443,0.0005265415506437443,0.15169594456624813,0.9965409739120973,0.3750717560450236,79,1,1
iid997,global_stats,44,terminal,10%,160,16,0.1,0.03878768492722884,0.0025161528028547764,0.0025161528028547764,0.21169205158366822,0.9882537048006128,0.050770655274391174,15,1,1
iid997,global_stats,44,terminal,25%,160,40,0.25,0.047759812162257734,0.0017772899009287357,0.0017772899009287357,0.20271992434863934,0.9913089774476843,0.05541355535387993,39,1,1
iid997,global_stats,44,terminal,50%,160,80,0.5,0.05789034870686009,0.0001397778280079337,0.0001397778280079337,0.19258938780403695,0.9992747448080858,0.12482690811157227,79,1,1
iid997,global_stats,44,J,10%,160,16,0.1,0.3322329017480418,0.0016627585398964473,0.0016627585398964473,0.17816217728481815,0.9907534595673804,0.3536094680738946,15,1,1
iid997,global_stats,44,J,25%,160,40,0.25,0.34854870431168816,0.0028570675873197393,0.0028570675873197393,0.1618463747211718,0.9826532612356188,0.36050044077758986,39,1,1
iid997,global_stats,44,J,50%,160,80,0.5,0.35869913446661184,0.0005265415506437443,0.0005265415506437443,0.15169594456624813,0.9965409739120973,0.3759112174933155,79,1,1
iid997,global_stats,45,terminal,10%,160,16,0.1,0.037995707301888615,0.001724175177514553,0.001724175177514553,0.21248402920900844,0.9919509377222386,0.05093647167086601,15,1,1
iid997,global_stats,45,terminal,25%,160,40,0.25,0.04788473185617477,0.0019022095948457718,0.0019022095948457718,0.2025950046547223,0.9906981148773777,0.0556316003203392,39,1,1
iid997,global_stats,45,terminal,50%,160,80,0.5,0.05789034870686009,0.0001397778280079337,0.0001397778280079337,0.19258938780403695,0.9992747448080858,0.12585987150669098,79,1,1
iid997,global_stats,45,J,10%,160,16,0.1,0.3322329017480418,0.0016627585398964473,0.0016627585398964473,0.17816217728481815,0.9907534595673804,0.35323410363247,15,1,1
iid997,global_stats,45,J,25%,160,40,0.25,0.3485856493799656,0.002894012655597189,0.002894012655597189,0.16180942965289435,0.9824289485694132,0.35963464975357057,39,1,1
iid997,global_stats,45,J,50%,160,80,0.5,0.35869913446661184,0.0005265415506437443,0.0005265415506437443,0.15169594456624813,0.9965409739120973,0.3753681227564812,79,1,1
iid997,global_stats,46,terminal,10%,160,16,0.1,0.03799074963899329,0.0017192175146192312,0.0017192175146192312,0.21248898687190376,0.991974081853947,0.05094694346189499,15,1,1
iid997,global_stats,46,terminal,25%,160,40,0.25,0.04736086700577289,0.001378344744443892,0.001378344744443892,0.20311886950512417,0.9932598360838218,0.055560048669576645,39,1,1
iid997,global_stats,46,terminal,50%,160,80,0.5,0.05789034870686009,0.0001397778280079337,0.0001397778280079337,0.19258938780403695,0.9992747448080858,0.1229279488325119,79,1,1
iid997,global_stats,46,J,10%,160,16,0.1,0.33226178236182025,0.0016916391536748732,0.0016916391536748732,0.17813329667103972,0.990592855512965,0.35328814511497814,15,1,1
iid997,global_stats,46,J,25%,160,40,0.25,0.3485856493799656,0.002894012655597189,0.002894012655597189,0.16180942965289435,0.9824289485694132,0.3599312165441612,39,1,1
iid997,global_stats,46,J,50%,160,80,0.5,0.35876018753141886,0.0005875946154507705,0.0005875946154507705,0.1516348915014411,0.9961398960794823,0.3753850090006987,79,1,1
iid997,deepsets,42,terminal,10%,160,16,0.1,0.040315238351468,0.004043706227093935,0.004043706227093935,0.21016449815942906,0.9811225427211118,0.05086889490485191,15,1,1
iid997,deepsets,42,terminal,25%,160,40,0.25,0.04656358782667667,0.0005810655653476701,0.0005810655653476701,0.2039161486842204,0.9971585648856881,0.05569322034716606,39,1,1
iid997,deepsets,42,terminal,50%,160,80,0.5,0.05798941013636068,0.0002388392575085191,0.0002388392575085191,0.1924903263745364,0.9987607518731,0.1366201639175415,79,1,1
iid997,deepsets,42,J,10%,160,16,0.1,0.33540427883575225,0.0048341356276068725,0.0048341356276068725,0.17499080019710772,0.9731175456538521,0.3501957609007756,15,1,1
iid997,deepsets,42,J,25%,160,40,0.25,0.34659922404336,0.0009075873189915984,0.0009075873189915984,0.16379585498949994,0.994489566785789,0.35846256505077084,39,1,1
iid997,deepsets,42,J,50%,160,80,0.5,0.3586154023816198,0.00044280946565172785,0.00044280946565172785,0.15177967665124015,0.9970910377504169,0.37749721532066666,79,1,1
iid997,deepsets,43,terminal,10%,160,16,0.1,0.04020308592589572,0.003931553801521659,0.003931553801521659,0.21027665058500133,0.981646110088167,0.05027425289154053,15,1,1
iid997,deepsets,43,terminal,25%,160,40,0.25,0.0471237231278792,0.0011412008665502016,0.0011412008665502016,0.20335601338301784,0.9944194796455392,0.05601712688803673,39,1,1
iid997,deepsets,43,terminal,50%,160,80,0.5,0.05789034870686009,0.0001397778280079337,0.0001397778280079337,0.19258938780403695,0.9992747448080858,0.13057194650173187,79,1,1
iid997,deepsets,43,J,10%,160,16,0.1,0.33384968284820693,0.0032795396400615573,0.0032795396400615573,0.17654539618465304,0.9817625980233448,0.35039410429696244,15,1,1
iid997,deepsets,43,J,25%,160,40,0.25,0.34748462748757447,0.0017929907632060482,0.0017929907632060482,0.1629104515452855,0.9891138233780946,0.3602227668277919,39,1,1
iid997,deepsets,43,J,50%,160,80,0.5,0.35866583356733217,0.0004932406513640797,0.0004932406513640797,0.1517292454655278,0.9967597385646079,0.3801756180201968,79,1,1
iid997,deepsets,44,terminal,10%,160,16,0.1,0.03801823063986376,0.0017466985154896975,0.0017466985154896975,0.2124615058710333,0.9918457907786861,0.04754137247800827,15,1,1
iid997,deepsets,44,terminal,25%,160,40,0.25,0.04651451746467501,0.000531995203346014,0.000531995203346014,0.20396521904622206,0.9973985210248548,0.052324648946523666,39,1,1
iid997,deepsets,44,terminal,50%,160,80,0.5,0.05798941013636068,0.0002388392575085191,0.0002388392575085191,0.1924903263745364,0.9987607518731,0.13290917873382568,79,1,1
iid997,deepsets,44,J,10%,160,16,0.1,0.33488090642410195,0.004310763215956581,0.004310763215956581,0.175514172608758,0.9760280008098625,0.3482765439897776,15,1,1
iid997,deepsets,44,J,25%,160,40,0.25,0.34650069749026446,0.0008090607658960414,0.0008090607658960414,0.1638943815425955,0.9950877725774507,0.35861015077680347,39,1,1
iid997,deepsets,44,J,50%,160,80,0.5,0.3585682362033064,0.0003956432873383209,0.0003956432873383209,0.15182684282955355,0.9974008880196944,0.3792314473539591,79,1,1
iid997,deepsets,45,terminal,10%,160,16,0.1,0.039473592361900955,0.0032020602375268936,0.0032020602375268936,0.2110061441489961,0.9850516452126689,0.050955917686223984,15,1,1
iid997,deepsets,45,terminal,25%,160,40,0.25,0.04674867878202349,0.0007661565206944915,0.0007661565206944915,0.20373105772887357,0.9962534623099585,0.055247191339731216,39,1,1
iid997,deepsets,45,terminal,50%,160,80,0.5,0.05775057087885216,0.0,0.0,0.1927291656320449,1.0,0.13050992786884308,79,1,1
iid997,deepsets,45,J,10%,160,16,0.1,0.33464801164918756,0.004077868441042187,0.004077868441042187,0.1757470673836724,0.9773231202761717,0.35187433393051226,15,1,1
iid997,deepsets,45,J,25%,160,40,0.25,0.34688855445987427,0.0011969177355058425,0.0011969177355058425,0.1635065245729857,0.9927328918040219,0.3610922829248011,39,1,1
iid997,deepsets,45,J,50%,160,80,0.5,0.3585108271623661,0.0003382342463980059,0.0003382342463980059,0.15188425187049387,0.99777802705089,0.38160111096998056,79,1,1
iid997,deepsets,46,terminal,10%,160,16,0.1,0.03900430566864088,0.00273277354426682,0.00273277354426682,0.21147543084225617,0.9872424422206736,0.04589678347110748,15,1,1
iid997,deepsets,46,terminal,25%,160,40,0.25,0.0464937410550192,0.0005112187936902046,0.0005112187936902046,0.20398599545587787,0.9975001185440779,0.05155843123793602,39,1,1
iid997,deepsets,46,terminal,50%,160,80,0.5,0.05798941013636068,0.0002388392575085191,0.0002388392575085191,0.1924903263745364,0.9987607518731,0.13375835120677948,79,1,1
iid997,deepsets,46,J,10%,160,16,0.1,0.33370655551467887,0.003136412306533498,0.003136412306533498,0.1766885235181811,0.9825585239769487,0.35147957677642505,15,1,1
iid997,deepsets,46,J,25%,160,40,0.25,0.3468179711370128,0.0011263344126443697,0.0011263344126443697,0.16357710789584717,0.9931614397558569,0.35867055589333174,39,1,1
iid997,deepsets,46,J,50%,160,80,0.5,0.35866583356733217,0.0004932406513640797,0.0004932406513640797,0.1517292454655278,0.9967597385646079,0.3795241126169761,79,1,1
iid997,capacity_matched_deepsets,42,terminal,10%,160,16,0.1,0.039271608751732856,0.003000076627358794,0.003000076627358794,0.2112081277591642,0.9859945764638156,0.04932929202914238,15,1,1
iid997,capacity_matched_deepsets,42,terminal,25%,160,40,0.25,0.046746628289110956,0.0007641060277819578,0.0007641060277819578,0.20373310822178609,0.9962634893067567,0.055268775671720505,39,1,1
iid997,capacity_matched_deepsets,42,terminal,50%,160,80,0.5,0.05801035297336057,0.0002597820945084081,0.0002597820945084081,0.19246938353753648,0.9986520872766896,0.12337812781333923,79,1,1
iid997,capacity_matched_deepsets,42,J,10%,160,16,0.1,0.33383364116416486,0.00326349795601949,0.00326349795601949,0.1765614378686951,0.9818518052512994,0.3499163668602705,15,1,1
iid997,capacity_matched_deepsets,42,J,25%,160,40,0.25,0.3467278396404678,0.0010362029160994046,0.0010362029160994046,0.16366723939239214,0.9937086748062097,0.3600978000710408,39,1,1
iid997,capacity_matched_deepsets,42,J,50%,160,80,0.5,0.35854887530695123,0.0003762823909831403,0.0003762823909831403,0.15184620372590873,0.9975280761694156,0.37909672961880764,79,1,1
iid997,capacity_matched_deepsets,43,terminal,10%,160,16,0.1,0.039175622223410755,0.0029040900990366936,0.0029040900990366936,0.2113041142874863,0.9864426756792355,0.051590632647275925,15,1,1
iid997,capacity_matched_deepsets,43,terminal,25%,160,40,0.25,0.0468077644938603,0.0008252422325313036,0.0008252422325313036,0.20367197201703674,0.9959645306878155,0.057000234723091125,39,1,1
iid997,capacity_matched_deepsets,43,terminal,50%,160,80,0.5,0.05775057087885216,0.0,0.0,0.1927291656320449,1.0,0.12816046178340912,79,1,1
iid997,capacity_matched_deepsets,43,J,10%,160,16,0.1,0.33442333969784765,0.003853196489702282,0.003853196489702282,0.1759717393350123,0.9785725129163498,0.3513039387141665,15,1,1
iid997,capacity_matched_deepsets,43,J,25%,160,40,0.25,0.3465513228932105,0.0008596861688420776,0.0008596861688420776,0.16384375613964947,0.9947803995059685,0.3611908185295761,39,1,1
iid997,capacity_matched_deepsets,43,J,50%,160,80,0.5,0.3585108271623661,0.0003382342463980059,0.0003382342463980059,0.15188425187049387,0.99777802705089,0.3800278779119253,79,1,1
iid997,capacity_matched_deepsets,44,terminal,10%,160,16,0.1,0.038192324864212424,0.0019207927398383617,0.0019207927398383617,0.21228741164668463,0.9910330570888292,0.04968370124697685,15,1,1
iid997,capacity_matched_deepsets,44,terminal,25%,160,40,0.25,0.046655328408814964,0.0006728061474859659,0.0006728061474859659,0.20382440810208208,0.9967099495709272,0.056197673082351685,39,1,1
iid997,capacity_matched_deepsets,44,terminal,50%,160,80,0.5,0.05798941013636068,0.0002388392575085191,0.0002388392575085191,0.1924903263745364,0.9987607518731,0.12876683473587036,79,1,1
iid997,capacity_matched_deepsets,44,J,10%,160,16,0.1,0.3349259947612154,0.00435585155307,0.00435585155307,0.1754690842716446,0.9757772661889568,0.3502368599176407,15,1,1
iid997,capacity_matched_deepsets,44,J,25%,160,40,0.25,0.3465547803553151,0.0008631436309466944,0.0008631436309466944,0.16384029867754485,0.9947594074607742,0.3590766254812479,39,1,1
iid997,capacity_matched_deepsets,44,J,50%,160,80,0.5,0.35844055915661255,0.0002679662406444572,0.0002679662406444572,0.15195451987624742,0.9982396408869667,0.38009250375131765,79,1,1
iid997,capacity_matched_deepsets,45,terminal,10%,160,16,0.1,0.03871895355405286,0.0024474214296787977,0.0024474214296787977,0.2117607829568442,0.9885745672688493,0.04939384385943413,15,1,1
iid997,capacity_matched_deepsets,45,terminal,25%,160,40,0.25,0.046554852207191286,0.0005723299458622877,0.0005723299458622877,0.20392488430370576,0.9972012824332959,0.05661066994071007,39,1,1
iid997,capacity_matched_deepsets,45,terminal,50%,160,80,0.5,0.05775057087885216,0.0,0.0,0.1927291656320449,1.0,0.11959710717201233,79,1,1
iid997,capacity_matched_deepsets,45,J,10%,160,16,0.1,0.33562184046713806,0.005051697258992682,0.005051697258992682,0.1747732385657219,0.9719076932471876,0.3511434686059753,15,1,1
iid997,capacity_matched_deepsets,45,J,25%,160,40,0.25,0.3469811563283535,0.001289519603985101,0.001289519603985101,0.16341392270450644,0.992170657844723,0.3595496969607969,39,1,1
iid997,capacity_matched_deepsets,45,J,50%,160,80,0.5,0.3585108271623661,0.0003382342463980059,0.0003382342463980059,0.15188425187049387,0.99777802705089,0.3794424332678318,79,1,1
iid997,capacity_matched_deepsets,46,terminal,10%,160,16,0.1,0.03884185786591843,0.002570325741544366,0.002570325741544366,0.21163787864497863,0.9880008062767456,0.04949294775724411,15,1,1
iid997,capacity_matched_deepsets,46,terminal,25%,160,40,0.25,0.04679177610669285,0.0008092538453638512,0.0008092538453638512,0.2036879604042042,0.9960427145751909,0.05477548763155937,39,1,1
iid997,capacity_matched_deepsets,46,terminal,50%,160,80,0.5,0.05798941013636068,0.0002388392575085191,0.0002388392575085191,0.1924903263745364,0.9987607518731,0.13344883918762207,79,1,1
iid997,capacity_matched_deepsets,46,J,10%,160,16,0.1,0.33514480332487434,0.004574660116728968,0.004574660116728968,0.17525027570798563,0.9745604796367722,0.3507623076438904,15,1,1
iid997,capacity_matched_deepsets,46,J,25%,160,40,0.25,0.3462835476443191,0.0005919109199507,0.0005919109199507,0.16411153138854084,0.9964062018883488,0.35943756060053905,39,1,1
iid997,capacity_matched_deepsets,46,J,50%,160,80,0.5,0.3584943879312535,0.00032179501528539767,0.00032179501528539767,0.15190069110160648,0.9978860218125837,0.3824051716675361,79,1,1
iid997,gnn,42,terminal,10%,160,16,0.1,0.03720649593742564,0.0009349638130515814,0.0009349638130515814,0.2132732405734714,0.9956352567553178,0.046358101069927216,15,1,1
iid997,gnn,42,terminal,25%,160,40,0.25,0.04745799277443439,0.001475470513105391,0.001475470513105391,0.20302174373646267,0.9927848869799041,0.051928967237472534,39,1,1
iid997,gnn,42,terminal,50%,160,80,0.5,0.05801035297336057,0.0002597820945084081,0.0002597820945084081,0.19246938353753648,0.9986520872766896,0.12516772747039795,79,1,1
iid997,gnn,42,J,10%,160,16,0.1,0.333305529211187,0.002735386003041629,0.002735386003041629,0.17708954982167296,0.984788616826156,0.3471218205677966,15,1,1
iid997,gnn,42,J,25%,160,40,0.25,0.3472512114331766,0.0015595747088081868,0.0015595747088081868,0.16314386759968336,0.9905310132748344,0.35665167731543385,39,1,1
iid997,gnn,42,J,50%,160,80,0.5,0.3585108271623661,0.0003382342463980059,0.0003382342463980059,0.15188425187049387,0.99777802705089,0.3762597363442183,79,1,1
iid997,gnn,43,terminal,10%,160,16,0.1,0.039222557621542364,0.0029510254971683025,0.0029510254971683025,0.2112571788893547,0.9862235645659799,0.05119374021887779,15,1,1
iid997,gnn,43,terminal,25%,160,40,0.25,0.0471908044302836,0.0012082821689546053,0.0012082821689546053,0.20328893208061344,0.9940914492483989,0.05768556520342827,39,1,1
iid997,gnn,43,terminal,50%,160,80,0.5,0.05798941013636068,0.0002388392575085191,0.0002388392575085191,0.1924903263745364,0.9987607518731,0.12921419739723206,79,1,1
iid997,gnn,43,J,10%,160,16,0.1,0.33329040884382266,0.002720265635677288,0.002720265635677288,0.1771046701890373,0.9848727006452048,0.3542457614094019,15,1,1
iid997,gnn,43,J,25%,160,40,0.25,0.34668229900111325,0.0009906622767448248,0.0009906622767448248,0.16371278003174672,0.9939851756413852,0.3615218799561262,39,1,1
iid997,gnn,43,J,50%,160,80,0.5,0.35847364857892294,0.0003010556629548522,0.0003010556629548522,0.15192143045393702,0.9980222654968093,0.378827563735346,79,1,1
iid997,gnn,44,terminal,10%,160,16,0.1,0.03772998257772997,0.0014584504533559084,0.0014584504533559084,0.21274975393316709,0.993191435138851,0.05146242305636406,15,1,1
iid997,gnn,44,terminal,25%,160,40,0.25,0.04680609519127756,0.0008235729299485642,0.0008235729299485642,0.2036736413196195,0.9959726936478289,0.05667535215616226,39,1,1
iid997,gnn,44,terminal,50%,160,80,0.5,0.05775057087885216,0.0,0.0,0.1927291656320449,1.0,0.1253860890865326,79,1,1
iid997,gnn,44,J,10%,160,16,0.1,0.3357401856911262,0.005170042482980808,0.005170042482980808,0.17465489334173379,0.9712495797133478,0.3507853293791413,15,1,1
iid997,gnn,44,J,25%,160,40,0.25,0.3465850968546874,0.0008934601303189904,0.0008934601303189904,0.16380998217817255,0.994575340273426,0.36072494530429444,39,1,1
iid997,gnn,44,J,50%,160,80,0.5,0.3584508959252707,0.000278303009302594,0.000278303009302594,0.15194418310758928,0.9981717352251829,0.37752505441506706,79,1,1
iid997,gnn,45,terminal,10%,160,16,0.1,0.03910753066884354,0.0028359985444694757,0.0028359985444694757,0.21137220584205352,0.9867605512468975,0.05037583410739899,15,1,1
iid997,gnn,45,terminal,25%,160,40,0.25,0.0466200114460662,0.0006374891847372027,0.0006374891847372027,0.20385972506483085,0.9968826510078557,0.0553668774664402,39,1,1
iid997,gnn,45,terminal,50%,160,80,0.5,0.05775057087885216,0.0,0.0,0.1927291656320449,1.0,0.11816349625587463,79,1,1
iid997,gnn,45,J,10%,160,16,0.1,0.33287580489134905,0.0023056616832036747,0.0023056616832036747,0.17751927414151092,0.9871782983120253,0.3488750506502887,15,1,1
iid997,gnn,45,J,25%,160,40,0.25,0.3462707359681857,0.0005790992438172715,0.0005790992438172715,0.16412434306467427,0.9964839882172432,0.35643962599957985,39,1,1
iid997,gnn,45,J,50%,160,80,0.5,0.3584508959252707,0.000278303009302594,0.000278303009302594,0.15194418310758928,0.9981717352251829,0.37500586279978354,79,1,1
iid997,gnn,46,terminal,10%,160,16,0.1,0.03901271364884451,0.0027411815244704485,0.0027411815244704485,0.21146702286205254,0.987203190781973,0.05368191748857498,15,1,1
iid997,gnn,46,terminal,25%,160,40,0.25,0.047208625939674675,0.0012261036783456775,0.0012261036783456775,0.20327111057122238,0.9940043013160592,0.058156196027994156,39,1,1
iid997,gnn,46,terminal,50%,160,80,0.5,0.05801035297336057,0.0002597820945084081,0.0002597820945084081,0.19246938353753648,0.9986520872766896,0.12250618636608124,79,1,1
iid997,gnn,46,J,10%,160,16,0.1,0.3350556539440731,0.0044855107359277335,0.0044855107359277335,0.17533942508878686,0.9750562361367947,0.352419599207739,15,1,1
iid997,gnn,46,J,25%,160,40,0.25,0.34658043854137455,0.000888801817006124,0.000888801817006124,0.16381464049148542,0.9946036233089689,0.3592049319917957,39,1,1
iid997,gnn,46,J,50%,160,80,0.5,0.3585108271623661,0.0003382342463980059,0.0003382342463980059,0.15188425187049387,0.99777802705089,0.37718593726555505,79,1,1
iid997,gnn_zero_edge_features,42,terminal,10%,160,16,0.1,0.03872209443943575,0.0024505623150616884,0.0024505623150616884,0.2117576420714613,0.9885599045000171,0.04506073147058487,15,1,1
iid997,gnn_zero_edge_features,42,terminal,25%,160,40,0.25,0.04702679815236479,0.001044275891035791,0.001044275891035791,0.20345293835853226,0.9948934468625016,0.05112718045711517,39,1,1
iid997,gnn_zero_edge_features,42,terminal,50%,160,80,0.5,0.05775057087885216,0.0,0.0,0.1927291656320449,1.0,0.1234448105096817,79,1,1
iid997,gnn_zero_edge_features,42,J,10%,160,16,0.1,0.33343890194773845,0.0028687587395930803,0.0028687587395930803,0.1769561770851215,0.984046935835476,0.3483829407021403,15,1,1
iid997,gnn_zero_edge_features,42,J,25%,160,40,0.25,0.34681989097157684,0.0011282542472084156,0.0011282542472084156,0.16357518806128313,0.9931497834447492,0.35662009281416734,39,1,1
iid997,gnn_zero_edge_features,42,J,50%,160,80,0.5,0.3585108271623661,0.0003382342463980059,0.0003382342463980059,0.15188425187049387,0.99777802705089,0.3757403043409189,79,1,1
iid997,gnn_zero_edge_features,43,terminal,10%,160,16,0.1,0.03874239564174786,0.0024708635173738003,0.0024708635173738003,0.2117373408691492,0.9884651312751994,0.05134621635079384,15,1,1
iid997,gnn_zero_edge_features,43,terminal,25%,160,40,0.25,0.04700049173552543,0.0010179694741964326,0.0010179694741964326,0.20347924477537163,0.9950220863500169,0.05739852413535118,39,1,1
iid997,gnn_zero_edge_features,43,terminal,50%,160,80,0.5,0.05775057087885216,0.0,0.0,0.1927291656320449,1.0,0.14104504883289337,79,1,1
iid997,gnn_zero_edge_features,43,J,10%,160,16,0.1,0.33408116616689465,0.003511022958749277,0.003511022958749277,0.17631391286596532,0.9804753276143434,0.352022202561299,15,1,1
iid997,gnn_zero_edge_features,43,J,25%,160,40,0.25,0.34690760034412954,0.0012159636197611179,0.0012159636197611179,0.16348747868873043,0.9926172543650691,0.3609449070257445,39,1,1
iid997,gnn_zero_edge_features,43,J,50%,160,80,0.5,0.3585108271623661,0.0003382342463980059,0.0003382342463980059,0.15188425187049387,0.99777802705089,0.3788717412700256,79,1,1
iid997,gnn_zero_edge_features,44,terminal,10%,160,16,0.1,0.03916517022298649,0.0028936380986124277,0.0028936380986124277,0.21131456628791057,0.9864914693305067,0.04870329424738884,15,1,1
iid997,gnn_zero_edge_features,44,terminal,25%,160,40,0.25,0.04705131559167057,0.001068793330341572,0.001068793330341572,0.20342842091922647,0.9947735555505551,0.05265443027019501,39,1,1
iid997,gnn_zero_edge_features,44,terminal,50%,160,80,0.5,0.05775057087885216,0.0,0.0,0.1927291656320449,1.0,0.1362682431936264,79,1,1
iid997,gnn_zero_edge_features,44,J,10%,160,16,0.1,0.33493254123325944,0.004362398025114067,0.004362398025114067,0.17546253779960053,0.9757408614933897,0.34981137067079543,15,1,1
iid997,gnn_zero_edge_features,44,J,25%,160,40,0.25,0.3462185783960255,0.0005269416716570663,0.0005269416716570663,0.16417650063683448,0.9968006638824822,0.3584264217565457,39,1,1
iid997,gnn_zero_edge_features,44,J,50%,160,80,0.5,0.3585108271623661,0.0003382342463980059,0.0003382342463980059,0.15188425187049387,0.99777802705089,0.37754487292841077,79,1,1
iid997,gnn_zero_edge_features,45,terminal,10%,160,16,0.1,0.038806093216408044,0.0025345610920339823,0.0025345610920339823,0.211673643294489,0.9881677683667963,0.05181611701846123,15,1,1
iid997,gnn_zero_edge_features,45,terminal,25%,160,40,0.25,0.04717241509351879,0.0011898928321897942,0.0011898928321897942,0.20330732141737826,0.9941813738805377,0.05701939016580582,39,1,1
iid997,gnn_zero_edge_features,45,terminal,50%,160,80,0.5,0.05808079113485291,0.00033022025600075444,0.00033022025600075444,0.19239894537604413,0.9982866098396793,0.12432155758142471,79,1,1
iid997,gnn_zero_edge_features,45,J,10%,160,16,0.1,0.3344566841562482,0.0038865409481028124,0.0038865409481028124,0.17593839487661178,0.978387085582551,0.35091491633405286,15,1,1
iid997,gnn_zero_edge_features,45,J,25%,160,40,0.25,0.3471194455676111,0.0014278088432426728,0.0014278088432426728,0.16327563346524887,0.9913310321676922,0.360418225855877,39,1,1
iid997,gnn_zero_edge_features,45,J,50%,160,80,0.5,0.3585108271623661,0.0003382342463980059,0.0003382342463980059,0.15188425187049387,0.99777802705089,0.3775868765388926,79,1,1
iid997,gnn_zero_edge_features,46,terminal,10%,160,16,0.1,0.03824124188395217,0.001969709759578109,0.001969709759578109,0.21223849462694488,0.9908046950618945,0.048381976783275604,15,1,1
iid997,gnn_zero_edge_features,46,terminal,25%,160,40,0.25,0.04678570621181279,0.0008031839504837948,0.0008031839504837948,0.20369403029908426,0.9960723966170825,0.0551639199256897,39,1,1
iid997,gnn_zero_edge_features,46,terminal,50%,160,80,0.5,0.05798941013636068,0.0002388392575085191,0.0002388392575085191,0.1924903263745364,0.9987607518731,0.13338415324687958,79,1,1
iid997,gnn_zero_edge_features,46,J,10%,160,16,0.1,0.33329936580375946,0.002729222595614089,0.002729222595614089,0.1770957132291005,0.984822891313169,0.3532106885065635,15,1,1
iid997,gnn_zero_edge_features,46,J,25%,160,40,0.25,0.3462251417149188,0.0005335049905503819,0.0005335049905503819,0.16416993731794116,0.9967608145702801,0.360103688792636,39,1,1
iid997,gnn_zero_edge_features,46,J,50%,160,80,0.5,0.3585108271623661,0.0003382342463980059,0.0003382342463980059,0.15188425187049387,0.99777802705089,0.3779980029289921,79,1,1
iid997,gnn_mean,42,terminal,10%,160,16,0.1,0.03846962429815903,0.0021980921737849712,0.0021980921737849712,0.21201011221273802,0.9897385248147701,0.04932559281587601,15,1,1
iid997,gnn_mean,42,terminal,25%,160,40,0.25,0.04680523194838315,0.0008227096870541545,0.0008227096870541545,0.2036745045625139,0.9959769149419799,0.05566965416073799,39,1,1
iid997,gnn_mean,42,terminal,50%,160,80,0.5,0.05775057087885216,0.0,0.0,0.1927291656320449,1.0,0.12010858207941055,79,1,1
iid997,gnn_mean,42,J,10%,160,16,0.1,0.33378866041033084,0.003218517202185467,0.003218517202185467,0.17660641862252913,0.9821019416054583,0.34988858879854284,15,1,1
iid997,gnn_mean,42,J,25%,160,40,0.25,0.3465671084647086,0.0008754717403401946,0.0008754717403401946,0.16382797056815135,0.9946845571162962,0.35817924548561375,39,1,1
iid997,gnn_mean,42,J,50%,160,80,0.5,0.35870377821753213,0.0005311853015640411,0.0005311853015640411,0.15169130081532783,0.9965104675720764,0.37770256139338015,79,1,1
iid997,gnn_mean,43,terminal,10%,160,16,0.1,0.038547896838281304,0.002276364713907242,0.002276364713907242,0.21193183967261575,0.98937312078953,0.052112679928541183,15,1,1
iid997,gnn_mean,43,terminal,25%,160,40,0.25,0.04686016405466944,0.0008776417933404404,0.0008776417933404404,0.2036195724562276,0.9957082946261098,0.05765202268958092,39,1,1
iid997,gnn_mean,43,terminal,50%,160,80,0.5,0.05801035297336057,0.0002597820945084081,0.0002597820945084081,0.19246938353753648,0.9986520872766896,0.13265320658683777,79,1,1
iid997,gnn_mean,43,J,10%,160,16,0.1,0.3347452698674412,0.004175126659295814,0.004175126659295814,0.17564980916541878,0.9767822708227432,0.3540430683642626,15,1,1
iid997,gnn_mean,43,J,25%,160,40,0.25,0.34653236364601375,0.0008407269216453295,0.0008407269216453295,0.1638627153868462,0.9948955109264163,0.36037096871683993,39,1,1
iid997,gnn_mean,43,J,50%,160,80,0.5,0.3585108271623661,0.0003382342463980059,0.0003382342463980059,0.15188425187049387,0.99777802705089,0.3789961802462737,79,1,1
iid997,gnn_mean,44,terminal,10%,160,16,0.1,0.03803264332236722,0.0017611111979931593,0.0017611111979931593,0.21244709318852983,0.9917785072563544,0.05015058442950249,15,1,1
iid997,gnn_mean,44,terminal,25%,160,40,0.25,0.04649251496884972,0.0005099927075207233,0.0005099927075207233,0.20398722154204735,0.9975061141571429,0.05632477253675461,39,1,1
iid997,gnn_mean,44,terminal,50%,160,80,0.5,0.05775057087885216,0.0,0.0,0.1927291656320449,1.0,0.1191006600856781,79,1,1
iid997,gnn_mean,44,J,10%,160,16,0.1,0.33275663518882836,0.002186491980682992,0.002186491980682992,0.1776384438440316,0.9878409967413291,0.3513721892920633,15,1,1
iid997,gnn_mean,44,J,25%,160,40,0.25,0.346799815128373,0.0011081784040045672,0.0011081784040045672,0.16359526390448698,0.9932716742985315,0.3593003956290583,39,1,1
iid997,gnn_mean,44,J,50%,160,80,0.5,0.35854925935605325,0.0003766664400851605,0.0003766664400851605,0.15184581967680671,0.9975255532234842,0.37907435627033315,79,1,1
iid997,gnn_mean,45,terminal,10%,160,16,0.1,0.03890973684610799,0.0026382047217339277,0.0026382047217339277,0.21156999966478907,0.9876839230818,0.04934947192668915,15,1,1
iid997,gnn_mean,45,terminal,25%,160,40,0.25,0.04666785991284996,0.0006853376515209633,0.0006853376515209633,0.2038118765980471,0.9966486699878239,0.05537271127104759,39,1,1
iid997,gnn_mean,45,terminal,50%,160,80,0.5,0.05775057087885216,0.0,0.0,0.1927291656320449,1.0,0.128279909491539,79,1,1
iid997,gnn_mean,45,J,10%,160,16,0.1,0.3325353453916856,0.001965202183540238,0.001965202183540238,0.17785973364117436,0.9890715813436696,0.3508014898436765,15,1,1
iid997,gnn_mean,45,J,25%,160,40,0.25,0.34630917234777975,0.000617535623411325,0.000617535623411325,0.16408590668508022,0.9962506210267623,0.35866712912296256,39,1,1
iid997,gnn_mean,45,J,50%,160,80,0.5,0.3585108271623661,0.0003382342463980059,0.0003382342463980059,0.15188425187049387,0.99777802705089,0.3776971933742364,79,1,1
iid997,gnn_mean,46,terminal,10%,160,16,0.1,0.03822929743910208,0.0019577653147280216,0.0019577653147280216,0.21225043907179497,0.9908604559739673,0.04981563612818718,15,1,1
iid997,gnn_mean,46,terminal,25%,160,40,0.25,0.04671480862889439,0.0007322863675653934,0.0007322863675653934,0.20376492788200268,0.9964190887868443,0.05647755041718483,39,1,1
iid997,gnn_mean,46,terminal,50%,160,80,0.5,0.05798941013636068,0.0002388392575085191,0.0002388392575085191,0.1924903263745364,0.9987607518731,0.12582319974899292,79,1,1
iid997,gnn_mean,46,J,10%,160,16,0.1,0.3327344548356147,0.0021643116274693286,0.0021643116274693286,0.17766062419724526,0.9879643408877454,0.35036589559167625,15,1,1
iid997,gnn_mean,46,J,25%,160,40,0.25,0.34655547250261104,0.0008638357782426165,0.0008638357782426165,0.16383960653024893,0.9947552050756496,0.3595901459765931,39,1,1
iid997,gnn_mean,46,J,50%,160,80,0.5,0.3585108271623661,0.0003382342463980059,0.0003382342463980059,0.15188425187049387,0.99777802705089,0.37832192704081535,79,1,1
lcro_9_15,fire_only,42,terminal,10%,264,26,0.09848484848484848,0.038362463056627244,0.004010472462600112,0.004010472462600112,0.28678275548942345,0.9862085080493629,0.05986561253666878,16,18,10
lcro_9_15,fire_only,42,terminal,25%,264,66,0.25,0.04583163388694326,0.00031798479683470965,0.00031798479683470965,0.27931358465910744,0.998862843714487,0.06897161900997162,65,1,1
lcro_9_15,fire_only,42,terminal,50%,264,132,0.5,0.09766825951983908,0.001589179528181009,0.001589179528181009,0.22747695902621162,0.9930623550987931,0.22199399769306183,113,24,19
lcro_9_15,fire_only,42,J,10%,264,26,0.09848484848484848,0.3379916637799682,0.007277000336403661,0.007277000336403661,0.2171430228433841,0.9675741930987419,0.36638105378175767,25,18,1
lcro_9_15,fire_only,42,J,25%,264,66,0.25,0.3472239159401847,0.0019351403006691026,0.0019351403006691026,0.2079107706831676,0.9907782796834285,0.36862891310205065,43,24,23
lcro_9_15,fire_only,42,J,50%,264,132,0.5,0.3768928692013451,0.0009727997229488361,0.0009727997229488361,0.17824181742200718,0.9945718728837727,0.457042745128274,109,24,23
lcro_9_15,fire_only,43,terminal,10%,264,26,0.09848484848484848,0.03816633878084712,0.0038143481868199852,0.0038143481868199852,0.2869788797652036,0.9868829538649048,0.05693873390555382,20,18,6
lcro_9_15,fire_only,43,terminal,25%,264,66,0.25,0.04583163388694326,0.00031798479683470965,0.00031798479683470965,0.27931358465910744,0.998862843714487,0.06347259879112244,65,1,1
lcro_9_15,fire_only,43,terminal,50%,264,132,0.5,0.09766825951983908,0.001589179528181009,0.001589179528181009,0.22747695902621162,0.9930623550987931,0.22013185918331146,113,24,19
lcro_9_15,fire_only,43,J,10%,264,26,0.09848484848484848,0.3379916637799682,0.007277000336403661,0.007277000336403661,0.2171430228433841,0.9675741930987419,0.3638042696751655,25,18,1
lcro_9_15,fire_only,43,J,25%,264,66,0.25,0.34727463439542616,0.0019858587559105634,0.0019858587559105634,0.20786005222792614,0.9905365858853283,0.36575354039669045,44,24,22
lcro_9_15,fire_only,43,J,50%,264,132,0.5,0.3768033068047541,0.0008832373263578108,0.0008832373263578108,0.1783313798185982,0.9950716222793177,0.4557532810916503,111,24,21
lcro_9_15,fire_only,44,terminal,10%,264,26,0.09848484848484848,0.03770067010663896,0.0033486795126118282,0.0033486795126118282,0.28744454843941175,0.9884843277259391,0.05647151172161102,16,18,10
lcro_9_15,fire_only,44,terminal,25%,264,66,0.25,0.04583163388694326,0.00031798479683470965,0.00031798479683470965,0.27931358465910744,0.998862843714487,0.06407461315393448,65,1,1
lcro_9_15,fire_only,44,terminal,50%,264,132,0.5,0.09766825951983908,0.001589179528181009,0.001589179528181009,0.22747695902621162,0.9930623550987931,0.22153863310813904,113,24,19
lcro_9_15,fire_only,44,J,10%,264,26,0.09848484848484848,0.3379916637799682,0.007277000336403661,0.007277000336403661,0.2171430228433841,0.9675741930987419,0.3646981827293833,25,18,1
lcro_9_15,fire_only,44,J,25%,264,66,0.25,0.34727463439542616,0.0019858587559105634,0.0019858587559105634,0.20786005222792614,0.9905365858853283,0.366535658792903,44,24,22
lcro_9_15,fire_only,44,J,50%,264,132,0.5,0.37696465978189503,0.001044590303498738,0.001044590303498738,0.17817002684145727,0.994171288480036,0.4559422634541989,110,24,22
lcro_9_15,fire_only,45,terminal,10%,264,26,0.09848484848484848,0.03750753836133159,0.0031555477673044577,0.0031555477673044577,0.28763768018471914,0.9891484826193234,0.0592668280005455,17,18,9
lcro_9_15,fire_only,45,terminal,25%,264,66,0.25,0.045727163200464216,0.00021351411035566703,0.00021351411035566703,0.2794180553455865,0.9992364449022295,0.06753847748041153,65,1,1
lcro_9_15,fire_only,45,terminal,50%,264,132,0.5,0.09766825951983908,0.001589179528181009,0.001589179528181009,0.22747695902621162,0.9930623550987931,0.21769267320632935,113,24,19
lcro_9_15,fire_only,45,J,10%,264,26,0.09848484848484848,0.3379916637799682,0.007277000336403661,0.007277000336403661,0.2171430228433841,0.9675741930987419,0.3649381468072533,25,18,1
lcro_9_15,fire_only,45,J,25%,264,66,0.25,0.34727463439542616,0.0019858587559105634,0.0019858587559105634,0.20786005222792614,0.9905365858853283,0.3667671117931605,44,24,22
lcro_9_15,fire_only,45,J,50%,264,132,0.5,0.3768928692013451,0.0009727997229488361,0.0009727997229488361,0.17824181742200718,0.9945718728837727,0.45556294893225036,109,24,23
lcro_9_15,fire_only,46,terminal,10%,264,26,0.09848484848484848,0.038115969250121944,0.0037639786560948116,0.0037639786560948116,0.28702924929592877,0.9870561681143558,0.056433212012052536,17,18,9
lcro_9_15,fire_only,46,terminal,25%,264,66,0.25,0.04583163388694326,0.00031798479683470965,0.00031798479683470965,0.27931358465910744,0.998862843714487,0.06554708629846573,65,1,1
lcro_9_15,fire_only,46,terminal,50%,264,132,0.5,0.09766825951983908,0.001589179528181009,0.001589179528181009,0.22747695902621162,0.9930623550987931,0.21463383734226227,113,24,19
lcro_9_15,fire_only,46,J,10%,264,26,0.09848484848484848,0.3379916637799682,0.007277000336403661,0.007277000336403661,0.2171430228433841,0.9675741930987419,0.36355980606749655,25,18,1
lcro_9_15,fire_only,46,J,25%,264,66,0.25,0.34727463439542616,0.0019858587559105634,0.0019858587559105634,0.20786005222792614,0.9905365858853283,0.3653758489216367,44,24,22
lcro_9_15,fire_only,46,J,50%,264,132,0.5,0.3768928692013451,0.0009727997229488361,0.0009727997229488361,0.17824181742200718,0.9945718728837727,0.4539369661360979,109,24,23
lcro_9_15,global_stats,42,terminal,10%,264,26,0.09848484848484848,0.03848055732221557,0.00412856672818844,0.00412856672818844,0.28666466122383516,0.985802397266041,0.05318450927734375,25,1,1
lcro_9_15,global_stats,42,terminal,25%,264,66,0.25,0.04583163388694326,0.00031798479683470965,0.00031798479683470965,0.27931358465910744,0.998862843714487,0.060321222990751266,65,1,1
lcro_9_15,global_stats,42,terminal,50%,264,132,0.5,0.09777328399517997,0.0016942040035218958,0.0016942040035218958,0.22737193455087074,0.9926038653542867,0.21616344153881073,131,1,1
lcro_9_15,global_stats,42,J,10%,264,26,0.09848484848484848,0.3377562183117381,0.0070415548681735385,0.0070415548681735385,0.21737846831161423,0.9686233217143356,0.358225960098207,25,1,1
lcro_9_15,global_stats,42,J,25%,264,66,0.25,0.34850515949171196,0.0032163838521963584,0.0032163838521963584,0.20662952713164034,0.9846726398569468,0.36603202382102606,65,1,1
lcro_9_15,global_stats,42,J,50%,264,132,0.5,0.37687633720550257,0.0009562677271062747,0.0009562677271062747,0.17825834941784974,0.9946641198003798,0.45694639421999456,131,1,1
lcro_9_15,global_stats,43,terminal,10%,264,26,0.09848484848484848,0.038002176461024925,0.0036501858669977932,0.0036501858669977932,0.2871430420850258,0.9874474866808108,0.05197213217616081,25,1,1
lcro_9_15,global_stats,43,terminal,25%,264,66,0.25,0.04583163388694326,0.00031798479683470965,0.00031798479683470965,0.27931358465910744,0.998862843714487,0.061766382306814194,65,1,1
lcro_9_15,global_stats,43,terminal,50%,264,132,0.5,0.09759872152018502,0.0015196415285269466,0.0015196415285269466,0.2275464970258657,0.993365926809972,0.21026930212974548,131,1,1
lcro_9_15,global_stats,43,J,10%,264,26,0.09848484848484848,0.3379895904585749,0.007274927015010368,0.007274927015010368,0.2171450961647774,0.9675834316745335,0.35527918267374237,25,1,1
lcro_9_15,global_stats,43,J,25%,264,66,0.25,0.3472815929820604,0.001992817342544806,0.001992817342544806,0.2078530936412919,0.9905034254267728,0.36196236377581953,65,1,1
lcro_9_15,global_stats,43,J,50%,264,132,0.5,0.37686518094129917,0.0009451114629028812,0.0009451114629028812,0.17826950568205313,0.9947263706612813,0.4500134505331516,131,1,1
lcro_9_15,global_stats,44,terminal,10%,264,26,0.09848484848484848,0.03669103503657075,0.0023390444425436183,0.0023390444425436183,0.28845418350948,0.991956331105037,0.050254661589860916,25,1,1
lcro_9_15,global_stats,44,terminal,25%,264,66,0.25,0.04583163388694326,0.00031798479683470965,0.00031798479683470965,0.27931358465910744,0.998862843714487,0.06025214493274689,65,1,1
lcro_9_15,global_stats,44,terminal,50%,264,132,0.5,0.09744096382972643,0.001361883838068359,0.001361883838068359,0.22770425471632427,0.9940546261151341,0.19801808893680573,131,1,1
lcro_9_15,global_stats,44,J,10%,264,26,0.09848484848484848,0.33528907433553684,0.0045744108919723026,0.0045744108919723026,0.21984561228781546,0.979616743518881,0.3524990921529631,25,1,1
lcro_9_15,global_stats,44,J,25%,264,66,0.25,0.3470667807764263,0.0017780051369106764,0.0017780051369106764,0.20806790584692603,0.9915270918142998,0.35804176159823936,65,1,1
lcro_9_15,global_stats,44,J,50%,264,132,0.5,0.3767165686118074,0.0007964991334111216,0.0007964991334111216,0.1784181180115449,0.9955556128953094,0.44282933038969835,131,1,1
lcro_9_15,global_stats,45,terminal,10%,264,26,0.09848484848484848,0.03595288223228776,0.001600891638260625,0.001600891638260625,0.28919233631376295,0.9944947423654421,0.0487663559615612,25,1,1
lcro_9_15,global_stats,45,terminal,25%,264,66,0.25,0.04583163388694326,0.00031798479683470965,0.00031798479683470965,0.27931358465910744,0.998862843714487,0.05849957466125488,65,1,1
lcro_9_15,global_stats,45,terminal,50%,264,132,0.5,0.09730842082309678,0.001229340831438705,0.001229340831438705,0.22783679772295395,0.994633249422211,0.20514141023159027,131,1,1
lcro_9_15,global_stats,45,J,10%,264,26,0.09848484848484848,0.3357365294545441,0.0050218660109795366,0.0050218660109795366,0.21939815716880823,0.9776229146587495,0.3548771982391675,25,1,1
lcro_9_15,global_stats,45,J,25%,264,66,0.25,0.34721910116345633,0.0019303255239407346,0.0019303255239407346,0.20791558545989597,0.9908012240272367,0.36067133738348883,65,1,1
lcro_9_15,global_stats,45,J,50%,264,132,0.5,0.37672118298873136,0.0008011135103350719,0.0008011135103350719,0.17841350363462094,0.995529865124299,0.4481136929243803,131,1,1
lcro_9_15,global_stats,46,terminal,10%,264,26,0.09848484848484848,0.03848055732221557,0.00412856672818844,0.00412856672818844,0.28666466122383516,0.985802397266041,0.05257238447666168,25,1,1
lcro_9_15,global_stats,46,terminal,25%,264,66,0.25,0.04583163388694326,0.00031798479683470965,0.00031798479683470965,0.27931358465910744,0.998862843714487,0.06375164538621902,65,1,1
lcro_9_15,global_stats,46,terminal,50%,264,132,0.5,0.09785638336854224,0.0017773033768841706,0.0017773033768841706,0.22728883517750847,0.9922410907692403,0.20759108662605286,131,1,1
lcro_9_15,global_stats,46,J,10%,264,26,0.09848484848484848,0.3384360380537169,0.007721374610152376,0.007721374610152376,0.2166986485696354,0.9655940922706054,0.35779108994950853,25,1,1
lcro_9_15,global_stats,46,J,25%,264,66,0.25,0.34720615213057804,0.0019173764910624391,0.0019173764910624391,0.20792853449277426,0.9908629313667678,0.36356575731188057,65,1,1
lcro_9_15,global_stats,46,J,50%,264,132,0.5,0.37689956981476186,0.0009795003363655685,0.0009795003363655685,0.17823511680859044,0.9945344841175912,0.45076794251799585,131,1,1
lcro_9_15,deepsets,42,terminal,10%,264,26,0.09848484848484848,0.03806671797512816,0.0037147273811010267,0.0037147273811010267,0.28707850057092255,0.9872255368281345,0.05398813262581825,25,1,1
lcro_9_15,deepsets,42,terminal,25%,264,66,0.25,0.04565723329274492,0.00014358420263636817,0.00014358420263636817,0.2794879852533058,0.9994865236320931,0.06500515341758728,65,1,1
lcro_9_15,deepsets,42,terminal,50%,264,132,0.5,0.0975588028897729,0.0014797228981148214,0.0014797228981148214,0.22758641565627782,0.9935401936425298,0.2166789323091507,131,1,1
lcro_9_15,deepsets,42,J,10%,264,26,0.09848484848484848,0.334985446469718,0.0042707830261534685,0.0042707830261534685,0.2201492401536343,0.9809696881515245,0.3593636584157745,25,1,1
lcro_9_15,deepsets,42,J,25%,264,66,0.25,0.3463768487516614,0.0010880731121458154,0.0010880731121458154,0.2087578378716909,0.9948148948576385,0.3700802642852068,65,1,1
lcro_9_15,deepsets,42,J,50%,264,132,0.5,0.3762949500892769,0.0003748806108805902,0.0003748806108805902,0.17883973653407542,0.9979082029309173,0.4579205386340618,131,1,1
lcro_9_15,deepsets,43,terminal,10%,264,26,0.09848484848484848,0.03772448357911064,0.0033724929850835056,0.0033724929850835056,0.2874207349669401,0.988402436298689,0.050068892538547516,25,1,1
lcro_9_15,deepsets,43,terminal,25%,264,66,0.25,0.04592730600217527,0.0004136569120667191,0.0004136569120667191,0.27921791254387546,0.9985207073976965,0.061415381729602814,65,1,1
lcro_9_15,deepsets,43,terminal,50%,264,132,0.5,0.09708269046986419,0.0010036104782061156,0.0010036104782061156,0.22806252807618654,0.9956186868799564,0.2098267376422882,131,1,1
lcro_9_15,deepsets,43,J,10%,264,26,0.09848484848484848,0.3348886045836993,0.0041739411401347515,0.0041739411401347515,0.220246082039653,0.9814012088538512,0.34617545052121085,25,1,1
lcro_9_15,deepsets,43,J,25%,264,66,0.25,0.34704339419649755,0.0017546185569819461,0.0017546185569819461,0.20809129242685476,0.9916385382552577,0.3615879286080599,65,1,1
lcro_9_15,deepsets,43,J,50%,264,132,0.5,0.3761987253855543,0.0002786559071580319,0.0002786559071580319,0.17893596123779798,0.9984451273473266,0.44971953667700293,131,1,1
lcro_9_15,deepsets,44,terminal,10%,264,26,0.09848484848484848,0.03597237510033525,0.001620384506308116,0.001620384506308116,0.2891728434457155,0.9944277089335264,0.04830747842788696,25,1,1
lcro_9_15,deepsets,44,terminal,25%,264,66,0.25,0.0458556586227408,0.0003420095326322481,0.0003420095326322481,0.27928955992330995,0.9987769280367821,0.05607498809695244,65,1,1
lcro_9_15,deepsets,44,terminal,50%,264,132,0.5,0.0969407619894341,0.0008616819977760315,0.0008616819977760315,0.22820445655661661,0.9962382829552461,0.19997601211071014,131,1,1
lcro_9_15,deepsets,44,J,10%,264,26,0.09848484848484848,0.33425806487070164,0.003543401427137105,0.003543401427137105,0.22087662175265066,0.984210849919134,0.3432663074384133,25,1,1
lcro_9_15,deepsets,44,J,25%,264,66,0.25,0.34621306205655783,0.0009242864170422305,0.0009242864170422305,0.20892162456679447,0.995595404205358,0.3584224725763003,65,1,1
lcro_9_15,deepsets,44,J,50%,264,132,0.5,0.37604338772645785,0.00012331824806155467,0.00012331824806155467,0.17909129889689446,0.9993118962614427,0.4448185893396536,131,1,1
lcro_9_15,deepsets,45,terminal,10%,264,26,0.09848484848484848,0.036325068392146095,0.0019730777981189634,0.0019730777981189634,0.2888201501539046,0.9932148426838727,0.052482809871435165,25,1,1
lcro_9_15,deepsets,45,terminal,25%,264,66,0.25,0.04589603196434451,0.00038238287423596196,0.00038238287423596196,0.2792491865817062,0.998632547551838,0.06328443437814713,65,1,1
lcro_9_15,deepsets,45,terminal,50%,264,132,0.5,0.09720737853256817,0.0011282985409100943,0.0011282985409100943,0.22793784001348255,0.9950743547342674,0.19033779203891754,131,1,1
lcro_9_15,deepsets,45,J,10%,264,26,0.09848484848484848,0.3345640873005883,0.0038494238570237482,0.0038494238570237482,0.22057059932276402,0.982847235275705,0.34151302753016355,25,1,1
lcro_9_15,deepsets,45,J,25%,264,66,0.25,0.3469837017769213,0.0016949261374056834,0.0016949261374056834,0.20815098484643102,0.9919229965956485,0.3561161550382773,65,1,1
lcro_9_15,deepsets,45,J,50%,264,132,0.5,0.3763597689749058,0.0004396994965095158,0.0004396994965095158,0.1787749176484465,0.9975465199015889,0.44060903737942375,131,1,1
lcro_9_15,deepsets,46,terminal,10%,264,26,0.09848484848484848,0.03805815639833991,0.0037061658043127804,0.0037061658043127804,0.2870870621477108,0.9872549789745302,0.05187748372554779,25,1,1
lcro_9_15,deepsets,46,terminal,25%,264,66,0.25,0.04573245762819142,0.00021880853808287082,0.00021880853808287082,0.27941276091785927,0.9992175113185232,0.06381871551275253,65,1,1
lcro_9_15,deepsets,46,terminal,50%,264,132,0.5,0.09720332101410763,0.0011242410224495542,0.0011242410224495542,0.2279418975319431,0.9950920680396305,0.2053690403699875,131,1,1
lcro_9_15,deepsets,46,J,10%,264,26,0.09848484848484848,0.33557181295480587,0.004857149511241332,0.004857149511241332,0.21956287366854643,0.9783568799146315,0.3489320465674003,25,1,1
lcro_9_15,deepsets,46,J,25%,264,66,0.25,0.3468315513863645,0.0015427757468489123,0.0015427757468489123,0.2083031352369878,0.9926480542812781,0.36005116120601693,65,1,1
lcro_9_15,deepsets,46,J,50%,264,132,0.5,0.3760838121854414,0.0001637427070451114,0.0001637427070451114,0.1790508744379109,0.999086331742055,0.44915887179474034,131,1,1
lcro_9_15,capacity_matched_deepsets,42,terminal,10%,264,26,0.09848484848484848,0.036583356093615294,0.0022313654995881615,0.0022313654995881615,0.2885618624524354,0.9923266249516778,0.05344592034816742,25,1,1
lcro_9_15,capacity_matched_deepsets,42,terminal,25%,264,66,0.25,0.045859174845232206,0.00034552575512365735,0.00034552575512365735,0.2792860437008185,0.9987643535535137,0.06343657523393631,65,1,1
lcro_9_15,capacity_matched_deepsets,42,terminal,50%,264,132,0.5,0.09729779561784005,0.0012187156261819765,0.0012187156261819765,0.22784742292821067,0.9946796343018085,0.21447496116161346,131,1,1
lcro_9_15,capacity_matched_deepsets,42,J,10%,264,26,0.09848484848484848,0.3346669325862492,0.00395226914268465,0.00395226914268465,0.22046775403710311,0.9823889638425071,0.3499884857175251,25,1,1
lcro_9_15,capacity_matched_deepsets,42,J,25%,264,66,0.25,0.3461494467698915,0.0008606711303759118,0.0008606711303759118,0.2089852398534608,0.9958985565821095,0.3625297549491127,65,1,1
lcro_9_15,capacity_matched_deepsets,42,J,50%,264,132,0.5,0.37628869566176565,0.00036862618336935826,0.00036862618336935826,0.17884599096158665,0.9979431020234739,0.45334954708814623,131,1,1
lcro_9_15,capacity_matched_deepsets,43,terminal,10%,264,26,0.09848484848484848,0.036034784029023006,0.0016827934349958745,0.0016827934349958745,0.2891104345170277,0.9942130927640671,0.04828403517603874,25,1,1
lcro_9_15,capacity_matched_deepsets,43,terminal,25%,264,66,0.25,0.04569409041185722,0.00018044132174867278,0.00018044132174867278,0.2794511281341935,0.9993547176304173,0.06285134702920914,65,1,1
lcro_9_15,capacity_matched_deepsets,43,terminal,50%,264,132,0.5,0.09702097527880335,0.0009418952871452779,0.0009418952871452779,0.22812424326724737,0.9958881077181924,0.19370026886463165,131,1,1
lcro_9_15,capacity_matched_deepsets,43,J,10%,264,26,0.09848484848484848,0.3350079550629464,0.004293291619381856,0.004293291619381856,0.2201267315604059,0.9808693914270635,0.34195459249118965,25,1,1
lcro_9_15,capacity_matched_deepsets,43,J,25%,264,66,0.25,0.34612922428785514,0.0008404486483395424,0.0008404486483395424,0.20900546233549716,0.995994924826511,0.3562368421504895,65,1,1
lcro_9_15,capacity_matched_deepsets,43,J,50%,264,132,0.5,0.37633780237921394,0.0004177329008176467,0.0004177329008176467,0.17879688424413837,0.9976690913527452,0.44276049522062144,131,1,1
lcro_9_15,capacity_matched_deepsets,44,terminal,10%,264,26,0.09848484848484848,0.036034784029023006,0.0016827934349958745,0.0016827934349958745,0.2891104345170277,0.9942130927640671,0.04889272153377533,25,1,1
lcro_9_15,capacity_matched_deepsets,44,terminal,25%,264,66,0.25,0.04589603196434451,0.00038238287423596196,0.00038238287423596196,0.2792491865817062,0.998632547551838,0.06234028935432434,65,1,1
lcro_9_15,capacity_matched_deepsets,44,terminal,50%,264,132,0.5,0.09714890897245795,0.0010698289807998806,0.0010698289807998806,0.22799630957359276,0.9953296066037894,0.2002636045217514,131,1,1
lcro_9_15,capacity_matched_deepsets,44,J,10%,264,26,0.09848484848484848,0.334013441789564,0.0032987783459994535,0.0032987783459994535,0.2211212448337883,0.9853008733389322,0.34496134525785843,25,1,1
lcro_9_15,capacity_matched_deepsets,44,J,25%,264,66,0.25,0.3460519801230567,0.0007632044835411134,0.0007632044835411134,0.2090827065002956,0.9963630242783243,0.3576719892521699,65,1,1
lcro_9_15,capacity_matched_deepsets,44,J,50%,264,132,0.5,0.3761805869724908,0.0002605174940945032,0.0002605174940945032,0.1789540996508615,0.9985463379145921,0.4482242970416943,131,1,1
lcro_9_15,capacity_matched_deepsets,45,terminal,10%,264,26,0.09848484848484848,0.03658106962505441,0.00222907903102728,0.00222907903102728,0.2885641489209963,0.99233448781897,0.04982053488492966,25,1,1
lcro_9_15,capacity_matched_deepsets,45,terminal,25%,264,66,0.25,0.04592693821442398,0.0004132891243154302,0.0004132891243154302,0.27921828033162677,0.9985220226560274,0.06383764743804932,65,1,1
lcro_9_15,capacity_matched_deepsets,45,terminal,50%,264,132,0.5,0.09716316215891505,0.0010840821672569723,0.0010840821672569723,0.22798205638713567,0.9952673835858129,0.2017153650522232,131,1,1
lcro_9_15,capacity_matched_deepsets,45,J,10%,264,26,0.09848484848484848,0.3341200828988804,0.003405419455315861,0.003405419455315861,0.2210146037244719,0.9848256879797767,0.3434550063995024,25,1,1
lcro_9_15,capacity_matched_deepsets,45,J,25%,264,66,0.25,0.34634336513173747,0.001054589492221869,0.001054589492221869,0.20879132149161483,0.9949744577472225,0.35784407996882994,65,1,1
lcro_9_15,capacity_matched_deepsets,45,J,50%,264,132,0.5,0.3761669570242785,0.00024688754588220174,0.00024688754588220174,0.1789677295990738,0.9986223916898335,0.4442629605531693,131,1,1
lcro_9_15,capacity_matched_deepsets,46,terminal,10%,264,26,0.09848484848484848,0.036384844256994814,0.002032853662967682,0.002032853662967682,0.2887603742890559,0.9930092812776814,0.05084608867764473,25,1,1
lcro_9_15,capacity_matched_deepsets,46,terminal,25%,264,66,0.25,0.04592730600217527,0.0004136569120667191,0.0004136569120667191,0.27921791254387546,0.9985207073976965,0.06160973384976387,65,1,1
lcro_9_15,capacity_matched_deepsets,46,terminal,50%,264,132,0.5,0.09743999581868676,0.0013609158270286859,0.0013609158270286859,0.22770522272736396,0.9940588520170757,0.21443186700344086,131,1,1
lcro_9_15,capacity_matched_deepsets,46,J,10%,264,26,0.09848484848484848,0.3341585925619792,0.003443929118414679,0.003443929118414679,0.22097609406137309,0.9846540916019081,0.3526394276879728,25,1,1
lcro_9_15,capacity_matched_deepsets,46,J,25%,264,66,0.25,0.3462366786980919,0.0009479030585762827,0.0009479030585762827,0.20889800792526042,0.9954828614285017,0.3643338255273799,65,1,1
lcro_9_15,capacity_matched_deepsets,46,J,50%,264,132,0.5,0.37628869566176565,0.00036862618336935826,0.00036862618336935826,0.17884599096158665,0.9979431020234739,0.45255758141477903,131,1,1
lcro_9_15,gnn,42,terminal,10%,264,26,0.09848484848484848,0.035788030399439424,0.0014360398054122925,0.0014360398054122925,0.28935718814661127,0.9950616463267528,0.05096539109945297,25,1,1
lcro_9_15,gnn,42,terminal,25%,264,66,0.25,0.04566432647124836,0.00015067738113980905,0.00015067738113980905,0.27948089207480237,0.9994611574743405,0.06253772974014282,65,1,1
lcro_9_15,gnn,42,terminal,50%,264,132,0.5,0.09691024723349873,0.0008311672418406524,0.0008311672418406524,0.228234971312552,0.9963714966904927,0.2037867307662964,131,1,1
lcro_9_15,gnn,42,J,10%,264,26,0.09848484848484848,0.3330692428851482,0.002354579441583682,0.002354579441583682,0.22206544373820408,0.9895081579253854,0.34826926331346236,25,1,1
lcro_9_15,gnn,42,J,25%,264,66,0.25,0.3460124385832736,0.0007236629437579745,0.0007236629437579745,0.20912224804007873,0.9965514555877445,0.35929527366533875,65,1,1
lcro_9_15,gnn,42,J,50%,264,132,0.5,0.3763169557431324,0.0003968862647361071,0.0003968862647361071,0.1788177308802199,0.9977854135390358,0.4458141190310319,131,1,1
lcro_9_15,gnn,43,terminal,10%,264,26,0.09848484848484848,0.036019904646449365,0.0016679140524222327,0.0016679140524222327,0.28912531389960133,0.9942642610209017,0.05296971648931503,25,1,1
lcro_9_15,gnn,43,terminal,25%,264,66,0.25,0.04592730600217527,0.0004136569120667191,0.0004136569120667191,0.27921791254387546,0.9985207073976965,0.06339911371469498,65,1,1
lcro_9_15,gnn,43,terminal,50%,264,132,0.5,0.09721605371768502,0.0011369737260269464,0.0011369737260269464,0.2279291648283657,0.9950364827678057,0.21289914846420288,131,1,1
lcro_9_15,gnn,43,J,10%,264,26,0.09848484848484848,0.33502103811531414,0.004306374671749602,0.004306374671749602,0.22011364850803816,0.9808110942565064,0.3562508154660463,25,1,1
lcro_9_15,gnn,43,J,25%,264,66,0.25,0.3462134891455685,0.0009247135060528877,0.0009247135060528877,0.20892119747778382,0.9955933689547846,0.3639438789337873,65,1,1
lcro_9_15,gnn,43,J,50%,264,132,0.5,0.3762126610258205,0.0002925915474242258,0.0002925915474242258,0.1789220255975318,0.9983673678403834,0.4521194184819857,131,1,1
lcro_9_15,gnn,44,terminal,10%,264,26,0.09848484848484848,0.03580732668678348,0.0014553360927563458,0.0014553360927563458,0.2893378918592672,0.9949952889102478,0.04980630800127983,25,1,1
lcro_9_15,gnn,44,terminal,25%,264,66,0.25,0.04592730600217527,0.0004136569120667191,0.0004136569120667191,0.27921791254387546,0.9985207073976965,0.06149918586015701,65,1,1
lcro_9_15,gnn,44,terminal,50%,264,132,0.5,0.09712461093581762,0.001045530944159545,0.001045530944159545,0.2280206076102331,0.9954356809314647,0.19908317923545837,131,1,1
lcro_9_15,gnn,44,J,10%,264,26,0.09848484848484848,0.33440734689334367,0.0036926834497791328,0.0036926834497791328,0.22072733973000863,0.9835456596187014,0.34624511568496624,25,1,1
lcro_9_15,gnn,44,J,25%,264,66,0.25,0.34615097666806616,0.0008622010285505577,0.0008622010285505577,0.20898370995528615,0.9958912660031914,0.35857444973662495,65,1,1
lcro_9_15,gnn,44,J,50%,264,132,0.5,0.3759953256058089,7.525612741260401e-05,7.525612741260401e-05,0.1791393610175434,0.9995800781844054,0.447160862510403,131,1,1
lcro_9_15,gnn,45,terminal,10%,264,26,0.09848484848484848,0.03556248255503865,0.0012104919610115214,0.0012104919610115214,0.2895827359910121,0.9958372759588088,0.04795847460627556,25,1,1
lcro_9_15,gnn,45,terminal,25%,264,66,0.25,0.04592730600217527,0.0004136569120667191,0.0004136569120667191,0.27921791254387546,0.9985207073976965,0.05953902006149292,65,1,1
lcro_9_15,gnn,45,terminal,50%,264,132,0.5,0.09734854919864147,0.001269469206983398,0.001269469206983398,0.22779666934740925,0.9944580669364976,0.2095891535282135,131,1,1
lcro_9_15,gnn,45,J,10%,264,26,0.09848484848484848,0.3335378681172957,0.00282320467373115,0.00282320467373115,0.22159681850605661,0.9874199965148858,0.3505807751789689,25,1,1
lcro_9_15,gnn,45,J,25%,264,66,0.25,0.34588744148751366,0.0005986658479980589,0.0005986658479980589,0.20924724513583864,0.997147116924074,0.3598546491004527,65,1,1
lcro_9_15,gnn,45,J,50%,264,132,0.5,0.37625159677601655,0.0003315272976202599,0.0003315272976202599,0.17888308984733575,0.9981501101701313,0.44761331751942635,131,1,1
lcro_9_15,gnn,46,terminal,10%,264,26,0.09848484848484848,0.0362770316334298,0.001925041039402671,0.001925041039402671,0.2888681869126209,0.9933800348345104,0.048411961644887924,25,1,1
lcro_9_15,gnn,46,terminal,25%,264,66,0.25,0.04592730600217527,0.0004136569120667191,0.0004136569120667191,0.27921791254387546,0.9985207073976965,0.057615913450717926,65,1,1
lcro_9_15,gnn,46,terminal,50%,264,132,0.5,0.09689280474699583,0.0008137247553377525,0.0008137247553377525,0.2282524137990549,0.9964476427617235,0.20972555875778198,131,1,1
lcro_9_15,gnn,46,J,10%,264,26,0.09848484848484848,0.33523292247010456,0.004518259026540017,0.004518259026540017,0.21990176415324775,0.9798669523221627,0.3491666386524836,25,1,1
lcro_9_15,gnn,46,J,25%,264,66,0.25,0.34569419704103077,0.00040542140151517136,0.00040542140151517136,0.20944048958232153,0.9980680042817398,0.35898046055808663,65,1,1
lcro_9_15,gnn,46,J,50%,264,132,0.5,0.37605555210407465,0.00013548262567836256,0.00013548262567836256,0.17907913451927765,0.9992440202264932,0.4488388484964768,131,1,1
lcro_9_15,gnn_zero_edge_features,42,terminal,10%,264,26,0.09848484848484848,0.0364000890045785,0.002048098410551369,0.002048098410551369,0.28874512954147225,0.9929568565782102,0.04875106364488602,25,1,1
lcro_9_15,gnn_zero_edge_features,42,terminal,25%,264,66,0.25,0.04566432647124836,0.00015067738113980905,0.00015067738113980905,0.27948089207480237,0.9994611574743405,0.05973265320062637,65,1,1
lcro_9_15,gnn_zero_edge_features,42,terminal,50%,264,132,0.5,0.09699103918462766,0.0009119591929695886,0.0009119591929695886,0.22815417936142307,0.9960187952757887,0.20625388622283936,131,1,1
lcro_9_15,gnn_zero_edge_features,42,J,10%,264,26,0.09848484848484848,0.3333899066384243,0.002675243194859789,0.002675243194859789,0.22174477998492798,0.9880793025642075,0.3463040314304332,25,1,1
lcro_9_15,gnn_zero_edge_features,42,J,25%,264,66,0.25,0.34599949177333994,0.0007107161338243406,0.0007107161338243406,0.20913519485001236,0.996613152334052,0.3599839796622594,65,1,1
lcro_9_15,gnn_zero_edge_features,42,J,50%,264,132,0.5,0.3760838121854414,0.0001637427070451114,0.0001637427070451114,0.1790508744379109,0.999086331742055,0.4461847819387913,131,1,1
lcro_9_15,gnn_zero_edge_features,43,terminal,10%,264,26,0.09848484848484848,0.036318094648707375,0.0019661040546802427,0.0019661040546802427,0.28882712389734333,0.9932388244783864,0.05211440846323967,25,1,1
lcro_9_15,gnn_zero_edge_features,43,terminal,25%,264,66,0.25,0.0455987860843765,8.513699426795224e-05,8.513699426795224e-05,0.2795464324616742,0.9996955386888771,0.06500288844108582,65,1,1
lcro_9_15,gnn_zero_edge_features,43,terminal,50%,264,132,0.5,0.09764724444231075,0.0015681644506526787,0.0015681644506526787,0.22749797410373995,0.9931540974997476,0.20921634137630463,131,1,1
lcro_9_15,gnn_zero_edge_features,43,J,10%,264,26,0.09848484848484848,0.3351662315411093,0.004451568097544767,0.004451568097544767,0.219968455082243,0.9801641224589905,0.3486151862579087,25,1,1
lcro_9_15,gnn_zero_edge_features,43,J,25%,264,66,0.25,0.3458199062504902,0.000531130610974595,0.000531130610974595,0.2093147803728621,0.997468949437783,0.36039846191803615,65,1,1
lcro_9_15,gnn_zero_edge_features,43,J,50%,264,132,0.5,0.3762126610258205,0.0002925915474242258,0.0002925915474242258,0.1789220255975318,0.9983673678403834,0.44838465141753353,131,1,1
lcro_9_15,gnn_zero_edge_features,44,terminal,10%,264,26,0.09848484848484848,0.036330412464359634,0.0019784218703325016,0.0019784218703325016,0.2888148060816911,0.9931964651162409,0.05038585886359215,25,1,1
lcro_9_15,gnn_zero_edge_features,44,terminal,25%,264,66,0.25,0.04592730600217527,0.0004136569120667191,0.0004136569120667191,0.27921791254387546,0.9985207073976965,0.06017212197184563,65,1,1
lcro_9_15,gnn_zero_edge_features,44,terminal,50%,264,132,0.5,0.09714890897245795,0.0010698289807998806,0.0010698289807998806,0.22799630957359276,0.9953296066037894,0.2065761536359787,131,1,1
lcro_9_15,gnn_zero_edge_features,44,J,10%,264,26,0.09848484848484848,0.3344218507093431,0.0037071872657785665,0.0037071872657785665,0.2207128359140092,0.9834810316243099,0.35079999702672165,25,1,1
lcro_9_15,gnn_zero_edge_features,44,J,25%,264,66,0.25,0.34583934609418987,0.0005505704546742707,0.0005505704546742707,0.20929534052916243,0.9973763107792142,0.36090561834474405,65,1,1
lcro_9_15,gnn_zero_edge_features,44,J,50%,264,132,0.5,0.37626403829077265,0.0003439688123763607,0.0003439688123763607,0.17887064833257965,0.9980806877371049,0.4499970217545827,131,1,1
lcro_9_15,gnn_zero_edge_features,45,terminal,10%,264,26,0.09848484848484848,0.03615214929987605,0.0018001587058489171,0.0018001587058489171,0.2889930692461747,0.9938094888986002,0.051876671612262726,25,1,1
lcro_9_15,gnn_zero_edge_features,45,terminal,25%,264,66,0.25,0.04583163388694326,0.00031798479683470965,0.00031798479683470965,0.27931358465910744,0.998862843714487,0.06327550113201141,65,1,1
lcro_9_15,gnn_zero_edge_features,45,terminal,50%,264,132,0.5,0.09702971819647108,0.0009506382048130035,0.0009506382048130035,0.22811550034957964,0.9958499400617989,0.21171002089977264,131,1,1
lcro_9_15,gnn_zero_edge_features,45,J,10%,264,26,0.09848484848484848,0.33440449973516084,0.0036898362915963046,0.0036898362915963046,0.22073018688819146,0.9835583463573556,0.35163594245289764,25,1,1
lcro_9_15,gnn_zero_edge_features,45,J,25%,264,66,0.25,0.34611767118051767,0.0008288955410020726,0.0008288955410020726,0.20901701544283463,0.9960499800205022,0.3627095532603562,65,1,1
lcro_9_15,gnn_zero_edge_features,45,J,50%,264,132,0.5,0.3763169557431324,0.0003968862647361071,0.0003968862647361071,0.1788177308802199,0.9977854135390358,0.45155603904277086,131,1,1
lcro_9_15,gnn_zero_edge_features,46,terminal,10%,264,26,0.09848484848484848,0.03664414022261134,0.002292149628584206,0.002292149628584206,0.2885010783234394,0.9921175962565321,0.04755325987935066,25,1,1
lcro_9_15,gnn_zero_edge_features,46,terminal,25%,264,66,0.25,0.04592730600217527,0.0004136569120667191,0.0004136569120667191,0.27921791254387546,0.9985207073976965,0.059099409729242325,65,1,1
lcro_9_15,gnn_zero_edge_features,46,terminal,50%,264,132,0.5,0.09766250469891186,0.0015834247072537833,0.0015834247072537833,0.22748271384713886,0.9930874780653021,0.20071251690387726,131,1,1
lcro_9_15,gnn_zero_edge_features,46,J,10%,264,26,0.09848484848484848,0.33513627502394133,0.004421611580376794,0.004421611580376794,0.21999841159941097,0.9802976066140295,0.34675252937401335,25,1,1
lcro_9_15,gnn_zero_edge_features,46,J,25%,264,66,0.25,0.3461393096750294,0.000850534035513828,0.000850534035513828,0.20899537694832288,0.9959468639082544,0.35823222507412233,65,1,1
lcro_9_15,gnn_zero_edge_features,46,J,50%,264,132,0.5,0.37605555210407465,0.00013548262567836256,0.00013548262567836256,0.17907913451927765,0.9992440202264932,0.4482839311162631,131,1,1
lcro_9_15,gnn_mean,42,terminal,10%,264,26,0.09848484848484848,0.036188525470116965,0.0018365348760898334,0.0018365348760898334,0.28895669307593375,0.9936843959915297,0.05070516839623451,25,1,1
lcro_9_15,gnn_mean,42,terminal,25%,264,66,0.25,0.04570118359036066,0.00018753450025211366,0.00018753450025211366,0.27944403495569003,0.9993293514726647,0.06253549456596375,65,1,1
lcro_9_15,gnn_mean,42,terminal,50%,264,132,0.5,0.09693555279183343,0.0008564728001753535,0.0008564728001753535,0.2282096657542173,0.9962610239750823,0.20954705774784088,131,1,1
lcro_9_15,gnn_mean,42,J,10%,264,26,0.09848484848484848,0.3343322148481652,0.003617551404600683,0.003617551404600683,0.22080247177518708,0.9838804427816025,0.34928276523326834,25,1,1
lcro_9_15,gnn_mean,42,J,25%,264,66,0.25,0.3458582063659737,0.0005694307264580978,0.0005694307264580978,0.2092764802573786,0.9972864340134702,0.36001668879762294,65,1,1
lcro_9_15,gnn_mean,42,J,50%,264,132,0.5,0.37598440364355074,6.43341651544449e-05,6.43341651544449e-05,0.17915028297980157,0.9996410216634148,0.4460026778901617,131,1,1
lcro_9_15,gnn_mean,43,terminal,10%,264,26,0.09848484848484848,0.0367854439223615,0.0024334533283343687,0.0024334533283343687,0.2883597746236892,0.9916316712549584,0.053805653005838394,25,1,1
lcro_9_15,gnn_mean,43,terminal,25%,264,66,0.25,0.04592730600217527,0.0004136569120667191,0.0004136569120667191,0.27921791254387546,0.9985207073976965,0.06646226346492767,65,1,1
lcro_9_15,gnn_mean,43,terminal,50%,264,132,0.5,0.09717038560969134,0.0010913056180332642,0.0010913056180332642,0.2279748329363594,0.9952358492402223,0.2059241384267807,131,1,1
lcro_9_15,gnn_mean,43,J,10%,264,26,0.09848484848484848,0.33423052298999095,0.003515859546426414,0.003515859546426414,0.22090416363336135,0.9843335746222173,0.35065237218514084,25,1,1
lcro_9_15,gnn_mean,43,J,25%,264,66,0.25,0.3459503238458913,0.0006615482063757061,0.0006615482063757061,0.209184362777461,0.9968474572448226,0.3622963696718216,65,1,1
lcro_9_15,gnn_mean,43,J,50%,264,132,0.5,0.3763169557431324,0.0003968862647361071,0.0003968862647361071,0.1788177308802199,0.9977854135390358,0.45128578307727973,131,1,1
lcro_9_15,gnn_mean,44,terminal,10%,264,26,0.09848484848484848,0.03697708302822251,0.0026250924341953766,0.0026250924341953766,0.2881681355178282,0.9909726493540336,0.05296695604920387,25,1,1
lcro_9_15,gnn_mean,44,terminal,25%,264,66,0.25,0.04592730600217527,0.0004136569120667191,0.0004136569120667191,0.27921791254387546,0.9985207073976965,0.061610039323568344,65,1,1
lcro_9_15,gnn_mean,44,terminal,50%,264,132,0.5,0.09726613663334513,0.0011870566416870565,0.0011870566416870565,0.2278790819127056,0.9948178432256359,0.2084294855594635,131,1,1
lcro_9_15,gnn_mean,44,J,10%,264,26,0.09848484848484848,0.3328579768401911,0.002143313396626545,0.002143313396626545,0.22227670978316122,0.9904495447141564,0.34896464211245376,25,1,1
lcro_9_15,gnn_mean,44,J,25%,264,66,0.25,0.3457939636421148,0.0005051880025991884,0.0005051880025991884,0.20934072298123751,0.9975925763803036,0.3595340193559726,65,1,1
lcro_9_15,gnn_mean,44,J,50%,264,132,0.5,0.3760591548144484,0.00013908533605211382,0.00013908533605211382,0.1790755318089039,0.9992239174556861,0.44619198751946293,131,1,1
lcro_9_15,gnn_mean,45,terminal,10%,264,26,0.09848484848484848,0.035932774404780224,0.001580783810753092,0.001580783810753092,0.2892124441412705,0.9945638905627684,0.04976632073521614,25,1,1
lcro_9_15,gnn_mean,45,terminal,25%,264,66,0.25,0.04592730600217527,0.0004136569120667191,0.0004136569120667191,0.27921791254387546,0.9985207073976965,0.05977266654372215,65,1,1
lcro_9_15,gnn_mean,45,terminal,50%,264,132,0.5,0.09712593115612188,0.001046851164463805,0.001046851164463805,0.22801928738992883,0.9954299174418778,0.21125146746635437,131,1,1
lcro_9_15,gnn_mean,45,J,10%,264,26,0.09848484848484848,0.3333416191497609,0.0026269557061963655,0.0026269557061963655,0.2217930674735914,0.988294468252096,0.35029463581740855,25,1,1
lcro_9_15,gnn_mean,45,J,25%,264,66,0.25,0.3460593757575032,0.0007706001179875743,0.0007706001179875743,0.20907531086584913,0.9963277811115084,0.36182037126272915,65,1,1
lcro_9_15,gnn_mean,45,J,50%,264,132,0.5,0.37624195925716486,0.0003218897787685693,0.0003218897787685693,0.17889272736618744,0.9982038865808127,0.45075690348943076,131,1,1
lcro_9_15,gnn_mean,46,terminal,10%,264,26,0.09848484848484848,0.036115951083887085,0.0017639604898599531,0.0017639604898599531,0.2890292674621636,0.9939339698441981,0.046951066702604294,25,1,1
lcro_9_15,gnn_mean,46,terminal,25%,264,66,0.25,0.04589603196434451,0.00038238287423596196,0.00038238287423596196,0.2792491865817062,0.998632547551838,0.05965377762913704,65,1,1
lcro_9_15,gnn_mean,46,terminal,50%,264,132,0.5,0.0968227234570253,0.000743643465367233,0.000743643465367233,0.2283224950890254,0.9967535862346995,0.2045905590057373,131,1,1
lcro_9_15,gnn_mean,46,J,10%,264,26,0.09848484848484848,0.3341856991246086,0.0034710356810440657,0.0034710356810440657,0.2209489874987437,0.9845333066458899,0.34590860217188796,25,1,1
lcro_9_15,gnn_mean,46,J,25%,264,66,0.25,0.34606850325306904,0.0007797276135534381,0.0007797276135534381,0.20906618337028327,0.9962842849312727,0.35829913218816123,65,1,1
lcro_9_15,gnn_mean,46,J,50%,264,132,0.5,0.37610382562930367,0.00018375615090737707,0.00018375615090737707,0.17903086099404864,0.9989746586866921,0.4468242565790812,131,1,1
loco_iso834,fire_only,42,terminal,10%,158,15,0.0949367088607595,0.055184611932763576,0.013052362954943497,0.013052362954943497,-6.938893903907228e-18,-5.316197479230511e-16,0.054241228848695755,0,158,15
loco_iso834,fire_only,42,terminal,25%,158,39,0.2468354430379747,0.05518461193276358,0.009110957696061767,0.009110957696061767,-1.3877787807814457e-17,-1.5231974805253662e-15,0.054241228848695755,0,158,39
loco_iso834,fire_only,42,terminal,50%,158,79,0.5,0.05518461193276357,0.005399485837809644,0.005399485837809644,0.0,0.0,0.054241228848695755,0,158,79
loco_iso834,fire_only,42,J,10%,158,15,0.0949367088607595,0.36237104545594967,0.020718103905304153,0.020718103905304153,-5.551115123125783e-17,-2.6793548041356368e-15,0.36095218587045874,0,158,15
loco_iso834,fire_only,42,J,25%,158,39,0.2468354430379747,0.36237104545594967,0.013499814357744,0.013499814357744,-5.551115123125783e-17,-4.1119936734103886e-15,0.36095218587045874,0,158,39
loco_iso834,fire_only,42,J,50%,158,79,0.5,0.36237104545594967,0.008225754890119397,0.008225754890119397,-5.551115123125783e-17,-6.748456764489424e-15,0.36095218587045874,0,158,79
loco_iso834,fire_only,43,terminal,10%,158,15,0.0949367088607595,0.055184611932763576,0.013052362954943497,0.013052362954943497,-6.938893903907228e-18,-5.316197479230511e-16,0.058482930064201355,0,158,15
loco_iso834,fire_only,43,terminal,25%,158,39,0.2468354430379747,0.05518461193276358,0.009110957696061767,0.009110957696061767,-1.3877787807814457e-17,-1.5231974805253662e-15,0.058482930064201355,0,158,39
loco_iso834,fire_only,43,terminal,50%,158,79,0.5,0.05518461193276357,0.005399485837809644,0.005399485837809644,0.0,0.0,0.058482930064201355,0,158,79
loco_iso834,fire_only,43,J,10%,158,15,0.0949367088607595,0.36237104545594967,0.020718103905304153,0.020718103905304153,-5.551115123125783e-17,-2.6793548041356368e-15,0.3613629388312498,0,158,15
loco_iso834,fire_only,43,J,25%,158,39,0.2468354430379747,0.36237104545594967,0.013499814357744,0.013499814357744,-5.551115123125783e-17,-4.1119936734103886e-15,0.3613629388312498,0,158,39
loco_iso834,fire_only,43,J,50%,158,79,0.5,0.36237104545594967,0.008225754890119397,0.008225754890119397,-5.551115123125783e-17,-6.748456764489424e-15,0.3613629388312498,0,158,79
loco_iso834,fire_only,44,terminal,10%,158,15,0.0949367088607595,0.055184611932763576,0.013052362954943497,0.013052362954943497,-6.938893903907228e-18,-5.316197479230511e-16,0.055159974843263626,0,158,15
loco_iso834,fire_only,44,terminal,25%,158,39,0.2468354430379747,0.05518461193276358,0.009110957696061767,0.009110957696061767,-1.3877787807814457e-17,-1.5231974805253662e-15,0.055159974843263626,0,158,39
loco_iso834,fire_only,44,terminal,50%,158,79,0.5,0.05518461193276357,0.005399485837809644,0.005399485837809644,0.0,0.0,0.055159974843263626,0,158,79
loco_iso834,fire_only,44,J,10%,158,15,0.0949367088607595,0.36237104545594967,0.020718103905304153,0.020718103905304153,-5.551115123125783e-17,-2.6793548041356368e-15,0.3616877094221612,0,158,15
loco_iso834,fire_only,44,J,25%,158,39,0.2468354430379747,0.36237104545594967,0.013499814357744,0.013499814357744,-5.551115123125783e-17,-4.1119936734103886e-15,0.3616877094221612,0,158,39
loco_iso834,fire_only,44,J,50%,158,79,0.5,0.36237104545594967,0.008225754890119397,0.008225754890119397,-5.551115123125783e-17,-6.748456764489424e-15,0.3616877094221612,0,158,79
loco_iso834,fire_only,45,terminal,10%,158,15,0.0949367088607595,0.055184611932763576,0.013052362954943497,0.013052362954943497,-6.938893903907228e-18,-5.316197479230511e-16,0.05562124401330948,0,158,15
loco_iso834,fire_only,45,terminal,25%,158,39,0.2468354430379747,0.05518461193276358,0.009110957696061767,0.009110957696061767,-1.3877787807814457e-17,-1.5231974805253662e-15,0.05562124401330948,0,158,39
loco_iso834,fire_only,45,terminal,50%,158,79,0.5,0.05518461193276357,0.005399485837809644,0.005399485837809644,0.0,0.0,0.05562124401330948,0,158,79
loco_iso834,fire_only,45,J,10%,158,15,0.0949367088607595,0.36237104545594967,0.020718103905304153,0.020718103905304153,-5.551115123125783e-17,-2.6793548041356368e-15,0.3628236276408037,0,158,15
loco_iso834,fire_only,45,J,25%,158,39,0.2468354430379747,0.36237104545594967,0.013499814357744,0.013499814357744,-5.551115123125783e-17,-4.1119936734103886e-15,0.3628236276408037,0,158,39
loco_iso834,fire_only,45,J,50%,158,79,0.5,0.36237104545594967,0.008225754890119397,0.008225754890119397,-5.551115123125783e-17,-6.748456764489424e-15,0.3628236276408037,0,158,79
loco_iso834,fire_only,46,terminal,10%,158,15,0.0949367088607595,0.055184611932763576,0.013052362954943497,0.013052362954943497,-6.938893903907228e-18,-5.316197479230511e-16,0.054431136697530746,0,158,15
loco_iso834,fire_only,46,terminal,25%,158,39,0.2468354430379747,0.05518461193276358,0.009110957696061767,0.009110957696061767,-1.3877787807814457e-17,-1.5231974805253662e-15,0.054431136697530746,0,158,39
loco_iso834,fire_only,46,terminal,50%,158,79,0.5,0.05518461193276357,0.005399485837809644,0.005399485837809644,0.0,0.0,0.054431136697530746,0,158,79
loco_iso834,fire_only,46,J,10%,158,15,0.0949367088607595,0.36237104545594967,0.020718103905304153,0.020718103905304153,-5.551115123125783e-17,-2.6793548041356368e-15,0.36064552872752154,0,158,15
loco_iso834,fire_only,46,J,25%,158,39,0.2468354430379747,0.36237104545594967,0.013499814357744,0.013499814357744,-5.551115123125783e-17,-4.1119936734103886e-15,0.36064552872752154,0,158,39
loco_iso834,fire_only,46,J,50%,158,79,0.5,0.36237104545594967,0.008225754890119397,0.008225754890119397,-5.551115123125783e-17,-6.748456764489424e-15,0.36064552872752154,0,158,79
loco_iso834,global_stats,42,terminal,10%,158,15,0.0949367088607595,0.044720955193042755,0.002588706215222676,0.002588706215222676,0.010463656739720814,0.8016676195598574,0.04945596680045128,14,1,1
loco_iso834,global_stats,42,terminal,25%,158,39,0.2468354430379747,0.04850052201595062,0.0024268677792488036,0.0024268677792488036,0.006684089916812949,0.7336319780852647,0.052842915058135986,38,1,1
loco_iso834,global_stats,42,terminal,50%,158,79,0.5,0.051718127642628516,0.0019330015476745899,0.0019330015476745899,0.0034664842901350537,0.6420026636353339,0.05519502982497215,78,1,1
loco_iso834,global_stats,42,J,10%,158,15,0.0949367088607595,0.34736181869895927,0.005708877148313751,0.005708877148313751,0.015009226756990346,0.7244498254083857,0.355145616363734,14,1,1
loco_iso834,global_stats,42,J,25%,158,39,0.2468354430379747,0.3521999842972837,0.0033287531990780495,0.0033287531990780495,0.010171061158665895,0.7534222981985996,0.3568991263086597,38,1,1
loco_iso834,global_stats,42,J,50%,158,79,0.5,0.35748590910257094,0.0033406185367406693,0.0033406185367406693,0.004885136353378672,0.593883044004463,0.36104694282015165,78,1,1
loco_iso834,global_stats,43,terminal,10%,158,15,0.0949367088607595,0.044720955193042755,0.002588706215222676,0.002588706215222676,0.010463656739720814,0.8016676195598574,0.05341826006770134,14,1,1
loco_iso834,global_stats,43,terminal,25%,158,39,0.2468354430379747,0.04850052201595062,0.0024268677792488036,0.0024268677792488036,0.006684089916812949,0.7336319780852647,0.05544945225119591,38,1,1
loco_iso834,global_stats,43,terminal,50%,158,79,0.5,0.05177349083219902,0.0019883647372450977,0.0019883647372450977,0.003411121100564546,0.6317492448407461,0.057298265397548676,78,1,1
loco_iso834,global_stats,43,J,10%,158,15,0.0949367088607595,0.3468591614812613,0.005206219930615763,0.005206219930615763,0.015511883974688334,0.7487115638375139,0.3552407845544318,14,1,1
loco_iso834,global_stats,43,J,25%,158,39,0.2468354430379747,0.3522647897657166,0.003393558667510954,0.003393558667510954,0.01010625569023299,0.7486218271168821,0.35758284516632555,38,1,1
loco_iso834,global_stats,43,J,50%,158,79,0.5,0.35748590910257094,0.0033406185367406693,0.0033406185367406693,0.004885136353378672,0.593883044004463,0.3617738269579907,78,1,1
loco_iso834,global_stats,44,terminal,10%,158,15,0.0949367088607595,0.044954122106234236,0.002821873128414157,0.002821873128414157,0.010230489826529333,0.7838036577625669,0.049381278455257416,14,1,1
loco_iso834,global_stats,44,terminal,25%,158,39,0.2468354430379747,0.04850052201595062,0.0024268677792488036,0.0024268677792488036,0.006684089916812949,0.7336319780852647,0.05075196921825409,38,1,1
loco_iso834,global_stats,44,terminal,50%,158,79,0.5,0.0518446209121354,0.0020594948171814773,0.0020594948171814773,0.0033399910206281663,0.6185757534986086,0.05442214012145996,78,1,1
loco_iso834,global_stats,44,J,10%,158,15,0.0949367088607595,0.34799603945472174,0.0063430979040762225,0.0063430979040762225,0.014375006001227875,0.6938379142672265,0.35537186345706384,14,1,1
loco_iso834,global_stats,44,J,25%,158,39,0.2468354430379747,0.3521999842972837,0.0033287531990780495,0.0033287531990780495,0.010171061158665895,0.7534222981985996,0.35726920096203685,38,1,1
loco_iso834,global_stats,44,J,50%,158,79,0.5,0.35732573441618787,0.003180443850357595,0.003180443850357595,0.005045311039761746,0.6133553828381273,0.3615970159570376,78,1,1
loco_iso834,global_stats,45,terminal,10%,158,15,0.0949367088607595,0.044720955193042755,0.002588706215222676,0.002588706215222676,0.010463656739720814,0.8016676195598574,0.04883626848459244,14,1,1
loco_iso834,global_stats,45,terminal,25%,158,39,0.2468354430379747,0.04850052201595062,0.0024268677792488036,0.0024268677792488036,0.006684089916812949,0.7336319780852647,0.050891466438770294,38,1,1
loco_iso834,global_stats,45,terminal,50%,158,79,0.5,0.051945776218854926,0.0021606501239010006,0.0021606501239010006,0.003238835713908643,0.5998415055057371,0.053945958614349365,78,1,1
loco_iso834,global_stats,45,J,10%,158,15,0.0949367088607595,0.34761977672990824,0.0059668351792627194,0.0059668351792627194,0.014751268726041378,0.7119989741080923,0.354185008443892,14,1,1
loco_iso834,global_stats,45,J,25%,158,39,0.2468354430379747,0.3521999842972837,0.0033287531990780495,0.0033287531990780495,0.010171061158665895,0.7534222981985996,0.3563405046860377,38,1,1
loco_iso834,global_stats,45,J,50%,158,79,0.5,0.35748590910257094,0.0033406185367406693,0.0033406185367406693,0.004885136353378672,0.593883044004463,0.3607409865905841,78,1,1
loco_iso834,global_stats,46,terminal,10%,158,15,0.0949367088607595,0.044954122106234236,0.002821873128414157,0.002821873128414157,0.010230489826529333,0.7838036577625669,0.04900386929512024,14,1,1
loco_iso834,global_stats,46,terminal,25%,158,39,0.2468354430379747,0.04840667459827203,0.0023330203615702164,0.0023330203615702164,0.006777937334491536,0.743932477858099,0.05029168352484703,38,1,1
loco_iso834,global_stats,46,terminal,50%,158,79,0.5,0.051817168351970144,0.0020320422570162186,0.0020320422570162186,0.003367443580793425,0.6236600450385592,0.05348929017782211,78,1,1
loco_iso834,global_stats,46,J,10%,158,15,0.0949367088607595,0.34736181869895927,0.005708877148313751,0.005708877148313751,0.015009226756990346,0.7244498254083857,0.3550160587144395,14,1,1
loco_iso834,global_stats,46,J,25%,158,39,0.2468354430379747,0.3528460712076571,0.003974840109451427,0.003974840109451427,0.009524974248292517,0.7055633504196058,0.3570185017461578,38,1,1
loco_iso834,global_stats,46,J,50%,158,79,0.5,0.35748590910257094,0.0033406185367406693,0.0033406185367406693,0.004885136353378672,0.593883044004463,0.36106106132889787,78,1,1
loco_iso834,deepsets,42,terminal,10%,158,15,0.0949367088607595,0.04557433153192202,0.003442082554101944,0.003442082554101944,0.009610280400841546,0.7362866351492103,0.04858130216598511,14,1,1
loco_iso834,deepsets,42,terminal,25%,158,39,0.2468354430379747,0.04792134635723554,0.0018476921205337268,0.0018476921205337268,0.007263265575528026,0.797201108580232,0.051319513469934464,38,1,1
loco_iso834,deepsets,42,terminal,50%,158,79,0.5,0.05102016960706892,0.0012350435121149944,0.0012350435121149944,0.004164442325694649,0.7712664595827512,0.05439957231283188,78,1,1
loco_iso834,deepsets,42,J,10%,158,15,0.0949367088607595,0.3474936229777005,0.005840681427054961,0.005840681427054961,0.014877422478249136,0.7180880328744913,0.3504479740746319,14,1,1
loco_iso834,deepsets,42,J,25%,158,39,0.2468354430379747,0.35319646287343315,0.004325231775227478,0.004325231775227478,0.009174582582516466,0.6796080552954877,0.35583701779445015,38,1,1
loco_iso834,deepsets,42,J,50%,158,79,0.5,0.35541002734756794,0.0012647367817376631,0.0012647367817376631,0.006961018108381678,0.846246721591857,0.3599948445955912,78,1,1
loco_iso834,deepsets,43,terminal,10%,158,15,0.0949367088607595,0.04612521231174469,0.003992963333924612,0.003992963333924612,0.009059399621018878,0.6940811906849169,0.04905114322900772,14,1,1
loco_iso834,deepsets,43,terminal,25%,158,39,0.2468354430379747,0.04782876190848839,0.0017551076717865766,0.0017551076717865766,0.007355850024275176,0.8073629874776799,0.05205614119768143,38,1,1
loco_iso834,deepsets,43,terminal,50%,158,79,0.5,0.050794684622861165,0.0010095585279072394,0.0010095585279072394,0.004389927309902404,0.813026914370651,0.05489056557416916,78,1,1
loco_iso834,deepsets,43,J,10%,158,15,0.0949367088607595,0.3475248399231996,0.005871898372554085,0.005871898372554085,0.014846205532750012,0.7165812856527471,0.34991844786951937,14,1,1
loco_iso834,deepsets,43,J,25%,158,39,0.2468354430379747,0.3514699468158313,0.002598715717625655,0.002598715717625655,0.01090109864011829,0.8074998923125972,0.3546255065128207,38,1,1
loco_iso834,deepsets,43,J,50%,158,79,0.5,0.3551498250245953,0.0010045344587650273,0.0010045344587650273,0.007221220431354314,0.8778793591367937,0.3605651781273385,78,1,1
loco_iso834,deepsets,44,terminal,10%,158,15,0.0949367088607595,0.04484037111202876,0.002708122134208679,0.002708122134208679,0.010344240820734811,0.7925186310281851,0.04868117719888687,14,1,1
loco_iso834,deepsets,44,terminal,25%,158,39,0.2468354430379747,0.04784318269827427,0.0017695284615724532,0.0017695284615724532,0.0073414292344892995,0.8057801912155361,0.05156722664833069,38,1,1
loco_iso834,deepsets,44,terminal,50%,158,79,0.5,0.05112238789472399,0.001337261799770062,0.001337261799770062,0.004062224038039582,0.7523353445237416,0.053637273609638214,78,1,1
loco_iso834,deepsets,44,J,10%,158,15,0.0949367088607595,0.34796863805502654,0.006315696504381019,0.006315696504381019,0.014402407400923078,0.695160496672472,0.35055933774759374,14,1,1
loco_iso834,deepsets,44,J,25%,158,39,0.2468354430379747,0.35241889974150137,0.0035476686432956983,0.0035476686432956983,0.009952145714448246,0.7372061163744347,0.3554878428578377,38,1,1
loco_iso834,deepsets,44,J,50%,158,79,0.5,0.3550415485425368,0.0008962579767065049,0.0008962579767065049,0.007329496913412836,0.8910424649556387,0.3610947956020633,78,1,1
loco_iso834,deepsets,45,terminal,10%,158,15,0.0949367088607595,0.04496233984827995,0.0028300908704598712,0.0028300908704598712,0.010222272084483619,0.7831740597293155,0.048580676317214966,14,1,1
loco_iso834,deepsets,45,terminal,25%,158,39,0.2468354430379747,0.04749231145550043,0.001418657218798615,0.001418657218798615,0.007692300477263138,0.844291098024543,0.05102705955505371,38,1,1
loco_iso834,deepsets,45,terminal,50%,158,79,0.5,0.050740062388815454,0.0009549362938615288,0.0009549362938615288,0.004444549543948115,0.8231431061130612,0.053262144327163696,78,1,1
loco_iso834,deepsets,45,J,10%,158,15,0.0949367088607595,0.34891697337850924,0.007264031827863726,0.007264031827863726,0.013454072077440371,0.6493872286254901,0.3501577510188023,14,1,1
loco_iso834,deepsets,45,J,25%,158,39,0.2468354430379747,0.35180609775945926,0.002934866661253588,0.002934866661253588,0.010564947696490357,0.7825994800017342,0.3546337351202965,38,1,1
loco_iso834,deepsets,45,J,50%,158,79,0.5,0.3552294083929891,0.001084117827158837,0.001084117827158837,0.007141637062960504,0.8682044576284343,0.36022977624088526,78,1,1
loco_iso834,deepsets,46,terminal,10%,158,15,0.0949367088607595,0.046924189974864326,0.004791940997044247,0.004791940997044247,0.008260421957899243,0.632867932527931,0.04613532871007919,14,1,1
loco_iso834,deepsets,46,terminal,25%,158,39,0.2468354430379747,0.04824174959690143,0.002168095360199615,0.002168095360199615,0.006942862335862138,0.7620343072016696,0.04899479076266289,38,1,1
loco_iso834,deepsets,46,terminal,50%,158,79,0.5,0.05115909737688076,0.0013739712819268377,0.0013739712819268377,0.004025514555882806,0.7455366449328066,0.05224277824163437,78,1,1
loco_iso834,deepsets,46,J,10%,158,15,0.0949367088607595,0.3493325668014586,0.00767962525081306,0.00767962525081306,0.013038478654491037,0.6293277953468039,0.3498946016343931,14,1,1
loco_iso834,deepsets,46,J,25%,158,39,0.2468354430379747,0.3527558655032299,0.0038846344050242343,0.0038846344050242343,0.00961517995271971,0.7122453463372348,0.3550464352903267,38,1,1
loco_iso834,deepsets,46,J,50%,158,79,0.5,0.3553559395763629,0.0012106490105326384,0.0012106490105326384,0.007015105879586703,0.8528221389155599,0.36048263357952237,78,1,1
loco_iso834,capacity_matched_deepsets,42,terminal,10%,158,15,0.0949367088607595,0.045042280852794644,0.0029100318749745654,0.0029100318749745654,0.010142331079968925,0.7770494212412005,0.050910480320453644,14,1,1
loco_iso834,capacity_matched_deepsets,42,terminal,25%,158,39,0.2468354430379747,0.04802510457543226,0.0019514503387304469,0.0019514503387304469,0.007159507357331306,0.7858128197023713,0.053999826312065125,38,1,1
loco_iso834,capacity_matched_deepsets,42,terminal,50%,158,79,0.5,0.05106885627477984,0.0012837301798259149,0.0012837301798259149,0.004115755657983729,0.7622495514597603,0.05711594596505165,78,1,1
loco_iso834,capacity_matched_deepsets,42,J,10%,158,15,0.0949367088607595,0.34815968007470166,0.006506738524056144,0.006506738524056144,0.014211365381247953,0.6859394781589866,0.3509620605657498,14,1,1
loco_iso834,capacity_matched_deepsets,42,J,25%,158,39,0.2468354430379747,0.3512198590753107,0.0023486279771050556,0.0023486279771050556,0.011151186380638889,0.8260251648751152,0.3565462378474573,38,1,1
loco_iso834,capacity_matched_deepsets,42,J,50%,158,79,0.5,0.3553198454705093,0.0011745549046790482,0.0011745549046790482,0.007051199985440293,0.85721007732799,0.3622814311025043,78,1,1
loco_iso834,capacity_matched_deepsets,43,terminal,10%,158,15,0.0949367088607595,0.04467880055308342,0.002546551575263338,0.002546551575263338,0.010505811379680152,0.804897275378107,0.049220941960811615,14,1,1
loco_iso834,capacity_matched_deepsets,43,terminal,25%,158,39,0.2468354430379747,0.047826845007829175,0.001753190771127358,0.001753190771127358,0.007357766924934395,0.80757338255613,0.05231418460607529,38,1,1
loco_iso834,capacity_matched_deepsets,43,terminal,50%,158,79,0.5,0.05108595945978466,0.0013008333648307363,0.0013008333648307363,0.004098652472978907,0.7590819933776449,0.05508565157651901,78,1,1
loco_iso834,capacity_matched_deepsets,43,J,10%,158,15,0.0949367088607595,0.3497372629286514,0.00808432137800591,0.00808432137800591,0.012633782527298187,0.6097943414630611,0.35111837449173133,14,1,1
loco_iso834,capacity_matched_deepsets,43,J,25%,158,39,0.2468354430379747,0.35113862257164263,0.002267391473436964,0.002267391473436964,0.01123242288430698,0.8320427664150573,0.35645568690573176,38,1,1
loco_iso834,capacity_matched_deepsets,43,J,50%,158,79,0.5,0.35538960292047267,0.0012443123546423962,0.0012443123546423962,0.006981442535476945,0.8487297067242976,0.36221403355399767,78,1,1
loco_iso834,capacity_matched_deepsets,44,terminal,10%,158,15,0.0949367088607595,0.04676317845781644,0.004630929479996361,0.004630929479996361,0.00842143347494713,0.6452037461736053,0.05047858506441116,14,1,1
loco_iso834,capacity_matched_deepsets,44,terminal,25%,158,39,0.2468354430379747,0.04804643157583017,0.0019727773391283523,0.0019727773391283523,0.0071381803569334,0.7834720119509397,0.05354459583759308,38,1,1
loco_iso834,capacity_matched_deepsets,44,terminal,50%,158,79,0.5,0.051559876980660835,0.0017747508857069091,0.0017747508857069091,0.0036247349521027344,0.6713111323898101,0.0559924878180027,78,1,1
loco_iso834,capacity_matched_deepsets,44,J,10%,158,15,0.0949367088607595,0.3482071111206379,0.006554169569992385,0.006554169569992385,0.014163934335311712,0.6836501255158569,0.3512419011754294,14,1,1
loco_iso834,capacity_matched_deepsets,44,J,25%,158,39,0.2468354430379747,0.3514890104739203,0.002617779375714613,0.002617779375714613,0.010882034982029332,0.8060877500724322,0.3570900433075925,38,1,1
loco_iso834,capacity_matched_deepsets,44,J,50%,158,79,0.5,0.3557142059794206,0.0015689154135903327,0.0015689154135903327,0.006656839476529008,0.8092679110248117,0.36206446032350265,78,1,1
loco_iso834,capacity_matched_deepsets,45,terminal,10%,158,15,0.0949367088607595,0.04627550592025121,0.004143256942431131,0.004143256942431131,0.00890910601251236,0.6825665240283636,0.04763896390795708,14,1,1
loco_iso834,capacity_matched_deepsets,45,terminal,25%,158,39,0.2468354430379747,0.048622718606239713,0.002549064369537897,0.002549064369537897,0.006561893326523856,0.7202199313646533,0.05069687217473984,38,1,1
loco_iso834,capacity_matched_deepsets,45,terminal,50%,158,79,0.5,0.05103239002107065,0.0012472639261167234,0.0012472639261167234,0.00415222191169292,0.7690032044564656,0.05352846160531044,78,1,1
loco_iso834,capacity_matched_deepsets,45,J,10%,158,15,0.0949367088607595,0.34979338926987513,0.008140447719229615,0.008140447719229615,0.012577656186074482,0.6070852933049748,0.34789814949035647,14,1,1
loco_iso834,capacity_matched_deepsets,45,J,25%,158,39,0.2468354430379747,0.35096355097718607,0.0020923198789803976,0.0020923198789803976,0.011407494478763547,0.8450112110037888,0.3545557559157411,38,1,1
loco_iso834,capacity_matched_deepsets,45,J,50%,158,79,0.5,0.35562702826173176,0.001481737695901486,0.001481737695901486,0.006744017194217855,0.8198660529404629,0.3605774131603539,78,1,1
loco_iso834,capacity_matched_deepsets,46,terminal,10%,158,15,0.0949367088607595,0.04484037111202876,0.002708122134208679,0.002708122134208679,0.010344240820734811,0.7925186310281851,0.04878907650709152,14,1,1
loco_iso834,capacity_matched_deepsets,46,terminal,25%,158,39,0.2468354430379747,0.04815762891219212,0.002083974675490305,0.002083974675490305,0.007026983020571448,0.7712672207455084,0.05173909291625023,38,1,1
loco_iso834,capacity_matched_deepsets,46,terminal,50%,158,79,0.5,0.0509909928976735,0.0012058668027195713,0.0012058668027195713,0.004193619035090072,0.7766700684210437,0.053814370185136795,78,1,1
loco_iso834,capacity_matched_deepsets,46,J,10%,158,15,0.0949367088607595,0.34900796641906096,0.0073550248684154385,0.0073550248684154385,0.013363079036888659,0.6449952707046489,0.3489718109058837,14,1,1
loco_iso834,capacity_matched_deepsets,46,J,25%,158,39,0.2468354430379747,0.3513635964180606,0.0024923653198549167,0.0024923653198549167,0.011007449037889028,0.8153778078862831,0.3531706384072701,38,1,1
loco_iso834,capacity_matched_deepsets,46,J,50%,158,79,0.5,0.3551371702126655,0.0009918796468352253,0.0009918796468352253,0.007233875243284116,0.8794177968970779,0.3588504482060671,78,1,1
loco_iso834,gnn,42,terminal,10%,158,15,0.0949367088607595,0.04554324299097061,0.00341099401315053,0.00341099401315053,0.00964136894179296,0.7386684675468177,0.04453298822045326,14,1,1
loco_iso834,gnn,42,terminal,25%,158,39,0.2468354430379747,0.04825148760126187,0.002177833364560053,0.002177833364560053,0.0069331243315017,0.7609654838479352,0.04698050022125244,38,1,1
loco_iso834,gnn,42,terminal,50%,158,79,0.5,0.05123181145968316,0.001446685364729236,0.001446685364729236,0.0039528004730804076,0.7320697917940834,0.04954363778233528,78,1,1
loco_iso834,gnn,42,J,10%,158,15,0.0949367088607595,0.3483263119248053,0.0066733703741597705,0.0066733703741597705,0.014044733531144327,0.6778966644504905,0.3475633374415338,14,1,1
loco_iso834,gnn,42,J,25%,158,39,0.2468354430379747,0.35158321795125425,0.002711986853048576,0.002711986853048576,0.010787827504695369,0.7991093224557647,0.35409203997502725,38,1,1
loco_iso834,gnn,42,J,50%,158,79,0.5,0.3554550013862518,0.001309710820421528,0.001309710820421528,0.006916044069697813,0.8407792551666311,0.36090208413079383,78,1,1
loco_iso834,gnn,43,terminal,10%,158,15,0.0949367088607595,0.04508454849322637,0.0029522995154062925,0.0029522995154062925,0.010100063439537198,0.773811107950524,0.047289226204156876,14,1,1
loco_iso834,gnn,43,terminal,25%,158,39,0.2468354430379747,0.0483463313908149,0.002272677154113084,0.002272677154113084,0.006838280541948669,0.7505556243450172,0.05109494924545288,38,1,1
loco_iso834,gnn,43,terminal,50%,158,79,0.5,0.05109960307614713,0.001314476981193205,0.001314476981193205,0.004085008856616439,0.7565551571616982,0.05576940253376961,78,1,1
loco_iso834,gnn,43,J,10%,158,15,0.0949367088607595,0.3474823497359952,0.00582940818534966,0.00582940818534966,0.014888695719954437,0.7186321580394595,0.34911966643606623,14,1,1
loco_iso834,gnn,43,J,25%,158,39,0.2468354430379747,0.3521303042825152,0.0032590731843095133,0.0032590731843095133,0.010240741173434431,0.7585838517520057,0.3545076557745536,38,1,1
loco_iso834,gnn,43,J,50%,158,79,0.5,0.35548417720283504,0.0013388866370047658,0.0013388866370047658,0.006886868253114575,0.8372323689570403,0.3611043489227692,78,1,1
loco_iso834,gnn,44,terminal,10%,158,15,0.0949367088607595,0.045388269672791165,0.003256020694971086,0.003256020694971086,0.009796342259972404,0.7505416677263107,0.04826924949884415,14,1,1
loco_iso834,gnn,44,terminal,25%,158,39,0.2468354430379747,0.04811798131618744,0.002044327079485625,0.002044327079485625,0.007066630616576128,0.7756188594345803,0.05188839137554169,38,1,1
loco_iso834,gnn,44,terminal,50%,158,79,0.5,0.051209497536662256,0.0014243714417083303,0.0014243714417083303,0.003975114396101313,0.7362023932474762,0.0546429418027401,78,1,1
loco_iso834,gnn,44,J,10%,158,15,0.0949367088607595,0.3466182964688374,0.004965354918191889,0.004965354918191889,0.01575274898711221,0.7603373870076646,0.3486440089220802,14,1,1
loco_iso834,gnn,44,J,25%,158,39,0.2468354430379747,0.3514197543048515,0.0025485232066458363,0.0025485232066458363,0.010951291151098108,0.8112179072163375,0.3561961487866938,38,1,1
loco_iso834,gnn,44,J,50%,158,79,0.5,0.35563309243074637,0.001487801864916094,0.001487801864916094,0.006737953025203247,0.8191288356156563,0.36157989253600437,78,1,1
loco_iso834,gnn,45,terminal,10%,158,15,0.0949367088607595,0.04505373934904734,0.002921490371227263,0.002921490371227263,0.010130872583716227,0.7761715345097135,0.04873215779662132,14,1,1
loco_iso834,gnn,45,terminal,25%,158,39,0.2468354430379747,0.04792609409644054,0.001852439859738722,0.001852439859738722,0.007258517836323031,0.7966800064784137,0.05160849168896675,38,1,1
loco_iso834,gnn,45,terminal,50%,158,79,0.5,0.05123039353874665,0.0014452674437927249,0.0014452674437927249,0.003954218394016919,0.7323323947490874,0.05418451875448227,78,1,1
loco_iso834,gnn,45,J,10%,158,15,0.0949367088607595,0.34864504833602245,0.006992106785376928,0.006992106785376928,0.013725997119927169,0.6625122251854881,0.3523535901059707,14,1,1
loco_iso834,gnn,45,J,25%,158,39,0.2468354430379747,0.3514723440003383,0.0026011129021326074,0.0026011129021326074,0.010898701455611337,0.8073223206480227,0.35790242537235223,38,1,1
loco_iso834,gnn,45,J,50%,158,79,0.5,0.3552354739059375,0.0010901833401072425,0.0010901833401072425,0.007135571550012099,0.8674670769224165,0.36308511532843113,78,1,1
loco_iso834,gnn,46,terminal,10%,158,15,0.0949367088607595,0.04709037020802498,0.0049581212302049,0.0049581212302049,0.00809424172473859,0.6201361203852329,0.0482732355594635,14,1,1
loco_iso834,gnn,46,terminal,25%,158,39,0.2468354430379747,0.048923761130143434,0.0028501068934416174,0.0028501068934416174,0.006260850802620135,0.6871781223752594,0.05076122656464577,38,1,1
loco_iso834,gnn,46,terminal,50%,158,79,0.5,0.0511948043315471,0.0014096782365931732,0.0014096782365931732,0.0039898076012164704,0.7389236162595394,0.053754840046167374,78,1,1
loco_iso834,gnn,46,J,10%,158,15,0.0949367088607595,0.34885623977209135,0.007203298221445831,0.007203298221445831,0.013514805683858266,0.6523186554923255,0.3474352234353622,14,1,1
loco_iso834,gnn,46,J,25%,158,39,0.2468354430379747,0.35189366542344164,0.0030224343252359676,0.0030224343252359676,0.010477380032507977,0.7761128971746046,0.3553246766018371,38,1,1
loco_iso834,gnn,46,J,50%,158,79,0.5,0.3557232084566184,0.0015779178907881497,0.0015779178907881497,0.006647836999331191,0.8081734853680698,0.3615748497347037,78,1,1
loco_iso834,gnn_zero_edge_features,42,terminal,10%,158,15,0.0949367088607595,0.04541824087500572,0.0032859918971856403,0.0032859918971856403,0.00976637105775785,0.7482454396549635,0.050098154693841934,14,1,1
loco_iso834,gnn_zero_edge_features,42,terminal,25%,158,39,0.2468354430379747,0.0481314096504297,0.0020577554137278867,0.0020577554137278867,0.007053202282333866,0.7741449930540936,0.05242835357785225,38,1,1
loco_iso834,gnn_zero_edge_features,42,terminal,50%,158,79,0.5,0.05114590150268772,0.0013607754077337927,0.0013607754077337927,0.004038710430075851,0.747980558036651,0.05505957826972008,78,1,1
loco_iso834,gnn_zero_edge_features,42,J,10%,158,15,0.0949367088607595,0.34750585775201515,0.005852916201369629,0.005852916201369629,0.014865187703934468,0.7174974974485379,0.3514916382419566,14,1,1
loco_iso834,gnn_zero_edge_features,42,J,25%,158,39,0.2468354430379747,0.3509886985015857,0.0021174674033800356,0.0021174674033800356,0.011382346954363909,0.8431484058026779,0.35567170586436986,38,1,1
loco_iso834,gnn_zero_edge_features,42,J,50%,158,79,0.5,0.35537241608698206,0.001227125521151784,0.001227125521151784,0.006998629368967557,0.8508190995788375,0.3621393174553911,78,1,1
loco_iso834,gnn_zero_edge_features,43,terminal,10%,158,15,0.0949367088607595,0.04479726403951645,0.00266501506169637,0.00266501506169637,0.01038734789324712,0.7958212569711743,0.04956279322504997,14,1,1
loco_iso834,gnn_zero_edge_features,43,terminal,25%,158,39,0.2468354430379747,0.04861549794291838,0.0025418437062165664,0.0025418437062165664,0.006569113989845186,0.721012456537331,0.05270133540034294,38,1,1
loco_iso834,gnn_zero_edge_features,43,terminal,50%,158,79,0.5,0.05121719016681744,0.001432064071863512,0.001432064071863512,0.003967421765946132,0.7347776964548085,0.056117113679647446,78,1,1
loco_iso834,gnn_zero_edge_features,43,J,10%,158,15,0.0949367088607595,0.34829143524997763,0.006638493699332115,0.006638493699332115,0.014079610205971982,0.6795800557003396,0.3516871200564007,14,1,1
loco_iso834,gnn_zero_edge_features,43,J,25%,158,39,0.2468354430379747,0.35226012504396914,0.0033888939457634715,0.0033888939457634715,0.010110920411980473,0.7489673668127526,0.35704962111388644,38,1,1
loco_iso834,gnn_zero_edge_features,43,J,50%,158,79,0.5,0.35555527640923157,0.0014099858434012957,0.0014099858434012957,0.006815769046718045,0.8285888818429357,0.3623985697515309,78,1,1
loco_iso834,gnn_zero_edge_features,44,terminal,10%,158,15,0.0949367088607595,0.044998741894960406,0.0028664929171403272,0.0028664929171403272,0.010185870037803163,0.7803851358535304,0.04805707558989525,14,1,1
loco_iso834,gnn_zero_edge_features,44,terminal,25%,158,39,0.2468354430379747,0.048319947452117235,0.002246293215415418,0.002246293215415418,0.006864664480646335,0.753451471255718,0.05053543299436569,38,1,1
loco_iso834,gnn_zero_edge_features,44,terminal,50%,158,79,0.5,0.05102826442710961,0.0012431383321556827,0.0012431383321556827,0.004156347505653961,0.7697672760893889,0.052994370460510254,78,1,1
loco_iso834,gnn_zero_edge_features,44,J,10%,158,15,0.0949367088607595,0.3480458352135287,0.006392893662883203,0.006392893662883203,0.014325210242420894,0.6914344241102806,0.35043047862127424,14,1,1
loco_iso834,gnn_zero_edge_features,44,J,25%,158,39,0.2468354430379747,0.3517975065594492,0.0029262754612435216,0.0029262754612435216,0.010573538896500423,0.7832358739388952,0.35565485544502734,38,1,1
loco_iso834,gnn_zero_edge_features,44,J,50%,158,79,0.5,0.3551674197585113,0.0010221291926810205,0.0010221291926810205,0.007203625697438321,0.8757403780765718,0.36209684846301876,78,1,1
loco_iso834,gnn_zero_edge_features,45,terminal,10%,158,15,0.0949367088607595,0.04606455986698468,0.003932310889164604,0.003932310889164604,0.009120052065778886,0.6987280461983116,0.04848407581448555,14,1,1
loco_iso834,gnn_zero_edge_features,45,terminal,25%,158,39,0.2468354430379747,0.04808220849969448,0.002008554262992665,0.002008554262992665,0.007102403433069088,0.7795452102844391,0.05101923644542694,38,1,1
loco_iso834,gnn_zero_edge_features,45,terminal,50%,158,79,0.5,0.05149339521421662,0.0017082691192626953,0.0017082691192626953,0.0036912167185469483,0.6836237429681504,0.05371939390897751,78,1,1
loco_iso834,gnn_zero_edge_features,45,J,10%,158,15,0.0949367088607595,0.34653116938347617,0.0048782278328306505,0.0048782278328306505,0.015839876072473447,0.7645427470039011,0.3493786298669875,14,1,1
loco_iso834,gnn_zero_edge_features,45,J,25%,158,39,0.2468354430379747,0.35169767545711283,0.0028264443589071653,0.0028264443589071653,0.01067336999883678,0.790630872098932,0.3560698749807974,38,1,1
loco_iso834,gnn_zero_edge_features,45,J,50%,158,79,0.5,0.3561217753291287,0.001976484763298425,0.001976484763298425,0.006249270126820916,0.7597199540102332,0.3617369626338283,78,1,1
loco_iso834,gnn_zero_edge_features,46,terminal,10%,158,15,0.0949367088607595,0.04610030154387156,0.003968052566051483,0.003968052566051483,0.009084310388892007,0.6959897162108405,0.04734385386109352,14,1,1
loco_iso834,gnn_zero_edge_features,46,terminal,25%,158,39,0.2468354430379747,0.04851730817403549,0.002443653937333673,0.002443653937333673,0.00666730375872808,0.7317895638578201,0.05072573944926262,38,1,1
loco_iso834,gnn_zero_edge_features,46,terminal,50%,158,79,0.5,0.05114286081700385,0.0013577347220499261,0.0013577347220499261,0.0040417511157597175,0.748543701597946,0.05356115847826004,78,1,1
loco_iso834,gnn_zero_edge_features,46,J,10%,158,15,0.0949367088607595,0.3474092983454466,0.005756356794801076,0.005756356794801076,0.01496174711050302,0.7221581269641487,0.3489606859472891,14,1,1
loco_iso834,gnn_zero_edge_features,46,J,25%,158,39,0.2468354430379747,0.35206691592724787,0.0031956848290422,0.0031956848290422,0.010304129528701744,0.7632793500446139,0.3546714865292112,38,1,1
loco_iso834,gnn_zero_edge_features,46,J,50%,158,79,0.5,0.3553681082563781,0.0012228176905478283,0.0012228176905478283,0.007002937199571513,0.8513427999153416,0.36001198133453727,78,1,1
loco_iso834,gnn_mean,42,terminal,10%,158,15,0.0949367088607595,0.044540557513634366,0.0024083085358142867,0.0024083085358142867,0.010644054419129204,0.8154886939531392,0.04665675386786461,14,1,1
loco_iso834,gnn_mean,42,terminal,25%,158,39,0.2468354430379747,0.04783016175795824,0.0017565075212564243,0.0017565075212564243,0.007354450174805328,0.8072093428755923,0.049786970019340515,38,1,1
loco_iso834,gnn_mean,42,terminal,50%,158,79,0.5,0.0509872486979901,0.0012021226030361765,0.0012021226030361765,0.004197363234773467,0.7773635047584772,0.05349130928516388,78,1,1
loco_iso834,gnn_mean,42,J,10%,158,15,0.0949367088607595,0.3492682635142571,0.007615321963611588,0.007615321963611588,0.01310278194169251,0.6324315198717596,0.3505012704990804,14,1,1
loco_iso834,gnn_mean,42,J,25%,158,39,0.2468354430379747,0.35176639858808406,0.002895167489878392,0.002895167489878392,0.010604646867865553,0.785540199801516,0.35676217324410875,38,1,1
loco_iso834,gnn_mean,42,J,50%,158,79,0.5,0.35553066331681,0.0013853727509797187,0.0013853727509797187,0.0068403821391396225,0.8315810804618299,0.3623385645138721,78,1,1
loco_iso834,gnn_mean,43,terminal,10%,158,15,0.0949367088607595,0.0452343724668026,0.0031021234889825194,0.0031021234889825194,0.00995023946596097,0.7623324221299246,0.04591784626245499,14,1,1
loco_iso834,gnn_mean,43,terminal,25%,158,39,0.2468354430379747,0.04862793668722495,0.0025542824505231307,0.0025542824505231307,0.006556675245538622,0.7196472055152633,0.04935680329799652,38,1,1
loco_iso834,gnn_mean,43,terminal,50%,158,79,0.5,0.05082848418173911,0.0010433580867851844,0.0010433580867851844,0.004356127751024459,0.8067671407749385,0.05304852873086929,78,1,1
loco_iso834,gnn_mean,43,J,10%,158,15,0.0949367088607595,0.3473759908187721,0.0057230492681265566,0.0057230492681265566,0.01499505463717754,0.7237657801947125,0.34654965676988164,14,1,1
loco_iso834,gnn_mean,43,J,25%,158,39,0.2468354430379747,0.352611294355339,0.0037400632571333303,0.0037400632571333303,0.009759751100610614,0.7229544675191845,0.3544973455990354,38,1,1
loco_iso834,gnn_mean,43,J,50%,158,79,0.5,0.35510568049881713,0.0009603899329868604,0.0009603899329868604,0.007265364957132481,0.8832459821845084,0.36088240882381795,78,1,1
loco_iso834,gnn_mean,44,terminal,10%,158,15,0.0949367088607595,0.044923331836859384,0.0027910828590393053,0.0027910828590393053,0.010261280095904185,0.78616263823845,0.04744245111942291,14,1,1
loco_iso834,gnn_mean,44,terminal,25%,158,39,0.2468354430379747,0.04785020162279789,0.001776547386096075,0.001776547386096075,0.007334410309965678,0.8050098084788612,0.05139685794711113,38,1,1
loco_iso834,gnn_mean,44,terminal,50%,158,79,0.5,0.05090942309249805,0.0011242969975441275,0.0011242969975441275,0.004275188840265516,0.7917770263103032,0.0540136955678463,78,1,1
loco_iso834,gnn_mean,44,J,10%,158,15,0.0949367088607595,0.34449902389405496,0.0028460823434094396,0.0028460823434094396,0.017872021561894658,0.8626282426027989,0.3480870231986046,14,1,1
loco_iso834,gnn_mean,44,J,25%,158,39,0.2468354430379747,0.35111111448520527,0.002239883386999597,0.002239883386999597,0.011259930970744347,0.8340804304679401,0.3553480055493613,38,1,1
loco_iso834,gnn_mean,44,J,50%,158,79,0.5,0.3555800312450194,0.0014347406791891393,0.0014347406791891393,0.006791014210930202,0.8255794515695417,0.3619177520275116,78,1,1
loco_iso834,gnn_mean,45,terminal,10%,158,15,0.0949367088607595,0.04508497094114621,0.0029527219633261326,0.0029527219633261326,0.010099640991617358,0.7737787423228366,0.04888838902115822,14,1,1
loco_iso834,gnn_mean,45,terminal,25%,158,39,0.2468354430379747,0.047768692748668865,0.001695038511967048,0.001695038511967048,0.007415919184094705,0.8139560550588733,0.05208220332860947,38,1,1
loco_iso834,gnn_mean,45,terminal,50%,158,79,0.5,0.05109746395787106,0.0013123378629171373,0.0013123378629171373,0.004087147974892506,0.7569513278972687,0.05548980087041855,78,1,1
loco_iso834,gnn_mean,45,J,10%,158,15,0.0949367088607595,0.3482435888569388,0.0065906473062932736,0.0065906473062932736,0.014127456599010824,0.6818894558876122,0.35102423978969455,14,1,1
loco_iso834,gnn_mean,45,J,25%,158,39,0.2468354430379747,0.3513584502988583,0.002487219200652646,0.002487219200652646,0.011012595157091298,0.8157590071432431,0.355572755386432,38,1,1
loco_iso834,gnn_mean,45,J,50%,158,79,0.5,0.35583374482866387,0.0016884542628335941,0.0016884542628335941,0.006537300627285747,0.7947356461032238,0.362105141269664,78,1,1
loco_iso834,gnn_mean,46,terminal,10%,158,15,0.0949367088607595,0.04483274295926094,0.0027004939814408643,0.0027004939814408643,0.010351868973502626,0.7931030579855219,0.04752486199140549,14,1,1
loco_iso834,gnn_mean,46,terminal,25%,158,39,0.2468354430379747,0.04797084486255279,0.0018971906258509752,0.0018971906258509752,0.0072137670702107776,0.7917682543218214,0.049762874841690063,38,1,1
loco_iso834,gnn_mean,46,terminal,50%,158,79,0.5,0.051184043146764176,0.00139891705181025,0.00139891705181025,0.0040005687859993935,0.7409166180204789,0.052766989916563034,78,1,1
loco_iso834,gnn_mean,46,J,10%,158,15,0.0949367088607595,0.3468323372780449,0.005179395727399394,0.005179395727399394,0.015538708177904703,0.7500062867204077,0.34929200718179343,14,1,1
loco_iso834,gnn_mean,46,J,25%,158,39,0.2468354430379747,0.3514315844911477,0.0025603533929420275,0.0025603533929420275,0.010939460964801917,0.8103415850697737,0.3558223037359615,38,1,1
loco_iso834,gnn_mean,46,J,50%,158,79,0.5,0.35543107197537444,0.0012857814095441622,0.0012857814095441622,0.006939973480575179,0.8436883390375971,0.3610313892054061,78,1,1
loco_astm_e119,fire_only,42,terminal,10%,95,9,0.09473684210526316,0.05950611880735347,0.015378432237265406,0.015378432237265406,0.0,0.0,0.06062694638967514,0,95,9
loco_astm_e119,fire_only,42,terminal,25%,95,23,0.24210526315789474,0.05950611880735347,0.010677916548072063,0.010677916548072063,0.0,0.0,0.06062694638967514,0,95,23
loco_astm_e119,fire_only,42,terminal,50%,95,47,0.49473684210526314,0.059506118807353466,0.006502036911342601,0.006502036911342601,6.938893903907228e-18,1.0671877134075532e-15,0.06062694638967514,0,95,47
loco_astm_e119,fire_only,42,J,10%,95,9,0.09473684210526316,0.3633959943680257,0.019541985687471286,0.019541985687471286,-2.220446049250313e-16,-1.1362438212580954e-14,0.36381711432089414,0,95,9
loco_astm_e119,fire_only,42,J,25%,95,23,0.24210526315789474,0.36339599436802555,0.01373497921304273,0.01373497921304273,-5.551115123125783e-17,-4.041589751992102e-15,0.36381711432089414,0,95,23
loco_astm_e119,fire_only,42,J,50%,95,47,0.49473684210526314,0.3633959943680256,0.008619285332009063,0.008619285332009063,-1.1102230246251565e-16,-1.288068536845142e-14,0.36381711432089414,0,95,47
loco_astm_e119,fire_only,43,terminal,10%,95,9,0.09473684210526316,0.05950611880735347,0.015378432237265406,0.015378432237265406,0.0,0.0,0.060944050550460815,0,95,9
loco_astm_e119,fire_only,43,terminal,25%,95,23,0.24210526315789474,0.05950611880735347,0.010677916548072063,0.010677916548072063,0.0,0.0,0.060944050550460815,0,95,23
loco_astm_e119,fire_only,43,terminal,50%,95,47,0.49473684210526314,0.059506118807353466,0.006502036911342601,0.006502036911342601,6.938893903907228e-18,1.0671877134075532e-15,0.060944050550460815,0,95,47
loco_astm_e119,fire_only,43,J,10%,95,9,0.09473684210526316,0.3633959943680257,0.019541985687471286,0.019541985687471286,-2.220446049250313e-16,-1.1362438212580954e-14,0.3643071776876847,0,95,9
loco_astm_e119,fire_only,43,J,25%,95,23,0.24210526315789474,0.36339599436802555,0.01373497921304273,0.01373497921304273,-5.551115123125783e-17,-4.041589751992102e-15,0.3643071776876847,0,95,23
loco_astm_e119,fire_only,43,J,50%,95,47,0.49473684210526314,0.3633959943680256,0.008619285332009063,0.008619285332009063,-1.1102230246251565e-16,-1.288068536845142e-14,0.3643071776876847,0,95,47
loco_astm_e119,fire_only,44,terminal,10%,95,9,0.09473684210526316,0.05950611880735347,0.015378432237265406,0.015378432237265406,0.0,0.0,0.06070786714553833,0,95,9
loco_astm_e119,fire_only,44,terminal,25%,95,23,0.24210526315789474,0.05950611880735347,0.010677916548072063,0.010677916548072063,0.0,0.0,0.06070786714553833,0,95,23
loco_astm_e119,fire_only,44,terminal,50%,95,47,0.49473684210526314,0.059506118807353466,0.006502036911342601,0.006502036911342601,6.938893903907228e-18,1.0671877134075532e-15,0.06070786714553833,0,95,47
loco_astm_e119,fire_only,44,J,10%,95,9,0.09473684210526316,0.3633959943680257,0.019541985687471286,0.019541985687471286,-2.220446049250313e-16,-1.1362438212580954e-14,0.36365215716262655,0,95,9
loco_astm_e119,fire_only,44,J,25%,95,23,0.24210526315789474,0.36339599436802555,0.01373497921304273,0.01373497921304273,-5.551115123125783e-17,-4.041589751992102e-15,0.36365215716262655,0,95,23
loco_astm_e119,fire_only,44,J,50%,95,47,0.49473684210526314,0.3633959943680256,0.008619285332009063,0.008619285332009063,-1.1102230246251565e-16,-1.288068536845142e-14,0.36365215716262655,0,95,47
loco_astm_e119,fire_only,45,terminal,10%,95,9,0.09473684210526316,0.05950611880735347,0.015378432237265406,0.015378432237265406,0.0,0.0,0.061308734118938446,0,95,9
loco_astm_e119,fire_only,45,terminal,25%,95,23,0.24210526315789474,0.05950611880735347,0.010677916548072063,0.010677916548072063,0.0,0.0,0.061308734118938446,0,95,23
loco_astm_e119,fire_only,45,terminal,50%,95,47,0.49473684210526314,0.059506118807353466,0.006502036911342601,0.006502036911342601,6.938893903907228e-18,1.0671877134075532e-15,0.061308734118938446,0,95,47
loco_astm_e119,fire_only,45,J,10%,95,9,0.09473684210526316,0.3633959943680257,0.019541985687471286,0.019541985687471286,-2.220446049250313e-16,-1.1362438212580954e-14,0.36352186395476277,0,95,9
loco_astm_e119,fire_only,45,J,25%,95,23,0.24210526315789474,0.36339599436802555,0.01373497921304273,0.01373497921304273,-5.551115123125783e-17,-4.041589751992102e-15,0.36352186395476277,0,95,23
loco_astm_e119,fire_only,45,J,50%,95,47,0.49473684210526314,0.3633959943680256,0.008619285332009063,0.008619285332009063,-1.1102230246251565e-16,-1.288068536845142e-14,0.36352186395476277,0,95,47
loco_astm_e119,fire_only,46,terminal,10%,95,9,0.09473684210526316,0.05950611880735347,0.015378432237265406,0.015378432237265406,0.0,0.0,0.06041589006781578,0,95,9
loco_astm_e119,fire_only,46,terminal,25%,95,23,0.24210526315789474,0.05950611880735347,0.010677916548072063,0.010677916548072063,0.0,0.0,0.06041589006781578,0,95,23
loco_astm_e119,fire_only,46,terminal,50%,95,47,0.49473684210526314,0.059506118807353466,0.006502036911342601,0.006502036911342601,6.938893903907228e-18,1.0671877134075532e-15,0.06041589006781578,0,95,47
loco_astm_e119,fire_only,46,J,10%,95,9,0.09473684210526316,0.3633959943680257,0.019541985687471286,0.019541985687471286,-2.220446049250313e-16,-1.1362438212580954e-14,0.36381981022035065,0,95,9
loco_astm_e119,fire_only,46,J,25%,95,23,0.24210526315789474,0.36339599436802555,0.01373497921304273,0.01373497921304273,-5.551115123125783e-17,-4.041589751992102e-15,0.36381981022035065,0,95,23
loco_astm_e119,fire_only,46,J,50%,95,47,0.49473684210526314,0.3633959943680256,0.008619285332009063,0.008619285332009063,-1.1102230246251565e-16,-1.288068536845142e-14,0.36381981022035065,0,95,47
loco_astm_e119,global_stats,42,terminal,10%,95,9,0.09473684210526316,0.04962186680899726,0.005494180238909192,0.005494180238909192,0.009884251998356214,0.642734697910522,0.054310716688632965,8,1,1
loco_astm_e119,global_stats,42,terminal,25%,95,23,0.24210526315789474,0.052229728711688,0.0034015264524065933,0.0034015264524065933,0.007276390095665469,0.6814428697683771,0.056836266070604324,22,1,1
loco_astm_e119,global_stats,42,terminal,50%,95,47,0.49473684210526314,0.05470295012631315,0.0016988682303022834,0.0016988682303022834,0.004803168681040325,0.7387175352175164,0.059193797409534454,46,1,1
loco_astm_e119,global_stats,42,J,10%,95,9,0.09473684210526316,0.35287691107088764,0.00902290239033321,0.00902290239033321,0.010519083297137855,0.5382811893001204,0.3513625502586365,8,1,1
loco_astm_e119,global_stats,42,J,25%,95,23,0.24210526315789474,0.35525422193029005,0.0055932067753072245,0.0055932067753072245,0.00814177243773545,0.5927764659449983,0.3561712863544623,22,1,1
loco_astm_e119,global_stats,42,J,50%,95,47,0.49473684210526314,0.35853771104259385,0.0037610020065773075,0.0037610020065773075,0.004858283325431645,0.5636526856106866,0.360219767006735,46,1,1
loco_astm_e119,global_stats,43,terminal,10%,95,9,0.09473684210526316,0.04962186680899726,0.005494180238909192,0.005494180238909192,0.009884251998356214,0.642734697910522,0.06001888960599899,8,1,1
loco_astm_e119,global_stats,43,terminal,25%,95,23,0.24210526315789474,0.052229728711688,0.0034015264524065933,0.0034015264524065933,0.007276390095665469,0.6814428697683771,0.06314831227064133,22,1,1
loco_astm_e119,global_stats,43,terminal,50%,95,47,0.49473684210526314,0.054655460838941815,0.0016513789429309506,0.0016513789429309506,0.004850657968411658,0.746021290643526,0.06597834825515747,46,1,1
loco_astm_e119,global_stats,43,J,10%,95,9,0.09473684210526316,0.35260163393147564,0.00874762525092121,0.00874762525092121,0.010794360436549855,0.552367635980331,0.3541411801241338,8,1,1
loco_astm_e119,global_stats,43,J,25%,95,23,0.24210526315789474,0.3555751864514921,0.005914171296509285,0.005914171296509285,0.00782080791653339,0.5694080635452863,0.35827964805066587,22,1,1
loco_astm_e119,global_stats,43,J,50%,95,47,0.49473684210526314,0.3578279097769278,0.003051200740911253,0.003051200740911253,0.0055680845910976995,0.6460030474243402,0.36158937166134514,46,1,1
loco_astm_e119,global_stats,44,terminal,10%,95,9,0.09473684210526316,0.05094282908572091,0.006815142515632845,0.006815142515632845,0.008563289721632561,0.5568376274976704,0.054428305476903915,8,1,1
loco_astm_e119,global_stats,44,terminal,25%,95,23,0.24210526315789474,0.05199342787913654,0.003165225619855133,0.003165225619855133,0.007512690928216929,0.7035727329760199,0.05609330162405968,22,1,1
loco_astm_e119,global_stats,44,terminal,50%,95,47,0.49473684210526314,0.05489671230316162,0.0018926304071507569,0.0018926304071507569,0.004609406504191851,0.7089173080747788,0.05897201597690582,46,1,1
loco_astm_e119,global_stats,44,J,10%,95,9,0.09473684210526316,0.35260163393147564,0.00874762525092121,0.00874762525092121,0.010794360436549855,0.552367635980331,0.3561944318935275,8,1,1
loco_astm_e119,global_stats,44,J,25%,95,23,0.24210526315789474,0.3548512223041684,0.005190207149185555,0.005190207149185555,0.00854477206385712,0.6221175825110127,0.3595928736962378,22,1,1
loco_astm_e119,global_stats,44,J,50%,95,47,0.49473684210526314,0.358326113537773,0.003549404501756448,0.003549404501756448,0.0050698808302525045,0.5882019952889568,0.36280407281592486,46,1,1
loco_astm_e119,global_stats,45,terminal,10%,95,9,0.09473684210526316,0.0498880363172955,0.005760349747207433,0.005760349747207433,0.009618082490057973,0.6254267237170765,0.05423921346664429,8,1,1
loco_astm_e119,global_stats,45,terminal,25%,95,23,0.24210526315789474,0.05199342787913654,0.003165225619855133,0.003165225619855133,0.007512690928216929,0.7035727329760199,0.056672487407922745,22,1,1
loco_astm_e119,global_stats,45,terminal,50%,95,47,0.49473684210526314,0.05480804286421614,0.0018039609682052732,0.0018039609682052732,0.004698075943137335,0.7225544867242575,0.0592796690762043,46,1,1
loco_astm_e119,global_stats,45,J,10%,95,9,0.09473684210526316,0.3525267065640677,0.00867269788351327,0.00867269788351327,0.010869287803957794,0.5562018096721058,0.35529811965922514,8,1,1
loco_astm_e119,global_stats,45,J,25%,95,23,0.24210526315789474,0.3548512223041684,0.005190207149185555,0.005190207149185555,0.00854477206385712,0.6221175825110127,0.357880730740726,22,1,1
loco_astm_e119,global_stats,45,J,50%,95,47,0.49473684210526314,0.35800770225584616,0.0032309932198296143,0.0032309932198296143,0.005388292112179338,0.625143721854658,0.36150072505697606,46,1,1
loco_astm_e119,global_stats,46,terminal,10%,95,9,0.09473684210526316,0.04962186680899726,0.005494180238909192,0.005494180238909192,0.009884251998356214,0.642734697910522,0.053533680737018585,8,1,1
loco_astm_e119,global_stats,46,terminal,25%,95,23,0.24210526315789474,0.052229728711688,0.0034015264524065933,0.0034015264524065933,0.007276390095665469,0.6814428697683771,0.05584542453289032,22,1,1
loco_astm_e119,global_stats,46,terminal,50%,95,47,0.49473684210526314,0.05489671230316162,0.0018926304071507569,0.0018926304071507569,0.004609406504191851,0.7089173080747788,0.0596977137029171,46,1,1
loco_astm_e119,global_stats,46,J,10%,95,9,0.09473684210526316,0.35260163393147564,0.00874762525092121,0.00874762525092121,0.010794360436549855,0.552367635980331,0.35654519287248454,8,1,1
loco_astm_e119,global_stats,46,J,25%,95,23,0.24210526315789474,0.35525422193029005,0.0055932067753072245,0.0055932067753072245,0.00814177243773545,0.5927764659449983,0.3602827866561711,22,1,1
loco_astm_e119,global_stats,46,J,50%,95,47,0.49473684210526314,0.3578048103825843,0.0030281013465677797,0.0030281013465677797,0.005591183985441173,0.6486830137386808,0.36375418457513053,46,1,1
loco_astm_e119,deepsets,42,terminal,10%,95,9,0.09473684210526316,0.04785031990872489,0.003722633338636823,0.003722633338636823,0.011655798898628583,0.75793154456824,0.053558532148599625,8,1,1
loco_astm_e119,deepsets,42,terminal,25%,95,23,0.24210526315789474,0.05160709681070369,0.00277889455142228,0.00277889455142228,0.007899021996649783,0.7397531120503072,0.05670970305800438,22,1,1
loco_astm_e119,deepsets,42,terminal,50%,95,47,0.49473684210526314,0.05453784407136288,0.0015337621753520186,0.0015337621753520186,0.00496827473599059,0.7641105093272516,0.05870618671178818,46,1,1
loco_astm_e119,deepsets,42,J,10%,95,9,0.09473684210526316,0.34976666815302987,0.0059126594724754344,0.0059126594724754344,0.01362932621499563,0.6974381433373881,0.3501574918006857,8,1,1
loco_astm_e119,deepsets,42,J,25%,95,23,0.24210526315789474,0.3529509045791044,0.0032898894241215615,0.0032898894241215615,0.010445089788921114,0.760473651026898,0.35732115485394994,22,1,1
loco_astm_e119,deepsets,42,J,50%,95,47,0.49473684210526314,0.356698667269253,0.0019219582332364316,0.0019219582332364316,0.006697327098772521,0.7770165206042126,0.3618016847719749,46,1,1
loco_astm_e119,deepsets,43,terminal,10%,95,9,0.09473684210526316,0.04855090959204568,0.004423223021957613,0.004423223021957613,0.010955209215307793,0.712374905730693,0.04962276667356491,8,1,1
loco_astm_e119,deepsets,43,terminal,25%,95,23,0.24210526315789474,0.050992383905079056,0.0021641816457976457,0.0021641816457976457,0.008513734902274417,0.797321730690207,0.052484527230262756,22,1,1
loco_astm_e119,deepsets,43,terminal,50%,95,47,0.49473684210526314,0.05417551702641426,0.0011714351304033949,0.0011714351304033949,0.005330601780939213,0.8198356689793838,0.0561433881521225,46,1,1
loco_astm_e119,deepsets,43,J,10%,95,9,0.09473684210526316,0.34872375078223367,0.004869742101679231,0.004869742101679231,0.014672243585791833,0.7508061780640151,0.34941566896935305,8,1,1
loco_astm_e119,deepsets,43,J,25%,95,23,0.24210526315789474,0.35241268625806854,0.0027516711030857177,0.0027516711030857177,0.010983308109956957,0.7996596092061979,0.3544595310774942,22,1,1
loco_astm_e119,deepsets,43,J,50%,95,47,0.49473684210526314,0.35597023233137237,0.001193523295355825,0.001193523295355825,0.007425762036653127,0.8615287405646609,0.3601821699800591,46,1,1
loco_astm_e119,deepsets,44,terminal,10%,95,9,0.09473684210526316,0.04855090959204568,0.004423223021957613,0.004423223021957613,0.010955209215307793,0.712374905730693,0.053134284913539886,8,1,1
loco_astm_e119,deepsets,44,terminal,25%,95,23,0.24210526315789474,0.050466536827709366,0.0016383345684279557,0.0016383345684279557,0.009039581979644107,0.8465679553635617,0.055964719504117966,22,1,1
loco_astm_e119,deepsets,44,terminal,50%,95,47,0.49473684210526314,0.05464229574228855,0.0016382138462776863,0.0016382138462776863,0.004863823065064922,0.7480460556260652,0.05900255963206291,46,1,1
loco_astm_e119,deepsets,44,J,10%,95,9,0.09473684210526316,0.34976666815302987,0.0059126594724754344,0.0059126594724754344,0.01362932621499563,0.6974381433373881,0.35007654447108505,8,1,1
loco_astm_e119,deepsets,44,J,25%,95,23,0.24210526315789474,0.35168650062160867,0.0020254854666258426,0.0020254854666258426,0.011709493746416832,0.8525308677058316,0.35670458069071176,22,1,1
loco_astm_e119,deepsets,44,J,50%,95,47,0.49473684210526314,0.3560485738653241,0.0012718648293075785,0.0012718648293075785,0.007347420502701374,0.8524396419985859,0.3623439489242931,46,1,1
loco_astm_e119,deepsets,45,terminal,10%,95,9,0.09473684210526316,0.050191237694687314,0.006063551124599248,0.006063551124599248,0.009314881112666158,0.6057107102305332,0.05498876795172691,8,1,1
loco_astm_e119,deepsets,45,terminal,25%,95,23,0.24210526315789474,0.05153598960327065,0.002707787343989243,0.002707787343989243,0.00797012920408282,0.7464123893646515,0.05891572684049606,22,1,1
loco_astm_e119,deepsets,45,terminal,50%,95,47,0.49473684210526314,0.05423754913375733,0.0012334672377464634,0.0012334672377464634,0.005268569673596145,0.8102952575377238,0.06163515895605087,46,1,1
loco_astm_e119,deepsets,45,J,10%,95,9,0.09473684210526316,0.3502747512250035,0.006420742544449076,0.006420742544449076,0.013121243143021988,0.6714385811588429,0.3483390021758775,8,1,1
loco_astm_e119,deepsets,45,J,25%,95,23,0.24210526315789474,0.35166189143758114,0.0020008762825983184,0.0020008762825983184,0.011734102930444357,0.8543225838523079,0.3585733502171934,22,1,1
loco_astm_e119,deepsets,45,J,50%,95,47,0.49473684210526314,0.35601992149976025,0.0012432124637437036,0.0012432124637437036,0.007376072868265249,0.8557638579237126,0.36401956975460054,46,1,1
loco_astm_e119,deepsets,46,terminal,10%,95,9,0.09473684210526316,0.04959313985374239,0.005465453283654324,0.005465453283654324,0.009912978953611082,0.6446027007609852,0.05352253466844559,8,1,1
loco_astm_e119,deepsets,46,terminal,25%,95,23,0.24210526315789474,0.0520207247008448,0.003192522441563393,0.003192522441563393,0.007485394106508669,0.701016352095408,0.056376587599515915,22,1,1
loco_astm_e119,deepsets,46,terminal,50%,95,47,0.49473684210526314,0.05433376093811177,0.0013296790421009064,0.0013296790421009064,0.005172357869241702,0.7954980784896313,0.06102130934596062,46,1,1
loco_astm_e119,deepsets,46,J,10%,95,9,0.09473684210526316,0.3502371498142127,0.006383141133658288,0.006383141133658288,0.013158844553812776,0.6733627157576568,0.3538693837200602,8,1,1
loco_astm_e119,deepsets,46,J,25%,95,23,0.24210526315789474,0.3524695466785435,0.002808531523560698,0.002808531523560698,0.010926447689481977,0.7955197834668924,0.3582754672194521,22,1,1
loco_astm_e119,deepsets,46,J,50%,95,47,0.49473684210526314,0.35584766932677303,0.0010709602907564841,0.0010709602907564841,0.007548325041252468,0.8757483654962298,0.3646105167766412,46,1,1
loco_astm_e119,capacity_matched_deepsets,42,terminal,10%,95,9,0.09473684210526316,0.04762437856859631,0.0034966919985082445,0.0034966919985082445,0.011881740238757162,0.7726236364955998,0.05337318405508995,8,1,1
loco_astm_e119,capacity_matched_deepsets,42,terminal,25%,95,23,0.24210526315789474,0.05197862681487332,0.0031504245555919116,0.0031504245555919116,0.007527491992480151,0.704958870823847,0.05537170171737671,22,1,1
loco_astm_e119,capacity_matched_deepsets,42,terminal,50%,95,47,0.49473684210526314,0.05397846732050814,0.0009743854244972788,0.0009743854244972788,0.005527651486845329,0.850141511378151,0.05905134975910187,46,1,1
loco_astm_e119,capacity_matched_deepsets,42,J,10%,95,9,0.09473684210526316,0.34872375078223367,0.004869742101679231,0.004869742101679231,0.014672243585791833,0.7508061780640151,0.35097928255175553,8,1,1
loco_astm_e119,capacity_matched_deepsets,42,J,25%,95,23,0.24210526315789474,0.35189592661606023,0.0022349114610774046,0.0022349114610774046,0.01150006775196527,0.8372832294529327,0.3575139779597521,22,1,1
loco_astm_e119,capacity_matched_deepsets,42,J,50%,95,47,0.49473684210526314,0.356039854795639,0.0012631457596224416,0.0012631457596224416,0.007356139572386511,0.8534512188694382,0.36307383834694823,46,1,1
loco_astm_e119,capacity_matched_deepsets,43,terminal,10%,95,9,0.09473684210526316,0.04812765990694364,0.003999973336855575,0.003999973336855575,0.011378458900409831,0.7398971965970147,0.05078350752592087,8,1,1
loco_astm_e119,capacity_matched_deepsets,43,terminal,25%,95,23,0.24210526315789474,0.05120827047073323,0.0023800682114518204,0.0023800682114518204,0.008297848336620242,0.7771036886515515,0.0540606826543808,22,1,1
loco_astm_e119,capacity_matched_deepsets,43,terminal,50%,95,47,0.49473684210526314,0.05449735531781582,0.0014932734218049554,0.0014932734218049554,0.005008763489537653,0.7703375969459686,0.05844926834106445,46,1,1
loco_astm_e119,capacity_matched_deepsets,43,J,10%,95,9,0.09473684210526316,0.3492321655016255,0.005378156821071067,0.005378156821071067,0.014163828866399997,0.7247896448660711,0.34996813237667085,8,1,1
loco_astm_e119,capacity_matched_deepsets,43,J,25%,95,23,0.24210526315789474,0.35222910226228227,0.0025680871072994438,0.0025680871072994438,0.011166892105743231,0.8130257740134911,0.3565959131345153,22,1,1
loco_astm_e119,capacity_matched_deepsets,43,J,50%,95,47,0.49473684210526314,0.3556722297478494,0.0008955207118328534,0.0008955207118328534,0.007723764620176099,0.8961026723982314,0.3627725253192087,46,1,1
loco_astm_e119,capacity_matched_deepsets,44,terminal,10%,95,9,0.09473684210526316,0.048300191346142024,0.004172504776053958,0.004172504776053958,0.011205927461211448,0.7286781440605474,0.05708330497145653,8,1,1
loco_astm_e119,capacity_matched_deepsets,44,terminal,25%,95,23,0.24210526315789474,0.05101477160401966,0.002186569344738251,0.002186569344738251,0.008491347203333811,0.7952250951864721,0.05974112078547478,22,1,1
loco_astm_e119,capacity_matched_deepsets,44,terminal,50%,95,47,0.49473684210526314,0.05415532302032126,0.0011512411243103926,0.0011512411243103926,0.005350795787032216,0.8229414658809323,0.06385613232851028,46,1,1
loco_astm_e119,capacity_matched_deepsets,44,J,10%,95,9,0.09473684210526316,0.34869285445246434,0.004838845771909905,0.004838845771909905,0.014703139915561159,0.7523872011116951,0.3498765114694834,8,1,1
loco_astm_e119,capacity_matched_deepsets,44,J,25%,95,23,0.24210526315789474,0.3524695466785435,0.002808531523560698,0.002808531523560698,0.010926447689481977,0.7955197834668924,0.3560260895639658,22,1,1
loco_astm_e119,capacity_matched_deepsets,44,J,50%,95,47,0.49473684210526314,0.3558002664271663,0.001023557391149732,0.001023557391149732,0.00759572794085922,0.8812479977488847,0.3644889043023189,46,1,1
loco_astm_e119,capacity_matched_deepsets,45,terminal,10%,95,9,0.09473684210526316,0.04746464184588856,0.003336955275800496,0.003336955275800496,0.01204147696146491,0.7830106980792033,0.0524870865046978,8,1,1
loco_astm_e119,capacity_matched_deepsets,45,terminal,25%,95,23,0.24210526315789474,0.0504611411496349,0.0016329388903534928,0.0016329388903534928,0.00904497765771857,0.8470732672425384,0.0555882528424263,22,1,1
loco_astm_e119,capacity_matched_deepsets,45,terminal,50%,95,47,0.49473684210526314,0.05442612388349594,0.0014220419874850787,0.0014220419874850787,0.0050799949238575295,0.7812928460919117,0.05942593142390251,46,1,1
loco_astm_e119,capacity_matched_deepsets,45,J,10%,95,9,0.09473684210526316,0.34872375078223367,0.004869742101679231,0.004869742101679231,0.014672243585791833,0.7508061780640151,0.35074598466356594,8,1,1
loco_astm_e119,capacity_matched_deepsets,45,J,25%,95,23,0.24210526315789474,0.3524441851802386,0.002783170025255799,0.002783170025255799,0.010951809187786876,0.7973662732148212,0.35809161408493917,22,1,1
loco_astm_e119,capacity_matched_deepsets,45,J,50%,95,47,0.49473684210526314,0.35573729987830877,0.0009605908422922194,0.0009605908422922194,0.007658694489716733,0.8885533074621712,0.36230437314758696,46,1,1
loco_astm_e119,capacity_matched_deepsets,46,terminal,10%,95,9,0.09473684210526316,0.047820956342750125,0.0036932697726620584,0.0036932697726620584,0.011685162464603348,0.7598409437528727,0.050693098455667496,8,1,1
loco_astm_e119,capacity_matched_deepsets,46,terminal,25%,95,23,0.24210526315789474,0.05100889439168184,0.002180692132400429,0.002180692132400429,0.008497224415671634,0.7957755033406624,0.05300002917647362,22,1,1
loco_astm_e119,capacity_matched_deepsets,46,terminal,50%,95,47,0.49473684210526314,0.054259008153321894,0.00125492625731103,0.00125492625731103,0.005247110654031578,0.8069949041473682,0.057266395539045334,46,1,1
loco_astm_e119,capacity_matched_deepsets,46,J,10%,95,9,0.09473684210526316,0.3491633794822351,0.005309370801680646,0.005309370801680646,0.014232614885790418,0.728309554280114,0.3466440890915692,8,1,1
loco_astm_e119,capacity_matched_deepsets,46,J,25%,95,23,0.24210526315789474,0.35117691495874226,0.0015158998037594351,0.0015158998037594351,0.01221907940928324,0.8896321734276857,0.35354506702472766,22,1,1
loco_astm_e119,capacity_matched_deepsets,46,J,50%,95,47,0.49473684210526314,0.3558062681571601,0.0010295591211435529,0.0010295591211435529,0.0075897262108653996,0.8805516836389976,0.36014503668993714,46,1,1
loco_astm_e119,gnn,42,terminal,10%,95,9,0.09473684210526316,0.0487280682557159,0.004600381685627833,0.004600381685627833,0.010778050551637573,0.7008549626742788,0.05119406431913376,8,1,1
loco_astm_e119,gnn,42,terminal,25%,95,23,0.24210526315789474,0.05103540258563083,0.002207200326349419,0.002207200326349419,0.008470716221722643,0.7932929784183472,0.0538766048848629,22,1,1
loco_astm_e119,gnn,42,terminal,50%,95,47,0.49473684210526314,0.05387279684556291,0.0008687149495520477,0.0008687149495520477,0.0056333219617905606,0.8663934146487848,0.058640386909246445,46,1,1
loco_astm_e119,gnn,42,J,10%,95,9,0.09473684210526316,0.3500129061164679,0.0061588974359134685,0.0061588974359134685,0.013383088251557596,0.684837685667628,0.3485366648683945,8,1,1
loco_astm_e119,gnn,42,J,25%,95,23,0.24210526315789474,0.35131205251251446,0.0016510373575316373,0.0016510373575316373,0.012083941855511038,0.8797932394419775,0.35421177456155417,22,1,1
loco_astm_e119,gnn,42,J,50%,95,47,0.49473684210526314,0.3553058889582225,0.000529179922205969,0.000529179922205969,0.008090105409802983,0.9386051277081194,0.36216107979416845,46,1,1
loco_astm_e119,gnn,43,terminal,10%,95,9,0.09473684210526316,0.04690847256117397,0.0027807859910859017,0.0027807859910859017,0.012597646246179504,0.8191762366811728,0.0534314401447773,8,1,1
loco_astm_e119,gnn,43,terminal,25%,95,23,0.24210526315789474,0.05079853178366371,0.0019703295243823013,0.0019703295243823013,0.008707587023689761,0.8154762199618378,0.055513691157102585,22,1,1
loco_astm_e119,gnn,43,terminal,50%,95,47,0.49473684210526314,0.05371314517044006,0.0007090632744291975,0.0007090632744291975,0.005792973636913411,0.8909475162787437,0.05835815146565437,46,1,1
loco_astm_e119,gnn,43,J,10%,95,9,0.09473684210526316,0.34802745149160424,0.00417344281104981,0.00417344281104981,0.015368542876421254,0.7864371165860834,0.35101786712184546,8,1,1
loco_astm_e119,gnn,43,J,25%,95,23,0.24210526315789474,0.35257809563148507,0.002917080476502243,0.002917080476502243,0.010817898736540432,0.7876166806475982,0.35561172865952057,22,1,1
loco_astm_e119,gnn,43,J,50%,95,47,0.49473684210526314,0.3556790063375647,0.0009022973015481717,0.0009022973015481717,0.007716988030460781,0.895316459916072,0.36068401504307984,46,1,1
loco_astm_e119,gnn,44,terminal,10%,95,9,0.09473684210526316,0.04722029177678956,0.0030926052067014945,0.0030926052067014945,0.012285827030563912,0.7988998384889056,0.051477789878845215,8,1,1
loco_astm_e119,gnn,44,terminal,25%,95,23,0.24210526315789474,0.05054882687071095,0.0017206246114295429,0.0017206246114295429,0.00895729193664252,0.8388613917627772,0.05510616675019264,22,1,1
loco_astm_e119,gnn,44,terminal,50%,95,47,0.49473684210526314,0.05404793011381271,0.001043848217801846,0.001043848217801846,0.005458188693540762,0.8394582756088504,0.05801363289356232,46,1,1
loco_astm_e119,gnn,44,J,10%,95,9,0.09473684210526316,0.3488838430149136,0.005029834334359162,0.005029834334359162,0.014512151353111902,0.7426139587450452,0.3490058209747076,8,1,1
loco_astm_e119,gnn,44,J,25%,95,23,0.24210526315789474,0.3525535290331944,0.0028925138782116,0.0028925138782116,0.010842465334831075,0.7894052962624886,0.355391815242668,22,1,1
loco_astm_e119,gnn,44,J,50%,95,47,0.49473684210526314,0.3557067905189404,0.0009300814829238391,0.0009300814829238391,0.007689203849085113,0.8920929697651558,0.36231435847779114,46,1,1
loco_astm_e119,gnn,45,terminal,10%,95,9,0.09473684210526316,0.04686647860540284,0.0027387920353147757,0.0027387920353147757,0.01263964020195063,0.8219069412889783,0.053225137293338776,8,1,1
loco_astm_e119,gnn,45,terminal,25%,95,23,0.24210526315789474,0.051108892197194306,0.0022806899379128956,0.0022806899379128956,0.008397226610159167,0.7864105860309722,0.056945301592350006,22,1,1
loco_astm_e119,gnn,45,terminal,50%,95,47,0.49473684210526314,0.05377465732237126,0.0007705754263603939,0.0007705754263603939,0.005731461484982214,0.8814870729176962,0.061244964599609375,46,1,1
loco_astm_e119,gnn,45,J,10%,95,9,0.09473684210526316,0.3478709846907468,0.004016976010192352,0.004016976010192352,0.015525009677278712,0.7944438157700754,0.3503921637311578,8,1,1
loco_astm_e119,gnn,45,J,25%,95,23,0.24210526315789474,0.3522629847628591,0.0026019696078762866,0.0026019696078762866,0.011133009605166388,0.8105588972857368,0.35759801423798004,22,1,1
loco_astm_e119,gnn,45,J,50%,95,47,0.49473684210526314,0.35538034677664015,0.0006036377406236082,0.0006036377406236082,0.008015647591385344,0.929966613544871,0.365605543119212,46,1,1
loco_astm_e119,gnn,46,terminal,10%,95,9,0.09473684210526316,0.04546979897552066,0.0013421124054325967,0.0013421124054325967,0.01403631983183281,0.9127276184772362,0.05019138753414154,8,1,1
loco_astm_e119,gnn,46,terminal,25%,95,23,0.24210526315789474,0.05055126661191816,0.0017230643526367495,0.0017230643526367495,0.008954852195435313,0.8386329070020823,0.05369718000292778,22,1,1
loco_astm_e119,gnn,46,terminal,50%,95,47,0.49473684210526314,0.05381163748654914,0.0008075555905382725,0.0008075555905382725,0.005694481320804336,0.8757995991795254,0.05746414139866829,46,1,1
loco_astm_e119,gnn,46,J,10%,95,9,0.09473684210526316,0.3472864721901715,0.0034324635096170675,0.0034324635096170675,0.016109522177853997,0.8243544149242868,0.34858092352127035,8,1,1
loco_astm_e119,gnn,46,J,25%,95,23,0.24210526315789474,0.35185453604528877,0.0021935208903059444,0.0021935208903059444,0.01154145832273673,0.8402967448088319,0.35524815892179806,22,1,1
loco_astm_e119,gnn,46,J,50%,95,47,0.49473684210526314,0.3554120331328917,0.0006353240968751672,0.0006353240968751672,0.007983961235133785,0.926290397358607,0.36348246078317364,46,1,1
loco_astm_e119,gnn_zero_edge_features,42,terminal,10%,95,9,0.09473684210526316,0.04885761315623919,0.004729926586151123,0.004729926586151123,0.010648505651114283,0.6924311585748354,0.05153312906622887,8,1,1
loco_astm_e119,gnn_zero_edge_features,42,terminal,25%,95,23,0.24210526315789474,0.051314492750426995,0.0024862904911455846,0.0024862904911455846,0.008191626056926478,0.7671558416895013,0.05385265871882439,22,1,1
loco_astm_e119,gnn_zero_edge_features,42,terminal,50%,95,47,0.49473684210526314,0.05418625473976135,0.0011821728437504883,0.0011821728437504883,0.00531986406759212,0.8181842305926896,0.058226414024829865,46,1,1
loco_astm_e119,gnn_zero_edge_features,42,J,10%,95,9,0.09473684210526316,0.3492321655016255,0.005378156821071067,0.005378156821071067,0.014163828866399997,0.7247896448660711,0.34941364942739406,8,1,1
loco_astm_e119,gnn_zero_edge_features,42,J,25%,95,23,0.24210526315789474,0.3525656804590878,0.002904665304104992,0.002904665304104992,0.010830313908937683,0.7885205897256302,0.35662350288281836,22,1,1
loco_astm_e119,gnn_zero_edge_features,42,J,50%,95,47,0.49473684210526314,0.35582453774763867,0.001047828711622123,0.001047828711622123,0.007571456620386829,0.8784320658545947,0.3615847377416988,46,1,1
loco_astm_e119,gnn_zero_edge_features,43,terminal,10%,95,9,0.09473684210526316,0.04912312991089291,0.004995443340804845,0.004995443340804845,0.010382988896460561,0.6751656304275439,0.05340994521975517,8,1,1
loco_astm_e119,gnn_zero_edge_features,43,terminal,25%,95,23,0.24210526315789474,0.051465770148712654,0.0026375678894312443,0.0026375678894312443,0.008040348658640818,0.7529885275318557,0.05493415519595146,22,1,1
loco_astm_e119,gnn_zero_edge_features,43,terminal,50%,95,47,0.49473684210526314,0.054446029853313524,0.0014419479573026597,0.0014419479573026597,0.0050600889540399485,0.7782313485813616,0.058544937521219254,46,1,1
loco_astm_e119,gnn_zero_edge_features,43,J,10%,95,9,0.09473684210526316,0.34997710748403166,0.006123098803477223,0.006123098803477223,0.013418886883993841,0.6866695687223372,0.3530103744628529,8,1,1
loco_astm_e119,gnn_zero_edge_features,43,J,25%,95,23,0.24210526315789474,0.35222099753285663,0.002559982377873804,0.002559982377873804,0.011174996835168871,0.8136158534959517,0.35736377807334063,22,1,1
loco_astm_e119,gnn_zero_edge_features,43,J,50%,95,47,0.49473684210526314,0.35593918504008487,0.0011624760040683246,0.0011624760040683246,0.007456809327940628,0.865130813136989,0.3630250750109553,46,1,1
loco_astm_e119,gnn_zero_edge_features,44,terminal,10%,95,9,0.09473684210526316,0.04830131638381216,0.004173629813724093,0.004173629813724093,0.011204802423541313,0.7286049872099155,0.05047209933400154,8,1,1
loco_astm_e119,gnn_zero_edge_features,44,terminal,25%,95,23,0.24210526315789474,0.05148684865106707,0.00265864639178566,0.00265864639178566,0.008019270156286402,0.7510144998964533,0.05509911850094795,22,1,1
loco_astm_e119,gnn_zero_edge_features,44,terminal,50%,95,47,0.49473684210526314,0.054599195560242265,0.0015951136642314012,0.0015951136642314012,0.004906923247111207,0.7546747756155039,0.059581540524959564,46,1,1
loco_astm_e119,gnn_zero_edge_features,44,J,10%,95,9,0.09473684210526316,0.35066208817685646,0.006808079496302022,0.006808079496302022,0.012733906191169042,0.651617824044008,0.3502938793040812,8,1,1
loco_astm_e119,gnn_zero_edge_features,44,J,25%,95,23,0.24210526315789474,0.3517022753215354,0.0020412601665525942,0.0020412601665525942,0.011693719046490081,0.8513823621506305,0.3559209723646442,22,1,1
loco_astm_e119,gnn_zero_edge_features,44,J,50%,95,47,0.49473684210526314,0.35572143724346733,0.0009447282074507846,0.0009447282074507846,0.007674557124558168,0.8903936729020443,0.3637727712591489,46,1,1
loco_astm_e119,gnn_zero_edge_features,45,terminal,10%,95,9,0.09473684210526316,0.05051926771799723,0.006391581147909164,0.006391581147909164,0.008986851089356242,0.5843801858800065,0.053877782076597214,8,1,1
loco_astm_e119,gnn_zero_edge_features,45,terminal,25%,95,23,0.24210526315789474,0.05103973882353824,0.002211536564256829,0.002211536564256829,0.008466379983815234,0.7928868844122845,0.05655816197395325,22,1,1
loco_astm_e119,gnn_zero_edge_features,45,terminal,50%,95,47,0.49473684210526314,0.054461847118874814,0.0014577652228639493,0.0014577652228639493,0.005044271688478659,0.7757986854364174,0.06003851443529129,46,1,1
loco_astm_e119,gnn_zero_edge_features,45,J,10%,95,9,0.09473684210526316,0.3490525791318052,0.0051985704512507724,0.0051985704512507724,0.014343415236220292,0.733979415685289,0.3500142751572033,8,1,1
loco_astm_e119,gnn_zero_edge_features,45,J,25%,95,23,0.24210526315789474,0.3520800429936229,0.0024190278386400643,0.0024190278386400643,0.01131595137440261,0.8238783036276482,0.35566067940865953,22,1,1
loco_astm_e119,gnn_zero_edge_features,45,J,50%,95,47,0.49473684210526314,0.3558264739567031,0.0010497649206865356,0.0010497649206865356,0.007569520411322417,0.8782074290094466,0.3633011870086193,46,1,1
loco_astm_e119,gnn_zero_edge_features,46,terminal,10%,95,9,0.09473684210526316,0.04834451940324572,0.004216832833157651,0.004216832833157651,0.011161599404107755,0.7257956618660182,0.054842907935380936,8,1,1
loco_astm_e119,gnn_zero_edge_features,46,terminal,25%,95,23,0.24210526315789474,0.05040599146614904,0.0015777892068676302,0.0015777892068676302,0.009100127341204432,0.8522381028392185,0.05729301646351814,22,1,1
loco_astm_e119,gnn_zero_edge_features,46,terminal,50%,95,47,0.49473684210526314,0.05424367129168612,0.0012395893956752557,0.0012395893956752557,0.0052624475156673525,0.8093536821495385,0.06041574478149414,46,1,1
loco_astm_e119,gnn_zero_edge_features,46,J,10%,95,9,0.09473684210526316,0.3492321655016255,0.005378156821071067,0.005378156821071067,0.014163828866399997,0.7247896448660711,0.3521945470944047,8,1,1
loco_astm_e119,gnn_zero_edge_features,46,J,25%,95,23,0.24210526315789474,0.35288408479477834,0.003223069639795517,0.003223069639795517,0.010511909573247158,0.7653385862619358,0.35787093931188185,22,1,1
loco_astm_e119,gnn_zero_edge_features,46,J,50%,95,47,0.49473684210526314,0.35535377790253114,0.0005770688665145962,0.0005770688665145962,0.008042216465494356,0.9330491050839717,0.3640442340945204,46,1,1
loco_astm_e119,gnn_mean,42,terminal,10%,95,9,0.09473684210526316,0.047795937293105654,0.003668250723017588,0.003668250723017588,0.011710181514247818,0.7614678358351387,0.0550321526825428,8,1,1
loco_astm_e119,gnn_mean,42,terminal,25%,95,23,0.24210526315789474,0.0510025171805983,0.0021743149213168875,0.0021743149213168875,0.008503601626755175,0.7963727369915184,0.058032795786857605,22,1,1
loco_astm_e119,gnn_mean,42,terminal,50%,95,47,0.49473684210526314,0.0538705013533856,0.0008664194573747355,0.0008664194573747355,0.005635617453967873,0.8667464566583292,0.06350395083427429,46,1,1
loco_astm_e119,gnn_mean,42,J,10%,95,9,0.09473684210526316,0.35012403244359624,0.00627002376304181,0.00627002376304181,0.013271961924429254,0.6791511434244011,0.3506576258999606,8,1,1
loco_astm_e119,gnn_mean,42,J,25%,95,23,0.24210526315789474,0.35130815313373137,0.0016471379787485474,0.0016471379787485474,0.012087841234294128,0.8800771407659335,0.3562037768152853,22,1,1
loco_astm_e119,gnn_mean,42,J,50%,95,47,0.49473684210526314,0.3557441192196933,0.0009674101836767424,0.0009674101836767424,0.00765187514833221,0.8877621349783925,0.3647853956868251,46,1,1
loco_astm_e119,gnn_mean,43,terminal,10%,95,9,0.09473684210526316,0.046785631527503334,0.0026579449574152675,0.0026579449574152675,0.012720487279850139,0.8271641142343191,0.04967266693711281,8,1,1
loco_astm_e119,gnn_mean,43,terminal,25%,95,23,0.24210526315789474,0.05129468991704609,0.0024664876577646794,0.0024664876577646794,0.008211428890307383,0.7690104013586796,0.052568405866622925,22,1,1
loco_astm_e119,gnn_mean,43,terminal,50%,95,47,0.49473684210526314,0.05411501426963096,0.0011109323736200952,0.0011109323736200952,0.005391104537722513,0.8291408694278393,0.058051835745573044,46,1,1
loco_astm_e119,gnn_mean,43,J,10%,95,9,0.09473684210526316,0.3476168403781399,0.003762831697585456,0.003762831697585456,0.015779153989885608,0.8074488561314465,0.3480615677622457,8,1,1
loco_astm_e119,gnn_mean,43,J,25%,95,23,0.24210526315789474,0.35144160865954516,0.0017805935045623333,0.0017805935045623333,0.011954385708480342,0.8703606698675241,0.3547836618808409,22,1,1
loco_astm_e119,gnn_mean,43,J,50%,95,47,0.49473684210526314,0.3559445985156963,0.0011678894796797734,0.0011678894796797734,0.007451395852329179,0.8645027476532599,0.36312177693471315,46,1,1
loco_astm_e119,gnn_mean,44,terminal,10%,95,9,0.09473684210526316,0.04599942722254329,0.0018717406524552255,0.0018717406524552255,0.01350669158481018,0.8782879409567136,0.05066826567053795,8,1,1
loco_astm_e119,gnn_mean,44,terminal,25%,95,23,0.24210526315789474,0.05073368516953095,0.0019054829102495424,0.0019054829102495424,0.00877243363782252,0.8215491850239657,0.05268269404768944,22,1,1
loco_astm_e119,gnn_mean,44,terminal,50%,95,47,0.49473684210526314,0.053923063931312964,0.0009189820353021003,0.0009189820353021003,0.005583054876040508,0.8586624395043092,0.057120464742183685,46,1,1
loco_astm_e119,gnn_mean,44,J,10%,95,9,0.09473684210526316,0.349452881463286,0.005598872782731579,0.005598872782731579,0.013943112904739485,0.7134951958172204,0.349831146436433,8,1,1
loco_astm_e119,gnn_mean,44,J,25%,95,23,0.24210526315789474,0.3513224524108396,0.001661437255856768,0.001661437255856768,0.012073541957185907,0.8790360560371963,0.3550321912082533,22,1,1
loco_astm_e119,gnn_mean,44,J,50%,95,47,0.49473684210526314,0.3556670262247113,0.0008903171886947558,0.0008903171886947558,0.007728968143314197,0.8967063794270234,0.3632222113199532,46,1,1
loco_astm_e119,gnn_mean,45,terminal,10%,95,9,0.09473684210526316,0.04769836159216033,0.003570675022072263,0.003570675022072263,0.011807757215193143,0.7678128064693284,0.05452964827418327,8,1,1
loco_astm_e119,gnn_mean,45,terminal,25%,95,23,0.24210526315789474,0.05106911127981932,0.002240909020537911,0.002240909020537911,0.008437007527534152,0.790136117804506,0.058124251663684845,22,1,1
loco_astm_e119,gnn_mean,45,terminal,50%,95,47,0.49473684210526314,0.05381335199196288,0.000809270095952018,0.000809270095952018,0.00569276681539059,0.87553591174786,0.06231176480650902,46,1,1
loco_astm_e119,gnn_mean,45,J,10%,95,9,0.09473684210526316,0.34929832399788274,0.005444315317328308,0.005444315317328308,0.014097670370142756,0.7214041907307907,0.35413453048095106,8,1,1
loco_astm_e119,gnn_mean,45,J,25%,95,23,0.24210526315789474,0.35143167731635594,0.0017706621613731155,0.0017706621613731155,0.01196431705166956,0.8710837392682981,0.3585073254381617,22,1,1
loco_astm_e119,gnn_mean,45,J,50%,95,47,0.49473684210526314,0.35521837706208653,0.0004416680260699857,0.0004416680260699857,0.008177617305938967,0.9487581616042123,0.3671724883529047,46,1,1
loco_astm_e119,gnn_mean,46,terminal,10%,95,9,0.09473684210526316,0.04516927028695742,0.0010415837168693542,0.0010415837168693542,0.014336848520396052,0.9322698373410677,0.05057914927601814,8,1,1
loco_astm_e119,gnn_mean,46,terminal,25%,95,23,0.24210526315789474,0.05055126661191816,0.0017230643526367495,0.0017230643526367495,0.008954852195435313,0.8386329070020823,0.05297698825597763,22,1,1
loco_astm_e119,gnn_mean,46,terminal,50%,95,47,0.49473684210526314,0.05379461235505469,0.0007905304590438283,0.0007905304590438283,0.00571150645229878,0.8784180296385627,0.056223414838314056,46,1,1
loco_astm_e119,gnn_mean,46,J,10%,95,9,0.09473684210526316,0.3466501822798616,0.0027961735993071724,0.0027961735993071724,0.01674581208816389,0.8569145610878284,0.3488207176638146,8,1,1
loco_astm_e119,gnn_mean,46,J,25%,95,23,0.24210526315789474,0.35259675965306986,0.002935744498087034,0.002935744498087034,0.010799234714955641,0.786257812804022,0.3535818612203002,22,1,1
loco_astm_e119,gnn_mean,46,J,50%,95,47,0.49473684210526314,0.3555231596376245,0.0007464506016079397,0.0007464506016079397,0.007872834730401013,0.9133976225574192,0.36107418689255916,46,1,1
loco_perturbed_iso,fire_only,42,terminal,10%,111,11,0.0990990990990991,0.05054133114489642,0.011470503766428344,0.011470503766428344,0.0032316261626334566,0.21980666598827148,0.05256574600934982,10,1,1
loco_perturbed_iso,fire_only,42,terminal,25%,111,27,0.24324324324324326,0.05105042181633137,0.00723717651433415,0.00723717651433415,0.0027225354911985106,0.2733548409518399,0.0553467757999897,26,1,1
loco_perturbed_iso,fire_only,42,terminal,50%,111,55,0.4954954954954955,0.053065120967838796,0.005146012587867899,0.005146012587867899,0.0007078363396910842,0.1209181084873414,0.05766797438263893,42,24,13
loco_perturbed_iso,fire_only,42,J,10%,111,11,0.0990990990990991,0.3575838128782131,0.01800860827224271,0.01800860827224271,0.0022344470155047924,0.11038091749209589,0.36051703710108995,10,1,1
loco_perturbed_iso,fire_only,42,J,25%,111,27,0.24324324324324326,0.35749892562261637,0.011410905090350865,0.011410905090350865,0.0023193342711015363,0.16892161964874838,0.3611149387434125,19,26,8
loco_perturbed_iso,fire_only,42,J,50%,111,55,0.4954954954954955,0.3587493488446555,0.006785536464868014,0.006785536464868014,0.0010689110490624265,0.1360899092096082,0.3617220129507283,54,1,1
loco_perturbed_iso,fire_only,43,terminal,10%,111,11,0.0990990990990991,0.0475912212648175,0.008520393886349419,0.008520393886349419,0.006181736042712382,0.42046533886854737,0.05543644726276398,10,1,1
loco_perturbed_iso,fire_only,43,terminal,25%,111,27,0.24324324324324326,0.051268708098817756,0.007455462796820536,0.007455462796820536,0.002504249208712124,0.25143791379921465,0.056313406676054,26,1,1
loco_perturbed_iso,fire_only,43,terminal,50%,111,55,0.4954954954954955,0.05277644589712674,0.004857337517155842,0.004857337517155842,0.0009965114104031406,0.17023182913240628,0.056710224598646164,34,24,21
loco_perturbed_iso,fire_only,43,J,10%,111,11,0.0990990990990991,0.35896108823574396,0.01938588362977356,0.01938588362977356,0.000857171657973943,0.04234398640865061,0.35959979298835,10,1,1
loco_perturbed_iso,fire_only,43,J,25%,111,27,0.24324324324324326,0.3571013598089926,0.011013339276727097,0.011013339276727097,0.0027169000847253044,0.19787711001987277,0.35999909245098627,18,26,9
loco_perturbed_iso,fire_only,43,J,50%,111,55,0.4954954954954955,0.35892514095557004,0.006961328575782577,0.006961328575782577,0.0008931189381478633,0.1137086900846751,0.3605230707054337,54,1,1
loco_perturbed_iso,fire_only,44,terminal,10%,111,11,0.0990990990990991,0.04872803660956296,0.00965720923109488,0.00965720923109488,0.005044920697966922,0.3431421652718898,0.053698308765888214,10,1,1
loco_perturbed_iso,fire_only,44,terminal,25%,111,27,0.24324324324324326,0.051222859571377434,0.0074096142693802144,0.0074096142693802144,0.0025500977361524457,0.2560413127142488,0.05480522662401199,26,1,1
loco_perturbed_iso,fire_only,44,terminal,50%,111,55,0.4954954954954955,0.05269268236941461,0.004773573989443711,0.004773573989443711,0.001080274938115272,0.18454096637675613,0.05537820979952812,33,24,22
loco_perturbed_iso,fire_only,44,J,10%,111,11,0.0990990990990991,0.35739699003540654,0.017821785429436132,0.017821785429436132,0.00242126985831137,0.11960990195866777,0.35978039319937427,10,1,1
loco_perturbed_iso,fire_only,44,J,25%,111,27,0.24324324324324326,0.35739827338599045,0.011310252853724945,0.011310252853724945,0.0024199865077274563,0.17625231753217355,0.36019764421507716,20,26,7
loco_perturbed_iso,fire_only,44,J,50%,111,55,0.4954954954954955,0.3584570347207287,0.00649322234094124,0.00649322234094124,0.0013612251729892,0.17330629182701482,0.3605005028657615,54,1,1
loco_perturbed_iso,fire_only,45,terminal,10%,111,11,0.0990990990990991,0.04847489737651565,0.00940406999804757,0.00940406999804757,0.005298059931014232,0.3603600265116363,0.05280853435397148,10,1,1
loco_perturbed_iso,fire_only,45,terminal,25%,111,27,0.24324324324324326,0.05107539616249226,0.007262150860495038,0.007262150860495038,0.002697561145037622,0.2708473039721546,0.05410858988761902,26,1,1
loco_perturbed_iso,fire_only,45,terminal,50%,111,55,0.4954954954954955,0.052677702440908455,0.0047585940609375585,0.0047585940609375585,0.0010952548666214243,0.18709995426515705,0.05466054752469063,35,24,20
loco_perturbed_iso,fire_only,45,J,10%,111,11,0.0990990990990991,0.3595565723255277,0.019981367719557275,0.019981367719557275,0.00026168756819022754,0.012927276266869604,0.3594469831014673,10,1,1
loco_perturbed_iso,fire_only,45,J,25%,111,27,0.24324324324324326,0.35753045977860093,0.011442439246335423,0.011442439246335423,0.002287800115116978,0.16662492582175725,0.3599535263143479,17,26,10
loco_perturbed_iso,fire_only,45,J,50%,111,55,0.4954954954954955,0.357929729853164,0.005965917473376547,0.005965917473376547,0.001888530040553893,0.24044085051233025,0.36058474086845915,54,1,1
loco_perturbed_iso,fire_only,46,terminal,10%,111,11,0.0990990990990991,0.04827332361177965,0.009202496233311569,0.009202496233311569,0.005499633695750232,0.37407054095468634,0.0533868707716465,10,1,1
loco_perturbed_iso,fire_only,46,terminal,25%,111,27,0.24324324324324326,0.05109202089133086,0.007278775589333639,0.007278775589333639,0.0026809364161990215,0.26917810622533567,0.05452141538262367,26,1,1
loco_perturbed_iso,fire_only,46,terminal,50%,111,55,0.4954954954954955,0.05277644589712674,0.004857337517155842,0.004857337517155842,0.0009965114104031406,0.17023182913240628,0.05525617673993111,34,24,21
loco_perturbed_iso,fire_only,46,J,10%,111,11,0.0990990990990991,0.3591216914525086,0.019546486846538202,0.019546486846538202,0.0006965684412092998,0.03441024249095991,0.3604055220882098,10,1,1
loco_perturbed_iso,fire_only,46,J,25%,111,27,0.24324324324324326,0.3578592847511774,0.011771264218911892,0.011771264218911892,0.001958975142540509,0.14267596441474464,0.3607084366182486,18,26,9
loco_perturbed_iso,fire_only,46,J,50%,111,55,0.4954954954954955,0.3580722392356078,0.006108426855820359,0.006108426855820359,0.0017460206581100812,0.22229706863702192,0.36123000970110297,54,1,1
loco_perturbed_iso,global_stats,42,terminal,10%,111,11,0.0990990990990991,0.04512085257606073,0.006050025197592651,0.006050025197592651,0.00865210473146915,0.588493284525154,0.049126822501420975,10,1,1
loco_perturbed_iso,global_stats,42,terminal,25%,111,27,0.24324324324324326,0.04696148675349024,0.0031482414514930196,0.0031482414514930196,0.006811470554039641,0.6839023608570048,0.05382959172129631,26,1,1
loco_perturbed_iso,global_stats,42,terminal,50%,111,55,0.4954954954954955,0.04979335333813321,0.0018742449581623105,0.0018742449581623105,0.003979603969396672,0.6798268999839293,0.05769580975174904,54,1,1
loco_perturbed_iso,global_stats,42,J,10%,111,11,0.0990990990990991,0.3496395077217709,0.010064303115800477,0.010064303115800477,0.010178752171947025,0.5028268720931622,0.3550589864142239,10,1,1
loco_perturbed_iso,global_stats,42,J,25%,111,27,0.24324324324324326,0.3501365615399899,0.004048541007724393,0.004048541007724393,0.009681698353728008,0.7051368952029592,0.35749477297067644,26,1,1
loco_perturbed_iso,global_stats,42,J,50%,111,55,0.4954954954954955,0.35335890280195703,0.0013950904221695648,0.0013950904221695648,0.006459357091760876,0.8223821064823121,0.3611876784202953,54,1,1
loco_perturbed_iso,global_stats,43,terminal,10%,111,11,0.0990990990990991,0.04470295086503029,0.00563212348656221,0.00563212348656221,0.009070006442499591,0.6169178538254411,0.05146728456020355,10,1,1
loco_perturbed_iso,global_stats,43,terminal,25%,111,27,0.24324324324324326,0.046050546759808506,0.002237301457811286,0.002237301457811286,0.007722410547721374,0.7753648442275785,0.05382634326815605,26,1,1
loco_perturbed_iso,global_stats,43,terminal,50%,111,55,0.4954954954954955,0.04892391779206016,0.0010048094120892609,0.0010048094120892609,0.004849039515469722,0.8283506416848615,0.05621417239308357,54,1,1
loco_perturbed_iso,global_stats,43,J,10%,111,11,0.0990990990990991,0.35085380453277715,0.011278599926806743,0.011278599926806743,0.00896445536094076,0.4428410254042367,0.35427839461093147,10,1,1
loco_perturbed_iso,global_stats,43,J,25%,111,27,0.24324324324324326,0.3510658793450322,0.004977858812766689,0.004977858812766689,0.008752380548685712,0.6374528745112769,0.35643194305400056,26,1,1
loco_perturbed_iso,global_stats,43,J,50%,111,55,0.4954954954954955,0.3534887840587533,0.001524971678965814,0.001524971678965814,0.006329475834964626,0.8058460921330031,0.36152856930469474,54,1,1
loco_perturbed_iso,global_stats,44,terminal,10%,111,11,0.0990990990990991,0.04470295086503029,0.00563212348656221,0.00563212348656221,0.009070006442499591,0.6169178538254411,0.05254039540886879,10,1,1
loco_perturbed_iso,global_stats,44,terminal,25%,111,27,0.24324324324324326,0.04620092113812765,0.0023876758361304276,0.0023876758361304276,0.0075720361694022326,0.7602665785110991,0.055920593440532684,26,1,1
loco_perturbed_iso,global_stats,44,terminal,50%,111,55,0.4954954954954955,0.049688674915920605,0.0017695665359497084,0.0017695665359497084,0.004084282391609274,0.6977088821648826,0.05868474766612053,54,1,1
loco_perturbed_iso,global_stats,44,J,10%,111,11,0.0990990990990991,0.3509479893738347,0.011372784767864297,0.011372784767864297,0.008870270519883205,0.4381883265048486,0.3553218025714159,10,1,1
loco_perturbed_iso,global_stats,44,J,25%,111,27,0.24324324324324326,0.35143748333125757,0.005349462798992066,0.005349462798992066,0.008380776562460335,0.6103882344534601,0.35783541469524305,26,1,1
loco_perturbed_iso,global_stats,44,J,50%,111,55,0.4954954954954955,0.35352656632323154,0.001562753943444073,0.001562753943444073,0.0062916935704863675,0.8010357901466126,0.3616756825397412,54,1,1
loco_perturbed_iso,global_stats,45,terminal,10%,111,11,0.0990990990990991,0.04432782259854404,0.005256995220075958,0.005256995220075958,0.009445134708985843,0.6424330865363651,0.05037389695644379,10,1,1
loco_perturbed_iso,global_stats,45,terminal,25%,111,27,0.24324324324324326,0.04689469505791311,0.0030814497559158924,0.0030814497559158924,0.006878262249616768,0.6906085482989734,0.05428547039628029,26,1,1
loco_perturbed_iso,global_stats,45,terminal,50%,111,55,0.4954954954954955,0.04963448013771664,0.0017153717577457414,0.0017153717577457414,0.004138477169813241,0.7069668556579849,0.05745094269514084,54,1,1
loco_perturbed_iso,global_stats,45,J,10%,111,11,0.0990990990990991,0.35085380453277715,0.011278599926806743,0.011278599926806743,0.00896445536094076,0.4428410254042367,0.3548948768215875,10,1,1
loco_perturbed_iso,global_stats,45,J,25%,111,27,0.24324324324324326,0.3510658793450322,0.004977858812766689,0.004977858812766689,0.008752380548685712,0.6374528745112769,0.35693539039542277,26,1,1
loco_perturbed_iso,global_stats,45,J,50%,111,55,0.4954954954954955,0.35332263647155326,0.0013588240917657979,0.0013588240917657979,0.0064956234221646425,0.8269994051961231,0.36139212020983297,54,1,1
loco_perturbed_iso,global_stats,46,terminal,10%,111,11,0.0990990990990991,0.04470295086503029,0.00563212348656221,0.00563212348656221,0.009070006442499591,0.6169178538254411,0.04840546101331711,10,1,1
loco_perturbed_iso,global_stats,46,terminal,25%,111,27,0.24324324324324326,0.045729939446405125,0.0019166941444079058,0.0019166941444079058,0.008043017861124754,0.807555264314553,0.051321692764759064,26,1,1
loco_perturbed_iso,global_stats,46,terminal,50%,111,55,0.4954954954954955,0.04929541572928429,0.001376307349313391,0.001376307349313391,0.004477541578245592,0.7648884748572932,0.053953126072883606,54,1,1
loco_perturbed_iso,global_stats,46,J,10%,111,11,0.0990990990990991,0.34967278885006,0.010097584244089575,0.010097584244089575,0.010145471043657928,0.501182795751127,0.35430225062494475,10,1,1
loco_perturbed_iso,global_stats,46,J,25%,111,27,0.24324324324324326,0.35102181136148214,0.004933790829216633,0.004933790829216633,0.008796448532235768,0.6406624313434598,0.3567929000593722,26,1,1
loco_perturbed_iso,global_stats,46,J,50%,111,55,0.4954954954954955,0.35332263647155326,0.0013588240917657979,0.0013588240917657979,0.0064956234221646425,0.8269994051961231,0.3608477226148049,54,1,1
loco_perturbed_iso,deepsets,42,terminal,10%,111,11,0.0990990990990991,0.044430379501797936,0.005359552123329857,0.005359552123329857,0.009342577805731944,0.6354574371747598,0.05076885223388672,10,1,1
loco_perturbed_iso,deepsets,42,terminal,25%,111,27,0.24324324324324326,0.04801316435138384,0.004199919049386623,0.004199919049386623,0.005759792956146037,0.578309187348635,0.054056357592344284,26,1,1
loco_perturbed_iso,deepsets,42,terminal,50%,111,55,0.4954954954954955,0.048984248394315894,0.0010651400143449966,0.0010651400143449966,0.004788708913213986,0.818044499008082,0.05676557496190071,54,1,1
loco_perturbed_iso,deepsets,42,J,10%,111,11,0.0990990990990991,0.34304108274253936,0.003465878136568956,0.003465878136568956,0.016777177151178546,0.8287868067688999,0.35124952091524997,10,1,1
loco_perturbed_iso,deepsets,42,J,25%,111,27,0.24324324324324326,0.3493002446644284,0.0032122241321628775,0.0032122241321628775,0.010518015229289523,0.7660474775712078,0.35667348075658084,26,1,1
loco_perturbed_iso,deepsets,42,J,50%,111,55,0.4954954954954955,0.3535117569825415,0.0015479446027540367,0.0015479446027540367,0.006306502911176404,0.8029212621245934,0.36228093719109894,54,1,1
loco_perturbed_iso,deepsets,43,terminal,10%,111,11,0.0990990990990991,0.04287908666513183,0.0038082592866637496,0.0038082592866637496,0.010893870642398051,0.7409722737427359,0.05083317682147026,10,1,1
loco_perturbed_iso,deepsets,43,terminal,25%,111,27,0.24324324324324326,0.04684205574017984,0.003028810438182622,0.003028810438182622,0.006930901567350038,0.6958937731833907,0.05330738425254822,26,1,1
loco_perturbed_iso,deepsets,43,terminal,50%,111,55,0.4954954954954955,0.049257412891496315,0.0013383045115254177,0.0013383045115254177,0.004515544416033565,0.771380415161571,0.055446479469537735,54,1,1
loco_perturbed_iso,deepsets,43,J,10%,111,11,0.0990990990990991,0.3429157444275916,0.0033405398216211912,0.0033405398216211912,0.01690251546612631,0.8349784766115262,0.3504399023018777,10,1,1
loco_perturbed_iso,deepsets,43,J,25%,111,27,0.24324324324324326,0.34945574102831295,0.003367720496047444,0.003367720496047444,0.010362518865404957,0.7547223753795358,0.35656936119000116,26,1,1
loco_perturbed_iso,deepsets,43,J,50%,111,55,0.4954954954954955,0.35295669714327566,0.0009928847634881888,0.0009928847634881888,0.006861562750442252,0.8735894839545068,0.36125746117904783,54,1,1
loco_perturbed_iso,deepsets,44,terminal,10%,111,11,0.0990990990990991,0.04218703034249219,0.003116202964024109,0.003116202964024109,0.011585926965037692,0.7880441147602505,0.04936373978853226,10,1,1
loco_perturbed_iso,deepsets,44,terminal,25%,111,27,0.24324324324324326,0.04674240049940569,0.0029291551974084673,0.0029291551974084673,0.007030556808124193,0.7058996087656642,0.051126878708601,26,1,1
loco_perturbed_iso,deepsets,44,terminal,50%,111,55,0.4954954954954955,0.04922604344107888,0.001306935061107982,0.001306935061107982,0.004546913866451001,0.7767391886464406,0.05465715005993843,54,1,1
loco_perturbed_iso,deepsets,44,J,10%,111,11,0.0990990990990991,0.34236964171357226,0.002794437107601855,0.002794437107601855,0.017448618180145647,0.861955763698712,0.3498729115041594,10,1,1
loco_perturbed_iso,deepsets,44,J,25%,111,27,0.24324324324324326,0.34965679285311957,0.0035687723208540634,0.0035687723208540634,0.010161467040598338,0.7400793804896527,0.3562270908926924,26,1,1
loco_perturbed_iso,deepsets,44,J,50%,111,55,0.4954954954954955,0.35276745238934054,0.0008036400095530749,0.0008036400095530749,0.0070508075043773655,0.8976834451910513,0.3615257971299191,54,1,1
loco_perturbed_iso,deepsets,45,terminal,10%,111,11,0.0990990990990991,0.04367620836604725,0.00460538098757917,0.00460538098757917,0.01009674894148263,0.6867541635259472,0.05237826704978943,10,1,1
loco_perturbed_iso,deepsets,45,terminal,25%,111,27,0.24324324324324326,0.0469383377995756,0.0031250924975783773,0.0031250924975783773,0.006834619507954283,0.6862266202233182,0.054806292057037354,26,1,1
loco_perturbed_iso,deepsets,45,terminal,50%,111,55,0.4954954954954955,0.049034199660474606,0.0011150912805037091,0.0011150912805037091,0.004738757647055274,0.8095114352449312,0.05912996456027031,54,1,1
loco_perturbed_iso,deepsets,45,J,10%,111,11,0.0990990990990991,0.3436058492794859,0.004030644673515493,0.004030644673515493,0.01621241061423201,0.8008875332195966,0.35376861051966746,10,1,1
loco_perturbed_iso,deepsets,45,J,25%,111,27,0.24324324324324326,0.3498265785303105,0.003738557998045011,0.003738557998045011,0.00999168136340739,0.7277135598567204,0.3574547098018229,26,1,1
loco_perturbed_iso,deepsets,45,J,50%,111,55,0.4954954954954955,0.35309581088071523,0.0011319985009277667,0.0011319985009277667,0.006722449013002674,0.8558780233848295,0.3624815392928819,54,1,1
loco_perturbed_iso,deepsets,46,terminal,10%,111,11,0.0990990990990991,0.042289299721067604,0.003218472342599525,0.003218472342599525,0.011483657586462276,0.7810880220669558,0.048761263489723206,10,1,1
loco_perturbed_iso,deepsets,46,terminal,25%,111,27,0.24324324324324326,0.04711375206157013,0.003300506759572913,0.003300506759572913,0.006659205245959747,0.668614237265147,0.05101696029305458,26,1,1
loco_perturbed_iso,deepsets,46,terminal,50%,111,55,0.4954954954954955,0.04892640547318892,0.0010072970932180209,0.0010072970932180209,0.004846551834340962,0.8279256766474059,0.053790491074323654,54,1,1
loco_perturbed_iso,deepsets,46,J,10%,111,11,0.0990990990990991,0.3430050900685742,0.00342988546260381,0.00342988546260381,0.016813169825143692,0.8305648325388997,0.3478179075134297,10,1,1
loco_perturbed_iso,deepsets,46,J,25%,111,27,0.24324324324324326,0.3493925105768866,0.003304490044621078,0.003304490044621078,0.010425749316831323,0.7593275719651019,0.35478341197595,26,1,1
loco_perturbed_iso,deepsets,46,J,50%,111,55,0.4954954954954955,0.3531573179618202,0.001193505582032739,0.001193505582032739,0.0066609419318977015,0.8480471630988724,0.3600320572964847,54,1,1
loco_perturbed_iso,capacity_matched_deepsets,42,terminal,10%,111,11,0.0990990990990991,0.04392781616611914,0.004856988787651062,0.004856988787651062,0.009845141141410739,0.6696404663075233,0.05102739855647087,10,1,1
loco_perturbed_iso,capacity_matched_deepsets,42,terminal,25%,111,27,0.24324324324324326,0.04732569955565311,0.003512454253655893,0.003512454253655893,0.006447257751876767,0.6473337530538322,0.0533488430082798,26,1,1
loco_perturbed_iso,capacity_matched_deepsets,42,terminal,50%,111,55,0.4954954954954955,0.04901619194583459,0.0010970835658636949,0.0010970835658636949,0.004756765361695288,0.8125876531082309,0.055979255586862564,54,1,1
loco_perturbed_iso,capacity_matched_deepsets,42,J,10%,111,11,0.0990990990990991,0.345014827368273,0.005439622762302587,0.005439622762302587,0.014803432525444915,0.7312844980670965,0.35064499064659077,10,1,1
loco_perturbed_iso,capacity_matched_deepsets,42,J,25%,111,27,0.24324324324324326,0.3486051707057122,0.0025171501734466695,0.0025171501734466695,0.011213089188005732,0.8166710639791496,0.35475338840236265,26,1,1
loco_perturbed_iso,capacity_matched_deepsets,42,J,50%,111,55,0.4954954954954955,0.3533577770880904,0.0013939647083029416,0.0013939647083029416,0.006460482805627499,0.8225254283218976,0.3606995204774042,54,1,1
loco_perturbed_iso,capacity_matched_deepsets,43,terminal,10%,111,11,0.0990990990990991,0.04257583177902482,0.0035050044005567396,0.0035050044005567396,0.011197125528505061,0.7615988691796027,0.05004590004682541,10,1,1
loco_perturbed_iso,capacity_matched_deepsets,43,terminal,25%,111,27,0.24324324324324326,0.04657012638118532,0.002756881079188103,0.002756881079188103,0.007202830926344557,0.7231967071280129,0.052843451499938965,26,1,1
loco_perturbed_iso,capacity_matched_deepsets,43,terminal,50%,111,55,0.4954954954954955,0.04862171079624783,0.0007026024162769332,0.0007026024162769332,0.00515124651128205,0.8799759910152116,0.05530722439289093,54,1,1
loco_perturbed_iso,capacity_matched_deepsets,43,J,10%,111,11,0.0990990990990991,0.3432407580852283,0.003665553479257899,0.003665553479257899,0.016577501808489603,0.8189229132088304,0.351092083286494,10,1,1
loco_perturbed_iso,capacity_matched_deepsets,43,J,25%,111,27,0.24324324324324326,0.3490724255261874,0.0029844049939218853,0.0029844049939218853,0.010745834367530516,0.7826399878868396,0.35594642062981924,26,1,1
loco_perturbed_iso,capacity_matched_deepsets,43,J,50%,111,55,0.4954954954954955,0.3532096548186559,0.0012458424388684386,0.0012458424388684386,0.006608605075062002,0.8413838227757146,0.3620537669397891,54,1,1
loco_perturbed_iso,capacity_matched_deepsets,44,terminal,10%,111,11,0.0990990990990991,0.04371328821236437,0.004642460833896293,0.004642460833896293,0.010059669095165508,0.6842320904320462,0.04966913163661957,10,1,1
loco_perturbed_iso,capacity_matched_deepsets,44,terminal,25%,111,27,0.24324324324324326,0.04727683147346532,0.0034635861714681013,0.0034635861714681013,0.006496125834064559,0.6522403288825956,0.05169873684644699,26,1,1
loco_perturbed_iso,capacity_matched_deepsets,44,terminal,50%,111,55,0.4954954954954955,0.049224563078446824,0.0013054546984759274,0.0013054546984759274,0.004548394229083055,0.7769920757042336,0.055286865681409836,54,1,1
loco_perturbed_iso,capacity_matched_deepsets,44,J,10%,111,11,0.0990990990990991,0.34501505860720166,0.005439854001231259,0.005439854001231259,0.014803201286516243,0.7312730749431962,0.35294465279827514,10,1,1
loco_perturbed_iso,capacity_matched_deepsets,44,J,25%,111,27,0.24324324324324326,0.3491413178945673,0.00305329736230181,0.00305329736230181,0.010676941999150591,0.7776224228927915,0.3575911992229521,26,1,1
loco_perturbed_iso,capacity_matched_deepsets,44,J,50%,111,55,0.4954954954954955,0.35339065670064007,0.001426844320852605,0.001426844320852605,0.0064276031930778355,0.8183393143410798,0.3635944304677347,54,1,1
loco_perturbed_iso,capacity_matched_deepsets,45,terminal,10%,111,11,0.0990990990990991,0.042180731892585754,0.0031099045141176757,0.0031099045141176757,0.011592225414944125,0.7884725186674955,0.05102590471506119,10,1,1
loco_perturbed_iso,capacity_matched_deepsets,45,terminal,25%,111,27,0.24324324324324326,0.04595012369531172,0.002136878393314501,0.002136878393314501,0.00782283361221816,0.7854477727742071,0.05308057740330696,26,1,1
loco_perturbed_iso,capacity_matched_deepsets,45,terminal,50%,111,55,0.4954954954954955,0.04878474128517238,0.0008656329052014813,0.0008656329052014813,0.0049882160223575014,0.8521258549864141,0.05545026808977127,54,1,1
loco_perturbed_iso,capacity_matched_deepsets,45,J,10%,111,11,0.0990990990990991,0.3426582161026696,0.003083011496699206,0.003083011496699206,0.017160043791048296,0.8477002876850681,0.34908710680902005,10,1,1
loco_perturbed_iso,capacity_matched_deepsets,45,J,25%,111,27,0.24324324324324326,0.3487990534346965,0.002711032902431021,0.002711032902431021,0.01101920645902138,0.802550208262047,0.3532703908160329,26,1,1
loco_perturbed_iso,capacity_matched_deepsets,45,J,50%,111,55,0.4954954954954955,0.3532108250130533,0.0012470126332658205,0.0012470126332658205,0.00660743488066462,0.841234837834978,0.35912150302901863,54,1,1
loco_perturbed_iso,capacity_matched_deepsets,46,terminal,10%,111,11,0.0990990990990991,0.04191950979557904,0.002848682417110962,0.002848682417110962,0.011853447511950839,0.8062401549397308,0.048149313777685165,10,1,1
loco_perturbed_iso,capacity_matched_deepsets,46,terminal,25%,111,27,0.24324324324324326,0.04745822744788947,0.0036449821458922477,0.0036449821458922477,0.0063147298596404125,0.6340273550211647,0.05001937970519066,26,1,1
loco_perturbed_iso,capacity_matched_deepsets,46,terminal,50%,111,55,0.4954954954954955,0.04899649701335213,0.001077388633381235,0.001077388633381235,0.004776460294177748,0.815952094645104,0.052753694355487823,54,1,1
loco_perturbed_iso,capacity_matched_deepsets,46,J,10%,111,11,0.0990990990990991,0.3469471094508965,0.007371904844926114,0.007371904844926114,0.012871150442821389,0.6358304247981726,0.3508961736535033,10,1,1
loco_perturbed_iso,capacity_matched_deepsets,46,J,25%,111,27,0.24324324324324326,0.34862952200051994,0.002541501468254437,0.002541501468254437,0.011188737893197964,0.8148975118824444,0.3569626943208277,26,1,1
loco_perturbed_iso,capacity_matched_deepsets,46,J,50%,111,55,0.4954954954954955,0.35381927024121546,0.0018554578614279893,0.0018554578614279893,0.005998989652502451,0.7637697803521892,0.36121429974834124,54,1,1
loco_perturbed_iso,gnn,42,terminal,10%,111,11,0.0990990990990991,0.04191950979557904,0.002848682417110962,0.002848682417110962,0.011853447511950839,0.8062401549397308,0.04775025323033333,10,1,1
loco_perturbed_iso,gnn,42,terminal,25%,111,27,0.24324324324324326,0.04625387765743114,0.0024406323554339235,0.0024406323554339235,0.007519079650098737,0.7549495051585686,0.050309568643569946,26,1,1
loco_perturbed_iso,gnn,42,terminal,50%,111,55,0.4954954954954955,0.04893939718604088,0.0010202888060699827,0.0010202888060699827,0.004833560121489,0.8257063312196824,0.054608963429927826,54,1,1
loco_perturbed_iso,gnn,42,J,10%,111,11,0.0990990990990991,0.3438020193638901,0.004226814757919695,0.004226814757919695,0.016016240529827808,0.7911967982185942,0.3496202160914739,10,1,1
loco_perturbed_iso,gnn,42,J,25%,111,27,0.24324324324324326,0.34893161678962686,0.0028435962573613582,0.0028435962573613582,0.010886643104091043,0.7928953616537273,0.3547335266135633,26,1,1
loco_perturbed_iso,gnn,42,J,50%,111,55,0.4954954954954955,0.3528869059969756,0.0009230936171881199,0.0009230936171881199,0.0069313538967423205,0.8824750416180202,0.3624827901211878,54,1,1
loco_perturbed_iso,gnn,43,terminal,10%,111,11,0.0990990990990991,0.04104669087312438,0.0019758634946563033,0.0019758634946563033,0.012726266434405498,0.8656069899946537,0.04752352088689804,10,1,1
loco_perturbed_iso,gnn,43,terminal,25%,111,27,0.24324324324324326,0.045980195342390624,0.0021669500403934047,0.0021669500403934047,0.0077927619651392555,0.7824284437953973,0.05189469829201698,26,1,1
loco_perturbed_iso,gnn,43,terminal,50%,111,55,0.4954954954954955,0.049113524705171586,0.0011944163252006895,0.0011944163252006895,0.004659432602358293,0.795960514187927,0.05574549362063408,54,1,1
loco_perturbed_iso,gnn,43,J,10%,111,11,0.0990990990990991,0.34166834751764935,0.002093142911678947,0.002093142911678947,0.018149912376068555,0.8965994568544274,0.3530940734781325,10,1,1
loco_perturbed_iso,gnn,43,J,25%,111,27,0.24324324324324326,0.34866678844102555,0.002578767908760049,0.002578767908760049,0.011151471452692352,0.8121833246403606,0.3569983114488423,26,1,1
loco_perturbed_iso,gnn,43,J,50%,111,55,0.4954954954954955,0.35303706039420585,0.001073248014418382,0.001073248014418382,0.006781199499512058,0.863357923964111,0.36173753906041384,54,1,1
loco_perturbed_iso,gnn,44,terminal,10%,111,11,0.0990990990990991,0.0426039533181624,0.0035331259396943204,0.0035331259396943204,0.01116900398936748,0.7596861164510343,0.04609493538737297,10,1,1
loco_perturbed_iso,gnn,44,terminal,25%,111,27,0.24324324324324326,0.04644689984895565,0.002633654546958429,0.002633654546958429,0.007326057458574231,0.7355692066702909,0.04948398843407631,26,1,1
loco_perturbed_iso,gnn,44,terminal,50%,111,55,0.4954954954954955,0.048922683230855246,0.0010035748508843492,0.0010035748508843492,0.0048502740766746336,0.8285615390312381,0.05481172353029251,54,1,1
loco_perturbed_iso,gnn,44,J,10%,111,11,0.0990990990990991,0.3453978575653199,0.0058226529593494725,0.0058226529593494725,0.01442040232839803,0.7123629374823797,0.34808069762463373,10,1,1
loco_perturbed_iso,gnn,44,J,25%,111,27,0.24324324324324326,0.3491967813905191,0.0031087608582535675,0.0031087608582535675,0.010621478503198833,0.7735829087596678,0.35323647332067293,26,1,1
loco_perturbed_iso,gnn,44,J,50%,111,55,0.4954954954954955,0.35328858018429443,0.0013247678045069655,0.0013247678045069655,0.006529679709423475,0.8313353291676604,0.3615198681441446,54,1,1
loco_perturbed_iso,gnn,45,terminal,10%,111,11,0.0990990990990991,0.04302694377574054,0.0039561163972724606,0.0039561163972724606,0.01074601353178934,0.7309154240670681,0.04676762595772743,10,1,1
loco_perturbed_iso,gnn,45,terminal,25%,111,27,0.24324324324324326,0.04673262671739967,0.0029193814154024472,0.0029193814154024472,0.007040330590130213,0.706880940555237,0.0502157099545002,26,1,1
loco_perturbed_iso,gnn,45,terminal,50%,111,55,0.4954954954954955,0.04903266138651154,0.0011135530065406463,0.0011135530065406463,0.0047402959210183365,0.8097742151666715,0.056003741919994354,54,1,1
loco_perturbed_iso,gnn,45,J,10%,111,11,0.0990990990990991,0.34218616026143234,0.002610955655461933,0.002610955655461933,0.01763209963228557,0.871019684610442,0.35019383281469346,10,1,1
loco_perturbed_iso,gnn,45,J,25%,111,27,0.24324324324324326,0.34782159785498623,0.0017335773227207252,0.0017335773227207252,0.011996662038731676,0.8737401965775092,0.3556744906430443,26,1,1
loco_perturbed_iso,gnn,45,J,50%,111,55,0.4954954954954955,0.35288461780909336,0.0009208054293058932,0.0009208054293058932,0.006933642084624547,0.8827663654671093,0.3612669792647163,54,1,1
loco_perturbed_iso,gnn,46,terminal,10%,111,11,0.0990990990990991,0.04336579076268456,0.004294963384216484,0.004294963384216484,0.010407166544845317,0.7078679480497176,0.049312982708215714,10,1,1
loco_perturbed_iso,gnn,46,terminal,25%,111,27,0.24324324324324326,0.04652249633714005,0.002709251035142829,0.002709251035142829,0.007250460970389831,0.7279789783441701,0.052275147289037704,26,1,1
loco_perturbed_iso,gnn,46,terminal,50%,111,55,0.4954954954954955,0.04888616529378024,0.0009670569138093416,0.0009670569138093416,0.004886792013749641,0.8347998170474484,0.055501438677310944,54,1,1
loco_perturbed_iso,gnn,46,J,10%,111,11,0.0990990990990991,0.34298642505750504,0.0034112204515346356,0.0034112204515346356,0.016831834836212867,0.831486877694824,0.3517621771432459,10,1,1
loco_perturbed_iso,gnn,46,J,25%,111,27,0.24324324324324326,0.3484602137307786,0.0023721931985131173,0.0023721931985131173,0.011358046162939284,0.8272285620035845,0.35580965985233587,26,1,1
loco_perturbed_iso,gnn,46,J,50%,111,55,0.4954954954954955,0.3526747455109249,0.0007109331311374589,0.0007109331311374589,0.0071435143827929815,0.9094865514249644,0.3617034534923732,54,1,1
loco_perturbed_iso,gnn_zero_edge_features,42,terminal,10%,111,11,0.0990990990990991,0.043980732560157776,0.004909905181689697,0.004909905181689697,0.009792224747372104,0.6660412331151928,0.04911430552601814,10,1,1
loco_perturbed_iso,gnn_zero_edge_features,42,terminal,25%,111,27,0.24324324324324326,0.0466416605092861,0.0028284152072888813,0.0028284152072888813,0.007131296798243779,0.7160143580740401,0.053247854113578796,26,1,1
loco_perturbed_iso,gnn_zero_edge_features,42,terminal,50%,111,55,0.4954954954954955,0.05000375448302789,0.002084646103056996,0.002084646103056996,0.003769202824501987,0.6438845400941565,0.056627556681632996,54,1,1
loco_perturbed_iso,gnn_zero_edge_features,42,J,10%,111,11,0.0990990990990991,0.34556771493375754,0.005992510327787137,0.005992510327787137,0.014250544959960365,0.7039720416406599,0.3523800540405015,10,1,1
loco_perturbed_iso,gnn_zero_edge_features,42,J,25%,111,27,0.24324324324324326,0.3498016719430409,0.003713651410775398,0.003713651410775398,0.010016587950677003,0.7295275549819283,0.35681528225541115,26,1,1
loco_perturbed_iso,gnn_zero_edge_features,42,J,50%,111,55,0.4954954954954955,0.352944475519612,0.0009806631398245336,0.0009806631398245336,0.006873784374105907,0.8751454971103626,0.36182425121466316,54,1,1
loco_perturbed_iso,gnn_zero_edge_features,43,terminal,10%,111,11,0.0990990990990991,0.04465685073624958,0.005586023357781501,0.005586023357781501,0.0091161065712803,0.62005346267961,0.05259392783045769,10,1,1
loco_perturbed_iso,gnn_zero_edge_features,43,terminal,25%,111,27,0.24324324324324326,0.04783910374950479,0.004025858447507573,0.004025858447507573,0.005933853558025087,0.5957856567267013,0.0552295558154583,26,1,1
loco_perturbed_iso,gnn_zero_edge_features,43,terminal,50%,111,55,0.4954954954954955,0.04913581067865545,0.0012167022986845563,0.0012167022986845563,0.0046371466288744265,0.7921534508763086,0.05749423801898956,54,1,1
loco_perturbed_iso,gnn_zero_edge_features,43,J,10%,111,11,0.0990990990990991,0.345080673968363,0.005505469362392601,0.005505469362392601,0.014737585925354901,0.7280316985685016,0.35132368408764403,10,1,1
loco_perturbed_iso,gnn_zero_edge_features,43,J,25%,111,27,0.24324324324324326,0.3493211831391594,0.00323316260689388,0.00323316260689388,0.01049707675455852,0.7645224877891806,0.3565203964089354,26,1,1
loco_perturbed_iso,gnn_zero_edge_features,43,J,50%,111,55,0.4954954954954955,0.3532719655408327,0.0013081531610452113,0.0013081531610452113,0.006546294352885229,0.8334506457997071,0.3615734999999404,54,1,1
loco_perturbed_iso,gnn_zero_edge_features,44,terminal,10%,111,11,0.0990990990990991,0.043376199562441216,0.004305372183973137,0.004305372183973137,0.010396757745088664,0.7071599690149195,0.04977942630648613,10,1,1
loco_perturbed_iso,gnn_zero_edge_features,44,terminal,25%,111,27,0.24324324324324326,0.046508270143358794,0.002695024841361575,0.002695024841361575,0.007264687164171085,0.7294073523547189,0.053052086383104324,26,1,1
loco_perturbed_iso,gnn_zero_edge_features,44,terminal,50%,111,55,0.4954954954954955,0.04971239905465733,0.0017932906746864347,0.0017932906746864347,0.004060558252872548,0.6936561402799601,0.05586782097816467,54,1,1
loco_perturbed_iso,gnn_zero_edge_features,44,J,10%,111,11,0.0990990990990991,0.34403264566578645,0.0044574410598160474,0.0044574410598160474,0.015785614227931455,0.7798039378712758,0.353222794054697,10,1,1
loco_perturbed_iso,gnn_zero_edge_features,44,J,25%,111,27,0.24324324324324326,0.34904856329070927,0.0029605427584437627,0.0029605427584437627,0.010769696603008638,0.7843779208427002,0.3564544152778884,26,1,1
loco_perturbed_iso,gnn_zero_edge_features,44,J,50%,111,55,0.4954954954954955,0.35284418376331983,0.0008803713835323634,0.0008803713835323634,0.006974076130398077,0.8879142827078594,0.3614579143623511,54,1,1
loco_perturbed_iso,gnn_zero_edge_features,45,terminal,10%,111,11,0.0990990990990991,0.04422856223854152,0.00515773486007344,0.00515773486007344,0.00954439506898836,0.6491845137432699,0.04869469255208969,10,1,1
loco_perturbed_iso,gnn_zero_edge_features,45,terminal,25%,111,27,0.24324324324324326,0.047153830252311846,0.003340584950314626,0.003340584950314626,0.006619127055218034,0.6645902061767531,0.05071747675538063,26,1,1
loco_perturbed_iso,gnn_zero_edge_features,45,terminal,50%,111,55,0.4954954954954955,0.05035361261530356,0.00243450423533266,0.00243450423533266,0.0034193446922263226,0.5841190530436472,0.05490607023239136,54,1,1
loco_perturbed_iso,gnn_zero_edge_features,45,J,10%,111,11,0.0990990990990991,0.3470062964172526,0.007431091811282209,0.007431091811282209,0.012811963476465293,0.6329066089257771,0.3509081811023255,10,1,1
loco_perturbed_iso,gnn_zero_edge_features,45,J,25%,111,27,0.24324324324324326,0.34956591784103236,0.003477897308766853,0.003477897308766853,0.010252342052685548,0.7466979841202888,0.3553342254211505,26,1,1
loco_perturbed_iso,gnn_zero_edge_features,45,J,50%,111,55,0.4954954954954955,0.35356932846039085,0.0016055160806033864,0.0016055160806033864,0.006248931433327054,0.7955914686862589,0.36199436662718654,54,1,1
loco_perturbed_iso,gnn_zero_edge_features,46,terminal,10%,111,11,0.0990990990990991,0.04365290261127732,0.004582075232809242,0.004582075232809242,0.010120054696252559,0.688339359336512,0.048970501869916916,10,1,1
loco_perturbed_iso,gnn_zero_edge_features,46,terminal,25%,111,27,0.24324324324324326,0.046973250806331635,0.003160005504334415,0.003160005504334415,0.006799706501198245,0.6827211969001695,0.05079478397965431,26,1,1
loco_perturbed_iso,gnn_zero_edge_features,46,terminal,50%,111,55,0.4954954954954955,0.04904633475975557,0.001127226379784671,0.001127226379784671,0.004726622547774312,0.8074384232094085,0.053972527384757996,54,1,1
loco_perturbed_iso,gnn_zero_edge_features,46,J,10%,111,11,0.0990990990990991,0.34221449070468996,0.002639286098719551,0.002639286098719551,0.01760376918902795,0.8696201704138491,0.35166514084363976,10,1,1
loco_perturbed_iso,gnn_zero_edge_features,46,J,25%,111,27,0.24324324324324326,0.34905149090437243,0.0029634703721069244,0.0029634703721069244,0.010766768989345477,0.7841646970535082,0.3558572445375224,26,1,1
loco_perturbed_iso,gnn_zero_edge_features,46,J,50%,111,55,0.4954954954954955,0.3527099902098152,0.0007461778300277278,0.0007461778300277278,0.007108269683902713,0.9049993231599898,0.3617835706410309,54,1,1
loco_perturbed_iso,gnn_mean,42,terminal,10%,111,11,0.0990990990990991,0.042648659511045975,0.003577832132577896,0.003577832132577896,0.011124297796483905,0.7566453194305153,0.051480866968631744,10,1,1
loco_perturbed_iso,gnn_mean,42,terminal,25%,111,27,0.24324324324324326,0.04651934129220468,0.0027060959902074633,0.0027060959902074633,0.007253616015325197,0.7282957590837751,0.054613884538412094,26,1,1
loco_perturbed_iso,gnn_mean,42,terminal,50%,111,55,0.4954954954954955,0.04929223412817175,0.0013731257482008513,0.0013731257482008513,0.0044807231793581315,0.76543198070309,0.05880006402730942,54,1,1
loco_perturbed_iso,gnn_mean,42,J,10%,111,11,0.0990990990990991,0.343127111173376,0.003551906567405616,0.003551906567405616,0.016691148720341886,0.8245370317416721,0.35053933536012966,10,1,1
loco_perturbed_iso,gnn_mean,42,J,25%,111,27,0.24324324324324326,0.34865542597562815,0.002567405443362647,0.002567405443362647,0.011162833918089754,0.8130108750637932,0.35710925760989387,26,1,1
loco_perturbed_iso,gnn_mean,42,J,50%,111,55,0.4954954954954955,0.3527388309625287,0.0007750185827412603,0.0007750185827412603,0.00707942893118918,0.901327422283145,0.36321133794263005,54,1,1
loco_perturbed_iso,gnn_mean,43,terminal,10%,111,11,0.0990990990990991,0.04196943545883352,0.0028986080803654404,0.0028986080803654404,0.01180352184869636,0.8028443433467595,0.04819114878773689,10,1,1
loco_perturbed_iso,gnn_mean,43,terminal,25%,111,27,0.24324324324324326,0.04684283349800993,0.0030295881960127127,0.0030295881960127127,0.0069301238095199474,0.6958156827898473,0.05303707718849182,26,1,1
loco_perturbed_iso,gnn_mean,43,terminal,50%,111,55,0.4954954954954955,0.04959933656183156,0.0016802281818606643,0.0016802281818606643,0.0041736207456983185,0.7129703546071339,0.05586087703704834,54,1,1
loco_perturbed_iso,gnn_mean,43,J,10%,111,11,0.0990990990990991,0.34470629173359185,0.005131087127621448,0.005131087127621448,0.015111968160126055,0.7465260527778563,0.3519229849179586,10,1,1
loco_perturbed_iso,gnn_mean,43,J,25%,111,27,0.24324324324324326,0.348421397437284,0.0023333769050185027,0.0023333769050185027,0.011396862456433898,0.830055628049031,0.35707187509785093,26,1,1
loco_perturbed_iso,gnn_mean,43,J,50%,111,55,0.4954954954954955,0.3529582309570502,0.0009944185772627345,0.0009944185772627345,0.006860028936667706,0.8733942043028412,0.36246626457820336,54,1,1
loco_perturbed_iso,gnn_mean,44,terminal,10%,111,11,0.0990990990990991,0.04284490340135314,0.003774076022885063,0.003774076022885063,0.010928053906176738,0.7432973289519894,0.05188758298754692,10,1,1
loco_perturbed_iso,gnn_mean,44,terminal,25%,111,27,0.24324324324324326,0.04551777560953741,0.0017045303075401905,0.0017045303075401905,0.00825518169799247,0.8288574703170818,0.055403485894203186,26,1,1
loco_perturbed_iso,gnn_mean,44,terminal,50%,111,55,0.4954954954954955,0.04881808100776239,0.0008989726277914903,0.0008989726277914903,0.0049548762997674925,0.8464305042859458,0.05909035727381706,54,1,1
loco_perturbed_iso,gnn_mean,44,J,10%,111,11,0.0990990990990991,0.3426669601576798,0.003091755551709374,0.003091755551709374,0.017151299736038128,0.847268334361527,0.35339448240896065,10,1,1
loco_perturbed_iso,gnn_mean,44,J,25%,111,27,0.24324324324324326,0.3492419729354205,0.0031539524031549693,0.0031539524031549693,0.010576286958297432,0.7702915207720501,0.35883631849040587,26,1,1
loco_perturbed_iso,gnn_mean,44,J,50%,111,55,0.4954954954954955,0.3531755481338637,0.0012117357540762375,0.0012117357540762375,0.006642711759854203,0.8457261631798882,0.36328332461416724,54,1,1
loco_perturbed_iso,gnn_mean,45,terminal,10%,111,11,0.0990990990990991,0.043328908695416016,0.004258081316947937,0.004258081316947937,0.010444048612113864,0.7103765687357341,0.04889300838112831,10,1,1
loco_perturbed_iso,gnn_mean,45,terminal,25%,111,27,0.24324324324324326,0.046704169638730864,0.002890924336733644,0.002890924336733644,0.007068787668799016,0.7097381595845619,0.052166640758514404,26,1,1
loco_perturbed_iso,gnn_mean,45,terminal,50%,111,55,0.4954954954954955,0.049605475907975975,0.0016863675280050783,0.0016863675280050783,0.0041674813995539045,0.7119215837521993,0.057039640843868256,54,1,1
loco_perturbed_iso,gnn_mean,45,J,10%,111,11,0.0990990990990991,0.34386156175116245,0.0042863571451920435,0.0042863571451920435,0.01595669814255546,0.7882554246746318,0.3527327872191866,10,1,1
loco_perturbed_iso,gnn_mean,45,J,25%,111,27,0.24324324324324326,0.34841529005954475,0.002327269527279241,0.002327269527279241,0.01140296983417316,0.8305004402317238,0.356221418765684,26,1,1
loco_perturbed_iso,gnn_mean,45,J,50%,111,55,0.4954954954954955,0.3531142578307878,0.0011504454510003481,0.0011504454510003481,0.006704002062930092,0.8535294240670718,0.3613170756337543,54,1,1
loco_perturbed_iso,gnn_mean,46,terminal,10%,111,11,0.0990990990990991,0.04090002788738771,0.0018292005089196317,0.0018292005089196317,0.01287292942014217,0.8755826184542256,0.0509779267013073,10,1,1
loco_perturbed_iso,gnn_mean,46,terminal,25%,111,27,0.24324324324324326,0.046308035513869035,0.0024947902118718154,0.0024947902118718154,0.007464921793660845,0.7495118121401553,0.053626202046871185,26,1,1
loco_perturbed_iso,gnn_mean,46,terminal,50%,111,55,0.4954954954954955,0.04882739877158945,0.0009082903916185561,0.0009082903916185561,0.004945558535940427,0.8448387714034657,0.0567404180765152,54,1,1
loco_perturbed_iso,gnn_mean,46,J,10%,111,11,0.0990990990990991,0.3417280910226206,0.0021528864166501793,0.0021528864166501793,0.018090168871097323,0.8936481481650028,0.3503412487606207,10,1,1
loco_perturbed_iso,gnn_mean,46,J,25%,111,27,0.24324324324324326,0.34866678722915645,0.002578766696890944,0.002578766696890944,0.011151472664561457,0.8121834129031412,0.3569953807319204,26,1,1
loco_perturbed_iso,gnn_mean,46,J,50%,111,55,0.4954954954954955,0.3526864584772424,0.0007226460974549265,0.0007226460974549265,0.007131801416475514,0.9079952986924592,0.36236853230123717,54,1,1
loco_plateau,fire_only,42,terminal,10%,103,10,0.0970873786407767,0.02895383443683386,0.0022532660514116287,0.0022532660514116287,0.09688236297659794,0.9772708755317929,0.05333137512207031,9,1,1
loco_plateau,fire_only,42,terminal,25%,103,25,0.24271844660194175,0.042219527626508165,0.0016634644960102293,0.0016634644960102293,0.08361666978692364,0.980494114954236,0.05594588816165924,13,19,12
loco_plateau,fire_only,42,terminal,50%,103,51,0.49514563106796117,0.0572696286162325,0.00013835961912192496,0.00013835961912192496,0.0685665687971993,0.9979861762131018,0.1071656122803688,50,1,1
loco_plateau,fire_only,42,J,10%,103,10,0.0970873786407767,0.32354684266106537,0.002267347564920752,0.002267347564920752,0.06559799269301364,0.9665904929334578,0.3480416842115422,9,1,1
loco_plateau,fire_only,42,J,25%,103,25,0.24271844660194175,0.34029749769286105,0.00429091749033117,0.00429091749033117,0.04884733766121796,0.9192499362635531,0.3541360176478824,16,19,9
loco_plateau,fire_only,42,J,50%,103,51,0.49514563106796117,0.3498039039411867,0.00042199451305879876,0.00042199451305879876,0.0393409314128923,0.9893872368988976,0.3802317187190056,50,1,1
loco_plateau,fire_only,43,terminal,10%,103,10,0.0970873786407767,0.02744301352649927,0.0007424451410770402,0.0007424451410770402,0.09839318388693252,0.9925108142414946,0.051375776529312134,9,1,1
loco_plateau,fire_only,43,terminal,25%,103,25,0.24271844660194175,0.042219527626508165,0.0016634644960102293,0.0016634644960102293,0.08361666978692364,0.980494114954236,0.05596989020705223,13,19,12
loco_plateau,fire_only,43,terminal,50%,103,51,0.49514563106796117,0.0572696286162325,0.00013835961912192496,0.00013835961912192496,0.0685665687971993,0.9979861762131018,0.11203492432832718,50,1,1
loco_plateau,fire_only,43,J,10%,103,10,0.0970873786407767,0.322008358843935,0.0007288637477904092,0.0007288637477904092,0.06713647651014398,0.9892601474475744,0.3434649941821893,9,1,1
loco_plateau,fire_only,43,J,25%,103,25,0.24271844660194175,0.34029749769286105,0.00429091749033117,0.00429091749033117,0.04884733766121796,0.9192499362635531,0.3531598835873107,16,19,9
loco_plateau,fire_only,43,J,50%,103,51,0.49514563106796117,0.3498039039411867,0.00042199451305879876,0.00042199451305879876,0.0393409314128923,0.9893872368988976,0.3817529528712233,50,1,1
loco_plateau,fire_only,44,terminal,10%,103,10,0.0970873786407767,0.02704231720417738,0.00034174881875514984,0.00034174881875514984,0.09879388020925442,0.9965527144770666,0.04924129694700241,9,1,1
loco_plateau,fire_only,44,terminal,25%,103,25,0.24271844660194175,0.042219527626508165,0.0016634644960102293,0.0016634644960102293,0.08361666978692364,0.980494114954236,0.05383621156215668,13,19,12
loco_plateau,fire_only,44,terminal,50%,103,51,0.49514563106796117,0.0572696286162325,0.00013835961912192496,0.00013835961912192496,0.0685665687971993,0.9979861762131018,0.10752564668655396,50,1,1
loco_plateau,fire_only,44,J,10%,103,10,0.0970873786407767,0.32354684266106537,0.002267347564920752,0.002267347564920752,0.06559799269301364,0.9665904929334578,0.34829444050167996,9,1,1
loco_plateau,fire_only,44,J,25%,103,25,0.24271844660194175,0.3397817955024279,0.0037752152998979938,0.0037752152998979938,0.049363039851651136,0.9289548501520954,0.3557403183852632,17,19,8
loco_plateau,fire_only,44,J,50%,103,51,0.49514563106796117,0.3498039039411867,0.00042199451305879876,0.00042199451305879876,0.0393409314128923,0.9893872368988976,0.3790110348413388,50,1,1
loco_plateau,fire_only,45,terminal,10%,103,10,0.0970873786407767,0.02895383443683386,0.0022532660514116287,0.0022532660514116287,0.09688236297659794,0.9772708755317929,0.0531449131667614,9,1,1
loco_plateau,fire_only,45,terminal,25%,103,25,0.24271844660194175,0.042219527626508165,0.0016634644960102293,0.0016634644960102293,0.08361666978692364,0.980494114954236,0.056483879685401917,13,19,12
loco_plateau,fire_only,45,terminal,50%,103,51,0.49514563106796117,0.0572696286162325,0.00013835961912192496,0.00013835961912192496,0.0685665687971993,0.9979861762131018,0.09872949123382568,50,1,1
loco_plateau,fire_only,45,J,10%,103,10,0.0970873786407767,0.322008358843935,0.0007288637477904092,0.0007288637477904092,0.06713647651014398,0.9892601474475744,0.34293876982604465,9,1,1
loco_plateau,fire_only,45,J,25%,103,25,0.24271844660194175,0.34029749769286105,0.00429091749033117,0.00429091749033117,0.04884733766121796,0.9192499362635531,0.35160340045889227,16,19,9
loco_plateau,fire_only,45,J,50%,103,51,0.49514563106796117,0.3498039039411867,0.00042199451305879876,0.00042199451305879876,0.0393409314128923,0.9893872368988976,0.37901676911860704,50,1,1
loco_plateau,fire_only,46,terminal,10%,103,10,0.0970873786407767,0.02744301352649927,0.0007424451410770402,0.0007424451410770402,0.09839318388693252,0.9925108142414946,0.05549979954957962,9,1,1
loco_plateau,fire_only,46,terminal,25%,103,25,0.24271844660194175,0.042219527626508165,0.0016634644960102293,0.0016634644960102293,0.08361666978692364,0.980494114954236,0.0588894821703434,13,19,12
loco_plateau,fire_only,46,terminal,50%,103,51,0.49514563106796117,0.0572696286162325,0.00013835961912192496,0.00013835961912192496,0.0685665687971993,0.9979861762131018,0.11151846498250961,50,1,1
loco_plateau,fire_only,46,J,10%,103,10,0.0970873786407767,0.322008358843935,0.0007288637477904092,0.0007288637477904092,0.06713647651014398,0.9892601474475744,0.34489768551041683,9,1,1
loco_plateau,fire_only,46,J,25%,103,25,0.24271844660194175,0.34029749769286105,0.00429091749033117,0.00429091749033117,0.04884733766121796,0.9192499362635531,0.35657233505820235,16,19,9
loco_plateau,fire_only,46,J,50%,103,51,0.49514563106796117,0.3498039039411867,0.00042199451305879876,0.00042199451305879876,0.0393409314128923,0.9893872368988976,0.3786752111588915,50,1,1
loco_plateau,global_stats,42,terminal,10%,103,10,0.0970873786407767,0.02744301352649927,0.0007424451410770402,0.0007424451410770402,0.09839318388693252,0.9925108142414946,0.04693557322025299,9,1,1
loco_plateau,global_stats,42,terminal,25%,103,25,0.24271844660194175,0.04109422169625759,0.0005381585657596583,0.0005381585657596583,0.0847419757171742,0.9936895201879701,0.05662931501865387,24,1,1
loco_plateau,global_stats,42,terminal,50%,103,51,0.49514563106796117,0.0572696286162325,0.00013835961912192496,0.00013835961912192496,0.0685665687971993,0.9979861762131018,0.11373451352119446,50,1,1
loco_plateau,global_stats,42,J,10%,103,10,0.0970873786407767,0.3232226311151559,0.0019431360190113045,0.0019431360190113045,0.06592220423892309,0.971367770180978,0.3468533743172884,9,1,1
loco_plateau,global_stats,42,J,25%,103,25,0.24271844660194175,0.3372173443287611,0.001210764126231223,0.001210764126231223,0.05192749102531791,0.9772148309578824,0.35570277081181606,24,1,1
loco_plateau,global_stats,42,J,50%,103,51,0.49514563106796117,0.3498039039411867,0.00042199451305879876,0.00042199451305879876,0.0393409314128923,0.9893872368988976,0.37784641919036704,50,1,1
loco_plateau,global_stats,43,terminal,10%,103,10,0.0970873786407767,0.02744301352649927,0.0007424451410770402,0.0007424451410770402,0.09839318388693252,0.9925108142414946,0.04824336618185043,9,1,1
loco_plateau,global_stats,43,terminal,25%,103,25,0.24271844660194175,0.04129702277481556,0.0007409596443176264,0.0007409596443176264,0.08453917463861624,0.9913114625047453,0.05507659167051315,24,1,1
loco_plateau,global_stats,43,terminal,50%,103,51,0.49514563106796117,0.0572696286162325,0.00013835961912192496,0.00013835961912192496,0.0685665687971993,0.9979861762131018,0.11590632051229477,50,1,1
loco_plateau,global_stats,43,J,10%,103,10,0.0970873786407767,0.3232226311151559,0.0019431360190113045,0.0019431360190113045,0.06592220423892309,0.971367770180978,0.34335891796896856,9,1,1
loco_plateau,global_stats,43,J,25%,103,25,0.24271844660194175,0.3372173443287611,0.001210764126231223,0.001210764126231223,0.05192749102531791,0.9772148309578824,0.3542498836914698,24,1,1
loco_plateau,global_stats,43,J,50%,103,51,0.49514563106796117,0.3498039039411867,0.00042199451305879876,0.00042199451305879876,0.0393409314128923,0.9893872368988976,0.3779836960757772,50,1,1
loco_plateau,global_stats,44,terminal,10%,103,10,0.0970873786407767,0.02744301352649927,0.0007424451410770402,0.0007424451410770402,0.09839318388693252,0.9925108142414946,0.05077539011836052,9,1,1
loco_plateau,global_stats,44,terminal,25%,103,25,0.24271844660194175,0.04127596817910671,0.0007199050486087766,0.0007199050486087766,0.08456022923432509,0.9915583499643615,0.058426789939403534,24,1,1
loco_plateau,global_stats,44,terminal,50%,103,51,0.49514563106796117,0.0572696286162325,0.00013835961912192496,0.00013835961912192496,0.0685665687971993,0.9979861762131018,0.12147481739521027,50,1,1
loco_plateau,global_stats,44,J,10%,103,10,0.0970873786407767,0.3232226311151559,0.0019431360190113045,0.0019431360190113045,0.06592220423892309,0.971367770180978,0.3456336812116206,9,1,1
loco_plateau,global_stats,44,J,25%,103,25,0.24271844660194175,0.3373373805098236,0.0013308003072937113,0.0013308003072937113,0.05180745484425542,0.974955889998678,0.356037653516978,24,1,1
loco_plateau,global_stats,44,J,50%,103,51,0.49514563106796117,0.3498039039411867,0.00042199451305879876,0.00042199451305879876,0.0393409314128923,0.9893872368988976,0.380384983556966,50,1,1
loco_plateau,global_stats,45,terminal,10%,103,10,0.0970873786407767,0.02744301352649927,0.0007424451410770402,0.0007424451410770402,0.09839318388693252,0.9925108142414946,0.04518335685133934,9,1,1
loco_plateau,global_stats,45,terminal,25%,103,25,0.24271844660194175,0.04129702277481556,0.0007409596443176264,0.0007409596443176264,0.08453917463861624,0.9913114625047453,0.05375700071454048,24,1,1
loco_plateau,global_stats,45,terminal,50%,103,51,0.49514563106796117,0.0572696286162325,0.00013835961912192496,0.00013835961912192496,0.0685665687971993,0.9979861762131018,0.1099797785282135,50,1,1
loco_plateau,global_stats,45,J,10%,103,10,0.0970873786407767,0.3232226311151559,0.0019431360190113045,0.0019431360190113045,0.06592220423892309,0.971367770180978,0.344754283875227,9,1,1
loco_plateau,global_stats,45,J,25%,103,25,0.24271844660194175,0.3372173443287611,0.001210764126231223,0.001210764126231223,0.05192749102531791,0.9772148309578824,0.3545090138912201,24,1,1
loco_plateau,global_stats,45,J,50%,103,51,0.49514563106796117,0.3498039039411867,0.00042199451305879876,0.00042199451305879876,0.0393409314128923,0.9893872368988976,0.3789137825369835,50,1,1
loco_plateau,global_stats,46,terminal,10%,103,10,0.0970873786407767,0.02744301352649927,0.0007424451410770402,0.0007424451410770402,0.09839318388693252,0.9925108142414946,0.04948991909623146,9,1,1
loco_plateau,global_stats,46,terminal,25%,103,25,0.24271844660194175,0.04152260176837444,0.0009665386378765045,0.0009665386378765045,0.08431359564505736,0.9886663096159086,0.05535850673913956,24,1,1
loco_plateau,global_stats,46,terminal,50%,103,51,0.49514563106796117,0.0572696286162325,0.00013835961912192496,0.00013835961912192496,0.0685665687971993,0.9979861762131018,0.1048954650759697,50,1,1
loco_plateau,global_stats,46,J,10%,103,10,0.0970873786407767,0.3232226311151559,0.0019431360190113045,0.0019431360190113045,0.06592220423892309,0.971367770180978,0.34815615359693763,9,1,1
loco_plateau,global_stats,46,J,25%,103,25,0.24271844660194175,0.3378922519329935,0.0018856717304636117,0.0018856717304636117,0.05125258342108552,0.9645138568233805,0.3567293878334264,24,1,1
loco_plateau,global_stats,46,J,50%,103,51,0.49514563106796117,0.3498039039411867,0.00042199451305879876,0.00042199451305879876,0.0393409314128923,0.9893872368988976,0.3771038111920158,50,1,1
loco_plateau,deepsets,42,terminal,10%,103,10,0.0970873786407767,0.02790041845291853,0.001199850067496299,0.001199850067496299,0.09793577896051327,0.9878968834992987,0.048498183488845825,9,1,1
loco_plateau,deepsets,42,terminal,25%,103,25,0.24271844660194175,0.04073236234486103,0.00017629921436309454,0.00017629921436309454,0.08510383506857078,0.997932704775321,0.05889088660478592,24,1,1
loco_plateau,deepsets,42,terminal,50%,103,51,0.49514563106796117,0.057131268997110574,0.0,0.0,0.06870492841632123,1.0,0.11491400003433228,50,1,1
loco_plateau,deepsets,42,J,10%,103,10,0.0970873786407767,0.32272056095612545,0.001441065859980828,0.001441065859980828,0.06642427439795356,0.9787658051296317,0.3349827477708459,9,1,1
loco_plateau,deepsets,42,J,25%,103,25,0.24271844660194175,0.3367592860373358,0.0007527058348059112,0.0007527058348059112,0.05238554931674322,0.9858349538828626,0.3532198666284482,24,1,1
loco_plateau,deepsets,42,J,50%,103,51,0.49514563106796117,0.34938190942812775,-1.6653345369377348e-16,0.0,0.039762925925951265,1.0000000000000042,0.37939104915906985,50,1,1
loco_plateau,deepsets,43,terminal,10%,103,10,0.0970873786407767,0.02670056838542223,0.0,0.0,0.09913562902800957,1.0,0.050511434674263,9,1,1
loco_plateau,deepsets,43,terminal,25%,103,25,0.24271844660194175,0.04091920770704746,0.00036314457654952614,0.00036314457654952614,0.08491698970638434,0.995741744784961,0.05883762985467911,24,1,1
loco_plateau,deepsets,43,terminal,50%,103,51,0.49514563106796117,0.057131268997110574,0.0,0.0,0.06870492841632123,1.0,0.11996259540319443,50,1,1
loco_plateau,deepsets,43,J,10%,103,10,0.0970873786407767,0.32369419174579284,0.002414696649648218,0.002414696649648218,0.06545064360828617,0.9644192950264342,0.33936421691129603,9,1,1
loco_plateau,deepsets,43,J,25%,103,25,0.24271844660194175,0.3365465132755538,0.0005399330730239127,0.0005399330730239127,0.05259832207852522,0.9898390891555615,0.35663218460977075,24,1,1
loco_plateau,deepsets,43,J,50%,103,51,0.49514563106796117,0.34938190942812775,-1.6653345369377348e-16,0.0,0.039762925925951265,1.0000000000000042,0.3791094732781251,50,1,1
loco_plateau,deepsets,44,terminal,10%,103,10,0.0970873786407767,0.03010729104280472,0.0034067226573824896,0.0034067226573824896,0.09572890637062709,0.9656357387269924,0.04815314710140228,9,1,1
loco_plateau,deepsets,44,terminal,25%,103,25,0.24271844660194175,0.04097771845757961,0.0004216553270816742,0.0004216553270816742,0.08485847895585219,0.9950556441939602,0.05473877117037773,24,1,1
loco_plateau,deepsets,44,terminal,50%,103,51,0.49514563106796117,0.0572696286162325,0.00013835961912192496,0.00013835961912192496,0.0685665687971993,0.9979861762131018,0.1166239008307457,50,1,1
loco_plateau,deepsets,44,J,10%,103,10,0.0970873786407767,0.3230447725020349,0.0017652774058902754,0.0017652774058902754,0.06610006285204412,0.9739885278821115,0.33398470785468815,9,1,1
loco_plateau,deepsets,44,J,25%,103,25,0.24271844660194175,0.3366681381513675,0.0006615579488375989,0.0006615579488375989,0.05247669720271153,0.9875502508136398,0.35161524716143805,24,1,1
loco_plateau,deepsets,44,J,50%,103,51,0.49514563106796117,0.34938190942812775,-1.6653345369377348e-16,0.0,0.039762925925951265,1.0000000000000042,0.38196780160069466,50,1,1
loco_plateau,deepsets,45,terminal,10%,103,10,0.0970873786407767,0.028128359094262124,0.0014277907088398947,0.0014277907088398947,0.09770783831916968,0.9855976027706801,0.04834859445691109,9,1,1
loco_plateau,deepsets,45,terminal,25%,103,25,0.24271844660194175,0.04115372233092785,0.0005976592004299161,0.0005976592004299161,0.08468247508250396,0.992991812155841,0.056839026510715485,24,1,1
loco_plateau,deepsets,45,terminal,50%,103,51,0.49514563106796117,0.057131268997110574,0.0,0.0,0.06870492841632123,1.0,0.12236025929450989,50,1,1
loco_plateau,deepsets,45,J,10%,103,10,0.0970873786407767,0.3228384174934278,0.001558922397283169,0.001558922397283169,0.06630641786065122,0.9770291817390409,0.3373287291576465,9,1,1
loco_plateau,deepsets,45,J,25%,103,25,0.24271844660194175,0.33658333605031177,0.0005767558477818846,0.0005767558477818846,0.052561499303767245,0.9891461274718752,0.35263728188971677,24,1,1
loco_plateau,deepsets,45,J,50%,103,51,0.49514563106796117,0.3497508630339129,0.00036895360578498293,0.00036895360578498293,0.039393972320166115,0.9907211655784066,0.37988815518716973,50,1,1
loco_plateau,deepsets,46,terminal,10%,103,10,0.0970873786407767,0.02670056838542223,0.0,0.0,0.09913562902800957,1.0,0.04362185299396515,9,1,1
loco_plateau,deepsets,46,terminal,25%,103,25,0.24271844660194175,0.040629343166947364,7.328003644942876e-05,7.328003644942876e-05,0.08520685424648444,0.9991407138712247,0.0526372492313385,24,1,1
loco_plateau,deepsets,46,terminal,50%,103,51,0.49514563106796117,0.057131268997110574,0.0,0.0,0.06870492841632123,1.0,0.10466822236776352,50,1,1
loco_plateau,deepsets,46,J,10%,103,10,0.0970873786407767,0.32272056095612545,0.001441065859980828,0.001441065859980828,0.06642427439795356,0.9787658051296317,0.3379299846477807,9,1,1
loco_plateau,deepsets,46,J,25%,103,25,0.24271844660194175,0.3371433057735364,0.001136725571006525,0.001136725571006525,0.052001529580542605,0.9786081502344288,0.35401877742260696,24,1,1
loco_plateau,deepsets,46,J,50%,103,51,0.49514563106796117,0.34938190942812775,-1.6653345369377348e-16,0.0,0.039762925925951265,1.0000000000000042,0.3802130633344253,50,1,1
loco_plateau,capacity_matched_deepsets,42,terminal,10%,103,10,0.0970873786407767,0.02749972213059664,0.0007991537451744087,0.0007991537451744087,0.09833647528283516,0.9919387837348708,0.05210452899336815,9,1,1
loco_plateau,capacity_matched_deepsets,42,terminal,25%,103,25,0.24271844660194175,0.0412036470323801,0.0006475839018821664,0.0006475839018821664,0.08463255038105169,0.9924063920943923,0.058780062943696976,24,1,1
loco_plateau,capacity_matched_deepsets,42,terminal,50%,103,51,0.49514563106796117,0.0572696286162325,0.00013835961912192496,0.00013835961912192496,0.0685665687971993,0.9979861762131018,0.11396893858909607,50,1,1
loco_plateau,capacity_matched_deepsets,42,J,10%,103,10,0.0970873786407767,0.32369419174579284,0.002414696649648218,0.002414696649648218,0.06545064360828617,0.9644192950264342,0.33610372707868613,9,1,1
loco_plateau,capacity_matched_deepsets,42,J,25%,103,25,0.24271844660194175,0.33654133629302185,0.0005347560904919724,0.0005347560904919724,0.05260349906105716,0.9899365139301834,0.35321391572554905,24,1,1
loco_plateau,capacity_matched_deepsets,42,J,50%,103,51,0.49514563106796117,0.34938190942812775,-1.6653345369377348e-16,0.0,0.039762925925951265,1.0000000000000042,0.3795217907677094,50,1,1
loco_plateau,capacity_matched_deepsets,43,terminal,10%,103,10,0.0970873786407767,0.028278804011642934,0.0015782356262207045,0.0015782356262207045,0.09755739340178887,0.9840800361918843,0.05000900477170944,9,1,1
loco_plateau,capacity_matched_deepsets,43,terminal,25%,103,25,0.24271844660194175,0.04142070733010769,0.000864644199609757,0.000864644199609757,0.08441549008332411,0.989861129946851,0.05739815533161163,24,1,1
loco_plateau,capacity_matched_deepsets,43,terminal,50%,103,51,0.49514563106796117,0.0572696286162325,0.00013835961912192496,0.00013835961912192496,0.0685665687971993,0.9979861762131018,0.11438340693712234,50,1,1
loco_plateau,capacity_matched_deepsets,43,J,10%,103,10,0.0970873786407767,0.3234494247039159,0.0021699296077712926,0.0021699296077712926,0.0656954106501631,0.9680259525772053,0.33950693955024086,9,1,1
loco_plateau,capacity_matched_deepsets,43,J,25%,103,25,0.24271844660194175,0.3363636191474895,0.0003570389449596423,0.0003570389449596423,0.05278121620658949,0.9932809433817242,0.3569110734388232,24,1,1
loco_plateau,capacity_matched_deepsets,43,J,50%,103,51,0.49514563106796117,0.34938190942812775,-1.6653345369377348e-16,0.0,0.039762925925951265,1.0000000000000042,0.3814797736083468,50,1,1
loco_plateau,capacity_matched_deepsets,44,terminal,10%,103,10,0.0970873786407767,0.028128359094262124,0.0014277907088398947,0.0014277907088398947,0.09770783831916968,0.9855976027706801,0.052979640662670135,9,1,1
loco_plateau,capacity_matched_deepsets,44,terminal,25%,103,25,0.24271844660194175,0.041015437468886376,0.00045937433838844077,0.00045937433838844077,0.08482075994454542,0.9946133487915911,0.0600159727036953,24,1,1
loco_plateau,capacity_matched_deepsets,44,terminal,50%,103,51,0.49514563106796117,0.057131268997110574,0.0,0.0,0.06870492841632123,1.0,0.13802343606948853,50,1,1
loco_plateau,capacity_matched_deepsets,44,J,10%,103,10,0.0970873786407767,0.3228384174934278,0.001558922397283169,0.001558922397283169,0.06630641786065122,0.9770291817390409,0.3381626168265939,9,1,1
loco_plateau,capacity_matched_deepsets,44,J,25%,103,25,0.24271844660194175,0.33648524402330326,0.000478663820773384,0.000478663820773384,0.052659591330775746,0.9909921050398014,0.3540423863567412,24,1,1
loco_plateau,capacity_matched_deepsets,44,J,50%,103,51,0.49514563106796117,0.3494058990291033,2.3989600975382608e-05,2.3989600975382608e-05,0.039738936324975715,0.9993966842123224,0.38747314338882766,50,1,1
loco_plateau,capacity_matched_deepsets,45,terminal,10%,103,10,0.0970873786407767,0.028128359094262124,0.0014277907088398947,0.0014277907088398947,0.09770783831916968,0.9855976027706801,0.047730591148138046,9,1,1
loco_plateau,capacity_matched_deepsets,45,terminal,25%,103,25,0.24271844660194175,0.041166228875517845,0.0006101657450199097,0.0006101657450199097,0.08466996853791395,0.992845159659393,0.05650046840310097,24,1,1
loco_plateau,capacity_matched_deepsets,45,terminal,50%,103,51,0.49514563106796117,0.057131268997110574,0.0,0.0,0.06870492841632123,1.0,0.116216741502285,50,1,1
loco_plateau,capacity_matched_deepsets,45,J,10%,103,10,0.0970873786407767,0.32202812530100344,0.0007486302048588245,0.0007486302048588245,0.06711671005307557,0.9889688874760884,0.33978760773316025,9,1,1
loco_plateau,capacity_matched_deepsets,45,J,25%,103,25,0.24271844660194175,0.3367680505886673,0.0007614703861374417,0.0007614703861374417,0.05237678476541169,0.985670015246723,0.35481733505924545,24,1,1
loco_plateau,capacity_matched_deepsets,45,J,50%,103,51,0.49514563106796117,0.3494058990291033,2.3989600975382608e-05,2.3989600975382608e-05,0.039738936324975715,0.9993966842123224,0.38365946598351003,50,1,1
loco_plateau,capacity_matched_deepsets,46,terminal,10%,103,10,0.0970873786407767,0.028128359094262124,0.0014277907088398947,0.0014277907088398947,0.09770783831916968,0.9855976027706801,0.04557917267084122,9,1,1
loco_plateau,capacity_matched_deepsets,46,terminal,25%,103,25,0.24271844660194175,0.04109201036393642,0.0005359472334384857,0.0005359472334384857,0.08474418704949538,0.9937154504041894,0.053922880440950394,24,1,1
loco_plateau,capacity_matched_deepsets,46,terminal,50%,103,51,0.49514563106796117,0.057131268997110574,0.0,0.0,0.06870492841632123,1.0,0.11561224609613419,50,1,1
loco_plateau,capacity_matched_deepsets,46,J,10%,103,10,0.0970873786407767,0.32369419174579284,0.002414696649648218,0.002414696649648218,0.06545064360828617,0.9644192950264342,0.33777725029115874,9,1,1
loco_plateau,capacity_matched_deepsets,46,J,25%,103,25,0.24271844660194175,0.336710264733682,0.0007036845311521045,0.0007036845311521045,0.052434570620397025,0.9867574776562532,0.3546110974314312,24,1,1
loco_plateau,capacity_matched_deepsets,46,J,50%,103,51,0.49514563106796117,0.34938190942812775,-1.6653345369377348e-16,0.0,0.039762925925951265,1.0000000000000042,0.38067773524671794,50,1,1
loco_plateau,gnn,42,terminal,10%,103,10,0.0970873786407767,0.02704231720417738,0.00034174881875514984,0.00034174881875514984,0.09879388020925442,0.9965527144770666,0.04432147741317749,9,1,1
loco_plateau,gnn,42,terminal,25%,103,25,0.24271844660194175,0.04061707966029644,6.101652979850769e-05,6.101652979850769e-05,0.08521911775313536,0.999284516490135,0.05319971218705177,24,1,1
loco_plateau,gnn,42,terminal,50%,103,51,0.49514563106796117,0.057131268997110574,0.0,0.0,0.06870492841632123,1.0,0.11783450096845627,50,1,1
loco_plateau,gnn,42,J,10%,103,10,0.0970873786407767,0.32272056095612545,0.001441065859980828,0.001441065859980828,0.06642427439795356,0.9787658051296317,0.33955692599217097,9,1,1
loco_plateau,gnn,42,J,25%,103,25,0.24271844660194175,0.3365053058676422,0.0004987256651123317,0.0004987256651123317,0.0526395294864368,0.99061456452249,0.3550210664359232,24,1,1
loco_plateau,gnn,42,J,50%,103,51,0.49514563106796117,0.3497043477420031,0.00032243831387518407,0.00032243831387518407,0.039440487612075914,0.9918909812000343,0.3824808387706677,50,1,1
loco_plateau,gnn,43,terminal,10%,103,10,0.0970873786407767,0.027581161446869375,0.0008805930614471449,0.0008805930614471449,0.09825503596656243,0.9911172898171823,0.047798629850149155,9,1,1
loco_plateau,gnn,43,terminal,25%,103,25,0.24271844660194175,0.04097771845757961,0.0004216553270816742,0.0004216553270816742,0.08485847895585219,0.9950556441939602,0.055932845920324326,24,1,1
loco_plateau,gnn,43,terminal,50%,103,51,0.49514563106796117,0.057131268997110574,0.0,0.0,0.06870492841632123,1.0,0.12037529796361923,50,1,1
loco_plateau,gnn,43,J,10%,103,10,0.0970873786407767,0.32218899824966984,0.0009095031535252263,0.0009095031535252263,0.06695583710440917,0.9865984145947181,0.34026999613270165,9,1,1
loco_plateau,gnn,43,J,25%,103,25,0.24271844660194175,0.3366774392450849,0.0006708590425550387,0.0006708590425550387,0.05246739610899409,0.9873752150754336,0.3523586254256467,24,1,1
loco_plateau,gnn,43,J,50%,103,51,0.49514563106796117,0.34943495033540173,5.304090727381583e-05,5.304090727381583e-05,0.03970988501867728,0.998666071320491,0.3812170182044307,50,1,1
loco_plateau,gnn,44,terminal,10%,103,10,0.0970873786407767,0.02744301352649927,0.0007424451410770402,0.0007424451410770402,0.09839318388693252,0.9925108142414946,0.05247806757688522,9,1,1
loco_plateau,gnn,44,terminal,25%,103,25,0.24271844660194175,0.04142070733010769,0.000864644199609757,0.000864644199609757,0.08441549008332411,0.989861129946851,0.06033452972769737,24,1,1
loco_plateau,gnn,44,terminal,50%,103,51,0.49514563106796117,0.057131268997110574,0.0,0.0,0.06870492841632123,1.0,0.1186547502875328,50,1,1
loco_plateau,gnn,44,J,10%,103,10,0.0970873786407767,0.32272056095612545,0.001441065859980828,0.001441065859980828,0.06642427439795356,0.9787658051296317,0.33914412365605434,9,1,1
loco_plateau,gnn,44,J,25%,103,25,0.24271844660194175,0.3365929206386209,0.0005863404360910152,0.0005863404360910152,0.052551914715458115,0.9889657566960227,0.35489572351798415,24,1,1
loco_plateau,gnn,44,J,50%,103,51,0.49514563106796117,0.34943495033540173,5.304090727381583e-05,5.304090727381583e-05,0.03970988501867728,0.998666071320491,0.37945516798645257,50,1,1
loco_plateau,gnn,45,terminal,10%,103,10,0.0970873786407767,0.02670056838542223,0.0,0.0,0.09913562902800957,1.0,0.04849841073155403,9,1,1
loco_plateau,gnn,45,terminal,25%,103,25,0.24271844660194175,0.04102190054953098,0.00046583741903304804,0.00046583741903304804,0.08481429686390082,0.994537562318001,0.057628873735666275,24,1,1
loco_plateau,gnn,45,terminal,50%,103,51,0.49514563106796117,0.057131268997110574,0.0,0.0,0.06870492841632123,1.0,0.1141732931137085,50,1,1
loco_plateau,gnn,45,J,10%,103,10,0.0970873786407767,0.32280000546015797,0.00152051036401335,0.00152051036401335,0.06634482989392104,0.9775951854328826,0.33845398273939886,9,1,1
loco_plateau,gnn,45,J,25%,103,25,0.24271844660194175,0.33659897101546327,0.0005923908129333855,0.0005923908129333855,0.052545864338615744,0.9888518956589015,0.35342937326058743,24,1,1
loco_plateau,gnn,45,J,50%,103,51,0.49514563106796117,0.34938190942812775,-1.6653345369377348e-16,0.0,0.039762925925951265,1.0000000000000042,0.38668744352956613,50,1,1
loco_plateau,gnn,46,terminal,10%,103,10,0.0970873786407767,0.027821399085223675,0.0011208306998014457,0.0011208306998014457,0.09801479832820813,0.9886939669340802,0.05153200030326843,9,1,1
loco_plateau,gnn,46,terminal,25%,103,25,0.24271844660194175,0.04061707966029644,6.101652979850769e-05,6.101652979850769e-05,0.08521911775313536,0.999284516490135,0.059726182371377945,24,1,1
loco_plateau,gnn,46,terminal,50%,103,51,0.49514563106796117,0.057131268997110574,0.0,0.0,0.06870492841632123,1.0,0.11483841389417648,50,1,1
loco_plateau,gnn,46,J,10%,103,10,0.0970873786407767,0.32218899824966984,0.0009095031535252263,0.0009095031535252263,0.06695583710440917,0.9865984145947181,0.33982930093382796,9,1,1
loco_plateau,gnn,46,J,25%,103,25,0.24271844660194175,0.3367554591335356,0.0007488789310057253,0.0007488789310057253,0.052389376220543404,0.9859069717500144,0.35443462571129203,24,1,1
loco_plateau,gnn,46,J,50%,103,51,0.49514563106796117,0.34938190942812775,-1.6653345369377348e-16,0.0,0.039762925925951265,1.0000000000000042,0.3845462424680591,50,1,1
loco_plateau,gnn_zero_edge_features,42,terminal,10%,103,10,0.0970873786407767,0.028128359094262124,0.0014277907088398947,0.0014277907088398947,0.09770783831916968,0.9855976027706801,0.04869185760617256,9,1,1
loco_plateau,gnn_zero_edge_features,42,terminal,25%,103,25,0.24271844660194175,0.04073236234486103,0.00017629921436309454,0.00017629921436309454,0.08510383506857078,0.997932704775321,0.05677112191915512,24,1,1
loco_plateau,gnn_zero_edge_features,42,terminal,50%,103,51,0.49514563106796117,0.057131268997110574,0.0,0.0,0.06870492841632123,1.0,0.1171363964676857,50,1,1
loco_plateau,gnn_zero_edge_features,42,J,10%,103,10,0.0970873786407767,0.32316262903933723,0.0018831339431926164,0.0018831339431926164,0.06598220631474178,0.9722519044915205,0.3328916900791228,9,1,1
loco_plateau,gnn_zero_edge_features,42,J,25%,103,25,0.24271844660194175,0.33648524402330326,0.000478663820773384,0.000478663820773384,0.052659591330775746,0.9909921050398014,0.3533697854106625,24,1,1
loco_plateau,gnn_zero_edge_features,42,J,50%,103,51,0.49514563106796117,0.34938190942812775,-1.6653345369377348e-16,0.0,0.039762925925951265,1.0000000000000042,0.38159813849876323,50,1,1
loco_plateau,gnn_zero_edge_features,43,terminal,10%,103,10,0.0970873786407767,0.028870804235339165,0.002170235849916935,0.002170235849916935,0.09696539317809263,0.9781084170121747,0.051371704787015915,9,1,1
loco_plateau,gnn_zero_edge_features,43,terminal,25%,103,25,0.24271844660194175,0.04166639067232609,0.001110327541828153,0.001110327541828153,0.08416980674110572,0.9869802322526321,0.06013515591621399,24,1,1
loco_plateau,gnn_zero_edge_features,43,terminal,50%,103,51,0.49514563106796117,0.0572696286162325,0.00013835961912192496,0.00013835961912192496,0.0685665687971993,0.9979861762131018,0.11406948417425156,50,1,1
loco_plateau,gnn_zero_edge_features,43,J,10%,103,10,0.0970873786407767,0.32218899824966984,0.0009095031535252263,0.0009095031535252263,0.06695583710440917,0.9865984145947181,0.3367114112402002,9,1,1
loco_plateau,gnn_zero_edge_features,43,J,25%,103,25,0.24271844660194175,0.3365889152574042,0.0005823350548743167,0.0005823350548743167,0.05255592009667481,0.9890411333000395,0.35425794205317895,24,1,1
loco_plateau,gnn_zero_edge_features,43,J,50%,103,51,0.49514563106796117,0.34938190942812775,-1.6653345369377348e-16,0.0,0.039762925925951265,1.0000000000000042,0.37859145856151977,50,1,1
loco_plateau,gnn_zero_edge_features,44,terminal,10%,103,10,0.0970873786407767,0.02670056838542223,0.0,0.0,0.09913562902800957,1.0,0.04782099649310112,9,1,1
loco_plateau,gnn_zero_edge_features,44,terminal,25%,103,25,0.24271844660194175,0.04235767997801304,0.0018016168475151056,0.0018016168475151056,0.08347851743541876,0.9788741321450329,0.057475171983242035,24,1,1
loco_plateau,gnn_zero_edge_features,44,terminal,50%,103,51,0.49514563106796117,0.0572696286162325,0.00013835961912192496,0.00013835961912192496,0.0685665687971993,0.9979861762131018,0.11986257135868073,50,1,1
loco_plateau,gnn_zero_edge_features,44,J,10%,103,10,0.0970873786407767,0.3230447725020349,0.0017652774058902754,0.0017652774058902754,0.06610006285204412,0.9739885278821115,0.3360740550793707,9,1,1
loco_plateau,gnn_zero_edge_features,44,J,25%,103,25,0.24271844660194175,0.33652724378059307,0.0005206635780631852,0.0005206635780631852,0.052617591573485945,0.9902017185814953,0.35617786006381114,24,1,1
loco_plateau,gnn_zero_edge_features,44,J,50%,103,51,0.49514563106796117,0.34938190942812775,-1.6653345369377348e-16,0.0,0.039762925925951265,1.0000000000000042,0.3812343080838521,50,1,1
loco_plateau,gnn_zero_edge_features,45,terminal,10%,103,10,0.0970873786407767,0.028529055416584015,0.0018284870311617851,0.0018284870311617851,0.09730714199684778,0.981555702535108,0.048267558217048645,9,1,1
loco_plateau,gnn_zero_edge_features,45,terminal,25%,103,25,0.24271844660194175,0.0419469691067934,0.001390905976295466,0.001390905976295466,0.08388922830663839,0.9836901526012979,0.05634491145610809,24,1,1
loco_plateau,gnn_zero_edge_features,45,terminal,50%,103,51,0.49514563106796117,0.057131268997110574,0.0,0.0,0.06870492841632123,1.0,0.11663415282964706,50,1,1
loco_plateau,gnn_zero_edge_features,45,J,10%,103,10,0.0970873786407767,0.32340327052089074,0.0021237754247461216,0.0021237754247461216,0.06574156483318827,0.9687060373281217,0.34114471869543195,9,1,1
loco_plateau,gnn_zero_edge_features,45,J,25%,103,25,0.24271844660194175,0.3369628328395386,0.0009562526370087143,0.0009562526370087143,0.052182002514540415,0.9820044404114983,0.35447959064816437,24,1,1
loco_plateau,gnn_zero_edge_features,45,J,50%,103,51,0.49514563106796117,0.3497508630339129,0.00036895360578498293,0.00036895360578498293,0.039393972320166115,0.9907211655784066,0.3853956605618199,50,1,1
loco_plateau,gnn_zero_edge_features,46,terminal,10%,103,10,0.0970873786407767,0.02704231720417738,0.00034174881875514984,0.00034174881875514984,0.09879388020925442,0.9965527144770666,0.04958096891641617,9,1,1
loco_plateau,gnn_zero_edge_features,46,terminal,25%,103,25,0.24271844660194175,0.04158153660595417,0.0010254734754562359,0.0010254734754562359,0.08425466080747762,0.9879752361546005,0.05481322854757309,24,1,1
loco_plateau,gnn_zero_edge_features,46,terminal,50%,103,51,0.49514563106796117,0.057131268997110574,0.0,0.0,0.06870492841632123,1.0,0.11119136959314346,50,1,1
loco_plateau,gnn_zero_edge_features,46,J,10%,103,10,0.0970873786407767,0.32272056095612545,0.001441065859980828,0.001441065859980828,0.06642427439795356,0.9787658051296317,0.3375702481716871,9,1,1
loco_plateau,gnn_zero_edge_features,46,J,25%,103,25,0.24271844660194175,0.3368878550541898,0.0008812748516598967,0.0008812748516598967,0.05225698029988923,0.9834154349037897,0.35317205591127276,24,1,1
loco_plateau,gnn_zero_edge_features,46,J,50%,103,51,0.49514563106796117,0.3494058990291033,2.3989600975382608e-05,2.3989600975382608e-05,0.039738936324975715,0.9993966842123224,0.3809354205926259,50,1,1
loco_plateau,gnn_mean,42,terminal,10%,103,10,0.0970873786407767,0.02744301352649927,0.0007424451410770402,0.0007424451410770402,0.09839318388693252,0.9925108142414946,0.045028407126665115,9,1,1
loco_plateau,gnn_mean,42,terminal,25%,103,25,0.24271844660194175,0.04098998196423054,0.0004339188337326022,0.0004339188337326022,0.08484621544920126,0.9949118415750497,0.05337730422616005,24,1,1
loco_plateau,gnn_mean,42,terminal,50%,103,51,0.49514563106796117,0.057131268997110574,0.0,0.0,0.06870492841632123,1.0,0.10923218727111816,50,1,1
loco_plateau,gnn_mean,42,J,10%,103,10,0.0970873786407767,0.32181105780260016,0.0005315627064555462,0.0005315627064555462,0.06733377755147885,0.9921673905349144,0.3398352803041538,9,1,1
loco_plateau,gnn_mean,42,J,25%,103,25,0.24271844660194175,0.33716667064030964,0.0011600904377797594,0.0011600904377797594,0.05197816471376937,0.9781684506863989,0.3532963168186446,24,1,1
loco_plateau,gnn_mean,42,J,50%,103,51,0.49514563106796117,0.3494425443713278,6.063494319991092e-05,6.063494319991092e-05,0.03970229098275119,0.9984750884954284,0.3817408446222544,50,1,1
loco_plateau,gnn_mean,43,terminal,10%,103,10,0.0970873786407767,0.02670056838542223,0.0,0.0,0.09913562902800957,1.0,0.05078674852848053,9,1,1
loco_plateau,gnn_mean,43,terminal,25%,103,25,0.24271844660194175,0.04080528922379017,0.0002492260932922333,0.0002492260932922333,0.08503090818964162,0.9970775597929362,0.05872729793190956,24,1,1
loco_plateau,gnn_mean,43,terminal,50%,103,51,0.49514563106796117,0.0572696286162325,0.00013835961912192496,0.00013835961912192496,0.0685665687971993,0.9979861762131018,0.11754458397626877,50,1,1
loco_plateau,gnn_mean,43,J,10%,103,10,0.0970873786407767,0.32272056095612545,0.001441065859980828,0.001441065859980828,0.06642427439795356,0.9787658051296317,0.34074659235775473,9,1,1
loco_plateau,gnn_mean,43,J,25%,103,25,0.24271844660194175,0.3363257494717836,0.00031916926925373845,0.00031916926925373845,0.05281908588229539,0.99399360652051,0.35338274060438074,24,1,1
loco_plateau,gnn_mean,43,J,50%,103,51,0.49514563106796117,0.34943495033540173,5.304090727381583e-05,5.304090727381583e-05,0.03970988501867728,0.998666071320491,0.38062231813867886,50,1,1
loco_plateau,gnn_mean,44,terminal,10%,103,10,0.0970873786407767,0.02670056838542223,0.0,0.0,0.09913562902800957,1.0,0.04799768701195717,9,1,1
loco_plateau,gnn_mean,44,terminal,25%,103,25,0.24271844660194175,0.0417956256121397,0.0012395624816417677,0.0012395624816417677,0.0840405718012921,0.985464815550955,0.05770321562886238,24,1,1
loco_plateau,gnn_mean,44,terminal,50%,103,51,0.49514563106796117,0.057131268997110574,0.0,0.0,0.06870492841632123,1.0,0.11537928134202957,50,1,1
loco_plateau,gnn_mean,44,J,10%,103,10,0.0970873786407767,0.32272056095612545,0.001441065859980828,0.001441065859980828,0.06642427439795356,0.9787658051296317,0.33629289188732703,9,1,1
loco_plateau,gnn_mean,44,J,25%,103,25,0.24271844660194175,0.3363403525327643,0.00033377233023440533,0.00033377233023440533,0.052804482821314724,0.9937187939407778,0.35563930524513127,24,1,1
loco_plateau,gnn_mean,44,J,50%,103,51,0.49514563106796117,0.34943495033540173,5.304090727381583e-05,5.304090727381583e-05,0.03970988501867728,0.998666071320491,0.38049596032748617,50,1,1
loco_plateau,gnn_mean,45,terminal,10%,103,10,0.0970873786407767,0.02704231720417738,0.00034174881875514984,0.00034174881875514984,0.09879388020925442,0.9965527144770666,0.046404313296079636,9,1,1
loco_plateau,gnn_mean,45,terminal,25%,103,25,0.24271844660194175,0.041553666666150096,0.0009976035356521612,0.0009976035356521612,0.0842825307472817,0.9883020407502829,0.055641818791627884,24,1,1
loco_plateau,gnn_mean,45,terminal,50%,103,51,0.49514563106796117,0.057131268997110574,0.0,0.0,0.06870492841632123,1.0,0.11434140801429749,50,1,1
loco_plateau,gnn_mean,45,J,10%,103,10,0.0970873786407767,0.32181105780260016,0.0005315627064555462,0.0005315627064555462,0.06733377755147885,0.9921673905349144,0.3400911982792119,9,1,1
loco_plateau,gnn_mean,45,J,25%,103,25,0.24271844660194175,0.33648552582412955,0.000478945621599669,0.000478945621599669,0.05265930952994946,0.9909868018768451,0.35148561950773,24,1,1
loco_plateau,gnn_mean,45,J,50%,103,51,0.49514563106796117,0.34943495033540173,5.304090727381583e-05,5.304090727381583e-05,0.03970988501867728,0.998666071320491,0.3817003514617682,50,1,1
loco_plateau,gnn_mean,46,terminal,10%,103,10,0.0970873786407767,0.02670056838542223,0.0,0.0,0.09913562902800957,1.0,0.047071851789951324,9,1,1
loco_plateau,gnn_mean,46,terminal,25%,103,25,0.24271844660194175,0.0424770300835371,0.0019209669530391646,0.0019209669530391646,0.0833591673298947,0.9774746256066393,0.05463496595621109,24,1,1
loco_plateau,gnn_mean,46,terminal,50%,103,51,0.49514563106796117,0.057131268997110574,0.0,0.0,0.06870492841632123,1.0,0.11561884731054306,50,1,1
loco_plateau,gnn_mean,46,J,10%,103,10,0.0970873786407767,0.32270079449905703,0.0014212994029124126,0.0014212994029124126,0.06644404085502198,0.9790570651011178,0.3353594661069413,9,1,1
loco_plateau,gnn_mean,46,J,25%,103,25,0.24271844660194175,0.33626407799497243,0.00025749779244255144,0.00025749779244255144,0.05288075735910658,0.9951541918019668,0.3540007941114406,24,1,1
loco_plateau,gnn_mean,46,J,50%,103,51,0.49514563106796117,0.34951550350250565,0.00013359407437774085,0.00013359407437774085,0.03962933185157336,0.9966402353130017,0.38215534097204606,50,1,1
loco_decay,fire_only,42,terminal,10%,113,11,0.09734513274336283,0.11811150442470203,0.01285559245131232,0.01285559245131232,0.13225252138278415,0.9114067979271632,0.10078423470258713,5,25,6
loco_decay,fire_only,42,terminal,25%,113,28,0.24778761061946902,0.12101856623377119,0.004447085825460301,0.004447085825460301,0.129345459573715,0.9667613332851076,0.10078423470258713,5,25,23
loco_decay,fire_only,42,terminal,50%,113,56,0.49557522123893805,0.13734968392444508,0.00036798976361751556,0.00036798976361751556,0.1130143418830411,0.996754434678903,0.18274368345737457,55,1,1
loco_decay,fire_only,42,J,10%,113,11,0.09734513274336283,0.36864185925753734,0.013892336368786617,0.013892336368786617,0.053566854120483676,0.7940631029215173,0.36908285388102136,9,25,2
loco_decay,fire_only,42,J,25%,113,28,0.24778761061946902,0.3699179369398348,0.007623561979138493,0.007623561979138493,0.05229077643818619,0.8727589725511501,0.36908285388102136,9,25,19
loco_decay,fire_only,42,J,50%,113,56,0.49557522123893805,0.3728593193693087,0.001049755797499774,0.001049755797499774,0.0493493940087123,0.979171160594253,0.3948374006897211,55,1,1
loco_decay,fire_only,43,terminal,10%,113,11,0.09734513274336283,0.12026517106728121,0.015009259093891503,0.015009259093891503,0.13009885474020497,0.8965649907692155,0.1014917865395546,1,25,10
loco_decay,fire_only,43,terminal,25%,113,28,0.24778761061946902,0.12196343046213899,0.005391950053828101,0.005391950053828101,0.1284005953453472,0.9596991742870203,0.10204378515481949,27,1,1
loco_decay,fire_only,43,terminal,50%,113,56,0.49557522123893805,0.13734968392444508,0.00036798976361751556,0.00036798976361751556,0.1130143418830411,0.996754434678903,0.19543427228927612,55,1,1
loco_decay,fire_only,43,J,10%,113,11,0.09734513274336283,0.36864185925753734,0.013892336368786617,0.013892336368786617,0.053566854120483676,0.7940631029215173,0.368756154862543,9,25,2
loco_decay,fire_only,43,J,25%,113,28,0.24778761061946902,0.3699179369398348,0.007623561979138493,0.007623561979138493,0.05229077643818619,0.8727589725511501,0.368756154862543,9,25,19
loco_decay,fire_only,43,J,50%,113,56,0.49557522123893805,0.37249544533080464,0.0006858817589956989,0.0006858817589956989,0.049713268047216375,0.9863910053714605,0.3932964706172546,55,1,1
loco_decay,fire_only,44,terminal,10%,113,11,0.09734513274336283,0.12026517106728121,0.015009259093891503,0.015009259093891503,0.13009885474020497,0.8965649907692155,0.09040843695402145,1,25,10
loco_decay,fire_only,44,terminal,25%,113,28,0.24778761061946902,0.12196343046213899,0.005391950053828101,0.005391950053828101,0.1284005953453472,0.9596991742870203,0.095235675573349,27,1,1
loco_decay,fire_only,44,terminal,50%,113,56,0.49557522123893805,0.13734968392444508,0.00036798976361751556,0.00036798976361751556,0.1130143418830411,0.996754434678903,0.19001807272434235,55,1,1
loco_decay,fire_only,44,J,10%,113,11,0.09734513274336283,0.3673613225932826,0.012611799704531856,0.012611799704531856,0.05484739078473844,0.8130454929408347,0.3660488175228238,8,25,3
loco_decay,fire_only,44,J,25%,113,28,0.24778761061946902,0.36941486896459186,0.007120494003895528,0.007120494003895528,0.05279384441342916,0.8811554263639072,0.3660488175228238,8,25,20
loco_decay,fire_only,44,J,50%,113,56,0.49557522123893805,0.37249544533080464,0.0006858817589956989,0.0006858817589956989,0.049713268047216375,0.9863910053714605,0.39024210212131344,55,1,1
loco_decay,fire_only,45,terminal,10%,113,11,0.09734513274336283,0.11912755958058617,0.01387164760719646,0.01387164760719646,0.1312364662269,0.9044047418116394,0.1165381595492363,2,25,9
loco_decay,fire_only,45,terminal,25%,113,28,0.24778761061946902,0.1213789741907801,0.0048074937824692104,0.0048074937824692104,0.1289850516167061,0.9640675512366862,0.11774563789367676,27,1,1
loco_decay,fire_only,45,terminal,50%,113,56,0.49557522123893805,0.13734968392444508,0.00036798976361751556,0.00036798976361751556,0.1130143418830411,0.996754434678903,0.19967976212501526,55,1,1
loco_decay,fire_only,45,J,10%,113,11,0.09734513274336283,0.37035709695969565,0.01560757407094493,0.01560757407094493,0.051851616418325364,0.7686368016315377,0.3684725559627017,7,25,4
loco_decay,fire_only,45,J,25%,113,28,0.24778761061946902,0.3705917803228256,0.008297405362129251,0.008297405362129251,0.051616933055195435,0.861512192551725,0.3684725559627017,7,25,21
loco_decay,fire_only,45,J,50%,113,56,0.49557522123893805,0.37249544533080464,0.0006858817589956989,0.0006858817589956989,0.049713268047216375,0.9863910053714605,0.39695256799459455,55,1,1
loco_decay,fire_only,46,terminal,10%,113,11,0.09734513274336283,0.11990217566490173,0.014646263691512021,0.014646263691512021,0.13046185014258443,0.899066542148999,0.11275175958871841,6,25,5
loco_decay,fire_only,46,terminal,25%,113,28,0.24778761061946902,0.1217220442209925,0.005150563812681613,0.005150563812681613,0.12864198158649368,0.9615033573259654,0.11275175958871841,6,25,22
loco_decay,fire_only,46,terminal,50%,113,56,0.49557522123893805,0.13734968392444508,0.00036798976361751556,0.00036798976361751556,0.1130143418830411,0.996754434678903,0.17427459359169006,55,1,1
loco_decay,fire_only,46,J,10%,113,11,0.09734513274336283,0.36864185925753734,0.013892336368786617,0.013892336368786617,0.053566854120483676,0.7940631029215173,0.3699831754590074,9,25,2
loco_decay,fire_only,46,J,25%,113,28,0.24778761061946902,0.3699179369398348,0.007623561979138493,0.007623561979138493,0.05229077643818619,0.8727589725511501,0.3699831754590074,9,25,19
loco_decay,fire_only,46,J,50%,113,56,0.49557522123893805,0.37249544533080464,0.0006858817589956989,0.0006858817589956989,0.049713268047216375,0.9863910053714605,0.39320475061734517,55,1,1
loco_decay,global_stats,42,terminal,10%,113,11,0.09734513274336283,0.11075452715158463,0.0054986151781949155,0.0054986151781949155,0.13960949865590155,0.9621067696842815,0.09697884321212769,10,1,1
loco_decay,global_stats,42,terminal,25%,113,28,0.24778761061946902,0.11691094535802092,0.0003394649497100305,0.0003394649497100305,0.13345308044946524,0.9974627513909894,0.11190059781074524,27,1,1
loco_decay,global_stats,42,terminal,50%,113,56,0.49557522123893805,0.13729569675134762,0.0003140025905200572,0.0003140025905200572,0.11306832905613856,0.9972305862301492,0.1756044626235962,55,1,1
loco_decay,global_stats,42,J,10%,113,11,0.09734513274336283,0.3598204482854767,0.005070925396725989,0.005070925396725989,0.062388265092544304,0.9248297324656966,0.36203270964324474,10,1,1
loco_decay,global_stats,42,J,25%,113,28,0.24778761061946902,0.36462759419477414,0.00233321923407781,0.00233321923407781,0.057581119183246876,0.9610574147072091,0.3671271494900187,27,1,1
loco_decay,global_stats,42,J,50%,113,56,0.49557522123893805,0.37249544533080464,0.0006858817589956989,0.0006858817589956989,0.049713268047216375,0.9863910053714605,0.3878032979865869,55,1,1
loco_decay,global_stats,43,terminal,10%,113,11,0.09734513274336283,0.11139444464986975,0.006138532676480041,0.006138532676480041,0.13896958115761643,0.9576968336622562,0.10936003178358078,10,1,1
loco_decay,global_stats,43,terminal,25%,113,28,0.24778761061946902,0.11699105293623038,0.00041957252791949284,0.00041957252791949284,0.1333729728712558,0.9968640066853673,0.12056902050971985,27,1,1
loco_decay,global_stats,43,terminal,50%,113,56,0.49557522123893805,0.13734968392444508,0.00036798976361751556,0.00036798976361751556,0.1130143418830411,0.996754434678903,0.1828511357307434,55,1,1
loco_decay,global_stats,43,J,10%,113,11,0.09734513274336283,0.3598204482854767,0.005070925396725989,0.005070925396725989,0.062388265092544304,0.9248297324656966,0.3644056181112925,10,1,1
loco_decay,global_stats,43,J,25%,113,28,0.24778761061946902,0.36473049179961287,0.0024361168389165355,0.0024361168389165355,0.05747822157840815,0.959340002689371,0.3688927736133337,27,1,1
loco_decay,global_stats,43,J,50%,113,56,0.49557522123893805,0.37249544533080464,0.0006858817589956989,0.0006858817589956989,0.049713268047216375,0.9863910053714605,0.38641633515556656,55,1,1
loco_decay,global_stats,44,terminal,10%,113,11,0.09734513274336283,0.10983465747399764,0.004578745500607925,0.004578745500607925,0.14052936833348856,0.9684459719058658,0.10894765704870224,10,1,1
loco_decay,global_stats,44,terminal,25%,113,28,0.24778761061946902,0.11712827506874289,0.0005567946604320001,0.0005567946604320001,0.13323575073874327,0.9958383730665203,0.11572092771530151,27,1,1
loco_decay,global_stats,44,terminal,50%,113,56,0.49557522123893805,0.13729569675134762,0.0003140025905200572,0.0003140025905200572,0.11306832905613856,0.9972305862301492,0.18771536648273468,55,1,1
loco_decay,global_stats,44,J,10%,113,11,0.09734513274336283,0.36093522342994355,0.006185700541192829,0.006185700541192829,0.061273489948077464,0.9083045542597091,0.36421474181115626,10,1,1
loco_decay,global_stats,44,J,25%,113,28,0.24778761061946902,0.36463235680546074,0.002337981844764414,0.002337981844764414,0.05757635657256027,0.9609779243746374,0.3693271189307173,27,1,1
loco_decay,global_stats,44,J,50%,113,56,0.49557522123893805,0.37249544533080464,0.0006858817589956989,0.0006858817589956989,0.049713268047216375,0.9863910053714605,0.3875386733561754,55,1,1
loco_decay,global_stats,45,terminal,10%,113,11,0.09734513274336283,0.10934815081683072,0.0040922388434410095,0.0040922388434410095,0.14101587499065546,0.9717986904018358,0.10942228138446808,10,1,1
loco_decay,global_stats,45,terminal,25%,113,28,0.24778761061946902,0.11786575056612492,0.0012942701578140259,0.0012942701578140259,0.13249827524136126,0.9903262909457884,0.11738694459199905,27,1,1
loco_decay,global_stats,45,terminal,50%,113,56,0.49557522123893805,0.13729569675134762,0.0003140025905200572,0.0003140025905200572,0.11306832905613856,0.9972305862301492,0.1807308942079544,55,1,1
loco_decay,global_stats,45,J,10%,113,11,0.09734513274336283,0.3598204482854767,0.005070925396725989,0.005070925396725989,0.062388265092544304,0.9248297324656966,0.36391547955572606,10,1,1
loco_decay,global_stats,45,J,25%,113,28,0.24778761061946902,0.36487048718679166,0.0025761122260953284,0.0025761122260953284,0.05733822619122936,0.9570034102996884,0.3688136057307323,27,1,1
loco_decay,global_stats,45,J,50%,113,56,0.49557522123893805,0.37249544533080464,0.0006858817589956989,0.0006858817589956989,0.049713268047216375,0.9863910053714605,0.3858369084695975,55,1,1
loco_decay,global_stats,46,terminal,10%,113,11,0.09734513274336283,0.11153160509738055,0.006275693123990844,0.006275693123990844,0.13883242071010563,0.9567516043164485,0.10377851128578186,10,1,1
loco_decay,global_stats,46,terminal,25%,113,28,0.24778761061946902,0.11938902948583875,0.0028175490775278617,0.0028175490775278617,0.13097499632164744,0.9789409113256529,0.11071893572807312,27,1,1
loco_decay,global_stats,46,terminal,50%,113,56,0.49557522123893805,0.13729569675134762,0.0003140025905200572,0.0003140025905200572,0.11306832905613856,0.9972305862301492,0.17002248764038086,55,1,1
loco_decay,global_stats,46,J,10%,113,11,0.09734513274336283,0.361045987520254,0.006296464631503296,0.006296464631503296,0.061162725857767,0.9066626120794501,0.36399887843678397,10,1,1
loco_decay,global_stats,46,J,25%,113,28,0.24778761061946902,0.3636246913223572,0.001330316361660866,0.001330316361660866,0.05858402205566382,0.9777963606575317,0.36886855599780877,27,1,1
loco_decay,global_stats,46,J,50%,113,56,0.49557522123893805,0.37249544533080464,0.0006858817589956989,0.0006858817589956989,0.049713268047216375,0.9863910053714605,0.38541312937935196,55,1,1
loco_decay,deepsets,42,terminal,10%,113,11,0.09734513274336283,0.11298302831974896,0.007727116346359253,0.007727116346359253,0.13738099748773722,0.9467492468739981,0.09853014349937439,10,1,1
loco_decay,deepsets,42,terminal,25%,113,28,0.24778761061946902,0.11967834883502551,0.0031068684267146207,0.0031068684267146207,0.13068567697246067,0.9767784638714724,0.10619522631168365,27,1,1
loco_decay,deepsets,42,terminal,50%,113,56,0.49557522123893805,0.13729569675134762,0.0003140025905200572,0.0003140025905200572,0.11306832905613856,0.9972305862301492,0.17907273769378662,55,1,1
loco_decay,deepsets,42,J,10%,113,11,0.09734513274336283,0.35743917086246335,0.0026896479737126278,0.0026896479737126278,0.06476954251555767,0.9601292580861843,0.35590624014536537,10,1,1
loco_decay,deepsets,42,J,25%,113,28,0.24778761061946902,0.3646674632937426,0.0023730883330462804,0.0023730883330462804,0.057541250084278406,0.9603919796874518,0.36652026244749625,27,1,1
loco_decay,deepsets,42,J,50%,113,56,0.49557522123893805,0.3719084293548284,9.886578301943061e-05,9.886578301943061e-05,0.05030028402319264,0.9980383442300202,0.3862889170646667,55,1,1
loco_decay,deepsets,43,terminal,10%,113,11,0.09734513274336283,0.11256265775723891,0.007306745783849197,0.007306745783849197,0.13780136805024729,0.9496461942010833,0.10014671832323074,10,1,1
loco_decay,deepsets,43,terminal,25%,113,28,0.24778761061946902,0.11803014523216657,0.0014586648238556765,0.0014586648238556765,0.1323338805753196,0.9890975628013975,0.11710362881422043,27,1,1
loco_decay,deepsets,43,terminal,50%,113,56,0.49557522123893805,0.13745586587382214,0.0004741717129945755,0.0004741717129945755,0.11290815993366404,0.995817940007864,0.1836319863796234,55,1,1
loco_decay,deepsets,43,J,10%,113,11,0.09734513274336283,0.35758031805356344,0.002830795164812716,0.002830795164812716,0.06462839532445758,0.9580369235936359,0.35451117511838676,10,1,1
loco_decay,deepsets,43,J,25%,113,28,0.24778761061946902,0.36487692911399616,0.002582554153299832,0.002582554153299832,0.057331784264024854,0.9568958913422122,0.3682689669852455,27,1,1
loco_decay,deepsets,43,J,50%,113,56,0.49557522123893805,0.37238090842674004,0.0005713448549310995,0.0005713448549310995,0.049827804951280974,0.9886636013280391,0.385022967432936,55,1,1
loco_decay,deepsets,44,terminal,10%,113,11,0.09734513274336283,0.10945541682568463,0.004199504852294922,0.004199504852294922,0.14090860898180155,0.9710594759911478,0.09067720174789429,10,1,1
loco_decay,deepsets,44,terminal,25%,113,28,0.24778761061946902,0.11827884481421538,0.0017073644059044935,0.0017073644059044935,0.1320851809932708,0.9872387179658589,0.10276354849338531,27,1,1
loco_decay,deepsets,44,terminal,50%,113,56,0.49557522123893805,0.13729569675134762,0.0003140025905200572,0.0003140025905200572,0.11306832905613856,0.9972305862301492,0.1744871884584427,55,1,1
loco_decay,deepsets,44,J,10%,113,11,0.09734513274336283,0.35756125240727804,0.0028117295185273172,0.0028117295185273172,0.06464746097074298,0.9583195484835453,0.35708410808195673,10,1,1
loco_decay,deepsets,44,J,25%,113,28,0.24778761061946902,0.36515747165706536,0.0028630966963690274,0.0028630966963690274,0.05705124172095566,0.9522134972696095,0.36870007117589315,27,1,1
loco_decay,deepsets,44,J,50%,113,56,0.49557522123893805,0.37238090842674004,0.0005713448549310995,0.0005713448549310995,0.049827804951280974,0.9886636013280391,0.38475055738041797,55,1,1
loco_decay,deepsets,45,terminal,10%,113,11,0.09734513274336283,0.11114108494736931,0.005885172973979599,0.005885172973979599,0.13922294086011688,0.9594428401108696,0.10992607474327087,10,1,1
loco_decay,deepsets,45,terminal,25%,113,28,0.24778761061946902,0.11941308767667838,0.002841607268367491,0.002841607268367491,0.1309509381308078,0.9787610942008058,0.11730697751045227,27,1,1
loco_decay,deepsets,45,terminal,50%,113,56,0.49557522123893805,0.13729569675134762,0.0003140025905200572,0.0003140025905200572,0.11306832905613856,0.9972305862301492,0.17490693926811218,55,1,1
loco_decay,deepsets,45,J,10%,113,11,0.09734513274336283,0.3583578660068187,0.003608343118067958,0.003608343118067958,0.06385084737120234,0.9465107260864347,0.3580825990686814,10,1,1
loco_decay,deepsets,45,J,25%,113,28,0.24778761061946902,0.36474045302851926,0.002446078067822932,0.002446078067822932,0.057468260349501754,0.959173744842426,0.36953173434982695,27,1,1
loco_decay,deepsets,45,J,50%,113,56,0.49557522123893805,0.372379805931511,0.0005702423597020445,0.0005702423597020445,0.04982890744651003,0.9886854766023899,0.3854132218907277,55,1,1
loco_decay,deepsets,46,terminal,10%,113,11,0.09734513274336283,0.11047798056494106,0.005222068591551346,0.005222068591551346,0.1398860452425451,0.9640125665369629,0.0985804945230484,10,1,1
loco_decay,deepsets,46,terminal,25%,113,28,0.24778761061946902,0.117333267682365,0.0007617872740541126,0.0007617872740541126,0.13303075812512116,0.9943062053884892,0.11163578927516937,27,1,1
loco_decay,deepsets,46,terminal,50%,113,56,0.49557522123893805,0.13745586587382214,0.0004741717129945755,0.0004741717129945755,0.11290815993366404,0.995817940007864,0.18777061998844147,55,1,1
loco_decay,deepsets,46,J,10%,113,11,0.09734513274336283,0.3596950159436374,0.004945493054886674,0.004945493054886674,0.06251369743438362,0.9266891135363791,0.35883537884801625,10,1,1
loco_decay,deepsets,46,J,25%,113,28,0.24778761061946902,0.36412657413498634,0.0018321991742900057,0.0018321991742900057,0.05808213924303468,0.9694196877961317,0.368636783460776,27,1,1
loco_decay,deepsets,46,J,50%,113,56,0.49557522123893805,0.3724788637554628,0.0006693001836538537,0.0006693001836538537,0.04972984962255822,0.9867200104321728,0.3857990720619758,55,1,1
loco_decay,capacity_matched_deepsets,42,terminal,10%,113,11,0.09734513274336283,0.10945541682568463,0.004199504852294922,0.004199504852294922,0.14090860898180155,0.9710594759911478,0.10289578884840012,10,1,1
loco_decay,capacity_matched_deepsets,42,terminal,25%,113,28,0.24778761061946902,0.11967057761337076,0.003099097205059867,0.003099097205059867,0.13069344819411544,0.9768365479869332,0.11083430796861649,27,1,1
loco_decay,capacity_matched_deepsets,42,terminal,50%,113,56,0.49557522123893805,0.13745586587382214,0.0004741717129945755,0.0004741717129945755,0.11290815993366404,0.995817940007864,0.17554999887943268,55,1,1
loco_decay,capacity_matched_deepsets,42,J,10%,113,11,0.09734513274336283,0.35522377533894595,0.0004742524501952228,0.0004742524501952228,0.06698493803907507,0.9929697874113883,0.3549321168412765,10,1,1
loco_decay,capacity_matched_deepsets,42,J,25%,113,28,0.24778761061946902,0.36479187490906384,0.0024974999483675098,0.0024974999483675098,0.057416838468957176,0.958315488172939,0.3675791139403979,27,1,1
loco_decay,capacity_matched_deepsets,42,J,50%,113,56,0.49557522123893805,0.37238090842674004,0.0005713448549310995,0.0005713448549310995,0.049827804951280974,0.9886636013280391,0.38386020467927057,55,1,1
loco_decay,capacity_matched_deepsets,43,terminal,10%,113,11,0.09734513274336283,0.10845082930543205,0.0031949173320423435,0.0031949173320423435,0.14191319650205414,0.9779825038888238,0.09885381162166595,10,1,1
loco_decay,capacity_matched_deepsets,43,terminal,25%,113,28,0.24778761061946902,0.119008210886802,0.002436730478491106,0.002436730478491106,0.13135581492068418,0.9817872477781103,0.10737725347280502,27,1,1
loco_decay,capacity_matched_deepsets,43,terminal,50%,113,56,0.49557522123893805,0.13729569675134762,0.0003140025905200572,0.0003140025905200572,0.11306832905613856,0.9972305862301492,0.16193416714668274,55,1,1
loco_decay,capacity_matched_deepsets,43,J,10%,113,11,0.09734513274336283,0.35758031805356344,0.002830795164812716,0.002830795164812716,0.06462839532445758,0.9580369235936359,0.3534684457505743,10,1,1
loco_decay,capacity_matched_deepsets,43,J,25%,113,28,0.24778761061946902,0.3654071444734221,0.003112769512725766,0.003112769512725766,0.05680156890459892,0.9480463342339822,0.3653072740882635,27,1,1
loco_decay,capacity_matched_deepsets,43,J,50%,113,56,0.49557522123893805,0.37251670800615105,0.0007071444343421107,0.0007071444343421107,0.04969200537186996,0.9859691197756087,0.3809908072153727,55,1,1
loco_decay,capacity_matched_deepsets,44,terminal,10%,113,11,0.09734513274336283,0.10999470813707872,0.00473879616368901,0.00473879616368901,0.14036931767040745,0.9673429966217676,0.09952902793884277,10,1,1
loco_decay,capacity_matched_deepsets,44,terminal,25%,113,28,0.24778761061946902,0.1189027593604156,0.0023312789521047067,0.0023312789521047067,0.13146126644707057,0.9825754196906169,0.1107071116566658,27,1,1
loco_decay,capacity_matched_deepsets,44,terminal,50%,113,56,0.49557522123893805,0.13729569675134762,0.0003140025905200572,0.0003140025905200572,0.11306832905613856,0.9972305862301492,0.1640327125787735,55,1,1
loco_decay,capacity_matched_deepsets,44,J,10%,113,11,0.09734513274336283,0.3576348237919085,0.0028853009031577503,0.0028853009031577503,0.06457388958611254,0.957228942680291,0.35578691319872935,10,1,1
loco_decay,capacity_matched_deepsets,44,J,25%,113,28,0.24778761061946902,0.36374513935962954,0.001450764398933213,0.001450764398933213,0.05846357401839147,0.9757860232248895,0.36728436704725026,27,1,1
loco_decay,capacity_matched_deepsets,44,J,50%,113,56,0.49557522123893805,0.3723591956321061,0.0005496320602971783,0.0005496320602971783,0.049849517745914895,0.9890944180127929,0.384043993242085,55,1,1
loco_decay,capacity_matched_deepsets,45,terminal,10%,113,11,0.09734513274336283,0.10917657681486824,0.00392066484147853,0.00392066484147853,0.14118744899261793,0.9729810777779038,0.10342300683259964,10,1,1
loco_decay,capacity_matched_deepsets,45,terminal,25%,113,28,0.24778761061946902,0.11962200914110456,0.0030505287327936698,0.0030505287327936698,0.13074201666638163,0.9771995612783038,0.11383575946092606,27,1,1
loco_decay,capacity_matched_deepsets,45,terminal,50%,113,56,0.49557522123893805,0.13729569675134762,0.0003140025905200572,0.0003140025905200572,0.11306832905613856,0.9972305862301492,0.17277199029922485,55,1,1
loco_decay,capacity_matched_deepsets,45,J,10%,113,11,0.09734513274336283,0.35758031805356344,0.002830795164812716,0.002830795164812716,0.06462839532445758,0.9580369235936359,0.3553439964229862,10,1,1
loco_decay,capacity_matched_deepsets,45,J,25%,113,28,0.24778761061946902,0.36570945539112604,0.0034150804304297067,0.0034150804304297067,0.05649925798689498,0.9430006152009481,0.36883255491654077,27,1,1
loco_decay,capacity_matched_deepsets,45,J,50%,113,56,0.49557522123893805,0.3723933441220738,0.0005837805502648674,0.0005837805502648674,0.049815369255947206,0.9884168571789497,0.38370172468324504,55,1,1
loco_decay,capacity_matched_deepsets,46,terminal,10%,113,11,0.09734513274336283,0.11009620875120163,0.00484029677781192,0.00484029677781192,0.14026781705628455,0.9666435139295803,0.09999550879001617,10,1,1
loco_decay,capacity_matched_deepsets,46,terminal,25%,113,28,0.24778761061946902,0.11828899782683168,0.0017175174185207892,0.0017175174185207892,0.1320750279806545,0.9871628317302994,0.11159475147724152,27,1,1
loco_decay,capacity_matched_deepsets,46,terminal,50%,113,56,0.49557522123893805,0.13745586587382214,0.0004741717129945755,0.0004741717129945755,0.11290815993366404,0.995817940007864,0.16103334724903107,55,1,1
loco_decay,capacity_matched_deepsets,46,J,10%,113,11,0.09734513274336283,0.35756125240727804,0.0028117295185273172,0.0028117295185273172,0.06464746097074298,0.9583195484835453,0.3561514831458529,10,1,1
loco_decay,capacity_matched_deepsets,46,J,25%,113,28,0.24778761061946902,0.36480478765442964,0.0025104126937333104,0.0025104126937333104,0.057403925723591376,0.9580999680536002,0.36762343781689805,27,1,1
loco_decay,capacity_matched_deepsets,46,J,50%,113,56,0.49557522123893805,0.3719219675453912,0.00011240397358225351,0.00011240397358225351,0.05028674583262982,0.99776972480658,0.3852655307700237,55,1,1
loco_decay,gnn,42,terminal,10%,113,11,0.09734513274336283,0.10999470813707872,0.00473879616368901,0.00473879616368901,0.14036931767040745,0.9673429966217676,0.10979782044887543,10,1,1
loco_decay,gnn,42,terminal,25%,113,28,0.24778761061946902,0.11783484875091485,0.00126336834260396,0.00126336834260396,0.13252917705657133,0.9905572590846923,0.11761285364627838,27,1,1
loco_decay,gnn,42,terminal,50%,113,56,0.49557522123893805,0.13745586587382214,0.0004741717129945755,0.0004741717129945755,0.11290815993366404,0.995817940007864,0.18598482012748718,55,1,1
loco_decay,gnn,42,J,10%,113,11,0.09734513274336283,0.3578529944756266,0.00310347158687585,0.00310347158687585,0.06435571890239444,0.9539948291053171,0.3595057566339771,10,1,1
loco_decay,gnn,42,J,25%,113,28,0.24778761061946902,0.3638475455299375,0.0015531705692411468,0.0015531705692411468,0.05836116784808354,0.9740768134929112,0.3691662633791566,27,1,1
loco_decay,gnn,42,J,50%,113,56,0.49557522123893805,0.37200638468355113,0.00019682111174218475,0.00019682111174218475,0.05020232869446989,0.996094753334154,0.3860337452342113,55,1,1
loco_decay,gnn,43,terminal,10%,113,11,0.09734513274336283,0.10986154255541888,0.004605630582029174,0.004605630582029174,0.1405024832520673,0.9682606956955223,0.09512165188789368,10,1,1
loco_decay,gnn,43,terminal,25%,113,28,0.24778761061946902,0.11809031638715949,0.0015188359788485956,0.0015188359788485956,0.13227370942032668,0.9886478280660772,0.10350915789604187,27,1,1
loco_decay,gnn,43,terminal,50%,113,56,0.49557522123893805,0.13704470292265927,6.300876183171211e-05,6.300876183171211e-05,0.1133193228848269,0.9994442805954276,0.17544032633304596,55,1,1
loco_decay,gnn,43,J,10%,113,11,0.09734513274336283,0.3569321847605434,0.0021826618717926682,0.0021826618717926682,0.06527652861747762,0.9676447070300994,0.35461899178723494,10,1,1
loco_decay,gnn,43,J,25%,113,28,0.24778761061946902,0.3642349530055764,0.0019405780448800702,0.0019405780448800702,0.057973760372444616,0.967610790736547,0.3653935662160317,27,1,1
loco_decay,gnn,43,J,50%,113,56,0.49557522123893805,0.37200638468355113,0.00019682111174218475,0.00019682111174218475,0.05020232869446989,0.996094753334154,0.38278598226606847,55,1,1
loco_decay,gnn,44,terminal,10%,113,11,0.09734513274336283,0.10785346545956352,0.002597553486173812,0.002597553486173812,0.14251056034792264,0.982099185100403,0.10088296979665756,10,1,1
loco_decay,gnn,44,terminal,25%,113,28,0.24778761061946902,0.11830151746315616,0.001730037054845271,0.001730037054845271,0.13206250834433003,0.9870692567386051,0.10761377960443497,27,1,1
loco_decay,gnn,44,terminal,50%,113,56,0.49557522123893805,0.13745586587382214,0.0004741717129945755,0.0004741717129945755,0.11290815993366404,0.995817940007864,0.1708841621875763,55,1,1
loco_decay,gnn,44,J,10%,113,11,0.09734513274336283,0.3563873812443379,0.0016378583555871629,0.0016378583555871629,0.06582133213368313,0.9757207528921108,0.3555086899548769,10,1,1
loco_decay,gnn,44,J,25%,113,28,0.24778761061946902,0.36426365064412713,0.0019692756834308045,0.0019692756834308045,0.05794506273389388,0.9671318129274148,0.36615414743622143,27,1,1
loco_decay,gnn,44,J,50%,113,56,0.49557522123893805,0.37200638468355113,0.00019682111174218475,0.00019682111174218475,0.05020232869446989,0.996094753334154,0.3791418010989825,55,1,1
loco_decay,gnn,45,terminal,10%,113,11,0.09734513274336283,0.10955041308294643,0.004294501109556717,0.004294501109556717,0.14081361272453974,0.9704048175109858,0.07881627976894379,10,1,1
loco_decay,gnn,45,terminal,25%,113,28,0.24778761061946902,0.11855709206845079,0.0019856116601398993,0.0019856116601398993,0.1318069337390354,0.9851590262057147,0.0881444662809372,27,1,1
loco_decay,gnn,45,terminal,50%,113,56,0.49557522123893805,0.13734968392444508,0.00036798976361751556,0.00036798976361751556,0.1130143418830411,0.996754434678903,0.17538967728614807,55,1,1
loco_decay,gnn,45,J,10%,113,11,0.09734513274336283,0.35867798713346316,0.003928464244712437,0.003928464244712437,0.06353072624455786,0.9417653218750486,0.3543893933296204,10,1,1
loco_decay,gnn,45,J,25%,113,28,0.24778761061946902,0.36486317705407384,0.002568802093377509,0.002568802093377509,0.05734553632394718,0.9571254200374393,0.3672221953670184,27,1,1
loco_decay,gnn,45,J,50%,113,56,0.49557522123893805,0.37200638468355113,0.00019682111174218475,0.00019682111174218475,0.05020232869446989,0.996094753334154,0.3831837470332781,55,1,1
loco_decay,gnn,46,terminal,10%,113,11,0.09734513274336283,0.10785346545956352,0.002597553486173812,0.002597553486173812,0.14251056034792264,0.982099185100403,0.1110757514834404,10,1,1
loco_decay,gnn,46,terminal,25%,113,28,0.24778761061946902,0.11910223295646054,0.002530752548149648,0.002530752548149648,0.13126179285102563,0.981084502573749,0.12110438197851181,27,1,1
loco_decay,gnn,46,terminal,50%,113,56,0.49557522123893805,0.13795402659369366,0.0009723324328660965,0.0009723324328660965,0.11240999921379252,0.9914243037804493,0.17268356680870056,55,1,1
loco_decay,gnn,46,J,10%,113,11,0.09734513274336283,0.35761264866838854,0.0028631257796378207,0.0028631257796378207,0.06459606470963247,0.9575576617674768,0.3550038989633322,10,1,1
loco_decay,gnn,46,J,25%,113,28,0.24778761061946902,0.3644402806780168,0.0021459057173204843,0.0021459057173204843,0.0577684327000042,0.9641837701290551,0.36866637133061886,27,1,1
loco_decay,gnn,46,J,50%,113,56,0.49557522123893805,0.3719084293548284,9.886578301943061e-05,9.886578301943061e-05,0.05030028402319264,0.9980383442300202,0.3828413724899292,55,1,1
loco_decay,gnn_zero_edge_features,42,terminal,10%,113,11,0.09734513274336283,0.10785346545956352,0.002597553486173812,0.002597553486173812,0.14251056034792264,0.982099185100403,0.10951324552297592,10,1,1
loco_decay,gnn_zero_edge_features,42,terminal,25%,113,28,0.24778761061946902,0.11846343507724148,0.0018919546689305927,0.0018919546689305927,0.13190059073024468,0.9858590427195635,0.12473161518573761,27,1,1
loco_decay,gnn_zero_edge_features,42,terminal,50%,113,56,0.49557522123893805,0.13745586587382214,0.0004741717129945755,0.0004741717129945755,0.11290815993366404,0.995817940007864,0.19501075148582458,55,1,1
loco_decay,gnn_zero_edge_features,42,J,10%,113,11,0.09734513274336283,0.35946351140737537,0.0047139885186246455,0.0047139885186246455,0.06274520197064565,0.9301208851687239,0.3594381717344125,10,1,1
loco_decay,gnn_zero_edge_features,42,J,25%,113,28,0.24778761061946902,0.36461635160570344,0.0023219766450071067,0.0023219766450071067,0.05759236177231758,0.9612450590903013,0.37147296629846094,27,1,1
loco_decay,gnn_zero_edge_features,42,J,50%,113,56,0.49557522123893805,0.37262016800343106,0.0008106044316221195,0.0008106044316221195,0.049588545374589954,0.9839163074230628,0.38629554758469264,55,1,1
loco_decay,gnn_zero_edge_features,43,terminal,10%,113,11,0.09734513274336283,0.1087733351371505,0.0035174231637607883,0.0035174231637607883,0.1415906906703357,0.975759982878819,0.10425428301095963,10,1,1
loco_decay,gnn_zero_edge_features,43,terminal,25%,113,28,0.24778761061946902,0.1177594776132277,0.0011879972049168158,0.0011879972049168158,0.1326045481942585,0.9911206024119478,0.11367698758840561,27,1,1
loco_decay,gnn_zero_edge_features,43,terminal,50%,113,56,0.49557522123893805,0.13745586587382214,0.0004741717129945755,0.0004741717129945755,0.11290815993366404,0.995817940007864,0.17768245935440063,55,1,1
loco_decay,gnn_zero_edge_features,43,J,10%,113,11,0.09734513274336283,0.3567697657441551,0.002020242855404364,0.002020242855404364,0.06543894763386593,0.9700523703182342,0.3562026513119539,10,1,1
loco_decay,gnn_zero_edge_features,43,J,25%,113,28,0.24778761061946902,0.36501847023055667,0.0027240952698603382,0.0027240952698603382,0.05719024314746435,0.95453349996313,0.36805418351044256,27,1,1
loco_decay,gnn_zero_edge_features,43,J,50%,113,56,0.49557522123893805,0.37262016800343106,0.0008106044316221195,0.0008106044316221195,0.049588545374589954,0.9839163074230628,0.38397778837631147,55,1,1
loco_decay,gnn_zero_edge_features,44,terminal,10%,113,11,0.09734513274336283,0.11144654588265852,0.006190633909268814,0.006190633909268814,0.13891747992482767,0.9573377825285041,0.10366250574588776,10,1,1
loco_decay,gnn_zero_edge_features,44,terminal,25%,113,28,0.24778761061946902,0.11853253389043468,0.0019610534821237896,0.0019610534821237896,0.1318314919170515,0.9853425803637049,0.1119663193821907,27,1,1
loco_decay,gnn_zero_edge_features,44,terminal,50%,113,56,0.49557522123893805,0.13745586587382214,0.0004741717129945755,0.0004741717129945755,0.11290815993366404,0.995817940007864,0.1748005598783493,55,1,1
loco_decay,gnn_zero_edge_features,44,J,10%,113,11,0.09734513274336283,0.35730519797088517,0.0025556750821344454,0.0025556750821344454,0.06490351540713585,0.9621152423621072,0.35891737683365743,10,1,1
loco_decay,gnn_zero_edge_features,44,J,25%,113,28,0.24778761061946902,0.3644222864770286,0.0021279115163322926,0.0021279115163322926,0.057786426900992394,0.9644841022609542,0.36761551573872564,27,1,1
loco_decay,gnn_zero_edge_features,44,J,50%,113,56,0.49557522123893805,0.372379805931511,0.0005702423597020445,0.0005702423597020445,0.04982890744651003,0.9886854766023899,0.38231832571327684,55,1,1
loco_decay,gnn_zero_edge_features,45,terminal,10%,113,11,0.09734513274336283,0.10785346545956352,0.002597553486173812,0.002597553486173812,0.14251056034792264,0.982099185100403,0.10958677530288696,10,1,1
loco_decay,gnn_zero_edge_features,45,terminal,25%,113,28,0.24778761061946902,0.11831302382051945,0.0017415434122085571,0.0017415434122085571,0.13205100198696673,0.9869832552552715,0.12294983863830566,27,1,1
loco_decay,gnn_zero_edge_features,45,terminal,50%,113,56,0.49557522123893805,0.13745586587382214,0.0004741717129945755,0.0004741717129945755,0.11290815993366404,0.995817940007864,0.1809024214744568,55,1,1
loco_decay,gnn_zero_edge_features,45,J,10%,113,11,0.09734513274336283,0.3563873812443379,0.0016378583555871629,0.0016378583555871629,0.06582133213368313,0.9757207528921108,0.35686373226344587,10,1,1
loco_decay,gnn_zero_edge_features,45,J,25%,113,28,0.24778761061946902,0.3647093853891073,0.0024150104284109686,0.0024150104284109686,0.05749932798891372,0.9596922791404361,0.36861858076105514,27,1,1
loco_decay,gnn_zero_edge_features,45,J,50%,113,56,0.49557522123893805,0.37262016800343106,0.0008106044316221195,0.0008106044316221195,0.049588545374589954,0.9839163074230628,0.38306627894441286,55,1,1
loco_decay,gnn_zero_edge_features,46,terminal,10%,113,11,0.09734513274336283,0.11157826401970604,0.006322352046316329,0.006322352046316329,0.13878576178778013,0.9564300583939451,0.09476915001869202,10,1,1
loco_decay,gnn_zero_edge_features,46,terminal,25%,113,28,0.24778761061946902,0.1199715728206294,0.003400092412318506,0.003400092412318506,0.13039245298685678,0.9745868321573956,0.1071133241057396,27,1,1
loco_decay,gnn_zero_edge_features,46,terminal,50%,113,56,0.49557522123893805,0.13729569675134762,0.0003140025905200572,0.0003140025905200572,0.11306832905613856,0.9972305862301492,0.15602663159370422,55,1,1
loco_decay,gnn_zero_edge_features,46,J,10%,113,11,0.09734513274336283,0.35856885261495003,0.0038193297261993053,0.0038193297261993053,0.06363986076307099,0.9433831076462919,0.3549179906025529,10,1,1
loco_decay,gnn_zero_edge_features,46,J,25%,113,28,0.24778761061946902,0.36536563488300006,0.0030712599223037262,0.0030712599223037262,0.05684307849502096,0.9487391498690796,0.3674336428443591,27,1,1
loco_decay,gnn_zero_edge_features,46,J,50%,113,56,0.49557522123893805,0.37262016800343106,0.0008106044316221195,0.0008106044316221195,0.049588545374589954,0.9839163074230628,0.38252629258980353,55,1,1
loco_decay,gnn_mean,42,terminal,10%,113,11,0.09734513274336283,0.11157635396177118,0.00632044198838147,0.00632044198838147,0.138787671845715,0.9564432213927907,0.10403622686862946,10,1,1
loco_decay,gnn_mean,42,terminal,25%,113,28,0.24778761061946902,0.12039909618241447,0.0038276157741035793,0.0038276157741035793,0.12996492962507172,0.9713914122593025,0.11719013005495071,27,1,1
loco_decay,gnn_mean,42,terminal,50%,113,56,0.49557522123893805,0.13745586587382214,0.0004741717129945755,0.0004741717129945755,0.11290815993366404,0.995817940007864,0.1864306777715683,55,1,1
loco_decay,gnn_mean,42,J,10%,113,11,0.09734513274336283,0.3559436501991568,0.001194127310406079,0.001194127310406079,0.06626506317886421,0.9822985229774435,0.3573474736884236,10,1,1
loco_decay,gnn_mean,42,J,25%,113,28,0.24778761061946902,0.36390523044170725,0.00161085548101092,0.00161085548101092,0.058303482936313766,0.9731140237284982,0.36949902810156343,27,1,1
loco_decay,gnn_mean,42,J,50%,113,56,0.49557522123893805,0.37200638468355113,0.00019682111174218475,0.00019682111174218475,0.05020232869446989,0.996094753334154,0.38562918106714883,55,1,1
loco_decay,gnn_mean,43,terminal,10%,113,11,0.09734513274336283,0.1116946657950228,0.006438753821633086,0.006438753821633086,0.13866936001246338,0.9556278856398438,0.10861623287200928,10,1,1
loco_decay,gnn_mean,43,terminal,25%,113,28,0.24778761061946902,0.11865714990666934,0.00208566949835845,0.00208566949835845,0.13170687590081684,0.9844111681100335,0.12358727306127548,27,1,1
loco_decay,gnn_mean,43,terminal,50%,113,56,0.49557522123893805,0.13704470292265927,6.300876183171211e-05,6.300876183171211e-05,0.1133193228848269,0.9994442805954276,0.18732815980911255,55,1,1
loco_decay,gnn_mean,43,J,10%,113,11,0.09734513274336283,0.35719417521560737,0.0024446523268566445,0.0024446523268566445,0.06501453816241365,0.9637610189341735,0.3568493111679951,10,1,1
loco_decay,gnn_mean,43,J,25%,113,28,0.24778761061946902,0.3641302273010037,0.0018358523403073645,0.0018358523403073645,0.05807848607701732,0.9693587146448985,0.36611789700885616,27,1,1
loco_decay,gnn_mean,43,J,50%,113,56,0.49557522123893805,0.3719084293548284,9.886578301943061e-05,9.886578301943061e-05,0.05030028402319264,0.9980383442300202,0.38334044938286144,55,1,1
loco_decay,gnn_mean,44,terminal,10%,113,11,0.09734513274336283,0.10845082930543205,0.0031949173320423435,0.0031949173320423435,0.14191319650205414,0.9779825038888238,0.1011766791343689,10,1,1
loco_decay,gnn_mean,44,terminal,25%,113,28,0.24778761061946902,0.11783050293368953,0.001259022525378642,0.001259022525378642,0.13253352287379666,0.9905897408437646,0.11205943673849106,27,1,1
loco_decay,gnn_mean,44,terminal,50%,113,56,0.49557522123893805,0.13745586587382214,0.0004741717129945755,0.0004741717129945755,0.11290815993366404,0.995817940007864,0.1738162636756897,55,1,1
loco_decay,gnn_mean,44,J,10%,113,11,0.09734513274336283,0.3570584253436237,0.002308902454872974,0.002308902454872974,0.06515028803439732,0.9657733447714554,0.35694226032743853,10,1,1
loco_decay,gnn_mean,44,J,25%,113,28,0.24778761061946902,0.36410388110338576,0.001809506142689432,0.001809506142689432,0.058104832274635254,0.9697984457395561,0.3688424597183863,27,1,1
loco_decay,gnn_mean,44,J,50%,113,56,0.49557522123893805,0.37200638468355113,0.00019682111174218475,0.00019682111174218475,0.05020232869446989,0.996094753334154,0.38207234255969524,55,1,1
loco_decay,gnn_mean,45,terminal,10%,113,11,0.09734513274336283,0.11171666261824695,0.006460750644857238,0.006460750644857238,0.13864736318923923,0.9554762964375384,0.09801339358091354,10,1,1
loco_decay,gnn_mean,45,terminal,25%,113,28,0.24778761061946902,0.11855220448757921,0.0019807240792683173,0.0019807240792683173,0.13181182131990699,0.9851955572460428,0.10478585213422775,27,1,1
loco_decay,gnn_mean,45,terminal,50%,113,56,0.49557522123893805,0.13745586587382214,0.0004741717129945755,0.0004741717129945755,0.11290815993366404,0.995817940007864,0.17622160911560059,55,1,1
loco_decay,gnn_mean,45,J,10%,113,11,0.09734513274336283,0.3564592055694172,0.0017096826806664578,0.0017096826806664578,0.06574950780860384,0.9746560451101413,0.3575944737841686,10,1,1
loco_decay,gnn_mean,45,J,25%,113,28,0.24778761061946902,0.3640516460207956,0.0017572710600992636,0.0017572710600992636,0.05815706735722542,0.9706702751541836,0.36810539352397126,27,1,1
loco_decay,gnn_mean,45,J,50%,113,56,0.49557522123893805,0.3719084293548284,9.886578301943061e-05,9.886578301943061e-05,0.05030028402319264,0.9980383442300202,0.3849914430330197,55,1,1
loco_decay,gnn_mean,46,terminal,10%,113,11,0.09734513274336283,0.11078735847364772,0.005531446500258011,0.005531446500258011,0.13957666733383844,0.9618805154715043,0.10821440070867538,10,1,1
loco_decay,gnn_mean,46,terminal,25%,113,28,0.24778761061946902,0.11768482678702899,0.0011133463787180997,0.0011133463787180997,0.1326791990204572,0.9916785619453132,0.1208050474524498,27,1,1
loco_decay,gnn_mean,46,terminal,50%,113,56,0.49557522123893805,0.13745586587382214,0.0004741717129945755,0.0004741717129945755,0.11290815993366404,0.995817940007864,0.1842387616634369,55,1,1
loco_decay,gnn_mean,46,J,10%,113,11,0.09734513274336283,0.358381149635622,0.003631626746871286,0.003631626746871286,0.06382756374239901,0.9461655747640655,0.35598269402980803,10,1,1
loco_decay,gnn_mean,46,J,25%,113,28,0.24778761061946902,0.36443977643558306,0.0021454014748867323,0.0021454014748867323,0.057768936942437954,0.9641921861851624,0.36703489627689123,27,1,1
loco_decay,gnn_mean,46,J,50%,113,56,0.49557522123893805,0.37271922582738276,0.0009096622555738176,0.0009096622555738176,0.049489487550638256,0.9819508412528479,0.38279260086516537,55,1,1
loco_log_variant,fire_only,42,terminal,10%,69,6,0.08695652173913043,0.005281683581415564,0.0,0.0,0.19554392292343106,1.0,0.039324644953012466,5,1,1
loco_log_variant,fire_only,42,terminal,25%,69,17,0.2463768115942029,0.03286140737370314,0.0021190161214155318,0.0021190161214155318,0.1679641991311435,0.987541297839008,0.08818559348583221,16,1,1
loco_log_variant,fire_only,42,terminal,50%,69,34,0.4927536231884058,0.08832982213660966,0.0004657695398611189,0.0004657695398611189,0.11249578436823697,0.9958767428054323,0.23796162009239197,33,1,1
loco_log_variant,fire_only,42,J,10%,69,6,0.08695652173913043,0.28897067469095217,0.0002971494428089527,0.0002971494428089527,0.1960676980922142,0.9984867482823984,0.3087319406680763,5,1,1
loco_log_variant,fire_only,42,J,25%,69,17,0.2463768115942029,0.3283804486917136,0.0027292965600888563,0.0027292965600888563,0.15665792409145274,0.9828763149960702,0.4013859199980895,16,1,1
loco_log_variant,fire_only,42,J,50%,69,34,0.4927536231884058,0.3867782191916965,0.0007342091779791171,0.0007342091779791171,0.09826015359146983,0.9925833233586336,0.5267179225881894,33,1,1
loco_log_variant,fire_only,43,terminal,10%,69,6,0.08695652173913043,0.005281683581415564,0.0,0.0,0.19554392292343106,1.0,0.026311691850423813,5,1,1
loco_log_variant,fire_only,43,terminal,25%,69,17,0.2463768115942029,0.03286140737370314,0.0021190161214155318,0.0021190161214155318,0.1679641991311435,0.987541297839008,0.08454570174217224,16,1,1
loco_log_variant,fire_only,43,terminal,50%,69,34,0.4927536231884058,0.08832982213660966,0.0004657695398611189,0.0004657695398611189,0.11249578436823697,0.9958767428054323,0.21952539682388306,33,1,1
loco_log_variant,fire_only,43,J,10%,69,6,0.08695652173913043,0.28897067469095217,0.0002971494428089527,0.0002971494428089527,0.1960676980922142,0.9984867482823984,0.3023302438048025,5,1,1
loco_log_variant,fire_only,43,J,25%,69,17,0.2463768115942029,0.3283804486917136,0.0027292965600888563,0.0027292965600888563,0.15665792409145274,0.9828763149960702,0.3968175223718087,16,1,1
loco_log_variant,fire_only,43,J,50%,69,34,0.4927536231884058,0.3867782191916965,0.0007342091779791171,0.0007342091779791171,0.09826015359146983,0.9925833233586336,0.5209442290167013,33,1,1
loco_log_variant,fire_only,44,terminal,10%,69,6,0.08695652173913043,0.005281683581415564,0.0,0.0,0.19554392292343106,1.0,0.035973019897937775,5,1,1
loco_log_variant,fire_only,44,terminal,25%,69,17,0.2463768115942029,0.03286140737370314,0.0021190161214155318,0.0021190161214155318,0.1679641991311435,0.987541297839008,0.08731796592473984,16,1,1
loco_log_variant,fire_only,44,terminal,50%,69,34,0.4927536231884058,0.08832982213660966,0.0004657695398611189,0.0004657695398611189,0.11249578436823697,0.9958767428054323,0.2284536063671112,33,1,1
loco_log_variant,fire_only,44,J,10%,69,6,0.08695652173913043,0.28897067469095217,0.0002971494428089527,0.0002971494428089527,0.1960676980922142,0.9984867482823984,0.310640154654781,5,1,1
loco_log_variant,fire_only,44,J,25%,69,17,0.2463768115942029,0.3283804486917136,0.0027292965600888563,0.0027292965600888563,0.15665792409145274,0.9828763149960702,0.3978486659005284,16,1,1
loco_log_variant,fire_only,44,J,50%,69,34,0.4927536231884058,0.3867782191916965,0.0007342091779791171,0.0007342091779791171,0.09826015359146983,0.9925833233586336,0.51972712824742,33,1,1
loco_log_variant,fire_only,45,terminal,10%,69,6,0.08695652173913043,0.005281683581415564,0.0,0.0,0.19554392292343106,1.0,0.03413679450750351,5,1,1
loco_log_variant,fire_only,45,terminal,25%,69,17,0.2463768115942029,0.03286140737370314,0.0021190161214155318,0.0021190161214155318,0.1679641991311435,0.987541297839008,0.08329543471336365,16,1,1
loco_log_variant,fire_only,45,terminal,50%,69,34,0.4927536231884058,0.08832982213660966,0.0004657695398611189,0.0004657695398611189,0.11249578436823697,0.9958767428054323,0.21901117265224457,33,1,1
loco_log_variant,fire_only,45,J,10%,69,6,0.08695652173913043,0.28897067469095217,0.0002971494428089527,0.0002971494428089527,0.1960676980922142,0.9984867482823984,0.3105997965360681,5,1,1
loco_log_variant,fire_only,45,J,25%,69,17,0.2463768115942029,0.3283804486917136,0.0027292965600888563,0.0027292965600888563,0.15665792409145274,0.9828763149960702,0.39617706276476383,16,1,1
loco_log_variant,fire_only,45,J,50%,69,34,0.4927536231884058,0.3867782191916965,0.0007342091779791171,0.0007342091779791171,0.09826015359146983,0.9925833233586336,0.5256621891011795,33,1,1
loco_log_variant,fire_only,46,terminal,10%,69,6,0.08695652173913043,0.005281683581415564,0.0,0.0,0.19554392292343106,1.0,0.031311213970184326,5,1,1
loco_log_variant,fire_only,46,terminal,25%,69,17,0.2463768115942029,0.03286140737370314,0.0021190161214155318,0.0021190161214155318,0.1679641991311435,0.987541297839008,0.08316288888454437,16,1,1
loco_log_variant,fire_only,46,terminal,50%,69,34,0.4927536231884058,0.08832982213660966,0.0004657695398611189,0.0004657695398611189,0.11249578436823697,0.9958767428054323,0.22794407606124878,33,1,1
loco_log_variant,fire_only,46,J,10%,69,6,0.08695652173913043,0.28897067469095217,0.0002971494428089527,0.0002971494428089527,0.1960676980922142,0.9984867482823984,0.3061300714345028,5,1,1
loco_log_variant,fire_only,46,J,25%,69,17,0.2463768115942029,0.3283804486917136,0.0027292965600888563,0.0027292965600888563,0.15665792409145274,0.9828763149960702,0.3967243411888679,16,1,1
loco_log_variant,fire_only,46,J,50%,69,34,0.4927536231884058,0.3867782191916965,0.0007342091779791171,0.0007342091779791171,0.09826015359146983,0.9925833233586336,0.5254948869347572,33,1,1
loco_log_variant,global_stats,42,terminal,10%,69,6,0.08695652173913043,0.005281683581415564,0.0,0.0,0.19554392292343106,1.0,0.03365089371800423,5,1,1
loco_log_variant,global_stats,42,terminal,25%,69,17,0.2463768115942029,0.03074239125228761,0.0,0.0,0.170083215252559,1.0,0.08603867888450623,16,1,1
loco_log_variant,global_stats,42,terminal,50%,69,34,0.4927536231884058,0.08832982213660966,0.0004657695398611189,0.0004657695398611189,0.11249578436823697,0.9958767428054323,0.2180342823266983,33,1,1
loco_log_variant,global_stats,42,J,10%,69,6,0.08695652173913043,0.28897067469095217,0.0002971494428089527,0.0002971494428089527,0.1960676980922142,0.9984867482823984,0.3012757415883243,5,1,1
loco_log_variant,global_stats,42,J,25%,69,17,0.2463768115942029,0.32565115213162477,0.0,0.0,0.1593872206515416,1.0,0.39966552145779133,16,1,1
loco_log_variant,global_stats,42,J,50%,69,34,0.4927536231884058,0.3867782191916965,0.0007342091779791171,0.0007342091779791171,0.09826015359146983,0.9925833233586336,0.5194529907157024,33,1,1
loco_log_variant,global_stats,43,terminal,10%,69,6,0.08695652173913043,0.007140650549748291,0.0018589669683327275,0.0018589669683327275,0.19368495595509833,0.990493353408581,0.03397061303257942,5,1,1
loco_log_variant,global_stats,43,terminal,25%,69,17,0.2463768115942029,0.03074239125228761,0.0,0.0,0.170083215252559,1.0,0.08391439914703369,16,1,1
loco_log_variant,global_stats,43,terminal,50%,69,34,0.4927536231884058,0.08832982213660966,0.0004657695398611189,0.0004657695398611189,0.11249578436823697,0.9958767428054323,0.22076132893562317,33,1,1
loco_log_variant,global_stats,43,J,10%,69,6,0.08695652173913043,0.28897067469095217,0.0002971494428089527,0.0002971494428089527,0.1960676980922142,0.9984867482823984,0.30289983094359435,5,1,1
loco_log_variant,global_stats,43,J,25%,69,17,0.2463768115942029,0.32565115213162477,0.0,0.0,0.1593872206515416,1.0,0.3977199520915747,16,1,1
loco_log_variant,global_stats,43,J,50%,69,34,0.4927536231884058,0.3867782191916965,0.0007342091779791171,0.0007342091779791171,0.09826015359146983,0.9925833233586336,0.5169349198540052,33,1,1
loco_log_variant,global_stats,44,terminal,10%,69,6,0.08695652173913043,0.007140650549748291,0.0018589669683327275,0.0018589669683327275,0.19368495595509833,0.990493353408581,0.030974403023719788,5,1,1
loco_log_variant,global_stats,44,terminal,25%,69,17,0.2463768115942029,0.03074239125228761,0.0,0.0,0.170083215252559,1.0,0.08271564543247223,16,1,1
loco_log_variant,global_stats,44,terminal,50%,69,34,0.4927536231884058,0.08832982213660966,0.0004657695398611189,0.0004657695398611189,0.11249578436823697,0.9958767428054323,0.22099831700325012,33,1,1
loco_log_variant,global_stats,44,J,10%,69,6,0.08695652173913043,0.28897067469095217,0.0002971494428089527,0.0002971494428089527,0.1960676980922142,0.9984867482823984,0.29851367728163797,5,1,1
loco_log_variant,global_stats,44,J,25%,69,17,0.2463768115942029,0.32565115213162477,0.0,0.0,0.1593872206515416,1.0,0.39757629533608757,16,1,1
loco_log_variant,global_stats,44,J,50%,69,34,0.4927536231884058,0.3867782191916965,0.0007342091779791171,0.0007342091779791171,0.09826015359146983,0.9925833233586336,0.5150410028795401,33,1,1
loco_log_variant,global_stats,45,terminal,10%,69,6,0.08695652173913043,0.007140650549748291,0.0018589669683327275,0.0018589669683327275,0.19368495595509833,0.990493353408581,0.03393993154168129,5,1,1
loco_log_variant,global_stats,45,terminal,25%,69,17,0.2463768115942029,0.03074239125228761,0.0,0.0,0.170083215252559,1.0,0.0909694954752922,16,1,1
loco_log_variant,global_stats,45,terminal,50%,69,34,0.4927536231884058,0.08832982213660966,0.0004657695398611189,0.0004657695398611189,0.11249578436823697,0.9958767428054323,0.22775320708751678,33,1,1
loco_log_variant,global_stats,45,J,10%,69,6,0.08695652173913043,0.28897067469095217,0.0002971494428089527,0.0002971494428089527,0.1960676980922142,0.9984867482823984,0.30438354856645067,5,1,1
loco_log_variant,global_stats,45,J,25%,69,17,0.2463768115942029,0.32565115213162477,0.0,0.0,0.1593872206515416,1.0,0.39824511017650366,16,1,1
loco_log_variant,global_stats,45,J,50%,69,34,0.4927536231884058,0.3867782191916965,0.0007342091779791171,0.0007342091779791171,0.09826015359146983,0.9925833233586336,0.5128572442879279,33,1,1
loco_log_variant,global_stats,46,terminal,10%,69,6,0.08695652173913043,0.007140650549748291,0.0018589669683327275,0.0018589669683327275,0.19368495595509833,0.990493353408581,0.0359235554933548,5,1,1
loco_log_variant,global_stats,46,terminal,25%,69,17,0.2463768115942029,0.03074239125228761,0.0,0.0,0.170083215252559,1.0,0.08210045099258423,16,1,1
loco_log_variant,global_stats,46,terminal,50%,69,34,0.4927536231884058,0.08832982213660966,0.0004657695398611189,0.0004657695398611189,0.11249578436823697,0.9958767428054323,0.225347638130188,33,1,1
loco_log_variant,global_stats,46,J,10%,69,6,0.08695652173913043,0.28897067469095217,0.0002971494428089527,0.0002971494428089527,0.1960676980922142,0.9984867482823984,0.3037297070026398,5,1,1
loco_log_variant,global_stats,46,J,25%,69,17,0.2463768115942029,0.32565115213162477,0.0,0.0,0.1593872206515416,1.0,0.3978450239946445,16,1,1
loco_log_variant,global_stats,46,J,50%,69,34,0.4927536231884058,0.3867782191916965,0.0007342091779791171,0.0007342091779791171,0.09826015359146983,0.9925833233586336,0.518353924403588,33,1,1
loco_log_variant,deepsets,42,terminal,10%,69,6,0.08695652173913043,0.009913157962728292,0.004631474381312728,0.004631474381312728,0.19091244854211833,0.976314915278005,0.03549813851714134,5,1,1
loco_log_variant,deepsets,42,terminal,25%,69,17,0.2463768115942029,0.03074239125228761,0.0,0.0,0.170083215252559,1.0,0.0740741491317749,16,1,1
loco_log_variant,deepsets,42,terminal,50%,69,34,0.4927536231884058,0.08832982213660966,0.0004657695398611189,0.0004657695398611189,0.11249578436823697,0.9958767428054323,0.20625720918178558,33,1,1
loco_log_variant,deepsets,42,J,10%,69,6,0.08695652173913043,0.2886735252481433,1.1102230246251565e-16,1.1102230246251565e-16,0.19636484753502303,0.9999999999999994,0.3095687978280087,5,1,1
loco_log_variant,deepsets,42,J,25%,69,17,0.2463768115942029,0.32565115213162477,0.0,0.0,0.1593872206515416,1.0,0.3820805815358957,16,1,1
loco_log_variant,deepsets,42,J,50%,69,34,0.4927536231884058,0.38604401001371746,5.551115123125783e-17,5.551115123125783e-17,0.0989943627694489,0.9999999999999994,0.5090503990650177,33,1,1
loco_log_variant,deepsets,43,terminal,10%,69,6,0.08695652173913043,0.009913157962728292,0.004631474381312728,0.004631474381312728,0.19091244854211833,0.976314915278005,0.040594786405563354,5,1,1
loco_log_variant,deepsets,43,terminal,25%,69,17,0.2463768115942029,0.03074239125228761,0.0,0.0,0.170083215252559,1.0,0.07240995764732361,16,1,1
loco_log_variant,deepsets,43,terminal,50%,69,34,0.4927536231884058,0.08786405259674854,0.0,0.0,0.11296155390809809,1.0,0.21678438782691956,33,1,1
loco_log_variant,deepsets,43,J,10%,69,6,0.08695652173913043,0.2886735252481433,1.1102230246251565e-16,1.1102230246251565e-16,0.19636484753502303,0.9999999999999994,0.31465612798929216,5,1,1
loco_log_variant,deepsets,43,J,25%,69,17,0.2463768115942029,0.32565115213162477,0.0,0.0,0.1593872206515416,1.0,0.38343417284389336,16,1,1
loco_log_variant,deepsets,43,J,50%,69,34,0.4927536231884058,0.38604401001371746,5.551115123125783e-17,5.551115123125783e-17,0.0989943627694489,0.9999999999999994,0.5078950883199771,33,1,1
loco_log_variant,deepsets,44,terminal,10%,69,6,0.08695652173913043,0.009913157962728292,0.004631474381312728,0.004631474381312728,0.19091244854211833,0.976314915278005,0.04037308692932129,5,1,1
loco_log_variant,deepsets,44,terminal,25%,69,17,0.2463768115942029,0.03074239125228761,0.0,0.0,0.170083215252559,1.0,0.0756833627820015,16,1,1
loco_log_variant,deepsets,44,terminal,50%,69,34,0.4927536231884058,0.08786405259674854,0.0,0.0,0.11296155390809809,1.0,0.21137548983097076,33,1,1
loco_log_variant,deepsets,44,J,10%,69,6,0.08695652173913043,0.2886735252481433,1.1102230246251565e-16,1.1102230246251565e-16,0.19636484753502303,0.9999999999999994,0.31031783896808823,5,1,1
loco_log_variant,deepsets,44,J,25%,69,17,0.2463768115942029,0.32565115213162477,0.0,0.0,0.1593872206515416,1.0,0.3804899691914519,16,1,1
loco_log_variant,deepsets,44,J,50%,69,34,0.4927536231884058,0.38604401001371746,5.551115123125783e-17,5.551115123125783e-17,0.0989943627694489,0.9999999999999994,0.496630210801959,33,1,1
loco_log_variant,deepsets,45,terminal,10%,69,6,0.08695652173913043,0.009913157962728292,0.004631474381312728,0.004631474381312728,0.19091244854211833,0.976314915278005,0.04020433872938156,5,1,1
loco_log_variant,deepsets,45,terminal,25%,69,17,0.2463768115942029,0.03074239125228761,0.0,0.0,0.170083215252559,1.0,0.07436539232730865,16,1,1
loco_log_variant,deepsets,45,terminal,50%,69,34,0.4927536231884058,0.08786405259674854,0.0,0.0,0.11296155390809809,1.0,0.2021363079547882,33,1,1
loco_log_variant,deepsets,45,J,10%,69,6,0.08695652173913043,0.2886735252481433,1.1102230246251565e-16,1.1102230246251565e-16,0.19636484753502303,0.9999999999999994,0.3097270932048559,5,1,1
loco_log_variant,deepsets,45,J,25%,69,17,0.2463768115942029,0.32565115213162477,0.0,0.0,0.1593872206515416,1.0,0.3777077404782176,16,1,1
loco_log_variant,deepsets,45,J,50%,69,34,0.4927536231884058,0.38604401001371746,5.551115123125783e-17,5.551115123125783e-17,0.0989943627694489,0.9999999999999994,0.500474388897419,33,1,1
loco_log_variant,deepsets,46,terminal,10%,69,6,0.08695652173913043,0.014922336034942418,0.009640652453526855,0.009640652453526855,0.1859032704699042,0.9506982763289359,0.040057387202978134,5,1,1
loco_log_variant,deepsets,46,terminal,25%,69,17,0.2463768115942029,0.03074239125228761,0.0,0.0,0.170083215252559,1.0,0.07635030150413513,16,1,1
loco_log_variant,deepsets,46,terminal,50%,69,34,0.4927536231884058,0.08786405259674854,0.0,0.0,0.11296155390809809,1.0,0.20766863226890564,33,1,1
loco_log_variant,deepsets,46,J,10%,69,6,0.08695652173913043,0.2886735252481433,1.1102230246251565e-16,1.1102230246251565e-16,0.19636484753502303,0.9999999999999994,0.3084493962737421,5,1,1
loco_log_variant,deepsets,46,J,25%,69,17,0.2463768115942029,0.32565115213162477,0.0,0.0,0.1593872206515416,1.0,0.3771542478352785,16,1,1
loco_log_variant,deepsets,46,J,50%,69,34,0.4927536231884058,0.38604401001371746,5.551115123125783e-17,5.551115123125783e-17,0.0989943627694489,0.9999999999999994,0.4985717888921499,33,1,1
loco_log_variant,capacity_matched_deepsets,42,terminal,10%,69,6,0.08695652173913043,0.009913157962728292,0.004631474381312728,0.004631474381312728,0.19091244854211833,0.976314915278005,0.03393714874982834,5,1,1
loco_log_variant,capacity_matched_deepsets,42,terminal,25%,69,17,0.2463768115942029,0.03074239125228761,0.0,0.0,0.170083215252559,1.0,0.07692082226276398,16,1,1
loco_log_variant,capacity_matched_deepsets,42,terminal,50%,69,34,0.4927536231884058,0.08786405259674854,0.0,0.0,0.11296155390809809,1.0,0.204890638589859,33,1,1
loco_log_variant,capacity_matched_deepsets,42,J,10%,69,6,0.08695652173913043,0.28897067469095217,0.0002971494428089527,0.0002971494428089527,0.1960676980922142,0.9984867482823984,0.3123313984212776,5,1,1
loco_log_variant,capacity_matched_deepsets,42,J,25%,69,17,0.2463768115942029,0.32565115213162477,0.0,0.0,0.1593872206515416,1.0,0.3832133438438177,16,1,1
loco_log_variant,capacity_matched_deepsets,42,J,50%,69,34,0.4927536231884058,0.38604401001371746,5.551115123125783e-17,5.551115123125783e-17,0.0989943627694489,0.9999999999999994,0.5068343450625737,33,1,1
loco_log_variant,capacity_matched_deepsets,43,terminal,10%,69,6,0.08695652173913043,0.009913157962728292,0.004631474381312728,0.004631474381312728,0.19091244854211833,0.976314915278005,0.033574726432561874,5,1,1
loco_log_variant,capacity_matched_deepsets,43,terminal,25%,69,17,0.2463768115942029,0.03074239125228761,0.0,0.0,0.170083215252559,1.0,0.07060125470161438,16,1,1
loco_log_variant,capacity_matched_deepsets,43,terminal,50%,69,34,0.4927536231884058,0.08878808938007911,0.0009240367833305702,0.0009240367833305702,0.11203751712476752,0.9918199002106297,0.18828290700912476,33,1,1
loco_log_variant,capacity_matched_deepsets,43,J,10%,69,6,0.08695652173913043,0.28897067469095217,0.0002971494428089527,0.0002971494428089527,0.1960676980922142,0.9984867482823984,0.3100223489105701,5,1,1
loco_log_variant,capacity_matched_deepsets,43,J,25%,69,17,0.2463768115942029,0.32565115213162477,0.0,0.0,0.1593872206515416,1.0,0.37691024678448837,16,1,1
loco_log_variant,capacity_matched_deepsets,43,J,50%,69,34,0.4927536231884058,0.38604401001371746,5.551115123125783e-17,5.551115123125783e-17,0.0989943627694489,0.9999999999999994,0.49510528420408567,33,1,1
loco_log_variant,capacity_matched_deepsets,44,terminal,10%,69,6,0.08695652173913043,0.009913157962728292,0.004631474381312728,0.004631474381312728,0.19091244854211833,0.976314915278005,0.04583529755473137,5,1,1
loco_log_variant,capacity_matched_deepsets,44,terminal,25%,69,17,0.2463768115942029,0.03074239125228761,0.0,0.0,0.170083215252559,1.0,0.07839611172676086,16,1,1
loco_log_variant,capacity_matched_deepsets,44,terminal,50%,69,34,0.4927536231884058,0.08786405259674854,0.0,0.0,0.11296155390809809,1.0,0.19699899852275848,33,1,1
loco_log_variant,capacity_matched_deepsets,44,J,10%,69,6,0.08695652173913043,0.2886735252481433,1.1102230246251565e-16,1.1102230246251565e-16,0.19636484753502303,0.9999999999999994,0.31176223121583463,5,1,1
loco_log_variant,capacity_matched_deepsets,44,J,25%,69,17,0.2463768115942029,0.32565115213162477,0.0,0.0,0.1593872206515416,1.0,0.38147539012134074,16,1,1
loco_log_variant,capacity_matched_deepsets,44,J,50%,69,34,0.4927536231884058,0.38604401001371746,5.551115123125783e-17,5.551115123125783e-17,0.0989943627694489,0.9999999999999994,0.5092043753713369,33,1,1
loco_log_variant,capacity_matched_deepsets,45,terminal,10%,69,6,0.08695652173913043,0.009913157962728292,0.004631474381312728,0.004631474381312728,0.19091244854211833,0.976314915278005,0.036381952464580536,5,1,1
loco_log_variant,capacity_matched_deepsets,45,terminal,25%,69,17,0.2463768115942029,0.03074239125228761,0.0,0.0,0.170083215252559,1.0,0.07459516823291779,16,1,1
loco_log_variant,capacity_matched_deepsets,45,terminal,50%,69,34,0.4927536231884058,0.08878808938007911,0.0009240367833305702,0.0009240367833305702,0.11203751712476752,0.9918199002106297,0.21266913414001465,33,1,1
loco_log_variant,capacity_matched_deepsets,45,J,10%,69,6,0.08695652173913043,0.28897067469095217,0.0002971494428089527,0.0002971494428089527,0.1960676980922142,0.9984867482823984,0.31172783439978957,5,1,1
loco_log_variant,capacity_matched_deepsets,45,J,25%,69,17,0.2463768115942029,0.32565115213162477,0.0,0.0,0.1593872206515416,1.0,0.38136462395389875,16,1,1
loco_log_variant,capacity_matched_deepsets,45,J,50%,69,34,0.4927536231884058,0.38604401001371746,5.551115123125783e-17,5.551115123125783e-17,0.0989943627694489,0.9999999999999994,0.5062525097280741,33,1,1
loco_log_variant,capacity_matched_deepsets,46,terminal,10%,69,6,0.08695652173913043,0.014736049187680086,0.009454365606264522,0.009454365606264522,0.18608955731716653,0.9516509361941841,0.0455457828938961,5,1,1
loco_log_variant,capacity_matched_deepsets,46,terminal,25%,69,17,0.2463768115942029,0.03074239125228761,0.0,0.0,0.170083215252559,1.0,0.08105911314487457,16,1,1
loco_log_variant,capacity_matched_deepsets,46,terminal,50%,69,34,0.4927536231884058,0.08786405259674854,0.0,0.0,0.11296155390809809,1.0,0.20869790017604828,33,1,1
loco_log_variant,capacity_matched_deepsets,46,J,10%,69,6,0.08695652173913043,0.28897067469095217,0.0002971494428089527,0.0002971494428089527,0.1960676980922142,0.9984867482823984,0.31400469861303765,5,1,1
loco_log_variant,capacity_matched_deepsets,46,J,25%,69,17,0.2463768115942029,0.32565115213162477,0.0,0.0,0.1593872206515416,1.0,0.3842695467174053,16,1,1
loco_log_variant,capacity_matched_deepsets,46,J,50%,69,34,0.4927536231884058,0.38604401001371746,5.551115123125783e-17,5.551115123125783e-17,0.0989943627694489,0.9999999999999994,0.503253360837698,33,1,1
loco_log_variant,gnn,42,terminal,10%,69,6,0.08695652173913043,0.014922336034942418,0.009640652453526855,0.009640652453526855,0.1859032704699042,0.9506982763289359,0.037660758942365646,5,1,1
loco_log_variant,gnn,42,terminal,25%,69,17,0.2463768115942029,0.03074239125228761,0.0,0.0,0.170083215252559,1.0,0.07308627665042877,16,1,1
loco_log_variant,gnn,42,terminal,50%,69,34,0.4927536231884058,0.08786405259674854,0.0,0.0,0.11296155390809809,1.0,0.20655201375484467,33,1,1
loco_log_variant,gnn,42,J,10%,69,6,0.08695652173913043,0.2903173942631434,0.0016438690150001878,0.0016438690150001878,0.19472097852002296,0.9916284964664718,0.31094014371434847,5,1,1
loco_log_variant,gnn,42,J,25%,69,17,0.2463768115942029,0.32565115213162477,0.0,0.0,0.1593872206515416,1.0,0.38073466122150423,16,1,1
loco_log_variant,gnn,42,J,50%,69,34,0.4927536231884058,0.38604401001371746,5.551115123125783e-17,5.551115123125783e-17,0.0989943627694489,0.9999999999999994,0.49878528801103433,33,1,1
loco_log_variant,gnn,43,terminal,10%,69,6,0.08695652173913043,0.009913157962728292,0.004631474381312728,0.004631474381312728,0.19091244854211833,0.976314915278005,0.04236781969666481,5,1,1
loco_log_variant,gnn,43,terminal,25%,69,17,0.2463768115942029,0.03074239125228761,0.0,0.0,0.170083215252559,1.0,0.07313791662454605,16,1,1
loco_log_variant,gnn,43,terminal,50%,69,34,0.4927536231884058,0.08786405259674854,0.0,0.0,0.11296155390809809,1.0,0.20640134811401367,33,1,1
loco_log_variant,gnn,43,J,10%,69,6,0.08695652173913043,0.28897067469095217,0.0002971494428089527,0.0002971494428089527,0.1960676980922142,0.9984867482823984,0.3085314502939582,5,1,1
loco_log_variant,gnn,43,J,25%,69,17,0.2463768115942029,0.32565115213162477,0.0,0.0,0.1593872206515416,1.0,0.3802904160693288,16,1,1
loco_log_variant,gnn,43,J,50%,69,34,0.4927536231884058,0.38604401001371746,5.551115123125783e-17,5.551115123125783e-17,0.0989943627694489,0.9999999999999994,0.5068027719855308,33,1,1
loco_log_variant,gnn,44,terminal,10%,69,6,0.08695652173913043,0.007140650549748291,0.0018589669683327275,0.0018589669683327275,0.19368495595509833,0.990493353408581,0.035181690007448196,5,1,1
loco_log_variant,gnn,44,terminal,25%,69,17,0.2463768115942029,0.03074239125228761,0.0,0.0,0.170083215252559,1.0,0.08037728816270828,16,1,1
loco_log_variant,gnn,44,terminal,50%,69,34,0.4927536231884058,0.08839054918943849,0.000526496592689954,0.000526496592689954,0.11243505731540814,0.9953391523533901,0.20999643206596375,33,1,1
loco_log_variant,gnn,44,J,10%,69,6,0.08695652173913043,0.28897067469095217,0.0002971494428089527,0.0002971494428089527,0.1960676980922142,0.9984867482823984,0.30950564093266925,5,1,1
loco_log_variant,gnn,44,J,25%,69,17,0.2463768115942029,0.32565115213162477,0.0,0.0,0.1593872206515416,1.0,0.3776600143561761,16,1,1
loco_log_variant,gnn,44,J,50%,69,34,0.4927536231884058,0.3861638326686636,0.00011982265494620004,0.00011982265494620004,0.09887454011450275,0.9987896012298674,0.508662857239445,33,1,1
loco_log_variant,gnn,45,terminal,10%,69,6,0.08695652173913043,0.007140650549748291,0.0018589669683327275,0.0018589669683327275,0.19368495595509833,0.990493353408581,0.03802969306707382,5,1,1
loco_log_variant,gnn,45,terminal,25%,69,17,0.2463768115942029,0.03074239125228761,0.0,0.0,0.170083215252559,1.0,0.0742008164525032,16,1,1
loco_log_variant,gnn,45,terminal,50%,69,34,0.4927536231884058,0.08832982213660966,0.0004657695398611189,0.0004657695398611189,0.11249578436823697,0.9958767428054323,0.20723144710063934,33,1,1
loco_log_variant,gnn,45,J,10%,69,6,0.08695652173913043,0.28897067469095217,0.0002971494428089527,0.0002971494428089527,0.1960676980922142,0.9984867482823984,0.3087065674364567,5,1,1
loco_log_variant,gnn,45,J,25%,69,17,0.2463768115942029,0.32565115213162477,0.0,0.0,0.1593872206515416,1.0,0.3791662292554975,16,1,1
loco_log_variant,gnn,45,J,50%,69,34,0.4927536231884058,0.38604401001371746,5.551115123125783e-17,5.551115123125783e-17,0.0989943627694489,0.9999999999999994,0.5059869568794966,33,1,1
loco_log_variant,gnn,46,terminal,10%,69,6,0.08695652173913043,0.014736049187680086,0.009454365606264522,0.009454365606264522,0.18608955731716653,0.9516509361941841,0.04383060708642006,5,1,1
loco_log_variant,gnn,46,terminal,25%,69,17,0.2463768115942029,0.03074239125228761,0.0,0.0,0.170083215252559,1.0,0.07655815035104752,16,1,1
loco_log_variant,gnn,46,terminal,50%,69,34,0.4927536231884058,0.08786405259674854,0.0,0.0,0.11296155390809809,1.0,0.20777709782123566,33,1,1
loco_log_variant,gnn,46,J,10%,69,6,0.08695652173913043,0.28897067469095217,0.0002971494428089527,0.0002971494428089527,0.1960676980922142,0.9984867482823984,0.30977243979771935,5,1,1
loco_log_variant,gnn,46,J,25%,69,17,0.2463768115942029,0.32565115213162477,0.0,0.0,0.1593872206515416,1.0,0.3764283578221997,16,1,1
loco_log_variant,gnn,46,J,50%,69,34,0.4927536231884058,0.38604401001371746,5.551115123125783e-17,5.551115123125783e-17,0.0989943627694489,0.9999999999999994,0.511169541751345,33,1,1
loco_log_variant,gnn_zero_edge_features,42,terminal,10%,69,6,0.08695652173913043,0.009913157962728292,0.004631474381312728,0.004631474381312728,0.19091244854211833,0.976314915278005,0.04014626517891884,5,1,1
loco_log_variant,gnn_zero_edge_features,42,terminal,25%,69,17,0.2463768115942029,0.03074239125228761,0.0,0.0,0.170083215252559,1.0,0.07928647100925446,16,1,1
loco_log_variant,gnn_zero_edge_features,42,terminal,50%,69,34,0.4927536231884058,0.08786405259674854,0.0,0.0,0.11296155390809809,1.0,0.20559245347976685,33,1,1
loco_log_variant,gnn_zero_edge_features,42,J,10%,69,6,0.08695652173913043,0.28897067469095217,0.0002971494428089527,0.0002971494428089527,0.1960676980922142,0.9984867482823984,0.30999065494785705,5,1,1
loco_log_variant,gnn_zero_edge_features,42,J,25%,69,17,0.2463768115942029,0.32565115213162477,0.0,0.0,0.1593872206515416,1.0,0.3852269350240628,16,1,1
loco_log_variant,gnn_zero_edge_features,42,J,50%,69,34,0.4927536231884058,0.38604401001371746,5.551115123125783e-17,5.551115123125783e-17,0.0989943627694489,0.9999999999999994,0.5051713849107424,33,1,1
loco_log_variant,gnn_zero_edge_features,43,terminal,10%,69,6,0.08695652173913043,0.014736049187680086,0.009454365606264522,0.009454365606264522,0.18608955731716653,0.9516509361941841,0.04601072520017624,5,1,1
loco_log_variant,gnn_zero_edge_features,43,terminal,25%,69,17,0.2463768115942029,0.03074239125228761,0.0,0.0,0.170083215252559,1.0,0.07758961617946625,16,1,1
loco_log_variant,gnn_zero_edge_features,43,terminal,50%,69,34,0.4927536231884058,0.08786405259674854,0.0,0.0,0.11296155390809809,1.0,0.2057456225156784,33,1,1
loco_log_variant,gnn_zero_edge_features,43,J,10%,69,6,0.08695652173913043,0.28897067469095217,0.0002971494428089527,0.0002971494428089527,0.1960676980922142,0.9984867482823984,0.3094646193087101,5,1,1
loco_log_variant,gnn_zero_edge_features,43,J,25%,69,17,0.2463768115942029,0.32565115213162477,0.0,0.0,0.1593872206515416,1.0,0.3822607738276323,16,1,1
loco_log_variant,gnn_zero_edge_features,43,J,50%,69,34,0.4927536231884058,0.38604401001371746,5.551115123125783e-17,5.551115123125783e-17,0.0989943627694489,0.9999999999999994,0.5017918242762486,33,1,1
loco_log_variant,gnn_zero_edge_features,44,terminal,10%,69,6,0.08695652173913043,0.007140650549748291,0.0018589669683327275,0.0018589669683327275,0.19368495595509833,0.990493353408581,0.039630696177482605,5,1,1
loco_log_variant,gnn_zero_edge_features,44,terminal,25%,69,17,0.2463768115942029,0.03074239125228761,0.0,0.0,0.170083215252559,1.0,0.07269706577062607,16,1,1
loco_log_variant,gnn_zero_edge_features,44,terminal,50%,69,34,0.4927536231884058,0.08786405259674854,0.0,0.0,0.11296155390809809,1.0,0.1956256479024887,33,1,1
loco_log_variant,gnn_zero_edge_features,44,J,10%,69,6,0.08695652173913043,0.2903173942631434,0.0016438690150001878,0.0016438690150001878,0.19472097852002296,0.9916284964664718,0.3106856762121121,5,1,1
loco_log_variant,gnn_zero_edge_features,44,J,25%,69,17,0.2463768115942029,0.32565115213162477,0.0,0.0,0.1593872206515416,1.0,0.3824539958809813,16,1,1
loco_log_variant,gnn_zero_edge_features,44,J,50%,69,34,0.4927536231884058,0.38604401001371746,5.551115123125783e-17,5.551115123125783e-17,0.0989943627694489,0.9999999999999994,0.5058315382649501,33,1,1
loco_log_variant,gnn_zero_edge_features,45,terminal,10%,69,6,0.08695652173913043,0.009913157962728292,0.004631474381312728,0.004631474381312728,0.19091244854211833,0.976314915278005,0.04222571477293968,5,1,1
loco_log_variant,gnn_zero_edge_features,45,terminal,25%,69,17,0.2463768115942029,0.03074239125228761,0.0,0.0,0.170083215252559,1.0,0.07565616816282272,16,1,1
loco_log_variant,gnn_zero_edge_features,45,terminal,50%,69,34,0.4927536231884058,0.08878808938007911,0.0009240367833305702,0.0009240367833305702,0.11203751712476752,0.9918199002106297,0.216474711894989,33,1,1
loco_log_variant,gnn_zero_edge_features,45,J,10%,69,6,0.08695652173913043,0.28897067469095217,0.0002971494428089527,0.0002971494428089527,0.1960676980922142,0.9984867482823984,0.3109621791789929,5,1,1
loco_log_variant,gnn_zero_edge_features,45,J,25%,69,17,0.2463768115942029,0.32565115213162477,0.0,0.0,0.1593872206515416,1.0,0.38660159266243377,16,1,1
loco_log_variant,gnn_zero_edge_features,45,J,50%,69,34,0.4927536231884058,0.38604401001371746,5.551115123125783e-17,5.551115123125783e-17,0.0989943627694489,0.9999999999999994,0.5117960872749487,33,1,1
loco_log_variant,gnn_zero_edge_features,46,terminal,10%,69,6,0.08695652173913043,0.009913157962728292,0.004631474381312728,0.004631474381312728,0.19091244854211833,0.976314915278005,0.04651058465242386,5,1,1
loco_log_variant,gnn_zero_edge_features,46,terminal,25%,69,17,0.2463768115942029,0.03074239125228761,0.0,0.0,0.170083215252559,1.0,0.08610234409570694,16,1,1
loco_log_variant,gnn_zero_edge_features,46,terminal,50%,69,34,0.4927536231884058,0.08786405259674854,0.0,0.0,0.11296155390809809,1.0,0.20896963775157928,33,1,1
loco_log_variant,gnn_zero_edge_features,46,J,10%,69,6,0.08695652173913043,0.28897067469095217,0.0002971494428089527,0.0002971494428089527,0.1960676980922142,0.9984867482823984,0.3075888413625459,5,1,1
loco_log_variant,gnn_zero_edge_features,46,J,25%,69,17,0.2463768115942029,0.32565115213162477,0.0,0.0,0.1593872206515416,1.0,0.3914310021325946,16,1,1
loco_log_variant,gnn_zero_edge_features,46,J,50%,69,34,0.4927536231884058,0.38604401001371746,5.551115123125783e-17,5.551115123125783e-17,0.0989943627694489,0.9999999999999994,0.5080120676507552,33,1,1
loco_log_variant,gnn_mean,42,terminal,10%,69,6,0.08695652173913043,0.009913157962728292,0.004631474381312728,0.004631474381312728,0.19091244854211833,0.976314915278005,0.037785399705171585,5,1,1
loco_log_variant,gnn_mean,42,terminal,25%,69,17,0.2463768115942029,0.03074239125228761,0.0,0.0,0.170083215252559,1.0,0.07662014663219452,16,1,1
loco_log_variant,gnn_mean,42,terminal,50%,69,34,0.4927536231884058,0.08786405259674854,0.0,0.0,0.11296155390809809,1.0,0.2068445235490799,33,1,1
loco_log_variant,gnn_mean,42,J,10%,69,6,0.08695652173913043,0.28897067469095217,0.0002971494428089527,0.0002971494428089527,0.1960676980922142,0.9984867482823984,0.31038589648281534,5,1,1
loco_log_variant,gnn_mean,42,J,25%,69,17,0.2463768115942029,0.32565115213162477,0.0,0.0,0.1593872206515416,1.0,0.3775039608279864,16,1,1
loco_log_variant,gnn_mean,42,J,50%,69,34,0.4927536231884058,0.38604401001371746,5.551115123125783e-17,5.551115123125783e-17,0.0989943627694489,0.9999999999999994,0.4985659345984459,33,1,1
loco_log_variant,gnn_mean,43,terminal,10%,69,6,0.08695652173913043,0.009913157962728292,0.004631474381312728,0.004631474381312728,0.19091244854211833,0.976314915278005,0.03445804491639137,5,1,1
loco_log_variant,gnn_mean,43,terminal,25%,69,17,0.2463768115942029,0.03074239125228761,0.0,0.0,0.170083215252559,1.0,0.07552219927310944,16,1,1
loco_log_variant,gnn_mean,43,terminal,50%,69,34,0.4927536231884058,0.08786405259674854,0.0,0.0,0.11296155390809809,1.0,0.213298961520195,33,1,1
loco_log_variant,gnn_mean,43,J,10%,69,6,0.08695652173913043,0.28897067469095217,0.0002971494428089527,0.0002971494428089527,0.1960676980922142,0.9984867482823984,0.309586098883301,5,1,1
loco_log_variant,gnn_mean,43,J,25%,69,17,0.2463768115942029,0.32565115213162477,0.0,0.0,0.1593872206515416,1.0,0.3779864794885119,16,1,1
loco_log_variant,gnn_mean,43,J,50%,69,34,0.4927536231884058,0.38604401001371746,5.551115123125783e-17,5.551115123125783e-17,0.0989943627694489,0.9999999999999994,0.5073025900870561,33,1,1
loco_log_variant,gnn_mean,44,terminal,10%,69,6,0.08695652173913043,0.007140650549748291,0.0018589669683327275,0.0018589669683327275,0.19368495595509833,0.990493353408581,0.037605926394462585,5,1,1
loco_log_variant,gnn_mean,44,terminal,25%,69,17,0.2463768115942029,0.03074239125228761,0.0,0.0,0.170083215252559,1.0,0.06624659895896912,16,1,1
loco_log_variant,gnn_mean,44,terminal,50%,69,34,0.4927536231884058,0.08786405259674854,0.0,0.0,0.11296155390809809,1.0,0.19504962861537933,33,1,1
loco_log_variant,gnn_mean,44,J,10%,69,6,0.08695652173913043,0.28897067469095217,0.0002971494428089527,0.0002971494428089527,0.1960676980922142,0.9984867482823984,0.30745705018440883,5,1,1
loco_log_variant,gnn_mean,44,J,25%,69,17,0.2463768115942029,0.32565115213162477,0.0,0.0,0.1593872206515416,1.0,0.3788535866886377,16,1,1
loco_log_variant,gnn_mean,44,J,50%,69,34,0.4927536231884058,0.38604401001371746,5.551115123125783e-17,5.551115123125783e-17,0.0989943627694489,0.9999999999999994,0.5048138276984294,33,1,1
loco_log_variant,gnn_mean,45,terminal,10%,69,6,0.08695652173913043,0.009913157962728292,0.004631474381312728,0.004631474381312728,0.19091244854211833,0.976314915278005,0.03647703677415848,5,1,1
loco_log_variant,gnn_mean,45,terminal,25%,69,17,0.2463768115942029,0.03074239125228761,0.0,0.0,0.170083215252559,1.0,0.07505405694246292,16,1,1
loco_log_variant,gnn_mean,45,terminal,50%,69,34,0.4927536231884058,0.08786405259674854,0.0,0.0,0.11296155390809809,1.0,0.20364226400852203,33,1,1
loco_log_variant,gnn_mean,45,J,10%,69,6,0.08695652173913043,0.2886735252481433,1.1102230246251565e-16,1.1102230246251565e-16,0.19636484753502303,0.9999999999999994,0.3140432269933323,5,1,1
loco_log_variant,gnn_mean,45,J,25%,69,17,0.2463768115942029,0.32565115213162477,0.0,0.0,0.1593872206515416,1.0,0.37930000902463995,16,1,1
loco_log_variant,gnn_mean,45,J,50%,69,34,0.4927536231884058,0.38604401001371746,5.551115123125783e-17,5.551115123125783e-17,0.0989943627694489,0.9999999999999994,0.5049006794889768,33,1,1
loco_log_variant,gnn_mean,46,terminal,10%,69,6,0.08695652173913043,0.009913157962728292,0.004631474381312728,0.004631474381312728,0.19091244854211833,0.976314915278005,0.036063820123672485,5,1,1
loco_log_variant,gnn_mean,46,terminal,25%,69,17,0.2463768115942029,0.03074239125228761,0.0,0.0,0.170083215252559,1.0,0.0787435919046402,16,1,1
loco_log_variant,gnn_mean,46,terminal,50%,69,34,0.4927536231884058,0.08786405259674854,0.0,0.0,0.11296155390809809,1.0,0.20548543334007263,33,1,1
loco_log_variant,gnn_mean,46,J,10%,69,6,0.08695652173913043,0.2903173942631434,0.0016438690150001878,0.0016438690150001878,0.19472097852002296,0.9916284964664718,0.30648981711516776,5,1,1
loco_log_variant,gnn_mean,46,J,25%,69,17,0.2463768115942029,0.32565115213162477,0.0,0.0,0.1593872206515416,1.0,0.3801389591147502,16,1,1
loco_log_variant,gnn_mean,46,J,50%,69,34,0.4927536231884058,0.38604401001371746,5.551115123125783e-17,5.551115123125783e-17,0.0989943627694489,0.9999999999999994,0.5012941539287568,33,1,1
loco_external_fire,fire_only,42,terminal,10%,49,4,0.08163265306122448,0.21260092392259713,0.0262429936199772,0.0262429936199772,0.0,0.0,0.21267338522842952,0,49,4
loco_external_fire,fire_only,42,terminal,25%,49,12,0.24489795918367346,0.21260092392259713,0.020251703606981808,0.020251703606981808,0.0,0.0,0.21267338522842952,0,49,12
loco_external_fire,fire_only,42,terminal,50%,49,24,0.4897959183673469,0.21260092392259713,0.013474328912237044,0.013474328912237044,0.0,0.0,0.21267338522842952,0,49,24
loco_external_fire,fire_only,42,J,10%,49,4,0.08163265306122448,0.4502963636349253,0.02512849506915732,0.02512849506915732,0.0,0.0,0.4509127455630472,0,49,4
loco_external_fire,fire_only,42,J,25%,49,12,0.24489795918367346,0.45029636363492526,0.018904473743234562,0.018904473743234562,5.551115123125783e-17,2.9364028845882955e-15,0.4509127455630472,0,49,12
loco_external_fire,fire_only,42,J,50%,49,24,0.4897959183673469,0.45029636363492526,0.011304925032310509,0.011304925032310509,5.551115123125783e-17,4.910351114456895e-15,0.4509127455630472,0,49,24
loco_external_fire,fire_only,43,terminal,10%,49,4,0.08163265306122448,0.21260092392259713,0.0262429936199772,0.0262429936199772,0.0,0.0,0.214328477273182,0,49,4
loco_external_fire,fire_only,43,terminal,25%,49,12,0.24489795918367346,0.21260092392259713,0.020251703606981808,0.020251703606981808,0.0,0.0,0.214328477273182,0,49,12
loco_external_fire,fire_only,43,terminal,50%,49,24,0.4897959183673469,0.21260092392259713,0.013474328912237044,0.013474328912237044,0.0,0.0,0.214328477273182,0,49,24
loco_external_fire,fire_only,43,J,10%,49,4,0.08163265306122448,0.4502963636349253,0.02512849506915732,0.02512849506915732,0.0,0.0,0.45096323760543144,0,49,4
loco_external_fire,fire_only,43,J,25%,49,12,0.24489795918367346,0.45029636363492526,0.018904473743234562,0.018904473743234562,5.551115123125783e-17,2.9364028845882955e-15,0.45096323760543144,0,49,12
loco_external_fire,fire_only,43,J,50%,49,24,0.4897959183673469,0.45029636363492526,0.011304925032310509,0.011304925032310509,5.551115123125783e-17,4.910351114456895e-15,0.45096323760543144,0,49,24
loco_external_fire,fire_only,44,terminal,10%,49,4,0.08163265306122448,0.21260092392259713,0.0262429936199772,0.0262429936199772,0.0,0.0,0.21545997322822102,0,49,4
loco_external_fire,fire_only,44,terminal,25%,49,12,0.24489795918367346,0.21260092392259713,0.020251703606981808,0.020251703606981808,0.0,0.0,0.21545997322822102,0,49,12
loco_external_fire,fire_only,44,terminal,50%,49,24,0.4897959183673469,0.21260092392259713,0.013474328912237044,0.013474328912237044,0.0,0.0,0.21545997322822102,0,49,24
loco_external_fire,fire_only,44,J,10%,49,4,0.08163265306122448,0.4502963636349253,0.02512849506915732,0.02512849506915732,0.0,0.0,0.4504572982944194,0,49,4
loco_external_fire,fire_only,44,J,25%,49,12,0.24489795918367346,0.45029636363492526,0.018904473743234562,0.018904473743234562,5.551115123125783e-17,2.9364028845882955e-15,0.4504572982944194,0,49,12
loco_external_fire,fire_only,44,J,50%,49,24,0.4897959183673469,0.45029636363492526,0.011304925032310509,0.011304925032310509,5.551115123125783e-17,4.910351114456895e-15,0.4504572982944194,0,49,24
loco_external_fire,fire_only,45,terminal,10%,49,4,0.08163265306122448,0.21260092392259713,0.0262429936199772,0.0262429936199772,0.0,0.0,0.21472308891160147,0,49,4
loco_external_fire,fire_only,45,terminal,25%,49,12,0.24489795918367346,0.21260092392259713,0.020251703606981808,0.020251703606981808,0.0,0.0,0.21472308891160147,0,49,12
loco_external_fire,fire_only,45,terminal,50%,49,24,0.4897959183673469,0.21260092392259713,0.013474328912237044,0.013474328912237044,0.0,0.0,0.21472308891160147,0,49,24
loco_external_fire,fire_only,45,J,10%,49,4,0.08163265306122448,0.4502963636349253,0.02512849506915732,0.02512849506915732,0.0,0.0,0.4496535879616834,0,49,4
loco_external_fire,fire_only,45,J,25%,49,12,0.24489795918367346,0.45029636363492526,0.018904473743234562,0.018904473743234562,5.551115123125783e-17,2.9364028845882955e-15,0.4496535879616834,0,49,12
loco_external_fire,fire_only,45,J,50%,49,24,0.4897959183673469,0.45029636363492526,0.011304925032310509,0.011304925032310509,5.551115123125783e-17,4.910351114456895e-15,0.4496535879616834,0,49,24
loco_external_fire,fire_only,46,terminal,10%,49,4,0.08163265306122448,0.21260092392259713,0.0262429936199772,0.0262429936199772,0.0,0.0,0.21986315323382008,0,49,4
loco_external_fire,fire_only,46,terminal,25%,49,12,0.24489795918367346,0.21260092392259713,0.020251703606981808,0.020251703606981808,0.0,0.0,0.21986315323382008,0,49,12
loco_external_fire,fire_only,46,terminal,50%,49,24,0.4897959183673469,0.21260092392259713,0.013474328912237044,0.013474328912237044,0.0,0.0,0.21986315323382008,0,49,24
loco_external_fire,fire_only,46,J,10%,49,4,0.08163265306122448,0.4502963636349253,0.02512849506915732,0.02512849506915732,0.0,0.0,0.4521287927061928,0,49,4
loco_external_fire,fire_only,46,J,25%,49,12,0.24489795918367346,0.45029636363492526,0.018904473743234562,0.018904473743234562,5.551115123125783e-17,2.9364028845882955e-15,0.4521287927061928,0,49,12
loco_external_fire,fire_only,46,J,50%,49,24,0.4897959183673469,0.45029636363492526,0.011304925032310509,0.011304925032310509,5.551115123125783e-17,4.910351114456895e-15,0.4521287927061928,0,49,24
loco_external_fire,global_stats,42,terminal,10%,49,4,0.08163265306122448,0.19794156774878502,0.011583637446165085,0.011583637446165085,0.014659356173812116,0.5586007597339366,0.1968735307455063,3,1,1
loco_external_fire,global_stats,42,terminal,25%,49,12,0.24489795918367346,0.2023537096877893,0.010004489372173964,0.010004489372173964,0.010247214234807844,0.5059927023262922,0.20011675357818604,11,1,1
loco_external_fire,global_stats,42,terminal,50%,49,24,0.4897959183673469,0.20330991223454475,0.004183317224184663,0.004183317224184663,0.00929101168805238,0.6895342802278279,0.20514996349811554,23,1,1
loco_external_fire,global_stats,42,J,10%,49,4,0.08163265306122448,0.4393704056429366,0.01420253707716862,0.01420253707716862,0.0109259579919887,0.43480351536846334,0.4369349341839552,3,1,1
loco_external_fire,global_stats,42,J,25%,49,12,0.24489795918367346,0.4422772735046843,0.010885383612993627,0.010885383612993627,0.008019090130240991,0.4241900747494121,0.43991661742329596,11,1,1
loco_external_fire,global_stats,42,J,50%,49,24,0.4897959183673469,0.4434456736780703,0.004454235075455559,0.004454235075455559,0.006850689956855005,0.605991630840105,0.44403686535855136,23,1,1
loco_external_fire,global_stats,43,terminal,10%,49,4,0.08163265306122448,0.19794156774878502,0.011583637446165085,0.011583637446165085,0.014659356173812116,0.5586007597339366,0.20369979739189148,3,1,1
loco_external_fire,global_stats,43,terminal,25%,49,12,0.24489795918367346,0.20348293706774712,0.01113371675213179,0.01113371675213179,0.009117986854850019,0.45023307825355385,0.20474228262901306,11,1,1
loco_external_fire,global_stats,43,terminal,50%,49,24,0.4897959183673469,0.20428934196631113,0.005162746955951036,0.005162746955951036,0.008311581956286007,0.6168457078955256,0.20748955011367798,23,1,1
loco_external_fire,global_stats,43,J,10%,49,4,0.08163265306122448,0.4393704056429366,0.01420253707716862,0.01420253707716862,0.0109259579919887,0.43480351536846334,0.44319236824909847,3,1,1
loco_external_fire,global_stats,43,J,25%,49,12,0.24489795918367346,0.4422772735046843,0.010885383612993627,0.010885383612993627,0.008019090130240991,0.4241900747494121,0.44453647298117477,11,1,1
loco_external_fire,global_stats,43,J,50%,49,24,0.4897959183673469,0.443281493568793,0.004290054966178236,0.004290054966178236,0.007014870066132328,0.6205145143451332,0.4476351658503214,23,1,1
loco_external_fire,global_stats,44,terminal,10%,49,4,0.08163265306122448,0.19794156774878502,0.011583637446165085,0.011583637446165085,0.014659356173812116,0.5586007597339366,0.19856232404708862,3,1,1
loco_external_fire,global_stats,44,terminal,25%,49,12,0.24489795918367346,0.20185136049985886,0.00950214018424353,0.00950214018424353,0.010749563422738279,0.5307979827945116,0.20117422938346863,11,1,1
loco_external_fire,global_stats,44,terminal,50%,49,24,0.4897959183673469,0.20330991223454475,0.004183317224184663,0.004183317224184663,0.00929101168805238,0.6895342802278279,0.20430149137973785,23,1,1
loco_external_fire,global_stats,44,J,10%,49,4,0.08163265306122448,0.4332408826798201,0.00807301411405209,0.00807301411405209,0.01705548095510523,0.6787306962938303,0.43826525285840034,3,1,1
loco_external_fire,global_stats,44,J,25%,49,12,0.24489795918367346,0.44106514861600266,0.009673258724311962,0.009673258724311962,0.009231215018922656,0.48830848953022293,0.44035982179145017,11,1,1
loco_external_fire,global_stats,44,J,50%,49,24,0.4897959183673469,0.4434456736780703,0.004454235075455559,0.004454235075455559,0.006850689956855005,0.605991630840105,0.4445210412144661,23,1,1
loco_external_fire,global_stats,45,terminal,10%,49,4,0.08163265306122448,0.1975894533097744,0.011231523007154465,0.011231523007154465,0.015011470612822736,0.5720182243764832,0.19302435219287872,3,1,1
loco_external_fire,global_stats,45,terminal,25%,49,12,0.24489795918367346,0.20083698630332947,0.008487765987714141,0.008487765987714141,0.011763937619267667,0.5808863218406984,0.1961585432291031,11,1,1
loco_external_fire,global_stats,45,terminal,50%,49,24,0.4897959183673469,0.20428934196631113,0.005162746955951036,0.005162746955951036,0.008311581956286007,0.6168457078955256,0.2028047740459442,23,1,1
loco_external_fire,global_stats,45,J,10%,49,4,0.08163265306122448,0.4393704056429366,0.01420253707716862,0.01420253707716862,0.0109259579919887,0.43480351536846334,0.4372462126115958,3,1,1
loco_external_fire,global_stats,45,J,25%,49,12,0.24489795918367346,0.4421115775696105,0.01071968767791981,0.01071968767791981,0.008184786065314809,0.43295498073538885,0.4396855168044567,11,1,1
loco_external_fire,global_stats,45,J,50%,49,24,0.4897959183673469,0.443281493568793,0.004290054966178236,0.004290054966178236,0.007014870066132328,0.6205145143451332,0.44377951386074227,23,1,1
loco_external_fire,global_stats,46,terminal,10%,49,4,0.08163265306122448,0.1975894533097744,0.011231523007154465,0.011231523007154465,0.015011470612822736,0.5720182243764832,0.19895678758621216,3,1,1
loco_external_fire,global_stats,46,terminal,25%,49,12,0.24489795918367346,0.20083698630332947,0.008487765987714141,0.008487765987714141,0.011763937619267667,0.5808863218406984,0.202179953455925,11,1,1
loco_external_fire,global_stats,46,terminal,50%,49,24,0.4897959183673469,0.20486700472732386,0.005740409716963768,0.005740409716963768,0.0077339191952732755,0.5739743512012332,0.20597371459007263,23,1,1
loco_external_fire,global_stats,46,J,10%,49,4,0.08163265306122448,0.43599770848328867,0.010829839917520678,0.010829839917520678,0.014298655151636641,0.5690215475413325,0.4397660036881765,3,1,1
loco_external_fire,global_stats,46,J,25%,49,12,0.24489795918367346,0.44106514861600266,0.009673258724311962,0.009673258724311962,0.009231215018922656,0.48830848953022293,0.44240920009712376,11,1,1
loco_external_fire,global_stats,46,J,50%,49,24,0.4897959183673469,0.44403420165181157,0.005042763049196819,0.005042763049196819,0.006262161983113745,0.5539321990385503,0.4461572006344795,23,1,1
loco_external_fire,deepsets,42,terminal,10%,49,4,0.08163265306122448,0.1999496966600418,0.013591766357421875,0.013591766357421875,0.012651227262555326,0.4820801866493125,0.1961965560913086,3,1,1
loco_external_fire,deepsets,42,terminal,25%,49,12,0.24489795918367346,0.19824961945414543,0.005900399138530105,0.005900399138530105,0.014351304468451703,0.7086467759435343,0.20722706615924835,11,1,1
loco_external_fire,deepsets,42,terminal,50%,49,24,0.4897959183673469,0.2003733708212773,0.0012467758109172,0.0012467758109172,0.012227553101319844,0.9074702852336557,0.21467113494873047,23,1,1
loco_external_fire,deepsets,42,J,10%,49,4,0.08163265306122448,0.4347963363553087,0.009628467789540684,0.009628467789540684,0.015500027279616635,0.6168307030308929,0.4312103882431984,3,1,1
loco_external_fire,deepsets,42,J,25%,49,12,0.24489795918367346,0.43794451882648805,0.006552628934797355,0.006552628934797355,0.012351844808437262,0.6533821028928479,0.44050061255693435,11,1,1
loco_external_fire,deepsets,42,J,50%,49,24,0.4897959183673469,0.43952228083378736,0.0005308422311726124,0.0005308422311726124,0.010774082801137952,0.9530432771862339,0.4448267980168263,23,1,1
loco_external_fire,deepsets,43,terminal,10%,49,4,0.08163265306122448,0.19155146554112434,0.00519353523850441,0.00519353523850441,0.02104945838147279,0.8020982166245361,0.1981150507926941,3,1,1
loco_external_fire,deepsets,43,terminal,25%,49,12,0.24489795918367346,0.19715550790230432,0.004806287586688995,0.004806287586688995,0.015445416020292813,0.7626724309241806,0.2035887986421585,11,1,1
loco_external_fire,deepsets,43,terminal,50%,49,24,0.4897959183673469,0.20085513095060983,0.0017285359402497424,0.0017285359402497424,0.011745792971987301,0.8717163614226509,0.21002551913261414,23,1,1
loco_external_fire,deepsets,43,J,10%,49,4,0.08163265306122448,0.42866681339219215,0.003498944826424155,0.003498944826424155,0.021629550242733164,0.8607578839562599,0.43152283430099486,3,1,1
loco_external_fire,deepsets,43,J,25%,49,12,0.24489795918367346,0.4363482086608807,0.004956318769190005,0.004956318769190005,0.013948154974044613,0.7378229705567058,0.439360806842645,11,1,1
loco_external_fire,deepsets,43,J,50%,49,24,0.4897959183673469,0.4407675460136185,0.0017761074110037578,0.0017761074110037578,0.009528817621306807,0.8428908280304848,0.44505906899770104,23,1,1
loco_external_fire,deepsets,44,terminal,10%,49,4,0.08163265306122448,0.19355960190296173,0.007201671600341797,0.007201671600341797,0.019041322019635404,0.7255773596324925,0.19056597352027893,3,1,1
loco_external_fire,deepsets,44,terminal,25%,49,12,0.24489795918367346,0.19774926702181497,0.005400046706199646,0.005400046706199646,0.014851656900782162,0.7333534594917748,0.1991143375635147,11,1,1
loco_external_fire,deepsets,44,terminal,50%,49,24,0.4897959183673469,0.20199413349231085,0.00286753848195076,0.00286753848195076,0.010606790430286284,0.7871850612651637,0.21056820452213287,23,1,1
loco_external_fire,deepsets,44,J,10%,49,4,0.08163265306122448,0.4327499153713385,0.007582046805570508,0.007582046805570508,0.01754644826358681,0.6982689657815322,0.43474945686757566,3,1,1
loco_external_fire,deepsets,44,J,25%,49,12,0.24489795918367346,0.43581420542258353,0.00442231553089284,0.00442231553089284,0.014482158212341778,0.7660704238077263,0.4404768478125334,11,1,1
loco_external_fire,deepsets,44,J,50%,49,24,0.4897959183673469,0.4404181411955505,0.001426702592935758,0.001426702592935758,0.009878222439374806,0.8737981376384094,0.4483471636970838,23,1,1
loco_external_fire,deepsets,45,terminal,10%,49,4,0.08163265306122448,0.1981772892177105,0.011819358915090561,0.011819358915090561,0.01442363470488664,0.5496184967978196,0.19011469185352325,3,1,1
loco_external_fire,deepsets,45,terminal,25%,49,12,0.24489795918367346,0.1965304265419642,0.004181206226348877,0.004181206226348877,0.01607049738063293,0.793538049564018,0.19411607086658478,11,1,1
loco_external_fire,deepsets,45,terminal,50%,49,24,0.4897959183673469,0.20152939421435198,0.00240279920399189,0.00240279920399189,0.011071529708245154,0.8216757792063597,0.20654931664466858,23,1,1
loco_external_fire,deepsets,45,J,10%,49,4,0.08163265306122448,0.42964747402196124,0.0044796054561932475,0.0044796054561932475,0.020648889612964072,0.821732043886245,0.43460247901578747,3,1,1
loco_external_fire,deepsets,45,J,25%,49,12,0.24489795918367346,0.43719977478807176,0.005807884896381066,0.005807884896381066,0.013096588846853552,0.6927772243086351,0.4388631338874499,11,1,1
loco_external_fire,deepsets,45,J,50%,49,24,0.4897959183673469,0.4396029897913751,0.0006115511887603287,0.0006115511887603287,0.010693373843550236,0.9459040031656595,0.4461153430243333,23,1,1
loco_external_fire,deepsets,46,terminal,10%,49,4,0.08163265306122448,0.19533200934529305,0.008974079042673111,0.008974079042673111,0.01726891457730409,0.6580390494839854,0.18855959177017212,3,1,1
loco_external_fire,deepsets,46,terminal,25%,49,12,0.24489795918367346,0.19824961945414543,0.005900399138530105,0.005900399138530105,0.014351304468451703,0.7086467759435343,0.19837737083435059,11,1,1
loco_external_fire,deepsets,46,terminal,50%,49,24,0.4897959183673469,0.20171987762053809,0.0025932826101779938,0.0025932826101779938,0.01088104630205905,0.8075390153328645,0.2058318555355072,23,1,1
loco_external_fire,deepsets,46,J,10%,49,4,0.08163265306122448,0.43346030510341127,0.008292436537643277,0.008292436537643277,0.016836058531514042,0.669998680190705,0.42997819346686206,3,1,1
loco_external_fire,deepsets,46,J,25%,49,12,0.24489795918367346,0.43723540706560016,0.005843517173909463,0.005843517173909463,0.013060956569325155,0.6908923647768458,0.4406535924722751,11,1,1
loco_external_fire,deepsets,46,J,50%,49,24,0.4897959183673469,0.43952228083378736,0.0005308422311726124,0.0005308422311726124,0.010774082801137952,0.9530432771862339,0.44529198557138444,23,1,1
loco_external_fire,capacity_matched_deepsets,42,terminal,10%,49,4,0.08163265306122448,0.1930907517671585,0.006732821464538574,0.006732821464538574,0.019510172155438626,0.7434430857227627,0.1921594887971878,3,1,1
loco_external_fire,capacity_matched_deepsets,42,terminal,25%,49,12,0.24489795918367346,0.19616820911566415,0.003818988800048828,0.003818988800048828,0.01643271480693298,0.8114238251673689,0.1996956765651703,11,1,1
loco_external_fire,capacity_matched_deepsets,42,terminal,50%,49,24,0.4897959183673469,0.20169182556370893,0.0025652305533488406,0.0025652305533488406,0.010909098358888203,0.8096209043094411,0.2087417095899582,23,1,1
loco_external_fire,capacity_matched_deepsets,42,J,10%,49,4,0.08163265306122448,0.4325806827594836,0.007412814193715589,0.007412814193715589,0.01771568087544173,0.7050036552800145,0.43057883679866793,3,1,1
loco_external_fire,capacity_matched_deepsets,42,J,25%,49,12,0.24489795918367346,0.43482317304652596,0.003431283154835263,0.003431283154835263,0.015473190588399355,0.8184935903828996,0.4395537465810776,11,1,1
loco_external_fire,capacity_matched_deepsets,42,J,50%,49,24,0.4897959183673469,0.4395879073844602,0.0005964687818454384,0.0005964687818454384,0.010708456250465126,0.9472381479628859,0.44664065626760324,23,1,1
loco_external_fire,capacity_matched_deepsets,43,terminal,10%,49,4,0.08163265306122448,0.19577500596642494,0.009417075663805008,0.009417075663805008,0.016825917956172193,0.6411584821391582,0.198029026389122,3,1,1
loco_external_fire,capacity_matched_deepsets,43,terminal,25%,49,12,0.24489795918367346,0.19685782119631767,0.004508600880702346,0.004508600880702346,0.015743102726279462,0.7773717723605239,0.20176418125629425,11,1,1
loco_external_fire,capacity_matched_deepsets,43,terminal,50%,49,24,0.4897959183673469,0.20040587584177652,0.0012792808314164295,0.0012792808314164295,0.012195048080820614,0.9050579186726978,0.20962044596672058,23,1,1
loco_external_fire,capacity_matched_deepsets,43,J,10%,49,4,0.08163265306122448,0.4329360533816119,0.007768184815843904,0.007768184815843904,0.017360310253313416,0.6908615181902173,0.4317221589386463,3,1,1
loco_external_fire,capacity_matched_deepsets,43,J,25%,49,12,0.24489795918367346,0.4353180680423974,0.003926178150706727,0.003926178150706727,0.01497829559252789,0.7923148666271762,0.44202626186112565,11,1,1
loco_external_fire,capacity_matched_deepsets,43,J,50%,49,24,0.4897959183673469,0.43985314335570563,0.0008617047530908861,0.0008617047530908861,0.010443220279219678,0.9237761638729978,0.4480527352541685,23,1,1
loco_external_fire,capacity_matched_deepsets,44,terminal,10%,49,4,0.08163265306122448,0.19355960190296173,0.007201671600341797,0.007201671600341797,0.019041322019635404,0.7255773596324925,0.1893339902162552,3,1,1
loco_external_fire,capacity_matched_deepsets,44,terminal,25%,49,12,0.24489795918367346,0.19491642465194067,0.002567204336325346,0.002567204336325346,0.017684499270656462,0.8732351417862793,0.19556641578674316,11,1,1
loco_external_fire,capacity_matched_deepsets,44,terminal,50%,49,24,0.4897959183673469,0.2017388604581356,0.0026122654477755136,0.0026122654477755136,0.01086206346446153,0.8061302002652525,0.20143082737922668,23,1,1
loco_external_fire,capacity_matched_deepsets,44,J,10%,49,4,0.08163265306122448,0.4329360533816119,0.007768184815843904,0.007768184815843904,0.017360310253313416,0.6908615181902173,0.43316974776486555,3,1,1
loco_external_fire,capacity_matched_deepsets,44,J,25%,49,12,0.24489795918367346,0.43547712575851216,0.004085235866821468,0.004085235866821468,0.01481923787641315,0.7839011060393332,0.4366442020982504,11,1,1
loco_external_fire,capacity_matched_deepsets,44,J,50%,49,24,0.4897959183673469,0.44007479380298825,0.0010833552003735036,0.0010833552003735036,0.01022156983193706,0.9041696254263367,0.4449613519012928,23,1,1
loco_external_fire,capacity_matched_deepsets,45,terminal,10%,49,4,0.08163265306122448,0.19063961878418922,0.00428168848156929,0.00428168848156929,0.02196130513840791,0.8368445100596336,0.20028920471668243,3,1,1
loco_external_fire,capacity_matched_deepsets,45,terminal,25%,49,12,0.24489795918367346,0.19595115383466086,0.0036019335190455304,0.0036019335190455304,0.016649770087936278,0.8221417027946352,0.20697444677352905,11,1,1
loco_external_fire,capacity_matched_deepsets,45,terminal,50%,49,24,0.4897959183673469,0.20070144720375538,0.0015748521933952875,0.0015748521933952875,0.011899476718841756,0.8831220312601211,0.21354596316814423,23,1,1
loco_external_fire,capacity_matched_deepsets,45,J,10%,49,4,0.08163265306122448,0.4312973915288846,0.006129522963116585,0.006129522963116585,0.018998972106040735,0.7560728190746309,0.4387538326283296,3,1,1
loco_external_fire,capacity_matched_deepsets,45,J,25%,49,12,0.24489795918367346,0.43479720646929404,0.0034053165776033456,0.0034053165776033456,0.015499157165631272,0.8198671582263953,0.44473641154666743,11,1,1
loco_external_fire,capacity_matched_deepsets,45,J,50%,49,24,0.4897959183673469,0.4396029897913751,0.0006115511887603287,0.0006115511887603287,0.010693373843550236,0.9459040031656595,0.45149653231104214,23,1,1
loco_external_fire,capacity_matched_deepsets,46,terminal,10%,49,4,0.08163265306122448,0.1954331062734127,0.00907517597079277,0.00907517597079277,0.01716781764918443,0.654186709709658,0.18965379893779755,3,1,1
loco_external_fire,capacity_matched_deepsets,46,terminal,25%,49,12,0.24489795918367346,0.19685782119631767,0.004508600880702346,0.004508600880702346,0.015743102726279462,0.7773717723605239,0.19610868394374847,11,1,1
loco_external_fire,capacity_matched_deepsets,46,terminal,50%,49,24,0.4897959183673469,0.2021123996625344,0.0029858046521742954,0.0029858046521742954,0.010488524260062748,0.7784079139212148,0.20687872171401978,23,1,1
loco_external_fire,capacity_matched_deepsets,46,J,10%,49,4,0.08163265306122448,0.4294371085551878,0.004269239989419804,0.004269239989419804,0.020859255079737515,0.8301036342339553,0.43341340000430745,3,1,1
loco_external_fire,capacity_matched_deepsets,46,J,25%,49,12,0.24489795918367346,0.43556197609545455,0.004170086203763856,0.004170086203763856,0.014734387539470761,0.7794127326471485,0.4400600622097651,11,1,1
loco_external_fire,capacity_matched_deepsets,46,J,50%,49,24,0.4897959183673469,0.43976826042764716,0.0007768218250324144,0.0007768218250324144,0.01052810320727815,0.9312846548904851,0.4471220299601555,23,1,1
loco_external_fire,gnn,42,terminal,10%,49,4,0.08163265306122448,0.19355960190296173,0.007201671600341797,0.007201671600341797,0.019041322019635404,0.7255773596324925,0.1878414750099182,3,1,1
loco_external_fire,gnn,42,terminal,25%,49,12,0.24489795918367346,0.19525948415199915,0.0029102638363838196,0.0029102638363838196,0.01734143977059799,0.8562953570295933,0.19506101310253143,11,1,1
loco_external_fire,gnn,42,terminal,50%,49,24,0.4897959183673469,0.20026684862871966,0.0011402536183595657,0.0011402536183595657,0.012334075293877478,0.9153758509394841,0.20610429346561432,23,1,1
loco_external_fire,gnn,42,J,10%,49,4,0.08163265306122448,0.4293268088251352,0.004158940259367194,0.004158940259367194,0.020969554809790125,0.8344930626397968,0.42948376908898356,3,1,1
loco_external_fire,gnn,42,J,25%,49,12,0.24489795918367346,0.4331751133522226,0.0017832234605318908,0.0017832234605318908,0.017121250282702727,0.9056718803838665,0.43664995121459166,11,1,1
loco_external_fire,gnn,42,J,50%,49,24,0.4897959183673469,0.4399706655544125,0.0009792269517977514,0.0009792269517977514,0.010325698080512813,0.9133805001803172,0.44580519484976927,23,1,1
loco_external_fire,gnn,43,terminal,10%,49,4,0.08163265306122448,0.1907060705125332,0.004348140209913254,0.004348140209913254,0.021894853410063947,0.8343123397856836,0.19057048857212067,3,1,1
loco_external_fire,gnn,43,terminal,25%,49,12,0.24489795918367346,0.19560370842615762,0.0032544881105422974,0.0032544881105422974,0.01699721549643951,0.8392980574029186,0.19802194833755493,11,1,1
loco_external_fire,gnn,43,terminal,50%,49,24,0.4897959183673469,0.20038661484917006,0.001260019838809967,0.001260019838809967,0.012214309073427077,0.906487377069618,0.20889133214950562,23,1,1
loco_external_fire,gnn,43,J,10%,49,4,0.08163265306122448,0.4297691161123415,0.004601247546573484,0.004601247546573484,0.020527247522583836,0.8168912410428809,0.4306572187691927,3,1,1
loco_external_fire,gnn,43,J,25%,49,12,0.24489795918367346,0.43482067740211877,0.0034287875104280774,0.0034287875104280774,0.01547568623280654,0.8186256038121588,0.4386359651883443,11,1,1
loco_external_fire,gnn,43,J,50%,49,24,0.4897959183673469,0.44014414924507334,0.0011527106424585876,0.0011527106424585876,0.010152214389851977,0.8980346495740547,0.4462519540141026,23,1,1
loco_external_fire,gnn,44,terminal,10%,49,4,0.08163265306122448,0.19071142002940178,0.004353489726781845,0.004353489726781845,0.021889503893195356,0.8341084942585286,0.1865445226430893,3,1,1
loco_external_fire,gnn,44,terminal,25%,49,12,0.24489795918367346,0.19567023838559786,0.0033210180699825287,0.0033210180699825287,0.01693068553699928,0.8360129036829473,0.1949128359556198,11,1,1
loco_external_fire,gnn,44,terminal,50%,49,24,0.4897959183673469,0.20097582725187144,0.001849232241511345,0.001849232241511345,0.011625096670725699,0.8627588614204067,0.20790748298168182,23,1,1
loco_external_fire,gnn,44,J,10%,49,4,0.08163265306122448,0.42667109478885923,0.0015032262230912363,0.0015032262230912363,0.023625268846066083,0.9401784221874754,0.4276425490776698,3,1,1
loco_external_fire,gnn,44,J,25%,49,12,0.24489795918367346,0.4361679125887652,0.0047760226970745,0.0047760226970745,0.014128451046160118,0.7473601877553611,0.4379553203781446,11,1,1
loco_external_fire,gnn,44,J,50%,49,24,0.4897959183673469,0.4401176041147361,0.0011261655121213576,0.0011261655121213576,0.010178759520189207,0.9003827527469074,0.44670642726123333,23,1,1
loco_external_fire,gnn,45,terminal,10%,49,4,0.08163265306122448,0.1933816336095333,0.007023703306913376,0.007023703306913376,0.019219290313063825,0.7323589142068512,0.19172194600105286,3,1,1
loco_external_fire,gnn,45,terminal,25%,49,12,0.24489795918367346,0.19596990446249643,0.0036206841468811035,0.0036206841468811035,0.016631019460100704,0.82121582375752,0.20464415848255157,11,1,1
loco_external_fire,gnn,45,terminal,50%,49,24,0.4897959183673469,0.20109988128145537,0.001973286271095276,0.001973286271095276,0.011501042641141768,0.8535521669429349,0.21357092261314392,23,1,1
loco_external_fire,gnn,45,J,10%,49,4,0.08163265306122448,0.42749284465486803,0.0023249760891000393,0.0023249760891000393,0.02280351898005728,0.9074765089313402,0.42993180913229784,3,1,1
loco_external_fire,gnn,45,J,25%,49,12,0.24489795918367346,0.4348440489421288,0.0034521590504381083,0.0034521590504381083,0.01545231469279651,0.8173893070324934,0.44130376130342486,11,1,1
loco_external_fire,gnn,45,J,50%,49,24,0.4897959183673469,0.4409317936541306,0.0019403550515158519,0.0019403550515158519,0.009364569980794712,0.8283619709135505,0.4511674286176761,23,1,1
loco_external_fire,gnn,46,terminal,10%,49,4,0.08163265306122448,0.19067677482962608,0.004318844527006149,0.004318844527006149,0.02192414909297105,0.8354286637589061,0.18306636810302734,3,1,1
loco_external_fire,gnn,46,terminal,25%,49,12,0.24489795918367346,0.1954163114229838,0.0030670911073684692,0.0030670911073684692,0.01718461249961334,0.8485514519227367,0.19304315745830536,11,1,1
loco_external_fire,gnn,46,terminal,50%,49,24,0.4897959183673469,0.2000015533218781,0.0008749583115180148,0.0008749583115180148,0.012599370600719029,0.9350647948987352,0.20442676544189453,23,1,1
loco_external_fire,gnn,46,J,10%,49,4,0.08163265306122448,0.4281496883369982,0.0029818197712301875,0.0029818197712301875,0.022146675297927132,0.8813371129857248,0.4263074329743783,3,1,1
loco_external_fire,gnn,46,J,25%,49,12,0.24489795918367346,0.43320706174191503,0.0018151718502243397,0.0018151718502243397,0.017089301893010278,0.9039818894258329,0.4372518648703893,11,1,1
loco_external_fire,gnn,46,J,50%,49,24,0.4897959183673469,0.4401040956171023,0.0011126570144875392,0.0011126570144875392,0.010192268017823025,0.9015776742165509,0.44611676086982094,23,1,1
loco_external_fire,gnn_zero_edge_features,42,terminal,10%,49,4,0.08163265306122448,0.19617315754294395,0.00981522724032402,0.00981522724032402,0.01642776637965318,0.6259867535519164,0.19432279467582703,3,1,1
loco_external_fire,gnn_zero_edge_features,42,terminal,25%,49,12,0.24489795918367346,0.19771898662050566,0.005369766304890333,0.005369766304890333,0.014881937302091475,0.7348486621619774,0.20061109960079193,11,1,1
loco_external_fire,gnn_zero_edge_features,42,terminal,50%,49,24,0.4897959183673469,0.2006629165261984,0.001536321515838296,0.001536321515838296,0.011938007396398748,0.8859815931580053,0.20700235664844513,23,1,1
loco_external_fire,gnn_zero_edge_features,42,J,10%,49,4,0.08163265306122448,0.4377295450928311,0.012561676527063081,0.012561676527063081,0.012566818542094238,0.5001023144246602,0.4330078728497028,3,1,1
loco_external_fire,gnn_zero_edge_features,42,J,25%,49,12,0.24489795918367346,0.4355612168398995,0.004169326948208818,0.004169326948208818,0.0147351467950258,0.7794528953919755,0.4396639458835125,11,1,1
loco_external_fire,gnn_zero_edge_features,42,J,50%,49,24,0.4897959183673469,0.4394394328662505,0.00044799426363573147,0.00044799426363573147,0.010856930768674833,0.9603717616565063,0.44374173569182557,23,1,1
loco_external_fire,gnn_zero_edge_features,43,terminal,10%,49,4,0.08163265306122448,0.1944650076329708,0.008107077330350876,0.008107077330350876,0.018135916289626325,0.6910765041614975,0.18776564300060272,3,1,1
loco_external_fire,gnn_zero_edge_features,43,terminal,25%,49,12,0.24489795918367346,0.19681231925884882,0.00446309894323349,0.00446309894323349,0.015788604663748318,0.7796185925960901,0.19497698545455933,11,1,1
loco_external_fire,gnn_zero_edge_features,43,terminal,50%,49,24,0.4897959183673469,0.20184824739893278,0.002721652388572693,0.002721652388572693,0.01075267652366435,0.7980120266990842,0.20553632080554962,23,1,1
loco_external_fire,gnn_zero_edge_features,43,J,10%,49,4,0.08163265306122448,0.4294371085551878,0.004269239989419804,0.004269239989419804,0.020859255079737515,0.8301036342339553,0.42771578455964726,3,1,1
loco_external_fire,gnn_zero_edge_features,43,J,25%,49,12,0.24489795918367346,0.4356913425235285,0.004299452631837786,0.004299452631837786,0.014605021111396832,0.7725695679110645,0.4388841008146604,11,1,1
loco_external_fire,gnn_zero_edge_features,43,J,50%,49,24,0.4897959183673469,0.4402660963487708,0.0012746577461560382,0.0012746577461560382,0.010030267286154526,0.887247571964171,0.4462824063996474,23,1,1
loco_external_fire,gnn_zero_edge_features,44,terminal,10%,49,4,0.08163265306122448,0.1959061250090599,0.009548194706439972,0.009548194706439972,0.01669479891353723,0.6361621374182133,0.19581228494644165,3,1,1
loco_external_fire,gnn_zero_edge_features,44,terminal,25%,49,12,0.24489795918367346,0.19880550478895506,0.006456284473339735,0.006456284473339735,0.013795419133642073,0.6811979575331173,0.20198705792427063,11,1,1
loco_external_fire,gnn_zero_edge_features,44,terminal,50%,49,24,0.4897959183673469,0.20139523968100548,0.0022686446706453867,0.0022686446706453867,0.011205684241591657,0.8316320845793618,0.20907896757125854,23,1,1
loco_external_fire,gnn_zero_edge_features,44,J,10%,49,4,0.08163265306122448,0.43346030510341127,0.008292436537643277,0.008292436537643277,0.016836058531514042,0.669998680190705,0.4339610916872819,3,1,1
loco_external_fire,gnn_zero_edge_features,44,J,25%,49,12,0.24489795918367346,0.43477813862264153,0.003386248730950836,0.003386248730950836,0.015518225012283782,0.8208758002500504,0.43958490577836834,11,1,1
loco_external_fire,gnn_zero_edge_features,44,J,50%,49,24,0.4897959183673469,0.4403352932280136,0.001343854625398877,0.001343854625398877,0.009961070406911687,0.8811266221086818,0.44504703270892304,23,1,1
loco_external_fire,gnn_zero_edge_features,45,terminal,10%,49,4,0.08163265306122448,0.19533200934529305,0.008974079042673111,0.008974079042673111,0.01726891457730409,0.6580390494839854,0.18830043077468872,3,1,1
loco_external_fire,gnn_zero_edge_features,45,terminal,25%,49,12,0.24489795918367346,0.19663464029630026,0.004285419980684935,0.004285419980684935,0.015966283626296873,0.7883921242454126,0.1967775821685791,11,1,1
loco_external_fire,gnn_zero_edge_features,45,terminal,50%,49,24,0.4897959183673469,0.20174266584217548,0.0026160708318153925,0.0026160708318153925,0.010858258080421651,0.8058477829319171,0.20626263320446014,23,1,1
loco_external_fire,gnn_zero_edge_features,45,J,10%,49,4,0.08163265306122448,0.4377295450928311,0.012561676527063081,0.012561676527063081,0.012566818542094238,0.5001023144246602,0.43004336108764013,3,1,1
loco_external_fire,gnn_zero_edge_features,45,J,25%,49,12,0.24489795918367346,0.4351501280855801,0.0037582381938894294,0.0037582381938894294,0.015146235549345188,0.8011984758245705,0.4379060364017884,11,1,1
loco_external_fire,gnn_zero_edge_features,45,J,50%,49,24,0.4897959183673469,0.43970812872673065,0.000716690124115904,0.000716690124115904,0.01058823490819466,0.9366037260691659,0.445015807201465,23,1,1
loco_external_fire,gnn_zero_edge_features,46,terminal,10%,49,4,0.08163265306122448,0.19355960190296173,0.007201671600341797,0.007201671600341797,0.019041322019635404,0.7255773596324925,0.19363640248775482,3,1,1
loco_external_fire,gnn_zero_edge_features,46,terminal,25%,49,12,0.24489795918367346,0.19629537438352904,0.00394615406791371,0.00394615406791371,0.016305549539068098,0.8051445871174381,0.204498291015625,11,1,1
loco_external_fire,gnn_zero_edge_features,46,terminal,50%,49,24,0.4897959183673469,0.20001567403475443,0.0008890790243943347,0.0008890790243943347,0.012585249887842709,0.9340168233842877,0.21120618283748627,23,1,1
loco_external_fire,gnn_zero_edge_features,46,J,10%,49,4,0.08163265306122448,0.4329360533816119,0.007768184815843904,0.007768184815843904,0.017360310253313416,0.6908615181902173,0.4349224294225375,3,1,1
loco_external_fire,gnn_zero_edge_features,46,J,25%,49,12,0.24489795918367346,0.4358219175185594,0.004430027626868727,0.004430027626868727,0.014474446116365891,0.7656624729660031,0.44283759643634163,11,1,1
loco_external_fire,gnn_zero_edge_features,46,J,50%,49,24,0.4897959183673469,0.44008510356458524,0.0010936649619704975,0.0010936649619704975,0.010211260070340067,0.9032576546200264,0.45208638509114585,23,1,1
loco_external_fire,gnn_mean,42,terminal,10%,49,4,0.08163265306122448,0.1902414672076702,0.0038835369050502777,0.0038835369050502777,0.022359456714926923,0.8520162386468754,0.18755915760993958,3,1,1
loco_external_fire,gnn_mean,42,terminal,25%,49,12,0.24489795918367346,0.19774797931313515,0.00539875899751982,0.00539875899751982,0.014852944609461988,0.733417044694522,0.19823649525642395,11,1,1
loco_external_fire,gnn_mean,42,terminal,50%,49,24,0.4897959183673469,0.20055437770982584,0.0014277826994657516,0.0014277826994657516,0.012046546212771292,0.8940368230013239,0.20793983340263367,23,1,1
loco_external_fire,gnn_mean,42,J,10%,49,4,0.08163265306122448,0.4288042432318131,0.0036363746660451057,0.0036363746660451057,0.021492120403112214,0.8552888003823044,0.4310092890014251,3,1,1
loco_external_fire,gnn_mean,42,J,25%,49,12,0.24489795918367346,0.4342179393188821,0.0028260494271913905,0.0028260494271913905,0.016078424316043227,0.850508960705518,0.4397662649552027,11,1,1
loco_external_fire,gnn_mean,42,J,50%,49,24,0.4897959183673469,0.4399445268170287,0.0009530882144139774,0.0009530882144139774,0.010351836817896587,0.9156926550428278,0.4454353624333938,23,1,1
loco_external_fire,gnn_mean,43,terminal,10%,49,4,0.08163265306122448,0.19020682200789452,0.003848891705274582,0.003848891705274582,0.02239410191470262,0.8533364081472529,0.19526679813861847,3,1,1
loco_external_fire,gnn_mean,43,terminal,25%,49,12,0.24489795918367346,0.19715648517012596,0.0048072648545106345,0.0048072648545106345,0.015444438752471173,0.7626241748445636,0.2036980837583542,11,1,1
loco_external_fire,gnn_mean,43,terminal,50%,49,24,0.4897959183673469,0.20148931133250395,0.002362716322143854,0.002362716322143854,0.01111161259009319,0.8246505382544065,0.21060879528522491,23,1,1
loco_external_fire,gnn_mean,43,J,10%,49,4,0.08163265306122448,0.42667109478885923,0.0015032262230912363,0.0015032262230912363,0.023625268846066083,0.9401784221874754,0.43102736907700695,3,1,1
loco_external_fire,gnn_mean,43,J,25%,49,12,0.24489795918367346,0.4363200510748559,0.004928161183165192,0.004928161183165192,0.013976312560069426,0.7393124373573825,0.44260302757223446,11,1,1
loco_external_fire,gnn_mean,43,J,50%,49,24,0.4897959183673469,0.440788730715091,0.0017972921124762564,0.0017972921124762564,0.009507632919834308,0.8410168924305625,0.4482865302513043,23,1,1
loco_external_fire,gnn_mean,44,terminal,10%,49,4,0.08163265306122448,0.1902414672076702,0.0038835369050502777,0.0038835369050502777,0.022359456714926923,0.8520162386468754,0.1895616203546524,3,1,1
loco_external_fire,gnn_mean,44,terminal,25%,49,12,0.24489795918367346,0.1963470627864202,0.003997842470804869,0.003997842470804869,0.01625386113617694,0.8025922881161165,0.19997566938400269,11,1,1
loco_external_fire,gnn_mean,44,terminal,50%,49,24,0.4897959183673469,0.2012908086180687,0.002164213607708604,0.002164213607708604,0.01131011530452844,0.8393824566844943,0.20674294233322144,23,1,1
loco_external_fire,gnn_mean,44,J,10%,49,4,0.08163265306122448,0.42667109478885923,0.0015032262230912363,0.0015032262230912363,0.023625268846066083,0.9401784221874754,0.4284362425406774,3,1,1
loco_external_fire,gnn_mean,44,J,25%,49,12,0.24489795918367346,0.43482067740211877,0.0034287875104280774,0.0034287875104280774,0.01547568623280654,0.8186256038121588,0.4417813108613094,11,1,1
loco_external_fire,gnn_mean,44,J,50%,49,24,0.4897959183673469,0.44055692061988844,0.0015654820172736894,0.0015654820172736894,0.009739443015036875,0.8615221230747315,0.44885359269877273,23,1,1
loco_external_fire,gnn_mean,45,terminal,10%,49,4,0.08163265306122448,0.1902414672076702,0.0038835369050502777,0.0038835369050502777,0.022359456714926923,0.8520162386468754,0.18488435447216034,3,1,1
loco_external_fire,gnn_mean,45,terminal,25%,49,12,0.24489795918367346,0.19715648517012596,0.0048072648545106345,0.0048072648545106345,0.015444438752471173,0.7626241748445636,0.19806016981601715,11,1,1
loco_external_fire,gnn_mean,45,terminal,50%,49,24,0.4897959183673469,0.2003338597714901,0.0012072647611300058,0.0012072647611300058,0.012267064151107038,0.910402605651581,0.2082507461309433,23,1,1
loco_external_fire,gnn_mean,45,J,10%,49,4,0.08163265306122448,0.42667109478885923,0.0015032262230912363,0.0015032262230912363,0.023625268846066083,0.9401784221874754,0.4224966298788786,3,1,1
loco_external_fire,gnn_mean,45,J,25%,49,12,0.24489795918367346,0.43484664397935074,0.00345475408766005,0.00345475408766005,0.015449719655574568,0.81725203596866,0.43761867930491766,11,1,1
loco_external_fire,gnn_mean,45,J,50%,49,24,0.4897959183673469,0.43971814515793484,0.0007267065553200891,0.0007267065553200891,0.010578218476990475,0.9357177023958061,0.44701324328780173,23,1,1
loco_external_fire,gnn_mean,46,terminal,10%,49,4,0.08163265306122448,0.1902414672076702,0.0038835369050502777,0.0038835369050502777,0.022359456714926923,0.8520162386468754,0.1821216195821762,3,1,1
loco_external_fire,gnn_mean,46,terminal,25%,49,12,0.24489795918367346,0.19654352714618048,0.004194306830565153,0.004194306830565153,0.016057396776416655,0.7928911605678863,0.19580571353435516,11,1,1
loco_external_fire,gnn_mean,46,terminal,50%,49,24,0.4897959183673469,0.2011078236003717,0.0019812285900115967,0.0019812285900115967,0.011493100322225447,0.8529627261649896,0.20631374418735504,23,1,1
loco_external_fire,gnn_mean,46,J,10%,49,4,0.08163265306122448,0.42667109478885923,0.0015032262230912363,0.0015032262230912363,0.023625268846066083,0.9401784221874754,0.4245945615073045,3,1,1
loco_external_fire,gnn_mean,46,J,25%,49,12,0.24489795918367346,0.43481079662839567,0.003418906736704974,0.003418906736704974,0.015485567006529644,0.8191482723538651,0.43632295752565065,11,1,1
loco_external_fire,gnn_mean,46,J,50%,49,24,0.4897959183673469,0.4400335426494065,0.0010421040467917253,0.0010421040467917253,0.010262820985518839,0.9078185796178841,0.44753334609170753,23,1,1
loco_bilinear,fire_only,42,terminal,10%,77,7,0.09090909090909091,0.13659372180700302,0.004314282110759182,0.004314282110759182,0.2368420257970884,0.982110017572471,0.21321512758731842,6,1,1
loco_bilinear,fire_only,42,terminal,25%,77,19,0.24675324675324675,0.2104558376105208,0.0129362548652448,0.0129362548652448,0.16297990999357062,0.9264635238289385,0.2675200402736664,18,1,1
loco_bilinear,fire_only,42,terminal,50%,77,38,0.4935064935064935,0.2764998052857424,0.009691564660323282,0.009691564660323282,0.09693594231834901,0.9091082129280037,0.3573359251022339,37,1,1
loco_bilinear,fire_only,42,J,10%,77,7,0.09090909090909091,0.4258059804549529,0.006195394641586638,0.006195394641586638,0.1389785841687935,0.9573243449524877,0.4729970894753933,6,1,1
loco_bilinear,fire_only,42,J,25%,77,19,0.24675324675324675,0.46358781133108495,0.004295472284419455,0.004295472284419455,0.10119675329266142,0.9592816223098749,0.5185081742703914,18,1,1
loco_bilinear,fire_only,42,J,50%,77,38,0.4935064935064935,0.5077717434533201,0.006290196290795191,0.006290196290795191,0.057012821170426276,0.9006335472926156,0.5644185250004132,37,1,1
loco_bilinear,fire_only,43,terminal,10%,77,7,0.09090909090909091,0.13659372180700302,0.004314282110759182,0.004314282110759182,0.2368420257970884,0.982110017572471,0.1863182932138443,6,1,1
loco_bilinear,fire_only,43,terminal,25%,77,19,0.24675324675324675,0.20542179479410774,0.007902212048831736,0.007902212048831736,0.16801395280998369,0.9550796707330802,0.26501163840293884,18,1,1
loco_bilinear,fire_only,43,terminal,50%,77,38,0.4935064935064935,0.2731226586589688,0.006314418033549651,0.006314418033549651,0.10031308894512264,0.9407805901828628,0.36021167039871216,37,1,1
loco_bilinear,fire_only,43,J,10%,77,7,0.09090909090909091,0.4243971999113758,0.004786614098009567,0.004786614098009567,0.14038736471237057,0.9670284293560513,0.472754442691803,6,1,1
loco_bilinear,fire_only,43,J,25%,77,19,0.24675324675324675,0.4626042615851028,0.0033119225384373174,0.0033119225384373174,0.10218030303864356,0.9686050557724051,0.514608974630634,18,1,1
loco_bilinear,fire_only,43,J,50%,77,38,0.4935064935064935,0.5070715206250418,0.005589973462516884,0.005589973462516884,0.05771304399870458,0.9116949920129601,0.5574253045022488,37,1,1
loco_bilinear,fire_only,44,terminal,10%,77,7,0.09090909090909091,0.13659372180700302,0.004314282110759182,0.004314282110759182,0.2368420257970884,0.982110017572471,0.2075517177581787,6,1,1
loco_bilinear,fire_only,44,terminal,25%,77,19,0.24675324675324675,0.2063208704716281,0.00880128772635208,0.00880128772635208,0.16711487713246334,0.9499688517344855,0.2877994179725647,18,1,1
loco_bilinear,fire_only,44,terminal,50%,77,38,0.4935064935064935,0.2801261016804921,0.013317861055072988,0.013317861055072988,0.0933096459235993,0.8750991987673796,0.3612011671066284,37,1,1
loco_bilinear,fire_only,44,J,10%,77,7,0.09090909090909091,0.4258059804549529,0.006195394641586638,0.006195394641586638,0.1389785841687935,0.9573243449524877,0.475411968678236,6,1,1
loco_bilinear,fire_only,44,J,25%,77,19,0.24675324675324675,0.46358781133108495,0.004295472284419455,0.004295472284419455,0.10119675329266142,0.9592816223098749,0.5210829079151154,18,1,1
loco_bilinear,fire_only,44,J,50%,77,38,0.4935064935064935,0.5067863557830844,0.005304808620559487,0.005304808620559487,0.05799820884066198,0.9161997510812319,0.5666493254403273,37,1,1
loco_bilinear,fire_only,45,terminal,10%,77,7,0.09090909090909091,0.13227943969624384,0.0,0.0,0.2411563079078476,1.0,0.20992693305015564,6,1,1
loco_bilinear,fire_only,45,terminal,25%,77,19,0.24675324675324675,0.20926008216644587,0.011740499421169864,0.011740499421169864,0.16417566543764556,0.9332608266523295,0.2588669955730438,18,1,1
loco_bilinear,fire_only,45,terminal,50%,77,38,0.4935064935064935,0.2816790740348791,0.014870833409459938,0.014870833409459938,0.09175667356921235,0.8605347360092137,0.37192076444625854,37,1,1
loco_bilinear,fire_only,45,J,10%,77,7,0.09090909090909091,0.4258059804549529,0.006195394641586638,0.006195394641586638,0.1389785841687935,0.9573243449524877,0.46764318471153576,6,1,1
loco_bilinear,fire_only,45,J,25%,77,19,0.24675324675324675,0.46288221617343656,0.003589877126771057,0.003589877126771057,0.10190234845030982,0.9659702209605199,0.5196468103677034,18,1,1
loco_bilinear,fire_only,45,J,50%,77,38,0.4935064935064935,0.5070715206250418,0.005589973462516884,0.005589973462516884,0.05771304399870458,0.9116949920129601,0.5648366736869017,37,1,1
loco_bilinear,fire_only,46,terminal,10%,77,7,0.09090909090909091,0.13659372180700302,0.004314282110759182,0.004314282110759182,0.2368420257970884,0.982110017572471,0.21256062388420105,6,1,1
loco_bilinear,fire_only,46,terminal,25%,77,19,0.24675324675324675,0.2062101509225996,0.008690568177323582,0.008690568177323582,0.16722559668149184,0.9505982398814893,0.3120570480823517,18,1,1
loco_bilinear,fire_only,46,terminal,50%,77,38,0.4935064935064935,0.2750329585059693,0.00822471788055018,0.00822471788055018,0.09840278909812211,0.9228649518909291,0.40440958738327026,37,1,1
loco_bilinear,fire_only,46,J,10%,77,7,0.09090909090909091,0.4243971999113758,0.004786614098009567,0.004786614098009567,0.14038736471237057,0.9670284293560513,0.47949044952789943,6,1,1
loco_bilinear,fire_only,46,J,25%,77,19,0.24675324675324675,0.4626042615851028,0.0033119225384373174,0.0033119225384373174,0.10218030303864356,0.9686050557724051,0.5194714655478795,18,1,1
loco_bilinear,fire_only,46,J,50%,77,38,0.4935064935064935,0.5036176665784105,0.00213611941588554,0.00213611941588554,0.06116689804533593,0.9662556462305435,0.5656615309417248,37,1,1
loco_bilinear,global_stats,42,terminal,10%,77,7,0.09090909090909091,0.13659372180700302,0.004314282110759182,0.004314282110759182,0.2368420257970884,0.982110017572471,0.22752493619918823,6,1,1
loco_bilinear,global_stats,42,terminal,25%,77,19,0.24675324675324675,0.2012910360568448,0.0037714533115688065,0.0037714533115688065,0.17214471154724661,0.9785610758704543,0.32013729214668274,18,1,1
loco_bilinear,global_stats,42,terminal,50%,77,38,0.4935064935064935,0.2700653505560599,0.003257109930640767,0.003257109930640767,0.10337039704803153,0.9694533800617484,0.40647339820861816,37,1,1
loco_bilinear,global_stats,42,J,10%,77,7,0.09090909090909091,0.4243971999113758,0.004786614098009567,0.004786614098009567,0.14038736471237057,0.9670284293560513,0.47546103919545807,6,1,1
loco_bilinear,global_stats,42,J,25%,77,19,0.24675324675324675,0.46283168788476464,0.0035393488380991434,0.0035393488380991434,0.10195287673898173,0.9664491973817254,0.5205762535333633,18,1,1
loco_bilinear,global_stats,42,J,50%,77,38,0.4935064935064935,0.5062391993851122,0.004757652222587283,0.004757652222587283,0.058545365238634184,0.9248432000022471,0.5685233995318413,37,1,1
loco_bilinear,global_stats,43,terminal,10%,77,7,0.09090909090909091,0.14608311546700342,0.013803675770759583,0.013803675770759583,0.227352632137088,0.9427604615010347,0.20506830513477325,6,1,1
loco_bilinear,global_stats,43,terminal,25%,77,19,0.24675324675324675,0.20090632101422862,0.0033867382689526104,0.0033867382689526104,0.1725294265898628,0.9807479985044542,0.2806625962257385,18,1,1
loco_bilinear,global_stats,43,terminal,50%,77,38,0.4935064935064935,0.27060811829410103,0.0037998776686818947,0.0037998776686818947,0.1028276293099904,0.9643630637501264,0.38586217164993286,37,1,1
loco_bilinear,global_stats,43,J,10%,77,7,0.09090909090909091,0.41961058581336624,0.0,0.0,0.14517397881038013,1.0,0.46912236015001935,6,1,1
loco_bilinear,global_stats,43,J,25%,77,19,0.24675324675324675,0.46283168788476464,0.0035393488380991434,0.0035393488380991434,0.10195287673898173,0.9664491973817254,0.5139673215647539,18,1,1
loco_bilinear,global_stats,43,J,50%,77,38,0.4935064935064935,0.5067481808184663,0.005266633655941377,0.005266633655941377,0.05803638380528009,0.9168028023440171,0.5662842929363251,37,1,1
loco_bilinear,global_stats,44,terminal,10%,77,7,0.09090909090909091,0.15131937925304687,0.019039939556803026,0.019039939556803026,0.22211636835104456,0.9210473086025238,0.20559418201446533,6,1,1
loco_bilinear,global_stats,44,terminal,25%,77,19,0.24675324675324675,0.20294446262874102,0.005424879883465017,0.005424879883465017,0.1704912849753504,0.9691621296552319,0.289943128824234,18,1,1
loco_bilinear,global_stats,44,terminal,50%,77,38,0.4935064935064935,0.27036331652810697,0.003555075902687832,0.003555075902687832,0.10307243107598446,0.9666589231669936,0.3760805130004883,37,1,1
loco_bilinear,global_stats,44,J,10%,77,7,0.09090909090909091,0.41961058581336624,0.0,0.0,0.14517397881038013,1.0,0.46957553798953694,6,1,1
loco_bilinear,global_stats,44,J,25%,77,19,0.24675324675324675,0.46283168788476464,0.0035393488380991434,0.0035393488380991434,0.10195287673898173,0.9664491973817254,0.5160835161805153,18,1,1
loco_bilinear,global_stats,44,J,50%,77,38,0.4935064935064935,0.5018674459912928,0.0003858988287679388,0.0003858988287679388,0.06291711863245353,0.9939039425884503,0.560667076210181,37,1,1
loco_bilinear,global_stats,45,terminal,10%,77,7,0.09090909090909091,0.13227943969624384,0.0,0.0,0.2411563079078476,1.0,0.22180058062076569,6,1,1
loco_bilinear,global_stats,45,terminal,25%,77,19,0.24675324675324675,0.20233448281099922,0.0048149000657232155,0.0048149000657232155,0.1711012647930922,0.9726295757437214,0.2936803996562958,18,1,1
loco_bilinear,global_stats,45,terminal,50%,77,38,0.4935064935064935,0.28290049006280144,0.0160922494373823,0.0160922494373823,0.09053525754128999,0.8490797553711813,0.38759443163871765,37,1,1
loco_bilinear,global_stats,45,J,10%,77,7,0.09090909090909091,0.4243971999113758,0.004786614098009567,0.004786614098009567,0.14038736471237057,0.9670284293560513,0.47893212338288627,6,1,1
loco_bilinear,global_stats,45,J,25%,77,19,0.24675324675324675,0.46381523763074683,0.004522898584081336,0.004522898584081336,0.10096932699299954,0.9571257639191947,0.5268986004094283,18,1,1
loco_bilinear,global_stats,45,J,50%,77,38,0.4935064935064935,0.5062221526593099,0.004740605496785011,0.004740605496785011,0.058562411964436456,0.9251124877311095,0.5733475647866726,37,1,1
loco_bilinear,global_stats,46,terminal,10%,77,7,0.09090909090909091,0.14033649968249456,0.008057059986250725,0.008057059986250725,0.23309924792159686,0.9665898849748125,0.21414238214492798,6,1,1
loco_bilinear,global_stats,46,terminal,25%,77,19,0.24675324675324675,0.20146881161551727,0.003949228870241267,0.003949228870241267,0.17196693598857415,0.9775505060981133,0.2827899754047394,18,1,1
loco_bilinear,global_stats,46,terminal,50%,77,38,0.4935064935064935,0.2775718607008457,0.010763620075426583,0.010763620075426583,0.09586388690324571,0.8990540022887384,0.3927971422672272,37,1,1
loco_bilinear,global_stats,46,J,10%,77,7,0.09090909090909091,0.4243971999113758,0.004786614098009567,0.004786614098009567,0.14038736471237057,0.9670284293560513,0.46951805154482523,6,1,1
loco_bilinear,global_stats,46,J,25%,77,19,0.24675324675324675,0.46283168788476464,0.0035393488380991434,0.0035393488380991434,0.10195287673898173,0.9664491973817254,0.5219954955081145,18,1,1
loco_bilinear,global_stats,46,J,50%,77,38,0.4935064935064935,0.5070715206250418,0.005589973462516884,0.005589973462516884,0.05771304399870458,0.9116949920129601,0.568108906596899,37,1,1
loco_bilinear,deepsets,42,terminal,10%,77,7,0.09090909090909091,0.15171367249318532,0.01943423279694148,0.01943423279694148,0.2217220751109061,0.9194122975030459,0.18452250957489014,6,1,1
loco_bilinear,deepsets,42,terminal,25%,77,19,0.24675324675324675,0.2042302477516626,0.00671066500638659,0.00671066500638659,0.16920549985242883,0.9618530507882982,0.24989710748195648,18,1,1
loco_bilinear,deepsets,42,terminal,50%,77,38,0.4935064935064935,0.2751842743079913,0.00837603368257217,0.00837603368257217,0.09825147329610012,0.9214458452616027,0.3641372621059418,37,1,1
loco_bilinear,deepsets,42,J,10%,77,7,0.09090909090909091,0.41961058581336624,0.0,0.0,0.14517397881038013,1.0,0.46205241344869136,6,1,1
loco_bilinear,deepsets,42,J,25%,77,19,0.24675324675324675,0.46288221617343656,0.003589877126771057,0.003589877126771057,0.10190234845030982,0.9659702209605199,0.5240392328550418,18,1,1
loco_bilinear,deepsets,42,J,50%,77,38,0.4935064935064935,0.5067537739235711,0.005272226761046217,0.005272226761046217,0.05803079070017525,0.9167144478653658,0.5604228183627129,37,1,1
loco_bilinear,deepsets,43,terminal,10%,77,7,0.09090909090909091,0.13866983673402242,0.006390397037778578,0.006390397037778578,0.234765910870069,0.9735010164435735,0.21414627134799957,6,1,1
loco_bilinear,deepsets,43,terminal,25%,77,19,0.24675324675324675,0.20605602821237162,0.008536445467095616,0.008536445467095616,0.1673797193917198,0.9514743544236159,0.28185781836509705,18,1,1
loco_bilinear,deepsets,43,terminal,50%,77,38,0.4935064935064935,0.28788319367327186,0.02107495304785273,0.02107495304785273,0.08555255393081956,0.8023497534077378,0.3726162016391754,37,1,1
loco_bilinear,deepsets,43,J,10%,77,7,0.09090909090909091,0.41961058581336624,0.0,0.0,0.14517397881038013,1.0,0.46210289783775804,6,1,1
loco_bilinear,deepsets,43,J,25%,77,19,0.24675324675324675,0.46381523763074683,0.004522898584081336,0.004522898584081336,0.10096932699299954,0.9571257639191947,0.5229415891071161,18,1,1
loco_bilinear,deepsets,43,J,50%,77,38,0.4935064935064935,0.5067537739235711,0.005272226761046217,0.005272226761046217,0.05803079070017525,0.9167144478653658,0.5591753353675206,37,1,1
loco_bilinear,deepsets,44,terminal,10%,77,7,0.09090909090909091,0.1412572083728654,0.008977768676621561,0.008977768676621561,0.23217853923122603,0.9627719931752637,0.20702069997787476,6,1,1
loco_bilinear,deepsets,44,terminal,25%,77,19,0.24675324675324675,0.20128682765521502,0.003767244909939016,0.003767244909939016,0.1721489199488764,0.9785849986386271,0.2855871617794037,18,1,1
loco_bilinear,deepsets,44,terminal,50%,77,38,0.4935064935064935,0.2755029113277009,0.008694670702281748,0.008694670702281748,0.09793283627639054,0.9184575261239029,0.37763115763664246,37,1,1
loco_bilinear,deepsets,44,J,10%,77,7,0.09090909090909091,0.41961058581336624,0.0,0.0,0.14517397881038013,1.0,0.46238833069801333,6,1,1
loco_bilinear,deepsets,44,J,25%,77,19,0.24675324675324675,0.46357526111563563,0.00428292206897013,0.00428292206897013,0.10120930350811075,0.9594005904649278,0.5252705949048201,18,1,1
loco_bilinear,deepsets,44,J,50%,77,38,0.4935064935064935,0.5062158149471016,0.00473426778457664,0.00473426778457664,0.05856874967664483,0.9252126047944431,0.5658854040006797,37,1,1
loco_bilinear,deepsets,45,terminal,10%,77,7,0.09090909090909091,0.14931426835911615,0.017034828662872314,0.017034828662872314,0.22412147924497527,0.9293618781500761,0.23384584486484528,6,1,1
loco_bilinear,deepsets,45,terminal,25%,77,19,0.24675324675324675,0.2063208704716281,0.00880128772635208,0.00880128772635208,0.16711487713246334,0.9499688517344855,0.3169242739677429,18,1,1
loco_bilinear,deepsets,45,terminal,50%,77,38,0.4935064935064935,0.28128948160692263,0.014481240981503496,0.014481240981503496,0.0921462659971688,0.864188506401073,0.42236074805259705,37,1,1
loco_bilinear,deepsets,45,J,10%,77,7,0.09090909090909091,0.42294810649362347,0.003337520680257222,0.003337520680257222,0.1418364581301229,0.9770102003981268,0.47048130184412,6,1,1
loco_bilinear,deepsets,45,J,25%,77,19,0.24675324675324675,0.46288221617343656,0.003589877126771057,0.003589877126771057,0.10190234845030982,0.9659702209605199,0.5352237172424793,18,1,1
loco_bilinear,deepsets,45,J,50%,77,38,0.4935064935064935,0.5061273061082158,0.004645758945690859,0.004645758945690859,0.05865725851553061,0.9266107820446824,0.5729190471271673,37,1,1
loco_bilinear,deepsets,46,terminal,10%,77,7,0.09090909090909091,0.13227943969624384,0.0,0.0,0.2411563079078476,1.0,0.19759733974933624,6,1,1
loco_bilinear,deepsets,46,terminal,25%,77,19,0.24675324675324675,0.2012910360568448,0.0037714533115688065,0.0037714533115688065,0.17214471154724661,0.9785610758704543,0.2825412452220917,18,1,1
loco_bilinear,deepsets,46,terminal,50%,77,38,0.4935064935064935,0.2722897213932715,0.005481480767852376,0.005481480767852376,0.10114602621081992,0.9485922448796558,0.38107743859291077,37,1,1
loco_bilinear,deepsets,46,J,10%,77,7,0.09090909090909091,0.41961058581336624,0.0,0.0,0.14517397881038013,1.0,0.4662006446470817,6,1,1
loco_bilinear,deepsets,46,J,25%,77,19,0.24675324675324675,0.46283168788476464,0.0035393488380991434,0.0035393488380991434,0.10195287673898173,0.9664491973817254,0.525330547740062,18,1,1
loco_bilinear,deepsets,46,J,50%,77,38,0.4935064935064935,0.5070389387655284,0.005557391603003503,0.005557391603003503,0.057745625858217964,0.912209688797096,0.565761361271143,37,1,1
loco_bilinear,capacity_matched_deepsets,42,terminal,10%,77,7,0.09090909090909091,0.14033649968249456,0.008057059986250725,0.008057059986250725,0.23309924792159686,0.9665898849748125,0.21987484395503998,6,1,1
loco_bilinear,capacity_matched_deepsets,42,terminal,25%,77,19,0.24675324675324675,0.2012910360568448,0.0037714533115688065,0.0037714533115688065,0.17214471154724661,0.9785610758704543,0.29531264305114746,18,1,1
loco_bilinear,capacity_matched_deepsets,42,terminal,50%,77,38,0.4935064935064935,0.2779036028996894,0.01109536227427027,0.01109536227427027,0.09553214470440202,0.8959427769750861,0.3912065923213959,37,1,1
loco_bilinear,capacity_matched_deepsets,42,J,10%,77,7,0.09090909090909091,0.41961058581336624,0.0,0.0,0.14517397881038013,1.0,0.4627001967281103,6,1,1
loco_bilinear,capacity_matched_deepsets,42,J,25%,77,19,0.24675324675324675,0.4635247328269639,0.004232393780298382,0.004232393780298382,0.1012598317967825,0.9598795668861316,0.5252247954408328,18,1,1
loco_bilinear,capacity_matched_deepsets,42,J,50%,77,38,0.4935064935064935,0.5061795528863735,0.004698005723848597,0.004698005723848597,0.05860501173737287,0.9257854378469947,0.5682338525851568,37,1,1
loco_bilinear,capacity_matched_deepsets,43,terminal,10%,77,7,0.09090909090909091,0.13227943969624384,0.0,0.0,0.2411563079078476,1.0,0.1978914737701416,6,1,1
loco_bilinear,capacity_matched_deepsets,43,terminal,25%,77,19,0.24675324675324675,0.2008442098372861,0.0033246270920100907,0.0033246270920100907,0.17259153776680533,0.9811010711000986,0.2833855152130127,18,1,1
loco_bilinear,capacity_matched_deepsets,43,terminal,50%,77,38,0.4935064935064935,0.27571511876426247,0.008906878138843333,0.008906878138843333,0.09772062883982896,0.9164673507688321,0.3871123194694519,37,1,1
loco_bilinear,capacity_matched_deepsets,43,J,10%,77,7,0.09090909090909091,0.41961058581336624,0.0,0.0,0.14517397881038013,1.0,0.45895339486499626,6,1,1
loco_bilinear,capacity_matched_deepsets,43,J,25%,77,19,0.24675324675324675,0.46288221617343656,0.003589877126771057,0.003589877126771057,0.10190234845030982,0.9659702209605199,0.5241992942988872,18,1,1
loco_bilinear,capacity_matched_deepsets,43,J,50%,77,38,0.4935064935064935,0.5068123584139372,0.005330811251412326,0.005330811251412326,0.05797220620980914,0.9157889866043446,0.5662080973386765,37,1,1
loco_bilinear,capacity_matched_deepsets,44,terminal,10%,77,7,0.09090909090909091,0.14033649968249456,0.008057059986250725,0.008057059986250725,0.23309924792159686,0.9665898849748125,0.18864062428474426,6,1,1
loco_bilinear,capacity_matched_deepsets,44,terminal,25%,77,19,0.24675324675324675,0.20068757588926114,0.003167993143985137,0.003167993143985137,0.17274817171483028,0.9819914608385895,0.26639607548713684,18,1,1
loco_bilinear,capacity_matched_deepsets,44,terminal,50%,77,38,0.4935064935064935,0.27261225545876905,0.005804014833349913,0.005804014833349913,0.10082349214532238,0.945567377520035,0.36780455708503723,37,1,1
loco_bilinear,capacity_matched_deepsets,44,J,10%,77,7,0.09090909090909091,0.42294810649362347,0.003337520680257222,0.003337520680257222,0.1418364581301229,0.9770102003981268,0.45679423213005066,6,1,1
loco_bilinear,capacity_matched_deepsets,44,J,25%,77,19,0.24675324675324675,0.46283168788476464,0.0035393488380991434,0.0035393488380991434,0.10195287673898173,0.9664491973817254,0.5174662986149391,18,1,1
loco_bilinear,capacity_matched_deepsets,44,J,50%,77,38,0.4935064935064935,0.5062221526593099,0.004740605496785011,0.004740605496785011,0.058562411964436456,0.9251124877311095,0.5603982965151469,37,1,1
loco_bilinear,capacity_matched_deepsets,45,terminal,10%,77,7,0.09090909090909091,0.14033649968249456,0.008057059986250725,0.008057059986250725,0.23309924792159686,0.9665898849748125,0.22602219879627228,6,1,1
loco_bilinear,capacity_matched_deepsets,45,terminal,25%,77,19,0.24675324675324675,0.2002839348033855,0.002764352058109487,0.002764352058109487,0.17315181280070593,0.9842859690561805,0.29444023966789246,18,1,1
loco_bilinear,capacity_matched_deepsets,45,terminal,50%,77,38,0.4935064935064935,0.27219156587594434,0.005383325250525206,0.005383325250525206,0.10124418172814709,0.9495127908073291,0.39497676491737366,37,1,1
loco_bilinear,capacity_matched_deepsets,45,J,10%,77,7,0.09090909090909091,0.42294810649362347,0.003337520680257222,0.003337520680257222,0.1418364581301229,0.9770102003981268,0.4623943127691746,6,1,1
loco_bilinear,capacity_matched_deepsets,45,J,25%,77,19,0.24675324675324675,0.46288221617343656,0.003589877126771057,0.003589877126771057,0.10190234845030982,0.9659702209605199,0.5293441571295261,18,1,1
loco_bilinear,capacity_matched_deepsets,45,J,50%,77,38,0.4935064935064935,0.5058597883977519,0.0043782412352270095,0.0043782412352270095,0.05892477622599446,0.9308367687542057,0.565384200712045,37,1,1
loco_bilinear,capacity_matched_deepsets,46,terminal,10%,77,7,0.09090909090909091,0.13227943969624384,0.0,0.0,0.2411563079078476,1.0,0.21276447176933289,6,1,1
loco_bilinear,capacity_matched_deepsets,46,terminal,25%,77,19,0.24675324675324675,0.2012910360568448,0.0037714533115688065,0.0037714533115688065,0.17214471154724661,0.9785610758704543,0.3078617453575134,18,1,1
loco_bilinear,capacity_matched_deepsets,46,terminal,50%,77,38,0.4935064935064935,0.27541861153746905,0.008610370912049914,0.008610370912049914,0.09801713606662238,0.9192481269043253,0.4067787528038025,37,1,1
loco_bilinear,capacity_matched_deepsets,46,J,10%,77,7,0.09090909090909091,0.41961058581336624,0.0,0.0,0.14517397881038013,1.0,0.4593934465199709,6,1,1
loco_bilinear,capacity_matched_deepsets,46,J,25%,77,19,0.24675324675324675,0.4629674155167059,0.003675076470040395,0.003675076470040395,0.10181714910704048,0.9651625847313734,0.5306871409217516,18,1,1
loco_bilinear,capacity_matched_deepsets,46,J,50%,77,38,0.4935064935064935,0.5066166872338375,0.0051351400713125495,0.0051351400713125495,0.05816787738990892,0.9188800111391489,0.5727658773461978,37,1,1
loco_bilinear,gnn,42,terminal,10%,77,7,0.09090909090909091,0.13659372180700302,0.004314282110759182,0.004314282110759182,0.2368420257970884,0.982110017572471,0.2390718311071396,6,1,1
loco_bilinear,gnn,42,terminal,25%,77,19,0.24675324675324675,0.20360856189539558,0.006088979150119578,0.006088979150119578,0.16982718570869584,0.9653870401562791,0.30974501371383667,18,1,1
loco_bilinear,gnn,42,terminal,50%,77,38,0.4935064935064935,0.2741157873288581,0.007307546703438972,0.007307546703438972,0.09931996027523332,0.9314665895274037,0.42576009035110474,37,1,1
loco_bilinear,gnn,42,J,10%,77,7,0.09090909090909091,0.41961058581336624,0.0,0.0,0.14517397881038013,1.0,0.46768271140754225,6,1,1
loco_bilinear,gnn,42,J,25%,77,19,0.24675324675324675,0.46288221617343656,0.003589877126771057,0.003589877126771057,0.10190234845030982,0.9659702209605199,0.5334584452211857,18,1,1
loco_bilinear,gnn,42,J,50%,77,38,0.4935064935064935,0.507091185543686,0.0056096383811611306,0.0056096383811611306,0.057693379080060336,0.9113843445994101,0.577523588637511,37,1,1
loco_bilinear,gnn,43,terminal,10%,77,7,0.09090909090909091,0.13866983673402242,0.006390397037778578,0.006390397037778578,0.234765910870069,0.9735010164435735,0.2240224927663803,6,1,1
loco_bilinear,gnn,43,terminal,25%,77,19,0.24675324675324675,0.20587825265369916,0.008358669908423155,0.008358669908423155,0.16755749495039227,0.9524849241959569,0.2865784764289856,18,1,1
loco_bilinear,gnn,43,terminal,50%,77,38,0.4935064935064935,0.2782601241610552,0.011451883535636087,0.011451883535636087,0.0951756234430362,0.8925991626351473,0.39775875210762024,37,1,1
loco_bilinear,gnn,43,J,10%,77,7,0.09090909090909091,0.42294810649362347,0.003337520680257222,0.003337520680257222,0.1418364581301229,0.9770102003981268,0.47204442967971166,6,1,1
loco_bilinear,gnn,43,J,25%,77,19,0.24675324675324675,0.46288221617343656,0.003589877126771057,0.003589877126771057,0.10190234845030982,0.9659702209605199,0.528420339897275,18,1,1
loco_bilinear,gnn,43,J,50%,77,38,0.4935064935064935,0.5070389387655284,0.005557391603003503,0.005557391603003503,0.057745625858217964,0.912209688797096,0.5707621442774932,37,1,1
loco_bilinear,gnn,44,terminal,10%,77,7,0.09090909090909091,0.14097887809787477,0.008699438401630927,0.008699438401630927,0.23245686950621666,0.9639261420233917,0.23102539777755737,6,1,1
loco_bilinear,gnn,44,terminal,25%,77,19,0.24675324675324675,0.20587825265369916,0.008358669908423155,0.008358669908423155,0.16755749495039227,0.9524849241959569,0.32113373279571533,18,1,1
loco_bilinear,gnn,44,terminal,50%,77,38,0.4935064935064935,0.28184211469794573,0.015033874072526598,0.015033874072526598,0.0915936329061457,0.8590056684385045,0.3820112645626068,37,1,1
loco_bilinear,gnn,44,J,10%,77,7,0.09090909090909091,0.41961058581336624,0.0,0.0,0.14517397881038013,1.0,0.46381654602785904,6,1,1
loco_bilinear,gnn,44,J,25%,77,19,0.24675324675324675,0.45934286733533736,5.0528288671858324e-05,5.0528288671858324e-05,0.10544169728840902,0.999521023578795,0.5302667076388995,18,1,1
loco_bilinear,gnn,44,J,50%,77,38,0.4935064935064935,0.5039124896994939,0.002430942536968961,0.002430942536968961,0.060872074924252506,0.9615983149861992,0.5694997340440751,37,1,1
loco_bilinear,gnn,45,terminal,10%,77,7,0.09090909090909091,0.14292387132133758,0.010644431625093737,0.010644431625093737,0.23051187628275385,0.9558608617065025,0.22750529646873474,6,1,1
loco_bilinear,gnn,45,terminal,25%,77,19,0.24675324675324675,0.20405247219299016,0.0065328894477141575,0.0065328894477141575,0.16938327541110126,0.962863620560639,0.2912944257259369,18,1,1
loco_bilinear,gnn,45,terminal,50%,77,38,0.4935064935064935,0.284061286598444,0.01725304597302485,0.01725304597302485,0.08937446100564744,0.8381932911882126,0.38546040654182434,37,1,1
loco_bilinear,gnn,45,J,10%,77,7,0.09090909090909091,0.42294810649362347,0.003337520680257222,0.003337520680257222,0.1418364581301229,0.9770102003981268,0.4591184159119924,6,1,1
loco_bilinear,gnn,45,J,25%,77,19,0.24675324675324675,0.46288221617343656,0.003589877126771057,0.003589877126771057,0.10190234845030982,0.9659702209605199,0.5268525323520105,18,1,1
loco_bilinear,gnn,45,J,50%,77,38,0.4935064935064935,0.5067537739235711,0.005272226761046217,0.005272226761046217,0.05803079070017525,0.9167144478653658,0.5633533803125222,37,1,1
loco_bilinear,gnn,46,terminal,10%,77,7,0.09090909090909091,0.14492898221526826,0.01264954251902442,0.01264954251902442,0.22850676538882317,0.9475462921589505,0.24043340981006622,6,1,1
loco_bilinear,gnn,46,terminal,25%,77,19,0.24675324675324675,0.20360856189539558,0.006088979150119578,0.006088979150119578,0.16982718570869584,0.9653870401562791,0.30190300941467285,18,1,1
loco_bilinear,gnn,46,terminal,50%,77,38,0.4935064935064935,0.27166252210736275,0.004854281481943612,0.004854281481943612,0.10177322549672868,0.9544743976531819,0.39859041571617126,37,1,1
loco_bilinear,gnn,46,J,10%,77,7,0.09090909090909091,0.41961058581336624,0.0,0.0,0.14517397881038013,1.0,0.47060674329598745,6,1,1
loco_bilinear,gnn,46,J,25%,77,19,0.24675324675324675,0.45934286733533736,5.0528288671858324e-05,5.0528288671858324e-05,0.10544169728840902,0.999521023578795,0.531941895186901,18,1,1
loco_bilinear,gnn,46,J,50%,77,38,0.4935064935064935,0.5032636578162119,0.0017821106536869413,0.0017821106536869413,0.061520906807534526,0.971847935135499,0.5672040989001592,37,1,1
loco_bilinear,gnn_zero_edge_features,42,terminal,10%,77,7,0.09090909090909091,0.14292387132133758,0.010644431625093737,0.010644431625093737,0.23051187628275385,0.9558608617065025,0.22535187005996704,6,1,1
loco_bilinear,gnn_zero_edge_features,42,terminal,25%,77,19,0.24675324675324675,0.20405247219299016,0.0065328894477141575,0.0065328894477141575,0.16938327541110126,0.962863620560639,0.3080787658691406,18,1,1
loco_bilinear,gnn_zero_edge_features,42,terminal,50%,77,38,0.4935064935064935,0.27479122010500806,0.007982979479588925,0.007982979479588925,0.09864452749908337,0.9251320817133455,0.4410920739173889,37,1,1
loco_bilinear,gnn_zero_edge_features,42,J,10%,77,7,0.09090909090909091,0.41961058581336624,0.0,0.0,0.14517397881038013,1.0,0.4653771799057722,6,1,1
loco_bilinear,gnn_zero_edge_features,42,J,25%,77,19,0.24675324675324675,0.46288221617343656,0.003589877126771057,0.003589877126771057,0.10190234845030982,0.9659702209605199,0.5354033270229895,18,1,1
loco_bilinear,gnn_zero_edge_features,42,J,50%,77,38,0.4935064935064935,0.5067678457371105,0.005286298574585624,0.005286298574585624,0.05801671888663584,0.916492154930467,0.5878416538238526,37,1,1
loco_bilinear,gnn_zero_edge_features,43,terminal,10%,77,7,0.09090909090909091,0.14033649968249456,0.008057059986250725,0.008057059986250725,0.23309924792159686,0.9665898849748125,0.2319670021533966,6,1,1
loco_bilinear,gnn_zero_edge_features,43,terminal,25%,77,19,0.24675324675324675,0.2012910360568448,0.0037714533115688065,0.0037714533115688065,0.17214471154724661,0.9785610758704543,0.3034810721874237,18,1,1
loco_bilinear,gnn_zero_edge_features,43,terminal,50%,77,38,0.4935064935064935,0.2775718607008457,0.010763620075426583,0.010763620075426583,0.09586388690324571,0.8990540022887384,0.4059373140335083,37,1,1
loco_bilinear,gnn_zero_edge_features,43,J,10%,77,7,0.09090909090909091,0.41961058581336624,0.0,0.0,0.14517397881038013,1.0,0.46758312607804936,6,1,1
loco_bilinear,gnn_zero_edge_features,43,J,25%,77,19,0.24675324675324675,0.46283168788476464,0.0035393488380991434,0.0035393488380991434,0.10195287673898173,0.9664491973817254,0.5366459871331851,18,1,1
loco_bilinear,gnn_zero_edge_features,43,J,50%,77,38,0.4935064935064935,0.5070389387655284,0.005557391603003503,0.005557391603003503,0.057745625858217964,0.912209688797096,0.578960886845986,37,1,1
loco_bilinear,gnn_zero_edge_features,44,terminal,10%,77,7,0.09090909090909091,0.1412572083728654,0.008977768676621561,0.008977768676621561,0.23217853923122603,0.9627719931752637,0.2271164506673813,6,1,1
loco_bilinear,gnn_zero_edge_features,44,terminal,25%,77,19,0.24675324675324675,0.2012910360568448,0.0037714533115688065,0.0037714533115688065,0.17214471154724661,0.9785610758704543,0.3109813332557678,18,1,1
loco_bilinear,gnn_zero_edge_features,44,terminal,50%,77,38,0.4935064935064935,0.2860101835900231,0.01920194296460398,0.01920194296460398,0.08742556401406831,0.8199156717745941,0.40442487597465515,37,1,1
loco_bilinear,gnn_zero_edge_features,44,J,10%,77,7,0.09090909090909091,0.41961058581336624,0.0,0.0,0.14517397881038013,1.0,0.4691096139450868,6,1,1
loco_bilinear,gnn_zero_edge_features,44,J,25%,77,19,0.24675324675324675,0.45929233904666544,-5.551115123125783e-17,0.0,0.10549222557708093,1.0000000000000004,0.5346255193154017,18,1,1
loco_bilinear,gnn_zero_edge_features,44,J,50%,77,38,0.4935064935064935,0.5040804439224302,0.0025988967599053225,0.0025988967599053225,0.060704120701316144,0.9589451362014872,0.5745190978050232,37,1,1
loco_bilinear,gnn_zero_edge_features,45,terminal,10%,77,7,0.09090909090909091,0.13227943969624384,0.0,0.0,0.2411563079078476,1.0,0.20542581379413605,6,1,1
loco_bilinear,gnn_zero_edge_features,45,terminal,25%,77,19,0.24675324675324675,0.2012910360568448,0.0037714533115688065,0.0037714533115688065,0.17214471154724661,0.9785610758704543,0.26737475395202637,18,1,1
loco_bilinear,gnn_zero_edge_features,45,terminal,50%,77,38,0.4935064935064935,0.2805515612034421,0.013743320578022966,0.013743320578022966,0.09288418640064933,0.8711090508683476,0.36088651418685913,37,1,1
loco_bilinear,gnn_zero_edge_features,45,J,10%,77,7,0.09090909090909091,0.42294810649362347,0.003337520680257222,0.003337520680257222,0.1418364581301229,0.9770102003981268,0.46132376541694003,6,1,1
loco_bilinear,gnn_zero_edge_features,45,J,25%,77,19,0.24675324675324675,0.46283168788476464,0.0035393488380991434,0.0035393488380991434,0.10195287673898173,0.9664491973817254,0.5226699061691761,18,1,1
loco_bilinear,gnn_zero_edge_features,45,J,50%,77,38,0.4935064935064935,0.5064915819730805,0.005010034810555619,0.005010034810555619,0.05829298265066585,0.9208563033567129,0.5569792275627454,37,1,1
loco_bilinear,gnn_zero_edge_features,46,terminal,10%,77,7,0.09090909090909091,0.13866983673402242,0.006390397037778578,0.006390397037778578,0.234765910870069,0.9735010164435735,0.22557812929153442,6,1,1
loco_bilinear,gnn_zero_edge_features,46,terminal,25%,77,19,0.24675324675324675,0.20606546221595062,0.008545879470674617,0.008545879470674617,0.1673702853881408,0.9514207265856821,0.2970515787601471,18,1,1
loco_bilinear,gnn_zero_edge_features,46,terminal,50%,77,38,0.4935064935064935,0.27677059153977196,0.009962350914352824,0.009962350914352824,0.09666515606431947,0.9065686594703419,0.3846220374107361,37,1,1
loco_bilinear,gnn_zero_edge_features,46,J,10%,77,7,0.09090909090909091,0.41961058581336624,0.0,0.0,0.14517397881038013,1.0,0.46803137759367625,6,1,1
loco_bilinear,gnn_zero_edge_features,46,J,25%,77,19,0.24675324675324675,0.4595702936349992,0.00027795458833368425,0.00027795458833368425,0.1052142709887472,0.9973651651881154,0.5245713507135709,18,1,1
loco_bilinear,gnn_zero_edge_features,46,J,50%,77,38,0.4935064935064935,0.5032999198769398,0.0018183727144148731,0.0018183727144148731,0.061484644746806594,0.9712751020829492,0.5656274415552616,37,1,1
loco_bilinear,gnn_mean,42,terminal,10%,77,7,0.09090909090909091,0.13227943969624384,0.0,0.0,0.2411563079078476,1.0,0.23955580592155457,6,1,1
loco_bilinear,gnn_mean,42,terminal,25%,77,19,0.24675324675324675,0.2012910360568448,0.0037714533115688065,0.0037714533115688065,0.17214471154724661,0.9785610758704543,0.31922587752342224,18,1,1
loco_bilinear,gnn_mean,42,terminal,50%,77,38,0.4935064935064935,0.28079645080786003,0.013988210182440897,0.013988210182440897,0.0926392967962314,0.868812367663826,0.4214310646057129,37,1,1
loco_bilinear,gnn_mean,42,J,10%,77,7,0.09090909090909091,0.42294810649362347,0.003337520680257222,0.003337520680257222,0.1418364581301229,0.9770102003981268,0.47044949407378833,6,1,1
loco_bilinear,gnn_mean,42,J,25%,77,19,0.24675324675324675,0.4629674155167059,0.003675076470040395,0.003675076470040395,0.10181714910704048,0.9651625847313734,0.5389903947710991,18,1,1
loco_bilinear,gnn_mean,42,J,50%,77,38,0.4935064935064935,0.5036373314970548,0.0021557843345298977,0.0021557843345298977,0.06114723312669157,0.9659449988169916,0.5788300827145576,37,1,1
loco_bilinear,gnn_mean,43,terminal,10%,77,7,0.09090909090909091,0.13512457800762995,0.0028451383113861084,0.0028451383113861084,0.23831116959646148,0.988202098729786,0.21994483470916748,6,1,1
loco_bilinear,gnn_mean,43,terminal,25%,77,19,0.24675324675324675,0.20326703198646245,0.0057474492411864475,0.0057474492411864475,0.17016871561762897,0.9673284757782256,0.31052541732788086,18,1,1
loco_bilinear,gnn_mean,43,terminal,50%,77,38,0.4935064935064935,0.2775718607008457,0.010763620075426583,0.010763620075426583,0.09586388690324571,0.8990540022887384,0.39945319294929504,37,1,1
loco_bilinear,gnn_mean,43,J,10%,77,7,0.09090909090909091,0.42294810649362347,0.003337520680257222,0.003337520680257222,0.1418364581301229,0.9770102003981268,0.4660427672167619,6,1,1
loco_bilinear,gnn_mean,43,J,25%,77,19,0.24675324675324675,0.46283168788476464,0.0035393488380991434,0.0035393488380991434,0.10195287673898173,0.9664491973817254,0.5288383995493253,18,1,1
loco_bilinear,gnn_mean,43,J,50%,77,38,0.4935064935064935,0.5070389387655284,0.005557391603003503,0.005557391603003503,0.057745625858217964,0.912209688797096,0.5705592376490434,37,1,1
loco_bilinear,gnn_mean,44,terminal,10%,77,7,0.09090909090909091,0.13659372180700302,0.004314282110759182,0.004314282110759182,0.2368420257970884,0.982110017572471,0.23638202250003815,6,1,1
loco_bilinear,gnn_mean,44,terminal,25%,77,19,0.24675324675324675,0.20587825265369916,0.008358669908423155,0.008358669908423155,0.16755749495039227,0.9524849241959569,0.2995591461658478,18,1,1
loco_bilinear,gnn_mean,44,terminal,50%,77,38,0.4935064935064935,0.28058005222364474,0.013771811598225603,0.013771811598225603,0.09285569538044669,0.8708418494584118,0.38848477602005005,37,1,1
loco_bilinear,gnn_mean,44,J,10%,77,7,0.09090909090909091,0.42294810649362347,0.003337520680257222,0.003337520680257222,0.1418364581301229,0.9770102003981268,0.46566670363148055,6,1,1
loco_bilinear,gnn_mean,44,J,25%,77,19,0.24675324675324675,0.4642996565324435,0.0050073174857779845,0.0050073174857779845,0.1004849080913029,0.9525337771728093,0.5329224910587073,18,1,1
loco_bilinear,gnn_mean,44,J,50%,77,38,0.4935064935064935,0.5067537739235711,0.005272226761046217,0.005272226761046217,0.05803079070017525,0.9167144478653658,0.5735948128004869,37,1,1
loco_bilinear,gnn_mean,45,terminal,10%,77,7,0.09090909090909091,0.14292387132133758,0.010644431625093737,0.010644431625093737,0.23051187628275385,0.9558608617065025,0.20466552674770355,6,1,1
loco_bilinear,gnn_mean,45,terminal,25%,77,19,0.24675324675324675,0.19996136544566406,0.0024417827003880566,0.0024417827003880566,0.17347438215842736,0.9861196229331867,0.277930349111557,18,1,1
loco_bilinear,gnn_mean,45,terminal,50%,77,38,0.4935064935064935,0.2756592354884273,0.008850994863008166,0.008850994863008166,0.09777651211566413,0.9169914488877757,0.3722689747810364,37,1,1
loco_bilinear,gnn_mean,45,J,10%,77,7,0.09090909090909091,0.42294810649362347,0.003337520680257222,0.003337520680257222,0.1418364581301229,0.9770102003981268,0.4596309473117193,6,1,1
loco_bilinear,gnn_mean,45,J,25%,77,19,0.24675324675324675,0.46381523763074683,0.004522898584081336,0.004522898584081336,0.10096932699299954,0.9571257639191947,0.5264515317976475,18,1,1
loco_bilinear,gnn_mean,45,J,50%,77,38,0.4935064935064935,0.5063977473742214,0.004916200211696475,0.004916200211696475,0.05838681724952499,0.9223386118251303,0.5615629978477955,37,1,1
loco_bilinear,gnn_mean,46,terminal,10%,77,7,0.09090909090909091,0.13512457800762995,0.0028451383113861084,0.0028451383113861084,0.23831116959646148,0.988202098729786,0.23325179517269135,6,1,1
loco_bilinear,gnn_mean,46,terminal,25%,77,19,0.24675324675324675,0.20068757588926114,0.003167993143985137,0.003167993143985137,0.17274817171483028,0.9819914608385895,0.319489985704422,18,1,1
loco_bilinear,gnn_mean,46,terminal,50%,77,38,0.4935064935064935,0.2727791194460894,0.005970878820670267,0.005970878820670267,0.10065662815800203,0.9440024531206139,0.4071357250213623,37,1,1
loco_bilinear,gnn_mean,46,J,10%,77,7,0.09090909090909091,0.41961058581336624,0.0,0.0,0.14517397881038013,1.0,0.46544866686065994,6,1,1
loco_bilinear,gnn_mean,46,J,25%,77,19,0.24675324675324675,0.46288221617343656,0.003589877126771057,0.003589877126771057,0.10190234845030982,0.9659702209605199,0.5278731262932221,18,1,1
loco_bilinear,gnn_mean,46,J,50%,77,38,0.4935064935064935,0.5065009797890588,0.005019432626533926,0.005019432626533926,0.05828358483468754,0.9207078457261731,0.5693393297493458,37,1,1
loco_linear,fire_only,42,terminal,10%,125,12,0.096,0.09426567020515601,0.001545711110035583,0.001545711110035583,0.3172131263365348,0.9951508446874209,0.17713260650634766,11,2,1
loco_linear,fire_only,42,terminal,25%,125,31,0.248,0.1770537090481247,0.006094263069760075,0.006094263069760075,0.23442508749356614,0.974662067498991,0.24708124995231628,20,23,11
loco_linear,fire_only,42,terminal,50%,125,62,0.496,0.24078736796188566,0.0024635990606375335,0.0024635990606375335,0.17069142857980518,0.9857722926431383,0.43447932600975037,55,22,7
loco_linear,fire_only,42,J,10%,125,12,0.096,0.6277602554143716,0.0011906484038464171,0.0011906484038464171,0.1661384659542393,0.9928843918859307,0.6881063098708788,11,2,1
loco_linear,fire_only,42,J,25%,125,31,0.248,0.6744680969824804,0.0017616583434093558,0.0017616583434093558,0.1194306243861305,0.9854639395864769,0.7294449808696905,20,23,11
loco_linear,fire_only,42,J,50%,125,62,0.496,0.7107274190065718,0.0008392414302070828,0.0008392414302070828,0.08317130236203918,0.9900102845152093,0.8386330994466938,55,22,7
loco_linear,fire_only,43,terminal,10%,125,12,0.096,0.09426567020515601,0.001545711110035583,0.001545711110035583,0.3172131263365348,0.9951508446874209,0.17076735198497772,11,2,1
loco_linear,fire_only,43,terminal,25%,125,31,0.248,0.1770537090481247,0.006094263069760075,0.006094263069760075,0.23442508749356614,0.974662067498991,0.22786441445350647,20,23,11
loco_linear,fire_only,43,terminal,50%,125,62,0.496,0.24078736796188566,0.0024635990606375335,0.0024635990606375335,0.17069142857980518,0.9857722926431383,0.3867877423763275,55,22,7
loco_linear,fire_only,43,J,10%,125,12,0.096,0.6277602554143716,0.0011906484038464171,0.0011906484038464171,0.1661384659542393,0.9928843918859307,0.6832443782438834,11,2,1
loco_linear,fire_only,43,J,25%,125,31,0.248,0.6744680969824804,0.0017616583434093558,0.0017616583434093558,0.1194306243861305,0.9854639395864769,0.7242314902444683,20,23,11
loco_linear,fire_only,43,J,50%,125,62,0.496,0.7107274190065718,0.0008392414302070828,0.0008392414302070828,0.08317130236203918,0.9900102845152093,0.8184272276858487,55,22,7
loco_linear,fire_only,44,terminal,10%,125,12,0.096,0.09426567020515601,0.001545711110035583,0.001545711110035583,0.3172131263365348,0.9951508446874209,0.16617606580257416,11,2,1
loco_linear,fire_only,44,terminal,25%,125,31,0.248,0.1770537090481247,0.006094263069760075,0.006094263069760075,0.23442508749356614,0.974662067498991,0.2289111167192459,20,23,11
loco_linear,fire_only,44,terminal,50%,125,62,0.496,0.24078736796188566,0.0024635990606375335,0.0024635990606375335,0.17069142857980518,0.9857722926431383,0.39594462513923645,55,22,7
loco_linear,fire_only,44,J,10%,125,12,0.096,0.6277602554143716,0.0011906484038464171,0.0011906484038464171,0.1661384659542393,0.9928843918859307,0.6845259622981151,11,2,1
loco_linear,fire_only,44,J,25%,125,31,0.248,0.6744680969824804,0.0017616583434093558,0.0017616583434093558,0.1194306243861305,0.9854639395864769,0.7257225355754299,20,23,11
loco_linear,fire_only,44,J,50%,125,62,0.496,0.7107274190065718,0.0008392414302070828,0.0008392414302070828,0.08317130236203918,0.9900102845152093,0.8144989045957726,55,22,7
loco_linear,fire_only,45,terminal,10%,125,12,0.096,0.09426567020515601,0.001545711110035583,0.001545711110035583,0.3172131263365348,0.9951508446874209,0.18039575219154358,11,2,1
loco_linear,fire_only,45,terminal,25%,125,31,0.248,0.1770537090481247,0.006094263069760075,0.006094263069760075,0.23442508749356614,0.974662067498991,0.22793416678905487,20,23,11
loco_linear,fire_only,45,terminal,50%,125,62,0.496,0.24078736796188566,0.0024635990606375335,0.0024635990606375335,0.17069142857980518,0.9857722926431383,0.39166074991226196,55,22,7
loco_linear,fire_only,45,J,10%,125,12,0.096,0.6277602554143716,0.0011906484038464171,0.0011906484038464171,0.1661384659542393,0.9928843918859307,0.6840684875845909,11,2,1
loco_linear,fire_only,45,J,25%,125,31,0.248,0.6744680969824804,0.0017616583434093558,0.0017616583434093558,0.1194306243861305,0.9854639395864769,0.7265106736371915,20,23,11
loco_linear,fire_only,45,J,50%,125,62,0.496,0.7107274190065718,0.0008392414302070828,0.0008392414302070828,0.08317130236203918,0.9900102845152093,0.8395507797598838,55,22,7
loco_linear,fire_only,46,terminal,10%,125,12,0.096,0.09426567020515601,0.001545711110035583,0.001545711110035583,0.3172131263365348,0.9951508446874209,0.19272562861442566,11,2,1
loco_linear,fire_only,46,terminal,25%,125,31,0.248,0.1770537090481247,0.006094263069760075,0.006094263069760075,0.23442508749356614,0.974662067498991,0.25375470519065857,20,23,11
loco_linear,fire_only,46,terminal,50%,125,62,0.496,0.24078736796188566,0.0024635990606375335,0.0024635990606375335,0.17069142857980518,0.9857722926431383,0.4322025775909424,55,22,7
loco_linear,fire_only,46,J,10%,125,12,0.096,0.6277602554143716,0.0011906484038464171,0.0011906484038464171,0.1661384659542393,0.9928843918859307,0.6875219953556856,11,2,1
loco_linear,fire_only,46,J,25%,125,31,0.248,0.6744680969824804,0.0017616583434093558,0.0017616583434093558,0.1194306243861305,0.9854639395864769,0.7301661503811678,20,23,11
loco_linear,fire_only,46,J,50%,125,62,0.496,0.7107274190065718,0.0008392414302070828,0.0008392414302070828,0.08317130236203918,0.9900102845152093,0.8353181406855583,55,22,7
loco_linear,global_stats,42,terminal,10%,125,12,0.096,0.09271995909512043,0.0,0.0,0.3187588374465704,1.0,0.12351518869400024,11,1,1
loco_linear,global_stats,42,terminal,25%,125,31,0.248,0.1737417061963389,0.002782260217974286,0.002782260217974286,0.23773709034535193,0.9884322811804627,0.2164342701435089,30,1,1
loco_linear,global_stats,42,terminal,50%,125,62,0.496,0.23995983804906568,0.0016360691478175537,0.0016360691478175537,0.17151895849262516,0.9905514199032392,0.3789072632789612,61,1,1
loco_linear,global_stats,42,J,10%,125,12,0.096,0.6265696070105251,-1.1102230246251565e-16,0.0,0.16732911435808584,1.0000000000000007,0.6686165963610013,11,1,1
loco_linear,global_stats,42,J,25%,125,31,0.248,0.6735098373325121,0.0008033986934410375,0.0008033986934410375,0.12038888403609882,0.9933708758070516,0.7192738072325786,30,1,1
loco_linear,global_stats,42,J,50%,125,62,0.496,0.7105831977410584,0.0006950201646936938,0.0006950201646936938,0.08331552362755257,0.9917269888597264,0.8059763977924983,61,1,1
loco_linear,global_stats,43,terminal,10%,125,12,0.096,0.09271995909512043,0.0,0.0,0.3187588374465704,1.0,0.19192680716514587,11,1,1
loco_linear,global_stats,43,terminal,25%,125,31,0.248,0.17329309424085002,0.0023336482624853883,0.0023336482624853883,0.23818570230084082,0.9902974614848257,0.27152392268180847,30,1,1
loco_linear,global_stats,43,terminal,50%,125,62,0.496,0.23965966521251586,0.0013358963112677369,0.0013358963112677369,0.17181913132917498,0.9922849695473946,0.4086384177207947,61,1,1
loco_linear,global_stats,43,J,10%,125,12,0.096,0.6265696070105251,-1.1102230246251565e-16,0.0,0.16732911435808584,1.0000000000000007,0.6821884704132875,11,1,1
loco_linear,global_stats,43,J,25%,125,31,0.248,0.6737667596768788,0.0010603210378077321,0.0010603210378077321,0.12013196169173213,0.9912509194981168,0.7324848266939322,30,1,1
loco_linear,global_stats,43,J,50%,125,62,0.496,0.7105831977410584,0.0006950201646936938,0.0006950201646936938,0.08331552362755257,0.9917269888597264,0.8255429501334827,61,1,1
loco_linear,global_stats,44,terminal,10%,125,12,0.096,0.09271995909512043,0.0,0.0,0.3187588374465704,1.0,0.16795824468135834,11,1,1
loco_linear,global_stats,44,terminal,25%,125,31,0.248,0.17442970722913742,0.0034702612507727937,0.0034702612507727937,0.23704908931255342,0.9855718001788837,0.26618432998657227,30,1,1
loco_linear,global_stats,44,terminal,50%,125,62,0.496,0.23973597405898955,0.0014122051577414307,0.0014122051577414307,0.17174282248270129,0.9918442728635412,0.4024234712123871,61,1,1
loco_linear,global_stats,44,J,10%,125,12,0.096,0.6265696070105251,-1.1102230246251565e-16,0.0,0.16732911435808584,1.0000000000000007,0.6778777344773214,11,1,1
loco_linear,global_stats,44,J,25%,125,31,0.248,0.6735098373325121,0.0008033986934410375,0.0008033986934410375,0.12038888403609882,0.9933708758070516,0.7307030434409777,30,1,1
loco_linear,global_stats,44,J,50%,125,62,0.496,0.7105831977410584,0.0006950201646936938,0.0006950201646936938,0.08331552362755257,0.9917269888597264,0.8192567350963752,61,1,1
loco_linear,global_stats,45,terminal,10%,125,12,0.096,0.09271995909512043,0.0,0.0,0.3187588374465704,1.0,0.18949975073337555,11,1,1
loco_linear,global_stats,45,terminal,25%,125,31,0.248,0.1737417061963389,0.002782260217974286,0.002782260217974286,0.23773709034535193,0.9884322811804627,0.27256539463996887,30,1,1
loco_linear,global_stats,45,terminal,50%,125,62,0.496,0.23995983804906568,0.0016360691478175537,0.0016360691478175537,0.17151895849262516,0.9905514199032392,0.4056966006755829,61,1,1
loco_linear,global_stats,45,J,10%,125,12,0.096,0.6265696070105251,-1.1102230246251565e-16,0.0,0.16732911435808584,1.0000000000000007,0.6828517969697714,11,1,1
loco_linear,global_stats,45,J,25%,125,31,0.248,0.6735098373325121,0.0008033986934410375,0.0008033986934410375,0.12038888403609882,0.9933708758070516,0.7357153447965781,30,1,1
loco_linear,global_stats,45,J,50%,125,62,0.496,0.7105831977410584,0.0006950201646936938,0.0006950201646936938,0.08331552362755257,0.9917269888597264,0.8204479170342286,61,1,1
loco_linear,global_stats,46,terminal,10%,125,12,0.096,0.09271995909512043,0.0,0.0,0.3187588374465704,1.0,0.16153141856193542,11,1,1
loco_linear,global_stats,46,terminal,25%,125,31,0.248,0.17442970722913742,0.0034702612507727937,0.0034702612507727937,0.23704908931255342,0.9855718001788837,0.25086572766304016,30,1,1
loco_linear,global_stats,46,terminal,50%,125,62,0.496,0.23944445831641073,0.0011206894151626068,0.0011206894151626068,0.1720343382252801,0.9935278263043582,0.39150798320770264,61,1,1
loco_linear,global_stats,46,J,10%,125,12,0.096,0.6265696070105251,-1.1102230246251565e-16,0.0,0.16732911435808584,1.0000000000000007,0.6818247534334659,11,1,1
loco_linear,global_stats,46,J,25%,125,31,0.248,0.6737667596768788,0.0010603210378077321,0.0010603210378077321,0.12013196169173213,0.9912509194981168,0.7289123855531215,30,1,1
loco_linear,global_stats,46,J,50%,125,62,0.496,0.7105831977410584,0.0006950201646936938,0.0006950201646936938,0.08331552362755257,0.9917269888597264,0.8160360885163148,61,1,1
loco_linear,deepsets,42,terminal,10%,125,12,0.096,0.09271995909512043,0.0,0.0,0.3187588374465704,1.0,0.16002842783927917,11,1,1
loco_linear,deepsets,42,terminal,25%,125,31,0.248,0.17252369537468878,0.0015642493963241577,0.0015642493963241577,0.23895510116700205,0.9934963677863735,0.2535738945007324,30,1,1
loco_linear,deepsets,42,terminal,50%,125,62,0.496,0.2394837171079651,0.0011599482067169709,0.0011599482067169709,0.17199507943372574,0.9933011000458756,0.3984665870666504,61,1,1
loco_linear,deepsets,42,J,10%,125,12,0.096,0.6265696070105251,-1.1102230246251565e-16,0.0,0.16732911435808584,1.0000000000000007,0.6672930985689163,11,1,1
loco_linear,deepsets,42,J,25%,125,31,0.248,0.6736420137206873,0.0009355750816162356,0.0009355750816162356,0.12025670764792362,0.9922802421033349,0.7338649436831475,30,1,1
loco_linear,deepsets,42,J,50%,125,62,0.496,0.7099861231452276,9.794556886288941e-05,9.794556886288941e-05,0.08391259822338337,0.9988341276649143,0.8321646576126417,61,1,1
loco_linear,deepsets,43,terminal,10%,125,12,0.096,0.09271995909512043,0.0,0.0,0.3187588374465704,1.0,0.1700180619955063,11,1,1
loco_linear,deepsets,43,terminal,25%,125,31,0.248,0.17291598622837373,0.0019565402500091034,0.0019565402500091034,0.2385628103133171,0.9918653520166812,0.2783925533294678,30,1,1
loco_linear,deepsets,43,terminal,50%,125,62,0.496,0.23931350883456967,0.0009897399333215484,0.0009897399333215484,0.17216528770712117,0.994284082034414,0.4100961983203888,61,1,1
loco_linear,deepsets,43,J,10%,125,12,0.096,0.6265696070105251,-1.1102230246251565e-16,0.0,0.16732911435808584,1.0000000000000007,0.6691185008734465,11,1,1
loco_linear,deepsets,43,J,25%,125,31,0.248,0.6733511546626686,0.0006447160235975025,0.0006447160235975025,0.12054756670594236,0.9946802221306756,0.7362665032347043,30,1,1
loco_linear,deepsets,43,J,50%,125,62,0.496,0.7103554688223828,0.0004672912460180756,0.0004672912460180756,0.08354325254622819,0.994437707162405,0.8244993930061658,61,1,1
loco_linear,deepsets,44,terminal,10%,125,12,0.096,0.09271995909512043,0.0,0.0,0.3187588374465704,1.0,0.16370773315429688,11,1,1
loco_linear,deepsets,44,terminal,25%,125,31,0.248,0.17266990604900545,0.0017104600706408235,0.0017104600706408235,0.2388088904926854,0.9928884721057382,0.26207923889160156,30,1,1
loco_linear,deepsets,44,terminal,50%,125,62,0.496,0.23876590365844388,0.00044213475719576123,0.00044213475719576123,0.17271289288324695,0.9974465959018305,0.4025070071220398,61,1,1
loco_linear,deepsets,44,J,10%,125,12,0.096,0.6265696070105251,-1.1102230246251565e-16,0.0,0.16732911435808584,1.0000000000000007,0.6655052351454894,11,1,1
loco_linear,deepsets,44,J,25%,125,31,0.248,0.6732523906234932,0.0005459519844220884,0.0005459519844220884,0.12064633074511777,0.9954951588325103,0.7245688803493977,30,1,1
loco_linear,deepsets,44,J,50%,125,62,0.496,0.7101490037125205,0.00026082613615585615,0.00026082613615585615,0.0837497176560904,0.9968953166545277,0.803966058542331,61,1,1
loco_linear,deepsets,45,terminal,10%,125,12,0.096,0.09271995909512043,0.0,0.0,0.3187588374465704,1.0,0.16099265217781067,11,1,1
loco_linear,deepsets,45,terminal,25%,125,31,0.248,0.1728378974141613,0.0018784514357966797,0.0018784514357966797,0.23864089912752953,0.9921900195082137,0.26110050082206726,30,1,1
loco_linear,deepsets,45,terminal,50%,125,62,0.496,0.23946911781545607,0.0011453489142079498,0.0011453489142079498,0.17200967872623477,0.9933854134655202,0.40282830595970154,61,1,1
loco_linear,deepsets,45,J,10%,125,12,0.096,0.6265696070105251,-1.1102230246251565e-16,0.0,0.16732911435808584,1.0000000000000007,0.6669113680720329,11,1,1
loco_linear,deepsets,45,J,25%,125,31,0.248,0.6732131512595281,0.0005067126204569838,0.0005067126204569838,0.12068557010908287,0.9958189365771103,0.7316689021885395,30,1,1
loco_linear,deepsets,45,J,50%,125,62,0.496,0.7102287686630203,0.0003405910866556283,0.0003405910866556283,0.08366995270559063,0.9959458530884183,0.8291494856278102,61,1,1
loco_linear,deepsets,46,terminal,10%,125,12,0.096,0.09271995909512043,0.0,0.0,0.3187588374465704,1.0,0.15988756716251373,11,1,1
loco_linear,deepsets,46,terminal,25%,125,31,0.248,0.17217198086361732,0.0012125348852526918,0.0012125348852526918,0.23930681567807352,0.9949586805285613,0.2628205716609955,30,1,1
loco_linear,deepsets,46,terminal,50%,125,62,0.496,0.23933599180271548,0.0010122229014673523,0.0010122229014673523,0.17214280473897536,0.9941542390350384,0.3884469270706177,61,1,1
loco_linear,deepsets,46,J,10%,125,12,0.096,0.6265696070105251,-1.1102230246251565e-16,0.0,0.16732911435808584,1.0000000000000007,0.6731449587891499,11,1,1
loco_linear,deepsets,46,J,25%,125,31,0.248,0.6732523906234932,0.0005459519844220884,0.0005459519844220884,0.12064633074511777,0.9954951588325103,0.7389823344846567,30,1,1
loco_linear,deepsets,46,J,50%,125,62,0.496,0.7101354133327723,0.0002472357564076155,0.0002472357564076155,0.08376330803583865,0.9970570865840481,0.8340670223037402,61,1,1
loco_linear,capacity_matched_deepsets,42,terminal,10%,125,12,0.096,0.09271995909512043,0.0,0.0,0.3187588374465704,1.0,0.1593451201915741,11,1,1
loco_linear,capacity_matched_deepsets,42,terminal,25%,125,31,0.248,0.17235098130279972,0.0013915353244350892,0.0013915353244350892,0.23912781523889112,0.9942144558382685,0.26159024238586426,30,1,1
loco_linear,capacity_matched_deepsets,42,terminal,50%,125,62,0.496,0.2394233015516112,0.0010995326503630831,0.0010995326503630831,0.17205549499007963,0.9936500102518174,0.3935491740703583,61,1,1
loco_linear,capacity_matched_deepsets,42,J,10%,125,12,0.096,0.6265696070105251,-1.1102230246251565e-16,0.0,0.16732911435808584,1.0000000000000007,0.6664492607116699,11,1,1
loco_linear,capacity_matched_deepsets,42,J,25%,125,31,0.248,0.6734232127366047,0.0007167740975335679,0.0007167740975335679,0.12047550863200629,0.9940856457078776,0.7268507028619449,30,1,1
loco_linear,capacity_matched_deepsets,42,J,50%,125,62,0.496,0.7101128233045902,0.00022464572822555873,0.00022464572822555873,0.0837858980640207,0.9973259817388982,0.8069547154009342,61,1,1
loco_linear,capacity_matched_deepsets,43,terminal,10%,125,12,0.096,0.09271995909512043,0.0,0.0,0.3187588374465704,1.0,0.1699276864528656,11,1,1
loco_linear,capacity_matched_deepsets,43,terminal,25%,125,31,0.248,0.17235098130279972,0.0013915353244350892,0.0013915353244350892,0.23912781523889112,0.9942144558382685,0.2815781831741333,30,1,1
loco_linear,capacity_matched_deepsets,43,terminal,50%,125,62,0.496,0.23942247525818885,0.0010987063569407318,0.0010987063569407318,0.17205632128350198,0.9936547822381329,0.419600248336792,61,1,1
loco_linear,capacity_matched_deepsets,43,J,10%,125,12,0.096,0.6265696070105251,-1.1102230246251565e-16,0.0,0.16732911435808584,1.0000000000000007,0.6787125582496325,11,1,1
loco_linear,capacity_matched_deepsets,43,J,25%,125,31,0.248,0.6736518037154949,0.000945365076423843,0.000945365076423843,0.12024691765311601,0.9921994614250019,0.7431024114290873,30,1,1
loco_linear,capacity_matched_deepsets,43,J,50%,125,62,0.496,0.710198708370288,0.0003105307939232915,0.0003105307939232915,0.08370001299832297,0.9963036688026777,0.8282378345727921,61,1,1
loco_linear,capacity_matched_deepsets,44,terminal,10%,125,12,0.096,0.09271995909512043,0.0,0.0,0.3187588374465704,1.0,0.15896275639533997,11,1,1
loco_linear,capacity_matched_deepsets,44,terminal,25%,125,31,0.248,0.1734706362889659,0.0025111903106012634,0.0025111903106012634,0.23800816025272495,0.9895593003027834,0.2638685703277588,30,1,1
loco_linear,capacity_matched_deepsets,44,terminal,50%,125,62,0.496,0.2394026124910001,0.0010788435897519655,0.0010788435897519655,0.17207618405069075,0.9937694931273252,0.40881991386413574,61,1,1
loco_linear,capacity_matched_deepsets,44,J,10%,125,12,0.096,0.6265696070105251,-1.1102230246251565e-16,0.0,0.16732911435808584,1.0000000000000007,0.6633388121922811,11,1,1
loco_linear,capacity_matched_deepsets,44,J,25%,125,31,0.248,0.6734232127366047,0.0007167740975335679,0.0007167740975335679,0.12047550863200629,0.9940856457078776,0.7262762856980165,30,1,1
loco_linear,capacity_matched_deepsets,44,J,50%,125,62,0.496,0.7100720082109254,0.00018383063456073323,0.00018383063456073323,0.08382671315768553,0.9978118147286924,0.8089963875710964,61,1,1
loco_linear,capacity_matched_deepsets,45,terminal,10%,125,12,0.096,0.09271995909512043,0.0,0.0,0.3187588374465704,1.0,0.18135222792625427,11,1,1
loco_linear,capacity_matched_deepsets,45,terminal,25%,125,31,0.248,0.17217198086361732,0.0012125348852526918,0.0012125348852526918,0.23930681567807352,0.9949586805285613,0.2891960144042969,30,1,1
loco_linear,capacity_matched_deepsets,45,terminal,50%,125,62,0.496,0.23946911781545607,0.0011453489142079498,0.0011453489142079498,0.17200967872623477,0.9933854134655202,0.3933577835559845,61,1,1
loco_linear,capacity_matched_deepsets,45,J,10%,125,12,0.096,0.6265696070105251,-1.1102230246251565e-16,0.0,0.16732911435808584,1.0000000000000007,0.6688397787511349,11,1,1
loco_linear,capacity_matched_deepsets,45,J,25%,125,31,0.248,0.67358211763804,0.0008756789989688984,0.0008756789989688984,0.12031660373057096,0.9927744656735024,0.7218540300925572,30,1,1
loco_linear,capacity_matched_deepsets,45,J,50%,125,62,0.496,0.7104076510705856,0.000519473494220879,0.000519473494220879,0.08349107029802538,0.9938165678881271,0.7955272468427818,61,1,1
loco_linear,capacity_matched_deepsets,46,terminal,10%,125,12,0.096,0.09271995909512043,0.0,0.0,0.3187588374465704,1.0,0.1686297506093979,11,1,1
loco_linear,capacity_matched_deepsets,46,terminal,25%,125,31,0.248,0.17200662700399275,0.0010471810256281189,0.0010471810256281189,0.2394721695376981,0.9956461672494313,0.2563503086566925,30,1,1
loco_linear,capacity_matched_deepsets,46,terminal,50%,125,62,0.496,0.23933719735472433,0.0010134284534762117,0.0010134284534762117,0.1721415991869665,0.9941472767653008,0.3781779408454895,61,1,1
loco_linear,capacity_matched_deepsets,46,J,10%,125,12,0.096,0.6265696070105251,-1.1102230246251565e-16,0.0,0.16732911435808584,1.0000000000000007,0.6620944446573654,11,1,1
loco_linear,capacity_matched_deepsets,46,J,25%,125,31,0.248,0.6740824754860613,0.0013760368469901696,0.0013760368469901696,0.11981624588254969,0.9886458377051861,0.7210374097029368,30,1,1
loco_linear,capacity_matched_deepsets,46,J,50%,125,62,0.496,0.7103603748013817,0.00047219722501701256,0.00047219722501701256,0.08353834656722925,0.9943793099806052,0.7980879200001557,61,1,1
loco_linear,gnn,42,terminal,10%,125,12,0.096,0.09271995909512043,0.0,0.0,0.3187588374465704,1.0,0.14622263610363007,11,1,1
loco_linear,gnn,42,terminal,25%,125,31,0.248,0.17188221096031128,0.0009227649819466555,0.0009227649819466555,0.23959658558137956,0.996163448056111,0.2406405359506607,30,1,1
loco_linear,gnn,42,terminal,50%,125,62,0.496,0.23959279601131717,0.0012690271100690431,0.0012690271100690431,0.17188600053037367,0.9926711506598342,0.39243316650390625,61,1,1
loco_linear,gnn,42,J,10%,125,12,0.096,0.6265696070105251,-1.1102230246251565e-16,0.0,0.16732911435808584,1.0000000000000007,0.6663373993088801,11,1,1
loco_linear,gnn,42,J,25%,125,31,0.248,0.6733117861032326,0.0006053474641615209,0.0006053474641615209,0.12058693526537834,0.9950050659123861,0.7249038781970739,30,1,1
loco_linear,gnn,42,J,50%,125,62,0.496,0.7102497858055417,0.00036160822917696844,0.00036160822917696844,0.0836489355630693,0.9956956804127919,0.8072141925493876,61,1,1
loco_linear,gnn,43,terminal,10%,125,12,0.096,0.09271995909512043,0.0,0.0,0.3187588374465704,1.0,0.145626500248909,11,1,1
loco_linear,gnn,43,terminal,25%,125,31,0.248,0.17330674995337764,0.00234730397501301,0.00234730397501301,0.2381720465883132,0.9902406855435318,0.2512442469596863,30,1,1
loco_linear,gnn,43,terminal,50%,125,62,0.496,0.23915997592191543,0.0008362070206673067,0.0008362070206673067,0.1723188206197754,0.9951707609529901,0.38534894585609436,61,1,1
loco_linear,gnn,43,J,10%,125,12,0.096,0.6265696070105251,-1.1102230246251565e-16,0.0,0.16732911435808584,1.0000000000000007,0.6602203025172154,11,1,1
loco_linear,gnn,43,J,25%,125,31,0.248,0.6732991723263616,0.0005927336872905142,0.0005927336872905142,0.12059954904224934,0.9951091466061969,0.7216723086933295,30,1,1
loco_linear,gnn,43,J,50%,125,62,0.496,0.7100956411201066,0.00020746354374190368,0.00020746354374190368,0.08380308024850436,0.9975305058820361,0.8017146992186706,61,1,1
loco_linear,gnn,44,terminal,10%,125,12,0.096,0.09271995909512043,0.0,0.0,0.3187588374465704,1.0,0.15497788786888123,11,1,1
loco_linear,gnn,44,terminal,25%,125,31,0.248,0.17207252762971387,0.0011130816513492403,0.0011130816513492403,0.23940626891197697,0.9953721742190711,0.25774651765823364,30,1,1
loco_linear,gnn,44,terminal,50%,125,62,0.496,0.23931350883456967,0.0009897399333215484,0.0009897399333215484,0.17216528770712117,0.994284082034414,0.3985302746295929,61,1,1
loco_linear,gnn,44,J,10%,125,12,0.096,0.6265696070105251,-1.1102230246251565e-16,0.0,0.16732911435808584,1.0000000000000007,0.6656930886209012,11,1,1
loco_linear,gnn,44,J,25%,125,31,0.248,0.6735341237978109,0.000827685158739766,0.000827685158739766,0.12036459757080009,0.993170479670006,0.726530417551597,30,1,1
loco_linear,gnn,44,J,50%,125,62,0.496,0.7101252502681669,0.00023707269180217594,0.00023707269180217594,0.08377347110044409,0.9971780602636207,0.8060737403730551,61,1,1
loco_linear,gnn,45,terminal,10%,125,12,0.096,0.09271995909512043,0.0,0.0,0.3187588374465704,1.0,0.13446947932243347,11,1,1
loco_linear,gnn,45,terminal,25%,125,31,0.248,0.1726262163250677,0.001666770346703067,0.001666770346703067,0.23885258021662314,0.993070119544231,0.2234133630990982,30,1,1
loco_linear,gnn,45,terminal,50%,125,62,0.496,0.23876590365844388,0.00044213475719576123,0.00044213475719576123,0.17271289288324695,0.9974465959018305,0.424167662858963,61,1,1
loco_linear,gnn,45,J,10%,125,12,0.096,0.6265696070105251,-1.1102230246251565e-16,0.0,0.16732911435808584,1.0000000000000007,0.6602345523734887,11,1,1
loco_linear,gnn,45,J,25%,125,31,0.248,0.6735692590815565,0.0008628204424854236,0.0008628204424854236,0.12032946228705443,0.9928805661296854,0.7333463030556838,30,1,1
loco_linear,gnn,45,J,50%,125,62,0.496,0.7100383223214699,0.00015014474510521847,0.00015014474510521847,0.08386039904714104,0.9982127868916487,0.8253624414404234,61,1,1
loco_linear,gnn,46,terminal,10%,125,12,0.096,0.09271995909512043,0.0,0.0,0.3187588374465704,1.0,0.15230542421340942,11,1,1
loco_linear,gnn,46,terminal,25%,125,31,0.248,0.17415020855203753,0.0031907625736729006,0.0031907625736729006,0.2373285879896533,0.9867338633411419,0.2511502504348755,30,1,1
loco_linear,gnn,46,terminal,50%,125,62,0.496,0.23916165350425628,0.0008378846030081544,0.0008378846030081544,0.17231714303743456,0.9951610726270794,0.37693604826927185,61,1,1
loco_linear,gnn,46,J,10%,125,12,0.096,0.6265696070105251,-1.1102230246251565e-16,0.0,0.16732911435808584,1.0000000000000007,0.6611333668231965,11,1,1
loco_linear,gnn,46,J,25%,125,31,0.248,0.673706783011796,0.0010003443727248928,0.0010003443727248928,0.12019193835681496,0.9917458079822019,0.7212202742695808,30,1,1
loco_linear,gnn,46,J,50%,125,62,0.496,0.7101585094756898,0.0002703318993251269,0.0002703318993251269,0.08374021189292113,0.9967821670099691,0.8019080358246963,61,1,1
loco_linear,gnn_zero_edge_features,42,terminal,10%,125,12,0.096,0.09271995909512043,0.0,0.0,0.3187588374465704,1.0,0.15738187730312347,11,1,1
loco_linear,gnn_zero_edge_features,42,terminal,25%,125,31,0.248,0.17223392547138275,0.0012744794930181214,0.0012744794930181214,0.2392448710703081,0.9947011353139232,0.23583543300628662,30,1,1
loco_linear,gnn_zero_edge_features,42,terminal,50%,125,62,0.496,0.23900854022752854,0.00068477132628042,0.00068477132628042,0.1724702563141623,0.9960453280761656,0.39822205901145935,61,1,1
loco_linear,gnn_zero_edge_features,42,J,10%,125,12,0.096,0.6265696070105251,-1.1102230246251565e-16,0.0,0.16732911435808584,1.0000000000000007,0.6691288897146781,11,1,1
loco_linear,gnn_zero_edge_features,42,J,25%,125,31,0.248,0.6736625549794044,0.0009561163403333239,0.0009561163403333239,0.12023616638920653,0.992110748978406,0.7224180030326048,30,1,1
loco_linear,gnn_zero_edge_features,42,J,50%,125,62,0.496,0.7101514321010841,0.0002632545247194251,0.0002632545247194251,0.08374728926752684,0.9968664108951557,0.8069899971286456,61,1,1
loco_linear,gnn_zero_edge_features,43,terminal,10%,125,12,0.096,0.09271995909512043,0.0,0.0,0.3187588374465704,1.0,0.14376766979694366,11,1,1
loco_linear,gnn_zero_edge_features,43,terminal,25%,125,31,0.248,0.1725412979722023,0.001581851993837674,0.001581851993837674,0.23893749856948854,0.9934231820012287,0.23868203163146973,30,1,1
loco_linear,gnn_zero_edge_features,43,terminal,50%,125,62,0.496,0.23915997592191543,0.0008362070206673067,0.0008362070206673067,0.1723188206197754,0.9951707609529901,0.38665902614593506,61,1,1
loco_linear,gnn_zero_edge_features,43,J,10%,125,12,0.096,0.6265696070105251,-1.1102230246251565e-16,0.0,0.16732911435808584,1.0000000000000007,0.6634291083862384,11,1,1
loco_linear,gnn_zero_edge_features,43,J,25%,125,31,0.248,0.6735093129678599,0.000802874328788783,0.000802874328788783,0.12038940840075107,0.9933752025235755,0.7244002169619004,30,1,1
loco_linear,gnn_zero_edge_features,43,J,50%,125,62,0.496,0.7100383223214699,0.00015014474510521847,0.00015014474510521847,0.08386039904714104,0.9982127868916487,0.803862685461839,61,1,1
loco_linear,gnn_zero_edge_features,44,terminal,10%,125,12,0.096,0.09271995909512043,0.0,0.0,0.3187588374465704,1.0,0.16422152519226074,11,1,1
loco_linear,gnn_zero_edge_features,44,terminal,25%,125,31,0.248,0.1726262163250677,0.001666770346703067,0.001666770346703067,0.23885258021662314,0.993070119544231,0.2521929442882538,30,1,1
loco_linear,gnn_zero_edge_features,44,terminal,50%,125,62,0.496,0.2392470035101137,0.0009232346088655641,0.0009232346088655641,0.17223179303157715,0.9946681616962191,0.3858002722263336,61,1,1
loco_linear,gnn_zero_edge_features,44,J,10%,125,12,0.096,0.6265696070105251,-1.1102230246251565e-16,0.0,0.16732911435808584,1.0000000000000007,0.6683979352315267,11,1,1
loco_linear,gnn_zero_edge_features,44,J,25%,125,31,0.248,0.6737274173867478,0.001020978747676704,0.001020978747676704,0.12017130398186315,0.9915755465225853,0.7257807699342569,30,1,1
loco_linear,gnn_zero_edge_features,44,J,50%,125,62,0.496,0.7100383223214699,0.00015014474510521847,0.00015014474510521847,0.08386039904714104,0.9982127868916487,0.8054908995827039,61,1,1
loco_linear,gnn_zero_edge_features,45,terminal,10%,125,12,0.096,0.09271995909512043,0.0,0.0,0.3187588374465704,1.0,0.18502198159694672,11,1,1
loco_linear,gnn_zero_edge_features,45,terminal,25%,125,31,0.248,0.17235098130279972,0.0013915353244350892,0.0013915353244350892,0.23912781523889112,0.9942144558382685,0.30229461193084717,30,1,1
loco_linear,gnn_zero_edge_features,45,terminal,50%,125,62,0.496,0.2397525460729676,0.0014287771717194642,0.0014287771717194642,0.17172625046872325,0.9917485666388716,0.39507928490638733,61,1,1
loco_linear,gnn_zero_edge_features,45,J,10%,125,12,0.096,0.6265696070105251,-1.1102230246251565e-16,0.0,0.16732911435808584,1.0000000000000007,0.673516097292304,11,1,1
loco_linear,gnn_zero_edge_features,45,J,25%,125,31,0.248,0.6732763599944851,0.0005699213554140048,0.0005699213554140048,0.12062236137412585,0.9952973791517248,0.7338366744418939,30,1,1
loco_linear,gnn_zero_edge_features,45,J,50%,125,62,0.496,0.7100383223214699,0.00015014474510521847,0.00015014474510521847,0.08386039904714104,0.9982127868916487,0.8073469708363216,61,1,1
loco_linear,gnn_zero_edge_features,46,terminal,10%,125,12,0.096,0.09271995909512043,0.0,0.0,0.3187588374465704,1.0,0.16292153298854828,11,1,1
loco_linear,gnn_zero_edge_features,46,terminal,25%,125,31,0.248,0.17217198086361732,0.0012125348852526918,0.0012125348852526918,0.23930681567807352,0.9949586805285613,0.25923460721969604,30,1,1
loco_linear,gnn_zero_edge_features,46,terminal,50%,125,62,0.496,0.23922648124637141,0.000902712345123291,0.000902712345123291,0.17225231529531942,0.9947866812911851,0.3798409402370453,61,1,1
loco_linear,gnn_zero_edge_features,46,J,10%,125,12,0.096,0.6265696070105251,-1.1102230246251565e-16,0.0,0.16732911435808584,1.0000000000000007,0.669685680543383,11,1,1
loco_linear,gnn_zero_edge_features,46,J,25%,125,31,0.248,0.6732523906234932,0.0005459519844220884,0.0005459519844220884,0.12064633074511777,0.9954951588325103,0.7319667172928651,30,1,1
loco_linear,gnn_zero_edge_features,46,J,50%,125,62,0.496,0.7103554688223828,0.0004672912460180756,0.0004672912460180756,0.08354325254622819,0.994437707162405,0.8177135157088439,61,1,1
loco_linear,gnn_mean,42,terminal,10%,125,12,0.096,0.09271995909512043,0.0,0.0,0.3187588374465704,1.0,0.14467501640319824,11,1,1
loco_linear,gnn_mean,42,terminal,25%,125,31,0.248,0.17221225053071976,0.00125280455235513,0.00125280455235513,0.23926654601097108,0.9947912525565161,0.2359228879213333,30,1,1
loco_linear,gnn_mean,42,terminal,50%,125,62,0.496,0.23922648124637141,0.000902712345123291,0.000902712345123291,0.17225231529531942,0.9947866812911851,0.38955408334732056,61,1,1
loco_linear,gnn_mean,42,J,10%,125,12,0.096,0.6265696070105251,-1.1102230246251565e-16,0.0,0.16732911435808584,1.0000000000000007,0.6674412801861763,11,1,1
loco_linear,gnn_mean,42,J,25%,125,31,0.248,0.6731409639901211,0.0004345253510500413,0.0004345253510500413,0.12075775737848982,0.9964145790370188,0.7269116345793009,30,1,1
loco_linear,gnn_mean,42,J,50%,125,62,0.496,0.7102223325310456,0.0003341549546809208,0.0003341549546809208,0.08367638883756534,0.9960224640908495,0.8119907143215338,61,1,1
loco_linear,gnn_mean,43,terminal,10%,125,12,0.096,0.09271995909512043,0.0,0.0,0.3187588374465704,1.0,0.14603367447853088,11,1,1
loco_linear,gnn_mean,43,terminal,25%,125,31,0.248,0.17205492503220035,0.001095479053835724,0.001095479053835724,0.2394238715094905,0.995445360004216,0.23076371848583221,30,1,1
loco_linear,gnn_mean,43,terminal,50%,125,62,0.496,0.23876590365844388,0.00044213475719576123,0.00044213475719576123,0.17271289288324695,0.9974465959018305,0.3734312057495117,61,1,1
loco_linear,gnn_mean,43,J,10%,125,12,0.096,0.6265696070105251,-1.1102230246251565e-16,0.0,0.16732911435808584,1.0000000000000007,0.656982098519802,11,1,1
loco_linear,gnn_mean,43,J,25%,125,31,0.248,0.6729302059478497,0.00022376730877859963,0.00022376730877859963,0.12096851542076126,0.9981536175098049,0.7167719431221485,30,1,1
loco_linear,gnn_mean,43,J,50%,125,62,0.496,0.7102223325310456,0.0003341549546809208,0.0003341549546809208,0.08367638883756534,0.9960224640908495,0.7981013506650925,61,1,1
loco_linear,gnn_mean,44,terminal,10%,125,12,0.096,0.09271995909512043,0.0,0.0,0.3187588374465704,1.0,0.15319523215293884,11,1,1
loco_linear,gnn_mean,44,terminal,25%,125,31,0.248,0.17291598622837373,0.0019565402500091034,0.0019565402500091034,0.2385628103133171,0.9918653520166812,0.25565940141677856,30,1,1
loco_linear,gnn_mean,44,terminal,50%,125,62,0.496,0.23954865732981312,0.0012248884285649964,0.0012248884285649964,0.17193013921187772,0.9929260591202209,0.40526485443115234,61,1,1
loco_linear,gnn_mean,44,J,10%,125,12,0.096,0.6265696070105251,-1.1102230246251565e-16,0.0,0.16732911435808584,1.0000000000000007,0.6633415766060352,11,1,1
loco_linear,gnn_mean,44,J,25%,125,31,0.248,0.6734615053400718,0.0007550667010006729,0.0007550667010006729,0.12043721602853918,0.993769680015965,0.7279505915939808,30,1,1
loco_linear,gnn_mean,44,J,50%,125,62,0.496,0.7101427551709437,0.00025457759457903073,0.00025457759457903073,0.08375596619766723,0.996969694718218,0.8115114659070969,61,1,1
loco_linear,gnn_mean,45,terminal,10%,125,12,0.096,0.09271995909512043,0.0,0.0,0.3187588374465704,1.0,0.15703314542770386,11,1,1
loco_linear,gnn_mean,45,terminal,25%,125,31,0.248,0.17267366066094367,0.0017142146825790405,0.0017142146825790405,0.23880513588074717,0.9928728616696988,0.278665691614151,30,1,1
loco_linear,gnn_mean,45,terminal,50%,125,62,0.496,0.23839431436311814,7.054546187001964e-05,7.054546187001964e-05,0.1730844821785727,0.9995925878512952,0.3932249844074249,61,1,1
loco_linear,gnn_mean,45,J,10%,125,12,0.096,0.6265696070105251,-1.1102230246251565e-16,0.0,0.16732911435808584,1.0000000000000007,0.6658636262019475,11,1,1
loco_linear,gnn_mean,45,J,25%,125,31,0.248,0.6732991723263616,0.0005927336872905142,0.0005927336872905142,0.12059954904224934,0.9951091466061969,0.7373022630810737,30,1,1
loco_linear,gnn_mean,45,J,50%,125,62,0.496,0.7101092227514314,0.00022104517506671417,0.00022104517506671417,0.08378949861717955,0.9973688400873425,0.8270096413791179,61,1,1
loco_linear,gnn_mean,46,terminal,10%,125,12,0.096,0.09271995909512043,0.0,0.0,0.3187588374465704,1.0,0.15195392072200775,11,1,1
loco_linear,gnn_mean,46,terminal,25%,125,31,0.248,0.17217198086361732,0.0012125348852526918,0.0012125348852526918,0.23930681567807352,0.9949586805285613,0.24585488438606262,30,1,1
loco_linear,gnn_mean,46,terminal,50%,125,62,0.496,0.23918066498252652,0.0008568960812783966,0.0008568960812783966,0.17229813155916432,0.9950512780774824,0.3952857255935669,61,1,1
loco_linear,gnn_mean,46,J,10%,125,12,0.096,0.6265696070105251,-1.1102230246251565e-16,0.0,0.16732911435808584,1.0000000000000007,0.6626944133390983,11,1,1
loco_linear,gnn_mean,46,J,25%,125,31,0.248,0.6735198284449275,0.0008133898058564348,0.0008133898058564348,0.12037889292368342,0.9932884356368495,0.7254982968171437,30,1,1
loco_linear,gnn_mean,46,J,50%,125,62,0.496,0.7101116598884185,0.0002234823120538243,0.0002234823120538243,0.08378706148019244,0.9973398301931423,0.8058237579961618,61,1,1
loco_smoldering,fire_only,42,terminal,10%,97,9,0.09278350515463918,0.978051073021359,0.029929141203562493,0.029929141203562493,0.01687330082656313,0.3605218038772889,0.7050522565841675,8,1,1
loco_smoldering,fire_only,42,terminal,25%,97,24,0.24742268041237114,0.9794860109686852,0.0,0.0,0.015438362879236944,1.0,0.8109868764877319,22,2,2
loco_smoldering,fire_only,42,terminal,50%,97,48,0.4948453608247423,0.9897430054843426,0.0,0.0,0.005181368363579519,1.0,0.9876185655593872,47,1,1
loco_smoldering,fire_only,42,J,10%,97,9,0.09278350515463918,0.997248185288023,0.00013209079150788838,0.00013209079150788838,0.0024806458231327877,0.9494435103914772,0.9639784251650174,8,1,1
loco_smoldering,fire_only,42,J,25%,97,24,0.24742268041237114,0.9989040257409215,0.0,0.0,0.0008248053702342162,1.0,0.9898204430937767,22,2,2
loco_smoldering,fire_only,42,J,50%,97,48,0.4948453608247423,0.9994520128704608,0.0,0.0,0.00027681824069492045,1.0,0.9960214585065842,47,1,1
loco_smoldering,fire_only,43,terminal,10%,97,9,0.09278350515463918,0.9481219318177965,0.0,0.0,0.046802442030125624,1.0,0.9141132831573486,7,2,2
loco_smoldering,fire_only,43,terminal,25%,97,24,0.24742268041237114,0.9794860109686852,0.0,0.0,0.015438362879236944,1.0,0.9756588935852051,22,2,2
loco_smoldering,fire_only,43,terminal,50%,97,48,0.4948453608247423,0.9897430054843426,0.0,0.0,0.005181368363579519,1.0,0.9834161996841431,47,1,1
loco_smoldering,fire_only,43,J,10%,97,9,0.09278350515463918,0.9971160944965151,0.0,0.0,0.002612736614640676,1.0,0.9910001610716184,7,2,2
loco_smoldering,fire_only,43,J,25%,97,24,0.24742268041237114,0.9989040257409215,0.0,0.0,0.0008248053702342162,1.0,0.994080214202404,23,2,1
loco_smoldering,fire_only,43,J,50%,97,48,0.4948453608247423,0.9994520128704608,0.0,0.0,0.00027681824069492045,1.0,0.9948133180538813,47,2,1
loco_smoldering,fire_only,44,terminal,10%,97,9,0.09278350515463918,0.9481219318177965,0.0,0.0,0.046802442030125624,1.0,0.796431839466095,7,2,2
loco_smoldering,fire_only,44,terminal,25%,97,24,0.24742268041237114,0.9794860109686852,0.0,0.0,0.015438362879236944,1.0,0.9796180129051208,23,1,1
loco_smoldering,fire_only,44,terminal,50%,97,48,0.4948453608247423,0.9897430054843426,0.0,0.0,0.005181368363579519,1.0,0.9897281527519226,47,1,1
loco_smoldering,fire_only,44,J,10%,97,9,0.09278350515463918,0.9971160944965151,0.0,0.0,0.002612736614640676,1.0,0.9834896296262741,7,2,2
loco_smoldering,fire_only,44,J,25%,97,24,0.24742268041237114,0.9989040257409215,0.0,0.0,0.0008248053702342162,1.0,0.9942375441392263,23,1,1
loco_smoldering,fire_only,44,J,50%,97,48,0.4948453608247423,0.9994520128704608,0.0,0.0,0.00027681824069492045,1.0,0.9951435660322507,47,1,1
loco_smoldering,fire_only,45,terminal,10%,97,9,0.09278350515463918,0.9509926835695902,0.002870751751793743,0.002870751751793743,0.04393169027833188,0.9386623512092401,0.7088305354118347,8,1,1
loco_smoldering,fire_only,45,terminal,25%,97,24,0.24742268041237114,0.9794860109686852,0.0,0.0,0.015438362879236944,1.0,0.9748401641845703,23,1,1
loco_smoldering,fire_only,45,terminal,50%,97,48,0.4948453608247423,0.9897430054843426,0.0,0.0,0.005181368363579519,1.0,0.9901588559150696,47,1,1
loco_smoldering,fire_only,45,J,10%,97,9,0.09278350515463918,0.9971160944965151,0.0,0.0,0.002612736614640676,1.0,0.9751480862498283,8,1,1
loco_smoldering,fire_only,45,J,25%,97,24,0.24742268041237114,0.9989040257409215,0.0,0.0,0.0008248053702342162,1.0,0.9947193523248037,23,1,1
loco_smoldering,fire_only,45,J,50%,97,48,0.4948453608247423,0.9994520128704608,0.0,0.0,0.00027681824069492045,1.0,0.9958743954698245,47,1,1
loco_smoldering,fire_only,46,terminal,10%,97,9,0.09278350515463918,0.9481219318177965,0.0,0.0,0.046802442030125624,1.0,0.773014485836029,7,2,2
loco_smoldering,fire_only,46,terminal,25%,97,24,0.24742268041237114,0.9794860109686852,0.0,0.0,0.015438362879236944,1.0,0.9820330739021301,23,1,1
loco_smoldering,fire_only,46,terminal,50%,97,48,0.4948453608247423,0.9897430054843426,0.0,0.0,0.005181368363579519,1.0,0.9881523251533508,47,1,1
loco_smoldering,fire_only,46,J,10%,97,9,0.09278350515463918,0.9971160944965151,0.0,0.0,0.002612736614640676,1.0,0.987074626982212,7,2,2
loco_smoldering,fire_only,46,J,25%,97,24,0.24742268041237114,0.9989040257409215,0.0,0.0,0.0008248053702342162,1.0,0.9946675543983777,23,1,1
loco_smoldering,fire_only,46,J,50%,97,48,0.4948453608247423,0.9994520128704608,0.0,0.0,0.00027681824069492045,1.0,0.9954822724064191,47,1,1
loco_smoldering,global_stats,42,terminal,10%,97,9,0.09278350515463918,0.9772621260748969,0.02914019425710046,0.02914019425710046,0.017662247773025164,0.3773787650152185,0.724997341632843,8,1,1
loco_smoldering,global_stats,42,terminal,25%,97,24,0.24742268041237114,0.9794860109686852,0.0,0.0,0.015438362879236944,1.0,0.916721761226654,23,1,1
loco_smoldering,global_stats,42,terminal,50%,97,48,0.4948453608247423,0.9897430054843426,0.0,0.0,0.005181368363579519,1.0,0.9359036087989807,47,1,1
loco_smoldering,global_stats,42,J,10%,97,9,0.09278350515463918,0.9972638857033517,0.00014779120683661162,0.00014779120683661162,0.0024649454078040645,0.9434343262889754,0.9699082270264625,8,1,1
loco_smoldering,global_stats,42,J,25%,97,24,0.24742268041237114,0.9989040257409215,0.0,0.0,0.0008248053702342162,1.0,0.9842339659730593,23,1,1
loco_smoldering,global_stats,42,J,50%,97,48,0.4948453608247423,0.9994520128704608,0.0,0.0,0.00027681824069492045,1.0,0.987440170844396,47,1,1
loco_smoldering,global_stats,43,terminal,10%,97,9,0.09278350515463918,0.9818945791986253,0.03377264738082886,0.03377264738082886,0.013029794649296766,0.27839988864063536,0.723724901676178,8,1,1
loco_smoldering,global_stats,43,terminal,25%,97,24,0.24742268041237114,0.9794860109686852,0.0,0.0,0.015438362879236944,1.0,0.9744746088981628,23,1,1
loco_smoldering,global_stats,43,terminal,50%,97,48,0.4948453608247423,0.9897430054843426,0.0,0.0,0.005181368363579519,1.0,0.9860034584999084,47,1,1
loco_smoldering,global_stats,43,J,10%,97,9,0.09278350515463918,0.9971160944965151,0.0,0.0,0.002612736614640676,1.0,0.9696723714470863,8,1,1
loco_smoldering,global_stats,43,J,25%,97,24,0.24742268041237114,0.9989040257409214,-1.1102230246251565e-16,0.0,0.0008248053702343272,1.0000000000001346,0.993120617667834,23,1,1
loco_smoldering,global_stats,43,J,50%,97,48,0.4948453608247423,0.9994520128704608,0.0,0.0,0.00027681824069492045,1.0,0.9942574724555016,47,1,1
loco_smoldering,global_stats,44,terminal,10%,97,9,0.09278350515463918,0.9481219318177965,0.0,0.0,0.046802442030125624,1.0,0.7632972598075867,8,1,1
loco_smoldering,global_stats,44,terminal,25%,97,24,0.24742268041237114,0.9794860109686852,0.0,0.0,0.015438362879236944,1.0,0.970735490322113,23,1,1
loco_smoldering,global_stats,44,terminal,50%,97,48,0.4948453608247423,0.9897430054843426,0.0,0.0,0.005181368363579519,1.0,0.987031877040863,47,1,1
loco_smoldering,global_stats,44,J,10%,97,9,0.09278350515463918,0.9971160944965151,0.0,0.0,0.002612736614640676,1.0,0.9764984413981438,8,1,1
loco_smoldering,global_stats,44,J,25%,97,24,0.24742268041237114,0.9989040257409215,0.0,0.0,0.0008248053702342162,1.0,0.9926943977673849,23,1,1
loco_smoldering,global_stats,44,J,50%,97,48,0.4948453608247423,0.9994520128704608,0.0,0.0,0.00027681824069492045,1.0,0.994496509929498,47,1,1
loco_smoldering,global_stats,45,terminal,10%,97,9,0.09278350515463918,0.9549823535813226,0.006860421763526081,0.006860421763526081,0.03994202026659954,0.8534174400748108,0.7202296257019043,8,1,1
loco_smoldering,global_stats,45,terminal,25%,97,24,0.24742268041237114,0.9794860109686852,0.0,0.0,0.015438362879236944,1.0,0.9358809590339661,23,1,1
loco_smoldering,global_stats,45,terminal,50%,97,48,0.4948453608247423,0.9897430054843426,0.0,0.0,0.005181368363579519,1.0,0.9755113124847412,47,1,1
loco_smoldering,global_stats,45,J,10%,97,9,0.09278350515463918,0.9971160944965151,0.0,0.0,0.002612736614640676,1.0,0.9623873775204023,8,1,1
loco_smoldering,global_stats,45,J,25%,97,24,0.24742268041237114,0.9989040257409215,0.0,0.0,0.0008248053702342162,1.0,0.9896648854017258,23,1,1
loco_smoldering,global_stats,45,J,50%,97,48,0.4948453608247423,0.9994520128704608,0.0,0.0,0.00027681824069492045,1.0,0.9927589943011602,47,1,1
loco_smoldering,global_stats,46,terminal,10%,97,9,0.09278350515463918,0.978051073021359,0.029929141203562493,0.029929141203562493,0.01687330082656313,0.3605218038772889,0.7057840824127197,8,1,1
loco_smoldering,global_stats,46,terminal,25%,97,24,0.24742268041237114,0.9794860109686852,0.0,0.0,0.015438362879236944,1.0,0.9616633653640747,23,1,1
loco_smoldering,global_stats,46,terminal,50%,97,48,0.4948453608247423,0.9897430054843426,0.0,0.0,0.005181368363579519,1.0,0.9899656772613525,47,1,1
loco_smoldering,global_stats,46,J,10%,97,9,0.09278350515463918,0.9971160944965151,0.0,0.0,0.002612736614640676,1.0,0.9683178787430128,8,1,1
loco_smoldering,global_stats,46,J,25%,97,24,0.24742268041237114,0.9989040257409215,0.0,0.0,0.0008248053702342162,1.0,0.9938412641485532,23,1,1
loco_smoldering,global_stats,46,J,50%,97,48,0.4948453608247423,0.9994520128704608,0.0,0.0,0.00027681824069492045,1.0,0.9956478878855706,47,1,1
loco_smoldering,deepsets,42,terminal,10%,97,9,0.09278350515463918,0.9481219318177965,0.0,0.0,0.046802442030125624,1.0,0.7384681701660156,8,1,1
loco_smoldering,deepsets,42,terminal,25%,97,24,0.24742268041237114,0.9794860109686852,0.0,0.0,0.015438362879236944,1.0,0.973199725151062,23,1,1
loco_smoldering,deepsets,42,terminal,50%,97,48,0.4948453608247423,0.9897430054843426,0.0,0.0,0.005181368363579519,1.0,0.9856783747673035,47,1,1
loco_smoldering,deepsets,42,J,10%,97,9,0.09278350515463918,0.9972638857033517,0.00014779120683661162,0.00014779120683661162,0.0024649454078040645,0.9434343262889754,0.9763125499089559,8,1,1
loco_smoldering,deepsets,42,J,25%,97,24,0.24742268041237114,0.9989040257409215,0.0,0.0,0.0008248053702342162,1.0,0.9922874882817269,23,1,1
loco_smoldering,deepsets,42,J,50%,97,48,0.4948453608247423,0.9994520128704608,0.0,0.0,0.00027681824069492045,1.0,0.9941459188858668,47,1,1
loco_smoldering,deepsets,43,terminal,10%,97,9,0.09278350515463918,0.9553633398479886,0.007241408030192131,0.007241408030192131,0.03956103399993349,0.8452771326433991,0.7385358810424805,8,1,1
loco_smoldering,deepsets,43,terminal,25%,97,24,0.24742268041237114,0.9794860109686852,0.0,0.0,0.015438362879236944,1.0,0.9118772745132446,23,1,1
loco_smoldering,deepsets,43,terminal,50%,97,48,0.4948453608247423,0.9897430054843426,0.0,0.0,0.005181368363579519,1.0,0.9854838252067566,47,1,1
loco_smoldering,deepsets,43,J,10%,97,9,0.09278350515463918,0.997248185288023,0.00013209079150788838,0.00013209079150788838,0.0024806458231327877,0.9494435103914772,0.958662844200929,8,1,1
loco_smoldering,deepsets,43,J,25%,97,24,0.24742268041237114,0.9989040257409215,0.0,0.0,0.0008248053702342162,1.0,0.9908134698867798,23,1,1
loco_smoldering,deepsets,43,J,50%,97,48,0.4948453608247423,0.9994520128704608,0.0,0.0,0.00027681824069492045,1.0,0.9938734928766887,47,1,1
loco_smoldering,deepsets,44,terminal,10%,97,9,0.09278350515463918,0.9481219318177965,0.0,0.0,0.046802442030125624,1.0,0.7296817302703857,8,1,1
loco_smoldering,deepsets,44,terminal,25%,97,24,0.24742268041237114,0.9794860109686852,0.0,0.0,0.015438362879236944,1.0,0.9807702302932739,23,1,1
loco_smoldering,deepsets,44,terminal,50%,97,48,0.4948453608247423,0.9897430054843426,0.0,0.0,0.005181368363579519,1.0,0.991102933883667,47,1,1
loco_smoldering,deepsets,44,J,10%,97,9,0.09278350515463918,0.9972638857033517,0.00014779120683661162,0.00014779120683661162,0.0024649454078040645,0.9434343262889754,0.9779388954242071,8,1,1
loco_smoldering,deepsets,44,J,25%,97,24,0.24742268041237114,0.9989040257409215,0.0,0.0,0.0008248053702342162,1.0,0.9935206154982249,23,1,1
loco_smoldering,deepsets,44,J,50%,97,48,0.4948453608247423,0.9994520128704608,0.0,0.0,0.00027681824069492045,1.0,0.9949722900986672,47,1,1
loco_smoldering,deepsets,45,terminal,10%,97,9,0.09278350515463918,0.957360585530599,0.009238653712802525,0.009238653712802525,0.0375637883173231,0.8026031695770101,0.7134725451469421,8,1,1
loco_smoldering,deepsets,45,terminal,25%,97,24,0.24742268041237114,0.9794860109686852,0.0,0.0,0.015438362879236944,1.0,0.9620017409324646,23,1,1
loco_smoldering,deepsets,45,terminal,50%,97,48,0.4948453608247423,0.9897430054843426,0.0,0.0,0.005181368363579519,1.0,0.9860905408859253,47,1,1
loco_smoldering,deepsets,45,J,10%,97,9,0.09278350515463918,0.9972638857033517,0.00014779120683661162,0.00014779120683661162,0.0024649454078040645,0.9434343262889754,0.96086149563392,8,1,1
loco_smoldering,deepsets,45,J,25%,97,24,0.24742268041237114,0.9989040257409215,0.0,0.0,0.0008248053702342162,1.0,0.9929224754373233,23,1,1
loco_smoldering,deepsets,45,J,50%,97,48,0.4948453608247423,0.9994520128704608,0.0,0.0,0.00027681824069492045,1.0,0.9943913881977399,47,1,1
loco_smoldering,deepsets,46,terminal,10%,97,9,0.09278350515463918,0.9567868312199911,0.008664899402194615,0.008664899402194615,0.03813754262793101,0.8148622373888691,0.7171933650970459,8,1,1
loco_smoldering,deepsets,46,terminal,25%,97,24,0.24742268041237114,0.9794860109686852,0.0,0.0,0.015438362879236944,1.0,0.9131126403808594,23,1,1
loco_smoldering,deepsets,46,terminal,50%,97,48,0.4948453608247423,0.9897430054843426,0.0,0.0,0.005181368363579519,1.0,0.9737591743469238,47,1,1
loco_smoldering,deepsets,46,J,10%,97,9,0.09278350515463918,0.9972638857033517,0.00014779120683661162,0.00014779120683661162,0.0024649454078040645,0.9434343262889754,0.961186450223128,8,1,1
loco_smoldering,deepsets,46,J,25%,97,24,0.24742268041237114,0.9989040257409215,0.0,0.0,0.0008248053702342162,1.0,0.9893491387367248,23,1,1
loco_smoldering,deepsets,46,J,50%,97,48,0.4948453608247423,0.9994520128704608,0.0,0.0,0.00027681824069492045,1.0,0.9932736893494923,47,1,1
loco_smoldering,capacity_matched_deepsets,42,terminal,10%,97,9,0.09278350515463918,0.9509926835695902,0.002870751751793743,0.002870751751793743,0.04393169027833188,0.9386623512092401,0.7249426245689392,8,1,1
loco_smoldering,capacity_matched_deepsets,42,terminal,25%,97,24,0.24742268041237114,0.9794860109686852,0.0,0.0,0.015438362879236944,1.0,0.9790306687355042,23,1,1
loco_smoldering,capacity_matched_deepsets,42,terminal,50%,97,48,0.4948453608247423,0.9897430054843426,0.0,0.0,0.005181368363579519,1.0,0.9905141592025757,47,1,1
loco_smoldering,capacity_matched_deepsets,42,J,10%,97,9,0.09278350515463918,0.9972638857033517,0.00014779120683661162,0.00014779120683661162,0.0024649454078040645,0.9434343262889754,0.977550995349884,8,1,1
loco_smoldering,capacity_matched_deepsets,42,J,25%,97,24,0.24742268041237114,0.9989040257409214,-1.1102230246251565e-16,0.0,0.0008248053702343272,1.0000000000001346,0.994311719139417,23,1,1
loco_smoldering,capacity_matched_deepsets,42,J,50%,97,48,0.4948453608247423,0.9994520128704608,0.0,0.0,0.00027681824069492045,1.0,0.9949710860848426,47,1,1
loco_smoldering,capacity_matched_deepsets,43,terminal,10%,97,9,0.09278350515463918,0.9588500393761529,0.010728107558356403,0.010728107558356403,0.03607433447176922,0.7707788933011023,0.7277098298072815,8,1,1
loco_smoldering,capacity_matched_deepsets,43,terminal,25%,97,24,0.24742268041237114,0.9794860109686852,0.0,0.0,0.015438362879236944,1.0,0.817290723323822,23,1,1
loco_smoldering,capacity_matched_deepsets,43,terminal,50%,97,48,0.4948453608247423,0.9897430054843426,0.0,0.0,0.005181368363579519,1.0,0.9722803235054016,47,1,1
loco_smoldering,capacity_matched_deepsets,43,J,10%,97,9,0.09278350515463918,0.9972638857033517,0.00014779120683661162,0.00014779120683661162,0.0024649454078040645,0.9434343262889754,0.9500998422503472,8,1,1
loco_smoldering,capacity_matched_deepsets,43,J,25%,97,24,0.24742268041237114,0.9989040257409214,-1.1102230246251565e-16,0.0,0.0008248053702343272,1.0000000000001346,0.984523551662763,23,1,1
loco_smoldering,capacity_matched_deepsets,43,J,50%,97,48,0.4948453608247423,0.9994520128704608,0.0,0.0,0.00027681824069492045,1.0,0.992095223069191,47,1,1
loco_smoldering,capacity_matched_deepsets,44,terminal,10%,97,9,0.09278350515463918,0.9574717150794135,0.009349783261617062,0.009349783261617062,0.03745265876850856,0.800228730466696,0.7190847396850586,8,1,1
loco_smoldering,capacity_matched_deepsets,44,terminal,25%,97,24,0.24742268041237114,0.9794860109686852,0.0,0.0,0.015438362879236944,1.0,0.9133968949317932,23,1,1
loco_smoldering,capacity_matched_deepsets,44,terminal,50%,97,48,0.4948453608247423,0.9897430054843426,0.0,0.0,0.005181368363579519,1.0,0.9884418845176697,47,1,1
loco_smoldering,capacity_matched_deepsets,44,J,10%,97,9,0.09278350515463918,0.9972638857033517,0.00014779120683661162,0.00014779120683661162,0.0024649454078040645,0.9434343262889754,0.9577146435777346,8,1,1
loco_smoldering,capacity_matched_deepsets,44,J,25%,97,24,0.24742268041237114,0.9989040257409215,0.0,0.0,0.0008248053702342162,1.0,0.9916695112983386,23,1,1
loco_smoldering,capacity_matched_deepsets,44,J,50%,97,48,0.4948453608247423,0.9994520128704608,0.0,0.0,0.00027681824069492045,1.0,0.9952139725287755,47,1,1
loco_smoldering,capacity_matched_deepsets,45,terminal,10%,97,9,0.09278350515463918,0.9572817087173462,0.00915977689954972,0.00915977689954972,0.0376426651305759,0.8042884836296835,0.719469428062439,8,1,1
loco_smoldering,capacity_matched_deepsets,45,terminal,25%,97,24,0.24742268041237114,0.9794860109686852,0.0,0.0,0.015438362879236944,1.0,0.9647236466407776,23,1,1
loco_smoldering,capacity_matched_deepsets,45,terminal,50%,97,48,0.4948453608247423,0.9897430054843426,0.0,0.0,0.005181368363579519,1.0,0.9884688258171082,47,1,1
loco_smoldering,capacity_matched_deepsets,45,J,10%,97,9,0.09278350515463918,0.9972638857033517,0.00014779120683661162,0.00014779120683661162,0.0024649454078040645,0.9434343262889754,0.9604561284184456,8,1,1
loco_smoldering,capacity_matched_deepsets,45,J,25%,97,24,0.24742268041237114,0.9989040257409215,0.0,0.0,0.0008248053702342162,1.0,0.9932084500789642,23,1,1
loco_smoldering,capacity_matched_deepsets,45,J,50%,97,48,0.4948453608247423,0.9994520128704608,0.0,0.0,0.00027681824069492045,1.0,0.9949616899092992,47,1,1
loco_smoldering,capacity_matched_deepsets,46,terminal,10%,97,9,0.09278350515463918,0.9602710472212898,0.012149115403493282,0.012149115403493282,0.03465332662663234,0.7404170620910511,0.6954452395439148,8,1,1
loco_smoldering,capacity_matched_deepsets,46,terminal,25%,97,24,0.24742268041237114,0.9794860109686852,0.0,0.0,0.015438362879236944,1.0,0.7585508823394775,23,1,1
loco_smoldering,capacity_matched_deepsets,46,terminal,50%,97,48,0.4948453608247423,0.9897430054843426,0.0,0.0,0.005181368363579519,1.0,0.9811621904373169,47,1,1
loco_smoldering,capacity_matched_deepsets,46,J,10%,97,9,0.09278350515463918,0.997248185288023,0.00013209079150788838,0.00013209079150788838,0.0024806458231327877,0.9494435103914772,0.9485291744271914,8,1,1
loco_smoldering,capacity_matched_deepsets,46,J,25%,97,24,0.24742268041237114,0.9989040257409215,0.0,0.0,0.0008248053702342162,1.0,0.9859805713097255,23,1,1
loco_smoldering,capacity_matched_deepsets,46,J,50%,97,48,0.4948453608247423,0.9994520128704608,0.0,0.0,0.00027681824069492045,1.0,0.993210956454277,47,1,1
loco_smoldering,gnn,42,terminal,10%,97,9,0.09278350515463918,0.9553391602304246,0.007217228412628174,0.007217228412628174,0.03958521361749745,0.8457937641804542,0.7411863207817078,8,1,1
loco_smoldering,gnn,42,terminal,25%,97,24,0.24742268041237114,0.9794860109686852,0.0,0.0,0.015438362879236944,1.0,0.8775407075881958,23,1,1
loco_smoldering,gnn,42,terminal,50%,97,48,0.4948453608247423,0.9897430054843426,0.0,0.0,0.005181368363579519,1.0,0.9792003631591797,47,1,1
loco_smoldering,gnn,42,J,10%,97,9,0.09278350515463918,0.9972638857033517,0.00014779120683661162,0.00014779120683661162,0.0024649454078040645,0.9434343262889754,0.9612840468684832,8,1,1
loco_smoldering,gnn,42,J,25%,97,24,0.24742268041237114,0.9989040257409215,0.0,0.0,0.0008248053702342162,1.0,0.9887113392353057,23,1,1
loco_smoldering,gnn,42,J,50%,97,48,0.4948453608247423,0.9994520128704608,0.0,0.0,0.00027681824069492045,1.0,0.9938652753829956,47,1,1
loco_smoldering,gnn,43,terminal,10%,97,9,0.09278350515463918,0.9557173980606927,0.007595466242896198,0.007595466242896198,0.039206975787229426,0.8377121809582676,0.7415141463279724,8,1,1
loco_smoldering,gnn,43,terminal,25%,97,24,0.24742268041237114,0.9794860109686852,0.0,0.0,0.015438362879236944,1.0,0.8447537422180176,23,1,1
loco_smoldering,gnn,43,terminal,50%,97,48,0.4948453608247423,0.9897430054843426,0.0,0.0,0.005181368363579519,1.0,0.987360954284668,47,1,1
loco_smoldering,gnn,43,J,10%,97,9,0.09278350515463918,0.997248185288023,0.00013209079150788838,0.00013209079150788838,0.0024806458231327877,0.9494435103914772,0.9565704633792241,8,1,1
loco_smoldering,gnn,43,J,25%,97,24,0.24742268041237114,0.9989040257409215,0.0,0.0,0.0008248053702342162,1.0,0.9898182978232701,23,1,1
loco_smoldering,gnn,43,J,50%,97,48,0.4948453608247423,0.9994520128704608,0.0,0.0,0.00027681824069492045,1.0,0.9950958291689554,47,1,1
loco_smoldering,gnn,44,terminal,10%,97,9,0.09278350515463918,0.9588320255279541,0.010710093710157631,0.010710093710157631,0.03609234831996799,0.7711637845037275,0.7183409929275513,8,1,1
loco_smoldering,gnn,44,terminal,25%,97,24,0.24742268041237114,0.9794860109686852,0.0,0.0,0.015438362879236944,1.0,0.891330361366272,23,1,1
loco_smoldering,gnn,44,terminal,50%,97,48,0.4948453608247423,0.9897430054843426,0.0,0.0,0.005181368363579519,1.0,0.9899847507476807,47,1,1
loco_smoldering,gnn,44,J,10%,97,9,0.09278350515463918,0.9972638857033517,0.00014779120683661162,0.00014779120683661162,0.0024649454078040645,0.9434343262889754,0.9610276594758034,8,1,1
loco_smoldering,gnn,44,J,25%,97,24,0.24742268041237114,0.9989040257409215,0.0,0.0,0.0008248053702342162,1.0,0.9927720526854197,23,1,1
loco_smoldering,gnn,44,J,50%,97,48,0.4948453608247423,0.9994520128704608,0.0,0.0,0.00027681824069492045,1.0,0.9957637329896291,47,1,1
loco_smoldering,gnn,45,terminal,10%,97,9,0.09278350515463918,0.9619779586791992,0.013856026861402748,0.013856026861402748,0.032946415168722876,0.7039464980805071,0.7262070178985596,8,1,1
loco_smoldering,gnn,45,terminal,25%,97,24,0.24742268041237114,0.9794860109686852,0.0,0.0,0.015438362879236944,1.0,0.756592869758606,23,1,1
loco_smoldering,gnn,45,terminal,50%,97,48,0.4948453608247423,0.9897430054843426,0.0,0.0,0.005181368363579519,1.0,0.9820435047149658,47,1,1
loco_smoldering,gnn,45,J,10%,97,9,0.09278350515463918,0.9972638857033517,0.00014779120683661162,0.00014779120683661162,0.0024649454078040645,0.9434343262889754,0.9545068055391311,8,1,1
loco_smoldering,gnn,45,J,25%,97,24,0.24742268041237114,0.9989040257409215,0.0,0.0,0.0008248053702342162,1.0,0.9860444689790407,23,1,1
loco_smoldering,gnn,45,J,50%,97,48,0.4948453608247423,0.9994520128704608,0.0,0.0,0.00027681824069492045,1.0,0.9941369156042735,47,1,1
loco_smoldering,gnn,46,terminal,10%,97,9,0.09278350515463918,0.9571857386165195,0.009063806798722984,0.009063806798722984,0.03773863523140264,0.8063390198124956,0.715637743473053,8,1,1
loco_smoldering,gnn,46,terminal,25%,97,24,0.24742268041237114,0.9794860109686852,0.0,0.0,0.015438362879236944,1.0,0.9515073895454407,23,1,1
loco_smoldering,gnn,46,terminal,50%,97,48,0.4948453608247423,0.9897430054843426,0.0,0.0,0.005181368363579519,1.0,0.9897909760475159,47,1,1
loco_smoldering,gnn,46,J,10%,97,9,0.09278350515463918,0.9972638857033517,0.00014779120683661162,0.00014779120683661162,0.0024649454078040645,0.9434343262889754,0.960926107565562,8,1,1
loco_smoldering,gnn,46,J,25%,97,24,0.24742268041237114,0.9989040257409215,0.0,0.0,0.0008248053702342162,1.0,0.9932322546839714,23,1,1
loco_smoldering,gnn,46,J,50%,97,48,0.4948453608247423,0.9994520128704608,0.0,0.0,0.00027681824069492045,1.0,0.9953102603554725,47,1,1
loco_smoldering,gnn_zero_edge_features,42,terminal,10%,97,9,0.09278350515463918,0.9545743929015266,0.006452461083730099,0.006452461083730099,0.040349980946395525,0.8621340937813287,0.7231144309043884,8,1,1
loco_smoldering,gnn_zero_edge_features,42,terminal,25%,97,24,0.24742268041237114,0.9794860109686852,0.0,0.0,0.015438362879236944,1.0,0.8703622817993164,23,1,1
loco_smoldering,gnn_zero_edge_features,42,terminal,50%,97,48,0.4948453608247423,0.9897430054843426,0.0,0.0,0.005181368363579519,1.0,0.9817389845848083,47,1,1
loco_smoldering,gnn_zero_edge_features,42,J,10%,97,9,0.09278350515463918,0.9972638857033517,0.00014779120683661162,0.00014779120683661162,0.0024649454078040645,0.9434343262889754,0.9549086252848308,8,1,1
loco_smoldering,gnn_zero_edge_features,42,J,25%,97,24,0.24742268041237114,0.9989040257409215,0.0,0.0,0.0008248053702342162,1.0,0.9888841932018598,23,1,1
loco_smoldering,gnn_zero_edge_features,42,J,50%,97,48,0.4948453608247423,0.9994520128704608,0.0,0.0,0.00027681824069492045,1.0,0.994628311196963,47,1,1
loco_smoldering,gnn_zero_edge_features,43,terminal,10%,97,9,0.09278350515463918,0.964974065621694,0.016852133803897495,0.016852133803897495,0.02995030822622813,0.6399304593326525,0.7161661982536316,8,1,1
loco_smoldering,gnn_zero_edge_features,43,terminal,25%,97,24,0.24742268041237114,0.9794860109686852,0.0,0.0,0.015438362879236944,1.0,0.830363929271698,23,1,1
loco_smoldering,gnn_zero_edge_features,43,terminal,50%,97,48,0.4948453608247423,0.9897430054843426,0.0,0.0,0.005181368363579519,1.0,0.9880465269088745,47,1,1
loco_smoldering,gnn_zero_edge_features,43,J,10%,97,9,0.09278350515463918,0.997248185288023,0.00013209079150788838,0.00013209079150788838,0.0024806458231327877,0.9494435103914772,0.9498938833673795,8,1,1
loco_smoldering,gnn_zero_edge_features,43,J,25%,97,24,0.24742268041237114,0.9989040257409215,0.0,0.0,0.0008248053702342162,1.0,0.9883590360482534,23,1,1
loco_smoldering,gnn_zero_edge_features,43,J,50%,97,48,0.4948453608247423,0.9994520128704608,0.0,0.0,0.00027681824069492045,1.0,0.9946113412578901,47,1,1
loco_smoldering,gnn_zero_edge_features,44,terminal,10%,97,9,0.09278350515463918,0.9582321643829346,0.0101102325651381,0.0101102325651381,0.036692209464987524,0.7839806615511562,0.7423363327980042,8,1,1
loco_smoldering,gnn_zero_edge_features,44,terminal,25%,97,24,0.24742268041237114,0.9794860109686852,0.0,0.0,0.015438362879236944,1.0,0.896155059337616,23,1,1
loco_smoldering,gnn_zero_edge_features,44,terminal,50%,97,48,0.4948453608247423,0.9897430054843426,0.0,0.0,0.005181368363579519,1.0,0.9710993766784668,47,1,1
loco_smoldering,gnn_zero_edge_features,44,J,10%,97,9,0.09278350515463918,0.9972638857033517,0.00014779120683661162,0.00014779120683661162,0.0024649454078040645,0.9434343262889754,0.9604652181267739,8,1,1
loco_smoldering,gnn_zero_edge_features,44,J,25%,97,24,0.24742268041237114,0.9989040257409215,0.0,0.0,0.0008248053702342162,1.0,0.98630823691686,23,1,1
loco_smoldering,gnn_zero_edge_features,44,J,50%,97,48,0.4948453608247423,0.9994520128704608,0.0,0.0,0.00027681824069492045,1.0,0.9926270524660746,47,1,1
loco_smoldering,gnn_zero_edge_features,45,terminal,10%,97,9,0.09278350515463918,0.955049455165863,0.0069275233480665666,0.0069275233480665666,0.03987491868205906,0.8519837203450307,0.7447949647903442,8,1,1
loco_smoldering,gnn_zero_edge_features,45,terminal,25%,97,24,0.24742268041237114,0.9794860109686852,0.0,0.0,0.015438362879236944,1.0,0.8953453898429871,23,1,1
loco_smoldering,gnn_zero_edge_features,45,terminal,50%,97,48,0.4948453608247423,0.9897430054843426,0.0,0.0,0.005181368363579519,1.0,0.9823154807090759,47,1,1
loco_smoldering,gnn_zero_edge_features,45,J,10%,97,9,0.09278350515463918,0.997248185288023,0.00013209079150788838,0.00013209079150788838,0.0024806458231327877,0.9494435103914772,0.9606632247567177,8,1,1
loco_smoldering,gnn_zero_edge_features,45,J,25%,97,24,0.24742268041237114,0.9989040257409215,0.0,0.0,0.0008248053702342162,1.0,0.9904412180185318,23,1,1
loco_smoldering,gnn_zero_edge_features,45,J,50%,97,48,0.4948453608247423,0.9994520128704608,0.0,0.0,0.00027681824069492045,1.0,0.9938507755597432,47,1,1
loco_smoldering,gnn_zero_edge_features,46,terminal,10%,97,9,0.09278350515463918,0.955049455165863,0.0069275233480665666,0.0069275233480665666,0.03987491868205906,0.8519837203450307,0.7281732559204102,8,1,1
loco_smoldering,gnn_zero_edge_features,46,terminal,25%,97,24,0.24742268041237114,0.9794860109686852,0.0,0.0,0.015438362879236944,1.0,0.8959248661994934,23,1,1
loco_smoldering,gnn_zero_edge_features,46,terminal,50%,97,48,0.4948453608247423,0.9897430054843426,0.0,0.0,0.005181368363579519,1.0,0.9898514747619629,47,1,1
loco_smoldering,gnn_zero_edge_features,46,J,10%,97,9,0.09278350515463918,0.997248185288023,0.00013209079150788838,0.00013209079150788838,0.0024806458231327877,0.9494435103914772,0.958456605176131,8,1,1
loco_smoldering,gnn_zero_edge_features,46,J,25%,97,24,0.24742268041237114,0.9989040257409215,0.0,0.0,0.0008248053702342162,1.0,0.9918128331502278,23,1,1
loco_smoldering,gnn_zero_edge_features,46,J,50%,97,48,0.4948453608247423,0.9994520128704608,0.0,0.0,0.00027681824069492045,1.0,0.9953904007871945,47,1,1
loco_smoldering,gnn_mean,42,terminal,10%,97,9,0.09278350515463918,0.9650925861464607,0.01697065432866418,0.01697065432866418,0.029831787701461443,0.637398101625967,0.7065321803092957,8,1,1
loco_smoldering,gnn_mean,42,terminal,25%,97,24,0.24742268041237114,0.9794860109686852,0.0,0.0,0.015438362879236944,1.0,0.7599706649780273,23,1,1
loco_smoldering,gnn_mean,42,terminal,50%,97,48,0.4948453608247423,0.9897430054843426,0.0,0.0,0.005181368363579519,1.0,0.9821933507919312,47,1,1
loco_smoldering,gnn_mean,42,J,10%,97,9,0.09278350515463918,0.9972638857033517,0.00014779120683661162,0.00014779120683661162,0.0024649454078040645,0.9434343262889754,0.9483584011594455,8,1,1
loco_smoldering,gnn_mean,42,J,25%,97,24,0.24742268041237114,0.9989040257409215,0.0,0.0,0.0008248053702342162,1.0,0.9861380969484647,23,1,1
loco_smoldering,gnn_mean,42,J,50%,97,48,0.4948453608247423,0.9994520128704608,0.0,0.0,0.00027681824069492045,1.0,0.9948610708117485,47,1,1
loco_smoldering,gnn_mean,43,terminal,10%,97,9,0.09278350515463918,0.9632123642497592,0.01509043243196273,0.01509043243196273,0.031712009598162894,0.6775716869164781,0.7194902896881104,8,1,1
loco_smoldering,gnn_mean,43,terminal,25%,97,24,0.24742268041237114,0.9794860109686852,0.0,0.0,0.015438362879236944,1.0,0.7739502787590027,23,1,1
loco_smoldering,gnn_mean,43,terminal,50%,97,48,0.4948453608247423,0.9897430054843426,0.0,0.0,0.005181368363579519,1.0,0.9858961701393127,47,1,1
loco_smoldering,gnn_mean,43,J,10%,97,9,0.09278350515463918,0.9972638857033517,0.00014779120683661162,0.00014779120683661162,0.0024649454078040645,0.9434343262889754,0.9508487825592359,8,1,1
loco_smoldering,gnn_mean,43,J,25%,97,24,0.24742268041237114,0.9989040257409215,0.0,0.0,0.0008248053702342162,1.0,0.9855556194980939,23,1,1
loco_smoldering,gnn_mean,43,J,50%,97,48,0.4948453608247423,0.9994520128704608,0.0,0.0,0.00027681824069492045,1.0,0.995220123231411,47,1,1
loco_smoldering,gnn_mean,44,terminal,10%,97,9,0.09278350515463918,0.9590391251775954,0.010917193359798905,0.010917193359798905,0.03588524867032672,0.7667388092106013,0.7238401770591736,8,1,1
loco_smoldering,gnn_mean,44,terminal,25%,97,24,0.24742268041237114,0.9794860109686852,0.0,0.0,0.015438362879236944,1.0,0.939141571521759,23,1,1
loco_smoldering,gnn_mean,44,terminal,50%,97,48,0.4948453608247423,0.9897430054843426,0.0,0.0,0.005181368363579519,1.0,0.9844426512718201,47,1,1
loco_smoldering,gnn_mean,44,J,10%,97,9,0.09278350515463918,0.997248185288023,0.00013209079150788838,0.00013209079150788838,0.0024806458231327877,0.9494435103914772,0.9621659522255261,8,1,1
loco_smoldering,gnn_mean,44,J,25%,97,24,0.24742268041237114,0.9989040257409214,-1.1102230246251565e-16,0.0,0.0008248053702343272,1.0000000000001346,0.9926455944776535,23,1,1
loco_smoldering,gnn_mean,44,J,50%,97,48,0.4948453608247423,0.9994520128704608,0.0,0.0,0.00027681824069492045,1.0,0.9955663412809372,47,1,1
loco_smoldering,gnn_mean,45,terminal,10%,97,9,0.09278350515463918,0.9585881498124864,0.010466217994689941,0.010466217994689941,0.03633622403543568,0.7763745321675077,0.7405141592025757,8,1,1
loco_smoldering,gnn_mean,45,terminal,25%,97,24,0.24742268041237114,0.9794860109686852,0.0,0.0,0.015438362879236944,1.0,0.8814389705657959,23,1,1
loco_smoldering,gnn_mean,45,terminal,50%,97,48,0.4948453608247423,0.9897430054843426,0.0,0.0,0.005181368363579519,1.0,0.9832215309143066,47,1,1
loco_smoldering,gnn_mean,45,J,10%,97,9,0.09278350515463918,0.997248185288023,0.00013209079150788838,0.00013209079150788838,0.0024806458231327877,0.9494435103914772,0.9608663340409597,8,1,1
loco_smoldering,gnn_mean,45,J,25%,97,24,0.24742268041237114,0.9989040257409215,0.0,0.0,0.0008248053702342162,1.0,0.9907179276148478,23,1,1
loco_smoldering,gnn_mean,45,J,50%,97,48,0.4948453608247423,0.9994520128704608,0.0,0.0,0.00027681824069492045,1.0,0.9942032679915428,47,1,1
loco_smoldering,gnn_mean,46,terminal,10%,97,9,0.09278350515463918,0.9554054405954149,0.007283508777618408,0.007283508777618408,0.039518933252507216,0.8443775909613822,0.7377729415893555,8,1,1
loco_smoldering,gnn_mean,46,terminal,25%,97,24,0.24742268041237114,0.9794860109686852,0.0,0.0,0.015438362879236944,1.0,0.8552651405334473,23,1,1
loco_smoldering,gnn_mean,46,terminal,50%,97,48,0.4948453608247423,0.9897430054843426,0.0,0.0,0.005181368363579519,1.0,0.9808493256568909,47,1,1
loco_smoldering,gnn_mean,46,J,10%,97,9,0.09278350515463918,0.997248185288023,0.00013209079150788838,0.00013209079150788838,0.0024806458231327877,0.9494435103914772,0.9529538199305534,8,1,1
loco_smoldering,gnn_mean,46,J,25%,97,24,0.24742268041237114,0.9989040257409215,0.0,0.0,0.0008248053702342162,1.0,0.9868375604351362,23,1,1
loco_smoldering,gnn_mean,46,J,50%,97,48,0.4948453608247423,0.9994520128704608,0.0,0.0,0.00027681824069492045,1.0,0.9943743576606114,47,1,1
