sample_id,protocol,geometry_id,fire_family,source_batch,crack_count,flat_response,restored,mean_case_MAE,mean_positive_peak
b004_0000,loco_iso834,56c4493a91640adf99623b245b8573d97dbf21ca915831bdf723bb6b9546a2bb,iso834,batch_004,4,False,False,0.01251529357472404,0.027957218885421752
b004_0001,loco_iso834,7c000b5ecc7160e74be209f6bc1ef23dc70dd7cdb1117ae74ebb148b65a62450,iso834,batch_004,4,False,False,0.007684425008101542,0.020342716574668886
b004_0002,loco_iso834,a4c6669c5d3f2e508b42056aab254b5e5385cf2c0e388b32d2d475c826e76d48,iso834,batch_004,7,False,False,0.006880197112188964,0.043631553649902344
b004_0003,loco_iso834,7d3105c20983c15793e025b67d4dd5828c2f275a23af27f3fa0475331af5bc36,iso834,batch_004,4,False,False,0.009051985965400447,0.028445255756378175
b004_0004,loco_iso834,a9c061605d2813f1a123fb90a6595dd10abc8998ff009e20c4aaa52567023ff1,iso834,batch_004,5,False,False,0.008987765661517128,0.02840878963470459
b004_0005,loco_iso834,4af01899b774ff9a439f2d8e885f8bc8313c0e92a8b73b4c5f11281ff605e459,iso834,batch_004,6,False,False,0.01410885715826613,0.020746052265167236
b004_0006,loco_iso834,2924d0a2874ea770ebac7588514ed0db2a93565dbcbaafeea9be21eeb43a2e4e,iso834,batch_004,3,False,False,0.008896364833487838,0.012047302722930909
b004_0007,loco_iso834,bb140ef7812be1ae35c6e7e2ec9a7e53a6f8e3d0587128ac3935e40a17b6548a,iso834,batch_004,4,False,False,0.007959556176525648,0.02722189426422119
b004_0008,loco_iso834,f278aa1d301f2632a948b6e54e3531ee908d4274265a0b03fe0f0b3a857efae2,iso834,batch_004,3,False,False,0.00578950940341246,0.01572248637676239
b004_0009,loco_iso834,d8c505e732a84cdc9edf5dda2d3cb4270ccd2ac8a2c96a27b487dd643244bed6,iso834,batch_004,8,False,False,0.0075735237144055915,0.03914047479629516
b004_0010,loco_iso834,d694d56216a7b97e58e6ac2830f3318ee7d77bc0c71efc96da88d1c46eee5f73,iso834,batch_004,5,False,False,0.006066238733588672,0.01821092367172241
b004_0011,loco_iso834,3226dada4bc9d916323bdba5e97d196ea3f119de8bcf2f7db4176364a0dd63a8,iso834,batch_004,7,False,False,0.011621175840741299,0.04842979907989502
b004_0012,loco_iso834,4ad5a4112fd7d51f4366c4888e7dab5d9693d69d5c8eddf961cb2afb99eef04a,iso834,batch_004,5,False,False,0.005285802092708526,0.033000516891479495
b004_0013,loco_iso834,fdab1605eadd1b0ed65333b4fe1348bbd15678d6d49d7c2acc5767143c164bb3,iso834,batch_004,6,False,False,0.00994867367334053,0.012998461723327637
b004_0014,loco_iso834,fa02be82b6e9fe78447e806ad1a55555d05606b3ae9858d5a1a00c60bf327e72,iso834,batch_004,4,False,False,0.0067088046279109885,0.01541837453842163
b004_0015,loco_iso834,534735167485225517f4180b932c0ded0d907439e9420d0b8a65655786288f24,iso834,batch_004,5,False,False,0.009628321633475725,0.026426035165786742
b004_0017,loco_iso834,97cfd0b80df54cb36d98b672d36e323cce69aebd950808480ff5cc9ec15f3cb9,iso834,batch_004,7,False,False,0.009951184348004762,0.05147222280502319
b004_0018,loco_iso834,99f5b38e34645694057ba6f712bdd6c96e18ddcccdc01042e16843b2ef8815e4,iso834,batch_004,1,False,False,0.005904842204734927,0.021676886081695556
b004_0019,loco_iso834,12e0031b7aec2a502f6ca881ea52d7238fde0489e4851c2994c7f3a33d349dc8,iso834,batch_004,8,False,False,0.01414086320361153,0.054422414302825926
b004_0020,loco_iso834,a54b28fdcb9085eb7728a6e4ccec87abe8b15016d990629417ad82ffebd43059,iso834,batch_004,4,False,False,0.006624863516600406,0.01876785159111023
b004_0021,loco_iso834,c39fe56063488e06bea6ea0a4e8a7f57f687bbe9f9d14ce8a22cf9af356351d6,iso834,batch_004,3,False,False,0.005545574744216731,0.023604875802993773
b004_0022,loco_iso834,4ec7aeafc91d7a99224d0787dd5797d992b136207950ed0c6363890a5098322b,iso834,batch_004,2,False,False,0.0062502406537532805,0.019041267037391663
b004_0023,loco_iso834,4f1157df6a09a1d587cea4a628b3af4fb29c1a4c848a5884dd2dac5d8cc7306e,iso834,batch_004,7,False,False,0.009277295663219984,0.019398874044418334
b004_0024,loco_iso834,845963ce3445a26d19116816e94f65c615f2fa4bc80e96220fee6c7501a464a4,iso834,batch_004,4,False,False,0.007398839539191762,0.025595372915267943
b004_0025,loco_iso834,6b07872edeb8ec6ed46474fa93db494959933911ad940f1dfbdc8923f646809c,iso834,batch_004,1,False,False,0.01319182466288082,0.007723924517631531
b004_0026,loco_iso834,006f16bd26e589cc628ba2626e5021e32f6cf70cad9b336bc21868de9cbeec32,iso834,batch_004,6,False,False,0.007379847728326672,0.0233375683426857
b004_0027,loco_iso834,c3bf3ea7871301f557653a1302204979aebe65e014902507d0161017e19d6a2c,iso834,batch_004,8,False,False,0.010509213866269003,0.03472268581390381
b004_0028,loco_iso834,23d59f14ef9e94d41973273a54c6661bd049884cc571532e35137edd254d3111,iso834,batch_004,6,False,False,0.006725129167564579,0.013243764638900757
b004_0029,loco_iso834,676d36293ff2927fa3ed2dbe14525add2132f0d47a97b3d276b930f6dc94be45,iso834,batch_004,1,False,False,0.006246504041015125,0.02023775577545166
b004_0030,loco_iso834,fae2be2fe939191db89593061cb0a25dcb51a3cdb6be0dcd04018b1ce5e9c3fb,iso834,batch_004,3,False,False,0.006400971126849534,0.022325176000595092
b004_0031,loco_iso834,8f5c551f4cdf3750c9f79700e0b2afdb7484c7a4ef6bbc544de6b29abbeb043a,iso834,batch_004,2,False,False,0.008305366899146408,0.01889759600162506
b004_0032,loco_iso834,76917f26e4ea77389a485841b62c0568f8aba17d765a766c42d5d9977a2637ea,iso834,batch_004,1,False,False,0.007309870617311509,0.01494939923286438
b004_0033,loco_iso834,453cb4a14d0b7597e95f15f722b5be98c6712e470b6493dc69fda68c4c2145a2,iso834,batch_004,1,False,False,0.009968123475059135,0.024296635389328004
b004_0034,loco_iso834,39ee9f5b28a4a4b71ad6c0ec91e4c912a6f1c5688e0bd5cad91d45e2b2e970a2,iso834,batch_004,3,False,False,0.007484952616887014,0.016332924365997314
b004_0035,loco_iso834,0c0561e1b4b200bfb6d4e7ec78e963dee30abd6591fcedb9d57ea4f7469af50a,iso834,batch_004,4,False,False,0.0079501141168055,0.0165222704410553
b004_0036,loco_iso834,c3e7ad19b557e82d33304a9bd8954c8d8253009d9a75f50aedc1419797719377,iso834,batch_004,3,False,False,0.006256043129279966,0.019694095849990843
b004_0037,loco_iso834,fb2fb31e2f5480154dea10a27cd4b981066ce0c9d7fda4dcccadc8374c2ebab6,iso834,batch_004,5,False,False,0.010164862907812242,0.03442472815513611
b004_0038,loco_iso834,1db3383230c9134af2eb68939415d43710b847d388bfb4c4fb9e326b59a4a48d,iso834,batch_004,5,False,False,0.010810653132493377,0.040183770656585696
b004_0039,loco_iso834,063d760e35c1068c43cf5ba2d6385324e76bf424faa392a6a0b3fa4c138a59a8,iso834,batch_004,8,False,False,0.008118307309561089,0.023783963918685914
b004_0040,loco_iso834,2c303201830a3d3a254e6a0606d2e50b9e88c30a01b7d43e2d752397d9a50ba4,iso834,batch_004,6,False,False,0.009609809322435348,0.041955316066741945
b004_0041,loco_iso834,4af7bea75492d2772d14150d627ca4866180175e2f7b1bb232c7d89a969b4981,iso834,batch_004,6,False,False,0.012689769023754557,0.01930828094482422
b004_0042,loco_iso834,fc209465d3491bd76f93d36b18969a4a6524ad79adef4416d08c56795e3fae8e,iso834,batch_004,2,False,False,0.006808294502438092,0.019939124584197998
b004_0043,loco_iso834,fd4ff05e34c11b4fafbde8fa1eb068c2be1ab7e3148a964e4022b071d96eb1ae,iso834,batch_004,2,False,False,0.006410122674996735,0.019142866134643555
b004_0044,loco_iso834,909344b3a448a07e64ce9534a31f439670059d8d15f3c93690eb0a4195cc6c66,iso834,batch_004,3,False,False,0.007094323183180856,0.03145384192466736
b004_0045,loco_iso834,169f18421149a7a2041b00fe090b07ffd1b88f2e2f2c5f13f0ba0833b7396e02,iso834,batch_004,1,False,False,0.0077192037564809204,0.028733044862747192
b004_0046,loco_iso834,dcec45779cb2934f32eb627e488d7c909a9555d00d0716a00bef2754120ea177,iso834,batch_004,3,False,False,0.007878426914332343,0.029991137981414794
b004_0047,loco_iso834,72eeb8145a7d214fc3aa1e2c9017f35516dca0750bffff0dab15eba6289c717e,iso834,batch_004,3,False,False,0.009359832474442779,0.04171866178512573
b004_0048,loco_iso834,694d027731357836485f63270047eea893403e3ee52848ea659af5ac1ae5516e,iso834,batch_004,2,False,False,0.004996950362549454,0.01159970760345459
b004_0049,loco_iso834,70d7fa283412b9b2e25690f00b7926207801e411d47fc3e053859e8e623e7c90,iso834,batch_004,6,False,False,0.0059094228216859165,0.02847515344619751
b004_0050,loco_iso834,2a0b0bf31d5ad9069a5bbe7d7fff1bf294ba8ee1ccf4df5c369b2e692e673052,iso834,batch_004,7,False,False,0.006730417247678412,0.034286344051361085
b004_0051,loco_iso834,ec6a984a95c5c854b1d5ea133143e762ac63f44704bb9d98ea6d60d03ef7c642,iso834,batch_004,4,False,False,0.008157221362239024,0.01660500168800354
b004_0052,loco_iso834,977ce5ac80aed87991f5c80df9e516440be4859937ad162b66620d87037fe075,iso834,batch_004,6,False,False,0.01010115376261414,0.021496790647506713
b004_0053,loco_iso834,9b3e98822d7b96a2498e277a47be2a103662d5c5b5b481f102e2ed742fb7697f,iso834,batch_004,7,False,False,0.006672807868386879,0.024828994274139406
b004_0054,loco_iso834,1fb3d005cf25686473c1f6c9303a1fa48f11c7f0bf733b1b12befe418c31b4cf,iso834,batch_004,8,False,False,0.0066587997875252715,0.02872835397720337
b004_0055,loco_iso834,2a3a88f505e373df6f86358ff88824297a80bd7b323b63093e3cf0146a9cbb6a,iso834,batch_004,1,False,False,0.007148114665121328,0.02595122456550598
b004_0056,loco_iso834,c77d463e72080e29c0bcdaec75576cd966066074ba1e1da09e71336bf1ccb5c5,iso834,batch_004,8,False,False,0.006911815043355599,0.01717955470085144
b004_0057,loco_iso834,b4b3ad85321b424672ec522ae1cb600d0d2c456e16d74b11b7f57b74f6602bbc,iso834,batch_004,3,False,False,0.007499221297072582,0.022503316402435303
b004_0058,loco_iso834,ca1766163f885516939b28af132800458459ed945749df9435d45b20b33c5a48,iso834,batch_004,7,False,False,0.00941757464506587,0.020931178331375123
b004_0059,loco_iso834,c0c5ba2966cdbb6cb6def781df9f6c962a15184c7a7781b44de50584c3f600e2,iso834,batch_004,7,False,False,0.015329197989624056,0.03278162479400635
b004_0060,loco_iso834,bd96461108ee2dd18254faf16116c9ee12832bd8249e50acf0677d2c6587b8dd,iso834,batch_004,8,False,False,0.0070731653663955755,0.023868560791015625
b004_0061,loco_iso834,c3a3367925cb1830bab97bd8b357c2d132308dd091f2b16447393ff4b87f6bec,iso834,batch_004,8,False,False,0.007327221285124294,0.047156143188476565
b004_0062,loco_iso834,ef94b2da448a01963eadec2f261cf96f38e3c419de31d9b68d2aed6ddff4dfdd,iso834,batch_004,2,False,False,0.006460237185486027,0.022960883378982545
b004_0063,loco_iso834,1a16b90f4bf6155c2f4f79ef1a1157ebe3fe644d55a6862b9b301631f84eeea8,iso834,batch_004,6,False,False,0.008367684019393608,0.032888615131378175
b004_0064,loco_iso834,f0a9f5948fbddbde6fae476149ff96abf560701b76a66a05e81e5e7e03d800cf,iso834,batch_004,7,False,False,0.006730747039689393,0.020951223373413087
b004_0065,loco_iso834,f2f985ebcc5350b787d137781e8fa5311b3a3c64d723e43736b109c00bc03b89,iso834,batch_004,3,False,False,0.008864202948867297,0.037048977613449094
b004_0066,loco_iso834,f3cf8ab5ff1140c47d1e52861633cb8b8c076bed6c475915a6211f917137921f,iso834,batch_004,8,False,False,0.009464204873217913,0.03540164828300476
b004_0067,loco_iso834,32f995f2eebdaae314317a88fcbfec9307e064ac321ec5e52f3db31bd2bc069c,iso834,batch_004,7,False,False,0.012090484517031028,0.037110304832458495
b004_0068,loco_iso834,eb44a00d1ba9df98e86b7051109248cf8e841353f155df85559f789438df40bc,iso834,batch_004,2,False,False,0.009177262470370434,0.03353372812271118
b004_0069,loco_iso834,2696d7fa9bb756d800698a5d3276b0ba65b836e92dcf8ff578a662fdc8a8f05e,iso834,batch_004,8,False,False,0.008626006861202053,0.03535283803939819
b004_0070,loco_iso834,a49650d9b3b188983835f0cce54a6fdbf97e00b0599a0ec5ecf6f332155692b6,iso834,batch_004,3,False,False,0.007321057651863723,0.0258766770362854
b004_0071,loco_iso834,3d11edf1d399e07036092ef563956080418f55ef35bc0b500fbf08a0fb310e31,iso834,batch_004,1,False,False,0.007893530853459093,0.03155648112297058
b004_0072,loco_iso834,c69e6526e96a1f2c58321ac31322b7d652c0ede9080ba8eb21441516861631c1,iso834,batch_004,3,False,False,0.010166727336215192,0.0355527400970459
b004_0073,loco_iso834,c4d4c8ed06b305dc1bc0f7cd343731f5afd27f2ca0943bf9c2506d5a7056d21b,iso834,batch_004,8,False,False,0.007707536892324197,0.037752294540405275
b004_0074,loco_iso834,18e1e23812eb71ea81c6ee485ce96033ba9c081e06915584f65546ab05fe36b3,iso834,batch_004,8,False,False,0.011706531902805704,0.020523464679718016
b004_0075,loco_iso834,c4ed79fae14e8069faa3c14a140034f6fc64e865a1c659b3c48671df6c916367,iso834,batch_004,2,False,False,0.00622740982741606,0.02020207643508911
b004_0076,loco_iso834,2f271f71be0bf8aabb349a67e31f676e51c1424dfcde0ee46921ccb50b369087,iso834,batch_004,6,False,False,0.00511956434757983,0.023436868190765382
b004_0077,loco_iso834,aeb1bd0f86ae1ba1b738737a2119c3fd5a4ea8278168b58d9c8e0709815bf7a5,iso834,batch_004,5,False,False,0.00807996565689806,0.039413845539093016
b004_0078,loco_iso834,5c83d736efce202efbdd3c495699d9885e5ccb72140e5a97fd3de1af2562d838,iso834,batch_004,7,False,False,0.008633561542288202,0.014020848274230956
b004_0079,loco_iso834,c8da2c01b1a19fcce77428183fe416eeced9ec2ac78539faf363aafaad49c77b,iso834,batch_004,1,False,False,0.009232205042584998,0.0204696387052536
b004_0080,loco_iso834,9c056100d0044b81c662005e72db055bc54c3022fcd531051bf325a2f2ff9b96,iso834,batch_004,4,False,False,0.005387419975194775,0.015438896417617799
b004_0081,loco_iso834,6abc9ae12be07e0021dd31e3ae9ec9d7b8e18807338dbe1dc65c46de3827ddd7,iso834,batch_004,4,False,False,0.005769131931125141,0.02414599061012268
b004_0082,loco_iso834,c47fa87e73497bd986112a0df7293c7b123687e31aa7dcd1388bc3105c36c425,iso834,batch_004,5,False,False,0.014886479153007759,0.006621736288070679
b004_0084,loco_iso834,3d481b519e4204ca9b60228ee9e8f39c38fd2605c1b18b6564d14ee7263300fc,iso834,batch_004,3,False,False,0.005921642299069733,0.015573758631944656
b004_0086,loco_iso834,c7f1d03f5581a7f997a4ea06350048f6079ba9fe5c1d510ada467ada8fb0119e,iso834,batch_004,8,False,False,0.00533175033624055,0.03757435083389282
b004_0087,loco_iso834,fa9c626216cc9f7a102c68b876d5761c92896f22439cda88fa798311c2145b24,iso834,batch_004,7,False,False,0.007342290878295898,0.026617670059204103
b004_0088,loco_iso834,83e9c88b903f2b1b312f2fe6d827bdeb514f23b7cf4a3ec6d23fdac998ce6520,iso834,batch_004,2,False,False,0.007848840854207024,0.030600249767303467
b004_0089,loco_iso834,357115229a3b37a69467c350265a3ca674a7c695b9c2d1d3c6fd0b4351a795ef,iso834,batch_004,4,False,False,0.009237115708042361,0.017946922779083253
b004_0090,loco_iso834,349f23ef1b22a85f10273f6e4f9260e0c045c6bc8ec299c539e4804cc6029826,iso834,batch_004,1,False,False,0.00865300643395205,0.03394107818603516
b004_0091,loco_iso834,9d2792658113153d211f14262f2eacc59cc74364f03a018b25c6e9eaff9da8c4,iso834,batch_004,6,False,False,0.007199755653006132,0.01880987882614136
b004_0092,loco_iso834,e7b3f3e10d80da14fd537f8a3978e04cc41c4bf85f76a588a406d0729e8141f1,iso834,batch_004,4,False,False,0.005953877529159921,0.025982803106307982
b004_0093,loco_iso834,88029f94355bb2ffe82bee3e3bcbc0a0190fb237c77e1621e42b228a57422d8d,iso834,batch_004,8,False,False,0.006443485678707966,0.02852059006690979
b004_0094,loco_iso834,3932a1f132801d333cf46bdb07a829f61722f2e0d834ddf1c6a7c23122ee1bd4,iso834,batch_004,5,False,False,0.007023263368450228,0.014117741584777832
b004_0095,loco_iso834,9ca5d70bc7010dcdbc90517c217b837423ad5daf9c43c70d195e0e16179b63b5,iso834,batch_004,7,False,False,0.010965708496629215,0.013530480861663818
b004_0096,loco_iso834,f11922ac76c95191829ab1273f58242f585ae173e4043fea269f58b850b8fa3b,iso834,batch_004,2,False,False,0.008284897503794218,0.03300565481185913
b004_0097,loco_iso834,3ab04b36f543cb943bbe02c28960c03493757db50bd8b47a250a000c21c9383a,iso834,batch_004,1,False,False,0.008839884302655204,0.03306434154510498
b004_0098,loco_iso834,350a701542753a213e4276f37cc2f3eb210552f1912d14359e9e2ae1665aeb03,iso834,batch_004,7,False,False,0.0063639865302648705,0.026035261154174805
b004_0099,loco_iso834,401c7440764c9dd04549ab31aaea986cde530385c5587863d9cfa3b4a82e775c,iso834,batch_004,1,False,False,0.0067765636644402496,0.01750597357749939
b005_0000,loco_iso834,986f0f2a22320c4269edb80a051e4b734de7c8f78eeb352b8333884cba996393,iso834,batch_005,6,False,False,0.006205439848489449,0.027760636806488038
b005_0001,loco_iso834,1361e68d6fc41640a5afaa7663ed5c3403b9d3be6afe143897303cfc91ba5a14,iso834,batch_005,2,False,False,0.010725113505222757,0.030717736482620238
b005_0002,loco_iso834,2e876b150af6f9890b159e1b415faf11cbe877083a0985988b01a7ce67f66b24,iso834,batch_005,5,False,False,0.011056118898215842,0.025838494300842285
b005_0003,loco_iso834,4a93de8967c307089e8b4bd99467d1a4cae0bc57b456078b7a5462364c7033d7,iso834,batch_005,2,False,False,0.006815853421805335,0.022085142135620118
b005_0004,loco_iso834,0ecd4dbedca592442cf19d346002072d990040511e38dbad6a9a4a8f3e90fb74,iso834,batch_005,13,False,False,0.00788094755567488,0.03886713981628418
b005_0005,loco_iso834,194d8ad5477edaea8ff5d4969cd69334a752a970f5000a1cc6b7062cbb9eee7a,iso834,batch_005,1,False,False,0.008840515085908234,0.02660818099975586
b005_0006,loco_iso834,62445ff64c547eadd64d70fea2f778a4e97a67292bbbfa701f787d96e3877386,iso834,batch_005,10,False,False,0.007613929947380161,0.02136290669441223
b005_0007,loco_iso834,5756ec10e346e377463f52eff4ad6af72cdedcfbe53444be972a249dc52463f5,iso834,batch_005,8,False,False,0.005353787846741129,0.03711918592453003
b005_0008,loco_iso834,0c1aeb664f6b2d7ede4e9a84eaada3bebf7d442f8b0e19ba83c1d0476fe30cfd,iso834,batch_005,13,False,False,0.00853477131392135,0.024142348766326906
b005_0010,loco_iso834,4f506219fa508ae13e741dd93a5e5fa0bde0471cc5085f4412352b37f45a0e3d,iso834,batch_005,10,False,False,0.0145912338842134,0.02988935708999634
b005_0011,loco_iso834,78824ca58617911db8dcf73543dc64716ff306cbd615055d47786a9ac2c2606a,iso834,batch_005,12,False,False,0.008212290814176935,0.04873920679092407
b005_0013,loco_iso834,5e285be7c3fc8b5b2665d231633ce900d9bd075fb8889b9d60cd23b5a4ce0572,iso834,batch_005,13,False,False,0.00767537130684149,0.026247465610504152
b005_0014,loco_iso834,4b17771db49781c962e4d7f87eed5711434e44fa95371e88594fddd39561c6d9,iso834,batch_005,11,False,False,0.00636888216020631,0.0295238733291626
b005_0015,loco_iso834,f2c40b3362e04597134ad572ccc58606507901ab914b04bf1aa40b60d95359b0,iso834,batch_005,5,False,False,0.00842085839783559,0.016336381435394287
b005_0016,loco_iso834,4ee0e77100fbe55fa81ca89b71651d5aa937726cc42d6d939f4003aa0b32cf2b,iso834,batch_005,2,False,False,0.008499370942838858,0.0274541974067688
b005_0017,loco_iso834,0477a1b03730e068b0fa5acc570f036abe7db28453f7d85de9c0d6632ef6a637,iso834,batch_005,8,False,False,0.008352302601102923,0.03483266830444336
b005_0018,loco_iso834,f730fe55a696e2b04033d1cdf3f9038704c94f2e29a708070c691ea68700ec0e,iso834,batch_005,13,False,False,0.013264464855682653,0.037867510318756105
b005_0019,loco_iso834,5db2ba640a2edff99db502d7a2fc1a563b837f0e9995e1d27868d5933c33efa8,iso834,batch_005,12,False,False,0.018709619550919925,0.045233362913131715
b005_0020,loco_iso834,03a374629b0f13cfe47fd5eff869589e9e644b0eb80b6dfde252437d65b65158,iso834,batch_005,1,False,False,0.0067814485826453216,0.029470869898796083
b005_0021,loco_iso834,259d6513e150a24b4f514e9a12a9ae0f04d8eff48da12a7b713e46cf9d92b945,iso834,batch_005,4,False,False,0.005663629218203123,0.012160855531692504
b005_0022,loco_iso834,c561a2e7fda51b5fb41cf2f1c4fedd3ff3c0afffc578d871d828ddd9f24db08e,iso834,batch_005,2,False,False,0.011276072178219184,0.03024270236492157
b005_0023,loco_iso834,70e3e30d91f91e6ecd1343b040fbcd27457ce430ab0f246cd4d09e85d348faf8,iso834,batch_005,11,False,False,0.009861367586694779,0.032579779624938965
b005_0025,loco_iso834,7ce72acd8a49d99577cdddc6325449e185a2f4694a1337508cac8f6d3f238db3,iso834,batch_005,7,False,False,0.006879940299225634,0.02397094964981079
b005_0026,loco_iso834,66b30b16c71b06c1051576f854ce46ef49a2da753e2ded38a1da4666b80f7615,iso834,batch_005,8,False,False,0.009202604301151681,0.04037245512008667
b005_0027,loco_iso834,d926e39597c79e119c7c4aaccb96da4894e7e678653366552ab35355af9c2caf,iso834,batch_005,4,False,False,0.006796426533675584,0.02613970637321472
b005_0028,loco_iso834,e176d047e49aa8ae009be8b26b74079212d9a3d2c4692c34de44fa223f210cef,iso834,batch_005,7,False,False,0.008732469172262754,0.024587070941925047
b005_0029,loco_iso834,ba84d418bbb9eb6b702c6f8b3f9fd468c0e8f7447421785a52045bf0df277fe0,iso834,batch_005,2,False,False,0.006455108963075232,0.013294827938079835
b005_0031,loco_iso834,3501d32bed17a0d3a8d0ce98c6fd2feb54137a34de853b80ace0742804094a6c,iso834,batch_005,6,False,False,0.006087699972215246,0.017157930135726928
b005_0032,loco_iso834,5391220271febbd9552dab166f5f20be8155f03238fdaffc5ae5649dabf1c471,iso834,batch_005,4,False,False,0.009192267548842508,0.023313260078430174
b005_0033,loco_iso834,e6920fe6d1eb12b5a17a729fb218d1bf63354ce331fdd4add8e17e7d9614c967,iso834,batch_005,15,False,False,0.010225354037323936,0.026387393474578857
b005_0034,loco_iso834,c4d9343a568a42be897d55a47f9534b7919bec80c59f75acbde4eec2f5e4d2a5,iso834,batch_005,5,False,False,0.00930081024521687,0.010889136791229248
b005_0035,loco_iso834,866f638f4c8e19490ac0abcb1407ac19db3c059730739e35d98e8d1600452858,iso834,batch_005,7,False,False,0.006188383185472645,0.014559197425842284
b005_0036,loco_iso834,83346ea813cccaac8393a1ec30bb233c7f8e9e40913a1a4bc0e6e0836b9d50ad,iso834,batch_005,9,False,False,0.00752173587679863,0.014040327072143555
b005_0037,loco_iso834,c37e730bfcf42592fbe9e415e2aaf30094406ec1e777845872a0b3a8bab0b44b,iso834,batch_005,1,False,False,0.006934946494512871,0.026116612553596496
b005_0038,loco_iso834,18dc5db91b5e487917f84513240bd95d794c267e888eb7607df4b69d950cf6d9,iso834,batch_005,10,False,False,0.007927475429949213,0.041478168964385984
b005_0039,loco_iso834,2247cfe9532ecde1cc10b1489b88d826c0ef0dbe3ab204faae664eb3c076896f,iso834,batch_005,10,False,False,0.006635969645175778,0.03226621150970459
b005_0040,loco_iso834,13feeae9f6451af8e7fad7bcebf3dc0ee4553d8475f82fc36c0ccc6895c24a7c,iso834,batch_005,3,False,False,0.007031241169229883,0.026278093457221985
b005_0042,loco_iso834,7801f3d89f58a64798940549f7909a32c3995d8e915f88142cfebf86e517acd0,iso834,batch_005,1,False,False,0.007210839893974241,0.024019744992256165
b005_0043,loco_iso834,96511a586e0694929494f5c12809207f77fd411fb682877e7b7a330b54a3ce91,iso834,batch_005,4,False,False,0.010195124515744506,0.03647888898849487
b005_0044,loco_iso834,ba3ce633181891278bb7cb943e10c8a2513c6d06ae0a9bc0b5f439c912a7d5b3,iso834,batch_005,5,False,False,0.008157110153163064,0.018483740091323853
b005_0045,loco_iso834,c508b6484e523870784a4339836e25ceef46a90648f745ec96779d608001ef62,iso834,batch_005,2,False,False,0.0069197218926226505,0.014135685563087464
b005_0046,loco_iso834,7ec03888c6d9e320c136776b87c7318faef0133791077854f481b2b3899c93db,iso834,batch_005,1,False,False,0.008749329994936458,0.02225615084171295
b005_0047,loco_iso834,5902dd032de13cd6fd550988fd0393b93a2376af66b523544e37d7ea249e1067,iso834,batch_005,2,False,False,0.006882849738734667,0.024911701679229736
b005_0048,loco_iso834,294c74f41bec2c4e59b8ffe753040c3bf0c549fc6456e8ec6c70120666419625,iso834,batch_005,4,False,False,0.007118306589908287,0.02343761920928955
b005_0049,loco_iso834,93922111f20d00f0a5a817b61d094772fe204ffc2fbd2399cbf05f4290f161e0,iso834,batch_005,8,False,False,0.010636954314884591,0.036799144744873044
b005_0050,loco_iso834,33a5bdd5c360ae57ea5c09725c21bb5758093c920e2fe96c1eb4716d61d4c132,iso834,batch_005,4,False,False,0.010171749320675116,0.02415844202041626
b005_0051,loco_iso834,bf54916af3026aad56c7e2c64b61608ad63603abc99043898434fe21a9db6b56,iso834,batch_005,6,False,False,0.00730928362148707,0.02587536573410034
b005_0053,loco_iso834,a895af30817037d535842733a360e855580ead54afd49641fd8fe3e280f66f59,iso834,batch_005,3,False,False,0.006661733630739275,0.026206451654434203
b005_0055,loco_iso834,24f28159dd0385176976e519cc2f6f7750e8b9717956d554a022e567c76274f7,iso834,batch_005,10,False,False,0.015715934409469855,0.026333487033843993
b005_0056,loco_iso834,efccb2cbc2dbbe86ccb1c776fb29b07d0aa56cbaad875584d9f6ff717ee63d7e,iso834,batch_005,10,False,False,0.00880564264342433,0.02163017988204956
b005_0058,loco_iso834,1cfa5d72cdb2a3e07815e664dc319617659e028811394f39d77946b4ca291752,iso834,batch_005,1,False,False,0.0076704920559632975,0.015236380696296691
b005_0059,loco_iso834,c3e51bbcbe3cd8df28ae531b1aa2d9b1e4e8ff723c7196076a82aea4ae627047,iso834,batch_005,8,False,False,0.011087302778099405,0.040378355979919435
b005_0060,loco_iso834,607c7bac59bdd1e2c74f624af9280b2b644252f7f6edadb5e47d7de5ed250366,iso834,batch_005,9,False,False,0.009207362046495813,0.03595726490020752
b005_0062,loco_iso834,cf19422b314eca8481394200a9fff7715b08e9fcf21712351fd0239e13e0798b,iso834,batch_005,2,False,False,0.008013747827928575,0.029980075359344483
b005_0063,loco_iso834,a03d47d65ee2b90a8c025edfe99097880852a13e71506ea0165f3dac1f3f9cbe,iso834,batch_005,8,False,False,0.006131326956827133,0.025967955589294434
b005_0065,loco_iso834,5fa5e551c83bb129de314db6f9626944b81ba604269bf1586917b479d828da8f,iso834,batch_005,8,False,False,0.012258466821713526,0.022228145599365236
b005_0066,loco_iso834,dde319022c6c918258478be68bb1cba61cb8ae172575bb65dc66fbda751b9422,iso834,batch_005,6,False,False,0.0073694256241204304,0.023331844806671144
b005_0067,loco_iso834,6effe3d29803223fda080e75956372ff1fc66e766ead02c0afe120cb3be2b175,iso834,batch_005,1,False,False,0.006419282663063924,0.01023244857788086
b005_0068,loco_iso834,839069511a8aeb5b45a26523749678d81b98e2656f8cc8679ff81e687a5dc36d,iso834,batch_005,11,False,False,0.005988140074444599,0.03673456907272339
b005_0069,loco_iso834,cc637921fde032c64a10796464d5c50c45e08de5bd05992b7f26320ee834db1d,iso834,batch_005,3,False,False,0.007337106410108629,0.022867658734321596
b005_0070,loco_iso834,3542a80cd3566bb80f736e89fa9d2db7c835aba001fefbcf0dd1bf642a19eb6c,iso834,batch_005,6,False,False,0.012098335352588871,0.00796835720539093
b004_0127,loco_astm_e119,c806160cea073d2aa9d8ecd58d709a18761fd00a001297e2eab3b5057dcea59a,astm_e119,batch_004,4,False,False,0.005274604456346543,0.01912912130355835
b004_0133,loco_astm_e119,6ed6a2818f0486b49027fc596a5c322d8a276fa546d574c5e995cfb0fcf14549,astm_e119,batch_004,8,False,False,0.008552380626807446,0.04105545282363891
b004_0157,loco_astm_e119,600b16614cd3afe8d443b8f8ad6152594d10c40907adfff97828300e52f2f92d,astm_e119,batch_004,8,False,False,0.00628661893186022,0.023469996452331544
b004_0158,loco_astm_e119,f9ba550aef8b0c3d756042abd70298052ebf3e760458082f22c1fe50b1ab8c84,astm_e119,batch_004,5,False,False,0.009592037318182773,0.021664774417877196
b004_0159,loco_astm_e119,71c591f783680a54a970434f35d5f89bf5912ae3d1894bab001efb3be20c09f3,astm_e119,batch_004,4,False,False,0.007097881201837883,0.028348851203918456
b004_0171,loco_astm_e119,11a3d060fedbf86586949eae087f2c4877ec61998248e1dc6a71f35845d8a731,astm_e119,batch_004,4,False,False,0.008968672803679452,0.022940945625305176
b004_0199,loco_astm_e119,25ebde8acb6b42456e17c090da56527b8b88215024d5b8f9222fa5e6a9ccb4d3,astm_e119,batch_004,2,False,False,0.006701360423056806,0.026100850105285643
b004_0231,loco_astm_e119,39b46f9ef7b035a80d428468d3274bd20326bbaea07b000943dc340191a0c903,astm_e119,batch_004,5,False,False,0.005857265874987742,0.021553337574005127
b004_0244,loco_astm_e119,ad769f6a347a5791369ae3527d5a60113cfc26174a21254fb74645f12f742da8,astm_e119,batch_004,1,False,False,0.007805814288678717,0.023542773723602296
b004_0245,loco_astm_e119,739280b0c15d1282728fb09bf6ba49de20111220cc4cea390399962916590e78,astm_e119,batch_004,3,False,False,0.0069353401172356525,0.020898932218551637
b004_0247,loco_astm_e119,30f6c0ae549811b2d6863c90815ce3a9f9a93fffa487b4c3ca4a174b867f6234,astm_e119,batch_004,1,False,False,0.0076829772137227605,0.017076438665390013
b004_0252,loco_astm_e119,96ff24eb1831e3c8ec711d0ea2284f99467609da6c92d2cbd24a5d305daf9a94,astm_e119,batch_004,8,False,False,0.005833138891907989,0.025756067037582396
b004_0253,loco_astm_e119,e3aa748940329295e26d71899099839c326f76b7e0c6e38f6d3ff8b1d5beb96e,astm_e119,batch_004,3,False,False,0.008587436866564827,0.025316679477691652
b004_0258,loco_astm_e119,48f0ff471b2b2495a73dcb6a2102cc18b28d9764608c8b0b5e67b31fa2e37e23,astm_e119,batch_004,4,False,False,0.00815993973710498,0.032622134685516356
b004_0277,loco_astm_e119,45c4ce98073c624d9808a0f4dd731d7250a8e9252a85cd42199cf9d6a397bb1c,astm_e119,batch_004,8,False,False,0.007672909280804337,0.035482156276702884
b004_0278,loco_astm_e119,d4131773eae435cbcfff4db52b774935a35c8f5ee030f9db42ab1b3dfecf6bfe,astm_e119,batch_004,3,False,False,0.00796267562469498,0.026622474193572998
b004_0302,loco_astm_e119,1fb1e9f69d8c6c6700c481b14b273dd75ada431252961544d7f98e0539bfd7d2,astm_e119,batch_004,5,False,False,0.006657741988291506,0.018075662851333617
b004_0315,loco_astm_e119,cf0f675f0f3a5b88c16d600b739da0474af6a27f4a9b02a6d41c3f1a7d8599b8,astm_e119,batch_004,6,False,False,0.015869732799588657,0.04344673752784729
b004_0333,loco_astm_e119,f5bb8f88cec62cd454a13e0deb0b82ac939842d1b98f65f78bfa9465e3e3b974,astm_e119,batch_004,3,False,False,0.00997282327687154,0.022738534212112426
b004_0356,loco_astm_e119,c6eb6fc3ae3e5e74cd0d6878787c0250c69fa7f79cabaf1f6b18ff2ffdb3981c,astm_e119,batch_004,6,False,False,0.00491032663915978,0.015476644039154053
b004_0370,loco_astm_e119,603deba505ddcf827168f978a6bb57f1188e55d04b05f299f70d91777b969b41,astm_e119,batch_004,8,False,False,0.009950668914396254,0.02761131525039673
b004_0382,loco_astm_e119,234dd387ec96fb36b3b2bdba3697d94027ca9b1305abb76971c539cfd86e0bb6,astm_e119,batch_004,6,False,False,0.006448297153730862,0.028667855262756347
b004_0388,loco_astm_e119,c1dd857c642c80b227eb44ed8b82ec09e0dad2b159d54fbde013ec9ce8df3f93,astm_e119,batch_004,1,False,False,0.007703007024819734,0.02530094385147095
b004_0391,loco_astm_e119,846358b73266c122c5348c887290e489fae12912b048a0df96693ef52fc4a2a6,astm_e119,batch_004,1,False,False,0.006769796179943398,0.029034686088562012
b004_0396,loco_astm_e119,3999dbcbe9696935ce75f31dc26916051e258db73cc332ad0fe1a3c11f8db3f4,astm_e119,batch_004,7,False,False,0.007636308987609674,0.012445183843374253
b005_0072,loco_astm_e119,2174cea06e18c749bc2a816750f983fd5dbe5a3fa76a7a422acb402224ede32a,astm_e119,batch_005,9,False,False,0.006145978987705512,0.04020109176635742
b005_0073,loco_astm_e119,3f8c747f1acedc91997565ccb366d80db4a1e00c2dbb5e35fcab6f1485d23707,astm_e119,batch_005,3,False,False,0.008399070127577077,0.03586777448654175
b005_0075,loco_astm_e119,78c6d66e31366c900c273ebcd551821749dca9b7baee600e3b5d734914b163d0,astm_e119,batch_005,8,False,False,0.0059967811845365124,0.03438268899917603
b005_0076,loco_astm_e119,7aaf369630d1e64299b23cd1440f400e72959fa34ba47e41bcc18fee48bf6704,astm_e119,batch_005,11,False,False,0.008565430758429356,0.04203590154647827
b005_0077,loco_astm_e119,656445ebf7a5c184830de907a7034b49a776727054a65d630af59d08538c5f12,astm_e119,batch_005,3,False,False,0.005659196244888619,0.008252578973770141
b005_0079,loco_astm_e119,d637b26f5450735051e705f1b5f360017e1e3e3f835e4599ea87d22c0895da82,astm_e119,batch_005,12,False,False,0.007814286441588011,0.015098059177398681
b005_0080,loco_astm_e119,a0a6f470fbb485321fa8228fb972f86fef79ceef1fd48400d36f18829f1e77b0,astm_e119,batch_005,5,False,False,0.008307049386813991,0.008308839797973634
b005_0081,loco_astm_e119,4ffaff4583e4dab4d6472c2fd3b021a0da053f19a51a178f15ce3342bba7c692,astm_e119,batch_005,14,False,False,0.008876799963048247,0.017268848419189454
b005_0084,loco_astm_e119,5ef506d221170bcb11cd916fcd5dfbb5a4c44c786083174174c11a144f6d0633,astm_e119,batch_005,7,False,False,0.008878658516485184,0.03956688642501831
b005_0085,loco_astm_e119,89592ecd0c85b4a4bb166c357bdca27e1de625401c7b87ba0d38604716d4eeb8,astm_e119,batch_005,6,False,False,0.007681290890838277,0.01652454137802124
b005_0086,loco_astm_e119,2396cbdf5469a2944d5696b93542d14ad3fe7633265fc6a36cb56bd0508ac51b,astm_e119,batch_005,11,False,False,0.0075522567893637985,0.0318187952041626
b005_0087,loco_astm_e119,b2f14e2ba6166750f330953444ba14f9a984a83a304a8c2d1c721fe929bdca37,astm_e119,batch_005,5,False,False,0.005197414780249361,0.01875084638595581
b005_0088,loco_astm_e119,454b7b7b788f6b6d8a77291d13787e4ef59b14be0e87c82d46c1a3e2960847df,astm_e119,batch_005,6,False,False,0.005251226122262048,0.022240567207336425
b005_0089,loco_astm_e119,8f11a185d1861844f9f47e161d58c781f79d811b95185eb24fa7b300af64604d,astm_e119,batch_005,4,False,False,0.009171316809341554,0.03681759238243103
b005_0090,loco_astm_e119,d4d8883a6d989395b65e352edf39a67f484468c226b4c62bd71762c138260bed,astm_e119,batch_005,6,False,False,0.0072441568628686375,0.017783769965171815
b005_0091,loco_astm_e119,a6b5dd8f1228f40f24fd4c06a8465fdbacd03394f4a5c8ec5707bad87f1bdb08,astm_e119,batch_005,6,False,False,0.00851685619745098,0.01951897144317627
b005_0092,loco_astm_e119,b174398ebc2d62059da545285efaee920922edffd8f21a791de7bb74ad34d951,astm_e119,batch_005,3,False,False,0.005545507554636626,0.016525673866271972
b005_0093,loco_astm_e119,eb375d66d6caeea5de2ab826e5833759fdf8776eb2f4649487ec627172bed295,astm_e119,batch_005,7,False,False,0.007428269808898207,0.026894408464431762
b005_0094,loco_astm_e119,a45110e372f4952b818063385fbb4a55586c48e23360f26f42365e132259a4bf,astm_e119,batch_005,12,False,False,0.009628390618523613,0.07456889152526855
b005_0095,loco_astm_e119,96e53dd6ac24147c83c5dfbc865c78222cb8f0429d4e52beb4bf1bc4e011e8b7,astm_e119,batch_005,3,False,False,0.006306899241248115,0.01963210105895996
b005_0096,loco_astm_e119,a48ed9ecfb89d1b1dc6ae795fdc195d1302d46b789bd00daedc3aa7da8a43153,astm_e119,batch_005,14,False,False,0.006339892134314679,0.03295813798904419
b005_0097,loco_astm_e119,0c8ee825681b01872127376b43e085ff723c5d6c1876e3ef088cc6b9b9a77f79,astm_e119,batch_005,2,False,False,0.0069340040082814264,0.023880308866500853
b005_0098,loco_astm_e119,85e5acaab1ea870b159f6289f8225d9e681432c4fa12595388c692591f913e34,astm_e119,batch_005,7,False,False,0.008063492814048391,0.029037439823150636
b005_0100,loco_astm_e119,481c64a335a9c4cccd8770aab58b8a16130460d18f64abff81d1c0e61d8bcacd,astm_e119,batch_005,6,False,False,0.005832383122111931,0.015546047687530517
b005_0101,loco_astm_e119,1abf955bd28474f4ce4c60aeacf83615efc2e36f7090197ffd3d1897c82612aa,astm_e119,batch_005,12,False,False,0.005504352159676004,0.015913748741149904
b005_0104,loco_astm_e119,8a47c2ef13775e4dec505a1ff7fe4bf5bf49551c5779ae58811f4f99b0766d27,astm_e119,batch_005,11,False,False,0.01046805312154723,0.057548987865448
b005_0105,loco_astm_e119,133e56cc7119df3f46ecf41a24b838fc90515e99f5f276658e6c7ab61dc93799,astm_e119,batch_005,7,False,False,0.007584314084932453,0.029050683975219725
b005_0106,loco_astm_e119,df85a2702285b9c6d35bef80d0284f72e59bd43024f08d7ea21f7c799f2fbbdc,astm_e119,batch_005,3,False,False,0.006065093481638392,0.012875956296920777
b005_0107,loco_astm_e119,c0ef9373f5667d3f3602611bad1cab9f786606eccb49ff1d998b9c7556ff104d,astm_e119,batch_005,1,False,False,0.006028471080983271,0.017893049120903014
b005_0108,loco_astm_e119,b0a4a2b4e2f0c2380f3d2bd7f791cad503a995bf386cce9bd86c4833ccf858ec,astm_e119,batch_005,5,False,False,0.010175107541631482,0.02186557650566101
b005_0109,loco_astm_e119,91a8a6b92398f337d0168de7f6da1a1b4098afb45b6317c4ea9f6bc3c32df9e7,astm_e119,batch_005,11,False,False,0.008386524241478717,0.01094263195991516
b005_0110,loco_astm_e119,c3d1c14f03b2896ac171f1ab2730a2bee3a595add76d617fe4638e33b5537299,astm_e119,batch_005,1,False,False,0.007575968225471309,0.016080081462860107
b005_0111,loco_astm_e119,39466ace462e951b89df0e055be409c17049d91ec325c6e190c79fa03f13965c,astm_e119,batch_005,2,False,False,0.007544048667931166,0.02272200584411621
b005_0112,loco_astm_e119,9374288fd18b518880a9d5fdc7827f15caa5dae99e480f17eea5702c122957aa,astm_e119,batch_005,7,False,False,0.006411182416267083,0.015663909912109374
b005_0113,loco_astm_e119,76d056c98a292572bcc8ef7332edc761f7d5ecb8677cae465a2bd8b6b7d44f6b,astm_e119,batch_005,4,False,False,0.005020717323803511,0.013612288236618041
b005_0115,loco_astm_e119,79c02f571b3548cbf2b0d0a94473fe9b598c48e40461580b30270d968c75b39d,astm_e119,batch_005,7,False,False,0.006886413742284306,0.023166874051094057
b005_0116,loco_astm_e119,23b4d80a3de5a4677d80a68dd46d2bd12008008c730efec833579e4c98af2d9a,astm_e119,batch_005,6,False,False,0.007296352222806118,0.018312358856201173
b005_0117,loco_astm_e119,cdd805b4124599329065d193a11228450d23e2ba27ed4d4cc4d33245f2d2000f,astm_e119,batch_005,9,False,False,0.011959339421792108,0.05102337598800659
b005_0118,loco_astm_e119,2d01bccc8a0624a55c19567f4923a3f47bd9627247a0b3f4911498ee4990d046,astm_e119,batch_005,1,False,False,0.0075566305122414575,0.02571192979812622
b005_0119,loco_astm_e119,bc8aff13d8ce67639f1d5411d192441942e65107178467e22d2ff114fd7827e6,astm_e119,batch_005,7,False,False,0.00483013678525315,0.029933726787567137
b005_0120,loco_astm_e119,41a8268ef47f74092696101bba33b8196e98a856c0363f95ba27a8746b9ecd35,astm_e119,batch_005,3,False,False,0.0066304022660020915,0.02155914306640625
b005_0121,loco_astm_e119,38e9e32c42b20a9a8fd1ce1bbe87f1ebfc0577ffad8efd5caaa4b3e8e52150a1,astm_e119,batch_005,4,False,False,0.007752920833767438,0.02088605463504791
b005_0122,loco_astm_e119,c29fefe3cff206de3cc479b305bb303843bd659f2bdf5b450e1a1321b6761676,astm_e119,batch_005,3,False,False,0.0077086912803962584,0.03069348931312561
b005_0123,loco_astm_e119,fc091f6c5f7eaa1cfeb665685a9918ccc6021e906bc864934ae23bb9ff17496e,astm_e119,batch_005,12,False,False,0.011567680623199118,0.009819626808166504
b005_0124,loco_astm_e119,d161d9357aa1b30bfceaae100f8b4760b770f8e05f3ea4152b37a100e5dffa99,astm_e119,batch_005,2,False,False,0.007372318843349081,0.022035425901412962
b005_0126,loco_astm_e119,8f090b94689a5dcf2b183c6e5dc9544077e5c95280b82feae8eb494360c4ad66,astm_e119,batch_005,13,False,False,0.008648245757231946,0.04704636335372925
b005_0127,loco_astm_e119,65e8c6da396a9c7da2a698772f9865c326c74a714a598e1c4c87218994872f67,astm_e119,batch_005,2,False,False,0.008702482393041985,0.036593306064605716
b005_0128,loco_astm_e119,eb1b31aef8e00e78009896f6c473aede525398b39e2da66e3a6fe5035504026d,astm_e119,batch_005,7,False,False,0.013913946586554166,0.01380540132522583
b005_0129,loco_astm_e119,bde484ca75ba9f04049c15e91fec6ac712b4ceeb089bdb7c9cb3d32c8767b180,astm_e119,batch_005,3,False,False,0.007601342093749125,0.00984407663345337
b005_0130,loco_astm_e119,d02f421adc91877ef18b8431629be4ee9b14455b9ef40b7ce8b2d05092c2d223,astm_e119,batch_005,12,False,False,0.009839039869972917,0.053094792366027835
b005_0131,loco_astm_e119,3a044f07d4d1794d765d98d45003c11aba8b54dd73893ee10d8b401044e38d79,astm_e119,batch_005,11,False,False,0.008213483603274237,0.03149799108505249
b005_0132,loco_astm_e119,482ba287a47316af78c1592807f0ee8b153b1282c04bc4b0cdfa3cad8e5d1f5f,astm_e119,batch_005,10,False,False,0.009452873602753781,0.052735251188278195
b005_0133,loco_astm_e119,28e4981be4309be7d640edb645e6264500eca14d53a890728de78236ee2c07d7,astm_e119,batch_005,13,False,False,0.011699760021244893,0.0644575834274292
b005_0135,loco_astm_e119,fbfb7420e0e4a97e113622d4fb8ce7e5e1fa2589c6d2f865d7ad715669cfc0d1,astm_e119,batch_005,4,False,False,0.013772776051134361,0.034433108568191526
b005_0136,loco_astm_e119,78fa0e2709b91f7af38e598227b11fed6213ee2da2d1c516b4f2d7c4298fb3bf,astm_e119,batch_005,9,False,False,0.007322465408532345,0.03229013681411743
b005_0137,loco_astm_e119,f2d5cb52d9bcc8a05311608bef6d0ac8c2abc1cf415c586953df5a8cde8851ea,astm_e119,batch_005,10,False,False,0.005436155187790512,0.008790421485900878
b005_0138,loco_astm_e119,461d76c38e1b22e61e89e8dbcf1241ac5285a413ba8aa61de2a5c444b5e22a90,astm_e119,batch_005,7,False,False,0.007289929663548704,0.017709016799926758
b005_0139,loco_astm_e119,a6ccd96308de08f8b3f2e3c2575bb72cad6e277daae4813e894da2df72578f8a,astm_e119,batch_005,3,False,False,0.007450548718210127,0.03597925305366516
b005_0140,loco_astm_e119,930819d4f1dadc98c9bc12c1d561676ccb7206b489ae37b4aed859740f13c05e,astm_e119,batch_005,6,False,False,0.008633634093843523,0.01817592978477478
b005_0141,loco_astm_e119,2b45a81627cebb4121ade76238ffbbc71e85b72597c435e163a9722dda04da2d,astm_e119,batch_005,1,False,False,0.0059804425132079205,0.0265170156955719
b005_0144,loco_astm_e119,5d1ee6b52312445d86339fd7cf04fe28f4e96df3c620a77f7f6470a221cde282,astm_e119,batch_005,3,False,False,0.00976477255586718,0.025246024131774902
b005_0146,loco_astm_e119,20d3c3e8e35817c961e8853df4a15b3995fb3f35c1ec088fe6fbb343b1ac83a6,astm_e119,batch_005,11,False,False,0.0059334938765549265,0.009237933158874511
b005_0147,loco_astm_e119,9a7747ba487640086b0fdb00afd91ec4ae48420c3ee9a415a8c5bee3a9211c38,astm_e119,batch_005,8,False,False,0.008701211665986013,0.02888655662536621
b005_0148,loco_astm_e119,3ed180f273b3162ac5081240ed9f16247414de47be94c9f300130b3c1f21f829,astm_e119,batch_005,9,False,False,0.011292754248028895,0.045270228385925294
b005_0149,loco_astm_e119,8efa7db6ff53f2f38729684f642428f01a357449b70bb142fcd82a366109607b,astm_e119,batch_005,8,False,False,0.008613858274260505,0.02458571195602417
b005_0150,loco_astm_e119,9f7b528898f04baa0b5d724d4a7db0a6ab56f5889b48e88b7fdedfad9d4fdefb,astm_e119,batch_005,12,False,False,0.00719577216955482,0.06476092338562012
b005_0153,loco_astm_e119,bb480a9508a7a6a63fba6bae7c08f5896e5edab0d6450cc29e456b40574e567e,astm_e119,batch_005,10,False,False,0.006595623444338314,0.037879133224487306
b005_0155,loco_astm_e119,807bf2878b17207398d21601f614ee11dc926aba654dcadc1d4f79f447d39a7a,astm_e119,batch_005,7,False,False,0.00593178815773276,0.022783970832824706
b005_0156,loco_astm_e119,3ec7c45849c033034db15eb849864b9e968159fe286def5c72525bcf8f7d0537,astm_e119,batch_005,12,False,False,0.008983063209252278,0.014197689294815064
b005_0157,loco_astm_e119,2cbbc6cd57aa5050182cebd95472793b01f7553f6057e14fd473cc6fc94a21a7,astm_e119,batch_005,7,False,False,0.007201312604497689,0.029908621311187746
b005_0652,loco_external_fire,887dae2264eb764d1bcd01900476d5022cd780ce11eb914bbb359cdafa47a38e,external_fire,batch_005,9,False,False,0.00939572341129428,0.01929054260253906
b005_0653,loco_external_fire,8e36f78d61300d01073f3c41ad18578d89c83e7c1d4cb195ece722eeca0c0470,external_fire,batch_005,13,False,False,0.007464863286643732,0.023666250705718993
b005_0654,loco_external_fire,f8137a74d09f03b8076f4807240d93fd810b7c06cafdbf1060fda00471964f5e,external_fire,batch_005,3,False,False,0.011567408774719862,0.029662120342254638
b005_0655,loco_external_fire,e07132f2cb8881456792794aba97649264b189f8bede7f44cf30cf3ccc5f9284,external_fire,batch_005,2,False,False,0.010688911940230698,0.016609930992126466
b005_0656,loco_external_fire,904d6c266430ae7e67a59c3aefca5fb028a4415cc505272eed478faee0dee807,external_fire,batch_005,9,False,False,0.0071405303771378565,0.022458481788635253
b005_0657,loco_external_fire,7d18554185462ec8f774c58c5423398c83f3994aa50324e9739e5c4cf09f907a,external_fire,batch_005,11,False,False,0.009379739057822306,0.01876298189163208
b005_0658,loco_external_fire,3a0242b810f1c18061837e4390f48f486eba5433817b35a99720aee873e5b9ae,external_fire,batch_005,14,False,False,0.009060830659553654,0.01899016499519348
b005_0659,loco_external_fire,b34d8ce100a766e7f1f301fcf8d01428f2b6db65db72e0ec4553d5b1a39a27bf,external_fire,batch_005,2,False,False,0.007571013882511951,0.030343377590179445
b005_0660,loco_external_fire,e63650a9f2204fcdd1145c975ae66d605cbd53f4ece7d74b194bbf1b296e2414,external_fire,batch_005,8,False,False,0.008349873833968992,0.030414050817489623
b005_0661,loco_external_fire,5c06d148b385beeac2dcb0118215c8c35242053e1ea0b368ee2089ca33e41287,external_fire,batch_005,6,False,False,0.006950836054614333,0.029988986253738404
b005_0662,loco_external_fire,db247f06567addfb6b4312c1af051f6221a5eeeebca78388b87b87297f342ea6,external_fire,batch_005,7,False,False,0.008617079160252557,0.018094688653945923
b005_0663,loco_external_fire,365c802d269ae1a13ed63079dfaa8637ca3d1fe1154b45b1b1851242e92bc2fd,external_fire,batch_005,15,False,False,0.011206782743579051,0.02663143277168274
b005_0664,loco_external_fire,363a3780df0c44ccb97ef4d82e612ddb70ffe5fb49892d778cb12c22fc2c3030,external_fire,batch_005,10,False,False,0.011399540695987764,0.02411839962005615
b005_0667,loco_external_fire,da187a3e246661de39122d0a10e0dfe2aef351492b15a88fefc99dfaffc6901f,external_fire,batch_005,15,False,False,0.008813412511935001,0.022994840145111085
b005_0668,loco_external_fire,8d91fe3093bb733b2858230f134a630ca422f0771095d139a2c42534c033982b,external_fire,batch_005,6,False,False,0.008862807223054232,0.021560913324356078
b005_0669,loco_external_fire,4c6edb7b63472a000441b497bd3fa9524b400956bddf9d8fa5086f30b74ba323,external_fire,batch_005,9,False,False,0.006790461843131018,0.02371981143951416
b005_0670,loco_external_fire,c735e55ccfbc83eb64715b3ac7617b48eb779617591915769c5748ce449183c0,external_fire,batch_005,8,False,False,0.012714403770009024,0.014244651794433594
b005_0671,loco_external_fire,19811c503a24008c01d532c3b19ee28e7a94f6eab34e9a92e7e9ad98d454a666,external_fire,batch_005,4,False,False,0.013205857599367862,0.03335789442062378
b005_0672,loco_external_fire,ca465d41a47a8e48ce31061e27a75ceaeaedd5f27f4494fd2224c3220d68c582,external_fire,batch_005,9,False,False,0.00802497350778736,0.019054555892944337
b005_0675,loco_external_fire,5c427901c7ebe038948f75e2093e8fd20fe2e3915fa8707e2692fab803824b2c,external_fire,batch_005,13,False,False,0.015999743244687066,0.028843572735786437
b005_0676,loco_external_fire,2ab461f3a2eefc37f728e029d0126e3e5d84646550e8a031ec766a7486fe72c9,external_fire,batch_005,12,False,False,0.008413489773625233,0.02465240955352783
b005_0678,loco_external_fire,0a81c9878b3bf614b761e96ee11f0b9b505af588b5360c52a0ba848899f652bb,external_fire,batch_005,5,False,False,0.012529987292211563,0.026593124866485594
b005_0679,loco_external_fire,9e9989f98dd917794a49f7f67605d115ad2fd7ed9e622d29b64e15b9f60921e1,external_fire,batch_005,15,False,False,0.013837731421970931,0.04523364305496216
b005_0680,loco_external_fire,a9b7f8941e95c8da00faa05b1fb3b849be04d8a591b390ddfe9041e0404c7866,external_fire,batch_005,11,False,False,0.010175671000949672,0.02875760793685913
b005_0681,loco_external_fire,d30d44738a19a1b2f38acc3d692f9b7bd07423bfaa46fc019f34bb76e9791748,external_fire,batch_005,4,False,False,0.008286910956023168,0.021924173831939696
b005_0682,loco_external_fire,ffb6b1317342da2840b37cd57ab2e76cacd687c2c992511ccd180f80fa011fae,external_fire,batch_005,1,False,False,0.00738523651341923,0.021378475427627563
b005_0683,loco_external_fire,6eef0328afba54f84c58103fdd276a4d84642cdcb68c964e3e2fa060aa0e31f4,external_fire,batch_005,8,False,False,0.012014568975714386,0.021688222885131836
b005_0684,loco_external_fire,ae85453b9af2520c7f2e5b3b57682d321b2cc517d5c02471242216fe49977eb1,external_fire,batch_005,8,False,False,0.009303605751913102,0.020326125621795654
b005_0685,loco_external_fire,558ea3bfefa5f1d8ecc356a72a1a43902e242c18488207bafded20c06267c7a7,external_fire,batch_005,7,False,False,0.012025849203594396,0.022492039203643798
b005_0686,loco_external_fire,21718d5c78a6debbc7954b3825e0c0f1293ca3e5e2a85bcdeaf68a3b9dac2e65,external_fire,batch_005,5,False,False,0.011256250152822401,0.026816558837890626
b005_0687,loco_external_fire,ef01950d4609e6c361851e4f15f79c6b86ea9e5a4a7952a6a557a3543d81597b,external_fire,batch_005,1,False,False,0.009587267871762886,0.024326181411743163
b005_0688,loco_external_fire,b0d899b07258e69b6a4a04252032c4ba96bfbd9f9c6e2beb5fc0aac6c0f78b32,external_fire,batch_005,4,False,False,0.00972120077883611,0.011643880605697631
b005_0689,loco_external_fire,8395d801ddf2bd9a02e199141a13b13dd9b4b8ade61a9c386f36879c9fee59ec,external_fire,batch_005,5,False,False,0.01139280556655321,0.022753190994262696
b005_0690,loco_external_fire,e823db2034f13710aac7ef89b7ad95d5ff850d78ec2d7bbb5fc5b482cea735ca,external_fire,batch_005,5,False,False,0.010743469976987994,0.022066783905029298
b005_0691,loco_external_fire,6473bf37dd0623a88cc1b47dfc4215af403a53106abf5bfcee65a795be9e8cf0,external_fire,batch_005,2,False,False,0.011398755184939649,0.004209434986114502
b005_0693,loco_external_fire,eff3737c239174b9844979a0852912cd401bfaffd2b12cd679a7bec58b417eb4,external_fire,batch_005,9,False,False,0.015142844934932523,0.025074291229248046
b005_0695,loco_external_fire,94d7affea6768b61f46a406c0c2386ec6ffe28146a50a875420803ca5d74427a,external_fire,batch_005,9,False,False,0.006592553658563582,0.02864290475845337
b005_0696,loco_external_fire,17789b65af0c78560a6e1d5d0ced453b27131df4ac1f981fb12dfc728d9d83ce,external_fire,batch_005,12,False,False,0.01228888533154472,0.016489267349243164
b005_0697,loco_external_fire,31a689ddee2867464e0a5ec536ee1915110d5c85683d499a95f0d8a4f9702da9,external_fire,batch_005,13,False,False,0.0061393818405808005,0.01898888945579529
b005_0698,loco_external_fire,c868c4d71a6e8c4be3723192d9cc28e49db544d23cc98e88e1ae8594bc8d9790,external_fire,batch_005,13,False,False,0.009787096254161146,0.025170916318893434
b005_0700,loco_external_fire,5a58a0e0c5ae9c961b81b275490b56dc0c50d148b9e19832d290cee9a57f9a90,external_fire,batch_005,5,False,False,0.009852339791469886,0.042217522859573364
b005_0701,loco_external_fire,9bc353f82426d09ea0c58598d6fee7ba4bedfef305746fdbdd118aec21e2f936,external_fire,batch_005,10,False,False,0.0163875120585082,0.01908186674118042
b005_0702,loco_external_fire,e0acb1b2ec2d4a6c3c186945f2567dd2a084a7494a8c752358bcd76cb691108b,external_fire,batch_005,10,False,False,0.009330037871345145,0.025072705745697022
b005_0703,loco_external_fire,6e3797464061b235259774938ecb92d608f80427f0b0b9c5f51c766d29655116,external_fire,batch_005,13,False,False,0.010833716587942153,0.017423486709594725
b005_0705,loco_external_fire,c8707cfa9b93da372cb9097d6bd1f3747da10ba1f950063c1dfb8f373bf2ec34,external_fire,batch_005,14,False,False,0.01636077781192592,0.017354822158813475
b005_0706,loco_external_fire,c02e805fc9434564c620ac04f7ec53d1509c24b2833496d2c04811868b54753e,external_fire,batch_005,2,False,False,0.007026035619563743,0.024493193626403807
b005_0707,loco_external_fire,ae621b97baadd905103b07d0246e0ea8a2ced2070b46ee7a2591f7a7cc178ad0,external_fire,batch_005,3,False,False,0.008723135121533127,0.020056599378585817
b005_0708,loco_external_fire,c9bc8caa234f029eb16bbad7ffb89f040df33808a8bd89e82c57a5072d7f4f15,external_fire,batch_005,4,False,False,0.013120786137268192,0.02669193744659424
b005_0709,loco_external_fire,ebdda587c609dde03da75b2ddaa8fe554bb0dfd56b6eaab18a3576c518688e7e,external_fire,batch_005,11,False,False,0.009534573457280144,0.03129526376724243
b004_0100,loco_linear,58a4d5a394fd4c8a5958acf25600c47f7080a8db03729720a694760f60b85de1,linear,batch_004,4,False,False,0.018290267029746635,0.1429702401161194
b004_0102,loco_linear,1e2c398d2e96316662d5fd4d81ac19d94a131429cfda22abdd263bb316079010,linear,batch_004,5,False,False,0.016577889831339725,0.12642674446105956
b004_0116,loco_linear,203a6e2687edc835a4adaee76e5ce101061982cebb15eafce755c663dbe73672,linear,batch_004,6,False,False,0.01345893980049696,0.11808986663818359
b004_0118,loco_linear,779dd2f28924f53d1ad023caa666ec14ec69d7197e2cc90cdc19636596dad64f,linear,batch_004,7,False,False,0.01413999707972417,0.1349430799484253
b004_0120,loco_linear,975d228b6691b66cdd353057f1a95ee0cbf600138541b6ec7fc86ee62acb6b9d,linear,batch_004,4,False,False,0.02217114088965244,0.1692299246788025
b004_0123,loco_linear,1c2c7a955603e654f5a96ab62eee60afcf2f5cf2a36ed0f3f82dce87d6fda388,linear,batch_004,2,False,False,0.04940231647647795,0.25054389238357544
b004_0129,loco_linear,9c47e2e985ea23bbb12abfa2c3feba646e83b955ee02dc2e74d4924ada76824b,linear,batch_004,6,False,False,0.020237440847959677,0.18292484283447266
b004_0135,loco_linear,df4844df46355cb404e788787fa047c44aef5ec9c854ca58ca0cb44139bd8279,linear,batch_004,3,False,False,0.015153260406900626,0.12071394920349121
b004_0137,loco_linear,c4733fb8fa105843e32e18d841710f2f91d28b94a19ca8773241ac8c485929ea,linear,batch_004,1,False,False,0.022423983011089388,0.16838226318359376
b004_0140,loco_linear,841ecf955209f5fe07343b79d019c382822b5b9c281b4fbfde6137fb44c90197,linear,batch_004,3,False,False,0.02442187608265486,0.2074184536933899
b004_0161,loco_linear,6c3d1e72506504ddc96ecdef7aae7d471686983d34ac149e0be3db32857b5c5f,linear,batch_004,6,False,False,0.021694928407669067,0.19290021657943726
b004_0162,loco_linear,ca04658edcd86357df3d1194ee47e4a7a1513a182a9642593233786df1cd0f82,linear,batch_004,7,False,False,0.04403630729581488,0.24060145616531373
b004_0167,loco_linear,0c9bce772bfadf563214954b8027d30fc11514eee2bb33d7d0cca49615295671,linear,batch_004,1,False,False,0.0157204059303784,0.12725563049316407
b004_0173,loco_linear,b49abe0163984b6f5946b42fadbfac1911004bc60e3300ce73dbdea26bdd1fc1,linear,batch_004,7,False,False,0.026927196588672576,0.20457009077072144
b004_0176,loco_linear,97e3664d5f2293dbf6aece8acaa697355acbae49d299b688e65752cffea5bd1b,linear,batch_004,3,False,False,0.014647187952135429,0.14357556104660035
b004_0181,loco_linear,42cbfbe5f50d42a43376a9c3765350df5eea4c8e27d5313ba3b32ebaf0b7d02c,linear,batch_004,4,False,False,0.014826887064292782,0.11977760791778565
b004_0187,loco_linear,4e69ef4269b3f7a96df9251bd47350a0693573cbf147d4e1a29789498c88583c,linear,batch_004,2,False,False,0.05307970203337122,0.26180843114852903
b004_0188,loco_linear,d75bab2ecbc4f328f483071ba504ed297fbc6cdc69aef60d208d6694ae8a4fa3,linear,batch_004,7,False,False,0.01627491575772645,0.1153673768043518
b004_0193,loco_linear,aca396ab5feb732c680c7999e4ea631570e9ff07b200933a2f0b85972951acd4,linear,batch_004,1,False,False,0.015348107941815108,0.12213733196258544
b004_0194,loco_linear,57cea33c7cd67fdb4760faf9f601cdc85996a4e2b16e0b10efd636cb57c0b349,linear,batch_004,3,False,False,0.02005944056589095,0.17448160648345948
b004_0195,loco_linear,7c5ab483c9eba4182b22036635d6e4cf1af9893bb9b09698743b4563aa7ce87a,linear,batch_004,1,False,False,0.014052730554439983,0.12436244487762452
b004_0196,loco_linear,beb46fbbaca911987718cbae330261be3b9f8df55e22cc2cf228182124ce90a0,linear,batch_004,2,False,False,0.04392190898051028,0.23786345720291138
b004_0197,loco_linear,8dd73d58d27747a5372f4ddbdd73c3cd1ed38c628fabd1e687db907efee5dae4,linear,batch_004,1,False,False,0.01602532067259804,0.12435126304626465
b004_0204,loco_linear,118d2e69bf74f4bcb6b19997061e9ef2b15ae14274bf2ce924585e88d3df5d8e,linear,batch_004,4,False,False,0.028094025811211003,0.19812963008880616
b004_0205,loco_linear,fb7246d0ece425e1f971a0b9c07fc86cb6d9cb61905e4553953b4e51677ef931,linear,batch_004,5,False,False,0.019650630921613975,0.14086204767227173
b004_0233,loco_linear,cc51c9cc7938f77939a687d7ce4a4d20821506ac243c80e37dbd34b110676369,linear,batch_004,4,False,False,0.0411913697836829,0.22298601865768433
b004_0237,loco_linear,88499fdd80e56d7e7bbe45e699528e57b7fb8931b5018275b92ef780676a34e2,linear,batch_004,7,False,False,0.015026796157242821,0.13985918760299682
b004_0254,loco_linear,75ddac100ace105d84d84e2ee5ae7bec921eba072d38728a73ae8b0f78003f5a,linear,batch_004,7,False,False,0.013833892345428467,0.15656691789627075
b004_0259,loco_linear,44b987c316ca2018ba2a82450732531d1fc4e7cd4869193a3d2d31085375f808,linear,batch_004,5,False,False,0.024644847189793824,0.20447927713394165
b004_0260,loco_linear,35a7bb4af349ca1c67df0da5ce6b48e6b7d44d8ef8a195ad191b8de04e5c11ff,linear,batch_004,5,False,False,0.020598841104351107,0.18504669666290283
b004_0265,loco_linear,edd98abf0e8588540984bd1e1f7b6de6c7c25f19961fc85480d329d09ee7a2c1,linear,batch_004,1,False,False,0.027692565566203635,0.19800729751586915
b004_0267,loco_linear,66955ca740f289bde196cf6d5238b96a39d524c0cbc32e3a15d6799f14c16b18,linear,batch_004,8,False,False,0.020351881765928427,0.1828109622001648
b004_0273,loco_linear,c1d0b3d814b4c25e753b1bf81fa7eb4c5c22c5579bd0fbd7d13109f66c3325a0,linear,batch_004,7,False,False,0.022512996099034295,0.17469801902770996
b004_0275,loco_linear,a4bd8fabcd9b7ad6f23dd35a552c8eb6ea97c19a86afced9c9b3915382da8c16,linear,batch_004,3,False,False,0.013729257124369263,0.11506621837615967
b004_0295,loco_linear,59160eb29033e0dfe544ee3c43dc001391a3a862106aa3a13ce5fd894e8b2485,linear,batch_004,8,False,False,0.0222878707236931,0.1801397204399109
b004_0307,loco_linear,3558266c434b899bd2695161a16aef75ea68ee979dde24c3f8d3768184d1dda5,linear,batch_004,3,False,False,0.0500985960491368,0.2616812586784363
b004_0308,loco_linear,66a5318dfacdb906209a99a62d941245aeeebdc23bff4ac922afb2760c3cb78a,linear,batch_004,7,False,False,0.042503679775800864,0.21666022539138793
b004_0310,loco_linear,392fb7405749b0c7ba52e3af90165efd231beb88add323838710712f51583172,linear,batch_004,6,False,False,0.020618868167283106,0.1744772434234619
b004_0313,loco_linear,ac1fe8ccf21106a4873ace54b49e346e742ae89491492f488993a473df977fb1,linear,batch_004,4,False,False,0.05000228236933224,0.2589235663414001
b004_0318,loco_linear,4a948ebf669328bfd087c2b15533816774ecdd7cf8b5d3abc3cfcf1e542887f5,linear,batch_004,8,False,False,0.04978864583812777,0.26717153787612913
b004_0334,loco_linear,063c83b972143bfa11bd4262d374018444fa11b7e12f337550fcc73650ca2b8b,linear,batch_004,5,False,False,0.050185775561410864,0.2656219959259033
b004_0337,loco_linear,e4d3eb9ed5e9e2624bb59387c1b2f600a243e7864913809133889f7c29c840bc,linear,batch_004,6,False,False,0.04795255836893301,0.257923948764801
b004_0338,loco_linear,f61821c26d3b55f7cd6c6424b76bd9cd786beb65a292c2462f6f297001bf210d,linear,batch_004,1,False,False,0.02138658390670526,0.17619917392730713
b004_0341,loco_linear,5255f3e61d43942a98aa94c193aa9ec41cf7c0cacb8ae00e024e3bafc4001399,linear,batch_004,1,False,False,0.020426918541798823,0.17449595928192138
b004_0343,loco_linear,749de033fcab68f09a65a58697523d9ada243e91b59e3c5b3b04b5c1f42a7c2e,linear,batch_004,2,False,False,0.014602664943601264,0.12299231290817261
b004_0344,loco_linear,f65bd1b47c922ea3ae3c45a3b386445c8f5920929ce39862e5a20d5c8d6862ff,linear,batch_004,2,False,False,0.050512883506837435,0.26157069206237793
b004_0350,loco_linear,05b29b9b73dd8474923a2074c5ef6016460dabbd06a82fe6dfa12ff0d045c2f2,linear,batch_004,2,False,False,0.013897404416662748,0.1351651668548584
b004_0351,loco_linear,d6413be4fbb93af40a9c4aec78a44ca4b724985aed444bd981efea8f50b63ca0,linear,batch_004,6,False,False,0.04291865942908115,0.2317504644393921
b004_0354,loco_linear,9b7af904ec4fc73cecac40419095a36abe00c8409170c314d0e89d263823e41e,linear,batch_004,2,False,False,0.017215131491911215,0.1614753246307373
b004_0355,loco_linear,ee88196d0dc2e1c593a34ff89bcb86b2a0a204e26de5eea68935782352b32556,linear,batch_004,6,False,False,0.047150255031273014,0.25432777404785156
b004_0357,loco_linear,ca040cb8e976f236ffde34a78afb4c61c5a819743600a557393d9ed9911292b1,linear,batch_004,2,False,False,0.016789527457268513,0.138266122341156
b004_0360,loco_linear,54d38c42b8542c14c8ad22a244abb79e96de81573f6a3a98ac4885be3e0573cb,linear,batch_004,4,False,False,0.01965537335051865,0.11718676090240479
b004_0361,loco_linear,aab1d3d6a755175c62ca29472417edcd177404fc670a9423b4d8607bb8a2a74f,linear,batch_004,6,False,False,0.022285383011473987,0.15883609056472778
b004_0365,loco_linear,927ab5a66aee986b39e1579f9a994508eeb897787cbe5448311819c26a38718f,linear,batch_004,5,False,False,0.0427464985456623,0.2149297595024109
b004_0374,loco_linear,85cbabcbc79f19ffbd4c4bb8d3c8f65613d208a8763b01214fd0e6eb69026ef7,linear,batch_004,1,False,False,0.015586826107541068,0.1455061674118042
b004_0376,loco_linear,9619e1a832b7d16d5fa57fdd592fd50740ba79fdcb8110bc33b5f85b9a19fdbd,linear,batch_004,6,False,False,0.025705793548802862,0.21508537530899047
b004_0380,loco_linear,11ff119ffca60ece646cf5bee945eeee23965272bb4bbcda6998c5d78d6f684c,linear,batch_004,5,False,False,0.028710311944367455,0.19355301856994628
b004_0384,loco_linear,e16fdf7165a7a88ca2e6201d8da5970a028a98ce82cc1bf403e89a62b984082c,linear,batch_004,2,False,False,0.04729707358313388,0.24942578077316285
b004_0398,loco_linear,7b77535b78506121fe8ec94f93d6c04d924a6f6492c7cf047dbca478b2b9fe64,linear,batch_004,1,False,False,0.0193502345046059,0.1777750015258789
b005_0158,loco_linear,18a9ee51a4173478f1435b0bff4b00065ac3d997de9922a90eb016b211c72c73,linear,batch_005,5,False,False,0.056822671851173776,0.267659330368042
b005_0160,loco_linear,599e7346816ba30038f2bcd820278ccc9be847b823392b5a8b2561db306f24d9,linear,batch_005,13,False,False,0.02080549353458842,0.18142791986465454
b005_0161,loco_linear,441671c21c6a935c663b6f7d275d04b2e63fdb121fe2914e811cfbf3a8e06adf,linear,batch_005,10,False,False,0.009675367689523541,0.07526242733001709
b005_0162,loco_linear,1fe38c1ebb69e7f9f958e5e6b193ca1f0366e36085fbe6ac037b63325d50b3ee,linear,batch_005,5,False,False,0.04956971328766619,0.24217288494110106
b005_0163,loco_linear,db9a3d221db396e36e20e41209049e0d0781b04d333a94f10712065e42dde134,linear,batch_005,3,False,False,0.005537543922174173,0.05623931884765625
b005_0164,loco_linear,38475d8a77efddc2a35e7228eb5329ee36a733abafb11412465c35fd3ea87bbc,linear,batch_005,9,False,False,0.013646469155295948,0.12110321521759033
b005_0165,loco_linear,49f0e19d2b05033af7e77e9150efb948d43472bfc2c2da52c818d9340a671cb1,linear,batch_005,13,False,False,0.02726074799162443,0.19249868392944336
b005_0166,loco_linear,4e557cd2e5b4d3355358295195dd9eed264a2faf7c2c0d19d39fdb7998205d84,linear,batch_005,11,False,False,0.01863397481988688,0.12156540155410767
b005_0167,loco_linear,fcb2dd387be45d5d0c553f9e74fd34457e8df2e131d6a59fb60277dea51e62d6,linear,batch_005,5,False,False,0.04858875919560918,0.2614446520805359
b005_0168,loco_linear,553bdbbbcd23eecb268dbb6e137dc9dc7813675c8dd0e1743c2b55106046b64d,linear,batch_005,7,False,False,0.017345510349899042,0.1610628366470337
b005_0169,loco_linear,b05730b1fa64f440b9f2c3306308172b4ecf6b2cbe0264787955fded568ae022,linear,batch_005,9,False,False,0.02809680583047085,0.2327106475830078
b005_0170,loco_linear,e90c1cd296cdaffc57ff162bf5c39c6434111fb30f05e4f9f6edd410b0aca6a2,linear,batch_005,7,False,False,0.012206370762137117,0.13817647695541382
b005_0171,loco_linear,d07dbce87c8f23fca2227d12019e02cd8543c4d320a392da1218f1248e715f92,linear,batch_005,8,False,False,0.01741333975166571,0.16135473251342775
b005_0172,loco_linear,24817275df318f4027ce1d23ecfaefdeb4125fa86bbabd54db93a46f1e22abdd,linear,batch_005,3,False,False,0.05091599734103094,0.25378535985946654
b005_0173,loco_linear,d7c4e59858bc79de62c526a8d3a14ca9032f0bd17ad057540f935d63f71ecb4d,linear,batch_005,14,False,False,0.013612386633138188,0.11883578300476075
b005_0174,loco_linear,1fa1553a430def914a88ff35f0af634634cd512d28d25192ead4be07a90b1664,linear,batch_005,13,False,False,0.008809477188548104,0.12200521230697632
b005_0175,loco_linear,71575ccc44963f2578801a435b153809b13bce356194b422c3bc57dedfcb2d29,linear,batch_005,10,False,False,0.01591681833149957,0.10247383117675782
b005_0176,loco_linear,98e2e4994e2cd3dbd9b1abf5adc4e45c236a5a24a7ade64c63ce8c54a8b71206,linear,batch_005,7,False,False,0.005374455256540267,0.04315961599349975
b005_0177,loco_linear,d65a17e16d9f0ac5e4a801ab2a6ca4cc6edbdc980e5f3dc4390ca6ba85ecd016,linear,batch_005,4,False,False,0.01283593390320168,0.0725136637687683
b005_0178,loco_linear,3d9b2c46d03300af540f25a5ec1bb1fe3780cad856e3ba6d30798a304b932ad5,linear,batch_005,5,False,False,0.04864735916012623,0.254384434223175
b005_0179,loco_linear,775c739de2cf8e9882f81d83d982f37bd29d378f2ada5874f62f31dc9cae8ce1,linear,batch_005,6,False,False,0.015277353368821692,0.12995213270187378
b005_0180,loco_linear,326b3547cab0dab64fb602a57fc19e38f2aca8a75f287113e48e51d6eca21a03,linear,batch_005,11,False,False,0.042088727091179515,0.24100680351257325
b005_0181,loco_linear,79478b59cf082e0b46ca1e44b73b17bfb611c8b8808e49576c401d4e4ecccede,linear,batch_005,12,False,False,0.04238933188016297,0.23113776445388795
b005_0182,loco_linear,6df7d3b1493a1dc07d978d767819526732bb9e08865e4ded508805d296723f06,linear,batch_005,5,False,False,0.019385405593231077,0.14251037836074829
b005_0183,loco_linear,9040cf0e2929d335361431514e29fcfeaf0fcc9e8e12adb84c70eebe1d9ffe18,linear,batch_005,15,False,False,0.028234664436246525,0.1963793158531189
b005_0184,loco_linear,80e02c008971fd5e5328b7a9a4762c0a6751acab94095e03d7fbdca1ca723630,linear,batch_005,14,False,False,0.03562238802675341,0.20785822868347167
b005_0185,loco_linear,6b28e05319b3c799dd9b3670dca859b8c152f747fdb8a4889cb7b10be098109d,linear,batch_005,15,False,False,0.032184537219219524,0.19256547689437867
b005_0186,loco_linear,280baa1cedb3327b0d4cdfa5855642f9a22fca368d90786a40dd6d5ce46b440c,linear,batch_005,1,False,False,0.012377913662644683,0.06720709204673767
b005_0187,loco_linear,58c5509a92aa4633db0d1b2fdc20cdad84befb6a3d0e630d4f9fb5a1e40a2105,linear,batch_005,1,False,False,0.02267915665126238,0.18564726114273072
b005_0188,loco_linear,578b585f01cb7fb9e1e833f2b971369e1b44095f296d3dd7ec34f326392b949e,linear,batch_005,6,False,False,0.045737622604995476,0.24647555351257325
b005_0189,loco_linear,e58db01114c258ebc1f757432a1ea2fdf040e7048d52c51562a3679fac2ae675,linear,batch_005,14,False,False,0.037322686343896586,0.23235388994216918
b005_0190,loco_linear,254343f08d234df9ab7a1d11eb8c878abdc659136e83c38f54ee4769a3526248,linear,batch_005,7,False,False,0.016632462720401954,0.013610160350799561
b005_0191,loco_linear,7f8af01bf001d49c67450345954658d93a4a1f44f70a3d09592bfb1dc08cbd1e,linear,batch_005,15,False,False,0.015166766526269132,0.07893972396850586
b005_0192,loco_linear,bcf4bce4324232ee9e050be929b538d3ac922c8e43572cb19790d08d7accb1c8,linear,batch_005,12,False,False,0.01793280234102343,0.2601156711578369
b005_0193,loco_linear,dd07e49c5879b58c39956430986664abc9c3422a9d57236a11e3b485a33b80a7,linear,batch_005,8,False,False,0.02386297085246102,0.16972333192825317
b005_0194,loco_linear,96f28b583939f00e302042de8823347b6baec5426cac4554a31a9ccfbd489295,linear,batch_005,8,False,False,0.0116574049973097,0.09792783260345458
b005_0196,loco_linear,b52990903417615de2bfb121e273bbf119a3fb62ab9098e49bf951002d4f9dab,linear,batch_005,12,False,False,0.01805773797582407,0.16455999612808228
b005_0197,loco_linear,ba55fdf4eb4e86be3ef6a7282d2e69f3622cc2309c28974cb013b6f1303e4af6,linear,batch_005,12,False,False,0.01125111213473023,0.09977362155914307
b005_0198,loco_linear,16a3545d238877ad1444bc584156c3dec94d86f3ed746736d6e474e278244465,linear,batch_005,11,False,False,0.01578691279301878,0.12323300838470459
b005_0199,loco_linear,8228d02412449e573b01022d5cf0e86aa38f34feb764908e9e05c2932251e32f,linear,batch_005,7,False,False,0.02701884830584292,0.21406829357147217
b005_0200,loco_linear,1dc14653db4240d1d91110afd75aa4f84c34f78610417101dda689ca2d061640,linear,batch_005,12,False,False,0.028004574971120865,0.20332261323928832
b005_0201,loco_linear,eca8ce78c3fb2e3a898502065cab5a2496699e1d9f21541d2a8083b88c1b001e,linear,batch_005,7,False,False,0.012005305632216032,0.0653760552406311
b005_0202,loco_linear,fd45a27ffeb5f51af01f27c2113b234eeb0cafaa6b1cc6a7b756303ed551bf39,linear,batch_005,6,False,False,0.015387216650071691,0.13978639841079712
b005_0203,loco_linear,b69e62746b5d5194f8e9f4be6c533d968bb16eb83e69131e41ee5a2ff12e59d1,linear,batch_005,15,False,False,0.012040653336243552,0.10314123630523682
b005_0204,loco_linear,5fe4afe8ec01f2180e7f715d52627991eb4fddc944bd61f1fce520f04d87b653,linear,batch_005,13,False,False,0.0462857750595593,0.25410412549972533
b005_0205,loco_linear,9cf774410d573aecd62390090424703d24a562e911cff4f7176afa037000fb3c,linear,batch_005,11,False,False,0.018364544188390015,0.12081570625305176
b005_0206,loco_linear,a84f8eb94a90ba0db0df77b948d8095638f118dd6af39ab18748eb82387ed79f,linear,batch_005,7,False,False,0.020704016724570853,0.23796441555023193
b005_0207,loco_linear,c1d061b674fd74cc484a03f78ed1d487fe4d0c0bb0ec403764392e80b99d8a0e,linear,batch_005,4,False,False,0.022900002706246297,0.17560635805130004
b005_0208,loco_linear,1078d058e3cb6ba96b3216bdf09b72c4415d1b612124f373176b5debdf9174b4,linear,batch_005,2,False,False,0.046708327238676975,0.24998142719268798
b005_0209,loco_linear,b3d80fe6f2f5a2356d4157c4c58a2cd8926f7b153314d0ec5e3293a78cc284ef,linear,batch_005,10,False,False,0.01844488079430627,0.16291579008102416
b005_0210,loco_linear,af01e4b9bd258158461fccaa026b6b55ebea155ca4e462d337af59cf1b99f827,linear,batch_005,8,False,False,0.03692218553824502,0.23280162811279298
b005_0211,loco_linear,a2ae3a640debfd9d03ddc878365d3ff972c9a2c92eb72b0f9e23fd830bc0fdf1,linear,batch_005,4,False,False,0.01842749822335165,0.17858163118362427
b005_0212,loco_linear,04736ccbf6c3ad449b183a1c165fd82024d794610c2abee4e43d33485c919da4,linear,batch_005,6,False,False,0.014360126852989197,0.11450387239456176
b005_0213,loco_linear,d6668054c195c1ee5b8d3105be53c5fe35fb7d74e6863fc3d8cafd8c043e14ab,linear,batch_005,6,False,False,0.00960550095702781,0.0782724142074585
b005_0214,loco_linear,53450f90b7635825e7e1a3ece8e894d0dd56c98f0afbd9c70338455a8773a35a,linear,batch_005,11,False,False,0.029057631043137095,0.2113310933113098
b005_0215,loco_linear,d9e3ae26dd21ea51bf1267657f2b3c7ae2d4ad712ff0796f8b6b8664c369b801,linear,batch_005,11,False,False,0.043610187632138614,0.2293660044670105
b005_0216,loco_linear,423c36067899630913eaa103f2f9fd8b61c603547b152ba106cf5e9b8c3fd1f8,linear,batch_005,13,False,False,0.03400434861417677,0.21235486268997192
b005_0217,loco_linear,c23761a6bb417680737a6944305315f9cf2fbcaa2f73452a642203b6c917af7b,linear,batch_005,2,False,False,0.02039927649693411,0.1421894311904907
b005_0218,loco_linear,b7b0f850e72809b87da6107b7b399c2f01ee2a8558b505c14b4aee1864bf3bf0,linear,batch_005,13,False,False,0.029449010090749773,0.20055603981018066
b005_0219,loco_linear,17adfcc5abea4673a59b34b37f282002ea04039273fb735bf5eae16b0a47ce70,linear,batch_005,10,False,False,0.01564264348784431,0.0676356315612793
b005_0220,loco_linear,cdf9c3d45317ee741e5579b12895dce221274a7475b64e2d2eb1ef13e122c79e,linear,batch_005,6,False,False,0.012813351242268673,0.09512530565261841
b005_0221,loco_linear,c2384ac13169657d72af7a385bcda7bf20745fa6cafa79d087393b14d9c30ef9,linear,batch_005,15,False,False,0.03937887090151427,0.23345530033111572
b005_0222,loco_linear,4dd6cf4d7aef6b4420c9620794f9b97cd222cffa59176f5afac89c2d56c460d1,linear,batch_005,14,False,False,0.007902945724667095,0.047564685344696045
b005_0223,loco_linear,2d159d18d1b6843d65f2d526f525cc17910ce9b3241535a77fc2161e1c49ce2d,linear,batch_005,15,False,False,0.024233912053655403,0.23670421838760375
b005_0224,loco_linear,aab8e794eacac19879153c39b1af2fd8b5a5e26fe72d203dfc72e92d80c0d24c,linear,batch_005,14,False,False,0.011817033466745595,0.11572558879852295
b005_0225,loco_linear,b990087c9b9dcad7b3ae65c24d23fdeab020c2f4ed1b3012e17ea49839a0c959,linear,batch_005,6,False,False,0.02649419424963779,0.2015124797821045
b005_0552,loco_bilinear,407acae96c8ecf105f6360065d304b9b54c3f9deb44709cb056c989216011031,bilinear,batch_005,15,False,False,0.02182359158015642,0.08411675095558166
b005_0554,loco_bilinear,1dc7132eeee3b00a8b97744d5f7b2ce25ee1e5b9585eb8079cacbd6389068fb2,bilinear,batch_005,8,False,False,0.017750780601970485,0.05640852451324463
b005_0555,loco_bilinear,c2c001202a8c28c746d959710863eac06ac82ced0c8dca50f7a3f84fc3016514,bilinear,batch_005,9,False,False,0.10762789992035413,0.4527032136917114
b005_0557,loco_bilinear,45d31a356d8f8f1e5d58fc21b00971d11967d982e6b69d1b1fb1edc4d8dd75ad,bilinear,batch_005,7,False,False,0.024579482073666618,0.06448750644922256
b005_0558,loco_bilinear,8dbba299246eda7404a091a6f2a42feecd4cf165bb99049313415dbd004b2050,bilinear,batch_005,12,False,False,0.03779984634430682,0.10600845813751221
b005_0559,loco_bilinear,2cb4bf25ab033f514f5e44667253599d752a36c9bbf520e8443d1f27d855f5d9,bilinear,batch_005,6,False,False,0.020844210073596138,0.07897743582725525
b005_0560,loco_bilinear,a0c14c90e07b77c6c0c4c5377737c10363967a2cd05704b676659e7ba7ec8554,bilinear,batch_005,6,False,False,0.013553000082735156,0.04108685255050659
b005_0561,loco_bilinear,cde241fdf68803422b96faca8abdd511d5d30d58431b6b25ab546fefa980ef84,bilinear,batch_005,4,False,False,0.015339980946212518,0.07494626045227051
b005_0563,loco_bilinear,11389e417774581855600f06710b1cd4ca36349c94fb3a618632194acb8bb3e4,bilinear,batch_005,13,False,False,0.01863968958620165,0.07081426382064819
b005_0565,loco_bilinear,e0972ac40e920e243358190ed8fc04ed14175f4d89da09987ca77d21d82e24d7,bilinear,batch_005,8,False,False,0.022904656167890204,0.07821005284786224
b005_0566,loco_bilinear,603ef30490526fd891951527c1bb0e736184bfe7b455224d62dcfb9376a38159,bilinear,batch_005,4,False,False,0.10693610183528213,0.36918867826461793
b005_0567,loco_bilinear,5729b4d5aa7017ff45466114d0231f7b2a575d022e1c888a707cd5b7a43231b1,bilinear,batch_005,1,False,False,0.06136433951190261,0.12601383924484252
b005_0568,loco_bilinear,e6605607f89f69822009cfd6e2c71c4c837264a332d18be582234f009b8b1761,bilinear,batch_005,10,False,False,0.09762581459811477,0.48703593015670776
b005_0569,loco_bilinear,8d0f5ba8fae0269664b49b029a6fd176943cd3ece6b2cde01725c50acf3a2ed3,bilinear,batch_005,4,False,False,0.01616562111455886,0.07236280441284179
b005_0570,loco_bilinear,d685d5a69fcc4bab9d14944e095ff2fe10821a805d30307bca334983eb4bc652,bilinear,batch_005,1,False,False,0.02582070182581417,0.0789269208908081
b005_0571,loco_bilinear,9e0cd19083a3f8979b1ccd5a1e2c94f584cd19b29bb2f8090e1b1f5bdf66f6ec,bilinear,batch_005,9,False,False,0.01864848527751985,0.07402030229568482
b005_0572,loco_bilinear,10f4acd7ecb8c2e4eb0c7c20f62796e37bff40389f067d2b54a6a146446d387f,bilinear,batch_005,6,False,False,0.018729573292810407,0.07613788843154908
b005_0573,loco_bilinear,84f99d131b63c203b08bdf883e7ed257cf5de222b66fe142e0b1ce336b0e328d,bilinear,batch_005,7,False,False,0.023203122811239273,0.14303262233734132
b005_0574,loco_bilinear,4e27252ae3d82a4360b94f87627f1f360f354c1507db9e65fdfe6a6ba4a0266b,bilinear,batch_005,12,False,False,0.02969908870634485,0.0789671778678894
b005_0575,loco_bilinear,9aa939144617450b8ff78176a232017a36512936ea166fd37bdfcd0b6c06d95d,bilinear,batch_005,3,False,False,0.08966036595282008,0.46359007358551024
b005_0576,loco_bilinear,c9d110cdd796a6ceafeac10d508c70cf5906fd1c50d0ee62375671379d46dd7a,bilinear,batch_005,8,False,False,0.011960043770367981,0.08951358795166016
b005_0577,loco_bilinear,89dc962c47ff3e9102e058248e3f47149aad2aa1fc355492045b65bbe8dc3923,bilinear,batch_005,6,False,False,0.025154692423148235,0.09364235997200013
b005_0578,loco_bilinear,298bc4cd884624f9a62a0e52c0cb9ff830158ddd72438575f9104b6cb39ba904,bilinear,batch_005,7,False,False,0.01699247799935888,0.05486774444580078
b005_0579,loco_bilinear,7fb438949d0eb29ebdd210f78203d8d86b230990f1edfbe8821067113fc4792d,bilinear,batch_005,3,False,False,0.016157772208823536,0.06847066283226014
b005_0580,loco_bilinear,d830373e7a1ced5f0e9557533ed0a88e8a96c414e1c1e471729f5aed5590abce,bilinear,batch_005,3,False,False,0.033911673846792,0.26313393115997313
b005_0581,loco_bilinear,a600ef064b2492537add7991e0f84a2f05a8f99aa76db76af216c7c3141b0923,bilinear,batch_005,2,False,False,0.01441815788628625,0.07706679105758667
b005_0582,loco_bilinear,83215b075995162d9b3022bf517a28c6505ef7a5558ec2b43e7af0dada594857,bilinear,batch_005,5,False,False,0.015117432836626397,0.08160690069198609
b005_0583,loco_bilinear,6de7f08e8a097a56902dd07986c4a200ad4750a1829b80436de10e61cac5d4a0,bilinear,batch_005,1,False,False,0.02248958700993022,0.14376358985900878
b005_0584,loco_bilinear,5c145c73b58afdb271e76512b612e9147c6a963d23a9b257eb83d372c5a39718,bilinear,batch_005,11,False,False,0.025932689524087754,0.07118833363056183
b005_0585,loco_bilinear,efdcea39ada92fb72e19ea5a805fb016a3456258854219ba4c971d603cc202c6,bilinear,batch_005,15,False,False,0.015830678040864035,0.036977797746658325
b005_0586,loco_bilinear,987748434d72e8ab0a8da0e2ebbead4e5ddd833420d7222dc4f9fdc6a291d033,bilinear,batch_005,4,False,False,0.015534657435339005,0.10405364036560058
b005_0588,loco_bilinear,36f4a99c3066fb990f86cca0c0c331b270b3b6688a7c0d46818908f1e8bd298b,bilinear,batch_005,10,False,False,0.012525357965563167,0.08126697540283204
b005_0590,loco_bilinear,123995ae2240ad20be0745850831b3b3ccd0dccc505dafe469aaaab595bb5396,bilinear,batch_005,2,False,False,0.014380171064470634,0.04475957751274109
b005_0591,loco_bilinear,e16f2cf138facf560a80735296dc81181b7daa8cc9be2476a364fa46054337e4,bilinear,batch_005,4,False,False,0.01926533990218991,0.07700252830982209
b005_0592,loco_bilinear,542b137ad838f734ed94b3137c68ee0de05921f0ba3bdc057191bc75945d376c,bilinear,batch_005,12,False,False,0.02004449089042476,0.09494514465332031
b005_0593,loco_bilinear,93b3e779e4df531ade2d4c5dc25778afa6c6a7dc1518c32435c97ef04b519de3,bilinear,batch_005,4,False,False,0.02149210454987698,0.05447829961776733
b005_0594,loco_bilinear,79addc25355d96070d9f4dbcd60dc1931137b1d4a972a39eaa234ba0436071cd,bilinear,batch_005,2,False,False,0.11288143767685188,0.44337671995162964
b005_0595,loco_bilinear,65a569119d515e140f05b214bacd08e112b70cb5263b469ddfe2a432a2cc3958,bilinear,batch_005,2,False,False,0.016999906496923477,0.10057801008224487
b005_0596,loco_bilinear,02c5b4cea8a7f8d0326d192e2b3c0b71ed63f83462872432e55bbace86e406ec,bilinear,batch_005,7,False,False,0.07501375792456455,0.4237414121627808
b005_0597,loco_bilinear,f02da7fd0ff215fad2bd931e2104cf90c64bb824879796b47af7303e1361ead8,bilinear,batch_005,9,False,False,0.01804684263760926,0.07219372391700744
b005_0598,loco_bilinear,6aaf3c3aeb09c3ac925f73bf7f2a8b79300f4c219e3eac2b505fcd2d027b3a1a,bilinear,batch_005,11,False,False,0.02947883791610843,0.07965681552886963
b005_0599,loco_bilinear,2f49a3bd3fa1331d4e1e7d5abde19ff5df550d22ea271d2169b66e1022c71b19,bilinear,batch_005,3,False,False,0.024649551168816987,0.0828224778175354
b005_0601,loco_bilinear,7cadb428102b45cfe0b5b97297c1909c1ccde61b93829d3b2589c511d68f5e6d,bilinear,batch_005,13,False,False,0.02524967320629808,0.08016425967216492
b005_0602,loco_bilinear,c2dbab5d9111fca735228a56b75831723834bca2e759024130429f98ffdd2f21,bilinear,batch_005,14,False,False,0.03962160124153387,0.1646463990211487
b005_0604,loco_bilinear,99793b05b17ebb51858110160f5ba6eef1a2801d9958130556332250d90a4d1a,bilinear,batch_005,13,False,False,0.019178949027764992,0.06992628574371337
b005_0605,loco_bilinear,3d2bde91f4b9fbe882b7c627e2f5cbefd515eb7243ad3cbee85aa6abad5e9619,bilinear,batch_005,1,False,False,0.020092910919033112,0.05235456228256226
b005_0607,loco_bilinear,de84f8c7126fb833ed169877af5a41a38106e45915dde3164ec345115b2673bb,bilinear,batch_005,1,False,False,0.0232789228197004,0.10254693627357483
b005_0608,loco_bilinear,857cd921c5c18b9582dd35cc0acb84ae53c5d2e537dcde4cdf39b2231ca10968,bilinear,batch_005,11,False,False,0.02252805658051225,0.06633584499359131
b005_0610,loco_bilinear,494713b2a11c221a4b6b85fd5eac30f91d95e94a024c441a86ef46fe1b047f1e,bilinear,batch_005,7,False,False,0.011754865431394734,0.07970241308212281
b005_0612,loco_bilinear,19211c8e9a928558b42278b7bcb5f34db7246d40baf51c36cbecfd49a8ae5773,bilinear,batch_005,10,False,False,0.026248034883718026,0.07770661115646363
b005_0613,loco_bilinear,f2b0a7e68f99caf7f2d3ac6c08f489be159798eb054aefa7ee5d9ef9d82f12e1,bilinear,batch_005,4,False,False,0.01926211734287074,0.047328025102615356
b005_0614,loco_bilinear,b09af298ce173a113754d7496e1567d734d38c1a79b6d21a61abedb0ab5e70da,bilinear,batch_005,5,False,False,0.029455273366365275,0.07588924169540405
b005_0615,loco_bilinear,7c3398f3899fcf54afc16057c5b72147a5a0c0c02f7b5f99d84ececb7bb5f4ff,bilinear,batch_005,9,False,False,0.023595445761915114,0.08545047044754028
b005_0618,loco_bilinear,13be896e4e44ac5a85142e19cab16be98383db1505cac7322f52e5d316b7c1d6,bilinear,batch_005,12,False,False,0.018794924216192277,0.05578606426715851
b005_0619,loco_bilinear,5d8c1f39b395ba81b7d358a557290bdf32ae9cf9cb146281bdd4160c7f276c7c,bilinear,batch_005,3,False,False,0.0371842444920149,0.141119647026062
b005_0621,loco_bilinear,78c333b8d8449f7cb71078ccb2001a79fb10dd7fac0dfa8c5d8e28861b4d25f8,bilinear,batch_005,14,False,False,0.14251714084969194,0.4178351640701294
b005_0622,loco_bilinear,780c296c1722f5c45bdb236af67debc10f0b3e5b7b288c3ff56f05c77b3b3e74,bilinear,batch_005,14,False,False,0.039190026287172657,0.14330766201019288
b005_0623,loco_bilinear,f8d8ef2ece5e47d43c3cabe11cae3af49653829fe5302425f0d3366d3731bfaf,bilinear,batch_005,13,False,False,0.04124601248834954,0.18069217205047608
b005_0626,loco_bilinear,056a923c812da53b89a1edab52a670b505e384386e4ab3f5da8ed5a3fe4b9c44,bilinear,batch_005,9,False,False,0.013964204905463046,0.0380591869354248
b005_0627,loco_bilinear,be763a3c6d0ede325fa90adf5d05e13e5567759af4146ea3091f059b7325438e,bilinear,batch_005,10,False,False,0.017564344699265527,0.0576653778553009
b005_0628,loco_bilinear,468712e2a2cfa28bbfa96ee8a5051663b180b5f3c9723dc1e5de97f77861e10a,bilinear,batch_005,10,False,False,0.017359486564261013,0.09372479915618896
b005_0629,loco_bilinear,468a1e616ee184e0dc67acb04ea98fdaf974fe33c5906a1d7964bde5e6dbe445,bilinear,batch_005,4,False,False,0.015435058269344392,0.06616721153259278
b005_0630,loco_bilinear,798efcfd823281779200c24b091f02058a25f648672651941fa5febcfd481c6b,bilinear,batch_005,2,False,False,0.015739241730971416,0.07488164603710175
b005_0631,loco_bilinear,93145b855b230772dd90793acbd8178a098b4fc3fff94eb8bee328917ab18cbd,bilinear,batch_005,14,False,False,0.01536547131225711,0.04738844037055969
b005_0632,loco_bilinear,7dfd6001f893fa215975c846a322c29bbc1d85aa2d4d0e45d8f78fe123b308d4,bilinear,batch_005,12,False,False,0.11024096383423103,0.48611814379692075
b005_0634,loco_bilinear,3e4e5cd84a861b9a0be242f81debf7d0bd6cb11afbc53f9171166820dcad98a7,bilinear,batch_005,13,False,False,0.0345451081385378,0.10559887886047363
b005_0635,loco_bilinear,9750cf429e938afbf5521b8bf44ef9e16ba9cbb080b2c0a41989e6a3de161d01,bilinear,batch_005,10,False,False,0.01909761839225644,0.08095661401748658
b005_0636,loco_bilinear,ffb71b711beb2d8ec4ed1e26e5127551d814984115541c7508a0f5a06c317bed,bilinear,batch_005,8,False,False,0.02576918782757931,0.08462283611297608
b005_0637,loco_bilinear,0f1e86c0dcb0319466cc6170ac1fc80e79a0a86f3cec74ed0946ad92c0c9dd55,bilinear,batch_005,10,False,False,0.013845060472605659,0.04516460448503494
b005_0640,loco_bilinear,e1d4ce85ea09b6c71f286c70ac29a33a42548e1db46c9d5c3e010c9f5ac7243a,bilinear,batch_005,5,False,False,0.036638097489466434,0.30463160276412965
b005_0641,loco_bilinear,e9a357d33c601c246d2ce0e18ec430904e386ea9706c04b3583c3133cb4f8540,bilinear,batch_005,4,False,False,0.029244933558292073,0.07885498106479645
b005_0642,loco_bilinear,1a1f3dfe6d82f4fcb62fd24123319262ae3473659b2b7f8391738de83206c5a4,bilinear,batch_005,12,False,False,0.019858511940377657,0.1048313856124878
b005_0644,loco_bilinear,bf783c7386dc8958835f9751e22441e5de75f41d796716a07dd333a689b29b4d,bilinear,batch_005,1,False,False,0.02212831485466879,0.07585137486457824
b005_0646,loco_bilinear,ffe9fa61dc7f9c04875cc36b45b5c957d7781d09c438f3f4d02d874291303538,bilinear,batch_005,9,False,False,0.01725847779727373,0.07146875858306885
b005_0648,loco_bilinear,fd9bd7cc9f4c89ac3e01f5e1bb5200a850b5dbf00515b643c2457dec52232498,bilinear,batch_005,3,False,False,0.019203967442278,0.06745926737785339
b005_0650,loco_bilinear,e7afe4e7545292d2c7cd00be7fbec7959fa856022b4a1d44b2b408a173e36824,bilinear,batch_005,2,False,False,0.017932755243582805,0.09528684616088867
b005_0651,loco_bilinear,5075fdd99ae95f63d6784afd7a0201901a442126623a4b2383ab4f1821791b64,bilinear,batch_005,14,False,False,0.01988106018207112,0.09555872678756713
b004_0101,loco_plateau,cb286dce3fb5e4de9ce7cd24a593b3729810700f461d4dea7e7e806081a6c243,plateau,batch_004,7,False,False,0.011001860900003402,0.03505837917327881
b004_0106,loco_plateau,68a631e45d1432b8c277623aa36bd14caa372804b8363ec96ef67ddc8eb20d1c,plateau,batch_004,3,False,False,0.006552352927258758,0.021626275777816773
b004_0115,loco_plateau,f799b5290dd4072521a7449c1abf33ff526f22f67b776e873628d3cbca0ba783,plateau,batch_004,3,False,False,0.00697130238423582,0.013764432072639466
b004_0130,loco_plateau,2188740cfe38cf9d440c67431f559d83d2a1ce7ae59ca2bedcf02bb69f466e50,plateau,batch_004,8,False,False,0.007434075337941529,0.028245949745178224
b004_0136,loco_plateau,04889ebdfb5784327f3b9088bf6df01afa628294490b202c173ef0b14838e962,plateau,batch_004,2,False,False,0.0065479296274849625,0.019464084506034852
b004_0147,loco_plateau,1fa51a6e404fd88eb385d6766311d069515a32e28126ff01697c509152d5f502,plateau,batch_004,7,False,False,0.011175037114346614,0.024271786212921143
b004_0154,loco_plateau,aac35af72b9a33754898cad920897b67d2af68b9260ad250b7fcaebd06f32dcc,plateau,batch_004,8,False,False,0.00952823560257427,0.02812635898590088
b004_0155,loco_plateau,1d0a46c8f6e17a86034c6bb9d66c4b03d098b69ff514fc02f28ea63be0b42c7e,plateau,batch_004,6,False,False,0.008467419860792942,0.024666818976402282
b004_0163,loco_plateau,4873613114b6d71d3a19feac4e2a6cca6a1aea7cedee70e6461fcb308fcd40a1,plateau,batch_004,8,False,False,0.012882359496882703,0.030553478002548217
b004_0166,loco_plateau,8acc23b2c14cbb42c17a2dcc988fac65c64813d2829e3784719d447b5ed718b7,plateau,batch_004,6,False,False,0.008027905836457112,0.02841668725013733
b004_0189,loco_plateau,83c666a66b41c149f65ddc8bd970a7e25625b9d2da4a74aa495eb63512733e3d,plateau,batch_004,1,False,False,0.008180519694187602,0.031000053882598876
b004_0192,loco_plateau,e59076b7dd3091c6a35a126a9200a5d87d04f635db59270bb6abf483a0ca6b6b,plateau,batch_004,3,False,False,0.008058335522159201,0.023839473724365234
b004_0198,loco_plateau,36b24bbee6d7a71d6d85eb0f4637e3435adb468ab33422dad8a99a2687c94a43,plateau,batch_004,3,False,False,0.006836555959259878,0.011869260668754577
b004_0206,loco_plateau,0f83d6a5c144dfa616333adc1bd57529c0d4b0a6391f6abd2b3df69ae12643d9,plateau,batch_004,8,False,False,0.017370974382416148,0.045648467540740964
b004_0208,loco_plateau,1e7355104cb1bc6623bb84e83c8b136fc6530491967649406726860c46d55882,plateau,batch_004,3,False,False,0.0067659792108613935,0.015423008799552917
b004_0209,loco_plateau,440c0cdd2e0fa5883c06758ead647f3129254dd10b206bf0c4a01275bc82806b,plateau,batch_004,7,False,False,0.010390919349232659,0.021247875690460206
b004_0226,loco_plateau,61bdc1b24112322d60eb9bd84ba71d642a105873858653a3edd7bfe0a5c1b34e,plateau,batch_004,7,False,False,0.0076305188605042765,0.032936596870422365
b004_0229,loco_plateau,af1d00f7a0b787f92bf6455e06a745c2e040b11b6d56cb70a91a0e9bbecca3e3,plateau,batch_004,4,False,False,0.007707839837816896,0.022243279218673705
b004_0232,loco_plateau,c19c313f6ced6796888a79b2f089c97c626a7f821d056d6da34ee52cdd9ede4e,plateau,batch_004,2,False,False,0.008101531912068853,0.02294556498527527
b004_0238,loco_plateau,ab344aa6b1603d38f985e697b8d5e23f92cabe2cfdec495cd63bf30832b339b7,plateau,batch_004,3,False,False,0.00783006427962272,0.03663692474365234
b004_0269,loco_plateau,4bc4fd552a3fec6bec5222fbe2344ba232c661859418bb0be167915721ee5291,plateau,batch_004,5,False,False,0.009736224276120546,0.02585929036140442
b004_0270,loco_plateau,6e734c0ce0d34a99ed4ad267e7228f80d1e1937ed9cfb2a2531b08dd05b3f9f4,plateau,batch_004,2,False,False,0.008051522723475441,0.026700818538665773
b004_0276,loco_plateau,7b18e593b02cd8067d1393f0e63f941e25eff1aa515facc3feca5d594c0b32f6,plateau,batch_004,3,False,False,0.00930949377476192,0.03923271894454956
b004_0280,loco_plateau,99c63bb4954aeef83d20697237d20468a2082dc550b92994ed9c8b0d2e53aeb4,plateau,batch_004,3,False,False,0.008381771149693943,0.024867847561836243
b004_0284,loco_plateau,315251daf704e2ddebf079b4618bac7ddc803651927693240201fda0ae19713e,plateau,batch_004,7,False,False,0.014423594074171098,0.02928106188774109
b004_0285,loco_plateau,538882c9fc437f403f576e9537afa2d0e9d19640d587ec09abf294580a7a5439,plateau,batch_004,5,False,False,0.009586367108782783,0.02586817741394043
b004_0286,loco_plateau,1f1d5a524d03753ee50cb34e15a725be31a3f16360c0873f815fa3617c634af9,plateau,batch_004,2,False,False,0.008679996724011468,0.025778859853744507
b004_0291,loco_plateau,5cb317353c4e3be13450815c4705cf51b35ccbcd7f9d37f0e177ea0c467b5f57,plateau,batch_004,1,False,False,0.007410487422689062,0.031072160601615904
b004_0298,loco_plateau,caa33739bb94bf3e4107ea13ebaefa854b1845ee09a860ac973faad33ffc7834,plateau,batch_004,5,False,False,0.008236868899376667,0.016235238313674925
b004_0303,loco_plateau,de67b515620baea3c5921d16c351e24f283039e6be0dbb711689e9c13ccfdcd8,plateau,batch_004,7,False,False,0.007939036410362994,0.021837803721427917
b004_0312,loco_plateau,aae428a0b7988c9a08ec2cd887e629b34ead9427365e120773f787d5e67957c1,plateau,batch_004,8,False,False,0.010462686761480863,0.02231091558933258
b004_0328,loco_plateau,230d653e29b05c6cac38da6d0de4c13e4f666cbcf2f18fd0f9301c8565cc11a3,plateau,batch_004,4,False,False,0.00613165991228135,0.01349925398826599
b004_0335,loco_plateau,3af73a16bdf592f38afc48342dd2996cc2332054b38bc004699cef76f2f2027c,plateau,batch_004,4,False,False,0.010222618648263276,0.03038119673728943
b004_0336,loco_plateau,b1a27cded5990829ff83324d88a32190c7c9723de6ef9887de3b888774969a57,plateau,batch_004,1,False,False,0.012714244840575045,0.01939244270324707
b004_0367,loco_plateau,c318564675cfb510af8b85e2c440c5474c6897ca4e9cdaf29a6217c1c607614e,plateau,batch_004,5,False,False,0.00931338731382714,0.03660305142402649
b004_0378,loco_plateau,b10baedc312e4d2d36427845a0f1a1cbffe556d2f64623a9674249752d97956c,plateau,batch_004,8,False,False,0.009669766978162233,0.04019840955734253
b004_0379,loco_plateau,c6e6ea944f341106836d770add03411f9b6a1a984c07c96bec5e68fdcf226108,plateau,batch_004,6,False,False,0.0065487865908224075,0.018766261637210846
b004_0385,loco_plateau,1669f1f0995158292efaccb221bf4e371f369d987f6008fc5bbb7afeb0d048df,plateau,batch_004,7,False,False,0.006400023425211672,0.021178054809570312
b004_0387,loco_plateau,09be75b148104dc8d00eb69fe791588c388b9ebb3038b53094e45349b135be7d,plateau,batch_004,8,False,False,0.012898023157823282,0.02571735978126526
b005_0318,loco_plateau,924387d745bc9120e456294ff4a08ad9a1d65425b1cd2775143ca2ab2f71ce55,plateau,batch_005,7,False,False,0.009968976798604746,0.028933846950531007
b005_0319,loco_plateau,800520051cbd61e759abc8ff464d9452f0af7501ab267ce886d3229fe3d764b4,plateau,batch_005,2,False,False,0.007443797050929461,0.026067793369293213
b005_0320,loco_plateau,ef3c4b806db3686e52b040856eeaa178271e38922d72178a07cfb1b60c5a9815,plateau,batch_005,9,False,False,0.007006537963132389,0.02963009476661682
b005_0322,loco_plateau,dfa2ca4229967a5ccb2b1248146a521a8c13b2c9123ed436514968a5b39c468b,plateau,batch_005,12,False,False,0.00961399226159346,0.02729206085205078
b005_0323,loco_plateau,cce3714177813b75d94654611ce899a21ca23c71fe16d59197e83af8d254e95f,plateau,batch_005,11,False,False,0.007731466996865194,0.02573373317718506
b005_0324,loco_plateau,27fb8c31fc60138ca610456685ff39808517e467177b4b76e23ad2cc9ef40e79,plateau,batch_005,3,False,False,0.009260898095662476,0.032354438304901124
b005_0325,loco_plateau,57c15407e4e74b16ef1107b3fd3d0f28bd18e2d5f422f8887bb3ae4f2ee71cfd,plateau,batch_005,6,False,False,0.006666742582790186,0.017798829078674316
b005_0326,loco_plateau,e2760e685a5883648d6d91d72b6f825497ff6177a7ae51fd1d4a4f618192fbd3,plateau,batch_005,4,False,False,0.01335755715787899,0.03788232207298279
b005_0327,loco_plateau,c0f2d02506a33f5dad5fa8e5c65ba0f14cdafffb85f55797608be3df54e8cf61,plateau,batch_005,1,False,False,0.006202499934884369,0.014645212888717651
b005_0328,loco_plateau,55b4a6a2ff50fc37c4d86d31a2943c392e669602f37411c18ea7e0f718c7a49b,plateau,batch_005,10,False,False,0.008060459719329584,0.03835309743881225
b005_0329,loco_plateau,25396912ea3a078cfdcae941ea89787bb0803f1346b6c5c886e75f5af0e4014c,plateau,batch_005,5,False,False,0.009482916945316753,0.024401217699050903
b005_0330,loco_plateau,2d2987c8fa8b70de85851fccd3598561568f323c9bc1e48b9082c225851dca74,plateau,batch_005,7,False,False,0.00595622216580344,0.021818745136260986
b005_0331,loco_plateau,fe117b09b49c597131e2f6e1b8feb5a597f6b009e1fc51e947e1c4258965cb3a,plateau,batch_005,8,False,False,0.010532271190256367,0.04992916584014893
b005_0332,loco_plateau,8ef7167927072aa036a58c5f6faa4277ddbc7c3f91bcb16661ae1d24abac8490,plateau,batch_005,8,False,False,0.005895411455240406,0.024475371837615965
b005_0333,loco_plateau,c3c2056eaa15eef1a5f1836e18a193479b6f32b671a8a83de228a107692ada54,plateau,batch_005,1,False,False,0.006450249572269251,0.027131646871566772
b005_0334,loco_plateau,3bbd10db0ca1e022a95db792674aa00f019fd5856e68ce360feb007d0fe711f4,plateau,batch_005,14,False,False,0.010708431826263177,0.02767364978790283
b005_0336,loco_plateau,0747b020d2d22e1f5e7519b418cc9b8327b7656cbdb5b6a0c84c741abbc0e102,plateau,batch_005,5,False,False,0.007450737230113295,0.01964735984802246
b005_0338,loco_plateau,115982b394b483309f71c61baca7ee9f7623a932a8116d9e7603f0819aecb7ce,plateau,batch_005,11,False,False,0.010401737201409262,0.04434093236923218
b005_0339,loco_plateau,5a157ab2ed0b98a6d23ad8857e1765864193424d5249af315f29d82bd5969aec,plateau,batch_005,1,False,False,0.006971094293183967,0.035143524408340454
b005_0341,loco_plateau,aa391e2b07bdd6168406810253aa95ddc48980e3dc4f63b3df9c1ea6807dbc8e,plateau,batch_005,9,False,False,0.006459444260499517,0.02090212106704712
b005_0344,loco_plateau,6eb77d3cd6491920848da180bb4de9dc6bc0b37ef91bd1ab7ff630ab55038dfb,plateau,batch_005,8,False,False,0.010233636615706272,0.036148810386657716
b005_0345,loco_plateau,a300e398fad1a0e6431c0978a839d6f5ba716e8b388e8dda603311639de6f280,plateau,batch_005,4,False,False,0.006358359973938739,0.02240169048309326
b005_0346,loco_plateau,64090025074679c6ba642a06fb71e932babe2025b967ef6f2f6b1d8f5ad03bba,plateau,batch_005,7,False,False,0.011217986865610373,0.04705747365951538
b005_0347,loco_plateau,f351afe68d58358a3632f7f01ae10c313d89f47accf5981900e558140d1bfbff,plateau,batch_005,8,False,False,0.01670752441296812,0.02953481674194336
b005_0348,loco_plateau,9047f61e8be36c807011000fd79892f9747fc9f2b5d36e0905a12cc71cf27077,plateau,batch_005,5,False,False,0.009170605168967949,0.041242146492004396
b005_0349,loco_plateau,c30ce3c339ea2d458d6b92c6a2de60810ca4393b4b9c7acd9f3e78a68c60481d,plateau,batch_005,8,False,False,0.010839457583964849,0.04820607900619507
b005_0350,loco_plateau,1023f3a6c18df8c4890c9d45fa6b65adbbc9733ddc3561c3e25572947e28011e,plateau,batch_005,4,False,False,0.009237279010112167,0.03171547949314117
b005_0351,loco_plateau,f915d37994404288414823d1bbb6b5e3931c9ad94ae24b67272d3c8362d85400,plateau,batch_005,9,False,False,0.009944147677695164,0.04335564374923706
b005_0352,loco_plateau,5f0ae19a03996e46eda8c90413fc45b8985b85b82d4f47d4a22a10847efdc7d4,plateau,batch_005,8,False,False,0.012976699432388683,0.03295996189117432
b005_0353,loco_plateau,05e5a33d12166760b02827e96c5a0446d2d46d0bac028f2a76145a206386e918,plateau,batch_005,6,False,False,0.007909341596189093,0.03756197690963745
b005_0354,loco_plateau,fadf7a0b5c1bc2a8d8355725a59dcbd92af98cb7514eabc127842f5c4b4bef47,plateau,batch_005,8,False,False,0.011889112093409555,0.04147810935974121
b005_0355,loco_plateau,4d85219246b5dad59cb85d9fa3c1936680c4c9ef047c5cef4218f3b15c1e939c,plateau,batch_005,4,False,False,0.010972138115617095,0.01285732388496399
b005_0356,loco_plateau,4d68bdd50ef81490f46d2a8e1897ab3bb663920d094e1cbb0b28ba7113382e88,plateau,batch_005,2,False,False,0.008724028458360766,0.035777163505554196
b005_0359,loco_plateau,4c1573f83055d1187f7f6cd3d9baae0038086645d81eee72897606cc9d5c570c,plateau,batch_005,5,False,False,0.008924073634333295,0.034537744522094724
b005_0360,loco_plateau,686bd58ef008dcf1a1a7c6f4d10f2f843038b4350a135434e4ccc66a580f0f5d,plateau,batch_005,8,False,False,0.007031767363431024,0.02581002712249756
b005_0361,loco_plateau,96f4761fc6c8f7f70f150f08d1184ebb6ce1b5aaa442426bf462bb08296c1a3b,plateau,batch_005,8,False,False,0.014273686792518272,0.05758615732192993
b005_0362,loco_plateau,1afc1c036950d3674b72ba96e3a3beaf89086ebc191f828798460411f6637095,plateau,batch_005,14,False,False,0.008481155164906235,0.027030593156814574
b005_0363,loco_plateau,c4e17a05dde40f17497a58db0f20c7fa3893089c99b4e61d2abb1683d73c2708,plateau,batch_005,3,False,False,0.007222855921651497,0.018106377124786376
b005_0364,loco_plateau,f789b385523cb681d859a20015bfbe6406d3d1a4e0993fd9931fc56524052232,plateau,batch_005,7,False,False,0.011085369352434501,0.028811120986938478
b005_0365,loco_plateau,bf0f2b2de55694fffbc786504dd644ea825c40182b9b220d53b89c8a37ed6c50,plateau,batch_005,2,False,False,0.00995561851829779,0.035911017656326295
b005_0366,loco_plateau,ff9baf0d1ecf79479db89955f4239351d1d12145c830cf12c7c6743740bef107,plateau,batch_005,1,False,False,0.012063942043507686,0.051766467094421384
b005_0367,loco_plateau,55ae06c4d49e4f4bca3994c646b4a4477cbe684a94491baec3ccacaf8913cdc4,plateau,batch_005,6,False,False,0.006175185459070519,0.02224276065826416
b005_0369,loco_plateau,3d7c1523d7f7a701ba8c8c8653f377b8bce5dcb75dd5e777fc37ea2547a10cd1,plateau,batch_005,11,False,False,0.010627010415812007,0.0437624454498291
b005_0370,loco_plateau,02430a0e963a0b380b2bc0d082219d1cf06081fa567fed08f912ffa7dfe10051,plateau,batch_005,5,False,False,0.008072151561252405,0.018560385704040526
b005_0374,loco_plateau,e78a3e8bf3a5373c93d1d439c82fbdadf0d6d220b3240b14bb5f3bc3f6e4f09a,plateau,batch_005,1,False,False,0.009346251409561907,0.024350866675376892
b005_0376,loco_plateau,e2cf5195bd63a11d9d1ca2e66c51888dcca34e1ae84251c784a18a3f37096e59,plateau,batch_005,3,False,False,0.008679795863687013,0.028165632486343385
b005_0377,loco_plateau,3f7f8648f1cca1b0bde98bd8dd3709da82b522777e245fb04f2e547d74fb458c,plateau,batch_005,3,False,False,0.0075482614216257305,0.025720083713531496
b005_0378,loco_plateau,046e2b649304ef7368e59229d0d93e66e7a45cef80450c188bed4c2d3d1fdc8d,plateau,batch_005,11,False,False,0.010807524059639603,0.028287315368652345
b005_0379,loco_plateau,1f409b6e03f9441ff3c5c3fc66e0db956031025ffca1702ed23e99238b6229c9,plateau,batch_005,15,False,False,0.009224291512223542,0.023146915435791015
b005_0380,loco_plateau,9373bd39ad3438c8b68e44ed9913af85cc6aa4598a1d16ee56e8aa54d6b7e8ad,plateau,batch_005,7,False,False,0.0068254877187189505,0.02044999897480011
b005_0381,loco_plateau,69369739915ea5865caaa0a97202deb36c3f5d9d99624a932280b9ccaec1ad7a,plateau,batch_005,8,False,False,0.007450912624108986,0.01841394305229187
b005_0382,loco_plateau,2d2b38ecba4efd0196a13bbe391dd3bf0713ebf5519032458d2874f9b5b799ea,plateau,batch_005,6,False,False,0.0053592539224468294,0.016566872596740723
b005_0383,loco_plateau,c3f96572b536df535317375fdc5e4706ac369468646788bb728a81d80ebbf8cd,plateau,batch_005,9,False,False,0.017808274894219926,0.04212394952774048
b005_0384,loco_plateau,4f787d72c2991ce6d0932240e622e61affe479a7fa2dd35ab8bcdc5923ff28ed,plateau,batch_005,13,False,False,0.014393516300154513,0.06309436559677124
b005_0386,loco_plateau,301947d5dbc16fbb140de6b8a02a472b8129263d9f0a15b48f047dc956897100,plateau,batch_005,8,False,False,0.009858009341310283,0.03536325395107269
b005_0387,loco_plateau,8de22ed78a2ba566ad5d579cb268e029471143e2f0356e36c926f297c636ec17,plateau,batch_005,1,False,False,0.011807630998922177,0.03954775333404541
b005_0388,loco_plateau,7018dd5a29322b02c1632cd20271bff3ce888a19228aa52114aa77b9400eb91b,plateau,batch_005,10,False,False,0.0073570085109257305,0.02924988269805908
b005_0391,loco_plateau,befff6f241f67d94d7753d00fbb0c58bb90217d18320366e8efddcc6b98d1cf6,plateau,batch_005,7,False,False,0.006917042297418,0.022779369354248048
b005_0392,loco_plateau,c8557ed9f63b99ebd2c6c477e7131c72de41dc16fb5e94bfd97d94fa611c210b,plateau,batch_005,10,False,False,0.009194163855959158,0.029451560974121094
b005_0393,loco_plateau,93eb3bacea701426087e75941806b407760420360c2377bbc814db1682f2a1d4,plateau,batch_005,5,False,False,0.008688616850337044,0.035825598239898684
b005_0394,loco_plateau,df92d1d4b0476ec691828cb2651348409e75a7cc4379821060d4a774189be132,plateau,batch_005,9,False,False,0.011842241101577633,0.052180039882659915
b005_0395,loco_plateau,83ecfc111bb85fd355498ca7b8a4bb47c26e405c679f3515a1aafc4d7cefab6c,plateau,batch_005,5,False,False,0.014494334771984913,0.030081230401992797
b005_0397,loco_plateau,c8766140f84f514dc30d7035d42f2067f8e50cef0a1eee335dbb302ad43b3441,plateau,batch_005,1,False,False,0.00944496911080157,0.026027166843414308
b005_0398,loco_plateau,c5312b8757553a4ab6a18f87cd43e9086663093a1069e7c08549a0cd2de261d6,plateau,batch_005,13,False,False,0.014398019333354762,0.023574531078338623
b004_0121,loco_decay,30a102272a3396c9abbd3d36718e76aab52a043782d7d6c1532a31dff6e1428c,decay,batch_004,6,False,False,0.010791812568414407,0.026119309663772582
b004_0126,loco_decay,61da8ab883e7cfa91098414b7b0b43fd2716036442ee03b0d82244019564a380,decay,batch_004,7,False,False,0.010458170097382343,0.03689960241317749
b004_0148,loco_decay,101170f672ceb19198d9407cdeda56220d64f856fdbd8a678e89dd06de8b038e,decay,batch_004,4,False,False,0.010356908254936093,0.02448248863220215
b004_0156,loco_decay,291c9d9acf36a52ad07c9b9ca50c6d77b619535b7770ee020a4e66bbf3b0b9db,decay,batch_004,7,False,False,0.013308537494940837,0.03995534181594849
b004_0177,loco_decay,63d17ae153e7898ce798f59ce43f29f7f51e3dc23ed00b74fdcfa27a86f982e4,decay,batch_004,2,False,False,0.010002239463759251,0.0180473268032074
b004_0179,loco_decay,b35f549571b49f732e7280520e29dc605b1c665bad5fa4a4a2e42b70c9c90250,decay,batch_004,5,False,False,0.023912979637990234,0.06077828407287598
b004_0180,loco_decay,5848272dc5b6f5966215ae66dde63fac833562f6e8da07a59e083ab7f935eb77,decay,batch_004,3,False,False,0.009493884761802485,0.02247612476348877
b004_0182,loco_decay,fc45471f0e17137351abe0b802637e7b5c2ba7df508ac4e8c7ea92665785bb68,decay,batch_004,1,False,False,0.014086855532693083,0.04191404581069946
b004_0183,loco_decay,378b7b0bd60b52352d9b3c53069cffc33fa90cd2e76b9a6840a5d498c6f5871a,decay,batch_004,3,False,False,0.008997514917225133,0.006770515441894531
b004_0186,loco_decay,a29983c7f78e308b30aac78cbd69f279ad4a1df6841ac1575173db27c7392c22,decay,batch_004,8,False,False,0.00913058106527954,0.04664229154586792
b004_0191,loco_decay,e9502ed606e64f72d2fb4a0aa3f8663db4f86831fb19ebdc53d7d5f33c23ffd9,decay,batch_004,5,False,False,0.009743677372815179,0.020727479457855226
b004_0210,loco_decay,3d3a6ab69f79a2659fa06a42d53a1c5d2a8174c53d3d6daeb381a53ad9cc557f,decay,batch_004,4,False,False,0.011763751286952224,0.026764106750488282
b004_0213,loco_decay,3f812ad4f3820bf20239792631745f7690fae631ac7d3e914d12229dc5c9d7d5,decay,batch_004,8,False,False,0.010748223227555635,0.019413912296295167
b004_0215,loco_decay,f91b3f9c8bcf6d125d533a526fc1a51f7e3f98fbda97e08ff6774775166ec40b,decay,batch_004,2,False,False,0.011747390007386442,0.02974412441253662
b004_0217,loco_decay,66357ba7bd60440243e0daea7860989f9e4ec1986cbc2398115f0422d37c6621,decay,batch_004,2,False,False,0.015861055499217548,0.04412436485290527
b004_0218,loco_decay,9a0b734cf84f061f8501ecea675c2ac08a6a5e347766711f6bdafd630bcc5e15,decay,batch_004,2,False,False,0.017579164954482532,0.05049197673797608
b004_0219,loco_decay,2d5ceb99c115af2608911c8080fa318db8646866e22df6454bb909eb1437cf43,decay,batch_004,7,False,False,0.013059209629160459,0.0365680456161499
b004_0220,loco_decay,bfb61d2b641adb708cba87688728dc5266d29f2190761027adcaaf23934e0e8e,decay,batch_004,7,False,False,0.010555676554070144,0.029143959283828735
b004_0224,loco_decay,6f1fa828f68e6b92735f6d21f47404586c7fbd13996c6d582f64470d3cf2b167,decay,batch_004,6,False,False,0.01048203267034937,0.024939072132110596
b004_0227,loco_decay,7ad4917ba9636bcf89f650076432771d3df7039c9bf68144eb699cd150f4aa4c,decay,batch_004,1,False,False,0.012306946564893253,0.022917571663856506
b004_0241,loco_decay,95c1e320468969438799b0e31311a9a4d1eae082675978a0a94c7acbea69dd5c,decay,batch_004,2,False,False,0.011574573350734398,0.018298065662384032
b004_0242,loco_decay,f4eb8ad8617aba5bdf6ccfe1f96bdfce5ee1b4a07ac2674ef1580c84aa118140,decay,batch_004,6,False,False,0.02392369293775715,0.0570071816444397
b004_0268,loco_decay,128fddd5ab63f0b4d9d07f28e755e02223759ae3d0bd18396ae81b551e51e69e,decay,batch_004,6,False,False,0.01462369014005192,0.04458135962486267
b004_0272,loco_decay,d6c663316c4caded542ccabde3e270020acaab3865435997a9828753e0e9d676,decay,batch_004,3,False,False,0.01158444329363401,0.01951182782649994
b004_0279,loco_decay,7f2798156211f043c732f81528f597ccc18b90b3151bb9e42b308144d8fe7bdb,decay,batch_004,7,False,False,0.027716017453396906,0.06869003176689148
b004_0283,loco_decay,7245f11cf1a3db6f0563ab53ff16ef4cb236ddfb850a21c59c8a445173ef20fe,decay,batch_004,6,False,False,0.014882728115457003,0.042156434059143065
b004_0287,loco_decay,8cff7a576da5cbe47cb582bf1fe9c9ec41fe54df8ee2180c033a2203e63e2ee5,decay,batch_004,5,False,False,0.009135329650073755,0.014759746193885804
b004_0288,loco_decay,895f03782bf5067b0f7af9727a87554203990d13705c61c00cea5e9d19b76f67,decay,batch_004,4,False,False,0.013220955993308395,0.03486225605010986
b004_0294,loco_decay,a86372efe31bef78027998c6564a1cd9ca9d1d31b7fb63dd6750ae10e7f4ba3d,decay,batch_004,4,False,False,0.00822895941187124,0.013376367092132569
b004_0304,loco_decay,b5cbbc20a7616faf9a5939afad1e875f21d9eec9a639a33502f0744f0ff18b61,decay,batch_004,1,False,False,0.026748055903637998,0.07772898077964782
b004_0314,loco_decay,96de7e849c6e997734d18c8e928b7dca710c5e6583e86ff298a5e641236a8280,decay,batch_004,4,False,False,0.010586598735363757,0.019144520163536072
b004_0321,loco_decay,ec795731311f6e65bf047ffc05fce4ae42bb0e6fce66d0b2c499ac178bb5bd32,decay,batch_004,1,False,False,0.015404176321186003,0.044491124153137204
b004_0322,loco_decay,690633118dd511249e7ef30433922599ef0416d491d04dc0d4d0d4e165b4d702,decay,batch_004,3,False,False,0.01565803973401179,0.0454538881778717
b004_0325,loco_decay,d1405240684a931097f53c86ab8c505c25fb365a36e72120b0c50dcdae08fd8c,decay,batch_004,8,False,False,0.011458201242274927,0.03498193621635437
b004_0326,loco_decay,d300d43a58f195c1b34320d188d7cb20eba24b0b576bf6439575bfe91019daa1,decay,batch_004,6,False,False,0.007599634078682446,0.018708580732345582
b004_0346,loco_decay,9f8e31196d54b29857e91fdab0eef61e9a24a4da1ceaccd3ca2b4dd0f7d6f485,decay,batch_004,4,False,False,0.009199852777309104,0.013562941551208496
b004_0347,loco_decay,47385c77d7bfa6f2c4828ab53640e0363aa16aec0d5c4f823f92b641f215c478,decay,batch_004,6,False,False,0.016675284162896577,0.047553032636642456
b004_0349,loco_decay,8f9374fff26d0593a9f05186efb5835e9f37d3bf6cc53fa9b152066c7127d0f7,decay,batch_004,8,False,False,0.012224374784797919,0.026077771186828615
b004_0358,loco_decay,6cc6ba80551241b528f1e948b554c1e7404c051f6a775112c9e17f7882fba545,decay,batch_004,1,False,False,0.014649422833176908,0.031354159116744995
b004_0362,loco_decay,bab159a4955746217fcb62af18cd1001a58c5224e538c89707fff60cfb1892d1,decay,batch_004,8,False,False,0.01222207145612748,0.05985007286071777
b004_0366,loco_decay,993d57e6515488040446a288ac166f3717225826f8907e6bce87a17227acf595,decay,batch_004,5,False,False,0.023462676122540334,0.06146388053894043
b004_0371,loco_decay,cd2a9bc2ee5cf16219e908293ef5e08aa6e63ca2079958cbe0dc46fdd6a6414d,decay,batch_004,7,False,False,0.012729136499225116,0.029490000009536742
b004_0373,loco_decay,4956921c237c5b489848164db44a8447a9bb094a196e282643961469c43aedf1,decay,batch_004,4,False,False,0.018565176158654887,0.05032998323440552
b004_0381,loco_decay,b2cb03b83c818e001935e972727f8577b12b02770486bcd79bbbda365a52c8d0,decay,batch_004,8,False,False,0.0084578170151007,0.022839283943176268
b004_0390,loco_decay,77931b22aced13cdf5d2634e93e4e636933c6fbe25916f5ba789de08ef1ddf7c,decay,batch_004,2,False,False,0.008614566433625143,0.017275726795196532
b004_0397,loco_decay,80ece4b4053c7c74da3352f869fd5975db8c580a7e6ad87a68125deb5e55bb73,decay,batch_004,1,False,False,0.034150876471253686,0.08924607634544372
b005_0399,loco_decay,29af939dcb2d879036daa6c3a62b2f743f433abb26c647eec7e19926f25e3a14,decay,batch_005,13,False,False,0.011251175647876302,0.03890753984451294
b005_0400,loco_decay,2220e917bb2760af8ccfdb83ce70b1dd84cf1e300fe879b2e0a9ac83f0c5ae94,decay,batch_005,9,False,False,0.01340291666202858,0.026031494140625
b005_0401,loco_decay,97505708c1378afa896405aa18d250a1bc5b4bec50b1dd066a8e0b228ba461f1,decay,batch_005,12,False,False,0.00955033773770098,0.028451043367385864
b005_0402,loco_decay,17e7b5f44e118cd671356d977ac982ee3340104068231521dbd0e05bd08d9d55,decay,batch_005,9,False,False,0.013915566562629138,0.031214809417724608
b005_0404,loco_decay,ce3253f7dc252f4af60bff6bbdff8f1ea834ff4522a95ac8cf44fd749ee94620,decay,batch_005,4,False,False,0.02394636312469107,0.059568583965301514
b005_0405,loco_decay,3381dfdea25eaecd96c52019d88831b1a55b65b423522994dc8dc71c023340df,decay,batch_005,11,False,False,0.015841239251074245,0.03179898262023926
b005_0406,loco_decay,c81898ce705c4adf3646b0d4b230c74c7a381a34389f3127244178791a67723b,decay,batch_005,9,False,False,0.015081613474204891,0.04180179834365845
b005_0408,loco_decay,85cbbf4da64ccfe806ffe79a6dee657abbb786ffb97266d70612143fd2185df0,decay,batch_005,14,False,False,0.01340532537366523,0.026969563961029053
b005_0409,loco_decay,5b4c78e07f71707909bd809d9b72d4681e1d8baa3969b80a005aacf160f06c55,decay,batch_005,2,False,False,0.012188654820450017,0.016184675693511962
b005_0410,loco_decay,d17f4480762c9413a82e86fcae1408a69a708b23716b0a3c3abc790a2cf75f88,decay,batch_005,11,False,False,0.010883407294750215,0.022030448913574217
b005_0411,loco_decay,d6154c1437fa38a5bc225122d9f1e75f4a73d787c8c3d3c0af8e3421400bf707,decay,batch_005,9,False,False,0.014166086252595559,0.029804712533950804
b005_0412,loco_decay,d2b1d19d9d08d5149496ea1502e3e4e27738fb1a6016caa1a534c60fc8ec90d9,decay,batch_005,12,False,False,0.01527446400923807,0.030852746963500977
b005_0413,loco_decay,f478ee4902a94dc6260c097a05a9680eef2cca45e102948cfc3e6160fe5bc972,decay,batch_005,9,False,False,0.01676413578088166,0.01837725192308426
b005_0414,loco_decay,84f60296c564306ae630b3baebf68f3cdc1466ba819e0d8ddcc29f6ee3565ec4,decay,batch_005,9,False,False,0.013329860910040434,0.02364823818206787
b005_0415,loco_decay,13a09beccfb66deda353d1d3457ab91d15d75096f152767868838d13377f151b,decay,batch_005,11,False,False,0.019898869317086017,0.015202224254608154
b005_0416,loco_decay,cf5264c1e28ec7397855251c4433a1bf1ac27aaff7f04d32ef93f7fbd18f2a06,decay,batch_005,15,False,False,0.021470366051939666,0.025071465969085695
b005_0417,loco_decay,ded516eb178d9489a52a05d46fdf35868a9ea964561765ec6fe56dc06cd7f97e,decay,batch_005,14,False,False,0.014092355380292798,0.03516682982444763
b005_0418,loco_decay,4d9f9d4e98b9d2f8645bf090c11799d3e1e84000120e994c22feac79c212bc58,decay,batch_005,4,False,False,0.009395883904128778,0.023688101768493654
b005_0419,loco_decay,e33904937fecfe134ea18061aabbb054e907542289c9051eda379c3496deed6d,decay,batch_005,12,False,False,0.022833351815333133,0.021464049816131592
b005_0420,loco_decay,dd8372b01459f0ceb63fbace9cbd8f4494c9d0a32d21e2c55a8e39c076a6d863,decay,batch_005,5,False,False,0.01844635740166805,0.015678587555885314
b005_0421,loco_decay,02b4a503a97fd7ac82ceaff2939889ef9d5cef5693117754cca3a3ac5b23b427,decay,batch_005,12,False,False,0.016046821582512777,0.038833463191986085
b005_0422,loco_decay,8bcd37add6344883e4563f4d6caad01eb0461a15f44ae0e975f618e7af991186,decay,batch_005,3,False,False,0.012911209586213848,0.020434218645095825
b005_0423,loco_decay,e295ddb114bd623b2674e453b1c6267e261edf81599464ce5355a21482a7732c,decay,batch_005,6,False,False,0.018838464920638037,0.031341052055358885
b005_0424,loco_decay,e7cb57a9b6a6af1ff6c57e46aa470e4d06ee1d6c462f5f7e5b8c920b3c3764ce,decay,batch_005,1,False,False,0.01604100915252185,0.012360942363739014
b005_0425,loco_decay,054bfe991b8dcbb9004538c85245c6c026f4adf72cc92eb308e0e18bc6f3daaf,decay,batch_005,5,False,False,0.02105412248705254,0.05565179586410522
b005_0426,loco_decay,252bc691b7cceec9a1bf0efb85947392dfac75f23ad6f631b8cc0002e7d2df46,decay,batch_005,7,False,False,0.012120927210713995,0.023770439624786376
b005_0427,loco_decay,919e8e590c8eee39d9ce3ee2b377471d0b82f6f08019be608a0efc8ff2e05213,decay,batch_005,5,False,False,0.022620385885238646,0.010247367620468139
b005_0428,loco_decay,4fcd0a4398aa5e3ac667a15e3e8b3c68412cb4f390fbda8ca453a46762813d42,decay,batch_005,10,False,False,0.0123251880045797,0.021725392341613768
b005_0429,loco_decay,0dc1a16c83538e6d1ce96910cbc23934bdd8fc8bd77b5aa4c0ba9b7be8e8e54e,decay,batch_005,6,False,False,0.01562125599775158,0.022268766164779664
b005_0430,loco_decay,c0fd1a13c38e4ca601e78a65e7e868363f0aa0669d55227960a9ae12eb43263d,decay,batch_005,3,False,False,0.013835646089960319,0.017750024795532227
b005_0431,loco_decay,b9dcdd69e48e4822ad86d6598999a2814459383bfc207e81cf4dc8179da6529e,decay,batch_005,9,False,False,0.021936634622636387,0.0425662636756897
b005_0433,loco_decay,1ffbd011de487272684bc73c7545e4a2a50ef4c3b3c5cb2e4f7e3320d61bac0e,decay,batch_005,5,False,False,0.007767382996981262,0.01891530156135559
b005_0434,loco_decay,0488a71fd3f979045391a11e116a950e2070e3427f7335aa7b9a839a902595d9,decay,batch_005,1,False,False,0.01322967730096129,0.016996127367019654
b005_0435,loco_decay,ee4c9499d8778064aac537b4960bfc1032d40a4b0e5f663211bae84ae09daf0d,decay,batch_005,1,False,False,0.007048349986310864,0.014474087953567505
b005_0437,loco_decay,691ecc73055a075c853c2f1c567bcb840b0e99b35b7b6373e523038a357136bb,decay,batch_005,13,False,False,0.009255927385853938,0.027379989624023438
b005_0438,loco_decay,bfa1c64d18eaed88abd387847e3ca44217a4c07bcc985084e022eb150ce2aa56,decay,batch_005,5,False,False,0.014062778969280054,0.04742582440376282
b005_0440,loco_decay,b544416b8994459cad13d4d18a685ce262719377577c8ee5f7e2eb8dd27b1089,decay,batch_005,10,False,False,0.014274120623948144,0.025909888744354247
b005_0441,loco_decay,2dc24c06c91693e7f8dbef9bf8b940c65a68f02010361ad09643709704ecba20,decay,batch_005,1,False,False,0.01505126708843669,0.042735570669174196
b005_0442,loco_decay,82a20e407e845b70761b9d457851513e0df4d4187e7fb6c7c7c6ddb29a7f203b,decay,batch_005,7,False,False,0.00887836037112064,0.025032413005828858
b005_0443,loco_decay,b1609469442279d7add11365d0e0d6f6f38ed5dd2089f668d9e6499144462ab7,decay,batch_005,13,False,False,0.013870668166973552,0.035081100463867185
b005_0444,loco_decay,469a21b59f3d824a3cf30d19084c14ae6a95a99fa4f7f8658fa9bb6d35553ddb,decay,batch_005,9,False,False,0.015445557114530781,0.03808538913726807
b005_0445,loco_decay,fa5c8bbc6db9e9e66f18baa018656f9212d6adc4afdf90fe73c9f2dbc1e30f5f,decay,batch_005,7,False,False,0.017971656654701858,0.030743944644927978
b005_0446,loco_decay,202036021246d720fe2a7f7841c0d6b894380850911393c9a5c3973952d7ea29,decay,batch_005,9,False,False,0.017445736146364056,0.02567259073257446
b005_0447,loco_decay,ca755087f4b97e25ed1c972dc67bad2fd77b9f35d2230555c1acfb552695272f,decay,batch_005,1,False,False,0.055177105450239336,0.11172510981559754
b005_0449,loco_decay,7866277d029f18e4fcb845ed093b622f07e6c7a81be4cb20c071f93b40853d06,decay,batch_005,10,False,False,0.009738376052653203,0.02806098461151123
b005_0450,loco_decay,2c46a619740836f5425720a92322e6d3db1fdc7bc08d023ad34e7920cf924625,decay,batch_005,13,False,False,0.00976066755466774,0.030171853303909302
b005_0451,loco_decay,53db944e932d2651a2d98e35aff1ae7f928a7106e65d5e01136fd6c3f1a6d354,decay,batch_005,4,False,False,0.01035930582734405,0.03158447742462158
b005_0452,loco_decay,fec5a8df21a5aa7f93e6ebeb890cbea0307f3a70ff24005c29776486ad21dca3,decay,batch_005,2,False,False,0.013966980796368397,0.02257593870162964
b005_0453,loco_decay,fdb037104f0ae362ad38a92b080188e2855d1a04befbb347472ccce8ece10fce,decay,batch_005,13,False,False,0.013924282422808349,0.023616230487823485
b005_0454,loco_decay,60df0e400c23c216e6ed8b60c49bd63f10d98bc424bedc419931657a5c5aa207,decay,batch_005,15,False,False,0.013192291728785782,0.03589501976966858
b005_0455,loco_decay,73f1a60d00844e8ee36bbbf33e00600564e58f82fa0bc78b1cd531bab36a32dd,decay,batch_005,13,False,False,0.014108492995871871,0.024493372440338133
b005_0456,loco_decay,c95f4e2d5a9c224a7f11e2c7d93939cb47829ea818b6be5d726097f266a30e1d,decay,batch_005,8,False,False,0.010044341497733944,0.016239726543426515
b005_0457,loco_decay,e15816304e566d35ba824cc55d5aef9fb90f89af7c1f0ae39b701de01cee7d7d,decay,batch_005,5,False,False,0.015796661279240592,0.03521357178688049
b005_0458,loco_decay,ab57ddc1047e61d10f89c18e9e87d42587cf7409c2d17c3fe83b05b082d3654e,decay,batch_005,5,False,False,0.02045923583820218,0.022522586584091186
b005_0459,loco_decay,fdfde42e4c8471662d3e48c8d2e8761566d9954d64f874468a21d148baeb1c48,decay,batch_005,11,False,False,0.017265191136813553,0.02026137113571167
b005_0460,loco_decay,1c7c87ab98ee8496076ef9a0ec201f38dfcb8d57f1d17813a9377e1fe6fa2ae9,decay,batch_005,2,False,False,0.01374887628633468,0.025465679168701173
b005_0461,loco_decay,dd8ad745fa0f72788feac133a6238441b9a320bd9abe49865daa5ac9ea6c943e,decay,batch_005,8,False,False,0.01617597991325816,0.03922547101974487
b005_0462,loco_decay,1839ff753e2af8b05f94523969928dafe69e17ae43c2ade51dcc50dc616f4c7c,decay,batch_005,12,False,False,0.014788052683970968,0.02582799196243286
b005_0463,loco_decay,70ff38c87d40d6d0120b6f897fc471fa2de5e77a720e7326c428c3d156930b8c,decay,batch_005,6,False,False,0.012839855717830969,0.023216474056243896
b005_0465,loco_decay,28c50cf66c6782cd5efe39890b476705f50090c5a7292cb4ce64468d67d234f4,decay,batch_005,10,False,False,0.019527273270927493,0.02008873224258423
b005_0466,loco_decay,1e42be0b78650b2c42b746b888da73fea01e0d1922a50f4c147422990c7bddd7,decay,batch_005,10,False,False,0.01271715782216338,0.021457922458648682
b005_0467,loco_decay,a945fd572a6a5ede16eb6a422a51822e6239b349680df7644107f5590534e995,decay,batch_005,11,False,False,0.015927216654918232,0.02702641487121582
b005_0468,loco_decay,f3eb776fb200e3f745413d84213dc264f367b8ab15775c3e8f54a754f653b4ec,decay,batch_005,11,False,False,0.02295928704934042,0.024957406520843505
b005_0469,loco_decay,1c0d43c57dbd156988afb9e8f33aee374d202e1bfb63d7cd9e0e681735516030,decay,batch_005,9,False,False,0.018133543285190082,0.030952346324920655
b005_0470,loco_decay,45a84a777233c4357a356618293b07b63e47a3c156a8edf9d8494b7453ce75ac,decay,batch_005,3,False,False,0.023750417349768467,0.052839070558547974
b005_0471,loco_decay,bf2a8ddc3a6b281fa0456d6f6c8744691f53aa84e1fb4dcce1787ed184d39650,decay,batch_005,10,False,False,0.01012552761640705,0.01857866644859314
b005_0474,loco_decay,e3c79d0c3b4c71b9d483e94c91352448c6f3ef7720579042f8dd0b155e014533,decay,batch_005,4,False,False,0.010404190079110568,0.014229691028594971
b004_0103,loco_perturbed_iso,8b22d1708b4079c106d004f816bf553840050bec714a6bf56091a5b99886e6b0,perturbed_iso,batch_004,1,False,False,0.007757229467884439,0.025008338689804076
b004_0104,loco_perturbed_iso,f00494fe132f6b9b03292213294874c2b848442de2b780962f426a230d9a4d0e,perturbed_iso,batch_004,7,False,False,0.007506334439652866,0.024273681640625
b004_0108,loco_perturbed_iso,abc2a324052c3cc3087ab4c4f1450de0f8e15905ddd485eb459d9c3e9814ccb3,perturbed_iso,batch_004,6,False,False,0.009186510179863602,0.030554986000061034
b004_0109,loco_perturbed_iso,debd7c9185ab510edd681c5997c11fd8429f9ca90c57068d8fc1fefbcb7d1950,perturbed_iso,batch_004,5,False,False,0.009095056354999543,0.028903776407241823
b004_0112,loco_perturbed_iso,55169dc8ab509ed728dcc7f019e72514bdf39e40522ea35bd611da45b2990993,perturbed_iso,batch_004,2,False,False,0.007268337062636359,0.03538222312927246
b004_0113,loco_perturbed_iso,57d0e617f5b2708a27a04e9ba68f0d28647cbc8c1289427576ce1a16d9c48449,perturbed_iso,batch_004,3,False,False,0.006533482744068396,0.01781938076019287
b004_0117,loco_perturbed_iso,a983c651dd2129dd7267dc748ceba1abbff0f94ddcffb6fcf78d6e57d3e1346d,perturbed_iso,batch_004,1,False,False,0.007817102663341114,0.03656553626060486
b004_0124,loco_perturbed_iso,c192803192b9cb1624934437b5b99d9c3fe95e7b59f4a8ecf4b0619c38e3de8a,perturbed_iso,batch_004,1,False,False,0.007777604106508318,0.029707682132720948
b004_0125,loco_perturbed_iso,3b4681364d11834e774e87742f9bc8de29282bd78c26d567d119227aaa5372db,perturbed_iso,batch_004,5,False,False,0.007348484350521056,0.014632856845855713
b004_0128,loco_perturbed_iso,16a17910130636cb2698e31b1ca741a5cf3ab23f175a1b4928af445a874876db,perturbed_iso,batch_004,4,False,False,0.01051084940306476,0.028766709566116332
b004_0131,loco_perturbed_iso,c0dce9ffed674c5a6b108a039724a650718112d97c47232a6ddc82fb332770ca,perturbed_iso,batch_004,1,False,False,0.009505837948107328,0.03152034282684326
b004_0132,loco_perturbed_iso,8fbe00c53ff6cd7d21ef130634e36ab7fcac26588c6be64e88ff998d7d77eac7,perturbed_iso,batch_004,2,False,False,0.009397014181633464,0.026621407270431517
b004_0139,loco_perturbed_iso,86a7e367574fe16644118c4082db3ca827166a561ffb446152b2b570bc780961,perturbed_iso,batch_004,2,False,False,0.008246388616131955,0.037504160404205324
b004_0145,loco_perturbed_iso,8803de23caac2a31680d6e07bb0f92df1233575325a0b4ed4643d857753258cc,perturbed_iso,batch_004,6,False,False,0.00847716337588967,0.025388368964195253
b004_0149,loco_perturbed_iso,46eb0b12a5b418df0f87ec4dbd7ad15c2b05e831bd412faa4125998a87e300e4,perturbed_iso,batch_004,1,False,False,0.00760020132436127,0.02363378703594208
b004_0151,loco_perturbed_iso,7c0161bf20efc63c2bac19f4f50066aa027a21a329815c40462e10c5be32cab7,perturbed_iso,batch_004,5,False,False,0.008471488683927256,0.034466445446014404
b004_0153,loco_perturbed_iso,e0b455c078605e084fc2eae3784b4c3f0e058024f08d1f589f2602b92208a11e,perturbed_iso,batch_004,1,False,False,0.00825101877333688,0.03204160928726196
b004_0172,loco_perturbed_iso,1b2e7f8d49dbfb152abe8922892afe792e7c6824b45b36c8e423251ec6f27253,perturbed_iso,batch_004,5,False,False,0.009329614287517109,0.05805981755256653
b004_0185,loco_perturbed_iso,53d4b9906e1dd1fb35ea5e753581738dd13d8eb24839dbefaef4a26877080863,perturbed_iso,batch_004,8,False,False,0.011971083930769906,0.04049670696258545
b004_0221,loco_perturbed_iso,81c2e33c38692c2cd0eb540687bfb40131cc2bdc33e6b0aa6b6352b4e7ed6fd4,perturbed_iso,batch_004,4,False,False,0.0064684791520970755,0.02462106943130493
b004_0225,loco_perturbed_iso,20b3e5584330469869e37b1ec6e0be3100e7994911cd5619fc69a35d0d5ceeac,perturbed_iso,batch_004,5,False,False,0.006908690062214116,0.02171512842178345
b004_0234,loco_perturbed_iso,bda5257a373f117bcd3f46f37dd0e63c78bd78776079d6f3ec7ca9f8b934b3cb,perturbed_iso,batch_004,7,False,False,0.008136422199303987,0.021157580614089965
b004_0235,loco_perturbed_iso,d7f4845ea8bd2a77038beed1073ae47c682a9f42d70b03de869b9bc4baf9fa5e,perturbed_iso,batch_004,5,False,False,0.008262622527411726,0.040855348110198975
b004_0236,loco_perturbed_iso,34db13bfaa5dc1dc98497bc33053ef8d971b0f11dd57e85d6cedcb1756b13d7a,perturbed_iso,batch_004,2,False,False,0.007433927865301976,0.019916319847106935
b004_0240,loco_perturbed_iso,55e78ad76dffe30f94039740d9ddc8770d777131ae4859d144260b45bcd0cf3b,perturbed_iso,batch_004,4,False,False,0.007164501862936332,0.017990820109844208
b004_0246,loco_perturbed_iso,a8c2d3aebe8eedd30b916fb55b6eac9d8207b99834284335c564657f2c9f5190,perturbed_iso,batch_004,5,False,False,0.007413576384548282,0.026270186901092528
b004_0249,loco_perturbed_iso,2ef783018603a4e144b4149057603b0c90e7432e805fbeb26060e05812fd8767,perturbed_iso,batch_004,1,False,False,0.007554173750466987,0.021682095527648926
b004_0261,loco_perturbed_iso,f7f442600cc548a66e38a5ee0de775cb7f952f9253e20c5780ac37f103ca643c,perturbed_iso,batch_004,3,False,False,0.005441798281962755,0.02173502743244171
b004_0263,loco_perturbed_iso,939cdb6e8d965ce38dc360b6abc52ff58d7572ac305ad6639da6f5ddeea0aaa8,perturbed_iso,batch_004,4,False,False,0.009395181570873884,0.023792226612567902
b004_0264,loco_perturbed_iso,ed75153a3cc19d7ab58de5e391bfea1051cd5169d95e64444c232b828bb3f767,perturbed_iso,batch_004,3,False,False,0.005691805738406103,0.018483167886734007
b004_0266,loco_perturbed_iso,03712aa55c45d97afaa9160a395c18130b6a7fcd2227419e9c0130c3d37c401a,perturbed_iso,batch_004,8,False,False,0.019613700152420605,0.03611798286437988
b004_0274,loco_perturbed_iso,2531198b636cba5d2298e02b28a276bfb4729c8757c9a86fed9f7f1ce9a03d55,perturbed_iso,batch_004,4,False,False,0.009237124050249821,0.028609800338745116
b004_0282,loco_perturbed_iso,25e4775f1396a0390703aecad4e89f337c540d79ccb97d25d9e31bcca01d88c1,perturbed_iso,batch_004,5,False,False,0.01060632220545753,0.035004961490631106
b004_0296,loco_perturbed_iso,aa9459a2f5e839a3cb279684c9048cd8f798474abdee179acc06763fd77d9ee3,perturbed_iso,batch_004,1,False,False,0.008035471693414157,0.02501075267791748
b004_0300,loco_perturbed_iso,a3ab3fc58a4b34bb406839f5823a52766a72472106364080b4f9f84a100d1edc,perturbed_iso,batch_004,5,False,False,0.006575727169630957,0.020987564325332643
b004_0309,loco_perturbed_iso,594925de101107f031a7323323780082e74cbdc9bd3dde7b0e209c740164bef3,perturbed_iso,batch_004,8,False,False,0.007405733964482292,0.0273886501789093
b004_0311,loco_perturbed_iso,21f6f0b3010bd90e389dfc1918fa61caf4757bf5ba271dfa20afd8e0eef1f749,perturbed_iso,batch_004,2,False,False,0.007955630648820128,0.02644277811050415
b004_0317,loco_perturbed_iso,6b9a867296ea9064dc330fd51b14b293494a546a31e6588ad171c0052b79e558,perturbed_iso,batch_004,6,False,False,0.01181982882687303,0.023247730731964112
b004_0319,loco_perturbed_iso,4802e2bd1d63f02d21e6522d4fc169b0dee1196458f47e8a6df8a690ba5df185,perturbed_iso,batch_004,7,False,False,0.00796939840570825,0.011665010452270507
b004_0320,loco_perturbed_iso,6c3e93a5ea56f545bd08410b1e7714b10cd051a383c4fdf169211b9ed1b665ae,perturbed_iso,batch_004,4,False,False,0.007150350669856932,0.02427719235420227
b004_0327,loco_perturbed_iso,eb530c24af594530cfba6199a3d56e05918cad79f26030b3176c75b005572cb6,perturbed_iso,batch_004,5,False,False,0.007957584875040367,0.03125550746917725
b004_0332,loco_perturbed_iso,ebe868d50b0738ebab68ff7d4276f25bf24d4d43c7ab54734af3791d11cfc07e,perturbed_iso,batch_004,7,False,False,0.008086164417814037,0.02790290117263794
b004_0339,loco_perturbed_iso,4954e59684627ba80a01eae5035c41a1994779f67fe632f86ad625951f4acea0,perturbed_iso,batch_004,3,False,False,0.0072065663020141795,0.028577697277069092
b004_0345,loco_perturbed_iso,6efaee727b8b6d0b2c38d7605561a75b6b7c5b984486b447a084882ec852dde2,perturbed_iso,batch_004,8,False,False,0.009544073240678819,0.02122359275817871
b004_0348,loco_perturbed_iso,7ddc647538e8bf72d8f3d342fc9ec802ed9bef6f25341208f74c2054556bfa10,perturbed_iso,batch_004,1,False,False,0.010295459334967567,0.032170343399047854
b004_0368,loco_perturbed_iso,f67f6d3b1650c71b1c0631f2034826e165bb9955275b06b5b77d7b05d4787fe4,perturbed_iso,batch_004,3,False,False,0.0110112228232329,0.030150681734085083
b004_0369,loco_perturbed_iso,f59b649b37554b4c06587a58eab68c06d3910d7c67941c29680fe2f006b2ea03,perturbed_iso,batch_004,2,False,False,0.006946658807211234,0.022274351119995116
b004_0377,loco_perturbed_iso,3862fb683e25c94ba8d05a63a3d852b929eb62159aa5c0836565e87141f31c86,perturbed_iso,batch_004,3,False,False,0.00890478814234499,0.04054747223854065
b004_0386,loco_perturbed_iso,e0d6a6a7d7e54455e6907d7aefa3797cfb90f5ce661681e7243f93c2970fa631,perturbed_iso,batch_004,5,False,False,0.0056943648418442145,0.030596745014190675
b004_0393,loco_perturbed_iso,099c8ced6da5506b4b1afd2ecf9b453954ba3d6d9652482f6d058b2478808ba8,perturbed_iso,batch_004,8,False,False,0.011889194880352647,0.035267844796180725
b005_0475,loco_perturbed_iso,4cc60f03df737bf8a98f04684af9dd7ade3fb1b950ef401a4f85265197d0df8a,perturbed_iso,batch_005,11,False,False,0.007336344728704358,0.06290373802185059
b005_0476,loco_perturbed_iso,0b3c8a3aca1be574c6949ef20179674abce6f6b67c9feffd2cf1ffe681d8cd93,perturbed_iso,batch_005,1,False,False,0.0069218871901269826,0.028799819946289062
b005_0477,loco_perturbed_iso,458d95396ff6ed55a39ffbbe2d00c64914772de8df60b00e40b1dc3944737998,perturbed_iso,batch_005,7,False,False,0.009104716631232714,0.05794128179550171
b005_0478,loco_perturbed_iso,88f53b602be3afc7faa34f6838d7aa2cf1272916f7f6e97d7ce59efa1b29381e,perturbed_iso,batch_005,6,False,False,0.008693495087447713,0.023802444338798523
b005_0479,loco_perturbed_iso,8d154b9700f3d6aa025f55f744b0bdcc4e5076455de12647d5e30b9dd071b21f,perturbed_iso,batch_005,6,False,False,0.005273827898209212,0.014062309265136718
b005_0480,loco_perturbed_iso,f3a7c77e3b5a6bda89f8c0dba87fed96a1d9f6c08d5c26a6147cfe56428dfada,perturbed_iso,batch_005,5,False,False,0.0075527720275472415,0.026436495780944824
b005_0481,loco_perturbed_iso,d01bc4d086741c33761c06ae86b783fd5f754333b5458d62f2c70fb9e087296b,perturbed_iso,batch_005,3,False,False,0.009357040314400784,0.05750516653060913
b005_0482,loco_perturbed_iso,fa6e56b025e8734867b3818c31eed7e9fafde440b2f5c8c9447aff9b3fe236f5,perturbed_iso,batch_005,4,False,False,0.007623577227846521,0.02588312029838562
b005_0485,loco_perturbed_iso,95a21e1e8dc296ca0ff8dc1af08c3ba07fe1813dfd9310b7f73163c8977dccfb,perturbed_iso,batch_005,2,False,False,0.007413465175472323,0.024938392639160156
b005_0487,loco_perturbed_iso,79e5e545966b8bdd76537810da7d7946d98e581b2d337934dfe8ae7de6e9ebe0,perturbed_iso,batch_005,5,False,False,0.005967632155926501,0.012620538473129272
b005_0489,loco_perturbed_iso,68a1f90b1c7d0b74aa97b1065153c6113f2616dfe37d8b2376764201e24942f4,perturbed_iso,batch_005,8,False,False,0.007024838543329083,0.055388593673706056
b005_0490,loco_perturbed_iso,ff58d8c3d0069615be9b9079e90edbdefac4aeb4305f160ced0de7e0ff0b62ba,perturbed_iso,batch_005,11,False,False,0.015590480715036392,0.048446404933929446
b005_0492,loco_perturbed_iso,c4cbd3aa3da44b4ffb6dfc9eea57922383ee18f73e48c887ce3875d43a9b34d8,perturbed_iso,batch_005,12,False,False,0.009540834680932466,0.06759426593780518
b005_0493,loco_perturbed_iso,32fbc36e034e4113eadf5834befd78d2cfdc5abc8a146a932c56c53d2405d8ff,perturbed_iso,batch_005,4,False,False,0.007521633022144193,0.019639059901237488
b005_0495,loco_perturbed_iso,9daa35b7ece2fd83935ba9b062972176409643e0db316e90c9c822bad7c24440,perturbed_iso,batch_005,2,False,False,0.007937553634897607,0.013214531540870666
b005_0496,loco_perturbed_iso,9a504b8844bf86e518f8d8c96a5f82e865a3324b026ae5879362a30f913017dc,perturbed_iso,batch_005,12,False,False,0.009381469375774509,0.0755738377571106
b005_0498,loco_perturbed_iso,e0742d8237e5489119a7c468f654e106ea399387ab09262f484b7cd34bd5a4f4,perturbed_iso,batch_005,8,False,False,0.01331720258124539,0.052517032623291014
b005_0500,loco_perturbed_iso,67755216bfdee2d600960043867f56494ea85fa893cdf6b3b1d2766a70465b2f,perturbed_iso,batch_005,1,False,False,0.010859362646693089,0.036148679256439206
b005_0501,loco_perturbed_iso,25bbec22e53708d795c4cb12e607598fb312e1ba8228f0ba09f360b9f009c065,perturbed_iso,batch_005,4,False,False,0.0070128076877750325,0.02058914601802826
b005_0503,loco_perturbed_iso,09468d59af49fc29d709acce09d86929401dd524d06b39e78b4f051f15f32a7b,perturbed_iso,batch_005,5,False,False,0.009004563203112024,0.05885735750198364
b005_0504,loco_perturbed_iso,59228f83d4b4256be4404e92390570b1bc76331ac0eea493a6efc7f6e794f71b,perturbed_iso,batch_005,3,False,False,0.006791266432551087,0.040154069662094116
b005_0505,loco_perturbed_iso,94ca4b372e18c294dbd84b3cf1a17fe1b7cdb2650a439b9d480efb46ca509ee5,perturbed_iso,batch_005,1,False,False,0.006940078600996831,0.045975661277770995
b005_0506,loco_perturbed_iso,416f8fe4c2026d6e3ccfb30049bd68c61ad4d288ea1bf5b05aca272a6ebce4ec,perturbed_iso,batch_005,6,False,False,0.0086322298059698,0.031078916788101197
b005_0507,loco_perturbed_iso,16dcdab055b5e2aa903b2ee6ff19b166c6eeedd7a8cc0cf9d51e446078c6c3dc,perturbed_iso,batch_005,2,False,False,0.007487330243724291,0.021191275119781493
b005_0508,loco_perturbed_iso,02f8a9278debfc5f6782f4fc7974e1bffc0e626a303c1825c80c491df28f3b24,perturbed_iso,batch_005,9,False,False,0.015929503567883224,0.0765231966972351
b005_0509,loco_perturbed_iso,5db1408a070f688fae7b82d3469b3873f102a16b6913e63e5eb75dfa292c4aa1,perturbed_iso,batch_005,5,False,False,0.0077489136428129475,0.04521172046661377
b005_0511,loco_perturbed_iso,bf80ee443d54387e910cb76f0009ba218fdca527feb320115613b93d3db51384,perturbed_iso,batch_005,4,False,False,0.007323067366588311,0.02770071625709534
b005_0513,loco_perturbed_iso,abad78157c714780976e0da8d05e99596d313aa60967d8ec9842d8ecc709b78f,perturbed_iso,batch_005,9,False,False,0.006105121115192039,0.05967472791671753
b005_0514,loco_perturbed_iso,496276c9c6619c4e0dc528a886774388c74aa842c3e69a6e9da3b7efabea390a,perturbed_iso,batch_005,3,False,False,0.00669463929094252,0.02651259899139404
b005_0515,loco_perturbed_iso,e8ce932d76b08c552f2b124aeb4000e4495cce5b58eedcdd81cc67d34c833ade,perturbed_iso,batch_005,9,False,False,0.008440681229360768,0.061573255062103274
b005_0516,loco_perturbed_iso,208534b393b223d0dc44cfc616c58c2964c4c41a352f3607a880ada2693d3245,perturbed_iso,batch_005,1,False,False,0.010288190658463807,0.03600163459777832
b005_0517,loco_perturbed_iso,430d9f9f192a670f00d19e1bd4bdb02f919e2a5b18ef09f3d689427245950952,perturbed_iso,batch_005,9,False,False,0.006987226131509562,0.0700293779373169
b005_0518,loco_perturbed_iso,37d99f29d04906f4a7ca10c2e2b1eb99b4ba177f526d745e0858a084e947ecbf,perturbed_iso,batch_005,8,False,False,0.009172812751570687,0.06972047090530395
b005_0519,loco_perturbed_iso,260456971dcbffc015aa46a829f6a02a5a74fc76927b68bff10ee491a04fcd78,perturbed_iso,batch_005,2,False,False,0.01046160642729431,0.032729119062423706
b005_0521,loco_perturbed_iso,81aa61bcdbd0922506a06c11705448608eb2c12e4273e7ec76d23ccf7536d1bb,perturbed_iso,batch_005,10,False,False,0.010406135914267086,0.06041549444198609
b005_0522,loco_perturbed_iso,e9e30bde9f3b0d2d6e9e233a52ace3661bc92bc3161e28392960eeede1cda03c,perturbed_iso,batch_005,7,False,False,0.010005791033389139,0.051074862480163574
b005_0523,loco_perturbed_iso,40d0508fff7f07544b8538d1787e6ef9ec7407557a89c3a511a0a4693e965217,perturbed_iso,batch_005,1,False,False,0.008212525421967272,0.028484785556793214
b005_0524,loco_perturbed_iso,acee99c268c67bd8e429669e430a1e59624114b41f98697fcff1754ca8f7de62,perturbed_iso,batch_005,3,False,False,0.009753629369813888,0.06025381088256836
b005_0525,loco_perturbed_iso,aeee2a40938e343e290023d649c9ebcbaf47863359dff58f82ad4e3f2b73185b,perturbed_iso,batch_005,1,False,False,0.007080031149700039,0.019563579559326173
b005_0526,loco_perturbed_iso,c2e817293fd8ae457023fe35ece285b25c226a168cb611f6bd321484be9d0fef,perturbed_iso,batch_005,3,False,False,0.010688172402929089,0.057708990573883054
b005_0528,loco_perturbed_iso,7620ca11a4108f881d07f0bd8eeb2f61b72c391e9c09feb839e1d4b770acd971,perturbed_iso,batch_005,5,False,False,0.00897938888825354,0.06144291162490845
b005_0529,loco_perturbed_iso,12cfa14ad30d29657df3abde8c86c1d40ee7012806a25a491ae9e78922fd6ed2,perturbed_iso,batch_005,10,False,False,0.010186168624729406,0.0728190779685974
b005_0531,loco_perturbed_iso,bb19a6adf7f756c2e2aab4b9345decd408839d931510efa1a60f9350cceeb818,perturbed_iso,batch_005,8,False,False,0.008863008718510142,0.06770539283752441
b005_0532,loco_perturbed_iso,e89b7a2f95c799a78f0977b55e450290f5efafb9b0d78a96e5b2f07c42111208,perturbed_iso,batch_005,3,False,False,0.006847392523386439,0.023501595854759215
b005_0534,loco_perturbed_iso,11806b925065afaf516dded009c6af937cf6e2110381437725ef46f8549c3fe2,perturbed_iso,batch_005,11,False,False,0.010376847401017048,0.05337306261062622
b005_0535,loco_perturbed_iso,1f555c766a8115affa291a24fabaf011d7402625e823f53e95b32bc8f77839c2,perturbed_iso,batch_005,7,False,False,0.006268370798865303,0.02566854953765869
b005_0536,loco_perturbed_iso,49dc850e33d783439f09f31e12d15e89fb31bae687c838df46d4aa837f99502f,perturbed_iso,batch_005,1,False,False,0.00930815948570361,0.033163177967071536
b005_0537,loco_perturbed_iso,a6b820fcd44a0a93d7df25cbcdf68089a82ac4cfa7cc06ae447b57cba3b9d069,perturbed_iso,batch_005,5,False,False,0.009128798959685153,0.07624834775924683
b005_0538,loco_perturbed_iso,0cad214e1414c41cbc37f83a7bc29bd9611ce0b8f623f399b23de15083bca30c,perturbed_iso,batch_005,1,False,False,0.007737856810210181,0.021590656042098998
b005_0539,loco_perturbed_iso,916543c07811c786af8c0364a0dd96d71f23e24dad3e7b713679cd147709af4c,perturbed_iso,batch_005,3,False,False,0.0073612488073403716,0.02595750093460083
b005_0540,loco_perturbed_iso,03b4a6436bcf015663638820e2658ad1b4634d849a29c405f7e7302780ef7129,perturbed_iso,batch_005,3,False,False,0.008431366269217162,0.07017378807067871
b005_0541,loco_perturbed_iso,3ecc109fc1d3b4995a2e98c476e9e6cc93d657898dc32d253ff14663e3a20986,perturbed_iso,batch_005,4,False,False,0.007705252165677118,0.0453432559967041
b005_0542,loco_perturbed_iso,f0cb5d442a2c3d3f0d032ad15150548ac09b7f6c0a799c779933b34fcbc1cb4f,perturbed_iso,batch_005,3,False,False,0.008292108652044513,0.017168098688125612
b005_0543,loco_perturbed_iso,ce3a679e0773138dcca3e5ed4261b369ffa330f6dda8708f7c46d16895473379,perturbed_iso,batch_005,3,False,False,0.010871069255422371,0.07842583656311035
b005_0544,loco_perturbed_iso,665b1e8754e476778f59530f0820669efc9d9bcf26d9298067e06cb0ba3e1862,perturbed_iso,batch_005,4,False,False,0.008257337378673867,0.04723614454269409
b005_0545,loco_perturbed_iso,af8c0de5c7340649c8e1a5677ab63b56910cdce70e7a2d1c7a87448ab5336393,perturbed_iso,batch_005,14,False,False,0.006949770670445239,0.05710612535476685
b005_0547,loco_perturbed_iso,7b824230e04b7f5db13668060e3665ba1de823f404e0f20c79587b327bb16ec1,perturbed_iso,batch_005,3,False,False,0.009403053329127734,0.03506259918212891
b005_0548,loco_perturbed_iso,51713315251ed42aa33146c61cf9b7a4a0d0f41532de22c9f193b4342b535521,perturbed_iso,batch_005,5,False,False,0.01587321939038449,0.05375005006790161
b005_0549,loco_perturbed_iso,af995422c8e43a0d4a970bfa094658353b6414911bd40edd807e5a24d7e9be17,perturbed_iso,batch_005,12,False,False,0.011354391728756855,0.051437544822692874
b005_0550,loco_perturbed_iso,512e34ae96d23c3fdd034df3df78de1c337e389bf93215ff744a51ddad6d5963,perturbed_iso,batch_005,8,False,False,0.010681444675218863,0.05506819486618042
b005_0551,loco_perturbed_iso,b2ed38c52c23b56cfa4ce54a0158a36496d05093ea3ae7746c204fed048f9fd4,perturbed_iso,batch_005,10,False,False,0.012196538804984483,0.054669523239135744
b004_0144,loco_log_variant,fd17fc2dbbb016666618d114dbb5c7795b209e39351f1b23bb05690162d412ee,log_variant,batch_004,5,False,False,0.013115500133545671,0.030232471227645875
b004_0164,loco_log_variant,c0b0e97c954a36d799186b84ab337a3bdaa81663f0bb6950e5b45a8fc0f4b0d8,log_variant,batch_004,8,False,False,0.01340968921536305,0.035954231023788454
b004_0168,loco_log_variant,356df3239bbae55944a12222e97e9d301c963c038790931e49915c678812dd3e,log_variant,batch_004,6,False,False,0.014972429979042929,0.031089425086975098
b004_0190,loco_log_variant,4ac58fd5b04464691314595a956c039bcd2adf747e1abc9e51f924b8f8323f4b,log_variant,batch_004,5,False,False,0.018293680030791487,0.04319403767585754
b004_0222,loco_log_variant,81ad67e559ff3c3e4424ba2860e399238ff5f9664bd911a86903ffbcae24c093,log_variant,batch_004,1,False,False,0.016434311475910124,0.039899855852127075
b004_0228,loco_log_variant,b2a31685d803fadc67269b20d2763bb5b5cffef1b380450777fcd573388ef700,log_variant,batch_004,7,False,False,0.022453677751978887,0.05238348841667175
b004_0255,loco_log_variant,c1a9dd7e38402955593d98503d205d5636b92212f0957d67628687e333e30299,log_variant,batch_004,4,False,False,0.013221034749609523,0.0261618971824646
b004_0257,loco_log_variant,790376cae4ca74ecf51edd6c6596d8b96d57155fea158e8ee0417ade91e9158e,log_variant,batch_004,6,False,False,0.021016859519677085,0.04862943887710571
b004_0292,loco_log_variant,5d25cb3c359ecd5c12f0a344674ca4f2fd20c6f12afb8a5aceca035249450235,log_variant,batch_004,5,False,False,0.01760089563541725,0.03653557300567627
b004_0293,loco_log_variant,91dda6ece5cdd6714426414974ef945a2e58806d75a80b1a7afbc3abfc4496ca,log_variant,batch_004,8,False,False,0.015507835833752742,0.03835071325302124
b004_0297,loco_log_variant,cd0d0c935d2d42717b2eff8ca7a336bd6f4fa2a83238ca97f38b62d9aa8cbee7,log_variant,batch_004,6,False,False,0.02081740097921403,0.04088225364685059
b004_0301,loco_log_variant,b1a5a78d0aeb2e3544b8b155b4cb0ac8f3cab6679a0081be9ac38d6a4ae051c1,log_variant,batch_004,5,False,False,0.01307761766871468,0.03222472071647644
b004_0342,loco_log_variant,cd98c21eb38290c19d2b7f3c7b5a5d9aa6cbc071dd781aceab8f72fd4f230453,log_variant,batch_004,2,False,False,0.01645861131245973,0.03628017902374268
b004_0399,loco_log_variant,225b695fe769c432469fd00b309b0a2c5c2a9c05b8a75948dd8c391f2284a78e,log_variant,batch_004,6,False,False,0.016826994790405524,0.04015899896621704
b005_0231,loco_log_variant,0197da6413490992c3d807d79e0ae84831137b2a2953bb4895f4869660f046cd,log_variant,batch_005,8,False,False,0.010046254318268572,0.04836593866348267
b005_0232,loco_log_variant,b1b04b45cfaeafe9072d334e6fb034c17772a79d47cd976ec080555f43239093,log_variant,batch_005,15,False,False,0.021437720392571122,0.059821689128875734
b005_0233,loco_log_variant,8b6dbca8fe32a63388ebbc035fc7c844e215832327df575eded1165ee98fd228,log_variant,batch_005,9,False,False,0.00844684790392391,0.04341055154800415
b005_0234,loco_log_variant,17afb6925bf51ef74b1586022a798c10accd50f13c8d0d9c8d9241915ef4b7d0,log_variant,batch_005,7,False,False,0.014978464876042036,0.04485608339309692
b005_0235,loco_log_variant,f89504d4ce66c4c4606ff45efbc158971749da1f1a17a5430f79b312a68433ea,log_variant,batch_005,5,False,False,0.012207608437928997,0.03357620239257812
b005_0237,loco_log_variant,141babc17c6c733152e0e7e953db5fadf237c79f0cec46340392573a55316386,log_variant,batch_005,9,False,False,0.00910460880545319,0.02302115559577942
b005_0240,loco_log_variant,b1d310df62be9781116c687063f52a27f401e87d9fc1d49f7d6b1f0b33899566,log_variant,batch_005,5,False,False,0.02442263863125785,0.04944345951080322
b005_0241,loco_log_variant,2758659e4f23d5c92b20f3205a7e0fc53f6d8840725aa82052a2caa284da530b,log_variant,batch_005,6,False,False,0.010031202728631066,0.03362044095993042
b005_0242,loco_log_variant,a015446ac7dc8c57854296a8e5f308580621c1eab0e9a08ed016f99cb7772514,log_variant,batch_005,6,False,False,0.006761116461187111,0.009967231750488281
b005_0243,loco_log_variant,cf29d7ccd9df23701af166e2d812cea2591945df0091c64ba17137c7c1d44401,log_variant,batch_005,3,False,False,0.007450283135547013,0.027612924575805664
b005_0244,loco_log_variant,012d778f39ac1c3d5ec4ce1f7522a3899a383fe0916f1343143af22b678c38c6,log_variant,batch_005,7,False,False,0.012186484942670727,0.034428578615188596
b005_0246,loco_log_variant,472d213cc6087b7f3958c30f9a1193e0d5e3c1f698333dfe2593bd08d444b92b,log_variant,batch_005,10,False,False,0.00812950104963584,0.017703306674957276
b005_0250,loco_log_variant,f3a106b4bd9750f58c522556150b84e8df786567071a9e16dea0e4252169de79,log_variant,batch_005,3,False,False,0.009046420027486613,0.02739185094833374
b005_0251,loco_log_variant,30440533c3910f70df5e0ef02027660b5a834f0d79d9b2660ed1407c6e4537e5,log_variant,batch_005,10,False,False,0.017533198731844547,0.026941031217575073
b005_0252,loco_log_variant,df3cdd190b6bade23f20a826ec008a6caa0bd5c970f74d7d8f730774b90a0af5,log_variant,batch_005,11,False,False,0.012815051977751684,0.03369690775871277
b005_0253,loco_log_variant,88e3af8bab803100e5567f93593352f3881eb7f7f4f414a4266353e562f81a06,log_variant,batch_005,12,False,False,0.011885124640386612,0.02274479866027832
b005_0254,loco_log_variant,69215bff30fb01298b1c198215bbe064d2dc034fa85d4ebbe4dc87b5d3378bc7,log_variant,batch_005,4,False,False,0.01055165705133657,0.02697221040725708
b005_0255,loco_log_variant,40e369791ad5b0dd34efd22d001508db8d4ed3a4f926b25a179f25521d931ff9,log_variant,batch_005,9,False,False,0.010347438478445421,0.06666643619537353
b005_0257,loco_log_variant,38706b88cbd59709e143dbe3d6ad799d6c88cbf223cb4d1315e80525cee814bb,log_variant,batch_005,12,False,False,0.012586428151756038,0.04701964855194092
b005_0258,loco_log_variant,8e8d25cbc353132cff6ceaec5a556b56eefb8a057e3fba520efa55054b707d81,log_variant,batch_005,14,False,False,0.020089350567489374,0.04689524173736572
b005_0259,loco_log_variant,93046d973730014c2f72d5b65d95bd3f18656aa4c20ee69e80e324a1b6130d92,log_variant,batch_005,2,False,False,0.008193613417813033,0.021200519800186158
b005_0262,loco_log_variant,d05b1dfecdded800a2979fa86ce4e13cf423458e7837588334e122dec78d1282,log_variant,batch_005,10,False,False,0.007458109200977889,0.019318395853042604
b005_0264,loco_log_variant,a1026f481341198f9505353f13e7b6ca3b665a41446e232f0318bcda0b6c96d8,log_variant,batch_005,8,False,False,0.011889940939965796,0.03988174200057983
b005_0265,loco_log_variant,96940921f970d3d39cca962728b88d24e872dc38476afe96f7dd45a7bd59797d,log_variant,batch_005,7,False,False,0.013305094984711194,0.0399355411529541
b005_0266,loco_log_variant,35a57542547edfe776920ca04e51fe05f8b86f9cb53767449261abc852fd88d0,log_variant,batch_005,11,False,False,0.017864036169208463,0.04440712928771973
b005_0267,loco_log_variant,e50cad6ea49ae5a8441e809cf9a3bea4a3cb09f7b401b285d80c1242d3a79e48,log_variant,batch_005,9,False,False,0.02899023186965067,0.05306054949760437
b005_0269,loco_log_variant,924401ad6bc116d4bf5df46dcff90af45727b4657d2b1ca05c1f8dfd38277a26,log_variant,batch_005,2,False,False,0.015543957421037018,0.032532960176467896
b005_0270,loco_log_variant,eac35bf5d35cd540231385b6c2dd0358fa3708eca50afa52d764c30bea246def,log_variant,batch_005,2,False,False,0.019919370920931705,0.042062538862228396
b005_0272,loco_log_variant,9942d4a4a174df13e695ea659351a90fdee331e6428a9a276507e479c7ee4ba8,log_variant,batch_005,6,False,False,0.013393493509683451,0.02142382860183716
b005_0273,loco_log_variant,1a31b3e7700393731f7e4e1664414cdde1d4c8e5215fd1bd7fcccce4f702b66c,log_variant,batch_005,11,False,False,0.007178111056812474,0.05261199474334717
b005_0274,loco_log_variant,52f8479e5a537c8d76b306353297e79cbe20eecbb85dc07e60a08e1527ee29c7,log_variant,batch_005,15,False,False,0.009583179530550223,0.02826778292655945
b005_0278,loco_log_variant,565c0239646f76abc95d41da49d1fa30f920df516a884a7e6761b0f2e64c3530,log_variant,batch_005,5,False,False,0.009002487092721658,0.023848569393157958
b005_0279,loco_log_variant,332be5eade135f2f610967d59557a5070914106fa8268bb827b2ec5f8f26d2e0,log_variant,batch_005,3,False,False,0.02076404739598759,0.035113847255706786
b005_0283,loco_log_variant,79fd8dbff81bf1351688486a548f7eb34e9762c4721f1828f20efaa010285a3d,log_variant,batch_005,2,False,False,0.015469644890456902,0.029870051145553588
b005_0286,loco_log_variant,87abd63d13db50cd3e354a37db82c63aa7d5d4833b64b93251fc9a76884bc1da,log_variant,batch_005,7,False,False,0.01423666793547693,0.04292627573013306
b005_0289,loco_log_variant,d2885b85ab684470361bedfc93f198821c9b5f0116bffb535c78642258a28860,log_variant,batch_005,14,False,False,0.011993102063653898,0.04786726236343384
b005_0290,loco_log_variant,ce67401904754f310089796e8f6c91ca718cdf3c5442f57ab29fb796286c40ca,log_variant,batch_005,10,False,False,0.0117146922641846,0.034965706244111064
b005_0291,loco_log_variant,442f3fed651c3c8b226ed0a4b1921e17ad8ff5488f6f6dcaf4613f7adf97c7f6,log_variant,batch_005,2,False,False,0.009830660995889884,0.029891610145568848
b005_0293,loco_log_variant,e192d87b9b8fac01ad6d648b6b84c858b13a19adb9466bac87d74c08b63ee81b,log_variant,batch_005,9,False,False,0.01655972370358764,0.03879327178001404
b005_0294,loco_log_variant,5b552360100b1f7bb33b806261ee891e99723f012f64500ec9ca01e541226db5,log_variant,batch_005,3,False,False,0.011280205920643983,0.03775829412043095
b005_0296,loco_log_variant,abc877febeb17261f4381a884923afed3bea3a5693b307389019a651c33108b1,log_variant,batch_005,4,False,False,0.01498825638020625,0.037933915853500366
b005_0297,loco_log_variant,c9371ddd4369185f9fa16b827a3316ffc044f24344a3badbfa52d6879b18db45,log_variant,batch_005,15,False,False,0.012948306124718461,0.045443153381347655
b005_0298,loco_log_variant,9ea2b594880eefc20b728a88db1342d0b0c22324df79099c7908a723f55abbc4,log_variant,batch_005,2,False,False,0.005470215907839478,0.016240125894546507
b005_0299,loco_log_variant,57e58c176baebe9c4769d8d480481b3e15bc24fb4af3a9d8f7a0f638fac27b29,log_variant,batch_005,13,False,False,0.015099980059217233,0.05376547574996948
b005_0300,loco_log_variant,1da392c0a419f2492b81f82e57e20fccaddbc7e4e332009082558ba9abd6b9bb,log_variant,batch_005,4,False,False,0.008990044415485664,0.019650073349475862
b005_0301,loco_log_variant,836cd14e989749d8eae4a6ce735315dd0d00f5070e9fc180576eb5e7a8297a7b,log_variant,batch_005,14,False,False,0.011318350326819496,0.04199726581573486
b005_0302,loco_log_variant,268d6d6ffb77bbc9988a8d53254272bc5754bbf6d56a9a171c79e7d721e2c446,log_variant,batch_005,14,False,False,0.016141100496542257,0.038008058071136476
b005_0303,loco_log_variant,1a737d0b00f7db9d8c6ed2799390e7fb595116d3558d4fe7c6915e4fc39ac0df,log_variant,batch_005,9,False,False,0.025379589282083094,0.09842665195465088
b005_0304,loco_log_variant,9229f11f20609c4d48e3389fe16787807277a59730e412ddf9172ba222c1a7dd,log_variant,batch_005,8,False,False,0.018595973976322865,0.04212812781333923
b005_0305,loco_log_variant,3182cebb575fbbdeef377f31e76553fc8188d98d2834b812d6869c0ac9b2f912,log_variant,batch_005,6,False,False,0.013595432228958388,0.03774747964926064
b005_0308,loco_log_variant,5139552900610a5c6a3f4b761ade1dbb0d90a62186d60de135acc2c758dd87d8,log_variant,batch_005,12,False,False,0.008117996620350195,0.020966988801956177
b005_0310,loco_log_variant,7a3e0429d5dce205a4ceaa3288fe36547951c4780cfa4581ffeb91d932247554,log_variant,batch_005,1,False,False,0.013060373165568368,0.04170067310333252
b005_0313,loco_log_variant,0159653826a8a787f37701c9e4e380772972c20ff25e4d01af7dc855d18f28a4,log_variant,batch_005,8,False,False,0.008302351783533564,0.012799376249313354
b005_0316,loco_log_variant,9210c4347ab219f1bd292b366bd8a5284c3ad61d9d4dc7c611c028058565287c,log_variant,batch_005,7,False,False,0.015050773878322274,0.07142783403396606
b005_0317,loco_log_variant,1e447b54f457c3da933439103701da1a38194a4b7fb1eece53313e986de2c6b1,log_variant,batch_005,2,False,False,0.0097312083254095,0.012633103132247924
b005_0710,loco_smoldering,892938cd46c7fcdf67d542aa710c7e9c83a419897d08a396814949dba8fed7da,smoldering,batch_005,8,True,True,0.004697808867595235,0.0
b005_0711,loco_smoldering,8ef58bede46f6abda511e8d32019da56d4fe638627907c6215533b8024e9951d,smoldering,batch_005,15,True,True,0.005953989458865807,0.0
b005_0712,loco_smoldering,47cd7a984a481433e42b35c5a96bae7897eb2c24021c098666d61e31cd766aad,smoldering,batch_005,9,True,True,0.003970183700811668,0.0
b005_0713,loco_smoldering,520e1c200686a004b7d8fdb39da1b05aec0c408088997e77a418f2b9af259985,smoldering,batch_005,13,True,True,0.005747203748734271,0.0
b005_0714,loco_smoldering,a9d9386b6613a131e210bffd6486aa9038245c0ddd9298cf51f8fdc31da20ff0,smoldering,batch_005,3,True,True,0.004191184239309342,0.0
b005_0715,loco_smoldering,feb7cf361063b069ca22c18aa863c59c8254286c1964a869934c0b0b88945663,smoldering,batch_005,15,False,False,0.04355019995423613,0.0
b005_0716,loco_smoldering,45b14acd33f94ebd6c898030406f8499ad56be11be000a055621a9f297bb2d45,smoldering,batch_005,4,True,True,0.004513238101709084,0.0
b005_0717,loco_smoldering,cf1da417ae9a30c6605b8065599213df716d63902303c333a2f33bfe4618567e,smoldering,batch_005,6,True,True,0.0052821733912483595,0.0
b005_0718,loco_smoldering,4f4a8a334d6c30eddd9a6171a3348f4eac42257ba43f21cece98eea47503d53c,smoldering,batch_005,11,True,True,0.0039029932412944857,0.0
b005_0719,loco_smoldering,9562324417a2c41ef8c349c8f919e6357adba4c253b9e1b4234e8e9a88336444,smoldering,batch_005,5,True,True,0.0064554511523637614,0.0
b005_0720,loco_smoldering,177acf420fcfab816bbeb8563a2d7f48fa9987f87f08a8de97acb7a9bb34aac7,smoldering,batch_005,3,True,True,0.0055439757519081,0.0
b005_0721,loco_smoldering,4bb9133e25463b7a9d5a4f047caab43eb947d3cb7ed328075c2ca8c742ed1d86,smoldering,batch_005,2,False,False,0.07294252876375543,0.0
b005_0722,loco_smoldering,e2de873702d53ac41143057af701d69f66bea0cb8cf3c2bb9de42789bd1a5ef7,smoldering,batch_005,5,False,False,0.03980980388453749,0.0
b005_0723,loco_smoldering,4ceb79b695f012b0813c32397641e2391f7f0b1647cc504d3b5522645e93184d,smoldering,batch_005,1,True,True,0.004489036661679628,0.0
b005_0724,loco_smoldering,3646192596cf125d0d64c414c842fe773d2855c53465d2077547f401128caa69,smoldering,batch_005,12,True,True,0.020180797381479234,0.0
b005_0725,loco_smoldering,52bc6cdd20035a966e162f203861a06db2d534b521d2164edbb144ebc1c92af1,smoldering,batch_005,6,True,True,0.00505686490262141,0.0
b005_0726,loco_smoldering,5da1fcd3324d32dcb9f43bebba7709cebd7e94480b87baf7dc0cfb197aa5a04e,smoldering,batch_005,11,True,True,0.004009697280946325,0.0
b005_0727,loco_smoldering,6816837b5c4cb19889703f6a13cf66d6fa0dc64cf203466ff6f8d74deab461a8,smoldering,batch_005,2,True,True,0.01722500988694488,0.0
b005_0728,loco_smoldering,ed043c70eefc34081030ead7daf5b033e3f6db98d254afd4b698037c8b6a6a70,smoldering,batch_005,3,True,True,0.015056530178570357,0.0
b005_0729,loco_smoldering,a81d12b7f8052e93808260cde30816795eee25caa60946175a8c6383902d0b66,smoldering,batch_005,7,True,True,0.010318514558135487,0.0
b005_0730,loco_smoldering,96685c107ecea35027e77bd24f847f1da6e6cd72957736d1f055313eb8c4e1e4,smoldering,batch_005,12,True,True,0.00400170087814331,0.0
b005_0731,loco_smoldering,0412340efb1ea3a775288c4139d5b7017f7ba4543c41608817cbe90038625ba9,smoldering,batch_005,4,True,True,0.004507075567714503,0.0
b005_0732,loco_smoldering,7951e04bb07cc4606c46e6456435f6e3c3774d82cf13a42c7d6670cc72d11351,smoldering,batch_005,7,False,False,0.04923021050750233,0.0
b005_0733,loco_smoldering,ffb2603495ef11ec048c32cb7e5332ba1b4c09e92ecd06db456ad675043ba15c,smoldering,batch_005,1,True,True,0.005717921647869173,0.0
b005_0734,loco_smoldering,4a9633c4daaa03ab4c918960bb51f5caa040c2a978fcb2d6cf99a913edc44e2c,smoldering,batch_005,6,True,True,0.004612875571016405,0.0
b005_0735,loco_smoldering,82f5d65f0447d60fc6596b1363bf8a809ed0ea27423a1c6a12d8b18d740a05d5,smoldering,batch_005,12,True,True,0.00442912832635348,0.0
b005_0736,loco_smoldering,da2ad1f16ebfe5678c48a28ae7cb57dee0942d9bb12559f1ceb26d23f1170dd7,smoldering,batch_005,3,True,True,0.004604962223865947,0.0
b005_0737,loco_smoldering,47db6eb0a9c037194d12c25130ec595c547ac1c9c1257e757642434432c7c6f0,smoldering,batch_005,15,True,True,0.01637202911689633,0.0
b005_0738,loco_smoldering,e3923c4d317bffc97bc9db7ca3e641cc7b6b4952791734b50ded3b04b753721e,smoldering,batch_005,12,True,True,0.004576533739684058,0.0
b005_0739,loco_smoldering,4652b8eb8d44bdfa37618f0796ce10ca647f12e18024598a6c48a6df76e7847e,smoldering,batch_005,4,True,True,0.003981309445177922,0.0
b005_0740,loco_smoldering,7b989a782c68c33fb094e43d7c5f1b0d1a12d18b1c95368c96806e84bc693890,smoldering,batch_005,1,True,True,0.005418617021842082,0.0
b005_0741,loco_smoldering,6e776fc70a390f9c2419f9e323563a7ee416f682886ccbc2bd0b81715fa42993,smoldering,batch_005,12,True,True,0.005451616498290515,0.0
b005_0742,loco_smoldering,ffedbbe983c7a229669ea252f5172130095762efad518fe0d8871b9e1b3e21b1,smoldering,batch_005,12,True,True,0.007282759908769952,0.0
b005_0743,loco_smoldering,ba016ec2c3c2064d11fa6cfec95955f557c2f48b487171b3348b02f675ec4463,smoldering,batch_005,15,True,True,0.04899852373560921,0.0
b005_0744,loco_smoldering,6de488e305a1288ebfab181f4a06aa073ce1c4f4a4198b2a3df945bd9b0277f4,smoldering,batch_005,10,True,True,0.005083515409563409,0.0
b005_0745,loco_smoldering,1719e007e609b74d2f89530f4165706df751c2173cd3284e431397951af747b0,smoldering,batch_005,3,True,True,0.004602888373077893,0.0
b005_0746,loco_smoldering,79e2c144ceded5582d27f05ed4bcc7706b17170382f991972165ea96d21821b4,smoldering,batch_005,1,True,True,0.003991499103483607,0.0
b005_0747,loco_smoldering,7ad33c898a3e8736e77eb90cbf0b20a06fcfc189918f26cb70107e465521a892,smoldering,batch_005,15,True,True,0.004953851465319024,0.0
b005_0748,loco_smoldering,e1767d943785343cf218ff11769aec0c8602bc5ffc25604be9c0824130d81b72,smoldering,batch_005,3,True,True,0.003933088505854372,0.0
b005_0749,loco_smoldering,02412a8772233f7454f9e5ac084e27d5b33847f3117bd5a795fedf2364fefba3,smoldering,batch_005,8,True,True,0.004658878435854052,0.0
b005_0750,loco_smoldering,cde0147cada6043a51e52ca4b3776dea9005e9cfd5a929a56f85a00758e529d5,smoldering,batch_005,6,True,True,0.01143118787984379,0.0
b005_0751,loco_smoldering,490ba2ef8bc7d08f2f8423fb2346e1ad86239cffcb6c5a8b425221a89451f1fd,smoldering,batch_005,7,True,True,0.0046634261725378824,0.0
b005_0752,loco_smoldering,0aa7e720470caafeffe004282a4ece426c4f811d14c0e982ed1a06a6c4065705,smoldering,batch_005,14,True,True,0.006178643273525551,0.0
b005_0753,loco_smoldering,a03e5ef6a82492b376ddf5e3dfd049feaf3f63ee59ee030448b0ba8ba7358731,smoldering,batch_005,13,True,True,0.00541957362753446,0.0
b005_0754,loco_smoldering,35e691a2dede8369db5b09e1aede814ee950e74c95547ea867a0c622438224f4,smoldering,batch_005,15,True,True,0.005878398262086462,0.0
b005_0755,loco_smoldering,169d243951db8fa467d4f4a3a0fcff6b6ccf75a22add7d83d12bd4acaeb039d8,smoldering,batch_005,13,True,True,0.006344493686175738,0.0
b005_0756,loco_smoldering,ae7e94412c9a546ada79b8738eea7c92b2bfc90cf13265ec6576d2bbe6470f40,smoldering,batch_005,7,True,True,0.0046656047711606885,0.0
b005_0757,loco_smoldering,8872c1e3329f5c235a7e52cbc1764b52846a1be4377a8dabdb802fc9e760d137,smoldering,batch_005,9,True,True,0.0035569898417738615,0.0
b005_0758,loco_smoldering,425fe71ab50ac25f528b2bd962f6ca401cafc94f4b9acefa7e8cbe1bab8f9122,smoldering,batch_005,8,True,True,0.01098254919052124,0.0
b005_0759,loco_smoldering,4d3e020d371119d66d10cabe674ece8823aa321c9b19c3bdd5665b765af7819c,smoldering,batch_005,5,True,True,0.00418439263203105,0.0
b005_0760,loco_smoldering,a026074b292815d7aa1f4afd1791ec181e236d3b978be921f102435618fba718,smoldering,batch_005,8,True,True,0.014931227340072881,0.0
b005_0761,loco_smoldering,ca78e410a46c188fe6bba36873874244ca2a159da8d584e267406904eefbfa63,smoldering,batch_005,10,True,True,0.012778993903613482,0.0
b005_0762,loco_smoldering,bc32668472a496ec406b994fc3e570f8168fec5faff6c0eb8b08fc8c6710c4c2,smoldering,batch_005,8,True,True,0.0034692828772497964,0.0
b005_0763,loco_smoldering,3bc196155c4bff657d8dd03e029fb28eb63345a152f4ef5ef4f13f8a10d8df80,smoldering,batch_005,10,False,False,0.029564373024174424,0.0
b005_0764,loco_smoldering,e3bd9375fd89acdc422cac27e281a7031d93f6c5b65a5634d633fc5bd5e318ad,smoldering,batch_005,10,True,True,0.00648466583158149,0.0
b005_0765,loco_smoldering,79b632833b31a73c430cbf2575d5c898b4ce8fcf86ad8d0c0cc2a5989d7af622,smoldering,batch_005,6,True,True,0.008711696061931671,0.0
b005_0766,loco_smoldering,ac3e6ce52a7e9cdbe827cc8c5599d7af75266c173f0846a410529d512bdd6956,smoldering,batch_005,8,True,True,0.011460849105334672,0.0
b005_0767,loco_smoldering,6b1e3e8bffb850a75ddc27a33b7a7b3af24652bd290858f80463fdeb328cb38a,smoldering,batch_005,9,True,True,0.003756919649780774,0.0
b005_0768,loco_smoldering,54236c42784a1da65aa8ea122582d8f5094d1778cbc2b7b474109a83ba892c98,smoldering,batch_005,7,True,True,0.003335308246925229,0.0
b005_0769,loco_smoldering,e9ab2ad0896f7727843e3b298413bb04e26c56d41206afbc27ba7f3909f09948,smoldering,batch_005,4,True,True,0.005421930258391333,0.0
b005_0770,loco_smoldering,cc86e0f586f69f03ed272044a41f4a165232447233bc8d1bae8a2ce9310798e6,smoldering,batch_005,4,False,False,0.05105256838876693,0.0
b005_0771,loco_smoldering,2bfc9ebf5e866ef854913e5ae79517bc06e2610f5eb8447117097916ef450c6d,smoldering,batch_005,4,True,True,0.004102730555612532,0.0
b005_0772,loco_smoldering,811c1e07b457e3fbce166f2d185da0cf7034764ef9b5873072be0a5167685116,smoldering,batch_005,2,True,True,0.004781227229071445,0.0
b005_0773,loco_smoldering,e93bec5d899297ab0f824a10ce66e394598049424c9a2fbaf880a32d336fb48d,smoldering,batch_005,7,True,True,0.004075876611178039,0.0
b005_0774,loco_smoldering,9eb786d69c36717768e60e1f9702e095aa544a07f37c5be7a162522ad9056942,smoldering,batch_005,14,True,True,0.005200510337704517,0.0
b005_0775,loco_smoldering,05a4efc8dc9987bdd9038c16646d567a44bb5b8bc975ef52fd41670a3f4b0fdd,smoldering,batch_005,2,True,True,0.006092312296883005,0.0
b005_0776,loco_smoldering,b218f98969cb6cd7f35780287514970902b432c56ad85c76eaa5e1e7363071fc,smoldering,batch_005,8,True,True,0.00397349048833378,0.0
b005_0777,loco_smoldering,c2ba4ae32b478198333e8ebb5260ddf29c2b46911128ecfb59471f893bac009d,smoldering,batch_005,13,True,True,0.004551342862551331,0.0
b005_0778,loco_smoldering,943ef6e917f4d5189afb75623452c5bd6f29f1ed103f73c0bf9d4687284b3dac,smoldering,batch_005,3,True,True,0.016266542770823494,0.0
b005_0779,loco_smoldering,b3236749252a2d13fbc21d3d1d38700c1f6beb7c013f1216c38332c1a22d70b4,smoldering,batch_005,14,False,False,0.0545382484060819,0.0
b005_0780,loco_smoldering,bf8bf1725f75f7bdb51bd22752782bbc4a02b7cf0651d9a711a7f9c058076373,smoldering,batch_005,3,True,True,0.0037736603471099353,0.0
b005_0781,loco_smoldering,cd87164fc6256215bcf232d49cb6802d8f43ea0ed019b4687cdb266379f9be77,smoldering,batch_005,1,True,True,0.003925665089341461,0.0
b005_0782,loco_smoldering,7474d74cac2f254d318360e62e0f150fbf592eb43ed1203e318c321ef81a1960,smoldering,batch_005,6,True,True,0.010846602330442334,0.0
b005_0783,loco_smoldering,b3a7dcade9763cc8392b7cb831c5dd0a67af4fcc0099dd98ab0f9f1b6abd73f0,smoldering,batch_005,4,False,False,0.055395655553849024,0.0
b005_0784,loco_smoldering,e370292411b4706c65fe45c9e6ac8a36596c7839c7f5bedc92e29e3afade7087,smoldering,batch_005,1,True,True,0.004462213985255507,0.0
b005_0785,loco_smoldering,05fddcd757a0d24e2b72496387fd62df5df0bb74ffb7420535e172d9ebb3b412,smoldering,batch_005,10,True,True,0.009878152120308797,0.0
b005_0786,loco_smoldering,5eaf35fce5f1f5bff851289da82aa0d815befd3291df4b740285f0c45dd67138,smoldering,batch_005,2,True,True,0.0038795977342324177,0.0
b005_0787,loco_smoldering,4092487f0a01da47046816a4aacbaca58aaa606686c3dfe8f7df4b0974f132b6,smoldering,batch_005,6,True,True,0.0043133641852707155,0.0
b005_0788,loco_smoldering,601cb8c51ea7acb6977a1e93d8e8360b8d81f39d1654209fcdc0fe2047160d17,smoldering,batch_005,11,False,False,0.04121804979980969,0.0
b005_0789,loco_smoldering,2d6560c21ce67027ac0eecb1589261d0624eb31d45614c90dca9b023ba8135c9,smoldering,batch_005,2,True,True,0.00492231728600674,0.0
b005_0790,loco_smoldering,12fc6e1c7beceecd0792ce7519955653c035fd0720324fe020324df83ae510e9,smoldering,batch_005,5,True,True,0.0037512732333824282,0.0
b005_0791,loco_smoldering,58c6dc528c192141e6746da9e0fec24a8bc3877c98f4c14f7dce407ac141a018,smoldering,batch_005,15,True,True,0.005473340339347965,0.0
b005_0792,loco_smoldering,3def3019424d6700e417971feab01d39693dffd89adac9a326e99e5ebc4593b0,smoldering,batch_005,6,True,True,0.004521674992608243,0.0
b005_0793,loco_smoldering,a03ce9eea99149f1b1a018140812524fb0db09dab4674e70e942f06128ef1178,smoldering,batch_005,5,True,True,0.004029289620821594,0.0
b005_0794,loco_smoldering,717b5cd061be251a970b348029c4f3dc52f2c79412d349b4fc2b2552cc72aee1,smoldering,batch_005,4,True,True,0.004061923847823846,0.0
b005_0795,loco_smoldering,1f73c0e5d1b45c4cd9bd41af345e83b186dfb9cbe4c0fafc9de30a16ea4be940,smoldering,batch_005,1,False,False,0.0458369077229109,0.0
b005_0796,loco_smoldering,24e6e5dc2b95d2fb0ba5686336200ee753ab5a0a8ba7619f7d552e19074e374a,smoldering,batch_005,3,True,True,0.004936631585730881,0.0
b005_0797,loco_smoldering,4978070b7190646bc18980d6243354efbcadfd3c0f3e2153c5f7c0a4f326fb28,smoldering,batch_005,6,True,True,0.0043567925203041955,0.0
b005_0798,loco_smoldering,35dee7c4ff03daef7933bd0c559a57ae863ed06d64d8c98771558ad7e9172c2e,smoldering,batch_005,1,True,True,0.004481519441135594,0.0
b005_0799,loco_smoldering,f291def01abc62309ee018fb8899658fd89c54cc5fc8a9bda9ac40e344c47da7,smoldering,batch_005,8,True,True,0.0038999373795556244,0.0
b005_0800,loco_smoldering,caa89c295992ff8e130fcb92c42d3c75b86a00ff459b6f9ccbf2f6b1ae8235d3,smoldering,batch_005,13,True,True,0.006204219138036008,0.0
b005_0801,loco_smoldering,2b2e849727c26b543eae3b144f1c4fb4e9a6b76c69879552e9d6b01cd08d4111,smoldering,batch_005,14,False,False,0.03357651937203329,0.0
b005_0802,loco_smoldering,669b190ccf18ed285e278664f87e8b4ac58315d68757ef614aadf1edcf8f490f,smoldering,batch_005,11,True,True,0.037855464708609655,0.0
b005_0803,loco_smoldering,4aa0eb84fdf6867ff85a21a28d0e5a81bcbb4432adeeedafcf937fef4cb1a43a,smoldering,batch_005,14,True,True,0.006366504606653433,0.0
b005_0804,loco_smoldering,cf23aa1e3a8b8ea41eb6b26eb521d3b88055cda781bc4fd334029ad41d8c288f,smoldering,batch_005,14,True,True,0.00520578700988019,0.0
b005_0805,loco_smoldering,af0e0474688d25b3200ea52a9901e8f8e0c5cd42df42e93ab3723ec7ae879572,smoldering,batch_005,10,True,True,0.007701809289025479,0.0
b005_0809,loco_smoldering,c3ac1e6055565320ff11ef51bac67327ddda0c302a6dd5e6fb3ac1c3ed9a94e9,smoldering,batch_005,5,True,True,0.0034834078100861093,0.0
