example,sample_id,model,seed,time_s,prediction
1,b005_0291,capacity_matched_deepsets,42,0.0,0.9981319308280945
1,b005_0291,capacity_matched_deepsets,42,60.0,0.9974333643913269
1,b005_0291,capacity_matched_deepsets,42,120.0,0.9755828976631165
1,b005_0291,capacity_matched_deepsets,42,180.0,0.8110984563827515
1,b005_0291,capacity_matched_deepsets,42,240.0,0.7456251978874207
1,b005_0291,capacity_matched_deepsets,42,300.0,0.7381428480148315
1,b005_0291,capacity_matched_deepsets,42,360.0,0.7388229370117188
1,b005_0291,capacity_matched_deepsets,42,420.0,0.7409960627555847
1,b005_0291,capacity_matched_deepsets,42,480.0,0.7414352297782898
1,b005_0291,capacity_matched_deepsets,42,540.0,0.7397453784942627
1,b005_0291,capacity_matched_deepsets,42,600.0,0.7348679304122925
1,b005_0291,capacity_matched_deepsets,42,660.0,0.727026641368866
1,b005_0291,capacity_matched_deepsets,42,720.0,0.7146998643875122
1,b005_0291,capacity_matched_deepsets,42,780.0,0.7022064328193665
1,b005_0291,capacity_matched_deepsets,42,840.0,0.6879417300224304
1,b005_0291,capacity_matched_deepsets,42,900.0,0.6718195080757141
1,b005_0291,capacity_matched_deepsets,42,960.0,0.6544893383979797
1,b005_0291,capacity_matched_deepsets,42,1020.0,0.635851263999939
1,b005_0291,capacity_matched_deepsets,42,1080.0,0.6137250065803528
1,b005_0291,capacity_matched_deepsets,42,1140.0,0.5838049054145813
1,b005_0291,capacity_matched_deepsets,42,1200.0,0.5492468476295471
1,b005_0291,capacity_matched_deepsets,42,1260.0,0.5172156095504761
1,b005_0291,capacity_matched_deepsets,42,1320.0,0.4887578785419464
1,b005_0291,capacity_matched_deepsets,42,1380.0,0.4650118947029114
1,b005_0291,capacity_matched_deepsets,42,1440.0,0.45124438405036926
1,b005_0291,capacity_matched_deepsets,42,1500.0,0.4424495995044708
1,b005_0291,capacity_matched_deepsets,42,1560.0,0.43139249086380005
1,b005_0291,capacity_matched_deepsets,42,1620.0,0.42007169127464294
1,b005_0291,capacity_matched_deepsets,42,1680.0,0.40990012884140015
1,b005_0291,capacity_matched_deepsets,42,1740.0,0.4004773199558258
1,b005_0291,capacity_matched_deepsets,42,1800.0,0.39079010486602783
1,b005_0291,capacity_matched_deepsets,42,1860.0,0.3813517987728119
1,b005_0291,capacity_matched_deepsets,42,1920.0,0.37217509746551514
1,b005_0291,capacity_matched_deepsets,42,1980.0,0.3622875511646271
1,b005_0291,capacity_matched_deepsets,42,2040.0,0.3524743318557739
1,b005_0291,capacity_matched_deepsets,42,2100.0,0.34279388189315796
1,b005_0291,capacity_matched_deepsets,42,2160.0,0.33346977829933167
1,b005_0291,capacity_matched_deepsets,42,2220.0,0.32365044951438904
1,b005_0291,capacity_matched_deepsets,42,2280.0,0.31375429034233093
1,b005_0291,capacity_matched_deepsets,42,2340.0,0.30434054136276245
1,b005_0291,capacity_matched_deepsets,42,2400.0,0.2952640950679779
1,b005_0291,capacity_matched_deepsets,42,2460.0,0.28646641969680786
1,b005_0291,capacity_matched_deepsets,42,2520.0,0.27747228741645813
1,b005_0291,capacity_matched_deepsets,42,2580.0,0.2681201100349426
1,b005_0291,capacity_matched_deepsets,42,2640.0,0.2590515911579132
1,b005_0291,capacity_matched_deepsets,42,2700.0,0.25004372000694275
1,b005_0291,capacity_matched_deepsets,42,2760.0,0.2408333271741867
1,b005_0291,capacity_matched_deepsets,42,2820.0,0.23190708458423615
1,b005_0291,capacity_matched_deepsets,42,2880.0,0.22325751185417175
1,b005_0291,capacity_matched_deepsets,42,2940.0,0.21487583220005035
1,b005_0291,capacity_matched_deepsets,42,3000.0,0.20680512487888336
1,b005_0291,capacity_matched_deepsets,42,3060.0,0.1990370750427246
1,b005_0291,capacity_matched_deepsets,42,3120.0,0.19151301681995392
1,b005_0291,capacity_matched_deepsets,42,3180.0,0.18421074748039246
1,b005_0291,capacity_matched_deepsets,42,3240.0,0.17713697254657745
1,b005_0291,capacity_matched_deepsets,42,3300.0,0.16991916298866272
1,b005_0291,capacity_matched_deepsets,42,3360.0,0.1627178192138672
1,b005_0291,capacity_matched_deepsets,42,3420.0,0.15568207204341888
1,b005_0291,capacity_matched_deepsets,42,3480.0,0.14879760146141052
1,b005_0291,capacity_matched_deepsets,42,3540.0,0.1420460343360901
1,b005_0291,capacity_matched_deepsets,42,3600.0,0.135416641831398
1,b005_0291,capacity_matched_deepsets,43,0.0,0.9976550340652466
1,b005_0291,capacity_matched_deepsets,43,60.0,0.9968795776367188
1,b005_0291,capacity_matched_deepsets,43,120.0,0.9837148785591125
1,b005_0291,capacity_matched_deepsets,43,180.0,0.8326643705368042
1,b005_0291,capacity_matched_deepsets,43,240.0,0.7544898986816406
1,b005_0291,capacity_matched_deepsets,43,300.0,0.7432917356491089
1,b005_0291,capacity_matched_deepsets,43,360.0,0.7445545792579651
1,b005_0291,capacity_matched_deepsets,43,420.0,0.7452165484428406
1,b005_0291,capacity_matched_deepsets,43,480.0,0.7437571287155151
1,b005_0291,capacity_matched_deepsets,43,540.0,0.7394591569900513
1,b005_0291,capacity_matched_deepsets,43,600.0,0.7328826785087585
1,b005_0291,capacity_matched_deepsets,43,660.0,0.7254317402839661
1,b005_0291,capacity_matched_deepsets,43,720.0,0.7149868607521057
1,b005_0291,capacity_matched_deepsets,43,780.0,0.7037928104400635
1,b005_0291,capacity_matched_deepsets,43,840.0,0.6910170316696167
1,b005_0291,capacity_matched_deepsets,43,900.0,0.6766323447227478
1,b005_0291,capacity_matched_deepsets,43,960.0,0.6612878441810608
1,b005_0291,capacity_matched_deepsets,43,1020.0,0.6438136100769043
1,b005_0291,capacity_matched_deepsets,43,1080.0,0.6217535138130188
1,b005_0291,capacity_matched_deepsets,43,1140.0,0.5950467586517334
1,b005_0291,capacity_matched_deepsets,43,1200.0,0.5658580660820007
1,b005_0291,capacity_matched_deepsets,43,1260.0,0.5335044860839844
1,b005_0291,capacity_matched_deepsets,43,1320.0,0.5018242597579956
1,b005_0291,capacity_matched_deepsets,43,1380.0,0.4765186607837677
1,b005_0291,capacity_matched_deepsets,43,1440.0,0.4562792479991913
1,b005_0291,capacity_matched_deepsets,43,1500.0,0.43849343061447144
1,b005_0291,capacity_matched_deepsets,43,1560.0,0.423628032207489
1,b005_0291,capacity_matched_deepsets,43,1620.0,0.4105020761489868
1,b005_0291,capacity_matched_deepsets,43,1680.0,0.3991675078868866
1,b005_0291,capacity_matched_deepsets,43,1740.0,0.3892711102962494
1,b005_0291,capacity_matched_deepsets,43,1800.0,0.37921249866485596
1,b005_0291,capacity_matched_deepsets,43,1860.0,0.36969324946403503
1,b005_0291,capacity_matched_deepsets,43,1920.0,0.3606792092323303
1,b005_0291,capacity_matched_deepsets,43,1980.0,0.3521350026130676
1,b005_0291,capacity_matched_deepsets,43,2040.0,0.3427302837371826
1,b005_0291,capacity_matched_deepsets,43,2100.0,0.33351004123687744
1,b005_0291,capacity_matched_deepsets,43,2160.0,0.32458850741386414
1,b005_0291,capacity_matched_deepsets,43,2220.0,0.31679755449295044
1,b005_0291,capacity_matched_deepsets,43,2280.0,0.3084561824798584
1,b005_0291,capacity_matched_deepsets,43,2340.0,0.30011457204818726
1,b005_0291,capacity_matched_deepsets,43,2400.0,0.2908647358417511
1,b005_0291,capacity_matched_deepsets,43,2460.0,0.27960655093193054
1,b005_0291,capacity_matched_deepsets,43,2520.0,0.2680285573005676
1,b005_0291,capacity_matched_deepsets,43,2580.0,0.2569517195224762
1,b005_0291,capacity_matched_deepsets,43,2640.0,0.24662841856479645
1,b005_0291,capacity_matched_deepsets,43,2700.0,0.2367836982011795
1,b005_0291,capacity_matched_deepsets,43,2760.0,0.22740952670574188
1,b005_0291,capacity_matched_deepsets,43,2820.0,0.21844054758548737
1,b005_0291,capacity_matched_deepsets,43,2880.0,0.20983605086803436
1,b005_0291,capacity_matched_deepsets,43,2940.0,0.2014733999967575
1,b005_0291,capacity_matched_deepsets,43,3000.0,0.19341623783111572
1,b005_0291,capacity_matched_deepsets,43,3060.0,0.18567220866680145
1,b005_0291,capacity_matched_deepsets,43,3120.0,0.17764967679977417
1,b005_0291,capacity_matched_deepsets,43,3180.0,0.17003032565116882
1,b005_0291,capacity_matched_deepsets,43,3240.0,0.1624346375465393
1,b005_0291,capacity_matched_deepsets,43,3300.0,0.15520323812961578
1,b005_0291,capacity_matched_deepsets,43,3360.0,0.14836445450782776
1,b005_0291,capacity_matched_deepsets,43,3420.0,0.1417321264743805
1,b005_0291,capacity_matched_deepsets,43,3480.0,0.13485144078731537
1,b005_0291,capacity_matched_deepsets,43,3540.0,0.12786750495433807
1,b005_0291,capacity_matched_deepsets,43,3600.0,0.12088628858327866
1,b005_0291,capacity_matched_deepsets,44,0.0,0.9971268773078918
1,b005_0291,capacity_matched_deepsets,44,60.0,0.9964924454689026
1,b005_0291,capacity_matched_deepsets,44,120.0,0.9808658361434937
1,b005_0291,capacity_matched_deepsets,44,180.0,0.7981613278388977
1,b005_0291,capacity_matched_deepsets,44,240.0,0.7361357808113098
1,b005_0291,capacity_matched_deepsets,44,300.0,0.7333741188049316
1,b005_0291,capacity_matched_deepsets,44,360.0,0.7374668121337891
1,b005_0291,capacity_matched_deepsets,44,420.0,0.7392173409461975
1,b005_0291,capacity_matched_deepsets,44,480.0,0.7376753091812134
1,b005_0291,capacity_matched_deepsets,44,540.0,0.7336853742599487
1,b005_0291,capacity_matched_deepsets,44,600.0,0.7279379963874817
1,b005_0291,capacity_matched_deepsets,44,660.0,0.7203967571258545
1,b005_0291,capacity_matched_deepsets,44,720.0,0.7116289734840393
1,b005_0291,capacity_matched_deepsets,44,780.0,0.7017893195152283
1,b005_0291,capacity_matched_deepsets,44,840.0,0.689574658870697
1,b005_0291,capacity_matched_deepsets,44,900.0,0.675908625125885
1,b005_0291,capacity_matched_deepsets,44,960.0,0.6592523455619812
1,b005_0291,capacity_matched_deepsets,44,1020.0,0.6396009922027588
1,b005_0291,capacity_matched_deepsets,44,1080.0,0.6081500053405762
1,b005_0291,capacity_matched_deepsets,44,1140.0,0.5734758377075195
1,b005_0291,capacity_matched_deepsets,44,1200.0,0.539319634437561
1,b005_0291,capacity_matched_deepsets,44,1260.0,0.5109440684318542
1,b005_0291,capacity_matched_deepsets,44,1320.0,0.4865666627883911
1,b005_0291,capacity_matched_deepsets,44,1380.0,0.4659845530986786
1,b005_0291,capacity_matched_deepsets,44,1440.0,0.4481391906738281
1,b005_0291,capacity_matched_deepsets,44,1500.0,0.43252062797546387
1,b005_0291,capacity_matched_deepsets,44,1560.0,0.41924646496772766
1,b005_0291,capacity_matched_deepsets,44,1620.0,0.4076104164123535
1,b005_0291,capacity_matched_deepsets,44,1680.0,0.39700111746788025
1,b005_0291,capacity_matched_deepsets,44,1740.0,0.38697031140327454
1,b005_0291,capacity_matched_deepsets,44,1800.0,0.3774690330028534
1,b005_0291,capacity_matched_deepsets,44,1860.0,0.368513286113739
1,b005_0291,capacity_matched_deepsets,44,1920.0,0.35991859436035156
1,b005_0291,capacity_matched_deepsets,44,1980.0,0.3517810106277466
1,b005_0291,capacity_matched_deepsets,44,2040.0,0.34406405687332153
1,b005_0291,capacity_matched_deepsets,44,2100.0,0.3365112245082855
1,b005_0291,capacity_matched_deepsets,44,2160.0,0.3290666937828064
1,b005_0291,capacity_matched_deepsets,44,2220.0,0.31766587495803833
1,b005_0291,capacity_matched_deepsets,44,2280.0,0.3058208227157593
1,b005_0291,capacity_matched_deepsets,44,2340.0,0.29469797015190125
1,b005_0291,capacity_matched_deepsets,44,2400.0,0.2842109799385071
1,b005_0291,capacity_matched_deepsets,44,2460.0,0.2736210823059082
1,b005_0291,capacity_matched_deepsets,44,2520.0,0.2632116973400116
1,b005_0291,capacity_matched_deepsets,44,2580.0,0.25339263677597046
1,b005_0291,capacity_matched_deepsets,44,2640.0,0.2440681904554367
1,b005_0291,capacity_matched_deepsets,44,2700.0,0.23516634106636047
1,b005_0291,capacity_matched_deepsets,44,2760.0,0.22663171589374542
1,b005_0291,capacity_matched_deepsets,44,2820.0,0.2184203863143921
1,b005_0291,capacity_matched_deepsets,44,2880.0,0.21049685776233673
1,b005_0291,capacity_matched_deepsets,44,2940.0,0.20283208787441254
1,b005_0291,capacity_matched_deepsets,44,3000.0,0.19540196657180786
1,b005_0291,capacity_matched_deepsets,44,3060.0,0.18847006559371948
1,b005_0291,capacity_matched_deepsets,44,3120.0,0.1817876696586609
1,b005_0291,capacity_matched_deepsets,44,3180.0,0.17538288235664368
1,b005_0291,capacity_matched_deepsets,44,3240.0,0.16889269649982452
1,b005_0291,capacity_matched_deepsets,44,3300.0,0.1626671850681305
1,b005_0291,capacity_matched_deepsets,44,3360.0,0.1566058099269867
1,b005_0291,capacity_matched_deepsets,44,3420.0,0.1507895439863205
1,b005_0291,capacity_matched_deepsets,44,3480.0,0.14472518861293793
1,b005_0291,capacity_matched_deepsets,44,3540.0,0.13839216530323029
1,b005_0291,capacity_matched_deepsets,44,3600.0,0.1317691206932068
1,b005_0291,capacity_matched_deepsets,45,0.0,0.9977115392684937
1,b005_0291,capacity_matched_deepsets,45,60.0,0.9967067837715149
1,b005_0291,capacity_matched_deepsets,45,120.0,0.9817559719085693
1,b005_0291,capacity_matched_deepsets,45,180.0,0.8119246959686279
1,b005_0291,capacity_matched_deepsets,45,240.0,0.7484949827194214
1,b005_0291,capacity_matched_deepsets,45,300.0,0.7413904666900635
1,b005_0291,capacity_matched_deepsets,45,360.0,0.7418080568313599
1,b005_0291,capacity_matched_deepsets,45,420.0,0.7433693408966064
1,b005_0291,capacity_matched_deepsets,45,480.0,0.743628740310669
1,b005_0291,capacity_matched_deepsets,45,540.0,0.7424798011779785
1,b005_0291,capacity_matched_deepsets,45,600.0,0.7389167547225952
1,b005_0291,capacity_matched_deepsets,45,660.0,0.7321823239326477
1,b005_0291,capacity_matched_deepsets,45,720.0,0.7197977304458618
1,b005_0291,capacity_matched_deepsets,45,780.0,0.7057905197143555
1,b005_0291,capacity_matched_deepsets,45,840.0,0.6916519403457642
1,b005_0291,capacity_matched_deepsets,45,900.0,0.6772183775901794
1,b005_0291,capacity_matched_deepsets,45,960.0,0.662506103515625
1,b005_0291,capacity_matched_deepsets,45,1020.0,0.6444140672683716
1,b005_0291,capacity_matched_deepsets,45,1080.0,0.6224991679191589
1,b005_0291,capacity_matched_deepsets,45,1140.0,0.5953782796859741
1,b005_0291,capacity_matched_deepsets,45,1200.0,0.5681343078613281
1,b005_0291,capacity_matched_deepsets,45,1260.0,0.5400387048721313
1,b005_0291,capacity_matched_deepsets,45,1320.0,0.5102201700210571
1,b005_0291,capacity_matched_deepsets,45,1380.0,0.4793458580970764
1,b005_0291,capacity_matched_deepsets,45,1440.0,0.4513109028339386
1,b005_0291,capacity_matched_deepsets,45,1500.0,0.43599143624305725
1,b005_0291,capacity_matched_deepsets,45,1560.0,0.4236850440502167
1,b005_0291,capacity_matched_deepsets,45,1620.0,0.41286322474479675
1,b005_0291,capacity_matched_deepsets,45,1680.0,0.4028698205947876
1,b005_0291,capacity_matched_deepsets,45,1740.0,0.39342817664146423
1,b005_0291,capacity_matched_deepsets,45,1800.0,0.3843842148780823
1,b005_0291,capacity_matched_deepsets,45,1860.0,0.37487342953681946
1,b005_0291,capacity_matched_deepsets,45,1920.0,0.36570829153060913
1,b005_0291,capacity_matched_deepsets,45,1980.0,0.3568587899208069
1,b005_0291,capacity_matched_deepsets,45,2040.0,0.3483598232269287
1,b005_0291,capacity_matched_deepsets,45,2100.0,0.33989420533180237
1,b005_0291,capacity_matched_deepsets,45,2160.0,0.32980236411094666
1,b005_0291,capacity_matched_deepsets,45,2220.0,0.3179859519004822
1,b005_0291,capacity_matched_deepsets,45,2280.0,0.3068072199821472
1,b005_0291,capacity_matched_deepsets,45,2340.0,0.2960946261882782
1,b005_0291,capacity_matched_deepsets,45,2400.0,0.2858352065086365
1,b005_0291,capacity_matched_deepsets,45,2460.0,0.27601510286331177
1,b005_0291,capacity_matched_deepsets,45,2520.0,0.26666224002838135
1,b005_0291,capacity_matched_deepsets,45,2580.0,0.2578884959220886
1,b005_0291,capacity_matched_deepsets,45,2640.0,0.2492855340242386
1,b005_0291,capacity_matched_deepsets,45,2700.0,0.23933124542236328
1,b005_0291,capacity_matched_deepsets,45,2760.0,0.2286447435617447
1,b005_0291,capacity_matched_deepsets,45,2820.0,0.2175513356924057
1,b005_0291,capacity_matched_deepsets,45,2880.0,0.20721575617790222
1,b005_0291,capacity_matched_deepsets,45,2940.0,0.19751498103141785
1,b005_0291,capacity_matched_deepsets,45,3000.0,0.18841303884983063
1,b005_0291,capacity_matched_deepsets,45,3060.0,0.17961563169956207
1,b005_0291,capacity_matched_deepsets,45,3120.0,0.17114688456058502
1,b005_0291,capacity_matched_deepsets,45,3180.0,0.16334086656570435
1,b005_0291,capacity_matched_deepsets,45,3240.0,0.1560923308134079
1,b005_0291,capacity_matched_deepsets,45,3300.0,0.14873279631137848
1,b005_0291,capacity_matched_deepsets,45,3360.0,0.14169751107692719
1,b005_0291,capacity_matched_deepsets,45,3420.0,0.13521572947502136
1,b005_0291,capacity_matched_deepsets,45,3480.0,0.1296955645084381
1,b005_0291,capacity_matched_deepsets,45,3540.0,0.12471392750740051
1,b005_0291,capacity_matched_deepsets,45,3600.0,0.1196148693561554
1,b005_0291,capacity_matched_deepsets,46,0.0,0.997168242931366
1,b005_0291,capacity_matched_deepsets,46,60.0,0.9967083930969238
1,b005_0291,capacity_matched_deepsets,46,120.0,0.9824382662773132
1,b005_0291,capacity_matched_deepsets,46,180.0,0.8091856241226196
1,b005_0291,capacity_matched_deepsets,46,240.0,0.7544071674346924
1,b005_0291,capacity_matched_deepsets,46,300.0,0.7474955320358276
1,b005_0291,capacity_matched_deepsets,46,360.0,0.748824417591095
1,b005_0291,capacity_matched_deepsets,46,420.0,0.7491813898086548
1,b005_0291,capacity_matched_deepsets,46,480.0,0.7477462291717529
1,b005_0291,capacity_matched_deepsets,46,540.0,0.744570791721344
1,b005_0291,capacity_matched_deepsets,46,600.0,0.7393507957458496
1,b005_0291,capacity_matched_deepsets,46,660.0,0.7315627336502075
1,b005_0291,capacity_matched_deepsets,46,720.0,0.7203987240791321
1,b005_0291,capacity_matched_deepsets,46,780.0,0.7084042429924011
1,b005_0291,capacity_matched_deepsets,46,840.0,0.6954702734947205
1,b005_0291,capacity_matched_deepsets,46,900.0,0.6794712543487549
1,b005_0291,capacity_matched_deepsets,46,960.0,0.6610427498817444
1,b005_0291,capacity_matched_deepsets,46,1020.0,0.6383402943611145
1,b005_0291,capacity_matched_deepsets,46,1080.0,0.6129103899002075
1,b005_0291,capacity_matched_deepsets,46,1140.0,0.5849423408508301
1,b005_0291,capacity_matched_deepsets,46,1200.0,0.5537371039390564
1,b005_0291,capacity_matched_deepsets,46,1260.0,0.5217016935348511
1,b005_0291,capacity_matched_deepsets,46,1320.0,0.49080100655555725
1,b005_0291,capacity_matched_deepsets,46,1380.0,0.46242624521255493
1,b005_0291,capacity_matched_deepsets,46,1440.0,0.4442548155784607
1,b005_0291,capacity_matched_deepsets,46,1500.0,0.43154799938201904
1,b005_0291,capacity_matched_deepsets,46,1560.0,0.4201984405517578
1,b005_0291,capacity_matched_deepsets,46,1620.0,0.4097912609577179
1,b005_0291,capacity_matched_deepsets,46,1680.0,0.3997889757156372
1,b005_0291,capacity_matched_deepsets,46,1740.0,0.3903363049030304
1,b005_0291,capacity_matched_deepsets,46,1800.0,0.3813367784023285
1,b005_0291,capacity_matched_deepsets,46,1860.0,0.37267470359802246
1,b005_0291,capacity_matched_deepsets,46,1920.0,0.364261656999588
1,b005_0291,capacity_matched_deepsets,46,1980.0,0.35602787137031555
1,b005_0291,capacity_matched_deepsets,46,2040.0,0.34791696071624756
1,b005_0291,capacity_matched_deepsets,46,2100.0,0.3398838937282562
1,b005_0291,capacity_matched_deepsets,46,2160.0,0.33180633187294006
1,b005_0291,capacity_matched_deepsets,46,2220.0,0.3230460584163666
1,b005_0291,capacity_matched_deepsets,46,2280.0,0.3131939172744751
1,b005_0291,capacity_matched_deepsets,46,2340.0,0.30342763662338257
1,b005_0291,capacity_matched_deepsets,46,2400.0,0.29375264048576355
1,b005_0291,capacity_matched_deepsets,46,2460.0,0.2841881513595581
1,b005_0291,capacity_matched_deepsets,46,2520.0,0.2747651934623718
1,b005_0291,capacity_matched_deepsets,46,2580.0,0.2654523253440857
1,b005_0291,capacity_matched_deepsets,46,2640.0,0.25523924827575684
1,b005_0291,capacity_matched_deepsets,46,2700.0,0.24530205130577087
1,b005_0291,capacity_matched_deepsets,46,2760.0,0.23570899665355682
1,b005_0291,capacity_matched_deepsets,46,2820.0,0.22588862478733063
1,b005_0291,capacity_matched_deepsets,46,2880.0,0.2166379988193512
1,b005_0291,capacity_matched_deepsets,46,2940.0,0.20792318880558014
1,b005_0291,capacity_matched_deepsets,46,3000.0,0.19976668059825897
1,b005_0291,capacity_matched_deepsets,46,3060.0,0.19214826822280884
1,b005_0291,capacity_matched_deepsets,46,3120.0,0.18447162210941315
1,b005_0291,capacity_matched_deepsets,46,3180.0,0.1773739606142044
1,b005_0291,capacity_matched_deepsets,46,3240.0,0.17081871628761292
1,b005_0291,capacity_matched_deepsets,46,3300.0,0.16475939750671387
1,b005_0291,capacity_matched_deepsets,46,3360.0,0.15909190475940704
1,b005_0291,capacity_matched_deepsets,46,3420.0,0.15270254015922546
1,b005_0291,capacity_matched_deepsets,46,3480.0,0.14669044315814972
1,b005_0291,capacity_matched_deepsets,46,3540.0,0.1410209983587265
1,b005_0291,capacity_matched_deepsets,46,3600.0,0.13570544123649597
1,b005_0291,gnn,42,0.0,0.9971866011619568
1,b005_0291,gnn,42,60.0,0.996908962726593
1,b005_0291,gnn,42,120.0,0.979919970035553
1,b005_0291,gnn,42,180.0,0.7911109924316406
1,b005_0291,gnn,42,240.0,0.7385169863700867
1,b005_0291,gnn,42,300.0,0.733746349811554
1,b005_0291,gnn,42,360.0,0.7370371222496033
1,b005_0291,gnn,42,420.0,0.7395546436309814
1,b005_0291,gnn,42,480.0,0.7386376261711121
1,b005_0291,gnn,42,540.0,0.7351576685905457
1,b005_0291,gnn,42,600.0,0.7287250757217407
1,b005_0291,gnn,42,660.0,0.721631646156311
1,b005_0291,gnn,42,720.0,0.7120944857597351
1,b005_0291,gnn,42,780.0,0.7015618681907654
1,b005_0291,gnn,42,840.0,0.6901316046714783
1,b005_0291,gnn,42,900.0,0.6753259301185608
1,b005_0291,gnn,42,960.0,0.6549005508422852
1,b005_0291,gnn,42,1020.0,0.6317941546440125
1,b005_0291,gnn,42,1080.0,0.6048901677131653
1,b005_0291,gnn,42,1140.0,0.576373279094696
1,b005_0291,gnn,42,1200.0,0.5466111302375793
1,b005_0291,gnn,42,1260.0,0.5180681347846985
1,b005_0291,gnn,42,1320.0,0.49391716718673706
1,b005_0291,gnn,42,1380.0,0.47138500213623047
1,b005_0291,gnn,42,1440.0,0.452839732170105
1,b005_0291,gnn,42,1500.0,0.441192626953125
1,b005_0291,gnn,42,1560.0,0.43041324615478516
1,b005_0291,gnn,42,1620.0,0.42037877440452576
1,b005_0291,gnn,42,1680.0,0.41078469157218933
1,b005_0291,gnn,42,1740.0,0.4014475643634796
1,b005_0291,gnn,42,1800.0,0.39227214455604553
1,b005_0291,gnn,42,1860.0,0.3831162750720978
1,b005_0291,gnn,42,1920.0,0.37303486466407776
1,b005_0291,gnn,42,1980.0,0.36314550042152405
1,b005_0291,gnn,42,2040.0,0.3534296452999115
1,b005_0291,gnn,42,2100.0,0.34386885166168213
1,b005_0291,gnn,42,2160.0,0.3344017267227173
1,b005_0291,gnn,42,2220.0,0.3249957263469696
1,b005_0291,gnn,42,2280.0,0.3156890273094177
1,b005_0291,gnn,42,2340.0,0.30649498105049133
1,b005_0291,gnn,42,2400.0,0.29742518067359924
1,b005_0291,gnn,42,2460.0,0.288490891456604
1,b005_0291,gnn,42,2520.0,0.27869540452957153
1,b005_0291,gnn,42,2580.0,0.26870813965797424
1,b005_0291,gnn,42,2640.0,0.25892767310142517
1,b005_0291,gnn,42,2700.0,0.24936628341674805
1,b005_0291,gnn,42,2760.0,0.24002349376678467
1,b005_0291,gnn,42,2820.0,0.2308664172887802
1,b005_0291,gnn,42,2880.0,0.22192342579364777
1,b005_0291,gnn,42,2940.0,0.21354161202907562
1,b005_0291,gnn,42,3000.0,0.205562025308609
1,b005_0291,gnn,42,3060.0,0.19788102805614471
1,b005_0291,gnn,42,3120.0,0.19047915935516357
1,b005_0291,gnn,42,3180.0,0.18334168195724487
1,b005_0291,gnn,42,3240.0,0.17632552981376648
1,b005_0291,gnn,42,3300.0,0.16955280303955078
1,b005_0291,gnn,42,3360.0,0.16304880380630493
1,b005_0291,gnn,42,3420.0,0.1567884236574173
1,b005_0291,gnn,42,3480.0,0.15065868198871613
1,b005_0291,gnn,42,3540.0,0.14469043910503387
1,b005_0291,gnn,42,3600.0,0.13895122706890106
1,b005_0291,gnn,43,0.0,0.9963802695274353
1,b005_0291,gnn,43,60.0,0.9953904151916504
1,b005_0291,gnn,43,120.0,0.9711260199546814
1,b005_0291,gnn,43,180.0,0.7961136102676392
1,b005_0291,gnn,43,240.0,0.749311625957489
1,b005_0291,gnn,43,300.0,0.7462778091430664
1,b005_0291,gnn,43,360.0,0.7486845254898071
1,b005_0291,gnn,43,420.0,0.7492709159851074
1,b005_0291,gnn,43,480.0,0.7470219135284424
1,b005_0291,gnn,43,540.0,0.7420026063919067
1,b005_0291,gnn,43,600.0,0.735720157623291
1,b005_0291,gnn,43,660.0,0.72852623462677
1,b005_0291,gnn,43,720.0,0.7184910178184509
1,b005_0291,gnn,43,780.0,0.7051600813865662
1,b005_0291,gnn,43,840.0,0.6904325485229492
1,b005_0291,gnn,43,900.0,0.6741296052932739
1,b005_0291,gnn,43,960.0,0.6561259627342224
1,b005_0291,gnn,43,1020.0,0.6366437673568726
1,b005_0291,gnn,43,1080.0,0.6155813336372375
1,b005_0291,gnn,43,1140.0,0.5927767753601074
1,b005_0291,gnn,43,1200.0,0.5650351047515869
1,b005_0291,gnn,43,1260.0,0.5356624722480774
1,b005_0291,gnn,43,1320.0,0.5052236318588257
1,b005_0291,gnn,43,1380.0,0.4747239053249359
1,b005_0291,gnn,43,1440.0,0.4489037096500397
1,b005_0291,gnn,43,1500.0,0.4251575171947479
1,b005_0291,gnn,43,1560.0,0.41343119740486145
1,b005_0291,gnn,43,1620.0,0.40377700328826904
1,b005_0291,gnn,43,1680.0,0.3950362503528595
1,b005_0291,gnn,43,1740.0,0.3869953453540802
1,b005_0291,gnn,43,1800.0,0.37947356700897217
1,b005_0291,gnn,43,1860.0,0.37211889028549194
1,b005_0291,gnn,43,1920.0,0.3647695481777191
1,b005_0291,gnn,43,1980.0,0.35583677887916565
1,b005_0291,gnn,43,2040.0,0.34630098938941956
1,b005_0291,gnn,43,2100.0,0.33687835931777954
1,b005_0291,gnn,43,2160.0,0.3271639347076416
1,b005_0291,gnn,43,2220.0,0.3172175884246826
1,b005_0291,gnn,43,2280.0,0.3071722090244293
1,b005_0291,gnn,43,2340.0,0.2973684072494507
1,b005_0291,gnn,43,2400.0,0.28780990839004517
1,b005_0291,gnn,43,2460.0,0.2784980535507202
1,b005_0291,gnn,43,2520.0,0.26943278312683105
1,b005_0291,gnn,43,2580.0,0.2606142461299896
1,b005_0291,gnn,43,2640.0,0.252043217420578
1,b005_0291,gnn,43,2700.0,0.2437216341495514
1,b005_0291,gnn,43,2760.0,0.23565305769443512
1,b005_0291,gnn,43,2820.0,0.2278423309326172
1,b005_0291,gnn,43,2880.0,0.22029520571231842
1,b005_0291,gnn,43,2940.0,0.21201729774475098
1,b005_0291,gnn,43,3000.0,0.2038460075855255
1,b005_0291,gnn,43,3060.0,0.1960609406232834
1,b005_0291,gnn,43,3120.0,0.1885543018579483
1,b005_0291,gnn,43,3180.0,0.18138614296913147
1,b005_0291,gnn,43,3240.0,0.1745731234550476
1,b005_0291,gnn,43,3300.0,0.16810034215450287
1,b005_0291,gnn,43,3360.0,0.1619504988193512
1,b005_0291,gnn,43,3420.0,0.15604665875434875
1,b005_0291,gnn,43,3480.0,0.14986830949783325
1,b005_0291,gnn,43,3540.0,0.14330264925956726
1,b005_0291,gnn,43,3600.0,0.13688674569129944
1,b005_0291,gnn,44,0.0,0.9980698227882385
1,b005_0291,gnn,44,60.0,0.998006284236908
1,b005_0291,gnn,44,120.0,0.9803978800773621
1,b005_0291,gnn,44,180.0,0.8098921179771423
1,b005_0291,gnn,44,240.0,0.7578437924385071
1,b005_0291,gnn,44,300.0,0.7518988847732544
1,b005_0291,gnn,44,360.0,0.7543888688087463
1,b005_0291,gnn,44,420.0,0.755524218082428
1,b005_0291,gnn,44,480.0,0.7536290884017944
1,b005_0291,gnn,44,540.0,0.7486569285392761
1,b005_0291,gnn,44,600.0,0.7399269342422485
1,b005_0291,gnn,44,660.0,0.7295196056365967
1,b005_0291,gnn,44,720.0,0.7172038555145264
1,b005_0291,gnn,44,780.0,0.7008638381958008
1,b005_0291,gnn,44,840.0,0.6854206323623657
1,b005_0291,gnn,44,900.0,0.6695351004600525
1,b005_0291,gnn,44,960.0,0.6515606641769409
1,b005_0291,gnn,44,1020.0,0.6312959790229797
1,b005_0291,gnn,44,1080.0,0.6066425442695618
1,b005_0291,gnn,44,1140.0,0.5804446935653687
1,b005_0291,gnn,44,1200.0,0.5527260899543762
1,b005_0291,gnn,44,1260.0,0.5252466797828674
1,b005_0291,gnn,44,1320.0,0.4994446933269501
1,b005_0291,gnn,44,1380.0,0.4763116240501404
1,b005_0291,gnn,44,1440.0,0.4561852812767029
1,b005_0291,gnn,44,1500.0,0.43876975774765015
1,b005_0291,gnn,44,1560.0,0.423938125371933
1,b005_0291,gnn,44,1620.0,0.4141157269477844
1,b005_0291,gnn,44,1680.0,0.4048384428024292
1,b005_0291,gnn,44,1740.0,0.39494848251342773
1,b005_0291,gnn,44,1800.0,0.38435739278793335
1,b005_0291,gnn,44,1860.0,0.37402263283729553
1,b005_0291,gnn,44,1920.0,0.36389774084091187
1,b005_0291,gnn,44,1980.0,0.35407137870788574
1,b005_0291,gnn,44,2040.0,0.344485342502594
1,b005_0291,gnn,44,2100.0,0.3351125121116638
1,b005_0291,gnn,44,2160.0,0.3259326219558716
1,b005_0291,gnn,44,2220.0,0.3168889880180359
1,b005_0291,gnn,44,2280.0,0.30801263451576233
1,b005_0291,gnn,44,2340.0,0.29942405223846436
1,b005_0291,gnn,44,2400.0,0.2902606129646301
1,b005_0291,gnn,44,2460.0,0.2807677686214447
1,b005_0291,gnn,44,2520.0,0.2716367840766907
1,b005_0291,gnn,44,2580.0,0.26215457916259766
1,b005_0291,gnn,44,2640.0,0.25250062346458435
1,b005_0291,gnn,44,2700.0,0.24301759898662567
1,b005_0291,gnn,44,2760.0,0.23373551666736603
1,b005_0291,gnn,44,2820.0,0.22477450966835022
1,b005_0291,gnn,44,2880.0,0.21605409681797028
1,b005_0291,gnn,44,2940.0,0.20749348402023315
1,b005_0291,gnn,44,3000.0,0.19911634922027588
1,b005_0291,gnn,44,3060.0,0.19107018411159515
1,b005_0291,gnn,44,3120.0,0.18337488174438477
1,b005_0291,gnn,44,3180.0,0.1761251538991928
1,b005_0291,gnn,44,3240.0,0.16950182616710663
1,b005_0291,gnn,44,3300.0,0.16328482329845428
1,b005_0291,gnn,44,3360.0,0.15738652646541595
1,b005_0291,gnn,44,3420.0,0.15185871720314026
1,b005_0291,gnn,44,3480.0,0.14653226733207703
1,b005_0291,gnn,44,3540.0,0.14139805734157562
1,b005_0291,gnn,44,3600.0,0.13645675778388977
1,b005_0291,gnn,45,0.0,0.9977831244468689
1,b005_0291,gnn,45,60.0,0.9965083003044128
1,b005_0291,gnn,45,120.0,0.9825635552406311
1,b005_0291,gnn,45,180.0,0.8200859427452087
1,b005_0291,gnn,45,240.0,0.7505504488945007
1,b005_0291,gnn,45,300.0,0.744553804397583
1,b005_0291,gnn,45,360.0,0.7453628778457642
1,b005_0291,gnn,45,420.0,0.7462540864944458
1,b005_0291,gnn,45,480.0,0.7457159757614136
1,b005_0291,gnn,45,540.0,0.7432221174240112
1,b005_0291,gnn,45,600.0,0.73514723777771
1,b005_0291,gnn,45,660.0,0.7215099930763245
1,b005_0291,gnn,45,720.0,0.7084793448448181
1,b005_0291,gnn,45,780.0,0.6969966292381287
1,b005_0291,gnn,45,840.0,0.6865965127944946
1,b005_0291,gnn,45,900.0,0.6720330119132996
1,b005_0291,gnn,45,960.0,0.654026985168457
1,b005_0291,gnn,45,1020.0,0.6333003640174866
1,b005_0291,gnn,45,1080.0,0.6117940545082092
1,b005_0291,gnn,45,1140.0,0.5889032483100891
1,b005_0291,gnn,45,1200.0,0.5630155801773071
1,b005_0291,gnn,45,1260.0,0.5316200256347656
1,b005_0291,gnn,45,1320.0,0.4976004362106323
1,b005_0291,gnn,45,1380.0,0.4682813584804535
1,b005_0291,gnn,45,1440.0,0.4475495219230652
1,b005_0291,gnn,45,1500.0,0.43155670166015625
1,b005_0291,gnn,45,1560.0,0.41873589158058167
1,b005_0291,gnn,45,1620.0,0.40806108713150024
1,b005_0291,gnn,45,1680.0,0.3988558351993561
1,b005_0291,gnn,45,1740.0,0.39064306020736694
1,b005_0291,gnn,45,1800.0,0.3823554515838623
1,b005_0291,gnn,45,1860.0,0.37408265471458435
1,b005_0291,gnn,45,1920.0,0.36544179916381836
1,b005_0291,gnn,45,1980.0,0.3552975654602051
1,b005_0291,gnn,45,2040.0,0.3455067574977875
1,b005_0291,gnn,45,2100.0,0.33603546023368835
1,b005_0291,gnn,45,2160.0,0.3268585205078125
1,b005_0291,gnn,45,2220.0,0.3179575800895691
1,b005_0291,gnn,45,2280.0,0.30931925773620605
1,b005_0291,gnn,45,2340.0,0.3009343445301056
1,b005_0291,gnn,45,2400.0,0.2927962839603424
1,b005_0291,gnn,45,2460.0,0.2834973633289337
1,b005_0291,gnn,45,2520.0,0.2735331654548645
1,b005_0291,gnn,45,2580.0,0.2637723684310913
1,b005_0291,gnn,45,2640.0,0.25390228629112244
1,b005_0291,gnn,45,2700.0,0.24442915618419647
1,b005_0291,gnn,45,2760.0,0.235352024435997
1,b005_0291,gnn,45,2820.0,0.22677983343601227
1,b005_0291,gnn,45,2880.0,0.21842120587825775
1,b005_0291,gnn,45,2940.0,0.21049335598945618
1,b005_0291,gnn,45,3000.0,0.20299449563026428
1,b005_0291,gnn,45,3060.0,0.19506320357322693
1,b005_0291,gnn,45,3120.0,0.18716944754123688
1,b005_0291,gnn,45,3180.0,0.17950484156608582
1,b005_0291,gnn,45,3240.0,0.172125905752182
1,b005_0291,gnn,45,3300.0,0.16506221890449524
1,b005_0291,gnn,45,3360.0,0.1582978218793869
1,b005_0291,gnn,45,3420.0,0.1515405923128128
1,b005_0291,gnn,45,3480.0,0.14522965252399445
1,b005_0291,gnn,45,3540.0,0.13925650715827942
1,b005_0291,gnn,45,3600.0,0.13361002504825592
1,b005_0291,gnn,46,0.0,0.9967269897460938
1,b005_0291,gnn,46,60.0,0.9963638186454773
1,b005_0291,gnn,46,120.0,0.9737564325332642
1,b005_0291,gnn,46,180.0,0.7980939745903015
1,b005_0291,gnn,46,240.0,0.7433853149414062
1,b005_0291,gnn,46,300.0,0.7376652359962463
1,b005_0291,gnn,46,360.0,0.740414559841156
1,b005_0291,gnn,46,420.0,0.7420212030410767
1,b005_0291,gnn,46,480.0,0.7412691116333008
1,b005_0291,gnn,46,540.0,0.7378392815589905
1,b005_0291,gnn,46,600.0,0.7324614524841309
1,b005_0291,gnn,46,660.0,0.7260100245475769
1,b005_0291,gnn,46,720.0,0.7186746597290039
1,b005_0291,gnn,46,780.0,0.7112316489219666
1,b005_0291,gnn,46,840.0,0.7010306715965271
1,b005_0291,gnn,46,900.0,0.6826988458633423
1,b005_0291,gnn,46,960.0,0.6642756462097168
1,b005_0291,gnn,46,1020.0,0.6456087827682495
1,b005_0291,gnn,46,1080.0,0.6248322129249573
1,b005_0291,gnn,46,1140.0,0.600835382938385
1,b005_0291,gnn,46,1200.0,0.5739063024520874
1,b005_0291,gnn,46,1260.0,0.5433040261268616
1,b005_0291,gnn,46,1320.0,0.510494589805603
1,b005_0291,gnn,46,1380.0,0.48000743985176086
1,b005_0291,gnn,46,1440.0,0.45511317253112793
1,b005_0291,gnn,46,1500.0,0.4363792836666107
1,b005_0291,gnn,46,1560.0,0.42302459478378296
1,b005_0291,gnn,46,1620.0,0.41222962737083435
1,b005_0291,gnn,46,1680.0,0.40277227759361267
1,b005_0291,gnn,46,1740.0,0.39385733008384705
1,b005_0291,gnn,46,1800.0,0.38536471128463745
1,b005_0291,gnn,46,1860.0,0.3764409124851227
1,b005_0291,gnn,46,1920.0,0.3677023649215698
1,b005_0291,gnn,46,1980.0,0.3590482175350189
1,b005_0291,gnn,46,2040.0,0.35036346316337585
1,b005_0291,gnn,46,2100.0,0.3418222665786743
1,b005_0291,gnn,46,2160.0,0.3334099054336548
1,b005_0291,gnn,46,2220.0,0.3251170516014099
1,b005_0291,gnn,46,2280.0,0.3161374628543854
1,b005_0291,gnn,46,2340.0,0.30583107471466064
1,b005_0291,gnn,46,2400.0,0.2955824136734009
1,b005_0291,gnn,46,2460.0,0.28471639752388
1,b005_0291,gnn,46,2520.0,0.2739916145801544
1,b005_0291,gnn,46,2580.0,0.26354536414146423
1,b005_0291,gnn,46,2640.0,0.253380686044693
1,b005_0291,gnn,46,2700.0,0.24349462985992432
1,b005_0291,gnn,46,2760.0,0.23390807211399078
1,b005_0291,gnn,46,2820.0,0.22464650869369507
1,b005_0291,gnn,46,2880.0,0.2157265990972519
1,b005_0291,gnn,46,2940.0,0.20715706050395966
1,b005_0291,gnn,46,3000.0,0.19893912971019745
1,b005_0291,gnn,46,3060.0,0.1910671442747116
1,b005_0291,gnn,46,3120.0,0.18352854251861572
1,b005_0291,gnn,46,3180.0,0.17627491056919098
1,b005_0291,gnn,46,3240.0,0.16923215985298157
1,b005_0291,gnn,46,3300.0,0.16245807707309723
1,b005_0291,gnn,46,3360.0,0.15592287480831146
1,b005_0291,gnn,46,3420.0,0.14959204196929932
1,b005_0291,gnn,46,3480.0,0.1434270143508911
1,b005_0291,gnn,46,3540.0,0.13738635182380676
1,b005_0291,gnn,46,3600.0,0.13142763078212738
2,b005_0622,capacity_matched_deepsets,42,0.0,0.9975302815437317
2,b005_0622,capacity_matched_deepsets,42,60.0,0.9975334405899048
2,b005_0622,capacity_matched_deepsets,42,120.0,0.99750816822052
2,b005_0622,capacity_matched_deepsets,42,180.0,0.9974954128265381
2,b005_0622,capacity_matched_deepsets,42,240.0,0.9974696636199951
2,b005_0622,capacity_matched_deepsets,42,300.0,0.9974145889282227
2,b005_0622,capacity_matched_deepsets,42,360.0,0.9973028898239136
2,b005_0622,capacity_matched_deepsets,42,420.0,0.9969800114631653
2,b005_0622,capacity_matched_deepsets,42,480.0,0.995938777923584
2,b005_0622,capacity_matched_deepsets,42,540.0,0.9919554591178894
2,b005_0622,capacity_matched_deepsets,42,600.0,0.9691587686538696
2,b005_0622,capacity_matched_deepsets,42,660.0,0.852744996547699
2,b005_0622,capacity_matched_deepsets,42,720.0,0.776080846786499
2,b005_0622,capacity_matched_deepsets,42,780.0,0.7464896440505981
2,b005_0622,capacity_matched_deepsets,42,840.0,0.7450248599052429
2,b005_0622,capacity_matched_deepsets,42,900.0,0.7423184514045715
2,b005_0622,capacity_matched_deepsets,42,960.0,0.72599196434021
2,b005_0622,capacity_matched_deepsets,42,1020.0,0.6966267824172974
2,b005_0622,capacity_matched_deepsets,42,1080.0,0.6643425226211548
2,b005_0622,capacity_matched_deepsets,42,1140.0,0.6382134556770325
2,b005_0622,capacity_matched_deepsets,42,1200.0,0.614625871181488
2,b005_0622,capacity_matched_deepsets,42,1260.0,0.5935489535331726
2,b005_0622,capacity_matched_deepsets,42,1320.0,0.5754042267799377
2,b005_0622,capacity_matched_deepsets,42,1380.0,0.5595928430557251
2,b005_0622,capacity_matched_deepsets,42,1440.0,0.5451940894126892
2,b005_0622,capacity_matched_deepsets,42,1500.0,0.5318445563316345
2,b005_0622,capacity_matched_deepsets,42,1560.0,0.5192874670028687
2,b005_0622,capacity_matched_deepsets,42,1620.0,0.5129629969596863
2,b005_0622,capacity_matched_deepsets,42,1680.0,0.5110936760902405
2,b005_0622,capacity_matched_deepsets,42,1740.0,0.5120856761932373
2,b005_0622,capacity_matched_deepsets,42,1800.0,0.5148482918739319
2,b005_0622,capacity_matched_deepsets,42,1860.0,0.5193830728530884
2,b005_0622,capacity_matched_deepsets,42,1920.0,0.522767186164856
2,b005_0622,capacity_matched_deepsets,42,1980.0,0.5242295861244202
2,b005_0622,capacity_matched_deepsets,42,2040.0,0.5266387462615967
2,b005_0622,capacity_matched_deepsets,42,2100.0,0.5287163257598877
2,b005_0622,capacity_matched_deepsets,42,2160.0,0.529895544052124
2,b005_0622,capacity_matched_deepsets,42,2220.0,0.530414342880249
2,b005_0622,capacity_matched_deepsets,42,2280.0,0.5271958112716675
2,b005_0622,capacity_matched_deepsets,42,2340.0,0.5235117077827454
2,b005_0622,capacity_matched_deepsets,42,2400.0,0.5149784088134766
2,b005_0622,capacity_matched_deepsets,42,2460.0,0.5058810114860535
2,b005_0622,capacity_matched_deepsets,42,2520.0,0.4959467053413391
2,b005_0622,capacity_matched_deepsets,42,2580.0,0.48708975315093994
2,b005_0622,capacity_matched_deepsets,42,2640.0,0.47945132851600647
2,b005_0622,capacity_matched_deepsets,42,2700.0,0.4730077087879181
2,b005_0622,capacity_matched_deepsets,42,2760.0,0.4676320254802704
2,b005_0622,capacity_matched_deepsets,42,2820.0,0.4628068208694458
2,b005_0622,capacity_matched_deepsets,42,2880.0,0.45861467719078064
2,b005_0622,capacity_matched_deepsets,42,2940.0,0.45579835772514343
2,b005_0622,capacity_matched_deepsets,42,3000.0,0.4535173177719116
2,b005_0622,capacity_matched_deepsets,42,3060.0,0.4516771733760834
2,b005_0622,capacity_matched_deepsets,42,3120.0,0.45026499032974243
2,b005_0622,capacity_matched_deepsets,42,3180.0,0.4493078291416168
2,b005_0622,capacity_matched_deepsets,42,3240.0,0.44843950867652893
2,b005_0622,capacity_matched_deepsets,42,3300.0,0.45040425658226013
2,b005_0622,capacity_matched_deepsets,42,3360.0,0.45281001925468445
2,b005_0622,capacity_matched_deepsets,42,3420.0,0.4557267427444458
2,b005_0622,capacity_matched_deepsets,42,3480.0,0.4593522548675537
2,b005_0622,capacity_matched_deepsets,42,3540.0,0.4672340452671051
2,b005_0622,capacity_matched_deepsets,42,3600.0,0.47784754633903503
2,b005_0622,capacity_matched_deepsets,43,0.0,0.9974459409713745
2,b005_0622,capacity_matched_deepsets,43,60.0,0.9974879026412964
2,b005_0622,capacity_matched_deepsets,43,120.0,0.9975237250328064
2,b005_0622,capacity_matched_deepsets,43,180.0,0.9975097179412842
2,b005_0622,capacity_matched_deepsets,43,240.0,0.9974204301834106
2,b005_0622,capacity_matched_deepsets,43,300.0,0.9971961975097656
2,b005_0622,capacity_matched_deepsets,43,360.0,0.9966992735862732
2,b005_0622,capacity_matched_deepsets,43,420.0,0.9955869913101196
2,b005_0622,capacity_matched_deepsets,43,480.0,0.9928109049797058
2,b005_0622,capacity_matched_deepsets,43,540.0,0.9846791625022888
2,b005_0622,capacity_matched_deepsets,43,600.0,0.9588925838470459
2,b005_0622,capacity_matched_deepsets,43,660.0,0.8622356653213501
2,b005_0622,capacity_matched_deepsets,43,720.0,0.7557051181793213
2,b005_0622,capacity_matched_deepsets,43,780.0,0.7341591119766235
2,b005_0622,capacity_matched_deepsets,43,840.0,0.7355555891990662
2,b005_0622,capacity_matched_deepsets,43,900.0,0.7339559197425842
2,b005_0622,capacity_matched_deepsets,43,960.0,0.7253758907318115
2,b005_0622,capacity_matched_deepsets,43,1020.0,0.703253984451294
2,b005_0622,capacity_matched_deepsets,43,1080.0,0.6694525480270386
2,b005_0622,capacity_matched_deepsets,43,1140.0,0.640311062335968
2,b005_0622,capacity_matched_deepsets,43,1200.0,0.6174710988998413
2,b005_0622,capacity_matched_deepsets,43,1260.0,0.5984604358673096
2,b005_0622,capacity_matched_deepsets,43,1320.0,0.5822416543960571
2,b005_0622,capacity_matched_deepsets,43,1380.0,0.5674623250961304
2,b005_0622,capacity_matched_deepsets,43,1440.0,0.5529539585113525
2,b005_0622,capacity_matched_deepsets,43,1500.0,0.5378246903419495
2,b005_0622,capacity_matched_deepsets,43,1560.0,0.5228378176689148
2,b005_0622,capacity_matched_deepsets,43,1620.0,0.5129275918006897
2,b005_0622,capacity_matched_deepsets,43,1680.0,0.5066274404525757
2,b005_0622,capacity_matched_deepsets,43,1740.0,0.5028533339500427
2,b005_0622,capacity_matched_deepsets,43,1800.0,0.5013375282287598
2,b005_0622,capacity_matched_deepsets,43,1860.0,0.5026943683624268
2,b005_0622,capacity_matched_deepsets,43,1920.0,0.5063747763633728
2,b005_0622,capacity_matched_deepsets,43,1980.0,0.5111100673675537
2,b005_0622,capacity_matched_deepsets,43,2040.0,0.5160399079322815
2,b005_0622,capacity_matched_deepsets,43,2100.0,0.5199219584465027
2,b005_0622,capacity_matched_deepsets,43,2160.0,0.5233715176582336
2,b005_0622,capacity_matched_deepsets,43,2220.0,0.5270282030105591
2,b005_0622,capacity_matched_deepsets,43,2280.0,0.5287846326828003
2,b005_0622,capacity_matched_deepsets,43,2340.0,0.5280212163925171
2,b005_0622,capacity_matched_deepsets,43,2400.0,0.5272052884101868
2,b005_0622,capacity_matched_deepsets,43,2460.0,0.526885449886322
2,b005_0622,capacity_matched_deepsets,43,2520.0,0.5256505012512207
2,b005_0622,capacity_matched_deepsets,43,2580.0,0.5234249234199524
2,b005_0622,capacity_matched_deepsets,43,2640.0,0.521060585975647
2,b005_0622,capacity_matched_deepsets,43,2700.0,0.5184677839279175
2,b005_0622,capacity_matched_deepsets,43,2760.0,0.5151649117469788
2,b005_0622,capacity_matched_deepsets,43,2820.0,0.5111078023910522
2,b005_0622,capacity_matched_deepsets,43,2880.0,0.5059077739715576
2,b005_0622,capacity_matched_deepsets,43,2940.0,0.5024732351303101
2,b005_0622,capacity_matched_deepsets,43,3000.0,0.49998605251312256
2,b005_0622,capacity_matched_deepsets,43,3060.0,0.4976681172847748
2,b005_0622,capacity_matched_deepsets,43,3120.0,0.494928777217865
2,b005_0622,capacity_matched_deepsets,43,3180.0,0.4925239086151123
2,b005_0622,capacity_matched_deepsets,43,3240.0,0.48624223470687866
2,b005_0622,capacity_matched_deepsets,43,3300.0,0.4786315858364105
2,b005_0622,capacity_matched_deepsets,43,3360.0,0.46843189001083374
2,b005_0622,capacity_matched_deepsets,43,3420.0,0.4577520787715912
2,b005_0622,capacity_matched_deepsets,43,3480.0,0.44650882482528687
2,b005_0622,capacity_matched_deepsets,43,3540.0,0.4283539652824402
2,b005_0622,capacity_matched_deepsets,43,3600.0,0.4203219413757324
2,b005_0622,capacity_matched_deepsets,44,0.0,0.9979571104049683
2,b005_0622,capacity_matched_deepsets,44,60.0,0.997958779335022
2,b005_0622,capacity_matched_deepsets,44,120.0,0.9979503750801086
2,b005_0622,capacity_matched_deepsets,44,180.0,0.9979565143585205
2,b005_0622,capacity_matched_deepsets,44,240.0,0.9979566335678101
2,b005_0622,capacity_matched_deepsets,44,300.0,0.9979087114334106
2,b005_0622,capacity_matched_deepsets,44,360.0,0.9977272152900696
2,b005_0622,capacity_matched_deepsets,44,420.0,0.9972580671310425
2,b005_0622,capacity_matched_deepsets,44,480.0,0.9959648847579956
2,b005_0622,capacity_matched_deepsets,44,540.0,0.9914416670799255
2,b005_0622,capacity_matched_deepsets,44,600.0,0.9675202965736389
2,b005_0622,capacity_matched_deepsets,44,660.0,0.8312581181526184
2,b005_0622,capacity_matched_deepsets,44,720.0,0.7668949961662292
2,b005_0622,capacity_matched_deepsets,44,780.0,0.7565452456474304
2,b005_0622,capacity_matched_deepsets,44,840.0,0.7584496736526489
2,b005_0622,capacity_matched_deepsets,44,900.0,0.7525060772895813
2,b005_0622,capacity_matched_deepsets,44,960.0,0.736556351184845
2,b005_0622,capacity_matched_deepsets,44,1020.0,0.704916775226593
2,b005_0622,capacity_matched_deepsets,44,1080.0,0.6731352806091309
2,b005_0622,capacity_matched_deepsets,44,1140.0,0.6492703557014465
2,b005_0622,capacity_matched_deepsets,44,1200.0,0.6304565668106079
2,b005_0622,capacity_matched_deepsets,44,1260.0,0.6132704019546509
2,b005_0622,capacity_matched_deepsets,44,1320.0,0.5968111753463745
2,b005_0622,capacity_matched_deepsets,44,1380.0,0.5807106494903564
2,b005_0622,capacity_matched_deepsets,44,1440.0,0.5646636486053467
2,b005_0622,capacity_matched_deepsets,44,1500.0,0.5485193729400635
2,b005_0622,capacity_matched_deepsets,44,1560.0,0.5322539210319519
2,b005_0622,capacity_matched_deepsets,44,1620.0,0.5184785723686218
2,b005_0622,capacity_matched_deepsets,44,1680.0,0.5099456310272217
2,b005_0622,capacity_matched_deepsets,44,1740.0,0.5042549967765808
2,b005_0622,capacity_matched_deepsets,44,1800.0,0.5012229681015015
2,b005_0622,capacity_matched_deepsets,44,1860.0,0.5005103945732117
2,b005_0622,capacity_matched_deepsets,44,1920.0,0.5017445087432861
2,b005_0622,capacity_matched_deepsets,44,1980.0,0.5045130848884583
2,b005_0622,capacity_matched_deepsets,44,2040.0,0.5083572268486023
2,b005_0622,capacity_matched_deepsets,44,2100.0,0.5127689242362976
2,b005_0622,capacity_matched_deepsets,44,2160.0,0.5166367888450623
2,b005_0622,capacity_matched_deepsets,44,2220.0,0.5196171402931213
2,b005_0622,capacity_matched_deepsets,44,2280.0,0.5195053815841675
2,b005_0622,capacity_matched_deepsets,44,2340.0,0.5147618651390076
2,b005_0622,capacity_matched_deepsets,44,2400.0,0.5071994662284851
2,b005_0622,capacity_matched_deepsets,44,2460.0,0.49866101145744324
2,b005_0622,capacity_matched_deepsets,44,2520.0,0.48955219984054565
2,b005_0622,capacity_matched_deepsets,44,2580.0,0.48042914271354675
2,b005_0622,capacity_matched_deepsets,44,2640.0,0.47245508432388306
2,b005_0622,capacity_matched_deepsets,44,2700.0,0.46852466464042664
2,b005_0622,capacity_matched_deepsets,44,2760.0,0.46603667736053467
2,b005_0622,capacity_matched_deepsets,44,2820.0,0.4649684727191925
2,b005_0622,capacity_matched_deepsets,44,2880.0,0.46611401438713074
2,b005_0622,capacity_matched_deepsets,44,2940.0,0.4721323549747467
2,b005_0622,capacity_matched_deepsets,44,3000.0,0.47744306921958923
2,b005_0622,capacity_matched_deepsets,44,3060.0,0.47686833143234253
2,b005_0622,capacity_matched_deepsets,44,3120.0,0.4751497507095337
2,b005_0622,capacity_matched_deepsets,44,3180.0,0.4803094267845154
2,b005_0622,capacity_matched_deepsets,44,3240.0,0.5116978883743286
2,b005_0622,capacity_matched_deepsets,44,3300.0,0.5826725959777832
2,b005_0622,capacity_matched_deepsets,44,3360.0,0.6578197479248047
2,b005_0622,capacity_matched_deepsets,44,3420.0,0.7375756502151489
2,b005_0622,capacity_matched_deepsets,44,3480.0,0.8264532685279846
2,b005_0622,capacity_matched_deepsets,44,3540.0,0.9038854241371155
2,b005_0622,capacity_matched_deepsets,44,3600.0,0.9488961100578308
2,b005_0622,capacity_matched_deepsets,45,0.0,0.9981001019477844
2,b005_0622,capacity_matched_deepsets,45,60.0,0.9981480836868286
2,b005_0622,capacity_matched_deepsets,45,120.0,0.9981583952903748
2,b005_0622,capacity_matched_deepsets,45,180.0,0.9981562495231628
2,b005_0622,capacity_matched_deepsets,45,240.0,0.9981309771537781
2,b005_0622,capacity_matched_deepsets,45,300.0,0.9980652928352356
2,b005_0622,capacity_matched_deepsets,45,360.0,0.9979009628295898
2,b005_0622,capacity_matched_deepsets,45,420.0,0.9974650144577026
2,b005_0622,capacity_matched_deepsets,45,480.0,0.9962010979652405
2,b005_0622,capacity_matched_deepsets,45,540.0,0.992089033126831
2,b005_0622,capacity_matched_deepsets,45,600.0,0.9734366536140442
2,b005_0622,capacity_matched_deepsets,45,660.0,0.8539782762527466
2,b005_0622,capacity_matched_deepsets,45,720.0,0.7516423463821411
2,b005_0622,capacity_matched_deepsets,45,780.0,0.737299382686615
2,b005_0622,capacity_matched_deepsets,45,840.0,0.739814817905426
2,b005_0622,capacity_matched_deepsets,45,900.0,0.7398113012313843
2,b005_0622,capacity_matched_deepsets,45,960.0,0.7389647364616394
2,b005_0622,capacity_matched_deepsets,45,1020.0,0.719893753528595
2,b005_0622,capacity_matched_deepsets,45,1080.0,0.6878486275672913
2,b005_0622,capacity_matched_deepsets,45,1140.0,0.656696081161499
2,b005_0622,capacity_matched_deepsets,45,1200.0,0.632463812828064
2,b005_0622,capacity_matched_deepsets,45,1260.0,0.6122893691062927
2,b005_0622,capacity_matched_deepsets,45,1320.0,0.5949192643165588
2,b005_0622,capacity_matched_deepsets,45,1380.0,0.5787099003791809
2,b005_0622,capacity_matched_deepsets,45,1440.0,0.5614821314811707
2,b005_0622,capacity_matched_deepsets,45,1500.0,0.5431461930274963
2,b005_0622,capacity_matched_deepsets,45,1560.0,0.5282453298568726
2,b005_0622,capacity_matched_deepsets,45,1620.0,0.5191155076026917
2,b005_0622,capacity_matched_deepsets,45,1680.0,0.5139496922492981
2,b005_0622,capacity_matched_deepsets,45,1740.0,0.5114113688468933
2,b005_0622,capacity_matched_deepsets,45,1800.0,0.5083882212638855
2,b005_0622,capacity_matched_deepsets,45,1860.0,0.5068994164466858
2,b005_0622,capacity_matched_deepsets,45,1920.0,0.5069597363471985
2,b005_0622,capacity_matched_deepsets,45,1980.0,0.5056735873222351
2,b005_0622,capacity_matched_deepsets,45,2040.0,0.5020178556442261
2,b005_0622,capacity_matched_deepsets,45,2100.0,0.4999238848686218
2,b005_0622,capacity_matched_deepsets,45,2160.0,0.4985601305961609
2,b005_0622,capacity_matched_deepsets,45,2220.0,0.4959895610809326
2,b005_0622,capacity_matched_deepsets,45,2280.0,0.4934656322002411
2,b005_0622,capacity_matched_deepsets,45,2340.0,0.4916430115699768
2,b005_0622,capacity_matched_deepsets,45,2400.0,0.48965758085250854
2,b005_0622,capacity_matched_deepsets,45,2460.0,0.4881500005722046
2,b005_0622,capacity_matched_deepsets,45,2520.0,0.4868590235710144
2,b005_0622,capacity_matched_deepsets,45,2580.0,0.4854637682437897
2,b005_0622,capacity_matched_deepsets,45,2640.0,0.48380377888679504
2,b005_0622,capacity_matched_deepsets,45,2700.0,0.4822758138179779
2,b005_0622,capacity_matched_deepsets,45,2760.0,0.4799323081970215
2,b005_0622,capacity_matched_deepsets,45,2820.0,0.4781193733215332
2,b005_0622,capacity_matched_deepsets,45,2880.0,0.47735595703125
2,b005_0622,capacity_matched_deepsets,45,2940.0,0.4762287735939026
2,b005_0622,capacity_matched_deepsets,45,3000.0,0.4755590558052063
2,b005_0622,capacity_matched_deepsets,45,3060.0,0.4752003848552704
2,b005_0622,capacity_matched_deepsets,45,3120.0,0.4738673269748688
2,b005_0622,capacity_matched_deepsets,45,3180.0,0.4740450978279114
2,b005_0622,capacity_matched_deepsets,45,3240.0,0.4793325364589691
2,b005_0622,capacity_matched_deepsets,45,3300.0,0.5044853687286377
2,b005_0622,capacity_matched_deepsets,45,3360.0,0.535584568977356
2,b005_0622,capacity_matched_deepsets,45,3420.0,0.5860370993614197
2,b005_0622,capacity_matched_deepsets,45,3480.0,0.6678805947303772
2,b005_0622,capacity_matched_deepsets,45,3540.0,0.783624529838562
2,b005_0622,capacity_matched_deepsets,45,3600.0,0.9325889945030212
2,b005_0622,capacity_matched_deepsets,46,0.0,0.9973903298377991
2,b005_0622,capacity_matched_deepsets,46,60.0,0.9974396228790283
2,b005_0622,capacity_matched_deepsets,46,120.0,0.9974278807640076
2,b005_0622,capacity_matched_deepsets,46,180.0,0.9974262118339539
2,b005_0622,capacity_matched_deepsets,46,240.0,0.997420072555542
2,b005_0622,capacity_matched_deepsets,46,300.0,0.9974015951156616
2,b005_0622,capacity_matched_deepsets,46,360.0,0.9973388314247131
2,b005_0622,capacity_matched_deepsets,46,420.0,0.9971094727516174
2,b005_0622,capacity_matched_deepsets,46,480.0,0.9963108897209167
2,b005_0622,capacity_matched_deepsets,46,540.0,0.9927505254745483
2,b005_0622,capacity_matched_deepsets,46,600.0,0.9680328965187073
2,b005_0622,capacity_matched_deepsets,46,660.0,0.825360894203186
2,b005_0622,capacity_matched_deepsets,46,720.0,0.7520151138305664
2,b005_0622,capacity_matched_deepsets,46,780.0,0.7381629943847656
2,b005_0622,capacity_matched_deepsets,46,840.0,0.7416106462478638
2,b005_0622,capacity_matched_deepsets,46,900.0,0.7432211637496948
2,b005_0622,capacity_matched_deepsets,46,960.0,0.7344099879264832
2,b005_0622,capacity_matched_deepsets,46,1020.0,0.7109306454658508
2,b005_0622,capacity_matched_deepsets,46,1080.0,0.6744087934494019
2,b005_0622,capacity_matched_deepsets,46,1140.0,0.6433601975440979
2,b005_0622,capacity_matched_deepsets,46,1200.0,0.6193253397941589
2,b005_0622,capacity_matched_deepsets,46,1260.0,0.5989406108856201
2,b005_0622,capacity_matched_deepsets,46,1320.0,0.5807939171791077
2,b005_0622,capacity_matched_deepsets,46,1380.0,0.5650585889816284
2,b005_0622,capacity_matched_deepsets,46,1440.0,0.5515174269676208
2,b005_0622,capacity_matched_deepsets,46,1500.0,0.5391263961791992
2,b005_0622,capacity_matched_deepsets,46,1560.0,0.5272306799888611
2,b005_0622,capacity_matched_deepsets,46,1620.0,0.5192455649375916
2,b005_0622,capacity_matched_deepsets,46,1680.0,0.517183780670166
2,b005_0622,capacity_matched_deepsets,46,1740.0,0.5175621509552002
2,b005_0622,capacity_matched_deepsets,46,1800.0,0.5206219553947449
2,b005_0622,capacity_matched_deepsets,46,1860.0,0.5254426598548889
2,b005_0622,capacity_matched_deepsets,46,1920.0,0.5321336388587952
2,b005_0622,capacity_matched_deepsets,46,1980.0,0.5404292941093445
2,b005_0622,capacity_matched_deepsets,46,2040.0,0.5501324534416199
2,b005_0622,capacity_matched_deepsets,46,2100.0,0.5613144040107727
2,b005_0622,capacity_matched_deepsets,46,2160.0,0.572737455368042
2,b005_0622,capacity_matched_deepsets,46,2220.0,0.5838501453399658
2,b005_0622,capacity_matched_deepsets,46,2280.0,0.5951354503631592
2,b005_0622,capacity_matched_deepsets,46,2340.0,0.6067093014717102
2,b005_0622,capacity_matched_deepsets,46,2400.0,0.618655264377594
2,b005_0622,capacity_matched_deepsets,46,2460.0,0.6311997771263123
2,b005_0622,capacity_matched_deepsets,46,2520.0,0.638586163520813
2,b005_0622,capacity_matched_deepsets,46,2580.0,0.6431713700294495
2,b005_0622,capacity_matched_deepsets,46,2640.0,0.6504573822021484
2,b005_0622,capacity_matched_deepsets,46,2700.0,0.6637823581695557
2,b005_0622,capacity_matched_deepsets,46,2760.0,0.7156714797019958
2,b005_0622,capacity_matched_deepsets,46,2820.0,0.7854066491127014
2,b005_0622,capacity_matched_deepsets,46,2880.0,0.8772068619728088
2,b005_0622,capacity_matched_deepsets,46,2940.0,0.9492389559745789
2,b005_0622,capacity_matched_deepsets,46,3000.0,0.9806523323059082
2,b005_0622,capacity_matched_deepsets,46,3060.0,0.9913877844810486
2,b005_0622,capacity_matched_deepsets,46,3120.0,0.9940000772476196
2,b005_0622,capacity_matched_deepsets,46,3180.0,0.9944714307785034
2,b005_0622,capacity_matched_deepsets,46,3240.0,0.9945468902587891
2,b005_0622,capacity_matched_deepsets,46,3300.0,0.9946333169937134
2,b005_0622,capacity_matched_deepsets,46,3360.0,0.9946181178092957
2,b005_0622,capacity_matched_deepsets,46,3420.0,0.9945789575576782
2,b005_0622,capacity_matched_deepsets,46,3480.0,0.9945297837257385
2,b005_0622,capacity_matched_deepsets,46,3540.0,0.9944802522659302
2,b005_0622,capacity_matched_deepsets,46,3600.0,0.9944382905960083
2,b005_0622,gnn,42,0.0,0.9978439807891846
2,b005_0622,gnn,42,60.0,0.9978845715522766
2,b005_0622,gnn,42,120.0,0.9978786706924438
2,b005_0622,gnn,42,180.0,0.9978634715080261
2,b005_0622,gnn,42,240.0,0.9978468418121338
2,b005_0622,gnn,42,300.0,0.997784435749054
2,b005_0622,gnn,42,360.0,0.9976248145103455
2,b005_0622,gnn,42,420.0,0.9972094893455505
2,b005_0622,gnn,42,480.0,0.9960882663726807
2,b005_0622,gnn,42,540.0,0.9913950562477112
2,b005_0622,gnn,42,600.0,0.9627076387405396
2,b005_0622,gnn,42,660.0,0.8274245262145996
2,b005_0622,gnn,42,720.0,0.7615997195243835
2,b005_0622,gnn,42,780.0,0.739322304725647
2,b005_0622,gnn,42,840.0,0.7369009256362915
2,b005_0622,gnn,42,900.0,0.7341963648796082
2,b005_0622,gnn,42,960.0,0.7240663170814514
2,b005_0622,gnn,42,1020.0,0.6947245597839355
2,b005_0622,gnn,42,1080.0,0.6636431217193604
2,b005_0622,gnn,42,1140.0,0.6384357810020447
2,b005_0622,gnn,42,1200.0,0.6188108325004578
2,b005_0622,gnn,42,1260.0,0.6020915508270264
2,b005_0622,gnn,42,1320.0,0.5872629284858704
2,b005_0622,gnn,42,1380.0,0.5737358927726746
2,b005_0622,gnn,42,1440.0,0.5613189935684204
2,b005_0622,gnn,42,1500.0,0.5487538576126099
2,b005_0622,gnn,42,1560.0,0.5366359949111938
2,b005_0622,gnn,42,1620.0,0.5289644598960876
2,b005_0622,gnn,42,1680.0,0.527285099029541
2,b005_0622,gnn,42,1740.0,0.5276432037353516
2,b005_0622,gnn,42,1800.0,0.5286428332328796
2,b005_0622,gnn,42,1860.0,0.5313027501106262
2,b005_0622,gnn,42,1920.0,0.5338243842124939
2,b005_0622,gnn,42,1980.0,0.5319172143936157
2,b005_0622,gnn,42,2040.0,0.5293001532554626
2,b005_0622,gnn,42,2100.0,0.5274977684020996
2,b005_0622,gnn,42,2160.0,0.5261861085891724
2,b005_0622,gnn,42,2220.0,0.5254521369934082
2,b005_0622,gnn,42,2280.0,0.5251667499542236
2,b005_0622,gnn,42,2340.0,0.5245389938354492
2,b005_0622,gnn,42,2400.0,0.5233475565910339
2,b005_0622,gnn,42,2460.0,0.5214484930038452
2,b005_0622,gnn,42,2520.0,0.5187804698944092
2,b005_0622,gnn,42,2580.0,0.5160045027732849
2,b005_0622,gnn,42,2640.0,0.5127948522567749
2,b005_0622,gnn,42,2700.0,0.5096315741539001
2,b005_0622,gnn,42,2760.0,0.5077511668205261
2,b005_0622,gnn,42,2820.0,0.5060741901397705
2,b005_0622,gnn,42,2880.0,0.5042722821235657
2,b005_0622,gnn,42,2940.0,0.5007652640342712
2,b005_0622,gnn,42,3000.0,0.5020490288734436
2,b005_0622,gnn,42,3060.0,0.5186591744422913
2,b005_0622,gnn,42,3120.0,0.5304582118988037
2,b005_0622,gnn,42,3180.0,0.5652487874031067
2,b005_0622,gnn,42,3240.0,0.6243346929550171
2,b005_0622,gnn,42,3300.0,0.6892094612121582
2,b005_0622,gnn,42,3360.0,0.7292242646217346
2,b005_0622,gnn,42,3420.0,0.7547944188117981
2,b005_0622,gnn,42,3480.0,0.7724680304527283
2,b005_0622,gnn,42,3540.0,0.7869707942008972
2,b005_0622,gnn,42,3600.0,0.8006832599639893
2,b005_0622,gnn,43,0.0,0.9982038736343384
2,b005_0622,gnn,43,60.0,0.998343825340271
2,b005_0622,gnn,43,120.0,0.9983888864517212
2,b005_0622,gnn,43,180.0,0.998386025428772
2,b005_0622,gnn,43,240.0,0.9983532428741455
2,b005_0622,gnn,43,300.0,0.9982802867889404
2,b005_0622,gnn,43,360.0,0.9981245398521423
2,b005_0622,gnn,43,420.0,0.9977303147315979
2,b005_0622,gnn,43,480.0,0.996552586555481
2,b005_0622,gnn,43,540.0,0.9925958514213562
2,b005_0622,gnn,43,600.0,0.9690034985542297
2,b005_0622,gnn,43,660.0,0.8306953310966492
2,b005_0622,gnn,43,720.0,0.723233163356781
2,b005_0622,gnn,43,780.0,0.7242862582206726
2,b005_0622,gnn,43,840.0,0.7257938385009766
2,b005_0622,gnn,43,900.0,0.7262352705001831
2,b005_0622,gnn,43,960.0,0.7253140807151794
2,b005_0622,gnn,43,1020.0,0.706126868724823
2,b005_0622,gnn,43,1080.0,0.6731159687042236
2,b005_0622,gnn,43,1140.0,0.6423466801643372
2,b005_0622,gnn,43,1200.0,0.6186043620109558
2,b005_0622,gnn,43,1260.0,0.5993226766586304
2,b005_0622,gnn,43,1320.0,0.5820476412773132
2,b005_0622,gnn,43,1380.0,0.5660734176635742
2,b005_0622,gnn,43,1440.0,0.5534597039222717
2,b005_0622,gnn,43,1500.0,0.5414058566093445
2,b005_0622,gnn,43,1560.0,0.5289644002914429
2,b005_0622,gnn,43,1620.0,0.5180429816246033
2,b005_0622,gnn,43,1680.0,0.5110744833946228
2,b005_0622,gnn,43,1740.0,0.5065789222717285
2,b005_0622,gnn,43,1800.0,0.5044806003570557
2,b005_0622,gnn,43,1860.0,0.50444495677948
2,b005_0622,gnn,43,1920.0,0.5086168646812439
2,b005_0622,gnn,43,1980.0,0.5174720287322998
2,b005_0622,gnn,43,2040.0,0.5244672894477844
2,b005_0622,gnn,43,2100.0,0.5299866795539856
2,b005_0622,gnn,43,2160.0,0.5308519601821899
2,b005_0622,gnn,43,2220.0,0.5319293737411499
2,b005_0622,gnn,43,2280.0,0.5331338047981262
2,b005_0622,gnn,43,2340.0,0.534050464630127
2,b005_0622,gnn,43,2400.0,0.5315971374511719
2,b005_0622,gnn,43,2460.0,0.5290228128433228
2,b005_0622,gnn,43,2520.0,0.5252249240875244
2,b005_0622,gnn,43,2580.0,0.5216248631477356
2,b005_0622,gnn,43,2640.0,0.518223226070404
2,b005_0622,gnn,43,2700.0,0.5150270462036133
2,b005_0622,gnn,43,2760.0,0.5108493566513062
2,b005_0622,gnn,43,2820.0,0.5051924586296082
2,b005_0622,gnn,43,2880.0,0.49912771582603455
2,b005_0622,gnn,43,2940.0,0.492938756942749
2,b005_0622,gnn,43,3000.0,0.48412880301475525
2,b005_0622,gnn,43,3060.0,0.4729894697666168
2,b005_0622,gnn,43,3120.0,0.46318161487579346
2,b005_0622,gnn,43,3180.0,0.45721372961997986
2,b005_0622,gnn,43,3240.0,0.45343396067619324
2,b005_0622,gnn,43,3300.0,0.4538346529006958
2,b005_0622,gnn,43,3360.0,0.46039941906929016
2,b005_0622,gnn,43,3420.0,0.47215262055397034
2,b005_0622,gnn,43,3480.0,0.4861323833465576
2,b005_0622,gnn,43,3540.0,0.4999080002307892
2,b005_0622,gnn,43,3600.0,0.5302488803863525
2,b005_0622,gnn,44,0.0,0.9983454942703247
2,b005_0622,gnn,44,60.0,0.9984342455863953
2,b005_0622,gnn,44,120.0,0.9984639883041382
2,b005_0622,gnn,44,180.0,0.9984519481658936
2,b005_0622,gnn,44,240.0,0.998382568359375
2,b005_0622,gnn,44,300.0,0.9982129335403442
2,b005_0622,gnn,44,360.0,0.9978487491607666
2,b005_0622,gnn,44,420.0,0.9969924688339233
2,b005_0622,gnn,44,480.0,0.9947750568389893
2,b005_0622,gnn,44,540.0,0.9876569509506226
2,b005_0622,gnn,44,600.0,0.9557074308395386
2,b005_0622,gnn,44,660.0,0.7959756851196289
2,b005_0622,gnn,44,720.0,0.7219029664993286
2,b005_0622,gnn,44,780.0,0.7216395735740662
2,b005_0622,gnn,44,840.0,0.722762942314148
2,b005_0622,gnn,44,900.0,0.7207845449447632
2,b005_0622,gnn,44,960.0,0.7162072658538818
2,b005_0622,gnn,44,1020.0,0.6965122818946838
2,b005_0622,gnn,44,1080.0,0.6637210845947266
2,b005_0622,gnn,44,1140.0,0.6321913003921509
2,b005_0622,gnn,44,1200.0,0.6090365648269653
2,b005_0622,gnn,44,1260.0,0.5907087922096252
2,b005_0622,gnn,44,1320.0,0.5749788284301758
2,b005_0622,gnn,44,1380.0,0.5605315566062927
2,b005_0622,gnn,44,1440.0,0.5482996106147766
2,b005_0622,gnn,44,1500.0,0.5362251400947571
2,b005_0622,gnn,44,1560.0,0.5242021083831787
2,b005_0622,gnn,44,1620.0,0.5165998935699463
2,b005_0622,gnn,44,1680.0,0.5147148966789246
2,b005_0622,gnn,44,1740.0,0.5160003900527954
2,b005_0622,gnn,44,1800.0,0.5197051167488098
2,b005_0622,gnn,44,1860.0,0.5243696570396423
2,b005_0622,gnn,44,1920.0,0.5302685499191284
2,b005_0622,gnn,44,1980.0,0.5371171236038208
2,b005_0622,gnn,44,2040.0,0.5446053147315979
2,b005_0622,gnn,44,2100.0,0.5527915954589844
2,b005_0622,gnn,44,2160.0,0.5618148446083069
2,b005_0622,gnn,44,2220.0,0.5710580348968506
2,b005_0622,gnn,44,2280.0,0.5805009603500366
2,b005_0622,gnn,44,2340.0,0.5895594954490662
2,b005_0622,gnn,44,2400.0,0.5984979271888733
2,b005_0622,gnn,44,2460.0,0.606947124004364
2,b005_0622,gnn,44,2520.0,0.6136722564697266
2,b005_0622,gnn,44,2580.0,0.6176422238349915
2,b005_0622,gnn,44,2640.0,0.6186016798019409
2,b005_0622,gnn,44,2700.0,0.6178702116012573
2,b005_0622,gnn,44,2760.0,0.6146852970123291
2,b005_0622,gnn,44,2820.0,0.6245327591896057
2,b005_0622,gnn,44,2880.0,0.6468079686164856
2,b005_0622,gnn,44,2940.0,0.6845678091049194
2,b005_0622,gnn,44,3000.0,0.7817972898483276
2,b005_0622,gnn,44,3060.0,0.8402360081672668
2,b005_0622,gnn,44,3120.0,0.8789638876914978
2,b005_0622,gnn,44,3180.0,0.8936655521392822
2,b005_0622,gnn,44,3240.0,0.8998660445213318
2,b005_0622,gnn,44,3300.0,0.9034414887428284
2,b005_0622,gnn,44,3360.0,0.9009824395179749
2,b005_0622,gnn,44,3420.0,0.8952817320823669
2,b005_0622,gnn,44,3480.0,0.8893723487854004
2,b005_0622,gnn,44,3540.0,0.8822049498558044
2,b005_0622,gnn,44,3600.0,0.8738952875137329
2,b005_0622,gnn,45,0.0,0.9967383742332458
2,b005_0622,gnn,45,60.0,0.9970763921737671
2,b005_0622,gnn,45,120.0,0.9971837401390076
2,b005_0622,gnn,45,180.0,0.9971951246261597
2,b005_0622,gnn,45,240.0,0.9971591234207153
2,b005_0622,gnn,45,300.0,0.9970698356628418
2,b005_0622,gnn,45,360.0,0.9968670010566711
2,b005_0622,gnn,45,420.0,0.9964137673377991
2,b005_0622,gnn,45,480.0,0.9952265024185181
2,b005_0622,gnn,45,540.0,0.9909411072731018
2,b005_0622,gnn,45,600.0,0.9646563529968262
2,b005_0622,gnn,45,660.0,0.8246753215789795
2,b005_0622,gnn,45,720.0,0.758216142654419
2,b005_0622,gnn,45,780.0,0.7410210967063904
2,b005_0622,gnn,45,840.0,0.736873984336853
2,b005_0622,gnn,45,900.0,0.7331244945526123
2,b005_0622,gnn,45,960.0,0.718643307685852
2,b005_0622,gnn,45,1020.0,0.6928651332855225
2,b005_0622,gnn,45,1080.0,0.6612752676010132
2,b005_0622,gnn,45,1140.0,0.6342939138412476
2,b005_0622,gnn,45,1200.0,0.6114832162857056
2,b005_0622,gnn,45,1260.0,0.5909497737884521
2,b005_0622,gnn,45,1320.0,0.572357177734375
2,b005_0622,gnn,45,1380.0,0.5554433465003967
2,b005_0622,gnn,45,1440.0,0.5396604537963867
2,b005_0622,gnn,45,1500.0,0.5270153284072876
2,b005_0622,gnn,45,1560.0,0.5153167247772217
2,b005_0622,gnn,45,1620.0,0.5090020895004272
2,b005_0622,gnn,45,1680.0,0.5062919855117798
2,b005_0622,gnn,45,1740.0,0.5050305128097534
2,b005_0622,gnn,45,1800.0,0.5047652125358582
2,b005_0622,gnn,45,1860.0,0.5037115812301636
2,b005_0622,gnn,45,1920.0,0.5029220581054688
2,b005_0622,gnn,45,1980.0,0.503748893737793
2,b005_0622,gnn,45,2040.0,0.5062465667724609
2,b005_0622,gnn,45,2100.0,0.508514404296875
2,b005_0622,gnn,45,2160.0,0.5103629231452942
2,b005_0622,gnn,45,2220.0,0.5099402666091919
2,b005_0622,gnn,45,2280.0,0.5081679821014404
2,b005_0622,gnn,45,2340.0,0.5066397786140442
2,b005_0622,gnn,45,2400.0,0.505244791507721
2,b005_0622,gnn,45,2460.0,0.5038368701934814
2,b005_0622,gnn,45,2520.0,0.5022729635238647
2,b005_0622,gnn,45,2580.0,0.5004337430000305
2,b005_0622,gnn,45,2640.0,0.4982302486896515
2,b005_0622,gnn,45,2700.0,0.49568140506744385
2,b005_0622,gnn,45,2760.0,0.4920659363269806
2,b005_0622,gnn,45,2820.0,0.4869931936264038
2,b005_0622,gnn,45,2880.0,0.4804232120513916
2,b005_0622,gnn,45,2940.0,0.46743619441986084
2,b005_0622,gnn,45,3000.0,0.4527474641799927
2,b005_0622,gnn,45,3060.0,0.4398829936981201
2,b005_0622,gnn,45,3120.0,0.42796820402145386
2,b005_0622,gnn,45,3180.0,0.4187171459197998
2,b005_0622,gnn,45,3240.0,0.409268856048584
2,b005_0622,gnn,45,3300.0,0.41042155027389526
2,b005_0622,gnn,45,3360.0,0.41151806712150574
2,b005_0622,gnn,45,3420.0,0.41590213775634766
2,b005_0622,gnn,45,3480.0,0.42162537574768066
2,b005_0622,gnn,45,3540.0,0.42933180928230286
2,b005_0622,gnn,45,3600.0,0.4418015480041504
2,b005_0622,gnn,46,0.0,0.9967876672744751
2,b005_0622,gnn,46,60.0,0.9969887137413025
2,b005_0622,gnn,46,120.0,0.9970494508743286
2,b005_0622,gnn,46,180.0,0.9970597624778748
2,b005_0622,gnn,46,240.0,0.9970414042472839
2,b005_0622,gnn,46,300.0,0.9969893097877502
2,b005_0622,gnn,46,360.0,0.9968865513801575
2,b005_0622,gnn,46,420.0,0.9966312050819397
2,b005_0622,gnn,46,480.0,0.9959678649902344
2,b005_0622,gnn,46,540.0,0.9937467575073242
2,b005_0622,gnn,46,600.0,0.9785510301589966
2,b005_0622,gnn,46,660.0,0.8570523262023926
2,b005_0622,gnn,46,720.0,0.7497202754020691
2,b005_0622,gnn,46,780.0,0.7371902465820312
2,b005_0622,gnn,46,840.0,0.7390256524085999
2,b005_0622,gnn,46,900.0,0.7398815751075745
2,b005_0622,gnn,46,960.0,0.7274706363677979
2,b005_0622,gnn,46,1020.0,0.7005636096000671
2,b005_0622,gnn,46,1080.0,0.6667839884757996
2,b005_0622,gnn,46,1140.0,0.6369998455047607
2,b005_0622,gnn,46,1200.0,0.6151639223098755
2,b005_0622,gnn,46,1260.0,0.5962092280387878
2,b005_0622,gnn,46,1320.0,0.5791795253753662
2,b005_0622,gnn,46,1380.0,0.56343013048172
2,b005_0622,gnn,46,1440.0,0.549423098564148
2,b005_0622,gnn,46,1500.0,0.5358501076698303
2,b005_0622,gnn,46,1560.0,0.5223194360733032
2,b005_0622,gnn,46,1620.0,0.5115108489990234
2,b005_0622,gnn,46,1680.0,0.506420373916626
2,b005_0622,gnn,46,1740.0,0.5034833550453186
2,b005_0622,gnn,46,1800.0,0.5019620060920715
2,b005_0622,gnn,46,1860.0,0.5018756985664368
2,b005_0622,gnn,46,1920.0,0.5025302171707153
2,b005_0622,gnn,46,1980.0,0.5040152072906494
2,b005_0622,gnn,46,2040.0,0.5052856802940369
2,b005_0622,gnn,46,2100.0,0.5069110989570618
2,b005_0622,gnn,46,2160.0,0.5088918209075928
2,b005_0622,gnn,46,2220.0,0.5116757750511169
2,b005_0622,gnn,46,2280.0,0.514845073223114
2,b005_0622,gnn,46,2340.0,0.5184419751167297
2,b005_0622,gnn,46,2400.0,0.5217480659484863
2,b005_0622,gnn,46,2460.0,0.5245283842086792
2,b005_0622,gnn,46,2520.0,0.526637852191925
2,b005_0622,gnn,46,2580.0,0.5282928347587585
2,b005_0622,gnn,46,2640.0,0.528945803642273
2,b005_0622,gnn,46,2700.0,0.5285238027572632
2,b005_0622,gnn,46,2760.0,0.5276910662651062
2,b005_0622,gnn,46,2820.0,0.5258709192276001
2,b005_0622,gnn,46,2880.0,0.5231249332427979
2,b005_0622,gnn,46,2940.0,0.5196568369865417
2,b005_0622,gnn,46,3000.0,0.5152748227119446
2,b005_0622,gnn,46,3060.0,0.5100714564323425
2,b005_0622,gnn,46,3120.0,0.5042500495910645
2,b005_0622,gnn,46,3180.0,0.4985772967338562
2,b005_0622,gnn,46,3240.0,0.4922984540462494
2,b005_0622,gnn,46,3300.0,0.4906049072742462
2,b005_0622,gnn,46,3360.0,0.4845598042011261
2,b005_0622,gnn,46,3420.0,0.4810835123062134
2,b005_0622,gnn,46,3480.0,0.4768758714199066
2,b005_0622,gnn,46,3540.0,0.47697797417640686
2,b005_0622,gnn,46,3600.0,0.5098190903663635
3,b005_0621,capacity_matched_deepsets,42,0.0,0.997610330581665
3,b005_0621,capacity_matched_deepsets,42,60.0,0.9976159334182739
3,b005_0621,capacity_matched_deepsets,42,120.0,0.9976045489311218
3,b005_0621,capacity_matched_deepsets,42,180.0,0.9976052045822144
3,b005_0621,capacity_matched_deepsets,42,240.0,0.9975984692573547
3,b005_0621,capacity_matched_deepsets,42,300.0,0.9975601434707642
3,b005_0621,capacity_matched_deepsets,42,360.0,0.9974557757377625
3,b005_0621,capacity_matched_deepsets,42,420.0,0.9970809817314148
3,b005_0621,capacity_matched_deepsets,42,480.0,0.995740532875061
3,b005_0621,capacity_matched_deepsets,42,540.0,0.9892886877059937
3,b005_0621,capacity_matched_deepsets,42,600.0,0.9469520449638367
3,b005_0621,capacity_matched_deepsets,42,660.0,0.8297243118286133
3,b005_0621,capacity_matched_deepsets,42,720.0,0.7707836627960205
3,b005_0621,capacity_matched_deepsets,42,780.0,0.7547705769538879
3,b005_0621,capacity_matched_deepsets,42,840.0,0.7520712018013
3,b005_0621,capacity_matched_deepsets,42,900.0,0.7470401525497437
3,b005_0621,capacity_matched_deepsets,42,960.0,0.7286145091056824
3,b005_0621,capacity_matched_deepsets,42,1020.0,0.6987526416778564
3,b005_0621,capacity_matched_deepsets,42,1080.0,0.6751611828804016
3,b005_0621,capacity_matched_deepsets,42,1140.0,0.6540442705154419
3,b005_0621,capacity_matched_deepsets,42,1200.0,0.6347949504852295
3,b005_0621,capacity_matched_deepsets,42,1260.0,0.6169514060020447
3,b005_0621,capacity_matched_deepsets,42,1320.0,0.6012464761734009
3,b005_0621,capacity_matched_deepsets,42,1380.0,0.586603045463562
3,b005_0621,capacity_matched_deepsets,42,1440.0,0.5824720859527588
3,b005_0621,capacity_matched_deepsets,42,1500.0,0.5850769877433777
3,b005_0621,capacity_matched_deepsets,42,1560.0,0.5909303426742554
3,b005_0621,capacity_matched_deepsets,42,1620.0,0.5977266430854797
3,b005_0621,capacity_matched_deepsets,42,1680.0,0.6040105223655701
3,b005_0621,capacity_matched_deepsets,42,1740.0,0.6100668907165527
3,b005_0621,capacity_matched_deepsets,42,1800.0,0.616685152053833
3,b005_0621,capacity_matched_deepsets,42,1860.0,0.6196882724761963
3,b005_0621,capacity_matched_deepsets,42,1920.0,0.6091346144676208
3,b005_0621,capacity_matched_deepsets,42,1980.0,0.5948367714881897
3,b005_0621,capacity_matched_deepsets,42,2040.0,0.580930233001709
3,b005_0621,capacity_matched_deepsets,42,2100.0,0.5663824081420898
3,b005_0621,capacity_matched_deepsets,42,2160.0,0.5553162693977356
3,b005_0621,capacity_matched_deepsets,42,2220.0,0.5483346581459045
3,b005_0621,capacity_matched_deepsets,42,2280.0,0.5427910685539246
3,b005_0621,capacity_matched_deepsets,42,2340.0,0.5387510657310486
3,b005_0621,capacity_matched_deepsets,42,2400.0,0.5362415313720703
3,b005_0621,capacity_matched_deepsets,42,2460.0,0.5347703695297241
3,b005_0621,capacity_matched_deepsets,42,2520.0,0.5342850685119629
3,b005_0621,capacity_matched_deepsets,42,2580.0,0.540766179561615
3,b005_0621,capacity_matched_deepsets,42,2640.0,0.5452328324317932
3,b005_0621,capacity_matched_deepsets,42,2700.0,0.5500580668449402
3,b005_0621,capacity_matched_deepsets,42,2760.0,0.5617011785507202
3,b005_0621,capacity_matched_deepsets,42,2820.0,0.5796203017234802
3,b005_0621,capacity_matched_deepsets,42,2880.0,0.6212329268455505
3,b005_0621,capacity_matched_deepsets,42,2940.0,0.72356116771698
3,b005_0621,capacity_matched_deepsets,42,3000.0,0.9145489931106567
3,b005_0621,capacity_matched_deepsets,42,3060.0,0.9886413216590881
3,b005_0621,capacity_matched_deepsets,42,3120.0,0.9954244494438171
3,b005_0621,capacity_matched_deepsets,42,3180.0,0.9961756467819214
3,b005_0621,capacity_matched_deepsets,42,3240.0,0.9964042901992798
3,b005_0621,capacity_matched_deepsets,42,3300.0,0.9965569972991943
3,b005_0621,capacity_matched_deepsets,42,3360.0,0.996673583984375
3,b005_0621,capacity_matched_deepsets,42,3420.0,0.9967558979988098
3,b005_0621,capacity_matched_deepsets,42,3480.0,0.9968120455741882
3,b005_0621,capacity_matched_deepsets,42,3540.0,0.9968569278717041
3,b005_0621,capacity_matched_deepsets,42,3600.0,0.9968937635421753
3,b005_0621,capacity_matched_deepsets,43,0.0,0.9976200461387634
3,b005_0621,capacity_matched_deepsets,43,60.0,0.9976769089698792
3,b005_0621,capacity_matched_deepsets,43,120.0,0.9977098703384399
3,b005_0621,capacity_matched_deepsets,43,180.0,0.9976972937583923
3,b005_0621,capacity_matched_deepsets,43,240.0,0.9976143836975098
3,b005_0621,capacity_matched_deepsets,43,300.0,0.9974002838134766
3,b005_0621,capacity_matched_deepsets,43,360.0,0.9969087243080139
3,b005_0621,capacity_matched_deepsets,43,420.0,0.9957190155982971
3,b005_0621,capacity_matched_deepsets,43,480.0,0.9925345182418823
3,b005_0621,capacity_matched_deepsets,43,540.0,0.9825777411460876
3,b005_0621,capacity_matched_deepsets,43,600.0,0.947998046875
3,b005_0621,capacity_matched_deepsets,43,660.0,0.8180094361305237
3,b005_0621,capacity_matched_deepsets,43,720.0,0.7455418109893799
3,b005_0621,capacity_matched_deepsets,43,780.0,0.7464365363121033
3,b005_0621,capacity_matched_deepsets,43,840.0,0.7474817633628845
3,b005_0621,capacity_matched_deepsets,43,900.0,0.7433851957321167
3,b005_0621,capacity_matched_deepsets,43,960.0,0.7302010655403137
3,b005_0621,capacity_matched_deepsets,43,1020.0,0.6982177495956421
3,b005_0621,capacity_matched_deepsets,43,1080.0,0.6694973707199097
3,b005_0621,capacity_matched_deepsets,43,1140.0,0.6456894874572754
3,b005_0621,capacity_matched_deepsets,43,1200.0,0.6250427961349487
3,b005_0621,capacity_matched_deepsets,43,1260.0,0.6081772446632385
3,b005_0621,capacity_matched_deepsets,43,1320.0,0.5937913656234741
3,b005_0621,capacity_matched_deepsets,43,1380.0,0.5804622769355774
3,b005_0621,capacity_matched_deepsets,43,1440.0,0.576151967048645
3,b005_0621,capacity_matched_deepsets,43,1500.0,0.5778393149375916
3,b005_0621,capacity_matched_deepsets,43,1560.0,0.5830830335617065
3,b005_0621,capacity_matched_deepsets,43,1620.0,0.5903255939483643
3,b005_0621,capacity_matched_deepsets,43,1680.0,0.5973348617553711
3,b005_0621,capacity_matched_deepsets,43,1740.0,0.6041350960731506
3,b005_0621,capacity_matched_deepsets,43,1800.0,0.6105180382728577
3,b005_0621,capacity_matched_deepsets,43,1860.0,0.6133100390434265
3,b005_0621,capacity_matched_deepsets,43,1920.0,0.6120001077651978
3,b005_0621,capacity_matched_deepsets,43,1980.0,0.6094036102294922
3,b005_0621,capacity_matched_deepsets,43,2040.0,0.6051653027534485
3,b005_0621,capacity_matched_deepsets,43,2100.0,0.6012051105499268
3,b005_0621,capacity_matched_deepsets,43,2160.0,0.59544837474823
3,b005_0621,capacity_matched_deepsets,43,2220.0,0.5909964442253113
3,b005_0621,capacity_matched_deepsets,43,2280.0,0.5852654576301575
3,b005_0621,capacity_matched_deepsets,43,2340.0,0.5810256004333496
3,b005_0621,capacity_matched_deepsets,43,2400.0,0.5822572112083435
3,b005_0621,capacity_matched_deepsets,43,2460.0,0.5932599306106567
3,b005_0621,capacity_matched_deepsets,43,2520.0,0.6100719571113586
3,b005_0621,capacity_matched_deepsets,43,2580.0,0.6444078087806702
3,b005_0621,capacity_matched_deepsets,43,2640.0,0.691231369972229
3,b005_0621,capacity_matched_deepsets,43,2700.0,0.7904072999954224
3,b005_0621,capacity_matched_deepsets,43,2760.0,0.8965676426887512
3,b005_0621,capacity_matched_deepsets,43,2820.0,0.9546574950218201
3,b005_0621,capacity_matched_deepsets,43,2880.0,0.9759608507156372
3,b005_0621,capacity_matched_deepsets,43,2940.0,0.9853031635284424
3,b005_0621,capacity_matched_deepsets,43,3000.0,0.990349292755127
3,b005_0621,capacity_matched_deepsets,43,3060.0,0.9930996894836426
3,b005_0621,capacity_matched_deepsets,43,3120.0,0.9945423603057861
3,b005_0621,capacity_matched_deepsets,43,3180.0,0.9953140020370483
3,b005_0621,capacity_matched_deepsets,43,3240.0,0.9957832098007202
3,b005_0621,capacity_matched_deepsets,43,3300.0,0.9960732460021973
3,b005_0621,capacity_matched_deepsets,43,3360.0,0.996256947517395
3,b005_0621,capacity_matched_deepsets,43,3420.0,0.9963778853416443
3,b005_0621,capacity_matched_deepsets,43,3480.0,0.9964599013328552
3,b005_0621,capacity_matched_deepsets,43,3540.0,0.996517539024353
3,b005_0621,capacity_matched_deepsets,43,3600.0,0.996560275554657
3,b005_0621,capacity_matched_deepsets,44,0.0,0.9980279803276062
3,b005_0621,capacity_matched_deepsets,44,60.0,0.9980639815330505
3,b005_0621,capacity_matched_deepsets,44,120.0,0.9980738162994385
3,b005_0621,capacity_matched_deepsets,44,180.0,0.998082160949707
3,b005_0621,capacity_matched_deepsets,44,240.0,0.9980699419975281
3,b005_0621,capacity_matched_deepsets,44,300.0,0.9979732632637024
3,b005_0621,capacity_matched_deepsets,44,360.0,0.9977242350578308
3,b005_0621,capacity_matched_deepsets,44,420.0,0.9970972537994385
3,b005_0621,capacity_matched_deepsets,44,480.0,0.9952568411827087
3,b005_0621,capacity_matched_deepsets,44,540.0,0.987846851348877
3,b005_0621,capacity_matched_deepsets,44,600.0,0.9394019842147827
3,b005_0621,capacity_matched_deepsets,44,660.0,0.8175805807113647
3,b005_0621,capacity_matched_deepsets,44,720.0,0.7629958391189575
3,b005_0621,capacity_matched_deepsets,44,780.0,0.7645376324653625
3,b005_0621,capacity_matched_deepsets,44,840.0,0.7651973366737366
3,b005_0621,capacity_matched_deepsets,44,900.0,0.7573782801628113
3,b005_0621,capacity_matched_deepsets,44,960.0,0.7375726699829102
3,b005_0621,capacity_matched_deepsets,44,1020.0,0.703799843788147
3,b005_0621,capacity_matched_deepsets,44,1080.0,0.6777010560035706
3,b005_0621,capacity_matched_deepsets,44,1140.0,0.6584120988845825
3,b005_0621,capacity_matched_deepsets,44,1200.0,0.6413101553916931
3,b005_0621,capacity_matched_deepsets,44,1260.0,0.625375509262085
3,b005_0621,capacity_matched_deepsets,44,1320.0,0.6098325848579407
3,b005_0621,capacity_matched_deepsets,44,1380.0,0.5945584177970886
3,b005_0621,capacity_matched_deepsets,44,1440.0,0.5850310325622559
3,b005_0621,capacity_matched_deepsets,44,1500.0,0.5828983783721924
3,b005_0621,capacity_matched_deepsets,44,1560.0,0.5843670964241028
3,b005_0621,capacity_matched_deepsets,44,1620.0,0.5889671444892883
3,b005_0621,capacity_matched_deepsets,44,1680.0,0.5958482623100281
3,b005_0621,capacity_matched_deepsets,44,1740.0,0.6040432453155518
3,b005_0621,capacity_matched_deepsets,44,1800.0,0.6123040914535522
3,b005_0621,capacity_matched_deepsets,44,1860.0,0.6168482303619385
3,b005_0621,capacity_matched_deepsets,44,1920.0,0.6158612370491028
3,b005_0621,capacity_matched_deepsets,44,1980.0,0.6119517087936401
3,b005_0621,capacity_matched_deepsets,44,2040.0,0.6062636971473694
3,b005_0621,capacity_matched_deepsets,44,2100.0,0.5995050668716431
3,b005_0621,capacity_matched_deepsets,44,2160.0,0.5928989052772522
3,b005_0621,capacity_matched_deepsets,44,2220.0,0.5883687138557434
3,b005_0621,capacity_matched_deepsets,44,2280.0,0.5900297164916992
3,b005_0621,capacity_matched_deepsets,44,2340.0,0.6274660229682922
3,b005_0621,capacity_matched_deepsets,44,2400.0,0.8019192814826965
3,b005_0621,capacity_matched_deepsets,44,2460.0,0.9818203449249268
3,b005_0621,capacity_matched_deepsets,44,2520.0,0.9948670864105225
3,b005_0621,capacity_matched_deepsets,44,2580.0,0.9963776469230652
3,b005_0621,capacity_matched_deepsets,44,2640.0,0.9966368675231934
3,b005_0621,capacity_matched_deepsets,44,2700.0,0.9966999888420105
3,b005_0621,capacity_matched_deepsets,44,2760.0,0.9967083930969238
3,b005_0621,capacity_matched_deepsets,44,2820.0,0.9966868758201599
3,b005_0621,capacity_matched_deepsets,44,2880.0,0.9966520667076111
3,b005_0621,capacity_matched_deepsets,44,2940.0,0.9966104626655579
3,b005_0621,capacity_matched_deepsets,44,3000.0,0.9965693950653076
3,b005_0621,capacity_matched_deepsets,44,3060.0,0.996533989906311
3,b005_0621,capacity_matched_deepsets,44,3120.0,0.996509850025177
3,b005_0621,capacity_matched_deepsets,44,3180.0,0.9964970946311951
3,b005_0621,capacity_matched_deepsets,44,3240.0,0.9964922070503235
3,b005_0621,capacity_matched_deepsets,44,3300.0,0.9964928030967712
3,b005_0621,capacity_matched_deepsets,44,3360.0,0.9964978694915771
3,b005_0621,capacity_matched_deepsets,44,3420.0,0.9965131878852844
3,b005_0621,capacity_matched_deepsets,44,3480.0,0.996533989906311
3,b005_0621,capacity_matched_deepsets,44,3540.0,0.9965564012527466
3,b005_0621,capacity_matched_deepsets,44,3600.0,0.9965797066688538
3,b005_0621,capacity_matched_deepsets,45,0.0,0.9980992674827576
3,b005_0621,capacity_matched_deepsets,45,60.0,0.9981452226638794
3,b005_0621,capacity_matched_deepsets,45,120.0,0.9981583952903748
3,b005_0621,capacity_matched_deepsets,45,180.0,0.9981566071510315
3,b005_0621,capacity_matched_deepsets,45,240.0,0.9981365203857422
3,b005_0621,capacity_matched_deepsets,45,300.0,0.998068630695343
3,b005_0621,capacity_matched_deepsets,45,360.0,0.9978756904602051
3,b005_0621,capacity_matched_deepsets,45,420.0,0.9973489046096802
3,b005_0621,capacity_matched_deepsets,45,480.0,0.9956814050674438
3,b005_0621,capacity_matched_deepsets,45,540.0,0.9897348880767822
3,b005_0621,capacity_matched_deepsets,45,600.0,0.9554193615913391
3,b005_0621,capacity_matched_deepsets,45,660.0,0.8176957368850708
3,b005_0621,capacity_matched_deepsets,45,720.0,0.7479232549667358
3,b005_0621,capacity_matched_deepsets,45,780.0,0.7467563152313232
3,b005_0621,capacity_matched_deepsets,45,840.0,0.7479332089424133
3,b005_0621,capacity_matched_deepsets,45,900.0,0.7473512291908264
3,b005_0621,capacity_matched_deepsets,45,960.0,0.742875874042511
3,b005_0621,capacity_matched_deepsets,45,1020.0,0.715063214302063
3,b005_0621,capacity_matched_deepsets,45,1080.0,0.6853249073028564
3,b005_0621,capacity_matched_deepsets,45,1140.0,0.6608045101165771
3,b005_0621,capacity_matched_deepsets,45,1200.0,0.6398205757141113
3,b005_0621,capacity_matched_deepsets,45,1260.0,0.6221187114715576
3,b005_0621,capacity_matched_deepsets,45,1320.0,0.6068992614746094
3,b005_0621,capacity_matched_deepsets,45,1380.0,0.5922214388847351
3,b005_0621,capacity_matched_deepsets,45,1440.0,0.582664966583252
3,b005_0621,capacity_matched_deepsets,45,1500.0,0.5818396210670471
3,b005_0621,capacity_matched_deepsets,45,1560.0,0.58500075340271
3,b005_0621,capacity_matched_deepsets,45,1620.0,0.5912709832191467
3,b005_0621,capacity_matched_deepsets,45,1680.0,0.5980324149131775
3,b005_0621,capacity_matched_deepsets,45,1740.0,0.6059239506721497
3,b005_0621,capacity_matched_deepsets,45,1800.0,0.6098073720932007
3,b005_0621,capacity_matched_deepsets,45,1860.0,0.6136429905891418
3,b005_0621,capacity_matched_deepsets,45,1920.0,0.6162117719650269
3,b005_0621,capacity_matched_deepsets,45,1980.0,0.6174531579017639
3,b005_0621,capacity_matched_deepsets,45,2040.0,0.6178842782974243
3,b005_0621,capacity_matched_deepsets,45,2100.0,0.6178690791130066
3,b005_0621,capacity_matched_deepsets,45,2160.0,0.6184161901473999
3,b005_0621,capacity_matched_deepsets,45,2220.0,0.6198583841323853
3,b005_0621,capacity_matched_deepsets,45,2280.0,0.6215757131576538
3,b005_0621,capacity_matched_deepsets,45,2340.0,0.6297008991241455
3,b005_0621,capacity_matched_deepsets,45,2400.0,0.6691220998764038
3,b005_0621,capacity_matched_deepsets,45,2460.0,0.7514711618423462
3,b005_0621,capacity_matched_deepsets,45,2520.0,0.8692248463630676
3,b005_0621,capacity_matched_deepsets,45,2580.0,0.9558033347129822
3,b005_0621,capacity_matched_deepsets,45,2640.0,0.9926451444625854
3,b005_0621,capacity_matched_deepsets,45,2700.0,0.9970406889915466
3,b005_0621,capacity_matched_deepsets,45,2760.0,0.9971938133239746
3,b005_0621,capacity_matched_deepsets,45,2820.0,0.9970070719718933
3,b005_0621,capacity_matched_deepsets,45,2880.0,0.9968112111091614
3,b005_0621,capacity_matched_deepsets,45,2940.0,0.9966805577278137
3,b005_0621,capacity_matched_deepsets,45,3000.0,0.9965870380401611
3,b005_0621,capacity_matched_deepsets,45,3060.0,0.9965227842330933
3,b005_0621,capacity_matched_deepsets,45,3120.0,0.9964800477027893
3,b005_0621,capacity_matched_deepsets,45,3180.0,0.9964485168457031
3,b005_0621,capacity_matched_deepsets,45,3240.0,0.9964190721511841
3,b005_0621,capacity_matched_deepsets,45,3300.0,0.996394693851471
3,b005_0621,capacity_matched_deepsets,45,3360.0,0.9963741898536682
3,b005_0621,capacity_matched_deepsets,45,3420.0,0.9963563680648804
3,b005_0621,capacity_matched_deepsets,45,3480.0,0.9963409304618835
3,b005_0621,capacity_matched_deepsets,45,3540.0,0.9963279366493225
3,b005_0621,capacity_matched_deepsets,45,3600.0,0.9963157773017883
3,b005_0621,capacity_matched_deepsets,46,0.0,0.9973970651626587
3,b005_0621,capacity_matched_deepsets,46,60.0,0.9974531531333923
3,b005_0621,capacity_matched_deepsets,46,120.0,0.9974457025527954
3,b005_0621,capacity_matched_deepsets,46,180.0,0.9974387884140015
3,b005_0621,capacity_matched_deepsets,46,240.0,0.9974300265312195
3,b005_0621,capacity_matched_deepsets,46,300.0,0.997398853302002
3,b005_0621,capacity_matched_deepsets,46,360.0,0.9972890615463257
3,b005_0621,capacity_matched_deepsets,46,420.0,0.9969246983528137
3,b005_0621,capacity_matched_deepsets,46,480.0,0.9956029653549194
3,b005_0621,capacity_matched_deepsets,46,540.0,0.9885758757591248
3,b005_0621,capacity_matched_deepsets,46,600.0,0.9346360564231873
3,b005_0621,capacity_matched_deepsets,46,660.0,0.8079429268836975
3,b005_0621,capacity_matched_deepsets,46,720.0,0.7476047873497009
3,b005_0621,capacity_matched_deepsets,46,780.0,0.7479546666145325
3,b005_0621,capacity_matched_deepsets,46,840.0,0.7505394816398621
3,b005_0621,capacity_matched_deepsets,46,900.0,0.7501676678657532
3,b005_0621,capacity_matched_deepsets,46,960.0,0.7345680594444275
3,b005_0621,capacity_matched_deepsets,46,1020.0,0.7012048959732056
3,b005_0621,capacity_matched_deepsets,46,1080.0,0.670550525188446
3,b005_0621,capacity_matched_deepsets,46,1140.0,0.6470996737480164
3,b005_0621,capacity_matched_deepsets,46,1200.0,0.6264809370040894
3,b005_0621,capacity_matched_deepsets,46,1260.0,0.6085953116416931
3,b005_0621,capacity_matched_deepsets,46,1320.0,0.5924228429794312
3,b005_0621,capacity_matched_deepsets,46,1380.0,0.5779592394828796
3,b005_0621,capacity_matched_deepsets,46,1440.0,0.5706297755241394
3,b005_0621,capacity_matched_deepsets,46,1500.0,0.5720804333686829
3,b005_0621,capacity_matched_deepsets,46,1560.0,0.5767817497253418
3,b005_0621,capacity_matched_deepsets,46,1620.0,0.584585964679718
3,b005_0621,capacity_matched_deepsets,46,1680.0,0.5960925817489624
3,b005_0621,capacity_matched_deepsets,46,1740.0,0.6097971200942993
3,b005_0621,capacity_matched_deepsets,46,1800.0,0.6253902316093445
3,b005_0621,capacity_matched_deepsets,46,1860.0,0.6432265639305115
3,b005_0621,capacity_matched_deepsets,46,1920.0,0.6625425219535828
3,b005_0621,capacity_matched_deepsets,46,1980.0,0.6806218028068542
3,b005_0621,capacity_matched_deepsets,46,2040.0,0.6918002963066101
3,b005_0621,capacity_matched_deepsets,46,2100.0,0.7056662440299988
3,b005_0621,capacity_matched_deepsets,46,2160.0,0.7508693933486938
3,b005_0621,capacity_matched_deepsets,46,2220.0,0.8244050145149231
3,b005_0621,capacity_matched_deepsets,46,2280.0,0.9153112769126892
3,b005_0621,capacity_matched_deepsets,46,2340.0,0.9780031442642212
3,b005_0621,capacity_matched_deepsets,46,2400.0,0.9938556551933289
3,b005_0621,capacity_matched_deepsets,46,2460.0,0.996096670627594
3,b005_0621,capacity_matched_deepsets,46,2520.0,0.9963388442993164
3,b005_0621,capacity_matched_deepsets,46,2580.0,0.9963931441307068
3,b005_0621,capacity_matched_deepsets,46,2640.0,0.9963732361793518
3,b005_0621,capacity_matched_deepsets,46,2700.0,0.9963405728340149
3,b005_0621,capacity_matched_deepsets,46,2760.0,0.9963022470474243
3,b005_0621,capacity_matched_deepsets,46,2820.0,0.9962600469589233
3,b005_0621,capacity_matched_deepsets,46,2880.0,0.9962226152420044
3,b005_0621,capacity_matched_deepsets,46,2940.0,0.9961923360824585
3,b005_0621,capacity_matched_deepsets,46,3000.0,0.9961656332015991
3,b005_0621,capacity_matched_deepsets,46,3060.0,0.9961428046226501
3,b005_0621,capacity_matched_deepsets,46,3120.0,0.9961236119270325
3,b005_0621,capacity_matched_deepsets,46,3180.0,0.9961075186729431
3,b005_0621,capacity_matched_deepsets,46,3240.0,0.9960940480232239
3,b005_0621,capacity_matched_deepsets,46,3300.0,0.9960838556289673
3,b005_0621,capacity_matched_deepsets,46,3360.0,0.9960774779319763
3,b005_0621,capacity_matched_deepsets,46,3420.0,0.99607253074646
3,b005_0621,capacity_matched_deepsets,46,3480.0,0.9960677623748779
3,b005_0621,capacity_matched_deepsets,46,3540.0,0.9960631728172302
3,b005_0621,capacity_matched_deepsets,46,3600.0,0.9960587024688721
3,b005_0621,gnn,42,0.0,0.9977869987487793
3,b005_0621,gnn,42,60.0,0.9978524446487427
3,b005_0621,gnn,42,120.0,0.9978629946708679
3,b005_0621,gnn,42,180.0,0.9978561997413635
3,b005_0621,gnn,42,240.0,0.9978356957435608
3,b005_0621,gnn,42,300.0,0.9977793097496033
3,b005_0621,gnn,42,360.0,0.9976059198379517
3,b005_0621,gnn,42,420.0,0.9971116781234741
3,b005_0621,gnn,42,480.0,0.9955539107322693
3,b005_0621,gnn,42,540.0,0.9878860712051392
3,b005_0621,gnn,42,600.0,0.9355807900428772
3,b005_0621,gnn,42,660.0,0.8038083910942078
3,b005_0621,gnn,42,720.0,0.7536224126815796
3,b005_0621,gnn,42,780.0,0.7486077547073364
3,b005_0621,gnn,42,840.0,0.7459352016448975
3,b005_0621,gnn,42,900.0,0.741753339767456
3,b005_0621,gnn,42,960.0,0.7215126752853394
3,b005_0621,gnn,42,1020.0,0.6901544332504272
3,b005_0621,gnn,42,1080.0,0.665128231048584
3,b005_0621,gnn,42,1140.0,0.645922064781189
3,b005_0621,gnn,42,1200.0,0.6297728419303894
3,b005_0621,gnn,42,1260.0,0.615348219871521
3,b005_0621,gnn,42,1320.0,0.6021279096603394
3,b005_0621,gnn,42,1380.0,0.5897637009620667
3,b005_0621,gnn,42,1440.0,0.5839965343475342
3,b005_0621,gnn,42,1500.0,0.5868686437606812
3,b005_0621,gnn,42,1560.0,0.5940233469009399
3,b005_0621,gnn,42,1620.0,0.6019738912582397
3,b005_0621,gnn,42,1680.0,0.61080402135849
3,b005_0621,gnn,42,1740.0,0.6214492321014404
3,b005_0621,gnn,42,1800.0,0.6234184503555298
3,b005_0621,gnn,42,1860.0,0.6264371275901794
3,b005_0621,gnn,42,1920.0,0.6303473114967346
3,b005_0621,gnn,42,1980.0,0.6346631050109863
3,b005_0621,gnn,42,2040.0,0.639615535736084
3,b005_0621,gnn,42,2100.0,0.643597424030304
3,b005_0621,gnn,42,2160.0,0.642942488193512
3,b005_0621,gnn,42,2220.0,0.628780722618103
3,b005_0621,gnn,42,2280.0,0.6601260304450989
3,b005_0621,gnn,42,2340.0,0.8440811038017273
3,b005_0621,gnn,42,2400.0,0.9575746655464172
3,b005_0621,gnn,42,2460.0,0.9835688471794128
3,b005_0621,gnn,42,2520.0,0.9899789094924927
3,b005_0621,gnn,42,2580.0,0.9928505420684814
3,b005_0621,gnn,42,2640.0,0.9937862157821655
3,b005_0621,gnn,42,2700.0,0.9942032694816589
3,b005_0621,gnn,42,2760.0,0.9944034814834595
3,b005_0621,gnn,42,2820.0,0.9945110082626343
3,b005_0621,gnn,42,2880.0,0.9945797920227051
3,b005_0621,gnn,42,2940.0,0.9946355223655701
3,b005_0621,gnn,42,3000.0,0.9946911931037903
3,b005_0621,gnn,42,3060.0,0.9947598576545715
3,b005_0621,gnn,42,3120.0,0.9948375821113586
3,b005_0621,gnn,42,3180.0,0.9949177503585815
3,b005_0621,gnn,42,3240.0,0.9950029253959656
3,b005_0621,gnn,42,3300.0,0.9950928688049316
3,b005_0621,gnn,42,3360.0,0.995141863822937
3,b005_0621,gnn,42,3420.0,0.9951756000518799
3,b005_0621,gnn,42,3480.0,0.9951985478401184
3,b005_0621,gnn,42,3540.0,0.9952152967453003
3,b005_0621,gnn,42,3600.0,0.9952268600463867
3,b005_0621,gnn,43,0.0,0.998236894607544
3,b005_0621,gnn,43,60.0,0.998316764831543
3,b005_0621,gnn,43,120.0,0.9983416795730591
3,b005_0621,gnn,43,180.0,0.9983410835266113
3,b005_0621,gnn,43,240.0,0.9983263611793518
3,b005_0621,gnn,43,300.0,0.9982724189758301
3,b005_0621,gnn,43,360.0,0.9981048107147217
3,b005_0621,gnn,43,420.0,0.9977093935012817
3,b005_0621,gnn,43,480.0,0.9964368343353271
3,b005_0621,gnn,43,540.0,0.9914200305938721
3,b005_0621,gnn,43,600.0,0.9579169154167175
3,b005_0621,gnn,43,660.0,0.8320999145507812
3,b005_0621,gnn,43,720.0,0.7587932348251343
3,b005_0621,gnn,43,780.0,0.7532535791397095
3,b005_0621,gnn,43,840.0,0.7538526058197021
3,b005_0621,gnn,43,900.0,0.752232015132904
3,b005_0621,gnn,43,960.0,0.7365856170654297
3,b005_0621,gnn,43,1020.0,0.70595782995224
3,b005_0621,gnn,43,1080.0,0.6761425137519836
3,b005_0621,gnn,43,1140.0,0.6517891883850098
3,b005_0621,gnn,43,1200.0,0.6306983828544617
3,b005_0621,gnn,43,1260.0,0.61170494556427
3,b005_0621,gnn,43,1320.0,0.5944384336471558
3,b005_0621,gnn,43,1380.0,0.579317033290863
3,b005_0621,gnn,43,1440.0,0.5702820420265198
3,b005_0621,gnn,43,1500.0,0.5688759088516235
3,b005_0621,gnn,43,1560.0,0.5721288323402405
3,b005_0621,gnn,43,1620.0,0.5792511105537415
3,b005_0621,gnn,43,1680.0,0.5894538760185242
3,b005_0621,gnn,43,1740.0,0.5980618000030518
3,b005_0621,gnn,43,1800.0,0.6068294048309326
3,b005_0621,gnn,43,1860.0,0.608366072177887
3,b005_0621,gnn,43,1920.0,0.605897068977356
3,b005_0621,gnn,43,1980.0,0.601885974407196
3,b005_0621,gnn,43,2040.0,0.5970272421836853
3,b005_0621,gnn,43,2100.0,0.5928907990455627
3,b005_0621,gnn,43,2160.0,0.5896565914154053
3,b005_0621,gnn,43,2220.0,0.5876779556274414
3,b005_0621,gnn,43,2280.0,0.5887327194213867
3,b005_0621,gnn,43,2340.0,0.5907779335975647
3,b005_0621,gnn,43,2400.0,0.5851547122001648
3,b005_0621,gnn,43,2460.0,0.5875052213668823
3,b005_0621,gnn,43,2520.0,0.6259479522705078
3,b005_0621,gnn,43,2580.0,0.6917839646339417
3,b005_0621,gnn,43,2640.0,0.7441555261611938
3,b005_0621,gnn,43,2700.0,0.7958939075469971
3,b005_0621,gnn,43,2760.0,0.8513124585151672
3,b005_0621,gnn,43,2820.0,0.9109079837799072
3,b005_0621,gnn,43,2880.0,0.9578460454940796
3,b005_0621,gnn,43,2940.0,0.9788722395896912
3,b005_0621,gnn,43,3000.0,0.9865591526031494
3,b005_0621,gnn,43,3060.0,0.9901122450828552
3,b005_0621,gnn,43,3120.0,0.992084801197052
3,b005_0621,gnn,43,3180.0,0.9933770298957825
3,b005_0621,gnn,43,3240.0,0.9943637847900391
3,b005_0621,gnn,43,3300.0,0.9950783252716064
3,b005_0621,gnn,43,3360.0,0.9955282807350159
3,b005_0621,gnn,43,3420.0,0.9957987666130066
3,b005_0621,gnn,43,3480.0,0.9959703683853149
3,b005_0621,gnn,43,3540.0,0.9960744380950928
3,b005_0621,gnn,43,3600.0,0.9961169958114624
3,b005_0621,gnn,44,0.0,0.9983534812927246
3,b005_0621,gnn,44,60.0,0.9984598159790039
3,b005_0621,gnn,44,120.0,0.9985180497169495
3,b005_0621,gnn,44,180.0,0.9985479712486267
3,b005_0621,gnn,44,240.0,0.9985178112983704
3,b005_0621,gnn,44,300.0,0.9984021782875061
3,b005_0621,gnn,44,360.0,0.9981203675270081
3,b005_0621,gnn,44,420.0,0.9973810315132141
3,b005_0621,gnn,44,480.0,0.9953331351280212
3,b005_0621,gnn,44,540.0,0.9879918694496155
3,b005_0621,gnn,44,600.0,0.9422229528427124
3,b005_0621,gnn,44,660.0,0.8169606924057007
3,b005_0621,gnn,44,720.0,0.7595235705375671
3,b005_0621,gnn,44,780.0,0.759978175163269
3,b005_0621,gnn,44,840.0,0.7590740919113159
3,b005_0621,gnn,44,900.0,0.7533560395240784
3,b005_0621,gnn,44,960.0,0.7362208366394043
3,b005_0621,gnn,44,1020.0,0.7064094543457031
3,b005_0621,gnn,44,1080.0,0.673863410949707
3,b005_0621,gnn,44,1140.0,0.6460703015327454
3,b005_0621,gnn,44,1200.0,0.6243570446968079
3,b005_0621,gnn,44,1260.0,0.6069616675376892
3,b005_0621,gnn,44,1320.0,0.5926587581634521
3,b005_0621,gnn,44,1380.0,0.5794560313224792
3,b005_0621,gnn,44,1440.0,0.5734279155731201
3,b005_0621,gnn,44,1500.0,0.5768264532089233
3,b005_0621,gnn,44,1560.0,0.5839716792106628
3,b005_0621,gnn,44,1620.0,0.5942350625991821
3,b005_0621,gnn,44,1680.0,0.606641948223114
3,b005_0621,gnn,44,1740.0,0.6195107102394104
3,b005_0621,gnn,44,1800.0,0.632926881313324
3,b005_0621,gnn,44,1860.0,0.6469379663467407
3,b005_0621,gnn,44,1920.0,0.662165641784668
3,b005_0621,gnn,44,1980.0,0.677743673324585
3,b005_0621,gnn,44,2040.0,0.6918734312057495
3,b005_0621,gnn,44,2100.0,0.7028423547744751
3,b005_0621,gnn,44,2160.0,0.7113463878631592
3,b005_0621,gnn,44,2220.0,0.7412452101707458
3,b005_0621,gnn,44,2280.0,0.7819963693618774
3,b005_0621,gnn,44,2340.0,0.8789421319961548
3,b005_0621,gnn,44,2400.0,0.9644102454185486
3,b005_0621,gnn,44,2460.0,0.9784874320030212
3,b005_0621,gnn,44,2520.0,0.9805032014846802
3,b005_0621,gnn,44,2580.0,0.9809879064559937
3,b005_0621,gnn,44,2640.0,0.9808170795440674
3,b005_0621,gnn,44,2700.0,0.9806168079376221
3,b005_0621,gnn,44,2760.0,0.9806637167930603
3,b005_0621,gnn,44,2820.0,0.98073810338974
3,b005_0621,gnn,44,2880.0,0.9808457493782043
3,b005_0621,gnn,44,2940.0,0.9812073111534119
3,b005_0621,gnn,44,3000.0,0.9817232489585876
3,b005_0621,gnn,44,3060.0,0.9822084307670593
3,b005_0621,gnn,44,3120.0,0.9826818108558655
3,b005_0621,gnn,44,3180.0,0.983167827129364
3,b005_0621,gnn,44,3240.0,0.9836711883544922
3,b005_0621,gnn,44,3300.0,0.984190821647644
3,b005_0621,gnn,44,3360.0,0.9847303628921509
3,b005_0621,gnn,44,3420.0,0.9852750301361084
3,b005_0621,gnn,44,3480.0,0.9858155250549316
3,b005_0621,gnn,44,3540.0,0.9863444566726685
3,b005_0621,gnn,44,3600.0,0.9868664741516113
3,b005_0621,gnn,45,0.0,0.9970013499259949
3,b005_0621,gnn,45,60.0,0.9973652958869934
3,b005_0621,gnn,45,120.0,0.997520387172699
3,b005_0621,gnn,45,180.0,0.9975791573524475
3,b005_0621,gnn,45,240.0,0.9975831508636475
3,b005_0621,gnn,45,300.0,0.99754399061203
3,b005_0621,gnn,45,360.0,0.9974091649055481
3,b005_0621,gnn,45,420.0,0.9970404505729675
3,b005_0621,gnn,45,480.0,0.9958827495574951
3,b005_0621,gnn,45,540.0,0.9904906749725342
3,b005_0621,gnn,45,600.0,0.9471827745437622
3,b005_0621,gnn,45,660.0,0.8131979703903198
3,b005_0621,gnn,45,720.0,0.7639240026473999
3,b005_0621,gnn,45,780.0,0.7589632272720337
3,b005_0621,gnn,45,840.0,0.7541891932487488
3,b005_0621,gnn,45,900.0,0.7425327897071838
3,b005_0621,gnn,45,960.0,0.7204148173332214
3,b005_0621,gnn,45,1020.0,0.6896169781684875
3,b005_0621,gnn,45,1080.0,0.6629122495651245
3,b005_0621,gnn,45,1140.0,0.6399499773979187
3,b005_0621,gnn,45,1200.0,0.6192063093185425
3,b005_0621,gnn,45,1260.0,0.600403368473053
3,b005_0621,gnn,45,1320.0,0.5831632018089294
3,b005_0621,gnn,45,1380.0,0.5672497153282166
3,b005_0621,gnn,45,1440.0,0.5593373775482178
3,b005_0621,gnn,45,1500.0,0.5590517520904541
3,b005_0621,gnn,45,1560.0,0.5643730163574219
3,b005_0621,gnn,45,1620.0,0.5727220177650452
3,b005_0621,gnn,45,1680.0,0.5820940732955933
3,b005_0621,gnn,45,1740.0,0.5882738828659058
3,b005_0621,gnn,45,1800.0,0.5946203470230103
3,b005_0621,gnn,45,1860.0,0.6017767786979675
3,b005_0621,gnn,45,1920.0,0.6045323610305786
3,b005_0621,gnn,45,1980.0,0.6069561243057251
3,b005_0621,gnn,45,2040.0,0.6095500588417053
3,b005_0621,gnn,45,2100.0,0.6121916174888611
3,b005_0621,gnn,45,2160.0,0.6151310205459595
3,b005_0621,gnn,45,2220.0,0.6183450818061829
3,b005_0621,gnn,45,2280.0,0.6210597157478333
3,b005_0621,gnn,45,2340.0,0.6179252862930298
3,b005_0621,gnn,45,2400.0,0.6307991743087769
3,b005_0621,gnn,45,2460.0,0.67547208070755
3,b005_0621,gnn,45,2520.0,0.745421290397644
3,b005_0621,gnn,45,2580.0,0.8097025752067566
3,b005_0621,gnn,45,2640.0,0.885242760181427
3,b005_0621,gnn,45,2700.0,0.9667292833328247
3,b005_0621,gnn,45,2760.0,0.9885813593864441
3,b005_0621,gnn,45,2820.0,0.9926177859306335
3,b005_0621,gnn,45,2880.0,0.9941794872283936
3,b005_0621,gnn,45,2940.0,0.995074450969696
3,b005_0621,gnn,45,3000.0,0.9956374764442444
3,b005_0621,gnn,45,3060.0,0.9960026144981384
3,b005_0621,gnn,45,3120.0,0.9962491393089294
3,b005_0621,gnn,45,3180.0,0.996427595615387
3,b005_0621,gnn,45,3240.0,0.9965659976005554
3,b005_0621,gnn,45,3300.0,0.9966611862182617
3,b005_0621,gnn,45,3360.0,0.9967281818389893
3,b005_0621,gnn,45,3420.0,0.9967759251594543
3,b005_0621,gnn,45,3480.0,0.9968112111091614
3,b005_0621,gnn,45,3540.0,0.9968384504318237
3,b005_0621,gnn,45,3600.0,0.9968599081039429
3,b005_0621,gnn,46,0.0,0.9972217082977295
3,b005_0621,gnn,46,60.0,0.9973872303962708
3,b005_0621,gnn,46,120.0,0.9974108338356018
3,b005_0621,gnn,46,180.0,0.9973903298377991
3,b005_0621,gnn,46,240.0,0.9973511695861816
3,b005_0621,gnn,46,300.0,0.9972829818725586
3,b005_0621,gnn,46,360.0,0.9971486926078796
3,b005_0621,gnn,46,420.0,0.9968068599700928
3,b005_0621,gnn,46,480.0,0.995876669883728
3,b005_0621,gnn,46,540.0,0.9916765689849854
3,b005_0621,gnn,46,600.0,0.9580804109573364
3,b005_0621,gnn,46,660.0,0.8182848691940308
3,b005_0621,gnn,46,720.0,0.7648357152938843
3,b005_0621,gnn,46,780.0,0.7626749873161316
3,b005_0621,gnn,46,840.0,0.7633740305900574
3,b005_0621,gnn,46,900.0,0.761414110660553
3,b005_0621,gnn,46,960.0,0.7370201349258423
3,b005_0621,gnn,46,1020.0,0.7051764130592346
3,b005_0621,gnn,46,1080.0,0.6766025424003601
3,b005_0621,gnn,46,1140.0,0.6547345519065857
3,b005_0621,gnn,46,1200.0,0.635463535785675
3,b005_0621,gnn,46,1260.0,0.6190782785415649
3,b005_0621,gnn,46,1320.0,0.6038352251052856
3,b005_0621,gnn,46,1380.0,0.589501678943634
3,b005_0621,gnn,46,1440.0,0.5798567533493042
3,b005_0621,gnn,46,1500.0,0.5790812373161316
3,b005_0621,gnn,46,1560.0,0.5820371508598328
3,b005_0621,gnn,46,1620.0,0.5883997082710266
3,b005_0621,gnn,46,1680.0,0.5968882441520691
3,b005_0621,gnn,46,1740.0,0.6050660610198975
3,b005_0621,gnn,46,1800.0,0.6136904358863831
3,b005_0621,gnn,46,1860.0,0.6220964789390564
3,b005_0621,gnn,46,1920.0,0.6298720836639404
3,b005_0621,gnn,46,1980.0,0.6368340253829956
3,b005_0621,gnn,46,2040.0,0.6419902443885803
3,b005_0621,gnn,46,2100.0,0.644314706325531
3,b005_0621,gnn,46,2160.0,0.6451758742332458
3,b005_0621,gnn,46,2220.0,0.6430081129074097
3,b005_0621,gnn,46,2280.0,0.6392443776130676
3,b005_0621,gnn,46,2340.0,0.6344705820083618
3,b005_0621,gnn,46,2400.0,0.6345133781433105
3,b005_0621,gnn,46,2460.0,0.6374970078468323
3,b005_0621,gnn,46,2520.0,0.6475894451141357
3,b005_0621,gnn,46,2580.0,0.6902986168861389
3,b005_0621,gnn,46,2640.0,0.7752509713172913
3,b005_0621,gnn,46,2700.0,0.905714750289917
3,b005_0621,gnn,46,2760.0,0.9721916317939758
3,b005_0621,gnn,46,2820.0,0.9863259792327881
3,b005_0621,gnn,46,2880.0,0.9904646873474121
3,b005_0621,gnn,46,2940.0,0.9922628402709961
3,b005_0621,gnn,46,3000.0,0.993263304233551
3,b005_0621,gnn,46,3060.0,0.9939072728157043
3,b005_0621,gnn,46,3120.0,0.9943594336509705
3,b005_0621,gnn,46,3180.0,0.9946841597557068
3,b005_0621,gnn,46,3240.0,0.9949290752410889
3,b005_0621,gnn,46,3300.0,0.9951362013816833
3,b005_0621,gnn,46,3360.0,0.9953150749206543
3,b005_0621,gnn,46,3420.0,0.9954720735549927
3,b005_0621,gnn,46,3480.0,0.9956331849098206
3,b005_0621,gnn,46,3540.0,0.9957861304283142
3,b005_0621,gnn,46,3600.0,0.9959251880645752
4,b005_0568,capacity_matched_deepsets,42,0.0,0.9979548454284668
4,b005_0568,capacity_matched_deepsets,42,60.0,0.9979530572891235
4,b005_0568,capacity_matched_deepsets,42,120.0,0.9979386925697327
4,b005_0568,capacity_matched_deepsets,42,180.0,0.99793541431427
4,b005_0568,capacity_matched_deepsets,42,240.0,0.9979116320610046
4,b005_0568,capacity_matched_deepsets,42,300.0,0.9978349804878235
4,b005_0568,capacity_matched_deepsets,42,360.0,0.9975234866142273
4,b005_0568,capacity_matched_deepsets,42,420.0,0.9963415265083313
4,b005_0568,capacity_matched_deepsets,42,480.0,0.9901232123374939
4,b005_0568,capacity_matched_deepsets,42,540.0,0.9400583505630493
4,b005_0568,capacity_matched_deepsets,42,600.0,0.8013703227043152
4,b005_0568,capacity_matched_deepsets,42,660.0,0.7490870356559753
4,b005_0568,capacity_matched_deepsets,42,720.0,0.7415509223937988
4,b005_0568,capacity_matched_deepsets,42,780.0,0.7425353527069092
4,b005_0568,capacity_matched_deepsets,42,840.0,0.7349271178245544
4,b005_0568,capacity_matched_deepsets,42,900.0,0.706971287727356
4,b005_0568,capacity_matched_deepsets,42,960.0,0.6707127094268799
4,b005_0568,capacity_matched_deepsets,42,1020.0,0.6278750896453857
4,b005_0568,capacity_matched_deepsets,42,1080.0,0.5805901288986206
4,b005_0568,capacity_matched_deepsets,42,1140.0,0.5309804677963257
4,b005_0568,capacity_matched_deepsets,42,1200.0,0.49288448691368103
4,b005_0568,capacity_matched_deepsets,42,1260.0,0.4623861610889435
4,b005_0568,capacity_matched_deepsets,42,1320.0,0.4411744773387909
4,b005_0568,capacity_matched_deepsets,42,1380.0,0.42537328600883484
4,b005_0568,capacity_matched_deepsets,42,1440.0,0.41167759895324707
4,b005_0568,capacity_matched_deepsets,42,1500.0,0.4058862328529358
4,b005_0568,capacity_matched_deepsets,42,1560.0,0.4040769338607788
4,b005_0568,capacity_matched_deepsets,42,1620.0,0.4055528938770294
4,b005_0568,capacity_matched_deepsets,42,1680.0,0.4084998369216919
4,b005_0568,capacity_matched_deepsets,42,1740.0,0.4107942283153534
4,b005_0568,capacity_matched_deepsets,42,1800.0,0.4121111333370209
4,b005_0568,capacity_matched_deepsets,42,1860.0,0.4160255491733551
4,b005_0568,capacity_matched_deepsets,42,1920.0,0.41896459460258484
4,b005_0568,capacity_matched_deepsets,42,1980.0,0.4226350784301758
4,b005_0568,capacity_matched_deepsets,42,2040.0,0.42335599660873413
4,b005_0568,capacity_matched_deepsets,42,2100.0,0.4152904450893402
4,b005_0568,capacity_matched_deepsets,42,2160.0,0.4069761633872986
4,b005_0568,capacity_matched_deepsets,42,2220.0,0.4113772511482239
4,b005_0568,capacity_matched_deepsets,42,2280.0,0.41367775201797485
4,b005_0568,capacity_matched_deepsets,42,2340.0,0.415757417678833
4,b005_0568,capacity_matched_deepsets,42,2400.0,0.41816070675849915
4,b005_0568,capacity_matched_deepsets,42,2460.0,0.42251893877983093
4,b005_0568,capacity_matched_deepsets,42,2520.0,0.43050408363342285
4,b005_0568,capacity_matched_deepsets,42,2580.0,0.43375450372695923
4,b005_0568,capacity_matched_deepsets,42,2640.0,0.43560171127319336
4,b005_0568,capacity_matched_deepsets,42,2700.0,0.437017023563385
4,b005_0568,capacity_matched_deepsets,42,2760.0,0.4394899010658264
4,b005_0568,capacity_matched_deepsets,42,2820.0,0.4434712529182434
4,b005_0568,capacity_matched_deepsets,42,2880.0,0.4463209807872772
4,b005_0568,capacity_matched_deepsets,42,2940.0,0.4527025818824768
4,b005_0568,capacity_matched_deepsets,42,3000.0,0.46439868211746216
4,b005_0568,capacity_matched_deepsets,42,3060.0,0.4870086908340454
4,b005_0568,capacity_matched_deepsets,42,3120.0,0.556006669998169
4,b005_0568,capacity_matched_deepsets,42,3180.0,0.7687387466430664
4,b005_0568,capacity_matched_deepsets,42,3240.0,0.9518512487411499
4,b005_0568,capacity_matched_deepsets,42,3300.0,0.9868418574333191
4,b005_0568,capacity_matched_deepsets,42,3360.0,0.9919829964637756
4,b005_0568,capacity_matched_deepsets,42,3420.0,0.9936985969543457
4,b005_0568,capacity_matched_deepsets,42,3480.0,0.9947157502174377
4,b005_0568,capacity_matched_deepsets,42,3540.0,0.9953340888023376
4,b005_0568,capacity_matched_deepsets,42,3600.0,0.9957306981086731
4,b005_0568,capacity_matched_deepsets,43,0.0,0.9976578950881958
4,b005_0568,capacity_matched_deepsets,43,60.0,0.997721254825592
4,b005_0568,capacity_matched_deepsets,43,120.0,0.9977551102638245
4,b005_0568,capacity_matched_deepsets,43,180.0,0.9977274537086487
4,b005_0568,capacity_matched_deepsets,43,240.0,0.9975835084915161
4,b005_0568,capacity_matched_deepsets,43,300.0,0.9972012042999268
4,b005_0568,capacity_matched_deepsets,43,360.0,0.9962021708488464
4,b005_0568,capacity_matched_deepsets,43,420.0,0.9932634234428406
4,b005_0568,capacity_matched_deepsets,43,480.0,0.9830206632614136
4,b005_0568,capacity_matched_deepsets,43,540.0,0.9422006011009216
4,b005_0568,capacity_matched_deepsets,43,600.0,0.7771376967430115
4,b005_0568,capacity_matched_deepsets,43,660.0,0.727566659450531
4,b005_0568,capacity_matched_deepsets,43,720.0,0.7327329516410828
4,b005_0568,capacity_matched_deepsets,43,780.0,0.7358869314193726
4,b005_0568,capacity_matched_deepsets,43,840.0,0.7293240427970886
4,b005_0568,capacity_matched_deepsets,43,900.0,0.7038791179656982
4,b005_0568,capacity_matched_deepsets,43,960.0,0.6652113795280457
4,b005_0568,capacity_matched_deepsets,43,1020.0,0.6209903955459595
4,b005_0568,capacity_matched_deepsets,43,1080.0,0.5770469903945923
4,b005_0568,capacity_matched_deepsets,43,1140.0,0.5335543155670166
4,b005_0568,capacity_matched_deepsets,43,1200.0,0.497564435005188
4,b005_0568,capacity_matched_deepsets,43,1260.0,0.464909166097641
4,b005_0568,capacity_matched_deepsets,43,1320.0,0.4377478361129761
4,b005_0568,capacity_matched_deepsets,43,1380.0,0.41728049516677856
4,b005_0568,capacity_matched_deepsets,43,1440.0,0.4022085666656494
4,b005_0568,capacity_matched_deepsets,43,1500.0,0.3920843303203583
4,b005_0568,capacity_matched_deepsets,43,1560.0,0.3891811668872833
4,b005_0568,capacity_matched_deepsets,43,1620.0,0.3922147750854492
4,b005_0568,capacity_matched_deepsets,43,1680.0,0.39691027998924255
4,b005_0568,capacity_matched_deepsets,43,1740.0,0.39822492003440857
4,b005_0568,capacity_matched_deepsets,43,1800.0,0.40150490403175354
4,b005_0568,capacity_matched_deepsets,43,1860.0,0.40761303901672363
4,b005_0568,capacity_matched_deepsets,43,1920.0,0.41144540905952454
4,b005_0568,capacity_matched_deepsets,43,1980.0,0.41293421387672424
4,b005_0568,capacity_matched_deepsets,43,2040.0,0.408258855342865
4,b005_0568,capacity_matched_deepsets,43,2100.0,0.4022919535636902
4,b005_0568,capacity_matched_deepsets,43,2160.0,0.3979423940181732
4,b005_0568,capacity_matched_deepsets,43,2220.0,0.3960356116294861
4,b005_0568,capacity_matched_deepsets,43,2280.0,0.3989219665527344
4,b005_0568,capacity_matched_deepsets,43,2340.0,0.40087002515792847
4,b005_0568,capacity_matched_deepsets,43,2400.0,0.4012877643108368
4,b005_0568,capacity_matched_deepsets,43,2460.0,0.419681191444397
4,b005_0568,capacity_matched_deepsets,43,2520.0,0.44890832901000977
4,b005_0568,capacity_matched_deepsets,43,2580.0,0.46430161595344543
4,b005_0568,capacity_matched_deepsets,43,2640.0,0.48585426807403564
4,b005_0568,capacity_matched_deepsets,43,2700.0,0.5445868968963623
4,b005_0568,capacity_matched_deepsets,43,2760.0,0.6484175324440002
4,b005_0568,capacity_matched_deepsets,43,2820.0,0.7495853900909424
4,b005_0568,capacity_matched_deepsets,43,2880.0,0.8255219459533691
4,b005_0568,capacity_matched_deepsets,43,2940.0,0.8719930648803711
4,b005_0568,capacity_matched_deepsets,43,3000.0,0.9034236073493958
4,b005_0568,capacity_matched_deepsets,43,3060.0,0.9255191087722778
4,b005_0568,capacity_matched_deepsets,43,3120.0,0.9428552985191345
4,b005_0568,capacity_matched_deepsets,43,3180.0,0.9572467803955078
4,b005_0568,capacity_matched_deepsets,43,3240.0,0.9689425826072693
4,b005_0568,capacity_matched_deepsets,43,3300.0,0.9777272939682007
4,b005_0568,capacity_matched_deepsets,43,3360.0,0.9839344620704651
4,b005_0568,capacity_matched_deepsets,43,3420.0,0.9880168437957764
4,b005_0568,capacity_matched_deepsets,43,3480.0,0.9906229376792908
4,b005_0568,capacity_matched_deepsets,43,3540.0,0.9922754168510437
4,b005_0568,capacity_matched_deepsets,43,3600.0,0.993296205997467
4,b005_0568,capacity_matched_deepsets,44,0.0,0.9981141090393066
4,b005_0568,capacity_matched_deepsets,44,60.0,0.9981626868247986
4,b005_0568,capacity_matched_deepsets,44,120.0,0.998176097869873
4,b005_0568,capacity_matched_deepsets,44,180.0,0.9981776475906372
4,b005_0568,capacity_matched_deepsets,44,240.0,0.9981334805488586
4,b005_0568,capacity_matched_deepsets,44,300.0,0.9979493021965027
4,b005_0568,capacity_matched_deepsets,44,360.0,0.9974083304405212
4,b005_0568,capacity_matched_deepsets,44,420.0,0.9956674575805664
4,b005_0568,capacity_matched_deepsets,44,480.0,0.987820029258728
4,b005_0568,capacity_matched_deepsets,44,540.0,0.9262630939483643
4,b005_0568,capacity_matched_deepsets,44,600.0,0.7779145836830139
4,b005_0568,capacity_matched_deepsets,44,660.0,0.7528848052024841
4,b005_0568,capacity_matched_deepsets,44,720.0,0.7552106380462646
4,b005_0568,capacity_matched_deepsets,44,780.0,0.7546263933181763
4,b005_0568,capacity_matched_deepsets,44,840.0,0.7494454979896545
4,b005_0568,capacity_matched_deepsets,44,900.0,0.7159702181816101
4,b005_0568,capacity_matched_deepsets,44,960.0,0.6774476766586304
4,b005_0568,capacity_matched_deepsets,44,1020.0,0.6370832920074463
4,b005_0568,capacity_matched_deepsets,44,1080.0,0.5945472121238708
4,b005_0568,capacity_matched_deepsets,44,1140.0,0.5507470369338989
4,b005_0568,capacity_matched_deepsets,44,1200.0,0.5089884996414185
4,b005_0568,capacity_matched_deepsets,44,1260.0,0.46989336609840393
4,b005_0568,capacity_matched_deepsets,44,1320.0,0.4501418173313141
4,b005_0568,capacity_matched_deepsets,44,1380.0,0.43399837613105774
4,b005_0568,capacity_matched_deepsets,44,1440.0,0.4208044111728668
4,b005_0568,capacity_matched_deepsets,44,1500.0,0.4124983549118042
4,b005_0568,capacity_matched_deepsets,44,1560.0,0.40771186351776123
4,b005_0568,capacity_matched_deepsets,44,1620.0,0.4051004648208618
4,b005_0568,capacity_matched_deepsets,44,1680.0,0.40431109070777893
4,b005_0568,capacity_matched_deepsets,44,1740.0,0.40488123893737793
4,b005_0568,capacity_matched_deepsets,44,1800.0,0.4066547751426697
4,b005_0568,capacity_matched_deepsets,44,1860.0,0.4086003601551056
4,b005_0568,capacity_matched_deepsets,44,1920.0,0.407968670129776
4,b005_0568,capacity_matched_deepsets,44,1980.0,0.4076896607875824
4,b005_0568,capacity_matched_deepsets,44,2040.0,0.4077630043029785
4,b005_0568,capacity_matched_deepsets,44,2100.0,0.4031423330307007
4,b005_0568,capacity_matched_deepsets,44,2160.0,0.396271288394928
4,b005_0568,capacity_matched_deepsets,44,2220.0,0.3890478014945984
4,b005_0568,capacity_matched_deepsets,44,2280.0,0.3802420496940613
4,b005_0568,capacity_matched_deepsets,44,2340.0,0.3705638349056244
4,b005_0568,capacity_matched_deepsets,44,2400.0,0.3570776581764221
4,b005_0568,capacity_matched_deepsets,44,2460.0,0.3449152410030365
4,b005_0568,capacity_matched_deepsets,44,2520.0,0.3464953601360321
4,b005_0568,capacity_matched_deepsets,44,2580.0,0.35083019733428955
4,b005_0568,capacity_matched_deepsets,44,2640.0,0.35959434509277344
4,b005_0568,capacity_matched_deepsets,44,2700.0,0.3849785327911377
4,b005_0568,capacity_matched_deepsets,44,2760.0,0.43352583050727844
4,b005_0568,capacity_matched_deepsets,44,2820.0,0.4927294850349426
4,b005_0568,capacity_matched_deepsets,44,2880.0,0.5636053681373596
4,b005_0568,capacity_matched_deepsets,44,2940.0,0.6690056324005127
4,b005_0568,capacity_matched_deepsets,44,3000.0,0.781736433506012
4,b005_0568,capacity_matched_deepsets,44,3060.0,0.8685052990913391
4,b005_0568,capacity_matched_deepsets,44,3120.0,0.9232193231582642
4,b005_0568,capacity_matched_deepsets,44,3180.0,0.9546252489089966
4,b005_0568,capacity_matched_deepsets,44,3240.0,0.9729846715927124
4,b005_0568,capacity_matched_deepsets,44,3300.0,0.9825019836425781
4,b005_0568,capacity_matched_deepsets,44,3360.0,0.9875316023826599
4,b005_0568,capacity_matched_deepsets,44,3420.0,0.9903727769851685
4,b005_0568,capacity_matched_deepsets,44,3480.0,0.9921683669090271
4,b005_0568,capacity_matched_deepsets,44,3540.0,0.9933738708496094
4,b005_0568,capacity_matched_deepsets,44,3600.0,0.9941856265068054
4,b005_0568,capacity_matched_deepsets,45,0.0,0.9981538653373718
4,b005_0568,capacity_matched_deepsets,45,60.0,0.9982216954231262
4,b005_0568,capacity_matched_deepsets,45,120.0,0.9982452392578125
4,b005_0568,capacity_matched_deepsets,45,180.0,0.9982411861419678
4,b005_0568,capacity_matched_deepsets,45,240.0,0.9981825351715088
4,b005_0568,capacity_matched_deepsets,45,300.0,0.998004138469696
4,b005_0568,capacity_matched_deepsets,45,360.0,0.9974977374076843
4,b005_0568,capacity_matched_deepsets,45,420.0,0.9958717226982117
4,b005_0568,capacity_matched_deepsets,45,480.0,0.9892281293869019
4,b005_0568,capacity_matched_deepsets,45,540.0,0.9469817876815796
4,b005_0568,capacity_matched_deepsets,45,600.0,0.7790037989616394
4,b005_0568,capacity_matched_deepsets,45,660.0,0.7299631237983704
4,b005_0568,capacity_matched_deepsets,45,720.0,0.7318732142448425
4,b005_0568,capacity_matched_deepsets,45,780.0,0.7331463694572449
4,b005_0568,capacity_matched_deepsets,45,840.0,0.7334142327308655
4,b005_0568,capacity_matched_deepsets,45,900.0,0.7266249656677246
4,b005_0568,capacity_matched_deepsets,45,960.0,0.6927148699760437
4,b005_0568,capacity_matched_deepsets,45,1020.0,0.6515915393829346
4,b005_0568,capacity_matched_deepsets,45,1080.0,0.6053529381752014
4,b005_0568,capacity_matched_deepsets,45,1140.0,0.5577853322029114
4,b005_0568,capacity_matched_deepsets,45,1200.0,0.5118959546089172
4,b005_0568,capacity_matched_deepsets,45,1260.0,0.4805123507976532
4,b005_0568,capacity_matched_deepsets,45,1320.0,0.45133841037750244
4,b005_0568,capacity_matched_deepsets,45,1380.0,0.42746084928512573
4,b005_0568,capacity_matched_deepsets,45,1440.0,0.40953099727630615
4,b005_0568,capacity_matched_deepsets,45,1500.0,0.4010070562362671
4,b005_0568,capacity_matched_deepsets,45,1560.0,0.39538222551345825
4,b005_0568,capacity_matched_deepsets,45,1620.0,0.3954501450061798
4,b005_0568,capacity_matched_deepsets,45,1680.0,0.3987857401371002
4,b005_0568,capacity_matched_deepsets,45,1740.0,0.3954475224018097
4,b005_0568,capacity_matched_deepsets,45,1800.0,0.394758403301239
4,b005_0568,capacity_matched_deepsets,45,1860.0,0.3934718072414398
4,b005_0568,capacity_matched_deepsets,45,1920.0,0.39299294352531433
4,b005_0568,capacity_matched_deepsets,45,1980.0,0.39177772402763367
4,b005_0568,capacity_matched_deepsets,45,2040.0,0.38828203082084656
4,b005_0568,capacity_matched_deepsets,45,2100.0,0.3848165273666382
4,b005_0568,capacity_matched_deepsets,45,2160.0,0.3813920021057129
4,b005_0568,capacity_matched_deepsets,45,2220.0,0.3780370056629181
4,b005_0568,capacity_matched_deepsets,45,2280.0,0.37529119849205017
4,b005_0568,capacity_matched_deepsets,45,2340.0,0.37569162249565125
4,b005_0568,capacity_matched_deepsets,45,2400.0,0.3794702887535095
4,b005_0568,capacity_matched_deepsets,45,2460.0,0.383262574672699
4,b005_0568,capacity_matched_deepsets,45,2520.0,0.39967989921569824
4,b005_0568,capacity_matched_deepsets,45,2580.0,0.4059762954711914
4,b005_0568,capacity_matched_deepsets,45,2640.0,0.40865856409072876
4,b005_0568,capacity_matched_deepsets,45,2700.0,0.4150746762752533
4,b005_0568,capacity_matched_deepsets,45,2760.0,0.42570891976356506
4,b005_0568,capacity_matched_deepsets,45,2820.0,0.45529794692993164
4,b005_0568,capacity_matched_deepsets,45,2880.0,0.519697904586792
4,b005_0568,capacity_matched_deepsets,45,2940.0,0.6903285384178162
4,b005_0568,capacity_matched_deepsets,45,3000.0,0.8299445509910583
4,b005_0568,capacity_matched_deepsets,45,3060.0,0.8945611119270325
4,b005_0568,capacity_matched_deepsets,45,3120.0,0.9278247952461243
4,b005_0568,capacity_matched_deepsets,45,3180.0,0.9499807357788086
4,b005_0568,capacity_matched_deepsets,45,3240.0,0.9671720266342163
4,b005_0568,capacity_matched_deepsets,45,3300.0,0.9802164435386658
4,b005_0568,capacity_matched_deepsets,45,3360.0,0.988474428653717
4,b005_0568,capacity_matched_deepsets,45,3420.0,0.9928809404373169
4,b005_0568,capacity_matched_deepsets,45,3480.0,0.9949285984039307
4,b005_0568,capacity_matched_deepsets,45,3540.0,0.9958053827285767
4,b005_0568,capacity_matched_deepsets,45,3600.0,0.9960901141166687
4,b005_0568,capacity_matched_deepsets,46,0.0,0.9975817203521729
4,b005_0568,capacity_matched_deepsets,46,60.0,0.9976016879081726
4,b005_0568,capacity_matched_deepsets,46,120.0,0.9975816011428833
4,b005_0568,capacity_matched_deepsets,46,180.0,0.9975684285163879
4,b005_0568,capacity_matched_deepsets,46,240.0,0.9975292086601257
4,b005_0568,capacity_matched_deepsets,46,300.0,0.9974276423454285
4,b005_0568,capacity_matched_deepsets,46,360.0,0.9971063733100891
4,b005_0568,capacity_matched_deepsets,46,420.0,0.9958642721176147
4,b005_0568,capacity_matched_deepsets,46,480.0,0.988771378993988
4,b005_0568,capacity_matched_deepsets,46,540.0,0.9276236295700073
4,b005_0568,capacity_matched_deepsets,46,600.0,0.7703917622566223
4,b005_0568,capacity_matched_deepsets,46,660.0,0.7332340478897095
4,b005_0568,capacity_matched_deepsets,46,720.0,0.7358433604240417
4,b005_0568,capacity_matched_deepsets,46,780.0,0.7386112809181213
4,b005_0568,capacity_matched_deepsets,46,840.0,0.7366558909416199
4,b005_0568,capacity_matched_deepsets,46,900.0,0.7101327776908875
4,b005_0568,capacity_matched_deepsets,46,960.0,0.6705348491668701
4,b005_0568,capacity_matched_deepsets,46,1020.0,0.6278379559516907
4,b005_0568,capacity_matched_deepsets,46,1080.0,0.5831728577613831
4,b005_0568,capacity_matched_deepsets,46,1140.0,0.5351263284683228
4,b005_0568,capacity_matched_deepsets,46,1200.0,0.4911167025566101
4,b005_0568,capacity_matched_deepsets,46,1260.0,0.4631369113922119
4,b005_0568,capacity_matched_deepsets,46,1320.0,0.4422459006309509
4,b005_0568,capacity_matched_deepsets,46,1380.0,0.42517051100730896
4,b005_0568,capacity_matched_deepsets,46,1440.0,0.41068321466445923
4,b005_0568,capacity_matched_deepsets,46,1500.0,0.401973158121109
4,b005_0568,capacity_matched_deepsets,46,1560.0,0.39988529682159424
4,b005_0568,capacity_matched_deepsets,46,1620.0,0.4021511673927307
4,b005_0568,capacity_matched_deepsets,46,1680.0,0.4047192931175232
4,b005_0568,capacity_matched_deepsets,46,1740.0,0.40741366147994995
4,b005_0568,capacity_matched_deepsets,46,1800.0,0.40998581051826477
4,b005_0568,capacity_matched_deepsets,46,1860.0,0.41179341077804565
4,b005_0568,capacity_matched_deepsets,46,1920.0,0.41218072175979614
4,b005_0568,capacity_matched_deepsets,46,1980.0,0.40961748361587524
4,b005_0568,capacity_matched_deepsets,46,2040.0,0.40874069929122925
4,b005_0568,capacity_matched_deepsets,46,2100.0,0.4114546775817871
4,b005_0568,capacity_matched_deepsets,46,2160.0,0.4166261851787567
4,b005_0568,capacity_matched_deepsets,46,2220.0,0.4153778851032257
4,b005_0568,capacity_matched_deepsets,46,2280.0,0.4158940613269806
4,b005_0568,capacity_matched_deepsets,46,2340.0,0.41076740622520447
4,b005_0568,capacity_matched_deepsets,46,2400.0,0.41294217109680176
4,b005_0568,capacity_matched_deepsets,46,2460.0,0.4232826232910156
4,b005_0568,capacity_matched_deepsets,46,2520.0,0.4435041546821594
4,b005_0568,capacity_matched_deepsets,46,2580.0,0.45623862743377686
4,b005_0568,capacity_matched_deepsets,46,2640.0,0.46959933638572693
4,b005_0568,capacity_matched_deepsets,46,2700.0,0.48680341243743896
4,b005_0568,capacity_matched_deepsets,46,2760.0,0.5097748637199402
4,b005_0568,capacity_matched_deepsets,46,2820.0,0.5398313403129578
4,b005_0568,capacity_matched_deepsets,46,2880.0,0.572263240814209
4,b005_0568,capacity_matched_deepsets,46,2940.0,0.6063689589500427
4,b005_0568,capacity_matched_deepsets,46,3000.0,0.6409731507301331
4,b005_0568,capacity_matched_deepsets,46,3060.0,0.6763932108879089
4,b005_0568,capacity_matched_deepsets,46,3120.0,0.7110607624053955
4,b005_0568,capacity_matched_deepsets,46,3180.0,0.7483235597610474
4,b005_0568,capacity_matched_deepsets,46,3240.0,0.7881499528884888
4,b005_0568,capacity_matched_deepsets,46,3300.0,0.8233022689819336
4,b005_0568,capacity_matched_deepsets,46,3360.0,0.8523221015930176
4,b005_0568,capacity_matched_deepsets,46,3420.0,0.8763611912727356
4,b005_0568,capacity_matched_deepsets,46,3480.0,0.8952603340148926
4,b005_0568,capacity_matched_deepsets,46,3540.0,0.9109558463096619
4,b005_0568,capacity_matched_deepsets,46,3600.0,0.9234268665313721
4,b005_0568,gnn,42,0.0,0.9978445768356323
4,b005_0568,gnn,42,60.0,0.997849702835083
4,b005_0568,gnn,42,120.0,0.9978246688842773
4,b005_0568,gnn,42,180.0,0.9978079199790955
4,b005_0568,gnn,42,240.0,0.9977526068687439
4,b005_0568,gnn,42,300.0,0.9976058006286621
4,b005_0568,gnn,42,360.0,0.9970993995666504
4,b005_0568,gnn,42,420.0,0.9954081177711487
4,b005_0568,gnn,42,480.0,0.9867274165153503
4,b005_0568,gnn,42,540.0,0.9231011867523193
4,b005_0568,gnn,42,600.0,0.7694957852363586
4,b005_0568,gnn,42,660.0,0.733491837978363
4,b005_0568,gnn,42,720.0,0.7326660752296448
4,b005_0568,gnn,42,780.0,0.7303408980369568
4,b005_0568,gnn,42,840.0,0.7179865837097168
4,b005_0568,gnn,42,900.0,0.6862100958824158
4,b005_0568,gnn,42,960.0,0.6491398811340332
4,b005_0568,gnn,42,1020.0,0.6075051426887512
4,b005_0568,gnn,42,1080.0,0.5618104934692383
4,b005_0568,gnn,42,1140.0,0.5163660645484924
4,b005_0568,gnn,42,1200.0,0.48004579544067383
4,b005_0568,gnn,42,1260.0,0.45289045572280884
4,b005_0568,gnn,42,1320.0,0.4337494671344757
4,b005_0568,gnn,42,1380.0,0.41459921002388
4,b005_0568,gnn,42,1440.0,0.39941948652267456
4,b005_0568,gnn,42,1500.0,0.3940185010433197
4,b005_0568,gnn,42,1560.0,0.3928954303264618
4,b005_0568,gnn,42,1620.0,0.39564353227615356
4,b005_0568,gnn,42,1680.0,0.4011288285255432
4,b005_0568,gnn,42,1740.0,0.4099281430244446
4,b005_0568,gnn,42,1800.0,0.41315922141075134
4,b005_0568,gnn,42,1860.0,0.4167309105396271
4,b005_0568,gnn,42,1920.0,0.42292025685310364
4,b005_0568,gnn,42,1980.0,0.4255242347717285
4,b005_0568,gnn,42,2040.0,0.4284675419330597
4,b005_0568,gnn,42,2100.0,0.4302360415458679
4,b005_0568,gnn,42,2160.0,0.43040451407432556
4,b005_0568,gnn,42,2220.0,0.4267868399620056
4,b005_0568,gnn,42,2280.0,0.42007067799568176
4,b005_0568,gnn,42,2340.0,0.4173103868961334
4,b005_0568,gnn,42,2400.0,0.41692715883255005
4,b005_0568,gnn,42,2460.0,0.431498646736145
4,b005_0568,gnn,42,2520.0,0.4694078862667084
4,b005_0568,gnn,42,2580.0,0.4918748140335083
4,b005_0568,gnn,42,2640.0,0.5405524373054504
4,b005_0568,gnn,42,2700.0,0.6008877158164978
4,b005_0568,gnn,42,2760.0,0.6444196701049805
4,b005_0568,gnn,42,2820.0,0.6748289465904236
4,b005_0568,gnn,42,2880.0,0.6954339742660522
4,b005_0568,gnn,42,2940.0,0.710965633392334
4,b005_0568,gnn,42,3000.0,0.7245689630508423
4,b005_0568,gnn,42,3060.0,0.7380462884902954
4,b005_0568,gnn,42,3120.0,0.7523350715637207
4,b005_0568,gnn,42,3180.0,0.768299400806427
4,b005_0568,gnn,42,3240.0,0.7862491607666016
4,b005_0568,gnn,42,3300.0,0.8058502674102783
4,b005_0568,gnn,42,3360.0,0.8275941610336304
4,b005_0568,gnn,42,3420.0,0.8501667380332947
4,b005_0568,gnn,42,3480.0,0.8724902272224426
4,b005_0568,gnn,42,3540.0,0.8934473991394043
4,b005_0568,gnn,42,3600.0,0.9110329151153564
4,b005_0568,gnn,43,0.0,0.9981168508529663
4,b005_0568,gnn,43,60.0,0.9982836246490479
4,b005_0568,gnn,43,120.0,0.9983583092689514
4,b005_0568,gnn,43,180.0,0.9983730316162109
4,b005_0568,gnn,43,240.0,0.9983377456665039
4,b005_0568,gnn,43,300.0,0.9982208609580994
4,b005_0568,gnn,43,360.0,0.9978297352790833
4,b005_0568,gnn,43,420.0,0.9964740872383118
4,b005_0568,gnn,43,480.0,0.9901851415634155
4,b005_0568,gnn,43,540.0,0.9398589730262756
4,b005_0568,gnn,43,600.0,0.7753323316574097
4,b005_0568,gnn,43,660.0,0.7306969165802002
4,b005_0568,gnn,43,720.0,0.7322972416877747
4,b005_0568,gnn,43,780.0,0.7336402535438538
4,b005_0568,gnn,43,840.0,0.7332970499992371
4,b005_0568,gnn,43,900.0,0.7128181457519531
4,b005_0568,gnn,43,960.0,0.6727102398872375
4,b005_0568,gnn,43,1020.0,0.6293055415153503
4,b005_0568,gnn,43,1080.0,0.5843220353126526
4,b005_0568,gnn,43,1140.0,0.5409882664680481
4,b005_0568,gnn,43,1200.0,0.5112282633781433
4,b005_0568,gnn,43,1260.0,0.48556020855903625
4,b005_0568,gnn,43,1320.0,0.46090519428253174
4,b005_0568,gnn,43,1380.0,0.4369339644908905
4,b005_0568,gnn,43,1440.0,0.41590195894241333
4,b005_0568,gnn,43,1500.0,0.4003942906856537
4,b005_0568,gnn,43,1560.0,0.3951813578605652
4,b005_0568,gnn,43,1620.0,0.39522114396095276
4,b005_0568,gnn,43,1680.0,0.39994004368782043
4,b005_0568,gnn,43,1740.0,0.40344953536987305
4,b005_0568,gnn,43,1800.0,0.4075530767440796
4,b005_0568,gnn,43,1860.0,0.4115560054779053
4,b005_0568,gnn,43,1920.0,0.4045001268386841
4,b005_0568,gnn,43,1980.0,0.40639880299568176
4,b005_0568,gnn,43,2040.0,0.41489583253860474
4,b005_0568,gnn,43,2100.0,0.41568243503570557
4,b005_0568,gnn,43,2160.0,0.4099270701408386
4,b005_0568,gnn,43,2220.0,0.40876203775405884
4,b005_0568,gnn,43,2280.0,0.41130587458610535
4,b005_0568,gnn,43,2340.0,0.4144659638404846
4,b005_0568,gnn,43,2400.0,0.4096730649471283
4,b005_0568,gnn,43,2460.0,0.3987419903278351
4,b005_0568,gnn,43,2520.0,0.4038977026939392
4,b005_0568,gnn,43,2580.0,0.4110068082809448
4,b005_0568,gnn,43,2640.0,0.4210324287414551
4,b005_0568,gnn,43,2700.0,0.4429120421409607
4,b005_0568,gnn,43,2760.0,0.4860127866268158
4,b005_0568,gnn,43,2820.0,0.5559991598129272
4,b005_0568,gnn,43,2880.0,0.6733891367912292
4,b005_0568,gnn,43,2940.0,0.8009053468704224
4,b005_0568,gnn,43,3000.0,0.8785144686698914
4,b005_0568,gnn,43,3060.0,0.9219909310340881
4,b005_0568,gnn,43,3120.0,0.9474723935127258
4,b005_0568,gnn,43,3180.0,0.962957501411438
4,b005_0568,gnn,43,3240.0,0.9725772142410278
4,b005_0568,gnn,43,3300.0,0.9786682724952698
4,b005_0568,gnn,43,3360.0,0.9826921224594116
4,b005_0568,gnn,43,3420.0,0.9855718612670898
4,b005_0568,gnn,43,3480.0,0.9877941608428955
4,b005_0568,gnn,43,3540.0,0.9894989728927612
4,b005_0568,gnn,43,3600.0,0.9908044338226318
4,b005_0568,gnn,44,0.0,0.9984101057052612
4,b005_0568,gnn,44,60.0,0.9984856247901917
4,b005_0568,gnn,44,120.0,0.9985350370407104
4,b005_0568,gnn,44,180.0,0.9985817670822144
4,b005_0568,gnn,44,240.0,0.9985517859458923
4,b005_0568,gnn,44,300.0,0.9983763694763184
4,b005_0568,gnn,44,360.0,0.9978664517402649
4,b005_0568,gnn,44,420.0,0.9962226152420044
4,b005_0568,gnn,44,480.0,0.9894241690635681
4,b005_0568,gnn,44,540.0,0.9334972500801086
4,b005_0568,gnn,44,600.0,0.789684534072876
4,b005_0568,gnn,44,660.0,0.7543683052062988
4,b005_0568,gnn,44,720.0,0.7551237940788269
4,b005_0568,gnn,44,780.0,0.753136157989502
4,b005_0568,gnn,44,840.0,0.7450665831565857
4,b005_0568,gnn,44,900.0,0.7186816930770874
4,b005_0568,gnn,44,960.0,0.6785240173339844
4,b005_0568,gnn,44,1020.0,0.6292316913604736
4,b005_0568,gnn,44,1080.0,0.5790818333625793
4,b005_0568,gnn,44,1140.0,0.5293433666229248
4,b005_0568,gnn,44,1200.0,0.4897328317165375
4,b005_0568,gnn,44,1260.0,0.4602621793746948
4,b005_0568,gnn,44,1320.0,0.4406278729438782
4,b005_0568,gnn,44,1380.0,0.43087708950042725
4,b005_0568,gnn,44,1440.0,0.41787824034690857
4,b005_0568,gnn,44,1500.0,0.4075533151626587
4,b005_0568,gnn,44,1560.0,0.4022778868675232
4,b005_0568,gnn,44,1620.0,0.4024357795715332
4,b005_0568,gnn,44,1680.0,0.4072709083557129
4,b005_0568,gnn,44,1740.0,0.41500601172447205
4,b005_0568,gnn,44,1800.0,0.4205043315887451
4,b005_0568,gnn,44,1860.0,0.4204633831977844
4,b005_0568,gnn,44,1920.0,0.42291945219039917
4,b005_0568,gnn,44,1980.0,0.4277513921260834
4,b005_0568,gnn,44,2040.0,0.42729854583740234
4,b005_0568,gnn,44,2100.0,0.4230855107307434
4,b005_0568,gnn,44,2160.0,0.41808050870895386
4,b005_0568,gnn,44,2220.0,0.41477537155151367
4,b005_0568,gnn,44,2280.0,0.4135143458843231
4,b005_0568,gnn,44,2340.0,0.414331316947937
4,b005_0568,gnn,44,2400.0,0.4261312782764435
4,b005_0568,gnn,44,2460.0,0.4367915391921997
4,b005_0568,gnn,44,2520.0,0.4506467878818512
4,b005_0568,gnn,44,2580.0,0.45236146450042725
4,b005_0568,gnn,44,2640.0,0.4354357421398163
4,b005_0568,gnn,44,2700.0,0.4207964837551117
4,b005_0568,gnn,44,2760.0,0.4134667217731476
4,b005_0568,gnn,44,2820.0,0.41277897357940674
4,b005_0568,gnn,44,2880.0,0.42981940507888794
4,b005_0568,gnn,44,2940.0,0.44717395305633545
4,b005_0568,gnn,44,3000.0,0.46172577142715454
4,b005_0568,gnn,44,3060.0,0.4737115800380707
4,b005_0568,gnn,44,3120.0,0.4842371642589569
4,b005_0568,gnn,44,3180.0,0.49455323815345764
4,b005_0568,gnn,44,3240.0,0.5037631392478943
4,b005_0568,gnn,44,3300.0,0.5121700763702393
4,b005_0568,gnn,44,3360.0,0.5200420618057251
4,b005_0568,gnn,44,3420.0,0.5276066660881042
4,b005_0568,gnn,44,3480.0,0.5350527167320251
4,b005_0568,gnn,44,3540.0,0.5425388216972351
4,b005_0568,gnn,44,3600.0,0.550342857837677
4,b005_0568,gnn,45,0.0,0.9970459342002869
4,b005_0568,gnn,45,60.0,0.9973412156105042
4,b005_0568,gnn,45,120.0,0.9974343180656433
4,b005_0568,gnn,45,180.0,0.9974390268325806
4,b005_0568,gnn,45,240.0,0.9973880648612976
4,b005_0568,gnn,45,300.0,0.9972406625747681
4,b005_0568,gnn,45,360.0,0.9968377351760864
4,b005_0568,gnn,45,420.0,0.9955366849899292
4,b005_0568,gnn,45,480.0,0.9893423318862915
4,b005_0568,gnn,45,540.0,0.932726263999939
4,b005_0568,gnn,45,600.0,0.7805236577987671
4,b005_0568,gnn,45,660.0,0.7435026168823242
4,b005_0568,gnn,45,720.0,0.7399235963821411
4,b005_0568,gnn,45,780.0,0.7362772226333618
4,b005_0568,gnn,45,840.0,0.7223774194717407
4,b005_0568,gnn,45,900.0,0.6927073001861572
4,b005_0568,gnn,45,960.0,0.6554141640663147
4,b005_0568,gnn,45,1020.0,0.6134058237075806
4,b005_0568,gnn,45,1080.0,0.5677345395088196
4,b005_0568,gnn,45,1140.0,0.5210654139518738
4,b005_0568,gnn,45,1200.0,0.4881444573402405
4,b005_0568,gnn,45,1260.0,0.4619167149066925
4,b005_0568,gnn,45,1320.0,0.4429546594619751
4,b005_0568,gnn,45,1380.0,0.42882782220840454
4,b005_0568,gnn,45,1440.0,0.41411373019218445
4,b005_0568,gnn,45,1500.0,0.4023062288761139
4,b005_0568,gnn,45,1560.0,0.39364388585090637
4,b005_0568,gnn,45,1620.0,0.3881130814552307
4,b005_0568,gnn,45,1680.0,0.38471248745918274
4,b005_0568,gnn,45,1740.0,0.3853450119495392
4,b005_0568,gnn,45,1800.0,0.3886859714984894
4,b005_0568,gnn,45,1860.0,0.39246875047683716
4,b005_0568,gnn,45,1920.0,0.3994576632976532
4,b005_0568,gnn,45,1980.0,0.402681827545166
4,b005_0568,gnn,45,2040.0,0.3994238078594208
4,b005_0568,gnn,45,2100.0,0.39748215675354004
4,b005_0568,gnn,45,2160.0,0.3961344361305237
4,b005_0568,gnn,45,2220.0,0.394104927778244
4,b005_0568,gnn,45,2280.0,0.3882972002029419
4,b005_0568,gnn,45,2340.0,0.3812788128852844
4,b005_0568,gnn,45,2400.0,0.3725210726261139
4,b005_0568,gnn,45,2460.0,0.355866938829422
4,b005_0568,gnn,45,2520.0,0.35591429471969604
4,b005_0568,gnn,45,2580.0,0.351865291595459
4,b005_0568,gnn,45,2640.0,0.35373973846435547
4,b005_0568,gnn,45,2700.0,0.3579859137535095
4,b005_0568,gnn,45,2760.0,0.36548200249671936
4,b005_0568,gnn,45,2820.0,0.38574478030204773
4,b005_0568,gnn,45,2880.0,0.44261986017227173
4,b005_0568,gnn,45,2940.0,0.5782216787338257
4,b005_0568,gnn,45,3000.0,0.7585126161575317
4,b005_0568,gnn,45,3060.0,0.8647523522377014
4,b005_0568,gnn,45,3120.0,0.9129288196563721
4,b005_0568,gnn,45,3180.0,0.9368177652359009
4,b005_0568,gnn,45,3240.0,0.9508066773414612
4,b005_0568,gnn,45,3300.0,0.9601816534996033
4,b005_0568,gnn,45,3360.0,0.9671639800071716
4,b005_0568,gnn,45,3420.0,0.9729679822921753
4,b005_0568,gnn,45,3480.0,0.9779103398323059
4,b005_0568,gnn,45,3540.0,0.9817972183227539
4,b005_0568,gnn,45,3600.0,0.9848707318305969
4,b005_0568,gnn,46,0.0,0.9971984624862671
4,b005_0568,gnn,46,60.0,0.9973777532577515
4,b005_0568,gnn,46,120.0,0.9974231719970703
4,b005_0568,gnn,46,180.0,0.9974274039268494
4,b005_0568,gnn,46,240.0,0.9974034428596497
4,b005_0568,gnn,46,300.0,0.9973402619361877
4,b005_0568,gnn,46,360.0,0.9971248507499695
4,b005_0568,gnn,46,420.0,0.9964984655380249
4,b005_0568,gnn,46,480.0,0.9928491115570068
4,b005_0568,gnn,46,540.0,0.9533367156982422
4,b005_0568,gnn,46,600.0,0.7796308398246765
4,b005_0568,gnn,46,660.0,0.7415074110031128
4,b005_0568,gnn,46,720.0,0.7397398352622986
4,b005_0568,gnn,46,780.0,0.7407851219177246
4,b005_0568,gnn,46,840.0,0.7330732941627502
4,b005_0568,gnn,46,900.0,0.7013469934463501
4,b005_0568,gnn,46,960.0,0.6635885834693909
4,b005_0568,gnn,46,1020.0,0.6222439408302307
4,b005_0568,gnn,46,1080.0,0.5789346694946289
4,b005_0568,gnn,46,1140.0,0.5347055196762085
4,b005_0568,gnn,46,1200.0,0.49739497900009155
4,b005_0568,gnn,46,1260.0,0.4691202640533447
4,b005_0568,gnn,46,1320.0,0.4441443681716919
4,b005_0568,gnn,46,1380.0,0.4235377013683319
4,b005_0568,gnn,46,1440.0,0.40729662775993347
4,b005_0568,gnn,46,1500.0,0.3976038694381714
4,b005_0568,gnn,46,1560.0,0.396638959646225
4,b005_0568,gnn,46,1620.0,0.39942678809165955
4,b005_0568,gnn,46,1680.0,0.40299373865127563
4,b005_0568,gnn,46,1740.0,0.4061674177646637
4,b005_0568,gnn,46,1800.0,0.40817174315452576
4,b005_0568,gnn,46,1860.0,0.40918076038360596
4,b005_0568,gnn,46,1920.0,0.40851643681526184
4,b005_0568,gnn,46,1980.0,0.40647149085998535
4,b005_0568,gnn,46,2040.0,0.40361452102661133
4,b005_0568,gnn,46,2100.0,0.4006419777870178
4,b005_0568,gnn,46,2160.0,0.3976944088935852
4,b005_0568,gnn,46,2220.0,0.3938223421573639
4,b005_0568,gnn,46,2280.0,0.38688939809799194
4,b005_0568,gnn,46,2340.0,0.37908607721328735
4,b005_0568,gnn,46,2400.0,0.3694133162498474
4,b005_0568,gnn,46,2460.0,0.3604446053504944
4,b005_0568,gnn,46,2520.0,0.36737215518951416
4,b005_0568,gnn,46,2580.0,0.36621925234794617
4,b005_0568,gnn,46,2640.0,0.3667021691799164
4,b005_0568,gnn,46,2700.0,0.3678959310054779
4,b005_0568,gnn,46,2760.0,0.370094895362854
4,b005_0568,gnn,46,2820.0,0.37314358353614807
4,b005_0568,gnn,46,2880.0,0.3770858347415924
4,b005_0568,gnn,46,2940.0,0.38306665420532227
4,b005_0568,gnn,46,3000.0,0.39063993096351624
4,b005_0568,gnn,46,3060.0,0.3991413414478302
4,b005_0568,gnn,46,3120.0,0.40918514132499695
4,b005_0568,gnn,46,3180.0,0.43798813223838806
4,b005_0568,gnn,46,3240.0,0.48540207743644714
4,b005_0568,gnn,46,3300.0,0.5727094411849976
4,b005_0568,gnn,46,3360.0,0.6590327620506287
4,b005_0568,gnn,46,3420.0,0.7241374254226685
4,b005_0568,gnn,46,3480.0,0.7771862745285034
4,b005_0568,gnn,46,3540.0,0.8232889771461487
4,b005_0568,gnn,46,3600.0,0.8643113970756531
