protocol,model,seed,endpoint,budget,N,k,diagnostic_only,U,regret_raw,regret_display,improvement_over_random,oracle_improvement_fraction,cutoff_score,strictly_selected_count,cutoff_tied_count,selected_from_cutoff_tie
iid997,fire_only,42,terminal,10%,160,16,True,0.042363193177152425,0.006091661052778363,0.006091661052778363,0.20811654333374463,0.9715619620162335,0.054059963673353195,14,6,2
iid997,fire_only,42,terminal,25%,160,40,True,0.04942774581257254,0.003445223551243541,0.003445223551243541,0.20105199069832452,0.9831527115717136,0.055005043745040894,23,25,17
iid997,fire_only,42,terminal,50%,160,80,True,0.05806503788335249,0.0003144670045003295,0.0003144670045003295,0.19241469862754457,0.9983683476059835,0.11606775969266891,77,4,3
iid997,fire_only,42,J,10%,160,16,True,0.3370445355842093,0.006474392376063953,0.006474392376063953,0.17335054344865064,0.96399613687406,0.3572365423664451,15,1,1
iid997,fire_only,42,J,25%,160,40,True,0.3509942218217397,0.005302585097371304,0.005302585097371304,0.15940085721112024,0.9678052563865697,0.36058714215954146,32,25,8
iid997,fire_only,42,J,50%,160,80,True,0.35868192329947,0.0005093303835019269,0.0005093303835019269,0.15171315573338995,0.9966540397776001,0.37249699228753647,79,1,1
iid997,fire_only,43,terminal,10%,160,16,True,0.04205593006918207,0.005784397944808006,0.005784397944808006,0.208423806441715,0.9729963753658544,0.05531851202249527,15,1,1
iid997,fire_only,43,terminal,25%,160,40,True,0.04913773799780756,0.0031552157364785616,0.0031552157364785616,0.20134199851308948,0.9845708620136606,0.056897107511758804,25,25,15
iid997,fire_only,43,terminal,50%,160,80,True,0.05806503788335249,0.0003144670045003295,0.0003144670045003295,0.19241469862754457,0.9983683476059835,0.12240802496671677,77,4,3
iid997,fire_only,43,J,10%,160,16,True,0.33570679098059675,0.005136647772451375,0.005136647772451375,0.17468828805226322,0.9714352864974279,0.358716745985051,15,4,1
iid997,fire_only,43,J,25%,160,40,True,0.3509942218217397,0.005302585097371304,0.005302585097371304,0.15940085721112024,0.9678052563865697,0.36170998280867933,32,25,8
iid997,fire_only,43,J,50%,160,80,True,0.35868192329947,0.0005093303835019269,0.0005093303835019269,0.15171315573338995,0.9966540397776001,0.37169875962038834,79,1,1
iid997,fire_only,44,terminal,10%,160,16,True,0.043385402637068186,0.007113870512694125,0.007113870512694125,0.20709433387382886,0.966789925096157,0.054039210081100464,14,25,2
iid997,fire_only,44,terminal,25%,160,40,True,0.05059173826593906,0.004609216004610062,0.004609216004610062,0.199887998244958,0.977460739396748,0.05465393140912056,39,1,1
iid997,fire_only,44,terminal,50%,160,80,True,0.05806503788335249,0.0003144670045003295,0.0003144670045003295,0.19241469862754457,0.9983683476059835,0.11585104465484619,77,4,3
iid997,fire_only,44,J,10%,160,16,True,0.33570679098059675,0.005136647772451375,0.005136647772451375,0.17468828805226322,0.9714352864974279,0.35611068370441595,15,4,1
iid997,fire_only,44,J,25%,160,40,True,0.3509942218217397,0.005302585097371304,0.005302585097371304,0.15940085721112024,0.9678052563865697,0.35935717411339285,32,25,8
iid997,fire_only,44,J,50%,160,80,True,0.35868192329947,0.0005093303835019269,0.0005093303835019269,0.15171315573338995,0.9966540397776001,0.3704887170344591,79,1,1
iid997,fire_only,45,terminal,10%,160,16,True,0.043937450612429534,0.007665918488055472,0.007665918488055472,0.20654228589846751,0.9642127690206352,0.05880723148584366,14,25,2
iid997,fire_only,45,terminal,25%,160,40,True,0.05050331505481154,0.004520792793482539,0.004520792793482539,0.19997642145608552,0.9778931326273942,0.05889633670449257,39,1,1
iid997,fire_only,45,terminal,50%,160,80,True,0.05842410671757534,0.0006735358387231841,0.0006735358387231841,0.19205562979332172,0.9965052728967391,0.1160832941532135,76,4,4
iid997,fire_only,45,J,10%,160,16,True,0.3370445355842093,0.006474392376063953,0.006474392376063953,0.17335054344865064,0.96399613687406,0.35909932578603426,15,1,1
iid997,fire_only,45,J,25%,160,40,True,0.3509942218217397,0.005302585097371304,0.005302585097371304,0.15940085721112024,0.9678052563865697,0.3619031962007284,32,25,8
iid997,fire_only,45,J,50%,160,80,True,0.35868192329947,0.0005093303835019269,0.0005093303835019269,0.15171315573338995,0.9966540397776001,0.37212320156395434,79,1,1
iid997,fire_only,46,terminal,10%,160,16,True,0.04266633071238175,0.006394798588007691,0.006394798588007691,0.20781340579851532,0.9701468083058633,0.05358874425292015,13,25,3
iid997,fire_only,46,terminal,25%,160,40,True,0.05005237401928753,0.004069851757958529,0.004069851757958529,0.20042736249160953,0.9800982533043618,0.053783513605594635,39,2,1
iid997,fire_only,46,terminal,50%,160,80,True,0.05806503788335249,0.0003144670045003295,0.0003144670045003295,0.19241469862754457,0.9983683476059835,0.1167711690068245,77,4,3
iid997,fire_only,46,J,10%,160,16,True,0.3370445355842093,0.006474392376063953,0.006474392376063953,0.17335054344865064,0.96399613687406,0.35920796769981583,15,1,1
iid997,fire_only,46,J,25%,160,40,True,0.3509942218217397,0.005302585097371304,0.005302585097371304,0.15940085721112024,0.9678052563865697,0.3620701033311586,32,25,8
iid997,fire_only,46,J,50%,160,80,True,0.35868192329947,0.0005093303835019269,0.0005093303835019269,0.15171315573338995,0.9966540397776001,0.373489987043043,79,1,1
iid997,global_stats,42,terminal,10%,160,16,True,0.037999034218955785,0.0017275020945817232,0.0017275020945817232,0.21248070229194127,0.9919354064914125,0.049618203192949295,15,1,1
iid997,global_stats,42,terminal,25%,160,40,True,0.047231930890120566,0.0012494086287915679,0.0012494086287915679,0.2032478056207765,0.9938903391257604,0.054632119834423065,39,1,1
iid997,global_stats,42,terminal,50%,160,80,True,0.05800770261557773,0.00025713173672557016,0.00025713173672557016,0.19247203389531933,0.9986658389980452,0.12522467970848083,79,1,1
iid997,global_stats,42,J,10%,160,16,True,0.3322329017480418,0.0016627585398964473,0.0016627585398964473,0.17816217728481815,0.9907534595673804,0.3526976491324604,15,1,1
iid997,global_stats,42,J,25%,160,40,True,0.3485856493799656,0.002894012655597189,0.002894012655597189,0.16180942965289435,0.9824289485694132,0.35950202252715824,39,1,1
iid997,global_stats,42,J,50%,160,80,True,0.35869913446661184,0.0005265415506437443,0.0005265415506437443,0.15169594456624813,0.9965409739120973,0.37507710432012875,79,1,1
iid997,global_stats,43,terminal,10%,160,16,True,0.037995707301888615,0.001724175177514553,0.001724175177514553,0.21248402920900844,0.9919509377222386,0.05143645778298378,15,1,1
iid997,global_stats,43,terminal,25%,160,40,True,0.04748007843736559,0.0014975561760365921,0.0014975561760365921,0.20299965807353146,0.9926768871569615,0.05520021915435791,39,1,1
iid997,global_stats,43,terminal,50%,160,80,True,0.05800770261557773,0.00025713173672557016,0.00025713173672557016,0.19247203389531933,0.9986658389980452,0.12892331182956696,79,1,1
iid997,global_stats,43,J,10%,160,16,True,0.3322329017480418,0.0016627585398964473,0.0016627585398964473,0.17816217728481815,0.9907534595673804,0.3525451086151103,15,1,1
iid997,global_stats,43,J,25%,160,40,True,0.3485856493799656,0.002894012655597189,0.002894012655597189,0.16180942965289435,0.9824289485694132,0.35891290192181863,39,1,1
iid997,global_stats,43,J,50%,160,80,True,0.35869913446661184,0.0005265415506437443,0.0005265415506437443,0.15169594456624813,0.9965409739120973,0.3750717560450236,79,1,1
iid997,global_stats,44,terminal,10%,160,16,True,0.03878768492722884,0.0025161528028547764,0.0025161528028547764,0.21169205158366822,0.9882537048006128,0.050770655274391174,15,1,1
iid997,global_stats,44,terminal,25%,160,40,True,0.047759812162257734,0.0017772899009287357,0.0017772899009287357,0.20271992434863934,0.9913089774476843,0.05541355535387993,39,1,1
iid997,global_stats,44,terminal,50%,160,80,True,0.05789034870686009,0.0001397778280079337,0.0001397778280079337,0.19258938780403695,0.9992747448080858,0.12482690811157227,79,1,1
iid997,global_stats,44,J,10%,160,16,True,0.3322329017480418,0.0016627585398964473,0.0016627585398964473,0.17816217728481815,0.9907534595673804,0.3536094680738946,15,1,1
iid997,global_stats,44,J,25%,160,40,True,0.34854870431168816,0.0028570675873197393,0.0028570675873197393,0.1618463747211718,0.9826532612356188,0.36050044077758986,39,1,1
iid997,global_stats,44,J,50%,160,80,True,0.35869913446661184,0.0005265415506437443,0.0005265415506437443,0.15169594456624813,0.9965409739120973,0.3759112174933155,79,1,1
iid997,global_stats,45,terminal,10%,160,16,True,0.037995707301888615,0.001724175177514553,0.001724175177514553,0.21248402920900844,0.9919509377222386,0.05093647167086601,15,1,1
iid997,global_stats,45,terminal,25%,160,40,True,0.04788473185617477,0.0019022095948457718,0.0019022095948457718,0.2025950046547223,0.9906981148773777,0.0556316003203392,39,1,1
iid997,global_stats,45,terminal,50%,160,80,True,0.05789034870686009,0.0001397778280079337,0.0001397778280079337,0.19258938780403695,0.9992747448080858,0.12585987150669098,79,1,1
iid997,global_stats,45,J,10%,160,16,True,0.3322329017480418,0.0016627585398964473,0.0016627585398964473,0.17816217728481815,0.9907534595673804,0.35323410363247,15,1,1
iid997,global_stats,45,J,25%,160,40,True,0.3485856493799656,0.002894012655597189,0.002894012655597189,0.16180942965289435,0.9824289485694132,0.35963464975357057,39,1,1
iid997,global_stats,45,J,50%,160,80,True,0.35869913446661184,0.0005265415506437443,0.0005265415506437443,0.15169594456624813,0.9965409739120973,0.3753681227564812,79,1,1
iid997,global_stats,46,terminal,10%,160,16,True,0.03799074963899329,0.0017192175146192312,0.0017192175146192312,0.21248898687190376,0.991974081853947,0.05094694346189499,15,1,1
iid997,global_stats,46,terminal,25%,160,40,True,0.04736086700577289,0.001378344744443892,0.001378344744443892,0.20311886950512417,0.9932598360838218,0.055560048669576645,39,1,1
iid997,global_stats,46,terminal,50%,160,80,True,0.05789034870686009,0.0001397778280079337,0.0001397778280079337,0.19258938780403695,0.9992747448080858,0.1229279488325119,79,1,1
iid997,global_stats,46,J,10%,160,16,True,0.33226178236182025,0.0016916391536748732,0.0016916391536748732,0.17813329667103972,0.990592855512965,0.35328814511497814,15,1,1
iid997,global_stats,46,J,25%,160,40,True,0.3485856493799656,0.002894012655597189,0.002894012655597189,0.16180942965289435,0.9824289485694132,0.3599312165441612,39,1,1
iid997,global_stats,46,J,50%,160,80,True,0.35876018753141886,0.0005875946154507705,0.0005875946154507705,0.1516348915014411,0.9961398960794823,0.3753850090006987,79,1,1
lcro_9_15,fire_only,42,terminal,10%,264,26,True,0.038362463056627244,0.004010472462600112,0.004010472462600112,0.28678275548942345,0.9862085080493629,0.05986561253666878,16,18,10
lcro_9_15,fire_only,42,terminal,25%,264,66,True,0.04583163388694326,0.00031798479683470965,0.00031798479683470965,0.27931358465910744,0.998862843714487,0.06897161900997162,65,1,1
lcro_9_15,fire_only,42,terminal,50%,264,132,True,0.09766825951983908,0.001589179528181009,0.001589179528181009,0.22747695902621162,0.9930623550987931,0.22199399769306183,113,24,19
lcro_9_15,fire_only,42,J,10%,264,26,True,0.3379916637799682,0.007277000336403661,0.007277000336403661,0.2171430228433841,0.9675741930987419,0.3663810537817577,25,18,1
lcro_9_15,fire_only,42,J,25%,264,66,True,0.3472239159401847,0.0019351403006691026,0.0019351403006691026,0.2079107706831676,0.9907782796834285,0.36862891310205065,43,24,23
lcro_9_15,fire_only,42,J,50%,264,132,True,0.3768928692013451,0.0009727997229488361,0.0009727997229488361,0.17824181742200718,0.9945718728837727,0.457042745128274,109,24,23
lcro_9_15,fire_only,43,terminal,10%,264,26,True,0.03816633878084712,0.0038143481868199852,0.0038143481868199852,0.2869788797652036,0.9868829538649048,0.05693873390555382,20,18,6
lcro_9_15,fire_only,43,terminal,25%,264,66,True,0.04583163388694326,0.00031798479683470965,0.00031798479683470965,0.27931358465910744,0.998862843714487,0.06347259879112244,65,1,1
lcro_9_15,fire_only,43,terminal,50%,264,132,True,0.09766825951983908,0.001589179528181009,0.001589179528181009,0.22747695902621162,0.9930623550987931,0.22013185918331146,113,24,19
lcro_9_15,fire_only,43,J,10%,264,26,True,0.3379916637799682,0.007277000336403661,0.007277000336403661,0.2171430228433841,0.9675741930987419,0.36380426967516544,25,18,1
lcro_9_15,fire_only,43,J,25%,264,66,True,0.34727463439542616,0.0019858587559105634,0.0019858587559105634,0.20786005222792614,0.9905365858853283,0.3657535403966904,44,24,22
lcro_9_15,fire_only,43,J,50%,264,132,True,0.3768033068047541,0.0008832373263578108,0.0008832373263578108,0.1783313798185982,0.9950716222793177,0.4557532810916503,111,24,21
lcro_9_15,fire_only,44,terminal,10%,264,26,True,0.03770067010663896,0.0033486795126118282,0.0033486795126118282,0.28744454843941175,0.9884843277259391,0.05647151172161102,16,18,10
lcro_9_15,fire_only,44,terminal,25%,264,66,True,0.04583163388694326,0.00031798479683470965,0.00031798479683470965,0.27931358465910744,0.998862843714487,0.06407461315393448,65,1,1
lcro_9_15,fire_only,44,terminal,50%,264,132,True,0.09766825951983908,0.001589179528181009,0.001589179528181009,0.22747695902621162,0.9930623550987931,0.22153863310813904,113,24,19
lcro_9_15,fire_only,44,J,10%,264,26,True,0.3379916637799682,0.007277000336403661,0.007277000336403661,0.2171430228433841,0.9675741930987419,0.3646981827293833,25,18,1
lcro_9_15,fire_only,44,J,25%,264,66,True,0.34727463439542616,0.0019858587559105634,0.0019858587559105634,0.20786005222792614,0.9905365858853283,0.366535658792903,44,24,22
lcro_9_15,fire_only,44,J,50%,264,132,True,0.37696465978189503,0.001044590303498738,0.001044590303498738,0.17817002684145727,0.994171288480036,0.45594226345419886,110,24,22
lcro_9_15,fire_only,45,terminal,10%,264,26,True,0.03750753836133159,0.0031555477673044577,0.0031555477673044577,0.28763768018471914,0.9891484826193234,0.0592668280005455,17,18,9
lcro_9_15,fire_only,45,terminal,25%,264,66,True,0.045727163200464216,0.00021351411035566703,0.00021351411035566703,0.2794180553455865,0.9992364449022295,0.06753847748041153,65,1,1
lcro_9_15,fire_only,45,terminal,50%,264,132,True,0.09766825951983908,0.001589179528181009,0.001589179528181009,0.22747695902621162,0.9930623550987931,0.21769267320632935,113,24,19
lcro_9_15,fire_only,45,J,10%,264,26,True,0.3379916637799682,0.007277000336403661,0.007277000336403661,0.2171430228433841,0.9675741930987419,0.36493814680725334,25,18,1
lcro_9_15,fire_only,45,J,25%,264,66,True,0.34727463439542616,0.0019858587559105634,0.0019858587559105634,0.20786005222792614,0.9905365858853283,0.36676711179316046,44,24,22
lcro_9_15,fire_only,45,J,50%,264,132,True,0.3768928692013451,0.0009727997229488361,0.0009727997229488361,0.17824181742200718,0.9945718728837727,0.45556294893225036,109,24,23
lcro_9_15,fire_only,46,terminal,10%,264,26,True,0.038115969250121944,0.0037639786560948116,0.0037639786560948116,0.28702924929592877,0.9870561681143558,0.056433212012052536,17,18,9
lcro_9_15,fire_only,46,terminal,25%,264,66,True,0.04583163388694326,0.00031798479683470965,0.00031798479683470965,0.27931358465910744,0.998862843714487,0.06554708629846573,65,1,1
lcro_9_15,fire_only,46,terminal,50%,264,132,True,0.09766825951983908,0.001589179528181009,0.001589179528181009,0.22747695902621162,0.9930623550987931,0.21463383734226227,113,24,19
lcro_9_15,fire_only,46,J,10%,264,26,True,0.3379916637799682,0.007277000336403661,0.007277000336403661,0.2171430228433841,0.9675741930987419,0.36355980606749655,25,18,1
lcro_9_15,fire_only,46,J,25%,264,66,True,0.34727463439542616,0.0019858587559105634,0.0019858587559105634,0.20786005222792614,0.9905365858853283,0.3653758489216367,44,24,22
lcro_9_15,fire_only,46,J,50%,264,132,True,0.3768928692013451,0.0009727997229488361,0.0009727997229488361,0.17824181742200718,0.9945718728837727,0.4539369661360979,109,24,23
lcro_9_15,global_stats,42,terminal,10%,264,26,True,0.03848055732221557,0.00412856672818844,0.00412856672818844,0.28666466122383516,0.985802397266041,0.05318450927734375,25,1,1
lcro_9_15,global_stats,42,terminal,25%,264,66,True,0.04583163388694326,0.00031798479683470965,0.00031798479683470965,0.27931358465910744,0.998862843714487,0.060321222990751266,65,1,1
lcro_9_15,global_stats,42,terminal,50%,264,132,True,0.09777328399517997,0.0016942040035218958,0.0016942040035218958,0.22737193455087074,0.9926038653542867,0.21616344153881073,131,1,1
lcro_9_15,global_stats,42,J,10%,264,26,True,0.3377562183117381,0.0070415548681735385,0.0070415548681735385,0.21737846831161423,0.9686233217143356,0.358225960098207,25,1,1
lcro_9_15,global_stats,42,J,25%,264,66,True,0.34850515949171196,0.0032163838521963584,0.0032163838521963584,0.20662952713164034,0.9846726398569468,0.36603202382102606,65,1,1
lcro_9_15,global_stats,42,J,50%,264,132,True,0.37687633720550257,0.0009562677271062747,0.0009562677271062747,0.17825834941784974,0.9946641198003798,0.45694639421999456,131,1,1
lcro_9_15,global_stats,43,terminal,10%,264,26,True,0.038002176461024925,0.0036501858669977932,0.0036501858669977932,0.2871430420850258,0.9874474866808108,0.05197213217616081,25,1,1
lcro_9_15,global_stats,43,terminal,25%,264,66,True,0.04583163388694326,0.00031798479683470965,0.00031798479683470965,0.27931358465910744,0.998862843714487,0.061766382306814194,65,1,1
lcro_9_15,global_stats,43,terminal,50%,264,132,True,0.09759872152018502,0.0015196415285269466,0.0015196415285269466,0.2275464970258657,0.993365926809972,0.21026930212974548,131,1,1
lcro_9_15,global_stats,43,J,10%,264,26,True,0.3379895904585749,0.007274927015010368,0.007274927015010368,0.2171450961647774,0.9675834316745335,0.35527918267374237,25,1,1
lcro_9_15,global_stats,43,J,25%,264,66,True,0.3472815929820604,0.001992817342544806,0.001992817342544806,0.2078530936412919,0.9905034254267728,0.36196236377581953,65,1,1
lcro_9_15,global_stats,43,J,50%,264,132,True,0.37686518094129917,0.0009451114629028812,0.0009451114629028812,0.17826950568205313,0.9947263706612813,0.4500134505331516,131,1,1
lcro_9_15,global_stats,44,terminal,10%,264,26,True,0.03669103503657075,0.0023390444425436183,0.0023390444425436183,0.28845418350948,0.991956331105037,0.050254661589860916,25,1,1
lcro_9_15,global_stats,44,terminal,25%,264,66,True,0.04583163388694326,0.00031798479683470965,0.00031798479683470965,0.27931358465910744,0.998862843714487,0.06025214493274689,65,1,1
lcro_9_15,global_stats,44,terminal,50%,264,132,True,0.09744096382972643,0.001361883838068359,0.001361883838068359,0.22770425471632427,0.9940546261151341,0.19801808893680573,131,1,1
lcro_9_15,global_stats,44,J,10%,264,26,True,0.33528907433553684,0.0045744108919723026,0.0045744108919723026,0.21984561228781546,0.979616743518881,0.3524990921529631,25,1,1
lcro_9_15,global_stats,44,J,25%,264,66,True,0.3470667807764263,0.0017780051369106764,0.0017780051369106764,0.20806790584692603,0.9915270918142998,0.35804176159823936,65,1,1
lcro_9_15,global_stats,44,J,50%,264,132,True,0.3767165686118074,0.0007964991334111216,0.0007964991334111216,0.1784181180115449,0.9955556128953094,0.44282933038969835,131,1,1
lcro_9_15,global_stats,45,terminal,10%,264,26,True,0.03595288223228776,0.001600891638260625,0.001600891638260625,0.28919233631376295,0.9944947423654421,0.0487663559615612,25,1,1
lcro_9_15,global_stats,45,terminal,25%,264,66,True,0.04583163388694326,0.00031798479683470965,0.00031798479683470965,0.27931358465910744,0.998862843714487,0.05849957466125488,65,1,1
lcro_9_15,global_stats,45,terminal,50%,264,132,True,0.09730842082309678,0.001229340831438705,0.001229340831438705,0.22783679772295395,0.994633249422211,0.20514141023159027,131,1,1
lcro_9_15,global_stats,45,J,10%,264,26,True,0.3357365294545441,0.0050218660109795366,0.0050218660109795366,0.21939815716880823,0.9776229146587495,0.3548771982391675,25,1,1
lcro_9_15,global_stats,45,J,25%,264,66,True,0.34721910116345633,0.0019303255239407346,0.0019303255239407346,0.20791558545989597,0.9908012240272367,0.36067133738348883,65,1,1
lcro_9_15,global_stats,45,J,50%,264,132,True,0.37672118298873136,0.0008011135103350719,0.0008011135103350719,0.17841350363462094,0.995529865124299,0.4481136929243803,131,1,1
lcro_9_15,global_stats,46,terminal,10%,264,26,True,0.03848055732221557,0.00412856672818844,0.00412856672818844,0.28666466122383516,0.985802397266041,0.05257238447666168,25,1,1
lcro_9_15,global_stats,46,terminal,25%,264,66,True,0.04583163388694326,0.00031798479683470965,0.00031798479683470965,0.27931358465910744,0.998862843714487,0.06375164538621902,65,1,1
lcro_9_15,global_stats,46,terminal,50%,264,132,True,0.09785638336854224,0.0017773033768841706,0.0017773033768841706,0.22728883517750847,0.9922410907692403,0.20759108662605286,131,1,1
lcro_9_15,global_stats,46,J,10%,264,26,True,0.3384360380537169,0.007721374610152376,0.007721374610152376,0.2166986485696354,0.9655940922706054,0.35779108994950853,25,1,1
lcro_9_15,global_stats,46,J,25%,264,66,True,0.34720615213057804,0.0019173764910624391,0.0019173764910624391,0.20792853449277426,0.9908629313667678,0.36356575731188057,65,1,1
lcro_9_15,global_stats,46,J,50%,264,132,True,0.37689956981476186,0.0009795003363655685,0.0009795003363655685,0.17823511680859044,0.9945344841175912,0.45076794251799585,131,1,1
loco_iso834,fire_only,42,terminal,10%,158,15,True,0.055184611932763576,0.013052362954943497,0.013052362954943497,-6.938893903907228e-18,-5.316197479230511e-16,0.054241228848695755,0,158,15
loco_iso834,fire_only,42,terminal,25%,158,39,True,0.05518461193276358,0.009110957696061767,0.009110957696061767,-1.3877787807814457e-17,-1.5231974805253662e-15,0.054241228848695755,0,158,39
loco_iso834,fire_only,42,terminal,50%,158,79,True,0.05518461193276357,0.005399485837809644,0.005399485837809644,0.0,0.0,0.054241228848695755,0,158,79
loco_iso834,fire_only,42,J,10%,158,15,True,0.36237104545594967,0.020718103905304153,0.020718103905304153,-5.551115123125783e-17,-2.6793548041356368e-15,0.3609521858704587,0,158,15
loco_iso834,fire_only,42,J,25%,158,39,True,0.36237104545594967,0.013499814357744,0.013499814357744,-5.551115123125783e-17,-4.1119936734103886e-15,0.3609521858704587,0,158,39
loco_iso834,fire_only,42,J,50%,158,79,True,0.36237104545594967,0.008225754890119397,0.008225754890119397,-5.551115123125783e-17,-6.748456764489424e-15,0.3609521858704587,0,158,79
loco_iso834,fire_only,43,terminal,10%,158,15,True,0.055184611932763576,0.013052362954943497,0.013052362954943497,-6.938893903907228e-18,-5.316197479230511e-16,0.058482930064201355,0,158,15
loco_iso834,fire_only,43,terminal,25%,158,39,True,0.05518461193276358,0.009110957696061767,0.009110957696061767,-1.3877787807814457e-17,-1.5231974805253662e-15,0.058482930064201355,0,158,39
loco_iso834,fire_only,43,terminal,50%,158,79,True,0.05518461193276357,0.005399485837809644,0.005399485837809644,0.0,0.0,0.058482930064201355,0,158,79
loco_iso834,fire_only,43,J,10%,158,15,True,0.36237104545594967,0.020718103905304153,0.020718103905304153,-5.551115123125783e-17,-2.6793548041356368e-15,0.36136293883124987,0,158,15
loco_iso834,fire_only,43,J,25%,158,39,True,0.36237104545594967,0.013499814357744,0.013499814357744,-5.551115123125783e-17,-4.1119936734103886e-15,0.36136293883124987,0,158,39
loco_iso834,fire_only,43,J,50%,158,79,True,0.36237104545594967,0.008225754890119397,0.008225754890119397,-5.551115123125783e-17,-6.748456764489424e-15,0.36136293883124987,0,158,79
loco_iso834,fire_only,44,terminal,10%,158,15,True,0.055184611932763576,0.013052362954943497,0.013052362954943497,-6.938893903907228e-18,-5.316197479230511e-16,0.055159974843263626,0,158,15
loco_iso834,fire_only,44,terminal,25%,158,39,True,0.05518461193276358,0.009110957696061767,0.009110957696061767,-1.3877787807814457e-17,-1.5231974805253662e-15,0.055159974843263626,0,158,39
loco_iso834,fire_only,44,terminal,50%,158,79,True,0.05518461193276357,0.005399485837809644,0.005399485837809644,0.0,0.0,0.055159974843263626,0,158,79
loco_iso834,fire_only,44,J,10%,158,15,True,0.36237104545594967,0.020718103905304153,0.020718103905304153,-5.551115123125783e-17,-2.6793548041356368e-15,0.36168770942216116,0,158,15
loco_iso834,fire_only,44,J,25%,158,39,True,0.36237104545594967,0.013499814357744,0.013499814357744,-5.551115123125783e-17,-4.1119936734103886e-15,0.36168770942216116,0,158,39
loco_iso834,fire_only,44,J,50%,158,79,True,0.36237104545594967,0.008225754890119397,0.008225754890119397,-5.551115123125783e-17,-6.748456764489424e-15,0.36168770942216116,0,158,79
loco_iso834,fire_only,45,terminal,10%,158,15,True,0.055184611932763576,0.013052362954943497,0.013052362954943497,-6.938893903907228e-18,-5.316197479230511e-16,0.05562124401330948,0,158,15
loco_iso834,fire_only,45,terminal,25%,158,39,True,0.05518461193276358,0.009110957696061767,0.009110957696061767,-1.3877787807814457e-17,-1.5231974805253662e-15,0.05562124401330948,0,158,39
loco_iso834,fire_only,45,terminal,50%,158,79,True,0.05518461193276357,0.005399485837809644,0.005399485837809644,0.0,0.0,0.05562124401330948,0,158,79
loco_iso834,fire_only,45,J,10%,158,15,True,0.36237104545594967,0.020718103905304153,0.020718103905304153,-5.551115123125783e-17,-2.6793548041356368e-15,0.36282362764080367,0,158,15
loco_iso834,fire_only,45,J,25%,158,39,True,0.36237104545594967,0.013499814357744,0.013499814357744,-5.551115123125783e-17,-4.1119936734103886e-15,0.36282362764080367,0,158,39
loco_iso834,fire_only,45,J,50%,158,79,True,0.36237104545594967,0.008225754890119397,0.008225754890119397,-5.551115123125783e-17,-6.748456764489424e-15,0.36282362764080367,0,158,79
loco_iso834,fire_only,46,terminal,10%,158,15,True,0.055184611932763576,0.013052362954943497,0.013052362954943497,-6.938893903907228e-18,-5.316197479230511e-16,0.054431136697530746,0,158,15
loco_iso834,fire_only,46,terminal,25%,158,39,True,0.05518461193276358,0.009110957696061767,0.009110957696061767,-1.3877787807814457e-17,-1.5231974805253662e-15,0.054431136697530746,0,158,39
loco_iso834,fire_only,46,terminal,50%,158,79,True,0.05518461193276357,0.005399485837809644,0.005399485837809644,0.0,0.0,0.054431136697530746,0,158,79
loco_iso834,fire_only,46,J,10%,158,15,True,0.36237104545594967,0.020718103905304153,0.020718103905304153,-5.551115123125783e-17,-2.6793548041356368e-15,0.3606455287275215,0,158,15
loco_iso834,fire_only,46,J,25%,158,39,True,0.36237104545594967,0.013499814357744,0.013499814357744,-5.551115123125783e-17,-4.1119936734103886e-15,0.3606455287275215,0,158,39
loco_iso834,fire_only,46,J,50%,158,79,True,0.36237104545594967,0.008225754890119397,0.008225754890119397,-5.551115123125783e-17,-6.748456764489424e-15,0.3606455287275215,0,158,79
loco_iso834,global_stats,42,terminal,10%,158,15,True,0.044720955193042755,0.002588706215222676,0.002588706215222676,0.010463656739720814,0.8016676195598574,0.04945596680045128,14,1,1
loco_iso834,global_stats,42,terminal,25%,158,39,True,0.04850052201595062,0.0024268677792488036,0.0024268677792488036,0.006684089916812949,0.7336319780852647,0.052842915058135986,38,1,1
loco_iso834,global_stats,42,terminal,50%,158,79,True,0.051718127642628516,0.0019330015476745899,0.0019330015476745899,0.0034664842901350537,0.6420026636353339,0.05519502982497215,78,1,1
loco_iso834,global_stats,42,J,10%,158,15,True,0.34736181869895927,0.005708877148313751,0.005708877148313751,0.015009226756990346,0.7244498254083857,0.355145616363734,14,1,1
loco_iso834,global_stats,42,J,25%,158,39,True,0.3521999842972837,0.0033287531990780495,0.0033287531990780495,0.010171061158665895,0.7534222981985996,0.3568991263086597,38,1,1
loco_iso834,global_stats,42,J,50%,158,79,True,0.35748590910257094,0.0033406185367406693,0.0033406185367406693,0.004885136353378672,0.593883044004463,0.36104694282015165,78,1,1
loco_iso834,global_stats,43,terminal,10%,158,15,True,0.044720955193042755,0.002588706215222676,0.002588706215222676,0.010463656739720814,0.8016676195598574,0.05341826006770134,14,1,1
loco_iso834,global_stats,43,terminal,25%,158,39,True,0.04850052201595062,0.0024268677792488036,0.0024268677792488036,0.006684089916812949,0.7336319780852647,0.05544945225119591,38,1,1
loco_iso834,global_stats,43,terminal,50%,158,79,True,0.05177349083219902,0.0019883647372450977,0.0019883647372450977,0.003411121100564546,0.6317492448407461,0.057298265397548676,78,1,1
loco_iso834,global_stats,43,J,10%,158,15,True,0.3468591614812613,0.005206219930615763,0.005206219930615763,0.015511883974688334,0.7487115638375139,0.3552407845544318,14,1,1
loco_iso834,global_stats,43,J,25%,158,39,True,0.3522647897657166,0.003393558667510954,0.003393558667510954,0.01010625569023299,0.7486218271168821,0.35758284516632555,38,1,1
loco_iso834,global_stats,43,J,50%,158,79,True,0.35748590910257094,0.0033406185367406693,0.0033406185367406693,0.004885136353378672,0.593883044004463,0.3617738269579907,78,1,1
loco_iso834,global_stats,44,terminal,10%,158,15,True,0.044954122106234236,0.002821873128414157,0.002821873128414157,0.010230489826529333,0.7838036577625669,0.049381278455257416,14,1,1
loco_iso834,global_stats,44,terminal,25%,158,39,True,0.04850052201595062,0.0024268677792488036,0.0024268677792488036,0.006684089916812949,0.7336319780852647,0.05075196921825409,38,1,1
loco_iso834,global_stats,44,terminal,50%,158,79,True,0.0518446209121354,0.0020594948171814773,0.0020594948171814773,0.0033399910206281663,0.6185757534986086,0.05442214012145996,78,1,1
loco_iso834,global_stats,44,J,10%,158,15,True,0.34799603945472174,0.0063430979040762225,0.0063430979040762225,0.014375006001227875,0.6938379142672265,0.35537186345706384,14,1,1
loco_iso834,global_stats,44,J,25%,158,39,True,0.3521999842972837,0.0033287531990780495,0.0033287531990780495,0.010171061158665895,0.7534222981985996,0.35726920096203685,38,1,1
loco_iso834,global_stats,44,J,50%,158,79,True,0.35732573441618787,0.003180443850357595,0.003180443850357595,0.005045311039761746,0.6133553828381273,0.3615970159570376,78,1,1
loco_iso834,global_stats,45,terminal,10%,158,15,True,0.044720955193042755,0.002588706215222676,0.002588706215222676,0.010463656739720814,0.8016676195598574,0.04883626848459244,14,1,1
loco_iso834,global_stats,45,terminal,25%,158,39,True,0.04850052201595062,0.0024268677792488036,0.0024268677792488036,0.006684089916812949,0.7336319780852647,0.050891466438770294,38,1,1
loco_iso834,global_stats,45,terminal,50%,158,79,True,0.051945776218854926,0.0021606501239010006,0.0021606501239010006,0.003238835713908643,0.5998415055057371,0.053945958614349365,78,1,1
loco_iso834,global_stats,45,J,10%,158,15,True,0.34761977672990824,0.0059668351792627194,0.0059668351792627194,0.014751268726041378,0.7119989741080923,0.354185008443892,14,1,1
loco_iso834,global_stats,45,J,25%,158,39,True,0.3521999842972837,0.0033287531990780495,0.0033287531990780495,0.010171061158665895,0.7534222981985996,0.3563405046860377,38,1,1
loco_iso834,global_stats,45,J,50%,158,79,True,0.35748590910257094,0.0033406185367406693,0.0033406185367406693,0.004885136353378672,0.593883044004463,0.3607409865905841,78,1,1
loco_iso834,global_stats,46,terminal,10%,158,15,True,0.044954122106234236,0.002821873128414157,0.002821873128414157,0.010230489826529333,0.7838036577625669,0.04900386929512024,14,1,1
loco_iso834,global_stats,46,terminal,25%,158,39,True,0.04840667459827203,0.0023330203615702164,0.0023330203615702164,0.006777937334491536,0.743932477858099,0.05029168352484703,38,1,1
loco_iso834,global_stats,46,terminal,50%,158,79,True,0.051817168351970144,0.0020320422570162186,0.0020320422570162186,0.003367443580793425,0.6236600450385592,0.05348929017782211,78,1,1
loco_iso834,global_stats,46,J,10%,158,15,True,0.34736181869895927,0.005708877148313751,0.005708877148313751,0.015009226756990346,0.7244498254083857,0.3550160587144395,14,1,1
loco_iso834,global_stats,46,J,25%,158,39,True,0.3528460712076571,0.003974840109451427,0.003974840109451427,0.009524974248292517,0.7055633504196058,0.3570185017461578,38,1,1
loco_iso834,global_stats,46,J,50%,158,79,True,0.35748590910257094,0.0033406185367406693,0.0033406185367406693,0.004885136353378672,0.593883044004463,0.36106106132889787,78,1,1
loco_astm_e119,fire_only,42,terminal,10%,95,9,True,0.05950611880735347,0.015378432237265406,0.015378432237265406,0.0,0.0,0.06062694638967514,0,95,9
loco_astm_e119,fire_only,42,terminal,25%,95,23,True,0.05950611880735347,0.010677916548072063,0.010677916548072063,0.0,0.0,0.06062694638967514,0,95,23
loco_astm_e119,fire_only,42,terminal,50%,95,47,True,0.059506118807353466,0.006502036911342601,0.006502036911342601,6.938893903907228e-18,1.0671877134075532e-15,0.06062694638967514,0,95,47
loco_astm_e119,fire_only,42,J,10%,95,9,True,0.3633959943680257,0.019541985687471286,0.019541985687471286,-2.220446049250313e-16,-1.1362438212580954e-14,0.3638171143208941,0,95,9
loco_astm_e119,fire_only,42,J,25%,95,23,True,0.36339599436802555,0.01373497921304273,0.01373497921304273,-5.551115123125783e-17,-4.041589751992102e-15,0.3638171143208941,0,95,23
loco_astm_e119,fire_only,42,J,50%,95,47,True,0.3633959943680256,0.008619285332009063,0.008619285332009063,-1.1102230246251565e-16,-1.288068536845142e-14,0.3638171143208941,0,95,47
loco_astm_e119,fire_only,43,terminal,10%,95,9,True,0.05950611880735347,0.015378432237265406,0.015378432237265406,0.0,0.0,0.060944050550460815,0,95,9
loco_astm_e119,fire_only,43,terminal,25%,95,23,True,0.05950611880735347,0.010677916548072063,0.010677916548072063,0.0,0.0,0.060944050550460815,0,95,23
loco_astm_e119,fire_only,43,terminal,50%,95,47,True,0.059506118807353466,0.006502036911342601,0.006502036911342601,6.938893903907228e-18,1.0671877134075532e-15,0.060944050550460815,0,95,47
loco_astm_e119,fire_only,43,J,10%,95,9,True,0.3633959943680257,0.019541985687471286,0.019541985687471286,-2.220446049250313e-16,-1.1362438212580954e-14,0.36430717768768467,0,95,9
loco_astm_e119,fire_only,43,J,25%,95,23,True,0.36339599436802555,0.01373497921304273,0.01373497921304273,-5.551115123125783e-17,-4.041589751992102e-15,0.36430717768768467,0,95,23
loco_astm_e119,fire_only,43,J,50%,95,47,True,0.3633959943680256,0.008619285332009063,0.008619285332009063,-1.1102230246251565e-16,-1.288068536845142e-14,0.36430717768768467,0,95,47
loco_astm_e119,fire_only,44,terminal,10%,95,9,True,0.05950611880735347,0.015378432237265406,0.015378432237265406,0.0,0.0,0.06070786714553833,0,95,9
loco_astm_e119,fire_only,44,terminal,25%,95,23,True,0.05950611880735347,0.010677916548072063,0.010677916548072063,0.0,0.0,0.06070786714553833,0,95,23
loco_astm_e119,fire_only,44,terminal,50%,95,47,True,0.059506118807353466,0.006502036911342601,0.006502036911342601,6.938893903907228e-18,1.0671877134075532e-15,0.06070786714553833,0,95,47
loco_astm_e119,fire_only,44,J,10%,95,9,True,0.3633959943680257,0.019541985687471286,0.019541985687471286,-2.220446049250313e-16,-1.1362438212580954e-14,0.3636521571626266,0,95,9
loco_astm_e119,fire_only,44,J,25%,95,23,True,0.36339599436802555,0.01373497921304273,0.01373497921304273,-5.551115123125783e-17,-4.041589751992102e-15,0.3636521571626266,0,95,23
loco_astm_e119,fire_only,44,J,50%,95,47,True,0.3633959943680256,0.008619285332009063,0.008619285332009063,-1.1102230246251565e-16,-1.288068536845142e-14,0.3636521571626266,0,95,47
loco_astm_e119,fire_only,45,terminal,10%,95,9,True,0.05950611880735347,0.015378432237265406,0.015378432237265406,0.0,0.0,0.061308734118938446,0,95,9
loco_astm_e119,fire_only,45,terminal,25%,95,23,True,0.05950611880735347,0.010677916548072063,0.010677916548072063,0.0,0.0,0.061308734118938446,0,95,23
loco_astm_e119,fire_only,45,terminal,50%,95,47,True,0.059506118807353466,0.006502036911342601,0.006502036911342601,6.938893903907228e-18,1.0671877134075532e-15,0.061308734118938446,0,95,47
loco_astm_e119,fire_only,45,J,10%,95,9,True,0.3633959943680257,0.019541985687471286,0.019541985687471286,-2.220446049250313e-16,-1.1362438212580954e-14,0.3635218639547626,0,95,9
loco_astm_e119,fire_only,45,J,25%,95,23,True,0.36339599436802555,0.01373497921304273,0.01373497921304273,-5.551115123125783e-17,-4.041589751992102e-15,0.3635218639547626,0,95,23
loco_astm_e119,fire_only,45,J,50%,95,47,True,0.3633959943680256,0.008619285332009063,0.008619285332009063,-1.1102230246251565e-16,-1.288068536845142e-14,0.3635218639547626,0,95,47
loco_astm_e119,fire_only,46,terminal,10%,95,9,True,0.05950611880735347,0.015378432237265406,0.015378432237265406,0.0,0.0,0.06041589006781578,0,95,9
loco_astm_e119,fire_only,46,terminal,25%,95,23,True,0.05950611880735347,0.010677916548072063,0.010677916548072063,0.0,0.0,0.06041589006781578,0,95,23
loco_astm_e119,fire_only,46,terminal,50%,95,47,True,0.059506118807353466,0.006502036911342601,0.006502036911342601,6.938893903907228e-18,1.0671877134075532e-15,0.06041589006781578,0,95,47
loco_astm_e119,fire_only,46,J,10%,95,9,True,0.3633959943680257,0.019541985687471286,0.019541985687471286,-2.220446049250313e-16,-1.1362438212580954e-14,0.3638198102203508,0,95,9
loco_astm_e119,fire_only,46,J,25%,95,23,True,0.36339599436802555,0.01373497921304273,0.01373497921304273,-5.551115123125783e-17,-4.041589751992102e-15,0.3638198102203508,0,95,23
loco_astm_e119,fire_only,46,J,50%,95,47,True,0.3633959943680256,0.008619285332009063,0.008619285332009063,-1.1102230246251565e-16,-1.288068536845142e-14,0.3638198102203508,0,95,47
loco_astm_e119,global_stats,42,terminal,10%,95,9,True,0.04962186680899726,0.005494180238909192,0.005494180238909192,0.009884251998356214,0.642734697910522,0.054310716688632965,8,1,1
loco_astm_e119,global_stats,42,terminal,25%,95,23,True,0.052229728711688,0.0034015264524065933,0.0034015264524065933,0.007276390095665469,0.6814428697683771,0.056836266070604324,22,1,1
loco_astm_e119,global_stats,42,terminal,50%,95,47,True,0.05470295012631315,0.0016988682303022834,0.0016988682303022834,0.004803168681040325,0.7387175352175164,0.059193797409534454,46,1,1
loco_astm_e119,global_stats,42,J,10%,95,9,True,0.35287691107088764,0.00902290239033321,0.00902290239033321,0.010519083297137855,0.5382811893001204,0.3513625502586365,8,1,1
loco_astm_e119,global_stats,42,J,25%,95,23,True,0.35525422193029005,0.0055932067753072245,0.0055932067753072245,0.00814177243773545,0.5927764659449983,0.3561712863544623,22,1,1
loco_astm_e119,global_stats,42,J,50%,95,47,True,0.35853771104259385,0.0037610020065773075,0.0037610020065773075,0.004858283325431645,0.5636526856106866,0.360219767006735,46,1,1
loco_astm_e119,global_stats,43,terminal,10%,95,9,True,0.04962186680899726,0.005494180238909192,0.005494180238909192,0.009884251998356214,0.642734697910522,0.06001888960599899,8,1,1
loco_astm_e119,global_stats,43,terminal,25%,95,23,True,0.052229728711688,0.0034015264524065933,0.0034015264524065933,0.007276390095665469,0.6814428697683771,0.06314831227064133,22,1,1
loco_astm_e119,global_stats,43,terminal,50%,95,47,True,0.054655460838941815,0.0016513789429309506,0.0016513789429309506,0.004850657968411658,0.746021290643526,0.06597834825515747,46,1,1
loco_astm_e119,global_stats,43,J,10%,95,9,True,0.35260163393147564,0.00874762525092121,0.00874762525092121,0.010794360436549855,0.552367635980331,0.3541411801241338,8,1,1
loco_astm_e119,global_stats,43,J,25%,95,23,True,0.3555751864514921,0.005914171296509285,0.005914171296509285,0.00782080791653339,0.5694080635452863,0.35827964805066587,22,1,1
loco_astm_e119,global_stats,43,J,50%,95,47,True,0.3578279097769278,0.003051200740911253,0.003051200740911253,0.0055680845910976995,0.6460030474243402,0.36158937166134514,46,1,1
loco_astm_e119,global_stats,44,terminal,10%,95,9,True,0.05094282908572091,0.006815142515632845,0.006815142515632845,0.008563289721632561,0.5568376274976704,0.054428305476903915,8,1,1
loco_astm_e119,global_stats,44,terminal,25%,95,23,True,0.05199342787913654,0.003165225619855133,0.003165225619855133,0.007512690928216929,0.7035727329760199,0.05609330162405968,22,1,1
loco_astm_e119,global_stats,44,terminal,50%,95,47,True,0.05489671230316162,0.0018926304071507569,0.0018926304071507569,0.004609406504191851,0.7089173080747788,0.05897201597690582,46,1,1
loco_astm_e119,global_stats,44,J,10%,95,9,True,0.35260163393147564,0.00874762525092121,0.00874762525092121,0.010794360436549855,0.552367635980331,0.3561944318935275,8,1,1
loco_astm_e119,global_stats,44,J,25%,95,23,True,0.3548512223041684,0.005190207149185555,0.005190207149185555,0.00854477206385712,0.6221175825110127,0.3595928736962378,22,1,1
loco_astm_e119,global_stats,44,J,50%,95,47,True,0.358326113537773,0.003549404501756448,0.003549404501756448,0.0050698808302525045,0.5882019952889568,0.36280407281592486,46,1,1
loco_astm_e119,global_stats,45,terminal,10%,95,9,True,0.0498880363172955,0.005760349747207433,0.005760349747207433,0.009618082490057973,0.6254267237170765,0.05423921346664429,8,1,1
loco_astm_e119,global_stats,45,terminal,25%,95,23,True,0.05199342787913654,0.003165225619855133,0.003165225619855133,0.007512690928216929,0.7035727329760199,0.056672487407922745,22,1,1
loco_astm_e119,global_stats,45,terminal,50%,95,47,True,0.05480804286421614,0.0018039609682052732,0.0018039609682052732,0.004698075943137335,0.7225544867242575,0.0592796690762043,46,1,1
loco_astm_e119,global_stats,45,J,10%,95,9,True,0.3525267065640677,0.00867269788351327,0.00867269788351327,0.010869287803957794,0.5562018096721058,0.35529811965922514,8,1,1
loco_astm_e119,global_stats,45,J,25%,95,23,True,0.3548512223041684,0.005190207149185555,0.005190207149185555,0.00854477206385712,0.6221175825110127,0.357880730740726,22,1,1
loco_astm_e119,global_stats,45,J,50%,95,47,True,0.35800770225584616,0.0032309932198296143,0.0032309932198296143,0.005388292112179338,0.625143721854658,0.36150072505697606,46,1,1
loco_astm_e119,global_stats,46,terminal,10%,95,9,True,0.04962186680899726,0.005494180238909192,0.005494180238909192,0.009884251998356214,0.642734697910522,0.053533680737018585,8,1,1
loco_astm_e119,global_stats,46,terminal,25%,95,23,True,0.052229728711688,0.0034015264524065933,0.0034015264524065933,0.007276390095665469,0.6814428697683771,0.05584542453289032,22,1,1
loco_astm_e119,global_stats,46,terminal,50%,95,47,True,0.05489671230316162,0.0018926304071507569,0.0018926304071507569,0.004609406504191851,0.7089173080747788,0.0596977137029171,46,1,1
loco_astm_e119,global_stats,46,J,10%,95,9,True,0.35260163393147564,0.00874762525092121,0.00874762525092121,0.010794360436549855,0.552367635980331,0.35654519287248454,8,1,1
loco_astm_e119,global_stats,46,J,25%,95,23,True,0.35525422193029005,0.0055932067753072245,0.0055932067753072245,0.00814177243773545,0.5927764659449983,0.3602827866561711,22,1,1
loco_astm_e119,global_stats,46,J,50%,95,47,True,0.3578048103825843,0.0030281013465677797,0.0030281013465677797,0.005591183985441173,0.6486830137386808,0.36375418457513053,46,1,1
loco_perturbed_iso,fire_only,42,terminal,10%,111,11,True,0.05054133114489642,0.011470503766428344,0.011470503766428344,0.0032316261626334566,0.21980666598827148,0.05256574600934982,10,1,1
loco_perturbed_iso,fire_only,42,terminal,25%,111,27,True,0.05105042181633137,0.00723717651433415,0.00723717651433415,0.0027225354911985106,0.2733548409518399,0.0553467757999897,26,1,1
loco_perturbed_iso,fire_only,42,terminal,50%,111,55,True,0.053065120967838796,0.005146012587867899,0.005146012587867899,0.0007078363396910842,0.1209181084873414,0.05766797438263893,42,24,13
loco_perturbed_iso,fire_only,42,J,10%,111,11,True,0.3575838128782131,0.01800860827224271,0.01800860827224271,0.0022344470155047924,0.11038091749209589,0.36051703710108995,10,1,1
loco_perturbed_iso,fire_only,42,J,25%,111,27,True,0.35749892562261637,0.011410905090350865,0.011410905090350865,0.0023193342711015363,0.16892161964874838,0.3611149387434125,19,26,8
loco_perturbed_iso,fire_only,42,J,50%,111,55,True,0.3587493488446555,0.006785536464868014,0.006785536464868014,0.0010689110490624265,0.1360899092096082,0.3617220129507283,54,1,1
loco_perturbed_iso,fire_only,43,terminal,10%,111,11,True,0.0475912212648175,0.008520393886349419,0.008520393886349419,0.006181736042712382,0.42046533886854737,0.05543644726276398,10,1,1
loco_perturbed_iso,fire_only,43,terminal,25%,111,27,True,0.051268708098817756,0.007455462796820536,0.007455462796820536,0.002504249208712124,0.25143791379921465,0.056313406676054,26,1,1
loco_perturbed_iso,fire_only,43,terminal,50%,111,55,True,0.05277644589712674,0.004857337517155842,0.004857337517155842,0.0009965114104031406,0.17023182913240628,0.056710224598646164,34,24,21
loco_perturbed_iso,fire_only,43,J,10%,111,11,True,0.35896108823574396,0.01938588362977356,0.01938588362977356,0.000857171657973943,0.04234398640865061,0.35959979298835,10,1,1
loco_perturbed_iso,fire_only,43,J,25%,111,27,True,0.3571013598089926,0.011013339276727097,0.011013339276727097,0.0027169000847253044,0.19787711001987277,0.3599990924509863,18,26,9
loco_perturbed_iso,fire_only,43,J,50%,111,55,True,0.35892514095557004,0.006961328575782577,0.006961328575782577,0.0008931189381478633,0.1137086900846751,0.3605230707054337,54,1,1
loco_perturbed_iso,fire_only,44,terminal,10%,111,11,True,0.04872803660956296,0.00965720923109488,0.00965720923109488,0.005044920697966922,0.3431421652718898,0.053698308765888214,10,1,1
loco_perturbed_iso,fire_only,44,terminal,25%,111,27,True,0.051222859571377434,0.0074096142693802144,0.0074096142693802144,0.0025500977361524457,0.2560413127142488,0.05480522662401199,26,1,1
loco_perturbed_iso,fire_only,44,terminal,50%,111,55,True,0.05269268236941461,0.004773573989443711,0.004773573989443711,0.001080274938115272,0.18454096637675613,0.05537820979952812,33,24,22
loco_perturbed_iso,fire_only,44,J,10%,111,11,True,0.35739699003540654,0.017821785429436132,0.017821785429436132,0.00242126985831137,0.11960990195866777,0.35978039319937427,10,1,1
loco_perturbed_iso,fire_only,44,J,25%,111,27,True,0.35739827338599045,0.011310252853724945,0.011310252853724945,0.0024199865077274563,0.17625231753217355,0.36019764421507716,20,26,7
loco_perturbed_iso,fire_only,44,J,50%,111,55,True,0.3584570347207287,0.00649322234094124,0.00649322234094124,0.0013612251729892,0.17330629182701482,0.3605005028657615,54,1,1
loco_perturbed_iso,fire_only,45,terminal,10%,111,11,True,0.04847489737651565,0.00940406999804757,0.00940406999804757,0.005298059931014232,0.3603600265116363,0.05280853435397148,10,1,1
loco_perturbed_iso,fire_only,45,terminal,25%,111,27,True,0.05107539616249226,0.007262150860495038,0.007262150860495038,0.002697561145037622,0.2708473039721546,0.05410858988761902,26,1,1
loco_perturbed_iso,fire_only,45,terminal,50%,111,55,True,0.052677702440908455,0.0047585940609375585,0.0047585940609375585,0.0010952548666214243,0.18709995426515705,0.05466054752469063,35,24,20
loco_perturbed_iso,fire_only,45,J,10%,111,11,True,0.3595565723255277,0.019981367719557275,0.019981367719557275,0.00026168756819022754,0.012927276266869604,0.3594469831014673,10,1,1
loco_perturbed_iso,fire_only,45,J,25%,111,27,True,0.35753045977860093,0.011442439246335423,0.011442439246335423,0.002287800115116978,0.16662492582175725,0.35995352631434796,17,26,10
loco_perturbed_iso,fire_only,45,J,50%,111,55,True,0.357929729853164,0.005965917473376547,0.005965917473376547,0.001888530040553893,0.24044085051233025,0.36058474086845915,54,1,1
loco_perturbed_iso,fire_only,46,terminal,10%,111,11,True,0.04827332361177965,0.009202496233311569,0.009202496233311569,0.005499633695750232,0.37407054095468634,0.0533868707716465,10,1,1
loco_perturbed_iso,fire_only,46,terminal,25%,111,27,True,0.05109202089133086,0.007278775589333639,0.007278775589333639,0.0026809364161990215,0.26917810622533567,0.05452141538262367,26,1,1
loco_perturbed_iso,fire_only,46,terminal,50%,111,55,True,0.05277644589712674,0.004857337517155842,0.004857337517155842,0.0009965114104031406,0.17023182913240628,0.05525617673993111,34,24,21
loco_perturbed_iso,fire_only,46,J,10%,111,11,True,0.3591216914525086,0.019546486846538202,0.019546486846538202,0.0006965684412092998,0.03441024249095991,0.3604055220882098,10,1,1
loco_perturbed_iso,fire_only,46,J,25%,111,27,True,0.3578592847511774,0.011771264218911892,0.011771264218911892,0.001958975142540509,0.14267596441474464,0.36070843661824864,18,26,9
loco_perturbed_iso,fire_only,46,J,50%,111,55,True,0.3580722392356078,0.006108426855820359,0.006108426855820359,0.0017460206581100812,0.22229706863702192,0.36123000970110297,54,1,1
loco_perturbed_iso,global_stats,42,terminal,10%,111,11,True,0.04512085257606073,0.006050025197592651,0.006050025197592651,0.00865210473146915,0.588493284525154,0.049126822501420975,10,1,1
loco_perturbed_iso,global_stats,42,terminal,25%,111,27,True,0.04696148675349024,0.0031482414514930196,0.0031482414514930196,0.006811470554039641,0.6839023608570048,0.05382959172129631,26,1,1
loco_perturbed_iso,global_stats,42,terminal,50%,111,55,True,0.04979335333813321,0.0018742449581623105,0.0018742449581623105,0.003979603969396672,0.6798268999839293,0.05769580975174904,54,1,1
loco_perturbed_iso,global_stats,42,J,10%,111,11,True,0.3496395077217709,0.010064303115800477,0.010064303115800477,0.010178752171947025,0.5028268720931622,0.3550589864142239,10,1,1
loco_perturbed_iso,global_stats,42,J,25%,111,27,True,0.3501365615399899,0.004048541007724393,0.004048541007724393,0.009681698353728008,0.7051368952029592,0.35749477297067644,26,1,1
loco_perturbed_iso,global_stats,42,J,50%,111,55,True,0.35335890280195703,0.0013950904221695648,0.0013950904221695648,0.006459357091760876,0.8223821064823121,0.3611876784202953,54,1,1
loco_perturbed_iso,global_stats,43,terminal,10%,111,11,True,0.04470295086503029,0.00563212348656221,0.00563212348656221,0.009070006442499591,0.6169178538254411,0.05146728456020355,10,1,1
loco_perturbed_iso,global_stats,43,terminal,25%,111,27,True,0.046050546759808506,0.002237301457811286,0.002237301457811286,0.007722410547721374,0.7753648442275785,0.05382634326815605,26,1,1
loco_perturbed_iso,global_stats,43,terminal,50%,111,55,True,0.04892391779206016,0.0010048094120892609,0.0010048094120892609,0.004849039515469722,0.8283506416848615,0.05621417239308357,54,1,1
loco_perturbed_iso,global_stats,43,J,10%,111,11,True,0.35085380453277715,0.011278599926806743,0.011278599926806743,0.00896445536094076,0.4428410254042367,0.35427839461093147,10,1,1
loco_perturbed_iso,global_stats,43,J,25%,111,27,True,0.3510658793450322,0.004977858812766689,0.004977858812766689,0.008752380548685712,0.6374528745112769,0.35643194305400056,26,1,1
loco_perturbed_iso,global_stats,43,J,50%,111,55,True,0.3534887840587533,0.001524971678965814,0.001524971678965814,0.006329475834964626,0.8058460921330031,0.36152856930469474,54,1,1
loco_perturbed_iso,global_stats,44,terminal,10%,111,11,True,0.04470295086503029,0.00563212348656221,0.00563212348656221,0.009070006442499591,0.6169178538254411,0.05254039540886879,10,1,1
loco_perturbed_iso,global_stats,44,terminal,25%,111,27,True,0.04620092113812765,0.0023876758361304276,0.0023876758361304276,0.0075720361694022326,0.7602665785110991,0.055920593440532684,26,1,1
loco_perturbed_iso,global_stats,44,terminal,50%,111,55,True,0.049688674915920605,0.0017695665359497084,0.0017695665359497084,0.004084282391609274,0.6977088821648826,0.05868474766612053,54,1,1
loco_perturbed_iso,global_stats,44,J,10%,111,11,True,0.3509479893738347,0.011372784767864297,0.011372784767864297,0.008870270519883205,0.4381883265048486,0.3553218025714159,10,1,1
loco_perturbed_iso,global_stats,44,J,25%,111,27,True,0.35143748333125757,0.005349462798992066,0.005349462798992066,0.008380776562460335,0.6103882344534601,0.35783541469524305,26,1,1
loco_perturbed_iso,global_stats,44,J,50%,111,55,True,0.35352656632323154,0.001562753943444073,0.001562753943444073,0.0062916935704863675,0.8010357901466126,0.3616756825397412,54,1,1
loco_perturbed_iso,global_stats,45,terminal,10%,111,11,True,0.04432782259854404,0.005256995220075958,0.005256995220075958,0.009445134708985843,0.6424330865363651,0.05037389695644379,10,1,1
loco_perturbed_iso,global_stats,45,terminal,25%,111,27,True,0.04689469505791311,0.0030814497559158924,0.0030814497559158924,0.006878262249616768,0.6906085482989734,0.05428547039628029,26,1,1
loco_perturbed_iso,global_stats,45,terminal,50%,111,55,True,0.04963448013771664,0.0017153717577457414,0.0017153717577457414,0.004138477169813241,0.7069668556579849,0.05745094269514084,54,1,1
loco_perturbed_iso,global_stats,45,J,10%,111,11,True,0.35085380453277715,0.011278599926806743,0.011278599926806743,0.00896445536094076,0.4428410254042367,0.3548948768215875,10,1,1
loco_perturbed_iso,global_stats,45,J,25%,111,27,True,0.3510658793450322,0.004977858812766689,0.004977858812766689,0.008752380548685712,0.6374528745112769,0.35693539039542277,26,1,1
loco_perturbed_iso,global_stats,45,J,50%,111,55,True,0.35332263647155326,0.0013588240917657979,0.0013588240917657979,0.0064956234221646425,0.8269994051961231,0.36139212020983297,54,1,1
loco_perturbed_iso,global_stats,46,terminal,10%,111,11,True,0.04470295086503029,0.00563212348656221,0.00563212348656221,0.009070006442499591,0.6169178538254411,0.04840546101331711,10,1,1
loco_perturbed_iso,global_stats,46,terminal,25%,111,27,True,0.045729939446405125,0.0019166941444079058,0.0019166941444079058,0.008043017861124754,0.807555264314553,0.051321692764759064,26,1,1
loco_perturbed_iso,global_stats,46,terminal,50%,111,55,True,0.04929541572928429,0.001376307349313391,0.001376307349313391,0.004477541578245592,0.7648884748572932,0.053953126072883606,54,1,1
loco_perturbed_iso,global_stats,46,J,10%,111,11,True,0.34967278885006,0.010097584244089575,0.010097584244089575,0.010145471043657928,0.501182795751127,0.35430225062494475,10,1,1
loco_perturbed_iso,global_stats,46,J,25%,111,27,True,0.35102181136148214,0.004933790829216633,0.004933790829216633,0.008796448532235768,0.6406624313434598,0.3567929000593722,26,1,1
loco_perturbed_iso,global_stats,46,J,50%,111,55,True,0.35332263647155326,0.0013588240917657979,0.0013588240917657979,0.0064956234221646425,0.8269994051961231,0.3608477226148049,54,1,1
loco_plateau,fire_only,42,terminal,10%,103,10,True,0.02895383443683386,0.0022532660514116287,0.0022532660514116287,0.09688236297659794,0.9772708755317929,0.05333137512207031,9,1,1
loco_plateau,fire_only,42,terminal,25%,103,25,True,0.042219527626508165,0.0016634644960102293,0.0016634644960102293,0.08361666978692364,0.980494114954236,0.05594588816165924,13,19,12
loco_plateau,fire_only,42,terminal,50%,103,51,True,0.0572696286162325,0.00013835961912192496,0.00013835961912192496,0.0685665687971993,0.9979861762131018,0.1071656122803688,50,1,1
loco_plateau,fire_only,42,J,10%,103,10,True,0.32354684266106537,0.002267347564920752,0.002267347564920752,0.06559799269301364,0.9665904929334578,0.3480416842115422,9,1,1
loco_plateau,fire_only,42,J,25%,103,25,True,0.34029749769286105,0.00429091749033117,0.00429091749033117,0.04884733766121796,0.9192499362635531,0.35413601764788233,16,19,9
loco_plateau,fire_only,42,J,50%,103,51,True,0.3498039039411867,0.00042199451305879876,0.00042199451305879876,0.0393409314128923,0.9893872368988976,0.3802317187190056,50,1,1
loco_plateau,fire_only,43,terminal,10%,103,10,True,0.02744301352649927,0.0007424451410770402,0.0007424451410770402,0.09839318388693252,0.9925108142414946,0.051375776529312134,9,1,1
loco_plateau,fire_only,43,terminal,25%,103,25,True,0.042219527626508165,0.0016634644960102293,0.0016634644960102293,0.08361666978692364,0.980494114954236,0.05596989020705223,13,19,12
loco_plateau,fire_only,43,terminal,50%,103,51,True,0.0572696286162325,0.00013835961912192496,0.00013835961912192496,0.0685665687971993,0.9979861762131018,0.11203492432832718,50,1,1
loco_plateau,fire_only,43,J,10%,103,10,True,0.322008358843935,0.0007288637477904092,0.0007288637477904092,0.06713647651014398,0.9892601474475744,0.3434649941821893,9,1,1
loco_plateau,fire_only,43,J,25%,103,25,True,0.34029749769286105,0.00429091749033117,0.00429091749033117,0.04884733766121796,0.9192499362635531,0.3531598835873107,16,19,9
loco_plateau,fire_only,43,J,50%,103,51,True,0.3498039039411867,0.00042199451305879876,0.00042199451305879876,0.0393409314128923,0.9893872368988976,0.3817529528712233,50,1,1
loco_plateau,fire_only,44,terminal,10%,103,10,True,0.02704231720417738,0.00034174881875514984,0.00034174881875514984,0.09879388020925442,0.9965527144770666,0.04924129694700241,9,1,1
loco_plateau,fire_only,44,terminal,25%,103,25,True,0.042219527626508165,0.0016634644960102293,0.0016634644960102293,0.08361666978692364,0.980494114954236,0.05383621156215668,13,19,12
loco_plateau,fire_only,44,terminal,50%,103,51,True,0.0572696286162325,0.00013835961912192496,0.00013835961912192496,0.0685665687971993,0.9979861762131018,0.10752564668655396,50,1,1
loco_plateau,fire_only,44,J,10%,103,10,True,0.32354684266106537,0.002267347564920752,0.002267347564920752,0.06559799269301364,0.9665904929334578,0.34829444050167996,9,1,1
loco_plateau,fire_only,44,J,25%,103,25,True,0.3397817955024279,0.0037752152998979938,0.0037752152998979938,0.049363039851651136,0.9289548501520954,0.35574031838526327,17,19,8
loco_plateau,fire_only,44,J,50%,103,51,True,0.3498039039411867,0.00042199451305879876,0.00042199451305879876,0.0393409314128923,0.9893872368988976,0.3790110348413388,50,1,1
loco_plateau,fire_only,45,terminal,10%,103,10,True,0.02895383443683386,0.0022532660514116287,0.0022532660514116287,0.09688236297659794,0.9772708755317929,0.0531449131667614,9,1,1
loco_plateau,fire_only,45,terminal,25%,103,25,True,0.042219527626508165,0.0016634644960102293,0.0016634644960102293,0.08361666978692364,0.980494114954236,0.056483879685401917,13,19,12
loco_plateau,fire_only,45,terminal,50%,103,51,True,0.0572696286162325,0.00013835961912192496,0.00013835961912192496,0.0685665687971993,0.9979861762131018,0.09872949123382568,50,1,1
loco_plateau,fire_only,45,J,10%,103,10,True,0.322008358843935,0.0007288637477904092,0.0007288637477904092,0.06713647651014398,0.9892601474475744,0.34293876982604465,9,1,1
loco_plateau,fire_only,45,J,25%,103,25,True,0.34029749769286105,0.00429091749033117,0.00429091749033117,0.04884733766121796,0.9192499362635531,0.3516034004588922,16,19,9
loco_plateau,fire_only,45,J,50%,103,51,True,0.3498039039411867,0.00042199451305879876,0.00042199451305879876,0.0393409314128923,0.9893872368988976,0.37901676911860704,50,1,1
loco_plateau,fire_only,46,terminal,10%,103,10,True,0.02744301352649927,0.0007424451410770402,0.0007424451410770402,0.09839318388693252,0.9925108142414946,0.05549979954957962,9,1,1
loco_plateau,fire_only,46,terminal,25%,103,25,True,0.042219527626508165,0.0016634644960102293,0.0016634644960102293,0.08361666978692364,0.980494114954236,0.0588894821703434,13,19,12
loco_plateau,fire_only,46,terminal,50%,103,51,True,0.0572696286162325,0.00013835961912192496,0.00013835961912192496,0.0685665687971993,0.9979861762131018,0.11151846498250961,50,1,1
loco_plateau,fire_only,46,J,10%,103,10,True,0.322008358843935,0.0007288637477904092,0.0007288637477904092,0.06713647651014398,0.9892601474475744,0.34489768551041683,9,1,1
loco_plateau,fire_only,46,J,25%,103,25,True,0.34029749769286105,0.00429091749033117,0.00429091749033117,0.04884733766121796,0.9192499362635531,0.35657233505820235,16,19,9
loco_plateau,fire_only,46,J,50%,103,51,True,0.3498039039411867,0.00042199451305879876,0.00042199451305879876,0.0393409314128923,0.9893872368988976,0.3786752111588915,50,1,1
loco_plateau,global_stats,42,terminal,10%,103,10,True,0.02744301352649927,0.0007424451410770402,0.0007424451410770402,0.09839318388693252,0.9925108142414946,0.04693557322025299,9,1,1
loco_plateau,global_stats,42,terminal,25%,103,25,True,0.04109422169625759,0.0005381585657596583,0.0005381585657596583,0.0847419757171742,0.9936895201879701,0.05662931501865387,24,1,1
loco_plateau,global_stats,42,terminal,50%,103,51,True,0.0572696286162325,0.00013835961912192496,0.00013835961912192496,0.0685665687971993,0.9979861762131018,0.11373451352119446,50,1,1
loco_plateau,global_stats,42,J,10%,103,10,True,0.3232226311151559,0.0019431360190113045,0.0019431360190113045,0.06592220423892309,0.971367770180978,0.3468533743172884,9,1,1
loco_plateau,global_stats,42,J,25%,103,25,True,0.3372173443287611,0.001210764126231223,0.001210764126231223,0.05192749102531791,0.9772148309578824,0.35570277081181606,24,1,1
loco_plateau,global_stats,42,J,50%,103,51,True,0.3498039039411867,0.00042199451305879876,0.00042199451305879876,0.0393409314128923,0.9893872368988976,0.37784641919036704,50,1,1
loco_plateau,global_stats,43,terminal,10%,103,10,True,0.02744301352649927,0.0007424451410770402,0.0007424451410770402,0.09839318388693252,0.9925108142414946,0.04824336618185043,9,1,1
loco_plateau,global_stats,43,terminal,25%,103,25,True,0.04129702277481556,0.0007409596443176264,0.0007409596443176264,0.08453917463861624,0.9913114625047453,0.05507659167051315,24,1,1
loco_plateau,global_stats,43,terminal,50%,103,51,True,0.0572696286162325,0.00013835961912192496,0.00013835961912192496,0.0685665687971993,0.9979861762131018,0.11590632051229477,50,1,1
loco_plateau,global_stats,43,J,10%,103,10,True,0.3232226311151559,0.0019431360190113045,0.0019431360190113045,0.06592220423892309,0.971367770180978,0.34335891796896856,9,1,1
loco_plateau,global_stats,43,J,25%,103,25,True,0.3372173443287611,0.001210764126231223,0.001210764126231223,0.05192749102531791,0.9772148309578824,0.3542498836914698,24,1,1
loco_plateau,global_stats,43,J,50%,103,51,True,0.3498039039411867,0.00042199451305879876,0.00042199451305879876,0.0393409314128923,0.9893872368988976,0.3779836960757772,50,1,1
loco_plateau,global_stats,44,terminal,10%,103,10,True,0.02744301352649927,0.0007424451410770402,0.0007424451410770402,0.09839318388693252,0.9925108142414946,0.05077539011836052,9,1,1
loco_plateau,global_stats,44,terminal,25%,103,25,True,0.04127596817910671,0.0007199050486087766,0.0007199050486087766,0.08456022923432509,0.9915583499643615,0.058426789939403534,24,1,1
loco_plateau,global_stats,44,terminal,50%,103,51,True,0.0572696286162325,0.00013835961912192496,0.00013835961912192496,0.0685665687971993,0.9979861762131018,0.12147481739521027,50,1,1
loco_plateau,global_stats,44,J,10%,103,10,True,0.3232226311151559,0.0019431360190113045,0.0019431360190113045,0.06592220423892309,0.971367770180978,0.3456336812116206,9,1,1
loco_plateau,global_stats,44,J,25%,103,25,True,0.3373373805098236,0.0013308003072937113,0.0013308003072937113,0.05180745484425542,0.974955889998678,0.356037653516978,24,1,1
loco_plateau,global_stats,44,J,50%,103,51,True,0.3498039039411867,0.00042199451305879876,0.00042199451305879876,0.0393409314128923,0.9893872368988976,0.380384983556966,50,1,1
loco_plateau,global_stats,45,terminal,10%,103,10,True,0.02744301352649927,0.0007424451410770402,0.0007424451410770402,0.09839318388693252,0.9925108142414946,0.04518335685133934,9,1,1
loco_plateau,global_stats,45,terminal,25%,103,25,True,0.04129702277481556,0.0007409596443176264,0.0007409596443176264,0.08453917463861624,0.9913114625047453,0.05375700071454048,24,1,1
loco_plateau,global_stats,45,terminal,50%,103,51,True,0.0572696286162325,0.00013835961912192496,0.00013835961912192496,0.0685665687971993,0.9979861762131018,0.1099797785282135,50,1,1
loco_plateau,global_stats,45,J,10%,103,10,True,0.3232226311151559,0.0019431360190113045,0.0019431360190113045,0.06592220423892309,0.971367770180978,0.344754283875227,9,1,1
loco_plateau,global_stats,45,J,25%,103,25,True,0.3372173443287611,0.001210764126231223,0.001210764126231223,0.05192749102531791,0.9772148309578824,0.3545090138912201,24,1,1
loco_plateau,global_stats,45,J,50%,103,51,True,0.3498039039411867,0.00042199451305879876,0.00042199451305879876,0.0393409314128923,0.9893872368988976,0.3789137825369835,50,1,1
loco_plateau,global_stats,46,terminal,10%,103,10,True,0.02744301352649927,0.0007424451410770402,0.0007424451410770402,0.09839318388693252,0.9925108142414946,0.04948991909623146,9,1,1
loco_plateau,global_stats,46,terminal,25%,103,25,True,0.04152260176837444,0.0009665386378765045,0.0009665386378765045,0.08431359564505736,0.9886663096159086,0.05535850673913956,24,1,1
loco_plateau,global_stats,46,terminal,50%,103,51,True,0.0572696286162325,0.00013835961912192496,0.00013835961912192496,0.0685665687971993,0.9979861762131018,0.1048954650759697,50,1,1
loco_plateau,global_stats,46,J,10%,103,10,True,0.3232226311151559,0.0019431360190113045,0.0019431360190113045,0.06592220423892309,0.971367770180978,0.34815615359693763,9,1,1
loco_plateau,global_stats,46,J,25%,103,25,True,0.3378922519329935,0.0018856717304636117,0.0018856717304636117,0.05125258342108552,0.9645138568233805,0.3567293878334264,24,1,1
loco_plateau,global_stats,46,J,50%,103,51,True,0.3498039039411867,0.00042199451305879876,0.00042199451305879876,0.0393409314128923,0.9893872368988976,0.3771038111920158,50,1,1
loco_decay,fire_only,42,terminal,10%,113,11,True,0.11811150442470203,0.01285559245131232,0.01285559245131232,0.13225252138278415,0.9114067979271632,0.10078423470258713,5,25,6
loco_decay,fire_only,42,terminal,25%,113,28,True,0.12101856623377119,0.004447085825460301,0.004447085825460301,0.129345459573715,0.9667613332851076,0.10078423470258713,5,25,23
loco_decay,fire_only,42,terminal,50%,113,56,True,0.13734968392444508,0.00036798976361751556,0.00036798976361751556,0.1130143418830411,0.996754434678903,0.18274368345737457,55,1,1
loco_decay,fire_only,42,J,10%,113,11,True,0.36864185925753734,0.013892336368786617,0.013892336368786617,0.053566854120483676,0.7940631029215173,0.36908285388102136,9,25,2
loco_decay,fire_only,42,J,25%,113,28,True,0.3699179369398348,0.007623561979138493,0.007623561979138493,0.05229077643818619,0.8727589725511501,0.36908285388102136,9,25,19
loco_decay,fire_only,42,J,50%,113,56,True,0.3728593193693087,0.001049755797499774,0.001049755797499774,0.0493493940087123,0.979171160594253,0.3948374006897211,55,1,1
loco_decay,fire_only,43,terminal,10%,113,11,True,0.12026517106728121,0.015009259093891503,0.015009259093891503,0.13009885474020497,0.8965649907692155,0.1014917865395546,1,25,10
loco_decay,fire_only,43,terminal,25%,113,28,True,0.12196343046213899,0.005391950053828101,0.005391950053828101,0.1284005953453472,0.9596991742870203,0.10204378515481949,27,1,1
loco_decay,fire_only,43,terminal,50%,113,56,True,0.13734968392444508,0.00036798976361751556,0.00036798976361751556,0.1130143418830411,0.996754434678903,0.19543427228927612,55,1,1
loco_decay,fire_only,43,J,10%,113,11,True,0.36864185925753734,0.013892336368786617,0.013892336368786617,0.053566854120483676,0.7940631029215173,0.36875615486254293,9,25,2
loco_decay,fire_only,43,J,25%,113,28,True,0.3699179369398348,0.007623561979138493,0.007623561979138493,0.05229077643818619,0.8727589725511501,0.36875615486254293,9,25,19
loco_decay,fire_only,43,J,50%,113,56,True,0.37249544533080464,0.0006858817589956989,0.0006858817589956989,0.049713268047216375,0.9863910053714605,0.3932964706172546,55,1,1
loco_decay,fire_only,44,terminal,10%,113,11,True,0.12026517106728121,0.015009259093891503,0.015009259093891503,0.13009885474020497,0.8965649907692155,0.09040843695402145,1,25,10
loco_decay,fire_only,44,terminal,25%,113,28,True,0.12196343046213899,0.005391950053828101,0.005391950053828101,0.1284005953453472,0.9596991742870203,0.095235675573349,27,1,1
loco_decay,fire_only,44,terminal,50%,113,56,True,0.13734968392444508,0.00036798976361751556,0.00036798976361751556,0.1130143418830411,0.996754434678903,0.19001807272434235,55,1,1
loco_decay,fire_only,44,J,10%,113,11,True,0.3673613225932826,0.012611799704531856,0.012611799704531856,0.05484739078473844,0.8130454929408347,0.3660488175228238,8,25,3
loco_decay,fire_only,44,J,25%,113,28,True,0.36941486896459186,0.007120494003895528,0.007120494003895528,0.05279384441342916,0.8811554263639072,0.3660488175228238,8,25,20
loco_decay,fire_only,44,J,50%,113,56,True,0.37249544533080464,0.0006858817589956989,0.0006858817589956989,0.049713268047216375,0.9863910053714605,0.39024210212131344,55,1,1
loco_decay,fire_only,45,terminal,10%,113,11,True,0.11912755958058617,0.01387164760719646,0.01387164760719646,0.1312364662269,0.9044047418116394,0.1165381595492363,2,25,9
loco_decay,fire_only,45,terminal,25%,113,28,True,0.1213789741907801,0.0048074937824692104,0.0048074937824692104,0.1289850516167061,0.9640675512366862,0.11774563789367676,27,1,1
loco_decay,fire_only,45,terminal,50%,113,56,True,0.13734968392444508,0.00036798976361751556,0.00036798976361751556,0.1130143418830411,0.996754434678903,0.19967976212501526,55,1,1
loco_decay,fire_only,45,J,10%,113,11,True,0.37035709695969565,0.01560757407094493,0.01560757407094493,0.051851616418325364,0.7686368016315377,0.3684725559627016,7,25,4
loco_decay,fire_only,45,J,25%,113,28,True,0.3705917803228256,0.008297405362129251,0.008297405362129251,0.051616933055195435,0.861512192551725,0.3684725559627016,7,25,21
loco_decay,fire_only,45,J,50%,113,56,True,0.37249544533080464,0.0006858817589956989,0.0006858817589956989,0.049713268047216375,0.9863910053714605,0.39695256799459455,55,1,1
loco_decay,fire_only,46,terminal,10%,113,11,True,0.11990217566490173,0.014646263691512021,0.014646263691512021,0.13046185014258443,0.899066542148999,0.11275175958871841,6,25,5
loco_decay,fire_only,46,terminal,25%,113,28,True,0.1217220442209925,0.005150563812681613,0.005150563812681613,0.12864198158649368,0.9615033573259654,0.11275175958871841,6,25,22
loco_decay,fire_only,46,terminal,50%,113,56,True,0.13734968392444508,0.00036798976361751556,0.00036798976361751556,0.1130143418830411,0.996754434678903,0.17427459359169006,55,1,1
loco_decay,fire_only,46,J,10%,113,11,True,0.36864185925753734,0.013892336368786617,0.013892336368786617,0.053566854120483676,0.7940631029215173,0.36998317545900744,9,25,2
loco_decay,fire_only,46,J,25%,113,28,True,0.3699179369398348,0.007623561979138493,0.007623561979138493,0.05229077643818619,0.8727589725511501,0.36998317545900744,9,25,19
loco_decay,fire_only,46,J,50%,113,56,True,0.37249544533080464,0.0006858817589956989,0.0006858817589956989,0.049713268047216375,0.9863910053714605,0.39320475061734517,55,1,1
loco_decay,global_stats,42,terminal,10%,113,11,True,0.11075452715158463,0.0054986151781949155,0.0054986151781949155,0.13960949865590155,0.9621067696842815,0.09697884321212769,10,1,1
loco_decay,global_stats,42,terminal,25%,113,28,True,0.11691094535802092,0.0003394649497100305,0.0003394649497100305,0.13345308044946524,0.9974627513909894,0.11190059781074524,27,1,1
loco_decay,global_stats,42,terminal,50%,113,56,True,0.13729569675134762,0.0003140025905200572,0.0003140025905200572,0.11306832905613856,0.9972305862301492,0.1756044626235962,55,1,1
loco_decay,global_stats,42,J,10%,113,11,True,0.3598204482854767,0.005070925396725989,0.005070925396725989,0.062388265092544304,0.9248297324656966,0.36203270964324474,10,1,1
loco_decay,global_stats,42,J,25%,113,28,True,0.36462759419477414,0.00233321923407781,0.00233321923407781,0.057581119183246876,0.9610574147072091,0.3671271494900187,27,1,1
loco_decay,global_stats,42,J,50%,113,56,True,0.37249544533080464,0.0006858817589956989,0.0006858817589956989,0.049713268047216375,0.9863910053714605,0.3878032979865869,55,1,1
loco_decay,global_stats,43,terminal,10%,113,11,True,0.11139444464986975,0.006138532676480041,0.006138532676480041,0.13896958115761643,0.9576968336622562,0.10936003178358078,10,1,1
loco_decay,global_stats,43,terminal,25%,113,28,True,0.11699105293623038,0.00041957252791949284,0.00041957252791949284,0.1333729728712558,0.9968640066853673,0.12056902050971985,27,1,1
loco_decay,global_stats,43,terminal,50%,113,56,True,0.13734968392444508,0.00036798976361751556,0.00036798976361751556,0.1130143418830411,0.996754434678903,0.1828511357307434,55,1,1
loco_decay,global_stats,43,J,10%,113,11,True,0.3598204482854767,0.005070925396725989,0.005070925396725989,0.062388265092544304,0.9248297324656966,0.3644056181112925,10,1,1
loco_decay,global_stats,43,J,25%,113,28,True,0.36473049179961287,0.0024361168389165355,0.0024361168389165355,0.05747822157840815,0.959340002689371,0.3688927736133337,27,1,1
loco_decay,global_stats,43,J,50%,113,56,True,0.37249544533080464,0.0006858817589956989,0.0006858817589956989,0.049713268047216375,0.9863910053714605,0.38641633515556656,55,1,1
loco_decay,global_stats,44,terminal,10%,113,11,True,0.10983465747399764,0.004578745500607925,0.004578745500607925,0.14052936833348856,0.9684459719058658,0.10894765704870224,10,1,1
loco_decay,global_stats,44,terminal,25%,113,28,True,0.11712827506874289,0.0005567946604320001,0.0005567946604320001,0.13323575073874327,0.9958383730665203,0.11572092771530151,27,1,1
loco_decay,global_stats,44,terminal,50%,113,56,True,0.13729569675134762,0.0003140025905200572,0.0003140025905200572,0.11306832905613856,0.9972305862301492,0.18771536648273468,55,1,1
loco_decay,global_stats,44,J,10%,113,11,True,0.36093522342994355,0.006185700541192829,0.006185700541192829,0.061273489948077464,0.9083045542597091,0.36421474181115626,10,1,1
loco_decay,global_stats,44,J,25%,113,28,True,0.36463235680546074,0.002337981844764414,0.002337981844764414,0.05757635657256027,0.9609779243746374,0.3693271189307173,27,1,1
loco_decay,global_stats,44,J,50%,113,56,True,0.37249544533080464,0.0006858817589956989,0.0006858817589956989,0.049713268047216375,0.9863910053714605,0.3875386733561754,55,1,1
loco_decay,global_stats,45,terminal,10%,113,11,True,0.10934815081683072,0.0040922388434410095,0.0040922388434410095,0.14101587499065546,0.9717986904018358,0.10942228138446808,10,1,1
loco_decay,global_stats,45,terminal,25%,113,28,True,0.11786575056612492,0.0012942701578140259,0.0012942701578140259,0.13249827524136126,0.9903262909457884,0.11738694459199905,27,1,1
loco_decay,global_stats,45,terminal,50%,113,56,True,0.13729569675134762,0.0003140025905200572,0.0003140025905200572,0.11306832905613856,0.9972305862301492,0.1807308942079544,55,1,1
loco_decay,global_stats,45,J,10%,113,11,True,0.3598204482854767,0.005070925396725989,0.005070925396725989,0.062388265092544304,0.9248297324656966,0.36391547955572606,10,1,1
loco_decay,global_stats,45,J,25%,113,28,True,0.36487048718679166,0.0025761122260953284,0.0025761122260953284,0.05733822619122936,0.9570034102996884,0.3688136057307323,27,1,1
loco_decay,global_stats,45,J,50%,113,56,True,0.37249544533080464,0.0006858817589956989,0.0006858817589956989,0.049713268047216375,0.9863910053714605,0.3858369084695975,55,1,1
loco_decay,global_stats,46,terminal,10%,113,11,True,0.11153160509738055,0.006275693123990844,0.006275693123990844,0.13883242071010563,0.9567516043164485,0.10377851128578186,10,1,1
loco_decay,global_stats,46,terminal,25%,113,28,True,0.11938902948583875,0.0028175490775278617,0.0028175490775278617,0.13097499632164744,0.9789409113256529,0.11071893572807312,27,1,1
loco_decay,global_stats,46,terminal,50%,113,56,True,0.13729569675134762,0.0003140025905200572,0.0003140025905200572,0.11306832905613856,0.9972305862301492,0.17002248764038086,55,1,1
loco_decay,global_stats,46,J,10%,113,11,True,0.361045987520254,0.006296464631503296,0.006296464631503296,0.061162725857767,0.9066626120794501,0.36399887843678397,10,1,1
loco_decay,global_stats,46,J,25%,113,28,True,0.3636246913223572,0.001330316361660866,0.001330316361660866,0.05858402205566382,0.9777963606575317,0.36886855599780877,27,1,1
loco_decay,global_stats,46,J,50%,113,56,True,0.37249544533080464,0.0006858817589956989,0.0006858817589956989,0.049713268047216375,0.9863910053714605,0.38541312937935196,55,1,1
loco_log_variant,fire_only,42,terminal,10%,69,6,True,0.005281683581415564,0.0,0.0,0.19554392292343106,1.0,0.039324644953012466,5,1,1
loco_log_variant,fire_only,42,terminal,25%,69,17,True,0.03286140737370314,0.0021190161214155318,0.0021190161214155318,0.1679641991311435,0.987541297839008,0.08818559348583221,16,1,1
loco_log_variant,fire_only,42,terminal,50%,69,34,True,0.08832982213660966,0.0004657695398611189,0.0004657695398611189,0.11249578436823697,0.9958767428054323,0.23796162009239197,33,1,1
loco_log_variant,fire_only,42,J,10%,69,6,True,0.28897067469095217,0.0002971494428089527,0.0002971494428089527,0.1960676980922142,0.9984867482823984,0.3087319406680763,5,1,1
loco_log_variant,fire_only,42,J,25%,69,17,True,0.3283804486917136,0.0027292965600888563,0.0027292965600888563,0.15665792409145274,0.9828763149960702,0.4013859199980895,16,1,1
loco_log_variant,fire_only,42,J,50%,69,34,True,0.3867782191916965,0.0007342091779791171,0.0007342091779791171,0.09826015359146983,0.9925833233586336,0.5267179225881894,33,1,1
loco_log_variant,fire_only,43,terminal,10%,69,6,True,0.005281683581415564,0.0,0.0,0.19554392292343106,1.0,0.026311691850423813,5,1,1
loco_log_variant,fire_only,43,terminal,25%,69,17,True,0.03286140737370314,0.0021190161214155318,0.0021190161214155318,0.1679641991311435,0.987541297839008,0.08454570174217224,16,1,1
loco_log_variant,fire_only,43,terminal,50%,69,34,True,0.08832982213660966,0.0004657695398611189,0.0004657695398611189,0.11249578436823697,0.9958767428054323,0.21952539682388306,33,1,1
loco_log_variant,fire_only,43,J,10%,69,6,True,0.28897067469095217,0.0002971494428089527,0.0002971494428089527,0.1960676980922142,0.9984867482823984,0.3023302438048025,5,1,1
loco_log_variant,fire_only,43,J,25%,69,17,True,0.3283804486917136,0.0027292965600888563,0.0027292965600888563,0.15665792409145274,0.9828763149960702,0.3968175223718087,16,1,1
loco_log_variant,fire_only,43,J,50%,69,34,True,0.3867782191916965,0.0007342091779791171,0.0007342091779791171,0.09826015359146983,0.9925833233586336,0.5209442290167013,33,1,1
loco_log_variant,fire_only,44,terminal,10%,69,6,True,0.005281683581415564,0.0,0.0,0.19554392292343106,1.0,0.035973019897937775,5,1,1
loco_log_variant,fire_only,44,terminal,25%,69,17,True,0.03286140737370314,0.0021190161214155318,0.0021190161214155318,0.1679641991311435,0.987541297839008,0.08731796592473984,16,1,1
loco_log_variant,fire_only,44,terminal,50%,69,34,True,0.08832982213660966,0.0004657695398611189,0.0004657695398611189,0.11249578436823697,0.9958767428054323,0.2284536063671112,33,1,1
loco_log_variant,fire_only,44,J,10%,69,6,True,0.28897067469095217,0.0002971494428089527,0.0002971494428089527,0.1960676980922142,0.9984867482823984,0.310640154654781,5,1,1
loco_log_variant,fire_only,44,J,25%,69,17,True,0.3283804486917136,0.0027292965600888563,0.0027292965600888563,0.15665792409145274,0.9828763149960702,0.3978486659005284,16,1,1
loco_log_variant,fire_only,44,J,50%,69,34,True,0.3867782191916965,0.0007342091779791171,0.0007342091779791171,0.09826015359146983,0.9925833233586336,0.51972712824742,33,1,1
loco_log_variant,fire_only,45,terminal,10%,69,6,True,0.005281683581415564,0.0,0.0,0.19554392292343106,1.0,0.03413679450750351,5,1,1
loco_log_variant,fire_only,45,terminal,25%,69,17,True,0.03286140737370314,0.0021190161214155318,0.0021190161214155318,0.1679641991311435,0.987541297839008,0.08329543471336365,16,1,1
loco_log_variant,fire_only,45,terminal,50%,69,34,True,0.08832982213660966,0.0004657695398611189,0.0004657695398611189,0.11249578436823697,0.9958767428054323,0.21901117265224457,33,1,1
loco_log_variant,fire_only,45,J,10%,69,6,True,0.28897067469095217,0.0002971494428089527,0.0002971494428089527,0.1960676980922142,0.9984867482823984,0.3105997965360681,5,1,1
loco_log_variant,fire_only,45,J,25%,69,17,True,0.3283804486917136,0.0027292965600888563,0.0027292965600888563,0.15665792409145274,0.9828763149960702,0.39617706276476383,16,1,1
loco_log_variant,fire_only,45,J,50%,69,34,True,0.3867782191916965,0.0007342091779791171,0.0007342091779791171,0.09826015359146983,0.9925833233586336,0.5256621891011795,33,1,1
loco_log_variant,fire_only,46,terminal,10%,69,6,True,0.005281683581415564,0.0,0.0,0.19554392292343106,1.0,0.031311213970184326,5,1,1
loco_log_variant,fire_only,46,terminal,25%,69,17,True,0.03286140737370314,0.0021190161214155318,0.0021190161214155318,0.1679641991311435,0.987541297839008,0.08316288888454437,16,1,1
loco_log_variant,fire_only,46,terminal,50%,69,34,True,0.08832982213660966,0.0004657695398611189,0.0004657695398611189,0.11249578436823697,0.9958767428054323,0.22794407606124878,33,1,1
loco_log_variant,fire_only,46,J,10%,69,6,True,0.28897067469095217,0.0002971494428089527,0.0002971494428089527,0.1960676980922142,0.9984867482823984,0.3061300714345028,5,1,1
loco_log_variant,fire_only,46,J,25%,69,17,True,0.3283804486917136,0.0027292965600888563,0.0027292965600888563,0.15665792409145274,0.9828763149960702,0.3967243411888679,16,1,1
loco_log_variant,fire_only,46,J,50%,69,34,True,0.3867782191916965,0.0007342091779791171,0.0007342091779791171,0.09826015359146983,0.9925833233586336,0.5254948869347572,33,1,1
loco_log_variant,global_stats,42,terminal,10%,69,6,True,0.005281683581415564,0.0,0.0,0.19554392292343106,1.0,0.03365089371800423,5,1,1
loco_log_variant,global_stats,42,terminal,25%,69,17,True,0.03074239125228761,0.0,0.0,0.170083215252559,1.0,0.08603867888450623,16,1,1
loco_log_variant,global_stats,42,terminal,50%,69,34,True,0.08832982213660966,0.0004657695398611189,0.0004657695398611189,0.11249578436823697,0.9958767428054323,0.2180342823266983,33,1,1
loco_log_variant,global_stats,42,J,10%,69,6,True,0.28897067469095217,0.0002971494428089527,0.0002971494428089527,0.1960676980922142,0.9984867482823984,0.3012757415883243,5,1,1
loco_log_variant,global_stats,42,J,25%,69,17,True,0.32565115213162477,0.0,0.0,0.1593872206515416,1.0,0.39966552145779133,16,1,1
loco_log_variant,global_stats,42,J,50%,69,34,True,0.3867782191916965,0.0007342091779791171,0.0007342091779791171,0.09826015359146983,0.9925833233586336,0.5194529907157024,33,1,1
loco_log_variant,global_stats,43,terminal,10%,69,6,True,0.007140650549748291,0.0018589669683327275,0.0018589669683327275,0.19368495595509833,0.990493353408581,0.03397061303257942,5,1,1
loco_log_variant,global_stats,43,terminal,25%,69,17,True,0.03074239125228761,0.0,0.0,0.170083215252559,1.0,0.08391439914703369,16,1,1
loco_log_variant,global_stats,43,terminal,50%,69,34,True,0.08832982213660966,0.0004657695398611189,0.0004657695398611189,0.11249578436823697,0.9958767428054323,0.22076132893562317,33,1,1
loco_log_variant,global_stats,43,J,10%,69,6,True,0.28897067469095217,0.0002971494428089527,0.0002971494428089527,0.1960676980922142,0.9984867482823984,0.30289983094359435,5,1,1
loco_log_variant,global_stats,43,J,25%,69,17,True,0.32565115213162477,0.0,0.0,0.1593872206515416,1.0,0.3977199520915747,16,1,1
loco_log_variant,global_stats,43,J,50%,69,34,True,0.3867782191916965,0.0007342091779791171,0.0007342091779791171,0.09826015359146983,0.9925833233586336,0.5169349198540052,33,1,1
loco_log_variant,global_stats,44,terminal,10%,69,6,True,0.007140650549748291,0.0018589669683327275,0.0018589669683327275,0.19368495595509833,0.990493353408581,0.030974403023719788,5,1,1
loco_log_variant,global_stats,44,terminal,25%,69,17,True,0.03074239125228761,0.0,0.0,0.170083215252559,1.0,0.08271564543247223,16,1,1
loco_log_variant,global_stats,44,terminal,50%,69,34,True,0.08832982213660966,0.0004657695398611189,0.0004657695398611189,0.11249578436823697,0.9958767428054323,0.22099831700325012,33,1,1
loco_log_variant,global_stats,44,J,10%,69,6,True,0.28897067469095217,0.0002971494428089527,0.0002971494428089527,0.1960676980922142,0.9984867482823984,0.29851367728163797,5,1,1
loco_log_variant,global_stats,44,J,25%,69,17,True,0.32565115213162477,0.0,0.0,0.1593872206515416,1.0,0.39757629533608757,16,1,1
loco_log_variant,global_stats,44,J,50%,69,34,True,0.3867782191916965,0.0007342091779791171,0.0007342091779791171,0.09826015359146983,0.9925833233586336,0.5150410028795401,33,1,1
loco_log_variant,global_stats,45,terminal,10%,69,6,True,0.007140650549748291,0.0018589669683327275,0.0018589669683327275,0.19368495595509833,0.990493353408581,0.03393993154168129,5,1,1
loco_log_variant,global_stats,45,terminal,25%,69,17,True,0.03074239125228761,0.0,0.0,0.170083215252559,1.0,0.0909694954752922,16,1,1
loco_log_variant,global_stats,45,terminal,50%,69,34,True,0.08832982213660966,0.0004657695398611189,0.0004657695398611189,0.11249578436823697,0.9958767428054323,0.22775320708751678,33,1,1
loco_log_variant,global_stats,45,J,10%,69,6,True,0.28897067469095217,0.0002971494428089527,0.0002971494428089527,0.1960676980922142,0.9984867482823984,0.30438354856645067,5,1,1
loco_log_variant,global_stats,45,J,25%,69,17,True,0.32565115213162477,0.0,0.0,0.1593872206515416,1.0,0.39824511017650366,16,1,1
loco_log_variant,global_stats,45,J,50%,69,34,True,0.3867782191916965,0.0007342091779791171,0.0007342091779791171,0.09826015359146983,0.9925833233586336,0.5128572442879279,33,1,1
loco_log_variant,global_stats,46,terminal,10%,69,6,True,0.007140650549748291,0.0018589669683327275,0.0018589669683327275,0.19368495595509833,0.990493353408581,0.0359235554933548,5,1,1
loco_log_variant,global_stats,46,terminal,25%,69,17,True,0.03074239125228761,0.0,0.0,0.170083215252559,1.0,0.08210045099258423,16,1,1
loco_log_variant,global_stats,46,terminal,50%,69,34,True,0.08832982213660966,0.0004657695398611189,0.0004657695398611189,0.11249578436823697,0.9958767428054323,0.225347638130188,33,1,1
loco_log_variant,global_stats,46,J,10%,69,6,True,0.28897067469095217,0.0002971494428089527,0.0002971494428089527,0.1960676980922142,0.9984867482823984,0.3037297070026398,5,1,1
loco_log_variant,global_stats,46,J,25%,69,17,True,0.32565115213162477,0.0,0.0,0.1593872206515416,1.0,0.3978450239946445,16,1,1
loco_log_variant,global_stats,46,J,50%,69,34,True,0.3867782191916965,0.0007342091779791171,0.0007342091779791171,0.09826015359146983,0.9925833233586336,0.518353924403588,33,1,1
loco_external_fire,fire_only,42,terminal,10%,49,4,True,0.21659880964195025,0.030240879339330312,0.030240879339330312,-0.003997885719353111,-0.15234106966782035,0.2126712054014206,0,17,4
loco_external_fire,fire_only,42,terminal,25%,49,12,True,0.2165988096419503,0.024249589326334975,0.024249589326334975,-0.003997885719353167,-0.19740984743500242,0.2126712054014206,0,17,12
loco_external_fire,fire_only,42,terminal,50%,49,24,True,0.2148132955771871,0.015686700566827,0.015686700566827,-0.0022123716545899563,-0.16419160234249117,0.21267454326152802,17,32,7
loco_external_fire,fire_only,42,J,10%,49,4,True,0.44863820430279394,0.02347033573702595,0.02347033573702595,0.0016581593321313703,0.06598721203032142,0.45091089693208536,0,32,4
loco_external_fire,fire_only,42,J,25%,49,12,True,0.44863820430279394,0.017246314411103247,0.017246314411103247,0.0016581593321313703,0.08771253591361035,0.45091089693208536,0,32,12
loco_external_fire,fire_only,42,J,50%,49,24,True,0.44863820430279394,0.009646765700179194,0.009646765700179194,0.0016581593321313703,0.14667583618575014,0.45091089693208536,0,32,24
loco_external_fire,fire_only,43,terminal,10%,49,4,True,0.2104770471341908,0.024119116831570864,0.024119116831570864,0.002123876788406337,0.08093119326102942,0.21432709693908691,0,32,4
loco_external_fire,fire_only,43,terminal,25%,49,12,True,0.2104770471341908,0.01812782681857547,0.01812782681857547,0.002123876788406337,0.1048739814498434,0.21432709693908691,0,32,12
loco_external_fire,fire_only,43,terminal,50%,49,24,True,0.2104770471341908,0.011350452123830707,0.011350452123830707,0.002123876788406337,0.15762393824878995,0.21432709693908691,0,32,24
loco_external_fire,fire_only,43,J,10%,49,4,True,0.4534176047307019,0.028249736164933925,0.028249736164933925,-0.0031212410957766057,-0.12421122264530728,0.4509598328421513,0,17,4
loco_external_fire,fire_only,43,J,25%,49,12,True,0.4534176047307019,0.022025714839011223,0.022025714839011223,-0.0031212410957766057,-0.16510594995502642,0.4509598328421513,0,17,12
loco_external_fire,fire_only,43,J,50%,49,24,True,0.45202361293922877,0.013032174336614022,0.013032174336614022,-0.0017272493043034576,-0.15278732936015169,0.450965046385924,17,32,7
loco_external_fire,fire_only,44,terminal,10%,49,4,True,0.2104770471341908,0.024119116831570864,0.024119116831570864,0.002123876788406337,0.08093119326102942,0.2154533714056015,0,32,4
loco_external_fire,fire_only,44,terminal,25%,49,12,True,0.2104770471341908,0.01812782681857547,0.01812782681857547,0.002123876788406337,0.1048739814498434,0.2154533714056015,0,32,12
loco_external_fire,fire_only,44,terminal,50%,49,24,True,0.2104770471341908,0.011350452123830707,0.011350452123830707,0.002123876788406337,0.15762393824878995,0.2154533714056015,0,32,24
loco_external_fire,fire_only,44,J,10%,49,4,True,0.44863820430279394,0.02347033573702595,0.02347033573702595,0.0016581593321313703,0.06598721203032142,0.4504556634773811,0,32,4
loco_external_fire,fire_only,44,J,25%,49,12,True,0.44863820430279394,0.017246314411103247,0.017246314411103247,0.0016581593321313703,0.08771253591361035,0.4504556634773811,0,32,12
loco_external_fire,fire_only,44,J,50%,49,24,True,0.44863820430279394,0.009646765700179194,0.009646765700179194,0.0016581593321313703,0.14667583618575014,0.4504556634773811,0,32,24
loco_external_fire,fire_only,45,terminal,10%,49,4,True,0.21659880964195025,0.030240879339330312,0.030240879339330312,-0.003997885719353111,-0.15234106966782035,0.2147177755832672,0,17,4
loco_external_fire,fire_only,45,terminal,25%,49,12,True,0.2165988096419503,0.024249589326334975,0.024249589326334975,-0.003997885719353167,-0.19740984743500242,0.2147177755832672,0,17,12
loco_external_fire,fire_only,45,terminal,50%,49,24,True,0.2148132955771871,0.015686700566827,0.015686700566827,-0.0022123716545899563,-0.16419160234249117,0.21472591161727905,17,32,7
loco_external_fire,fire_only,45,J,10%,49,4,True,0.4534176047307019,0.028249736164933925,0.028249736164933925,-0.0031212410957766057,-0.12421122264530728,0.4496448407570521,0,17,4
loco_external_fire,fire_only,45,J,25%,49,12,True,0.4534176047307019,0.022025714839011223,0.022025714839011223,-0.0031212410957766057,-0.16510594995502642,0.4496448407570521,0,17,12
loco_external_fire,fire_only,45,J,50%,49,24,True,0.45202361293922877,0.013032174336614022,0.013032174336614022,-0.0017272493043034576,-0.15278732936015169,0.44965823491414386,17,32,7
loco_external_fire,fire_only,46,terminal,10%,49,4,True,0.21659880964195025,0.030240879339330312,0.030240879339330312,-0.003997885719353111,-0.15234106966782035,0.21986252069473267,0,17,4
loco_external_fire,fire_only,46,terminal,25%,49,12,True,0.2165988096419503,0.024249589326334975,0.024249589326334975,-0.003997885719353167,-0.19740984743500242,0.21986252069473267,0,17,12
loco_external_fire,fire_only,46,terminal,50%,49,24,True,0.2148132955771871,0.015686700566827,0.015686700566827,-0.0022123716545899563,-0.16419160234249117,0.21986348927021027,17,32,7
loco_external_fire,fire_only,46,J,10%,49,4,True,0.44863820430279394,0.02347033573702595,0.02347033573702595,0.0016581593321313703,0.06598721203032142,0.45212752434114617,0,32,4
loco_external_fire,fire_only,46,J,25%,49,12,True,0.44863820430279394,0.017246314411103247,0.017246314411103247,0.0016581593321313703,0.08771253591361035,0.45212752434114617,0,32,12
loco_external_fire,fire_only,46,J,50%,49,24,True,0.44863820430279394,0.009646765700179194,0.009646765700179194,0.0016581593321313703,0.14667583618575014,0.45212752434114617,0,32,24
loco_external_fire,global_stats,42,terminal,10%,49,4,True,0.19794156774878502,0.011583637446165085,0.011583637446165085,0.014659356173812116,0.5586007597339366,0.1968735307455063,3,1,1
loco_external_fire,global_stats,42,terminal,25%,49,12,True,0.2023537096877893,0.010004489372173964,0.010004489372173964,0.010247214234807844,0.5059927023262922,0.20011675357818604,11,1,1
loco_external_fire,global_stats,42,terminal,50%,49,24,True,0.20330991223454475,0.004183317224184663,0.004183317224184663,0.00929101168805238,0.6895342802278279,0.20514996349811554,23,1,1
loco_external_fire,global_stats,42,J,10%,49,4,True,0.4393704056429366,0.01420253707716862,0.01420253707716862,0.0109259579919887,0.43480351536846334,0.4369349341839552,3,1,1
loco_external_fire,global_stats,42,J,25%,49,12,True,0.4422772735046843,0.010885383612993627,0.010885383612993627,0.008019090130240991,0.4241900747494121,0.43991661742329596,11,1,1
loco_external_fire,global_stats,42,J,50%,49,24,True,0.4434456736780703,0.004454235075455559,0.004454235075455559,0.006850689956855005,0.605991630840105,0.44403686535855136,23,1,1
loco_external_fire,global_stats,43,terminal,10%,49,4,True,0.19794156774878502,0.011583637446165085,0.011583637446165085,0.014659356173812116,0.5586007597339366,0.20369979739189148,3,1,1
loco_external_fire,global_stats,43,terminal,25%,49,12,True,0.20348293706774712,0.01113371675213179,0.01113371675213179,0.009117986854850019,0.45023307825355385,0.20474228262901306,11,1,1
loco_external_fire,global_stats,43,terminal,50%,49,24,True,0.20428934196631113,0.005162746955951036,0.005162746955951036,0.008311581956286007,0.6168457078955256,0.20748955011367798,23,1,1
loco_external_fire,global_stats,43,J,10%,49,4,True,0.4393704056429366,0.01420253707716862,0.01420253707716862,0.0109259579919887,0.43480351536846334,0.44319236824909847,3,1,1
loco_external_fire,global_stats,43,J,25%,49,12,True,0.4422772735046843,0.010885383612993627,0.010885383612993627,0.008019090130240991,0.4241900747494121,0.44453647298117477,11,1,1
loco_external_fire,global_stats,43,J,50%,49,24,True,0.443281493568793,0.004290054966178236,0.004290054966178236,0.007014870066132328,0.6205145143451332,0.4476351658503214,23,1,1
loco_external_fire,global_stats,44,terminal,10%,49,4,True,0.19794156774878502,0.011583637446165085,0.011583637446165085,0.014659356173812116,0.5586007597339366,0.19856232404708862,3,1,1
loco_external_fire,global_stats,44,terminal,25%,49,12,True,0.20185136049985886,0.00950214018424353,0.00950214018424353,0.010749563422738279,0.5307979827945116,0.20117422938346863,11,1,1
loco_external_fire,global_stats,44,terminal,50%,49,24,True,0.20330991223454475,0.004183317224184663,0.004183317224184663,0.00929101168805238,0.6895342802278279,0.20430149137973785,23,1,1
loco_external_fire,global_stats,44,J,10%,49,4,True,0.4332408826798201,0.00807301411405209,0.00807301411405209,0.01705548095510523,0.6787306962938303,0.43826525285840034,3,1,1
loco_external_fire,global_stats,44,J,25%,49,12,True,0.44106514861600266,0.009673258724311962,0.009673258724311962,0.009231215018922656,0.48830848953022293,0.44035982179145017,11,1,1
loco_external_fire,global_stats,44,J,50%,49,24,True,0.4434456736780703,0.004454235075455559,0.004454235075455559,0.006850689956855005,0.605991630840105,0.4445210412144661,23,1,1
loco_external_fire,global_stats,45,terminal,10%,49,4,True,0.1975894533097744,0.011231523007154465,0.011231523007154465,0.015011470612822736,0.5720182243764832,0.19302435219287872,3,1,1
loco_external_fire,global_stats,45,terminal,25%,49,12,True,0.20083698630332947,0.008487765987714141,0.008487765987714141,0.011763937619267667,0.5808863218406984,0.1961585432291031,11,1,1
loco_external_fire,global_stats,45,terminal,50%,49,24,True,0.20428934196631113,0.005162746955951036,0.005162746955951036,0.008311581956286007,0.6168457078955256,0.2028047740459442,23,1,1
loco_external_fire,global_stats,45,J,10%,49,4,True,0.4393704056429366,0.01420253707716862,0.01420253707716862,0.0109259579919887,0.43480351536846334,0.4372462126115958,3,1,1
loco_external_fire,global_stats,45,J,25%,49,12,True,0.4421115775696105,0.01071968767791981,0.01071968767791981,0.008184786065314809,0.43295498073538885,0.4396855168044567,11,1,1
loco_external_fire,global_stats,45,J,50%,49,24,True,0.443281493568793,0.004290054966178236,0.004290054966178236,0.007014870066132328,0.6205145143451332,0.44377951386074227,23,1,1
loco_external_fire,global_stats,46,terminal,10%,49,4,True,0.1975894533097744,0.011231523007154465,0.011231523007154465,0.015011470612822736,0.5720182243764832,0.19895678758621216,3,1,1
loco_external_fire,global_stats,46,terminal,25%,49,12,True,0.20083698630332947,0.008487765987714141,0.008487765987714141,0.011763937619267667,0.5808863218406984,0.202179953455925,11,1,1
loco_external_fire,global_stats,46,terminal,50%,49,24,True,0.20486700472732386,0.005740409716963768,0.005740409716963768,0.0077339191952732755,0.5739743512012332,0.20597371459007263,23,1,1
loco_external_fire,global_stats,46,J,10%,49,4,True,0.43599770848328867,0.010829839917520678,0.010829839917520678,0.014298655151636641,0.5690215475413325,0.4397660036881765,3,1,1
loco_external_fire,global_stats,46,J,25%,49,12,True,0.44106514861600266,0.009673258724311962,0.009673258724311962,0.009231215018922656,0.48830848953022293,0.44240920009712376,11,1,1
loco_external_fire,global_stats,46,J,50%,49,24,True,0.44403420165181157,0.005042763049196819,0.005042763049196819,0.006262161983113745,0.5539321990385503,0.4461572006344795,23,1,1
loco_bilinear,fire_only,42,terminal,10%,77,7,True,0.13659372180700302,0.004314282110759182,0.004314282110759182,0.2368420257970884,0.982110017572471,0.21321512758731842,6,1,1
loco_bilinear,fire_only,42,terminal,25%,77,19,True,0.2104558376105208,0.0129362548652448,0.0129362548652448,0.16297990999357062,0.9264635238289385,0.2675200402736664,18,1,1
loco_bilinear,fire_only,42,terminal,50%,77,38,True,0.2764998052857424,0.009691564660323282,0.009691564660323282,0.09693594231834901,0.9091082129280037,0.3573359251022339,37,1,1
loco_bilinear,fire_only,42,J,10%,77,7,True,0.4258059804549529,0.006195394641586638,0.006195394641586638,0.1389785841687935,0.9573243449524877,0.4729970894753933,6,1,1
loco_bilinear,fire_only,42,J,25%,77,19,True,0.46358781133108495,0.004295472284419455,0.004295472284419455,0.10119675329266142,0.9592816223098749,0.5185081742703914,18,1,1
loco_bilinear,fire_only,42,J,50%,77,38,True,0.5077717434533201,0.006290196290795191,0.006290196290795191,0.057012821170426276,0.9006335472926156,0.5644185250004132,37,1,1
loco_bilinear,fire_only,43,terminal,10%,77,7,True,0.13659372180700302,0.004314282110759182,0.004314282110759182,0.2368420257970884,0.982110017572471,0.1863182932138443,6,1,1
loco_bilinear,fire_only,43,terminal,25%,77,19,True,0.20542179479410774,0.007902212048831736,0.007902212048831736,0.16801395280998369,0.9550796707330802,0.26501163840293884,18,1,1
loco_bilinear,fire_only,43,terminal,50%,77,38,True,0.2731226586589688,0.006314418033549651,0.006314418033549651,0.10031308894512264,0.9407805901828628,0.36021167039871216,37,1,1
loco_bilinear,fire_only,43,J,10%,77,7,True,0.4243971999113758,0.004786614098009567,0.004786614098009567,0.14038736471237057,0.9670284293560513,0.472754442691803,6,1,1
loco_bilinear,fire_only,43,J,25%,77,19,True,0.4626042615851028,0.0033119225384373174,0.0033119225384373174,0.10218030303864356,0.9686050557724051,0.514608974630634,18,1,1
loco_bilinear,fire_only,43,J,50%,77,38,True,0.5070715206250418,0.005589973462516884,0.005589973462516884,0.05771304399870458,0.9116949920129601,0.5574253045022488,37,1,1
loco_bilinear,fire_only,44,terminal,10%,77,7,True,0.13659372180700302,0.004314282110759182,0.004314282110759182,0.2368420257970884,0.982110017572471,0.2075517177581787,6,1,1
loco_bilinear,fire_only,44,terminal,25%,77,19,True,0.2063208704716281,0.00880128772635208,0.00880128772635208,0.16711487713246334,0.9499688517344855,0.2877994179725647,18,1,1
loco_bilinear,fire_only,44,terminal,50%,77,38,True,0.2801261016804921,0.013317861055072988,0.013317861055072988,0.0933096459235993,0.8750991987673796,0.3612011671066284,37,1,1
loco_bilinear,fire_only,44,J,10%,77,7,True,0.4258059804549529,0.006195394641586638,0.006195394641586638,0.1389785841687935,0.9573243449524877,0.475411968678236,6,1,1
loco_bilinear,fire_only,44,J,25%,77,19,True,0.46358781133108495,0.004295472284419455,0.004295472284419455,0.10119675329266142,0.9592816223098749,0.5210829079151154,18,1,1
loco_bilinear,fire_only,44,J,50%,77,38,True,0.5067863557830844,0.005304808620559487,0.005304808620559487,0.05799820884066198,0.9161997510812319,0.5666493254403273,37,1,1
loco_bilinear,fire_only,45,terminal,10%,77,7,True,0.13227943969624384,0.0,0.0,0.2411563079078476,1.0,0.20992693305015564,6,1,1
loco_bilinear,fire_only,45,terminal,25%,77,19,True,0.20926008216644587,0.011740499421169864,0.011740499421169864,0.16417566543764556,0.9332608266523295,0.2588669955730438,18,1,1
loco_bilinear,fire_only,45,terminal,50%,77,38,True,0.2816790740348791,0.014870833409459938,0.014870833409459938,0.09175667356921235,0.8605347360092137,0.37192076444625854,37,1,1
loco_bilinear,fire_only,45,J,10%,77,7,True,0.4258059804549529,0.006195394641586638,0.006195394641586638,0.1389785841687935,0.9573243449524877,0.46764318471153576,6,1,1
loco_bilinear,fire_only,45,J,25%,77,19,True,0.46288221617343656,0.003589877126771057,0.003589877126771057,0.10190234845030982,0.9659702209605199,0.5196468103677034,18,1,1
loco_bilinear,fire_only,45,J,50%,77,38,True,0.5070715206250418,0.005589973462516884,0.005589973462516884,0.05771304399870458,0.9116949920129601,0.5648366736869017,37,1,1
loco_bilinear,fire_only,46,terminal,10%,77,7,True,0.13659372180700302,0.004314282110759182,0.004314282110759182,0.2368420257970884,0.982110017572471,0.21256062388420105,6,1,1
loco_bilinear,fire_only,46,terminal,25%,77,19,True,0.2062101509225996,0.008690568177323582,0.008690568177323582,0.16722559668149184,0.9505982398814893,0.3120570480823517,18,1,1
loco_bilinear,fire_only,46,terminal,50%,77,38,True,0.2750329585059693,0.00822471788055018,0.00822471788055018,0.09840278909812211,0.9228649518909291,0.40440958738327026,37,1,1
loco_bilinear,fire_only,46,J,10%,77,7,True,0.4243971999113758,0.004786614098009567,0.004786614098009567,0.14038736471237057,0.9670284293560513,0.47949044952789943,6,1,1
loco_bilinear,fire_only,46,J,25%,77,19,True,0.4626042615851028,0.0033119225384373174,0.0033119225384373174,0.10218030303864356,0.9686050557724051,0.5194714655478795,18,1,1
loco_bilinear,fire_only,46,J,50%,77,38,True,0.5036176665784105,0.00213611941588554,0.00213611941588554,0.06116689804533593,0.9662556462305435,0.5656615309417248,37,1,1
loco_bilinear,global_stats,42,terminal,10%,77,7,True,0.13659372180700302,0.004314282110759182,0.004314282110759182,0.2368420257970884,0.982110017572471,0.22752493619918823,6,1,1
loco_bilinear,global_stats,42,terminal,25%,77,19,True,0.2012910360568448,0.0037714533115688065,0.0037714533115688065,0.17214471154724661,0.9785610758704543,0.32013729214668274,18,1,1
loco_bilinear,global_stats,42,terminal,50%,77,38,True,0.2700653505560599,0.003257109930640767,0.003257109930640767,0.10337039704803153,0.9694533800617484,0.40647339820861816,37,1,1
loco_bilinear,global_stats,42,J,10%,77,7,True,0.4243971999113758,0.004786614098009567,0.004786614098009567,0.14038736471237057,0.9670284293560513,0.47546103919545807,6,1,1
loco_bilinear,global_stats,42,J,25%,77,19,True,0.46283168788476464,0.0035393488380991434,0.0035393488380991434,0.10195287673898173,0.9664491973817254,0.5205762535333633,18,1,1
loco_bilinear,global_stats,42,J,50%,77,38,True,0.5062391993851122,0.004757652222587283,0.004757652222587283,0.058545365238634184,0.9248432000022471,0.5685233995318413,37,1,1
loco_bilinear,global_stats,43,terminal,10%,77,7,True,0.14608311546700342,0.013803675770759583,0.013803675770759583,0.227352632137088,0.9427604615010347,0.20506830513477325,6,1,1
loco_bilinear,global_stats,43,terminal,25%,77,19,True,0.20090632101422862,0.0033867382689526104,0.0033867382689526104,0.1725294265898628,0.9807479985044542,0.2806625962257385,18,1,1
loco_bilinear,global_stats,43,terminal,50%,77,38,True,0.27060811829410103,0.0037998776686818947,0.0037998776686818947,0.1028276293099904,0.9643630637501264,0.38586217164993286,37,1,1
loco_bilinear,global_stats,43,J,10%,77,7,True,0.41961058581336624,0.0,0.0,0.14517397881038013,1.0,0.46912236015001935,6,1,1
loco_bilinear,global_stats,43,J,25%,77,19,True,0.46283168788476464,0.0035393488380991434,0.0035393488380991434,0.10195287673898173,0.9664491973817254,0.5139673215647539,18,1,1
loco_bilinear,global_stats,43,J,50%,77,38,True,0.5067481808184663,0.005266633655941377,0.005266633655941377,0.05803638380528009,0.9168028023440171,0.5662842929363251,37,1,1
loco_bilinear,global_stats,44,terminal,10%,77,7,True,0.15131937925304687,0.019039939556803026,0.019039939556803026,0.22211636835104456,0.9210473086025238,0.20559418201446533,6,1,1
loco_bilinear,global_stats,44,terminal,25%,77,19,True,0.20294446262874102,0.005424879883465017,0.005424879883465017,0.1704912849753504,0.9691621296552319,0.289943128824234,18,1,1
loco_bilinear,global_stats,44,terminal,50%,77,38,True,0.27036331652810697,0.003555075902687832,0.003555075902687832,0.10307243107598446,0.9666589231669936,0.3760805130004883,37,1,1
loco_bilinear,global_stats,44,J,10%,77,7,True,0.41961058581336624,0.0,0.0,0.14517397881038013,1.0,0.46957553798953694,6,1,1
loco_bilinear,global_stats,44,J,25%,77,19,True,0.46283168788476464,0.0035393488380991434,0.0035393488380991434,0.10195287673898173,0.9664491973817254,0.5160835161805153,18,1,1
loco_bilinear,global_stats,44,J,50%,77,38,True,0.5018674459912928,0.0003858988287679388,0.0003858988287679388,0.06291711863245353,0.9939039425884503,0.560667076210181,37,1,1
loco_bilinear,global_stats,45,terminal,10%,77,7,True,0.13227943969624384,0.0,0.0,0.2411563079078476,1.0,0.22180058062076569,6,1,1
loco_bilinear,global_stats,45,terminal,25%,77,19,True,0.20233448281099922,0.0048149000657232155,0.0048149000657232155,0.1711012647930922,0.9726295757437214,0.2936803996562958,18,1,1
loco_bilinear,global_stats,45,terminal,50%,77,38,True,0.28290049006280144,0.0160922494373823,0.0160922494373823,0.09053525754128999,0.8490797553711813,0.38759443163871765,37,1,1
loco_bilinear,global_stats,45,J,10%,77,7,True,0.4243971999113758,0.004786614098009567,0.004786614098009567,0.14038736471237057,0.9670284293560513,0.47893212338288627,6,1,1
loco_bilinear,global_stats,45,J,25%,77,19,True,0.46381523763074683,0.004522898584081336,0.004522898584081336,0.10096932699299954,0.9571257639191947,0.5268986004094283,18,1,1
loco_bilinear,global_stats,45,J,50%,77,38,True,0.5062221526593099,0.004740605496785011,0.004740605496785011,0.058562411964436456,0.9251124877311095,0.5733475647866726,37,1,1
loco_bilinear,global_stats,46,terminal,10%,77,7,True,0.14033649968249456,0.008057059986250725,0.008057059986250725,0.23309924792159686,0.9665898849748125,0.21414238214492798,6,1,1
loco_bilinear,global_stats,46,terminal,25%,77,19,True,0.20146881161551727,0.003949228870241267,0.003949228870241267,0.17196693598857415,0.9775505060981133,0.2827899754047394,18,1,1
loco_bilinear,global_stats,46,terminal,50%,77,38,True,0.2775718607008457,0.010763620075426583,0.010763620075426583,0.09586388690324571,0.8990540022887384,0.3927971422672272,37,1,1
loco_bilinear,global_stats,46,J,10%,77,7,True,0.4243971999113758,0.004786614098009567,0.004786614098009567,0.14038736471237057,0.9670284293560513,0.46951805154482523,6,1,1
loco_bilinear,global_stats,46,J,25%,77,19,True,0.46283168788476464,0.0035393488380991434,0.0035393488380991434,0.10195287673898173,0.9664491973817254,0.5219954955081145,18,1,1
loco_bilinear,global_stats,46,J,50%,77,38,True,0.5070715206250418,0.005589973462516884,0.005589973462516884,0.05771304399870458,0.9116949920129601,0.568108906596899,37,1,1
loco_linear,fire_only,42,terminal,10%,125,12,True,0.09426567020515601,0.001545711110035583,0.001545711110035583,0.3172131263365348,0.9951508446874209,0.17713260650634766,11,2,1
loco_linear,fire_only,42,terminal,25%,125,31,True,0.1770537090481247,0.006094263069760075,0.006094263069760075,0.23442508749356614,0.974662067498991,0.24708124995231628,20,23,11
loco_linear,fire_only,42,terminal,50%,125,62,True,0.24078736796188566,0.0024635990606375335,0.0024635990606375335,0.17069142857980518,0.9857722926431383,0.43447932600975037,55,22,7
loco_linear,fire_only,42,J,10%,125,12,True,0.6277602554143716,0.0011906484038464171,0.0011906484038464171,0.1661384659542393,0.9928843918859307,0.6881063098708788,11,2,1
loco_linear,fire_only,42,J,25%,125,31,True,0.6744680969824804,0.0017616583434093558,0.0017616583434093558,0.1194306243861305,0.9854639395864769,0.7294449808696906,20,23,11
loco_linear,fire_only,42,J,50%,125,62,True,0.7107274190065718,0.0008392414302070828,0.0008392414302070828,0.08317130236203918,0.9900102845152093,0.8386330994466941,55,22,7
loco_linear,fire_only,43,terminal,10%,125,12,True,0.09426567020515601,0.001545711110035583,0.001545711110035583,0.3172131263365348,0.9951508446874209,0.17076735198497772,11,2,1
loco_linear,fire_only,43,terminal,25%,125,31,True,0.1770537090481247,0.006094263069760075,0.006094263069760075,0.23442508749356614,0.974662067498991,0.22786441445350647,20,23,11
loco_linear,fire_only,43,terminal,50%,125,62,True,0.24078736796188566,0.0024635990606375335,0.0024635990606375335,0.17069142857980518,0.9857722926431383,0.3867877423763275,55,22,7
loco_linear,fire_only,43,J,10%,125,12,True,0.6277602554143716,0.0011906484038464171,0.0011906484038464171,0.1661384659542393,0.9928843918859307,0.6832443782438834,11,2,1
loco_linear,fire_only,43,J,25%,125,31,True,0.6744680969824804,0.0017616583434093558,0.0017616583434093558,0.1194306243861305,0.9854639395864769,0.7242314902444681,20,23,11
loco_linear,fire_only,43,J,50%,125,62,True,0.7107274190065718,0.0008392414302070828,0.0008392414302070828,0.08317130236203918,0.9900102845152093,0.8184272276858489,55,22,7
loco_linear,fire_only,44,terminal,10%,125,12,True,0.09426567020515601,0.001545711110035583,0.001545711110035583,0.3172131263365348,0.9951508446874209,0.16617606580257416,11,2,1
loco_linear,fire_only,44,terminal,25%,125,31,True,0.1770537090481247,0.006094263069760075,0.006094263069760075,0.23442508749356614,0.974662067498991,0.2289111167192459,20,23,11
loco_linear,fire_only,44,terminal,50%,125,62,True,0.24078736796188566,0.0024635990606375335,0.0024635990606375335,0.17069142857980518,0.9857722926431383,0.39594462513923645,55,22,7
loco_linear,fire_only,44,J,10%,125,12,True,0.6277602554143716,0.0011906484038464171,0.0011906484038464171,0.1661384659542393,0.9928843918859307,0.6845259622981151,11,2,1
loco_linear,fire_only,44,J,25%,125,31,True,0.6744680969824804,0.0017616583434093558,0.0017616583434093558,0.1194306243861305,0.9854639395864769,0.7257225355754297,20,23,11
loco_linear,fire_only,44,J,50%,125,62,True,0.7107274190065718,0.0008392414302070828,0.0008392414302070828,0.08317130236203918,0.9900102845152093,0.8144989045957725,55,22,7
loco_linear,fire_only,45,terminal,10%,125,12,True,0.09426567020515601,0.001545711110035583,0.001545711110035583,0.3172131263365348,0.9951508446874209,0.18039575219154358,11,2,1
loco_linear,fire_only,45,terminal,25%,125,31,True,0.1770537090481247,0.006094263069760075,0.006094263069760075,0.23442508749356614,0.974662067498991,0.22793416678905487,20,23,11
loco_linear,fire_only,45,terminal,50%,125,62,True,0.24078736796188566,0.0024635990606375335,0.0024635990606375335,0.17069142857980518,0.9857722926431383,0.39166074991226196,55,22,7
loco_linear,fire_only,45,J,10%,125,12,True,0.6277602554143716,0.0011906484038464171,0.0011906484038464171,0.1661384659542393,0.9928843918859307,0.6840684875845909,11,2,1
loco_linear,fire_only,45,J,25%,125,31,True,0.6744680969824804,0.0017616583434093558,0.0017616583434093558,0.1194306243861305,0.9854639395864769,0.7265106736371915,20,23,11
loco_linear,fire_only,45,J,50%,125,62,True,0.7107274190065718,0.0008392414302070828,0.0008392414302070828,0.08317130236203918,0.9900102845152093,0.8395507797598839,55,22,7
loco_linear,fire_only,46,terminal,10%,125,12,True,0.09426567020515601,0.001545711110035583,0.001545711110035583,0.3172131263365348,0.9951508446874209,0.19272562861442566,11,2,1
loco_linear,fire_only,46,terminal,25%,125,31,True,0.1770537090481247,0.006094263069760075,0.006094263069760075,0.23442508749356614,0.974662067498991,0.25375470519065857,20,23,11
loco_linear,fire_only,46,terminal,50%,125,62,True,0.24078736796188566,0.0024635990606375335,0.0024635990606375335,0.17069142857980518,0.9857722926431383,0.4322025775909424,55,22,7
loco_linear,fire_only,46,J,10%,125,12,True,0.6277602554143716,0.0011906484038464171,0.0011906484038464171,0.1661384659542393,0.9928843918859307,0.6875219953556856,11,2,1
loco_linear,fire_only,46,J,25%,125,31,True,0.6744680969824804,0.0017616583434093558,0.0017616583434093558,0.1194306243861305,0.9854639395864769,0.7301661503811677,20,23,11
loco_linear,fire_only,46,J,50%,125,62,True,0.7107274190065718,0.0008392414302070828,0.0008392414302070828,0.08317130236203918,0.9900102845152093,0.8353181406855583,55,22,7
loco_linear,global_stats,42,terminal,10%,125,12,True,0.09271995909512043,0.0,0.0,0.3187588374465704,1.0,0.12351518869400024,11,1,1
loco_linear,global_stats,42,terminal,25%,125,31,True,0.1737417061963389,0.002782260217974286,0.002782260217974286,0.23773709034535193,0.9884322811804627,0.2164342701435089,30,1,1
loco_linear,global_stats,42,terminal,50%,125,62,True,0.23995983804906568,0.0016360691478175537,0.0016360691478175537,0.17151895849262516,0.9905514199032392,0.3789072632789612,61,1,1
loco_linear,global_stats,42,J,10%,125,12,True,0.6265696070105251,-1.1102230246251565e-16,0.0,0.16732911435808584,1.0000000000000007,0.6686165963610013,11,1,1
loco_linear,global_stats,42,J,25%,125,31,True,0.6735098373325121,0.0008033986934410375,0.0008033986934410375,0.12038888403609882,0.9933708758070516,0.7192738072325786,30,1,1
loco_linear,global_stats,42,J,50%,125,62,True,0.7105831977410584,0.0006950201646936938,0.0006950201646936938,0.08331552362755257,0.9917269888597264,0.8059763977924983,61,1,1
loco_linear,global_stats,43,terminal,10%,125,12,True,0.09271995909512043,0.0,0.0,0.3187588374465704,1.0,0.19192680716514587,11,1,1
loco_linear,global_stats,43,terminal,25%,125,31,True,0.17329309424085002,0.0023336482624853883,0.0023336482624853883,0.23818570230084082,0.9902974614848257,0.27152392268180847,30,1,1
loco_linear,global_stats,43,terminal,50%,125,62,True,0.23965966521251586,0.0013358963112677369,0.0013358963112677369,0.17181913132917498,0.9922849695473946,0.4086384177207947,61,1,1
loco_linear,global_stats,43,J,10%,125,12,True,0.6265696070105251,-1.1102230246251565e-16,0.0,0.16732911435808584,1.0000000000000007,0.6821884704132875,11,1,1
loco_linear,global_stats,43,J,25%,125,31,True,0.6737667596768788,0.0010603210378077321,0.0010603210378077321,0.12013196169173213,0.9912509194981168,0.7324848266939322,30,1,1
loco_linear,global_stats,43,J,50%,125,62,True,0.7105831977410584,0.0006950201646936938,0.0006950201646936938,0.08331552362755257,0.9917269888597264,0.8255429501334827,61,1,1
loco_linear,global_stats,44,terminal,10%,125,12,True,0.09271995909512043,0.0,0.0,0.3187588374465704,1.0,0.16795824468135834,11,1,1
loco_linear,global_stats,44,terminal,25%,125,31,True,0.17442970722913742,0.0034702612507727937,0.0034702612507727937,0.23704908931255342,0.9855718001788837,0.26618432998657227,30,1,1
loco_linear,global_stats,44,terminal,50%,125,62,True,0.23973597405898955,0.0014122051577414307,0.0014122051577414307,0.17174282248270129,0.9918442728635412,0.4024234712123871,61,1,1
loco_linear,global_stats,44,J,10%,125,12,True,0.6265696070105251,-1.1102230246251565e-16,0.0,0.16732911435808584,1.0000000000000007,0.6778777344773214,11,1,1
loco_linear,global_stats,44,J,25%,125,31,True,0.6735098373325121,0.0008033986934410375,0.0008033986934410375,0.12038888403609882,0.9933708758070516,0.7307030434409777,30,1,1
loco_linear,global_stats,44,J,50%,125,62,True,0.7105831977410584,0.0006950201646936938,0.0006950201646936938,0.08331552362755257,0.9917269888597264,0.8192567350963752,61,1,1
loco_linear,global_stats,45,terminal,10%,125,12,True,0.09271995909512043,0.0,0.0,0.3187588374465704,1.0,0.18949975073337555,11,1,1
loco_linear,global_stats,45,terminal,25%,125,31,True,0.1737417061963389,0.002782260217974286,0.002782260217974286,0.23773709034535193,0.9884322811804627,0.27256539463996887,30,1,1
loco_linear,global_stats,45,terminal,50%,125,62,True,0.23995983804906568,0.0016360691478175537,0.0016360691478175537,0.17151895849262516,0.9905514199032392,0.4056966006755829,61,1,1
loco_linear,global_stats,45,J,10%,125,12,True,0.6265696070105251,-1.1102230246251565e-16,0.0,0.16732911435808584,1.0000000000000007,0.6828517969697714,11,1,1
loco_linear,global_stats,45,J,25%,125,31,True,0.6735098373325121,0.0008033986934410375,0.0008033986934410375,0.12038888403609882,0.9933708758070516,0.7357153447965781,30,1,1
loco_linear,global_stats,45,J,50%,125,62,True,0.7105831977410584,0.0006950201646936938,0.0006950201646936938,0.08331552362755257,0.9917269888597264,0.8204479170342286,61,1,1
loco_linear,global_stats,46,terminal,10%,125,12,True,0.09271995909512043,0.0,0.0,0.3187588374465704,1.0,0.16153141856193542,11,1,1
loco_linear,global_stats,46,terminal,25%,125,31,True,0.17442970722913742,0.0034702612507727937,0.0034702612507727937,0.23704908931255342,0.9855718001788837,0.25086572766304016,30,1,1
loco_linear,global_stats,46,terminal,50%,125,62,True,0.23944445831641073,0.0011206894151626068,0.0011206894151626068,0.1720343382252801,0.9935278263043582,0.39150798320770264,61,1,1
loco_linear,global_stats,46,J,10%,125,12,True,0.6265696070105251,-1.1102230246251565e-16,0.0,0.16732911435808584,1.0000000000000007,0.6818247534334659,11,1,1
loco_linear,global_stats,46,J,25%,125,31,True,0.6737667596768788,0.0010603210378077321,0.0010603210378077321,0.12013196169173213,0.9912509194981168,0.7289123855531215,30,1,1
loco_linear,global_stats,46,J,50%,125,62,True,0.7105831977410584,0.0006950201646936938,0.0006950201646936938,0.08331552362755257,0.9917269888597264,0.8160360885163148,61,1,1
loco_smoldering,fire_only,42,terminal,10%,97,9,True,0.978051073021359,0.029929141203562493,0.029929141203562493,0.01687330082656313,0.3605218038772889,0.7050522565841675,8,1,1
loco_smoldering,fire_only,42,terminal,25%,97,24,True,0.9794860109686852,0.0,0.0,0.015438362879236944,1.0,0.8109868764877319,22,2,2
loco_smoldering,fire_only,42,terminal,50%,97,48,True,0.9897430054843426,0.0,0.0,0.005181368363579519,1.0,0.9876185655593872,47,1,1
loco_smoldering,fire_only,42,J,10%,97,9,True,0.997248185288023,0.00013209079150788838,0.00013209079150788838,0.0024806458231327877,0.9494435103914772,0.9639784251650174,8,1,1
loco_smoldering,fire_only,42,J,25%,97,24,True,0.9989040257409215,0.0,0.0,0.0008248053702342162,1.0,0.9898204430937767,22,2,2
loco_smoldering,fire_only,42,J,50%,97,48,True,0.9994520128704608,0.0,0.0,0.00027681824069492045,1.0,0.9960214585065842,47,1,1
loco_smoldering,fire_only,43,terminal,10%,97,9,True,0.9481219318177965,0.0,0.0,0.046802442030125624,1.0,0.9141132831573486,7,2,2
loco_smoldering,fire_only,43,terminal,25%,97,24,True,0.9794860109686852,0.0,0.0,0.015438362879236944,1.0,0.9756588935852051,22,2,2
loco_smoldering,fire_only,43,terminal,50%,97,48,True,0.9897430054843426,0.0,0.0,0.005181368363579519,1.0,0.9834161996841431,47,1,1
loco_smoldering,fire_only,43,J,10%,97,9,True,0.9971160944965151,0.0,0.0,0.002612736614640676,1.0,0.9910001610716184,7,2,2
loco_smoldering,fire_only,43,J,25%,97,24,True,0.9989040257409215,0.0,0.0,0.0008248053702342162,1.0,0.994080214202404,23,2,1
loco_smoldering,fire_only,43,J,50%,97,48,True,0.9994520128704608,0.0,0.0,0.00027681824069492045,1.0,0.9948133180538813,47,2,1
loco_smoldering,fire_only,44,terminal,10%,97,9,True,0.9481219318177965,0.0,0.0,0.046802442030125624,1.0,0.796431839466095,7,2,2
loco_smoldering,fire_only,44,terminal,25%,97,24,True,0.9794860109686852,0.0,0.0,0.015438362879236944,1.0,0.9796180129051208,23,1,1
loco_smoldering,fire_only,44,terminal,50%,97,48,True,0.9897430054843426,0.0,0.0,0.005181368363579519,1.0,0.9897281527519226,47,1,1
loco_smoldering,fire_only,44,J,10%,97,9,True,0.9971160944965151,0.0,0.0,0.002612736614640676,1.0,0.9834896296262741,7,2,2
loco_smoldering,fire_only,44,J,25%,97,24,True,0.9989040257409215,0.0,0.0,0.0008248053702342162,1.0,0.9942375441392263,23,1,1
loco_smoldering,fire_only,44,J,50%,97,48,True,0.9994520128704608,0.0,0.0,0.00027681824069492045,1.0,0.9951435660322507,47,1,1
loco_smoldering,fire_only,45,terminal,10%,97,9,True,0.9509926835695902,0.002870751751793743,0.002870751751793743,0.04393169027833188,0.9386623512092401,0.7088305354118347,8,1,1
loco_smoldering,fire_only,45,terminal,25%,97,24,True,0.9794860109686852,0.0,0.0,0.015438362879236944,1.0,0.9748401641845703,23,1,1
loco_smoldering,fire_only,45,terminal,50%,97,48,True,0.9897430054843426,0.0,0.0,0.005181368363579519,1.0,0.9901588559150696,47,1,1
loco_smoldering,fire_only,45,J,10%,97,9,True,0.9971160944965151,0.0,0.0,0.002612736614640676,1.0,0.9751480862498283,8,1,1
loco_smoldering,fire_only,45,J,25%,97,24,True,0.9989040257409215,0.0,0.0,0.0008248053702342162,1.0,0.9947193523248037,23,1,1
loco_smoldering,fire_only,45,J,50%,97,48,True,0.9994520128704608,0.0,0.0,0.00027681824069492045,1.0,0.9958743954698245,47,1,1
loco_smoldering,fire_only,46,terminal,10%,97,9,True,0.9481219318177965,0.0,0.0,0.046802442030125624,1.0,0.773014485836029,7,2,2
loco_smoldering,fire_only,46,terminal,25%,97,24,True,0.9794860109686852,0.0,0.0,0.015438362879236944,1.0,0.9820330739021301,23,1,1
loco_smoldering,fire_only,46,terminal,50%,97,48,True,0.9897430054843426,0.0,0.0,0.005181368363579519,1.0,0.9881523251533508,47,1,1
loco_smoldering,fire_only,46,J,10%,97,9,True,0.9971160944965151,0.0,0.0,0.002612736614640676,1.0,0.987074626982212,7,2,2
loco_smoldering,fire_only,46,J,25%,97,24,True,0.9989040257409215,0.0,0.0,0.0008248053702342162,1.0,0.9946675543983777,23,1,1
loco_smoldering,fire_only,46,J,50%,97,48,True,0.9994520128704608,0.0,0.0,0.00027681824069492045,1.0,0.9954822724064191,47,1,1
loco_smoldering,global_stats,42,terminal,10%,97,9,True,0.9772621260748969,0.02914019425710046,0.02914019425710046,0.017662247773025164,0.3773787650152185,0.724997341632843,8,1,1
loco_smoldering,global_stats,42,terminal,25%,97,24,True,0.9794860109686852,0.0,0.0,0.015438362879236944,1.0,0.916721761226654,23,1,1
loco_smoldering,global_stats,42,terminal,50%,97,48,True,0.9897430054843426,0.0,0.0,0.005181368363579519,1.0,0.9359036087989807,47,1,1
loco_smoldering,global_stats,42,J,10%,97,9,True,0.9972638857033517,0.00014779120683661162,0.00014779120683661162,0.0024649454078040645,0.9434343262889754,0.9699082270264625,8,1,1
loco_smoldering,global_stats,42,J,25%,97,24,True,0.9989040257409215,0.0,0.0,0.0008248053702342162,1.0,0.9842339659730593,23,1,1
loco_smoldering,global_stats,42,J,50%,97,48,True,0.9994520128704608,0.0,0.0,0.00027681824069492045,1.0,0.987440170844396,47,1,1
loco_smoldering,global_stats,43,terminal,10%,97,9,True,0.9818945791986253,0.03377264738082886,0.03377264738082886,0.013029794649296766,0.27839988864063536,0.723724901676178,8,1,1
loco_smoldering,global_stats,43,terminal,25%,97,24,True,0.9794860109686852,0.0,0.0,0.015438362879236944,1.0,0.9744746088981628,23,1,1
loco_smoldering,global_stats,43,terminal,50%,97,48,True,0.9897430054843426,0.0,0.0,0.005181368363579519,1.0,0.9860034584999084,47,1,1
loco_smoldering,global_stats,43,J,10%,97,9,True,0.9971160944965151,0.0,0.0,0.002612736614640676,1.0,0.9696723714470863,8,1,1
loco_smoldering,global_stats,43,J,25%,97,24,True,0.9989040257409214,-1.1102230246251565e-16,0.0,0.0008248053702343272,1.0000000000001346,0.993120617667834,23,1,1
loco_smoldering,global_stats,43,J,50%,97,48,True,0.9994520128704608,0.0,0.0,0.00027681824069492045,1.0,0.9942574724555016,47,1,1
loco_smoldering,global_stats,44,terminal,10%,97,9,True,0.9481219318177965,0.0,0.0,0.046802442030125624,1.0,0.7632972598075867,8,1,1
loco_smoldering,global_stats,44,terminal,25%,97,24,True,0.9794860109686852,0.0,0.0,0.015438362879236944,1.0,0.970735490322113,23,1,1
loco_smoldering,global_stats,44,terminal,50%,97,48,True,0.9897430054843426,0.0,0.0,0.005181368363579519,1.0,0.987031877040863,47,1,1
loco_smoldering,global_stats,44,J,10%,97,9,True,0.9971160944965151,0.0,0.0,0.002612736614640676,1.0,0.9764984413981438,8,1,1
loco_smoldering,global_stats,44,J,25%,97,24,True,0.9989040257409215,0.0,0.0,0.0008248053702342162,1.0,0.9926943977673849,23,1,1
loco_smoldering,global_stats,44,J,50%,97,48,True,0.9994520128704608,0.0,0.0,0.00027681824069492045,1.0,0.994496509929498,47,1,1
loco_smoldering,global_stats,45,terminal,10%,97,9,True,0.9549823535813226,0.006860421763526081,0.006860421763526081,0.03994202026659954,0.8534174400748108,0.7202296257019043,8,1,1
loco_smoldering,global_stats,45,terminal,25%,97,24,True,0.9794860109686852,0.0,0.0,0.015438362879236944,1.0,0.9358809590339661,23,1,1
loco_smoldering,global_stats,45,terminal,50%,97,48,True,0.9897430054843426,0.0,0.0,0.005181368363579519,1.0,0.9755113124847412,47,1,1
loco_smoldering,global_stats,45,J,10%,97,9,True,0.9971160944965151,0.0,0.0,0.002612736614640676,1.0,0.9623873775204023,8,1,1
loco_smoldering,global_stats,45,J,25%,97,24,True,0.9989040257409215,0.0,0.0,0.0008248053702342162,1.0,0.9896648854017258,23,1,1
loco_smoldering,global_stats,45,J,50%,97,48,True,0.9994520128704608,0.0,0.0,0.00027681824069492045,1.0,0.9927589943011602,47,1,1
loco_smoldering,global_stats,46,terminal,10%,97,9,True,0.978051073021359,0.029929141203562493,0.029929141203562493,0.01687330082656313,0.3605218038772889,0.7057840824127197,8,1,1
loco_smoldering,global_stats,46,terminal,25%,97,24,True,0.9794860109686852,0.0,0.0,0.015438362879236944,1.0,0.9616633653640747,23,1,1
loco_smoldering,global_stats,46,terminal,50%,97,48,True,0.9897430054843426,0.0,0.0,0.005181368363579519,1.0,0.9899656772613525,47,1,1
loco_smoldering,global_stats,46,J,10%,97,9,True,0.9971160944965151,0.0,0.0,0.002612736614640676,1.0,0.9683178787430128,8,1,1
loco_smoldering,global_stats,46,J,25%,97,24,True,0.9989040257409215,0.0,0.0,0.0008248053702342162,1.0,0.9938412641485532,23,1,1
loco_smoldering,global_stats,46,J,50%,97,48,True,0.9994520128704608,0.0,0.0,0.00027681824069492045,1.0,0.9956478878855706,47,1,1
