protocol,model,seed,test_geometries,threshold,reference_events,reference_censored,predicted_events,predicted_censored,true_positive,false_negative,false_positive,true_negative,recall,false_positive_rate,balanced_accuracy,both_event_count,both_event_population_fraction,both_event_reference_event_fraction,conditional_timing_MAE_s,conditional_timing_median_abs_s,conditional_timing_bias_s,optimistic_late_or_missed_count,recross_above_threshold_count,recross_fraction_all_cases,recross_fraction_predicted_event_cases
iid997,fire_only,42,160,0.8,144,16,144,16,144,0,0,16,1.0,0.0,1.0,144,0.9,1.0,11.25,0.0,-9.583333333333334,2,0,0.0,0.0
iid997,fire_only,42,160,0.6,141,19,141,19,141,0,0,19,1.0,0.0,1.0,141,0.88125,1.0,54.46808510638298,60.0,-7.659574468085107,42,0,0.0,0.0
iid997,fire_only,43,160,0.8,144,16,144,16,144,0,0,16,1.0,0.0,1.0,144,0.9,1.0,11.666666666666666,0.0,-9.166666666666666,3,0,0.0,0.0
iid997,fire_only,43,160,0.6,141,19,141,19,141,0,0,19,1.0,0.0,1.0,141,0.88125,1.0,54.46808510638298,60.0,-5.957446808510638,43,0,0.0,0.0
iid997,fire_only,44,160,0.8,144,16,144,16,144,0,0,16,1.0,0.0,1.0,144,0.9,1.0,11.25,0.0,-9.583333333333334,2,0,0.0,0.0
iid997,fire_only,44,160,0.6,141,19,141,19,141,0,0,19,1.0,0.0,1.0,141,0.88125,1.0,55.744680851063826,60.0,-8.085106382978724,42,0,0.0,0.0
iid997,fire_only,45,160,0.8,144,16,144,16,144,0,0,16,1.0,0.0,1.0,144,0.9,1.0,12.083333333333334,0.0,-7.916666666666667,5,0,0.0,0.0
iid997,fire_only,45,160,0.6,141,19,141,19,141,0,0,19,1.0,0.0,1.0,141,0.88125,1.0,52.765957446808514,60.0,-5.1063829787234045,43,0,0.0,0.0
iid997,fire_only,46,160,0.8,144,16,144,16,144,0,0,16,1.0,0.0,1.0,144,0.9,1.0,12.083333333333334,0.0,-7.916666666666667,5,0,0.0,0.0
iid997,fire_only,46,160,0.6,141,19,141,19,141,0,0,19,1.0,0.0,1.0,141,0.88125,1.0,52.765957446808514,60.0,-0.851063829787234,45,0,0.0,0.0
iid997,global_stats,42,160,0.8,144,16,144,16,144,0,0,16,1.0,0.0,1.0,144,0.9,1.0,10.833333333333334,0.0,-2.5,10,0,0.0,0.0
iid997,global_stats,42,160,0.6,141,19,141,19,141,0,0,19,1.0,0.0,1.0,141,0.88125,1.0,32.765957446808514,0.0,-5.531914893617022,27,0,0.0,0.0
iid997,global_stats,43,160,0.8,144,16,144,16,144,0,0,16,1.0,0.0,1.0,144,0.9,1.0,10.416666666666666,0.0,-2.9166666666666665,9,0,0.0,0.0
iid997,global_stats,43,160,0.6,141,19,141,19,141,0,0,19,1.0,0.0,1.0,141,0.88125,1.0,31.914893617021278,0.0,-7.23404255319149,24,0,0.0,0.0
iid997,global_stats,44,160,0.8,144,16,144,16,144,0,0,16,1.0,0.0,1.0,144,0.9,1.0,10.416666666666666,0.0,-2.9166666666666665,9,0,0.0,0.0
iid997,global_stats,44,160,0.6,141,19,141,19,141,0,0,19,1.0,0.0,1.0,141,0.88125,1.0,30.638297872340427,0.0,-2.5531914893617023,29,0,0.0,0.0
iid997,global_stats,45,160,0.8,144,16,144,16,144,0,0,16,1.0,0.0,1.0,144,0.9,1.0,10.416666666666666,0.0,-2.9166666666666665,9,0,0.0,0.0
iid997,global_stats,45,160,0.6,141,19,141,19,141,0,0,19,1.0,0.0,1.0,141,0.88125,1.0,31.48936170212766,0.0,-5.1063829787234045,26,0,0.0,0.0
iid997,global_stats,46,160,0.8,144,16,144,16,144,0,0,16,1.0,0.0,1.0,144,0.9,1.0,10.416666666666666,0.0,-2.9166666666666665,9,0,0.0,0.0
iid997,global_stats,46,160,0.6,141,19,141,19,141,0,0,19,1.0,0.0,1.0,141,0.88125,1.0,31.48936170212766,0.0,-3.404255319148936,28,0,0.0,0.0
iid997,deepsets,42,160,0.8,144,16,144,16,144,0,0,16,1.0,0.0,1.0,144,0.9,1.0,12.083333333333334,0.0,-3.75,10,0,0.0,0.0
iid997,deepsets,42,160,0.6,141,19,141,19,141,0,0,19,1.0,0.0,1.0,141,0.88125,1.0,27.23404255319149,0.0,-6.808510638297872,22,0,0.0,0.0
iid997,deepsets,43,160,0.8,144,16,144,16,144,0,0,16,1.0,0.0,1.0,144,0.9,1.0,10.833333333333334,0.0,-3.3333333333333335,9,0,0.0,0.0
iid997,deepsets,43,160,0.6,141,19,141,19,141,0,0,19,1.0,0.0,1.0,141,0.88125,1.0,27.23404255319149,0.0,-4.25531914893617,26,0,0.0,0.0
iid997,deepsets,44,160,0.8,144,16,144,16,144,0,0,16,1.0,0.0,1.0,144,0.9,1.0,12.5,0.0,-1.6666666666666667,13,0,0.0,0.0
iid997,deepsets,44,160,0.6,141,19,141,19,141,0,0,19,1.0,0.0,1.0,141,0.88125,1.0,28.51063829787234,0.0,-1.2765957446808511,30,0,0.0,0.0
iid997,deepsets,45,160,0.8,144,16,144,16,144,0,0,16,1.0,0.0,1.0,144,0.9,1.0,11.666666666666666,0.0,-2.5,11,0,0.0,0.0
iid997,deepsets,45,160,0.6,141,19,141,19,141,0,0,19,1.0,0.0,1.0,141,0.88125,1.0,25.106382978723403,0.0,1.2765957446808511,29,0,0.0,0.0
iid997,deepsets,46,160,0.8,144,16,144,16,144,0,0,16,1.0,0.0,1.0,144,0.9,1.0,12.083333333333334,0.0,-3.75,10,0,0.0,0.0
iid997,deepsets,46,160,0.6,141,19,141,19,141,0,0,19,1.0,0.0,1.0,141,0.88125,1.0,28.93617021276596,0.0,-5.1063829787234045,27,1,0.00625,0.0070921985815602835
iid997,capacity_matched_deepsets,42,160,0.8,144,16,144,16,144,0,0,16,1.0,0.0,1.0,144,0.9,1.0,10.416666666666666,0.0,-3.75,8,0,0.0,0.0
iid997,capacity_matched_deepsets,42,160,0.6,141,19,141,19,141,0,0,19,1.0,0.0,1.0,141,0.88125,1.0,28.51063829787234,0.0,-5.531914893617022,26,0,0.0,0.0
iid997,capacity_matched_deepsets,43,160,0.8,144,16,144,16,144,0,0,16,1.0,0.0,1.0,144,0.9,1.0,11.666666666666666,0.0,-2.5,11,0,0.0,0.0
iid997,capacity_matched_deepsets,43,160,0.6,141,19,141,19,141,0,0,19,1.0,0.0,1.0,141,0.88125,1.0,26.80851063829787,0.0,-4.680851063829787,23,0,0.0,0.0
iid997,capacity_matched_deepsets,44,160,0.8,144,16,144,16,144,0,0,16,1.0,0.0,1.0,144,0.9,1.0,10.833333333333334,0.0,-4.166666666666667,8,0,0.0,0.0
iid997,capacity_matched_deepsets,44,160,0.6,141,19,141,19,141,0,0,19,1.0,0.0,1.0,141,0.88125,1.0,25.106382978723403,0.0,-0.425531914893617,27,0,0.0,0.0
iid997,capacity_matched_deepsets,45,160,0.8,144,16,144,16,144,0,0,16,1.0,0.0,1.0,144,0.9,1.0,13.333333333333334,0.0,-1.6666666666666667,14,0,0.0,0.0
iid997,capacity_matched_deepsets,45,160,0.6,141,19,141,19,141,0,0,19,1.0,0.0,1.0,141,0.88125,1.0,29.361702127659573,0.0,-1.2765957446808511,31,0,0.0,0.0
iid997,capacity_matched_deepsets,46,160,0.8,144,16,144,16,144,0,0,16,1.0,0.0,1.0,144,0.9,1.0,13.75,0.0,0.4166666666666667,17,0,0.0,0.0
iid997,capacity_matched_deepsets,46,160,0.6,141,19,141,19,141,0,0,19,1.0,0.0,1.0,141,0.88125,1.0,26.80851063829787,0.0,-4.680851063829787,25,0,0.0,0.0
iid997,gnn,42,160,0.8,144,16,144,16,144,0,0,16,1.0,0.0,1.0,144,0.9,1.0,12.083333333333334,0.0,-2.0833333333333335,12,0,0.0,0.0
iid997,gnn,42,160,0.6,141,19,141,19,141,0,0,19,1.0,0.0,1.0,141,0.88125,1.0,24.680851063829788,0.0,-9.361702127659575,17,0,0.0,0.0
iid997,gnn,43,160,0.8,144,16,144,16,144,0,0,16,1.0,0.0,1.0,144,0.9,1.0,14.166666666666666,0.0,-1.6666666666666667,15,0,0.0,0.0
iid997,gnn,43,160,0.6,141,19,141,19,141,0,0,19,1.0,0.0,1.0,141,0.88125,1.0,26.382978723404257,0.0,0.0,29,0,0.0,0.0
iid997,gnn,44,160,0.8,144,16,144,16,144,0,0,16,1.0,0.0,1.0,144,0.9,1.0,13.333333333333334,0.0,-2.5,13,0,0.0,0.0
iid997,gnn,44,160,0.6,141,19,141,19,141,0,0,19,1.0,0.0,1.0,141,0.88125,1.0,25.53191489361702,0.0,1.702127659574468,30,0,0.0,0.0
iid997,gnn,45,160,0.8,144,16,144,16,144,0,0,16,1.0,0.0,1.0,144,0.9,1.0,12.083333333333334,0.0,-3.75,10,0,0.0,0.0
iid997,gnn,45,160,0.6,141,19,141,19,141,0,0,19,1.0,0.0,1.0,141,0.88125,1.0,32.340425531914896,0.0,-20.425531914893618,13,1,0.00625,0.0070921985815602835
iid997,gnn,46,160,0.8,144,16,144,16,144,0,0,16,1.0,0.0,1.0,144,0.9,1.0,14.583333333333334,0.0,-2.0833333333333335,15,0,0.0,0.0
iid997,gnn,46,160,0.6,141,19,141,19,141,0,0,19,1.0,0.0,1.0,141,0.88125,1.0,26.80851063829787,0.0,0.425531914893617,30,0,0.0,0.0
iid997,gnn_zero_edge_features,42,160,0.8,144,16,144,16,144,0,0,16,1.0,0.0,1.0,144,0.9,1.0,11.666666666666666,0.0,-1.6666666666666667,12,0,0.0,0.0
iid997,gnn_zero_edge_features,42,160,0.6,141,19,141,19,141,0,0,19,1.0,0.0,1.0,141,0.88125,1.0,27.23404255319149,0.0,-0.851063829787234,29,1,0.00625,0.0070921985815602835
iid997,gnn_zero_edge_features,43,160,0.8,144,16,144,16,144,0,0,16,1.0,0.0,1.0,144,0.9,1.0,12.916666666666666,0.0,-2.9166666666666665,12,0,0.0,0.0
iid997,gnn_zero_edge_features,43,160,0.6,141,19,141,19,141,0,0,19,1.0,0.0,1.0,141,0.88125,1.0,27.23404255319149,0.0,-0.851063829787234,28,0,0.0,0.0
iid997,gnn_zero_edge_features,44,160,0.8,144,16,144,16,144,0,0,16,1.0,0.0,1.0,144,0.9,1.0,11.666666666666666,0.0,-2.5,11,0,0.0,0.0
iid997,gnn_zero_edge_features,44,160,0.6,141,19,141,19,141,0,0,19,1.0,0.0,1.0,141,0.88125,1.0,23.404255319148938,0.0,0.425531914893617,26,0,0.0,0.0
iid997,gnn_zero_edge_features,45,160,0.8,144,16,144,16,144,0,0,16,1.0,0.0,1.0,144,0.9,1.0,11.25,0.0,-2.9166666666666665,10,0,0.0,0.0
iid997,gnn_zero_edge_features,45,160,0.6,141,19,141,19,141,0,0,19,1.0,0.0,1.0,141,0.88125,1.0,25.95744680851064,0.0,-2.127659574468085,26,0,0.0,0.0
iid997,gnn_zero_edge_features,46,160,0.8,144,16,144,16,144,0,0,16,1.0,0.0,1.0,144,0.9,1.0,11.666666666666666,0.0,-2.5,11,0,0.0,0.0
iid997,gnn_zero_edge_features,46,160,0.6,141,19,141,19,141,0,0,19,1.0,0.0,1.0,141,0.88125,1.0,25.53191489361702,0.0,-1.702127659574468,26,0,0.0,0.0
iid997,gnn_mean,42,160,0.8,144,16,144,16,144,0,0,16,1.0,0.0,1.0,144,0.9,1.0,13.333333333333334,0.0,-1.6666666666666667,14,0,0.0,0.0
iid997,gnn_mean,42,160,0.6,141,19,141,19,141,0,0,19,1.0,0.0,1.0,141,0.88125,1.0,29.361702127659573,0.0,-3.8297872340425534,28,0,0.0,0.0
iid997,gnn_mean,43,160,0.8,144,16,144,16,144,0,0,16,1.0,0.0,1.0,144,0.9,1.0,12.5,0.0,-5.0,9,0,0.0,0.0
iid997,gnn_mean,43,160,0.6,141,19,141,19,141,0,0,19,1.0,0.0,1.0,141,0.88125,1.0,26.80851063829787,0.0,-4.680851063829787,25,0,0.0,0.0
iid997,gnn_mean,44,160,0.8,144,16,144,16,144,0,0,16,1.0,0.0,1.0,144,0.9,1.0,12.5,0.0,-4.166666666666667,10,0,0.0,0.0
iid997,gnn_mean,44,160,0.6,141,19,141,19,141,0,0,19,1.0,0.0,1.0,141,0.88125,1.0,23.829787234042552,0.0,0.0,27,0,0.0,0.0
iid997,gnn_mean,45,160,0.8,144,16,144,16,144,0,0,16,1.0,0.0,1.0,144,0.9,1.0,12.5,0.0,-4.166666666666667,10,0,0.0,0.0
iid997,gnn_mean,45,160,0.6,141,19,141,19,141,0,0,19,1.0,0.0,1.0,141,0.88125,1.0,26.382978723404257,0.0,-4.25531914893617,25,0,0.0,0.0
iid997,gnn_mean,46,160,0.8,144,16,144,16,144,0,0,16,1.0,0.0,1.0,144,0.9,1.0,13.75,0.0,-2.0833333333333335,14,0,0.0,0.0
iid997,gnn_mean,46,160,0.6,141,19,141,19,141,0,0,19,1.0,0.0,1.0,141,0.88125,1.0,25.106382978723403,0.0,-9.787234042553191,17,0,0.0,0.0
lcro_9_15,fire_only,42,264,0.8,226,38,226,38,226,0,0,38,1.0,0.0,1.0,226,0.8560606060606061,1.0,32.123893805309734,60.0,-27.345132743362832,8,2,0.007575757575757576,0.008849557522123894
lcro_9_15,fire_only,42,264,0.6,219,45,216,48,216,3,0,45,0.9863013698630136,0.0,0.9931506849315068,216,0.8181818181818182,0.9863013698630136,97.5,60.0,97.5,190,4,0.015151515151515152,0.018518518518518517
lcro_9_15,fire_only,43,264,0.8,226,38,226,38,226,0,0,38,1.0,0.0,1.0,226,0.8560606060606061,1.0,30.79646017699115,60.0,-29.734513274336283,2,1,0.003787878787878788,0.004424778761061947
lcro_9_15,fire_only,43,264,0.6,219,45,216,48,216,3,0,45,0.9863013698630136,0.0,0.9931506849315068,216,0.8181818181818182,0.9863013698630136,93.05555555555556,60.0,93.05555555555556,188,2,0.007575757575757576,0.009259259259259259
lcro_9_15,fire_only,44,264,0.8,226,38,226,38,226,0,0,38,1.0,0.0,1.0,226,0.8560606060606061,1.0,32.123893805309734,60.0,-28.4070796460177,7,1,0.003787878787878788,0.004424778761061947
lcro_9_15,fire_only,44,264,0.6,219,45,216,48,216,3,0,45,0.9863013698630136,0.0,0.9931506849315068,216,0.8181818181818182,0.9863013698630136,96.11111111111111,60.0,96.11111111111111,192,3,0.011363636363636364,0.013888888888888888
lcro_9_15,fire_only,45,264,0.8,226,38,226,38,226,0,0,38,1.0,0.0,1.0,226,0.8560606060606061,1.0,32.123893805309734,60.0,-28.4070796460177,7,2,0.007575757575757576,0.008849557522123894
lcro_9_15,fire_only,45,264,0.6,219,45,216,48,216,3,0,45,0.9863013698630136,0.0,0.9931506849315068,216,0.8181818181818182,0.9863013698630136,98.05555555555556,60.0,98.05555555555556,191,4,0.015151515151515152,0.018518518518518517
lcro_9_15,fire_only,46,264,0.8,226,38,226,38,226,0,0,38,1.0,0.0,1.0,226,0.8560606060606061,1.0,32.123893805309734,60.0,-28.4070796460177,7,0,0.0,0.0
lcro_9_15,fire_only,46,264,0.6,219,45,216,48,216,3,0,45,0.9863013698630136,0.0,0.9931506849315068,216,0.8181818181818182,0.9863013698630136,95.83333333333333,60.0,95.83333333333333,190,2,0.007575757575757576,0.009259259259259259
lcro_9_15,global_stats,42,264,0.8,226,38,226,38,226,0,0,38,1.0,0.0,1.0,226,0.8560606060606061,1.0,31.5929203539823,60.0,-24.690265486725664,13,0,0.0,0.0
lcro_9_15,global_stats,42,264,0.6,219,45,216,48,216,3,0,45,0.9863013698630136,0.0,0.9931506849315068,216,0.8181818181818182,0.9863013698630136,76.11111111111111,60.0,70.0,163,2,0.007575757575757576,0.009259259259259259
lcro_9_15,global_stats,43,264,0.8,226,38,226,38,226,0,0,38,1.0,0.0,1.0,226,0.8560606060606061,1.0,34.51327433628319,60.0,-20.17699115044248,25,1,0.003787878787878788,0.004424778761061947
lcro_9_15,global_stats,43,264,0.6,219,45,219,45,219,0,0,45,1.0,0.0,1.0,219,0.8295454545454546,1.0,41.917808219178085,60.0,24.383561643835616,85,2,0.007575757575757576,0.0091324200913242
lcro_9_15,global_stats,44,264,0.8,226,38,226,38,226,0,0,38,1.0,0.0,1.0,226,0.8560606060606061,1.0,31.5929203539823,60.0,-26.283185840707965,10,0,0.0,0.0
lcro_9_15,global_stats,44,264,0.6,219,45,219,45,219,0,0,45,1.0,0.0,1.0,219,0.8295454545454546,1.0,38.9041095890411,60.0,15.342465753424657,72,2,0.007575757575757576,0.0091324200913242
lcro_9_15,global_stats,45,264,0.8,226,38,226,38,226,0,0,38,1.0,0.0,1.0,226,0.8560606060606061,1.0,30.265486725663717,30.0,-23.36283185840708,13,2,0.007575757575757576,0.008849557522123894
lcro_9_15,global_stats,45,264,0.6,219,45,216,48,216,3,0,45,0.9863013698630136,0.0,0.9931506849315068,216,0.8181818181818182,0.9863013698630136,70.55555555555556,60.0,63.333333333333336,153,3,0.011363636363636364,0.013888888888888888
lcro_9_15,global_stats,46,264,0.8,226,38,226,38,226,0,0,38,1.0,0.0,1.0,226,0.8560606060606061,1.0,31.061946902654867,60.0,-25.221238938053098,11,1,0.003787878787878788,0.004424778761061947
lcro_9_15,global_stats,46,264,0.6,219,45,219,45,219,0,0,45,1.0,0.0,1.0,219,0.8295454545454546,1.0,48.49315068493151,60.0,33.6986301369863,101,2,0.007575757575757576,0.0091324200913242
lcro_9_15,deepsets,42,264,0.8,226,38,226,38,226,0,0,38,1.0,0.0,1.0,226,0.8560606060606061,1.0,32.123893805309734,60.0,-24.690265486725664,12,2,0.007575757575757576,0.008849557522123894
lcro_9_15,deepsets,42,264,0.6,219,45,216,48,216,3,0,45,0.9863013698630136,0.0,0.9931506849315068,216,0.8181818181818182,0.9863013698630136,62.22222222222222,60.0,58.333333333333336,150,3,0.011363636363636364,0.013888888888888888
lcro_9_15,deepsets,43,264,0.8,226,38,225,39,225,1,0,38,0.995575221238938,0.0,0.997787610619469,225,0.8522727272727273,0.995575221238938,37.6,60.0,-20.533333333333335,26,0,0.0,0.0
lcro_9_15,deepsets,43,264,0.6,219,45,216,48,216,3,0,45,0.9863013698630136,0.0,0.9931506849315068,216,0.8181818181818182,0.9863013698630136,54.44444444444444,60.0,42.22222222222222,120,0,0.0,0.0
lcro_9_15,deepsets,44,264,0.8,226,38,226,38,226,0,0,38,1.0,0.0,1.0,226,0.8560606060606061,1.0,32.389380530973455,60.0,-23.893805309734514,16,1,0.003787878787878788,0.004424778761061947
lcro_9_15,deepsets,44,264,0.6,219,45,219,45,219,0,0,45,1.0,0.0,1.0,219,0.8295454545454546,1.0,33.6986301369863,0.0,5.205479452054795,56,2,0.007575757575757576,0.0091324200913242
lcro_9_15,deepsets,45,264,0.8,226,38,226,38,226,0,0,38,1.0,0.0,1.0,226,0.8560606060606061,1.0,33.982300884955755,60.0,-18.053097345132745,29,1,0.003787878787878788,0.004424778761061947
lcro_9_15,deepsets,45,264,0.6,219,45,219,45,219,0,0,45,1.0,0.0,1.0,219,0.8295454545454546,1.0,38.082191780821915,60.0,-9.58904109589041,45,4,0.015151515151515152,0.0182648401826484
lcro_9_15,deepsets,46,264,0.8,226,38,226,38,226,0,0,38,1.0,0.0,1.0,226,0.8560606060606061,1.0,33.716814159292035,60.0,-23.097345132743364,20,1,0.003787878787878788,0.004424778761061947
lcro_9_15,deepsets,46,264,0.6,219,45,218,46,218,1,0,45,0.9954337899543378,0.0,0.9977168949771689,218,0.8257575757575758,0.9954337899543378,35.77981651376147,60.0,15.412844036697248,78,1,0.003787878787878788,0.0045871559633027525
lcro_9_15,capacity_matched_deepsets,42,264,0.8,226,38,226,38,226,0,0,38,1.0,0.0,1.0,226,0.8560606060606061,1.0,32.123893805309734,60.0,-26.8141592920354,10,1,0.003787878787878788,0.004424778761061947
lcro_9_15,capacity_matched_deepsets,42,264,0.6,219,45,219,45,219,0,0,45,1.0,0.0,1.0,219,0.8295454545454546,1.0,40.273972602739725,60.0,32.054794520547944,102,3,0.011363636363636364,0.0136986301369863
lcro_9_15,capacity_matched_deepsets,43,264,0.8,226,38,226,38,226,0,0,38,1.0,0.0,1.0,226,0.8560606060606061,1.0,31.061946902654867,60.0,-23.628318584070797,13,0,0.0,0.0
lcro_9_15,capacity_matched_deepsets,43,264,0.6,219,45,219,45,219,0,0,45,1.0,0.0,1.0,219,0.8295454545454546,1.0,35.61643835616438,60.0,-16.986301369863014,30,2,0.007575757575757576,0.0091324200913242
lcro_9_15,capacity_matched_deepsets,44,264,0.8,226,38,226,38,226,0,0,38,1.0,0.0,1.0,226,0.8560606060606061,1.0,31.858407079646017,60.0,-26.01769911504425,11,1,0.003787878787878788,0.004424778761061947
lcro_9_15,capacity_matched_deepsets,44,264,0.6,219,45,219,45,219,0,0,45,1.0,0.0,1.0,219,0.8295454545454546,1.0,29.589041095890412,0.0,-4.383561643835616,41,2,0.007575757575757576,0.0091324200913242
lcro_9_15,capacity_matched_deepsets,45,264,0.8,226,38,226,38,226,0,0,38,1.0,0.0,1.0,226,0.8560606060606061,1.0,33.1858407079646,60.0,-24.690265486725664,15,1,0.003787878787878788,0.004424778761061947
lcro_9_15,capacity_matched_deepsets,45,264,0.6,219,45,219,45,219,0,0,45,1.0,0.0,1.0,219,0.8295454545454546,1.0,32.87671232876713,0.0,9.315068493150685,65,2,0.007575757575757576,0.0091324200913242
lcro_9_15,capacity_matched_deepsets,46,264,0.8,226,38,226,38,226,0,0,38,1.0,0.0,1.0,226,0.8560606060606061,1.0,32.92035398230089,60.0,-18.053097345132745,28,1,0.003787878787878788,0.004424778761061947
lcro_9_15,capacity_matched_deepsets,46,264,0.6,219,45,218,46,218,1,0,45,0.9954337899543378,0.0,0.9977168949771689,218,0.8257575757575758,0.9954337899543378,37.15596330275229,60.0,27.24770642201835,96,2,0.007575757575757576,0.009174311926605505
lcro_9_15,gnn,42,264,0.8,226,38,226,38,226,0,0,38,1.0,0.0,1.0,226,0.8560606060606061,1.0,32.123893805309734,60.0,-26.283185840707965,11,1,0.003787878787878788,0.004424778761061947
lcro_9_15,gnn,42,264,0.6,219,45,218,46,218,1,0,45,0.9954337899543378,0.0,0.9977168949771689,218,0.8257575757575758,0.9954337899543378,30.55045871559633,0.0,10.73394495412844,62,2,0.007575757575757576,0.009174311926605505
lcro_9_15,gnn,43,264,0.8,226,38,226,38,226,0,0,38,1.0,0.0,1.0,226,0.8560606060606061,1.0,33.1858407079646,60.0,-24.15929203539823,14,0,0.0,0.0
lcro_9_15,gnn,43,264,0.6,219,45,219,45,219,0,0,45,1.0,0.0,1.0,219,0.8295454545454546,1.0,37.26027397260274,60.0,30.684931506849313,100,2,0.007575757575757576,0.0091324200913242
lcro_9_15,gnn,44,264,0.8,226,38,226,38,226,0,0,38,1.0,0.0,1.0,226,0.8560606060606061,1.0,33.45132743362832,60.0,-24.95575221238938,14,2,0.007575757575757576,0.008849557522123894
lcro_9_15,gnn,44,264,0.6,219,45,219,45,219,0,0,45,1.0,0.0,1.0,219,0.8295454545454546,1.0,30.136986301369863,0.0,3.287671232876712,53,2,0.007575757575757576,0.0091324200913242
lcro_9_15,gnn,45,264,0.8,226,38,226,38,226,0,0,38,1.0,0.0,1.0,226,0.8560606060606061,1.0,31.858407079646017,60.0,-28.672566371681416,6,1,0.003787878787878788,0.004424778761061947
lcro_9_15,gnn,45,264,0.6,219,45,219,45,219,0,0,45,1.0,0.0,1.0,219,0.8295454545454546,1.0,30.410958904109588,0.0,12.32876712328767,64,2,0.007575757575757576,0.0091324200913242
lcro_9_15,gnn,46,264,0.8,226,38,226,38,226,0,0,38,1.0,0.0,1.0,226,0.8560606060606061,1.0,32.65486725663717,60.0,-23.097345132743364,17,1,0.003787878787878788,0.004424778761061947
lcro_9_15,gnn,46,264,0.6,219,45,219,45,219,0,0,45,1.0,0.0,1.0,219,0.8295454545454546,1.0,32.054794520547944,0.0,17.80821917808219,75,2,0.007575757575757576,0.0091324200913242
lcro_9_15,gnn_zero_edge_features,42,264,0.8,226,38,226,38,226,0,0,38,1.0,0.0,1.0,226,0.8560606060606061,1.0,33.45132743362832,60.0,-21.238938053097346,23,1,0.003787878787878788,0.004424778761061947
lcro_9_15,gnn_zero_edge_features,42,264,0.6,219,45,219,45,219,0,0,45,1.0,0.0,1.0,219,0.8295454545454546,1.0,31.232876712328768,0.0,6.027397260273973,61,2,0.007575757575757576,0.0091324200913242
lcro_9_15,gnn_zero_edge_features,43,264,0.8,226,38,226,38,226,0,0,38,1.0,0.0,1.0,226,0.8560606060606061,1.0,33.1858407079646,60.0,-23.097345132743364,17,0,0.0,0.0
lcro_9_15,gnn_zero_edge_features,43,264,0.6,219,45,219,45,219,0,0,45,1.0,0.0,1.0,219,0.8295454545454546,1.0,32.32876712328767,0.0,15.342465753424657,74,2,0.007575757575757576,0.0091324200913242
lcro_9_15,gnn_zero_edge_features,44,264,0.8,226,38,226,38,226,0,0,38,1.0,0.0,1.0,226,0.8560606060606061,1.0,32.389380530973455,60.0,-26.01769911504425,12,0,0.0,0.0
lcro_9_15,gnn_zero_edge_features,44,264,0.6,219,45,219,45,219,0,0,45,1.0,0.0,1.0,219,0.8295454545454546,1.0,38.35616438356164,0.0,29.041095890410958,92,2,0.007575757575757576,0.0091324200913242
lcro_9_15,gnn_zero_edge_features,45,264,0.8,226,38,225,39,225,1,0,38,0.995575221238938,0.0,0.997787610619469,225,0.8522727272727273,0.995575221238938,34.13333333333333,60.0,-24.0,16,1,0.003787878787878788,0.0044444444444444444
lcro_9_15,gnn_zero_edge_features,45,264,0.6,219,45,219,45,219,0,0,45,1.0,0.0,1.0,219,0.8295454545454546,1.0,33.97260273972603,0.0,27.397260273972602,90,1,0.003787878787878788,0.0045662100456621
lcro_9_15,gnn_zero_edge_features,46,264,0.8,226,38,226,38,226,0,0,38,1.0,0.0,1.0,226,0.8560606060606061,1.0,32.123893805309734,60.0,-25.75221238938053,11,1,0.003787878787878788,0.004424778761061947
lcro_9_15,gnn_zero_edge_features,46,264,0.6,219,45,218,46,218,1,0,45,0.9954337899543378,0.0,0.9977168949771689,218,0.8257575757575758,0.9954337899543378,33.30275229357798,0.0,14.587155963302752,73,3,0.011363636363636364,0.013761467889908258
lcro_9_15,gnn_mean,42,264,0.8,226,38,226,38,226,0,0,38,1.0,0.0,1.0,226,0.8560606060606061,1.0,31.858407079646017,60.0,-26.548672566371682,10,1,0.003787878787878788,0.004424778761061947
lcro_9_15,gnn_mean,42,264,0.6,219,45,219,45,219,0,0,45,1.0,0.0,1.0,219,0.8295454545454546,1.0,28.767123287671232,0.0,7.397260273972603,56,4,0.015151515151515152,0.0182648401826484
lcro_9_15,gnn_mean,43,264,0.8,226,38,226,38,226,0,0,38,1.0,0.0,1.0,226,0.8560606060606061,1.0,32.65486725663717,60.0,-24.15929203539823,14,0,0.0,0.0
lcro_9_15,gnn_mean,43,264,0.6,219,45,219,45,219,0,0,45,1.0,0.0,1.0,219,0.8295454545454546,1.0,32.32876712328767,0.0,14.794520547945206,79,2,0.007575757575757576,0.0091324200913242
lcro_9_15,gnn_mean,44,264,0.8,226,38,226,38,226,0,0,38,1.0,0.0,1.0,226,0.8560606060606061,1.0,31.5929203539823,60.0,-25.75221238938053,11,0,0.0,0.0
lcro_9_15,gnn_mean,44,264,0.6,219,45,219,45,219,0,0,45,1.0,0.0,1.0,219,0.8295454545454546,1.0,30.410958904109588,0.0,12.32876712328767,69,2,0.007575757575757576,0.0091324200913242
lcro_9_15,gnn_mean,45,264,0.8,226,38,226,38,226,0,0,38,1.0,0.0,1.0,226,0.8560606060606061,1.0,31.5929203539823,60.0,-25.221238938053098,12,2,0.007575757575757576,0.008849557522123894
lcro_9_15,gnn_mean,45,264,0.6,219,45,218,46,218,1,0,45,0.9954337899543378,0.0,0.9977168949771689,218,0.8257575757575758,0.9954337899543378,38.53211009174312,60.0,28.623853211009173,99,4,0.015151515151515152,0.01834862385321101
lcro_9_15,gnn_mean,46,264,0.8,226,38,226,38,226,0,0,38,1.0,0.0,1.0,226,0.8560606060606061,1.0,31.858407079646017,60.0,-26.01769911504425,11,1,0.003787878787878788,0.004424778761061947
lcro_9_15,gnn_mean,46,264,0.6,219,45,219,45,219,0,0,45,1.0,0.0,1.0,219,0.8295454545454546,1.0,30.684931506849313,0.0,16.986301369863014,72,2,0.007575757575757576,0.0091324200913242
loco_iso834,fire_only,42,158,0.8,158,0,158,0,158,0,0,0,1.0,NA,NA,158,1.0,1.0,6.075949367088608,0.0,-6.075949367088608,0,0,0.0,0.0
loco_iso834,fire_only,42,158,0.6,158,0,158,0,158,0,0,0,1.0,NA,NA,158,1.0,1.0,44.43037974683544,60.0,-4.177215189873418,40,0,0.0,0.0
loco_iso834,fire_only,43,158,0.8,158,0,158,0,158,0,0,0,1.0,NA,NA,158,1.0,1.0,6.075949367088608,0.0,-6.075949367088608,0,0,0.0,0.0
loco_iso834,fire_only,43,158,0.6,158,0,158,0,158,0,0,0,1.0,NA,NA,158,1.0,1.0,44.43037974683544,60.0,-4.177215189873418,40,0,0.0,0.0
loco_iso834,fire_only,44,158,0.8,158,0,158,0,158,0,0,0,1.0,NA,NA,158,1.0,1.0,6.075949367088608,0.0,-6.075949367088608,0,0,0.0,0.0
loco_iso834,fire_only,44,158,0.6,158,0,158,0,158,0,0,0,1.0,NA,NA,158,1.0,1.0,44.43037974683544,60.0,-4.177215189873418,40,0,0.0,0.0
loco_iso834,fire_only,45,158,0.8,158,0,158,0,158,0,0,0,1.0,NA,NA,158,1.0,1.0,6.075949367088608,0.0,-6.075949367088608,0,0,0.0,0.0
loco_iso834,fire_only,45,158,0.6,158,0,158,0,158,0,0,0,1.0,NA,NA,158,1.0,1.0,44.43037974683544,60.0,-4.177215189873418,40,0,0.0,0.0
loco_iso834,fire_only,46,158,0.8,158,0,158,0,158,0,0,0,1.0,NA,NA,158,1.0,1.0,6.075949367088608,0.0,-6.075949367088608,0,0,0.0,0.0
loco_iso834,fire_only,46,158,0.6,158,0,158,0,158,0,0,0,1.0,NA,NA,158,1.0,1.0,44.43037974683544,60.0,-4.177215189873418,40,0,0.0,0.0
loco_iso834,global_stats,42,158,0.8,158,0,158,0,158,0,0,0,1.0,NA,NA,158,1.0,1.0,3.7974683544303796,0.0,0.0,5,0,0.0,0.0
loco_iso834,global_stats,42,158,0.6,158,0,158,0,158,0,0,0,1.0,NA,NA,158,1.0,1.0,27.341772151898734,0.0,-1.518987341772152,29,0,0.0,0.0
loco_iso834,global_stats,43,158,0.8,158,0,158,0,158,0,0,0,1.0,NA,NA,158,1.0,1.0,3.7974683544303796,0.0,0.0,5,0,0.0,0.0
loco_iso834,global_stats,43,158,0.6,158,0,158,0,158,0,0,0,1.0,NA,NA,158,1.0,1.0,30.0,0.0,-4.177215189873418,29,0,0.0,0.0
loco_iso834,global_stats,44,158,0.8,158,0,158,0,158,0,0,0,1.0,NA,NA,158,1.0,1.0,3.7974683544303796,0.0,0.0,5,0,0.0,0.0
loco_iso834,global_stats,44,158,0.6,158,0,158,0,158,0,0,0,1.0,NA,NA,158,1.0,1.0,26.962025316455698,0.0,-0.379746835443038,30,0,0.0,0.0
loco_iso834,global_stats,45,158,0.8,158,0,158,0,158,0,0,0,1.0,NA,NA,158,1.0,1.0,3.7974683544303796,0.0,0.0,5,0,0.0,0.0
loco_iso834,global_stats,45,158,0.6,158,0,158,0,158,0,0,0,1.0,NA,NA,158,1.0,1.0,27.72151898734177,0.0,0.379746835443038,32,0,0.0,0.0
loco_iso834,global_stats,46,158,0.8,158,0,158,0,158,0,0,0,1.0,NA,NA,158,1.0,1.0,3.7974683544303796,0.0,0.0,5,0,0.0,0.0
loco_iso834,global_stats,46,158,0.6,158,0,158,0,158,0,0,0,1.0,NA,NA,158,1.0,1.0,29.240506329113924,0.0,1.139240506329114,35,0,0.0,0.0
loco_iso834,deepsets,42,158,0.8,158,0,158,0,158,0,0,0,1.0,NA,NA,158,1.0,1.0,3.4177215189873418,0.0,-1.139240506329114,3,0,0.0,0.0
loco_iso834,deepsets,42,158,0.6,158,0,158,0,158,0,0,0,1.0,NA,NA,158,1.0,1.0,22.40506329113924,0.0,-2.6582278481012658,26,0,0.0,0.0
loco_iso834,deepsets,43,158,0.8,158,0,158,0,158,0,0,0,1.0,NA,NA,158,1.0,1.0,3.4177215189873418,0.0,-0.379746835443038,4,0,0.0,0.0
loco_iso834,deepsets,43,158,0.6,158,0,158,0,158,0,0,0,1.0,NA,NA,158,1.0,1.0,22.78481012658228,0.0,-6.8354430379746836,21,0,0.0,0.0
loco_iso834,deepsets,44,158,0.8,158,0,158,0,158,0,0,0,1.0,NA,NA,158,1.0,1.0,3.7974683544303796,0.0,0.0,5,0,0.0,0.0
loco_iso834,deepsets,44,158,0.6,158,0,158,0,158,0,0,0,1.0,NA,NA,158,1.0,1.0,23.164556962025316,0.0,-4.936708860759493,23,0,0.0,0.0
loco_iso834,deepsets,45,158,0.8,158,0,158,0,158,0,0,0,1.0,NA,NA,158,1.0,1.0,6.075949367088608,0.0,2.278481012658228,11,0,0.0,0.0
loco_iso834,deepsets,45,158,0.6,158,0,158,0,158,0,0,0,1.0,NA,NA,158,1.0,1.0,23.924050632911392,0.0,-7.215189873417722,22,0,0.0,0.0
loco_iso834,deepsets,46,158,0.8,158,0,158,0,158,0,0,0,1.0,NA,NA,158,1.0,1.0,4.556962025316456,0.0,-0.759493670886076,5,0,0.0,0.0
loco_iso834,deepsets,46,158,0.6,158,0,158,0,158,0,0,0,1.0,NA,NA,158,1.0,1.0,24.303797468354432,0.0,-0.759493670886076,30,0,0.0,0.0
loco_iso834,capacity_matched_deepsets,42,158,0.8,158,0,158,0,158,0,0,0,1.0,NA,NA,158,1.0,1.0,4.177215189873418,0.0,-1.139240506329114,4,0,0.0,0.0
loco_iso834,capacity_matched_deepsets,42,158,0.6,158,0,158,0,158,0,0,0,1.0,NA,NA,158,1.0,1.0,21.645569620253166,0.0,1.139240506329114,29,0,0.0,0.0
loco_iso834,capacity_matched_deepsets,43,158,0.8,158,0,158,0,158,0,0,0,1.0,NA,NA,158,1.0,1.0,4.177215189873418,0.0,-0.379746835443038,5,0,0.0,0.0
loco_iso834,capacity_matched_deepsets,43,158,0.6,158,0,158,0,158,0,0,0,1.0,NA,NA,158,1.0,1.0,22.78481012658228,0.0,-1.518987341772152,27,0,0.0,0.0
loco_iso834,capacity_matched_deepsets,44,158,0.8,158,0,158,0,158,0,0,0,1.0,NA,NA,158,1.0,1.0,3.7974683544303796,0.0,0.0,5,0,0.0,0.0
loco_iso834,capacity_matched_deepsets,44,158,0.6,158,0,158,0,158,0,0,0,1.0,NA,NA,158,1.0,1.0,21.645569620253166,0.0,-3.4177215189873418,23,0,0.0,0.0
loco_iso834,capacity_matched_deepsets,45,158,0.8,158,0,158,0,158,0,0,0,1.0,NA,NA,158,1.0,1.0,5.3164556962025316,0.0,1.518987341772152,9,0,0.0,0.0
loco_iso834,capacity_matched_deepsets,45,158,0.6,158,0,158,0,158,0,0,0,1.0,NA,NA,158,1.0,1.0,23.924050632911392,0.0,-7.215189873417722,21,0,0.0,0.0
loco_iso834,capacity_matched_deepsets,46,158,0.8,158,0,158,0,158,0,0,0,1.0,NA,NA,158,1.0,1.0,4.556962025316456,0.0,-2.278481012658228,3,0,0.0,0.0
loco_iso834,capacity_matched_deepsets,46,158,0.6,158,0,158,0,158,0,0,0,1.0,NA,NA,158,1.0,1.0,23.544303797468356,0.0,-12.151898734177216,15,0,0.0,0.0
loco_iso834,gnn,42,158,0.8,158,0,158,0,158,0,0,0,1.0,NA,NA,158,1.0,1.0,4.177215189873418,0.0,0.379746835443038,6,0,0.0,0.0
loco_iso834,gnn,42,158,0.6,158,0,158,0,158,0,0,0,1.0,NA,NA,158,1.0,1.0,23.544303797468356,0.0,-0.759493670886076,29,0,0.0,0.0
loco_iso834,gnn,43,158,0.8,158,0,158,0,158,0,0,0,1.0,NA,NA,158,1.0,1.0,4.177215189873418,0.0,-0.379746835443038,5,0,0.0,0.0
loco_iso834,gnn,43,158,0.6,158,0,158,0,158,0,0,0,1.0,NA,NA,158,1.0,1.0,23.544303797468356,0.0,-8.354430379746836,20,0,0.0,0.0
loco_iso834,gnn,44,158,0.8,158,0,158,0,158,0,0,0,1.0,NA,NA,158,1.0,1.0,4.556962025316456,0.0,0.0,6,0,0.0,0.0
loco_iso834,gnn,44,158,0.6,158,0,158,0,158,0,0,0,1.0,NA,NA,158,1.0,1.0,23.924050632911392,0.0,-5.69620253164557,24,0,0.0,0.0
loco_iso834,gnn,45,158,0.8,158,0,158,0,158,0,0,0,1.0,NA,NA,158,1.0,1.0,3.7974683544303796,0.0,-0.759493670886076,4,0,0.0,0.0
loco_iso834,gnn,45,158,0.6,158,0,158,0,158,0,0,0,1.0,NA,NA,158,1.0,1.0,22.025316455696203,0.0,-3.7974683544303796,23,0,0.0,0.0
loco_iso834,gnn,46,158,0.8,158,0,158,0,158,0,0,0,1.0,NA,NA,158,1.0,1.0,3.7974683544303796,0.0,-1.518987341772152,3,0,0.0,0.0
loco_iso834,gnn,46,158,0.6,158,0,158,0,158,0,0,0,1.0,NA,NA,158,1.0,1.0,23.164556962025316,0.0,-8.734177215189874,18,0,0.0,0.0
loco_iso834,gnn_zero_edge_features,42,158,0.8,158,0,158,0,158,0,0,0,1.0,NA,NA,158,1.0,1.0,4.936708860759493,0.0,0.379746835443038,7,0,0.0,0.0
loco_iso834,gnn_zero_edge_features,42,158,0.6,158,0,158,0,158,0,0,0,1.0,NA,NA,158,1.0,1.0,20.88607594936709,0.0,-6.455696202531645,19,0,0.0,0.0
loco_iso834,gnn_zero_edge_features,43,158,0.8,158,0,158,0,158,0,0,0,1.0,NA,NA,158,1.0,1.0,4.556962025316456,0.0,0.0,6,0,0.0,0.0
loco_iso834,gnn_zero_edge_features,43,158,0.6,158,0,158,0,158,0,0,0,1.0,NA,NA,158,1.0,1.0,22.78481012658228,0.0,-4.556962025316456,23,0,0.0,0.0
loco_iso834,gnn_zero_edge_features,44,158,0.8,158,0,158,0,158,0,0,0,1.0,NA,NA,158,1.0,1.0,3.7974683544303796,0.0,0.0,5,0,0.0,0.0
loco_iso834,gnn_zero_edge_features,44,158,0.6,158,0,158,0,158,0,0,0,1.0,NA,NA,158,1.0,1.0,23.164556962025316,0.0,1.139240506329114,30,0,0.0,0.0
loco_iso834,gnn_zero_edge_features,45,158,0.8,158,0,158,0,158,0,0,0,1.0,NA,NA,158,1.0,1.0,4.556962025316456,0.0,0.0,6,0,0.0,0.0
loco_iso834,gnn_zero_edge_features,45,158,0.6,158,0,158,0,158,0,0,0,1.0,NA,NA,158,1.0,1.0,24.303797468354432,0.0,-0.759493670886076,28,0,0.0,0.0
loco_iso834,gnn_zero_edge_features,46,158,0.8,158,0,158,0,158,0,0,0,1.0,NA,NA,158,1.0,1.0,4.556962025316456,0.0,-0.759493670886076,5,0,0.0,0.0
loco_iso834,gnn_zero_edge_features,46,158,0.6,158,0,158,0,158,0,0,0,1.0,NA,NA,158,1.0,1.0,24.68354430379747,0.0,-0.379746835443038,31,0,0.0,0.0
loco_iso834,gnn_mean,42,158,0.8,158,0,158,0,158,0,0,0,1.0,NA,NA,158,1.0,1.0,4.177215189873418,0.0,-0.379746835443038,5,0,0.0,0.0
loco_iso834,gnn_mean,42,158,0.6,158,0,158,0,158,0,0,0,1.0,NA,NA,158,1.0,1.0,24.303797468354432,0.0,0.759493670886076,32,0,0.0,0.0
loco_iso834,gnn_mean,43,158,0.8,158,0,158,0,158,0,0,0,1.0,NA,NA,158,1.0,1.0,4.556962025316456,0.0,-2.278481012658228,3,0,0.0,0.0
loco_iso834,gnn_mean,43,158,0.6,158,0,158,0,158,0,0,0,1.0,NA,NA,158,1.0,1.0,25.82278481012658,0.0,-1.518987341772152,32,0,0.0,0.0
loco_iso834,gnn_mean,44,158,0.8,158,0,158,0,158,0,0,0,1.0,NA,NA,158,1.0,1.0,4.556962025316456,0.0,0.759493670886076,7,0,0.0,0.0
loco_iso834,gnn_mean,44,158,0.6,158,0,158,0,158,0,0,0,1.0,NA,NA,158,1.0,1.0,20.126582278481013,0.0,-7.215189873417722,17,0,0.0,0.0
loco_iso834,gnn_mean,45,158,0.8,158,0,158,0,158,0,0,0,1.0,NA,NA,158,1.0,1.0,4.177215189873418,0.0,0.379746835443038,6,0,0.0,0.0
loco_iso834,gnn_mean,45,158,0.6,158,0,158,0,158,0,0,0,1.0,NA,NA,158,1.0,1.0,22.78481012658228,0.0,-2.278481012658228,27,0,0.0,0.0
loco_iso834,gnn_mean,46,158,0.8,158,0,158,0,158,0,0,0,1.0,NA,NA,158,1.0,1.0,4.936708860759493,0.0,1.139240506329114,8,0,0.0,0.0
loco_iso834,gnn_mean,46,158,0.6,158,0,158,0,158,0,0,0,1.0,NA,NA,158,1.0,1.0,24.68354430379747,0.0,-4.177215189873418,26,0,0.0,0.0
loco_astm_e119,fire_only,42,95,0.8,95,0,95,0,95,0,0,0,1.0,NA,NA,95,1.0,1.0,8.842105263157896,0.0,-8.842105263157896,0,0,0.0,0.0
loco_astm_e119,fire_only,42,95,0.6,95,0,95,0,95,0,0,0,1.0,NA,NA,95,1.0,1.0,47.36842105263158,60.0,5.684210526315789,32,0,0.0,0.0
loco_astm_e119,fire_only,43,95,0.8,95,0,95,0,95,0,0,0,1.0,NA,NA,95,1.0,1.0,8.842105263157896,0.0,-8.842105263157896,0,0,0.0,0.0
loco_astm_e119,fire_only,43,95,0.6,95,0,95,0,95,0,0,0,1.0,NA,NA,95,1.0,1.0,47.36842105263158,60.0,5.684210526315789,32,0,0.0,0.0
loco_astm_e119,fire_only,44,95,0.8,95,0,95,0,95,0,0,0,1.0,NA,NA,95,1.0,1.0,8.842105263157896,0.0,-8.842105263157896,0,0,0.0,0.0
loco_astm_e119,fire_only,44,95,0.6,95,0,95,0,95,0,0,0,1.0,NA,NA,95,1.0,1.0,47.36842105263158,60.0,5.684210526315789,32,0,0.0,0.0
loco_astm_e119,fire_only,45,95,0.8,95,0,95,0,95,0,0,0,1.0,NA,NA,95,1.0,1.0,8.842105263157896,0.0,-8.842105263157896,0,0,0.0,0.0
loco_astm_e119,fire_only,45,95,0.6,95,0,95,0,95,0,0,0,1.0,NA,NA,95,1.0,1.0,47.36842105263158,60.0,5.684210526315789,32,0,0.0,0.0
loco_astm_e119,fire_only,46,95,0.8,95,0,95,0,95,0,0,0,1.0,NA,NA,95,1.0,1.0,8.842105263157896,0.0,-8.842105263157896,0,0,0.0,0.0
loco_astm_e119,fire_only,46,95,0.6,95,0,95,0,95,0,0,0,1.0,NA,NA,95,1.0,1.0,47.36842105263158,60.0,5.684210526315789,32,0,0.0,0.0
loco_astm_e119,global_stats,42,95,0.8,95,0,95,0,95,0,0,0,1.0,NA,NA,95,1.0,1.0,16.42105263157895,0.0,11.368421052631579,22,0,0.0,0.0
loco_astm_e119,global_stats,42,95,0.6,95,0,95,0,95,0,0,0,1.0,NA,NA,95,1.0,1.0,28.42105263157895,0.0,0.631578947368421,21,0,0.0,0.0
loco_astm_e119,global_stats,43,95,0.8,95,0,95,0,95,0,0,0,1.0,NA,NA,95,1.0,1.0,11.368421052631579,0.0,6.315789473684211,14,0,0.0,0.0
loco_astm_e119,global_stats,43,95,0.6,95,0,95,0,95,0,0,0,1.0,NA,NA,95,1.0,1.0,35.36842105263158,60.0,-11.368421052631579,19,0,0.0,0.0
loco_astm_e119,global_stats,44,95,0.8,95,0,95,0,95,0,0,0,1.0,NA,NA,95,1.0,1.0,15.789473684210526,0.0,10.736842105263158,21,0,0.0,0.0
loco_astm_e119,global_stats,44,95,0.6,95,0,95,0,95,0,0,0,1.0,NA,NA,95,1.0,1.0,30.31578947368421,0.0,3.789473684210526,24,0,0.0,0.0
loco_astm_e119,global_stats,45,95,0.8,95,0,95,0,95,0,0,0,1.0,NA,NA,95,1.0,1.0,15.789473684210526,0.0,10.736842105263158,21,0,0.0,0.0
loco_astm_e119,global_stats,45,95,0.6,95,0,95,0,95,0,0,0,1.0,NA,NA,95,1.0,1.0,28.42105263157895,0.0,6.947368421052632,25,0,0.0,0.0
loco_astm_e119,global_stats,46,95,0.8,95,0,95,0,95,0,0,0,1.0,NA,NA,95,1.0,1.0,16.42105263157895,0.0,11.368421052631579,22,0,0.0,0.0
loco_astm_e119,global_stats,46,95,0.6,95,0,95,0,95,0,0,0,1.0,NA,NA,95,1.0,1.0,30.31578947368421,0.0,1.263157894736842,23,0,0.0,0.0
loco_astm_e119,deepsets,42,95,0.8,95,0,95,0,95,0,0,0,1.0,NA,NA,95,1.0,1.0,13.894736842105264,0.0,10.105263157894736,19,0,0.0,0.0
loco_astm_e119,deepsets,42,95,0.6,95,0,95,0,95,0,0,0,1.0,NA,NA,95,1.0,1.0,23.36842105263158,0.0,3.1578947368421053,20,0,0.0,0.0
loco_astm_e119,deepsets,43,95,0.8,95,0,95,0,95,0,0,0,1.0,NA,NA,95,1.0,1.0,13.263157894736842,0.0,8.210526315789474,17,0,0.0,0.0
loco_astm_e119,deepsets,43,95,0.6,95,0,95,0,95,0,0,0,1.0,NA,NA,95,1.0,1.0,21.473684210526315,0.0,1.263157894736842,17,0,0.0,0.0
loco_astm_e119,deepsets,44,95,0.8,95,0,95,0,95,0,0,0,1.0,NA,NA,95,1.0,1.0,10.105263157894736,0.0,6.315789473684211,13,0,0.0,0.0
loco_astm_e119,deepsets,44,95,0.6,95,0,95,0,95,0,0,0,1.0,NA,NA,95,1.0,1.0,24.0,0.0,1.263157894736842,19,0,0.0,0.0
loco_astm_e119,deepsets,45,95,0.8,95,0,95,0,95,0,0,0,1.0,NA,NA,95,1.0,1.0,14.526315789473685,0.0,10.736842105263158,20,0,0.0,0.0
loco_astm_e119,deepsets,45,95,0.6,95,0,95,0,95,0,0,0,1.0,NA,NA,95,1.0,1.0,20.842105263157894,0.0,-3.1578947368421053,13,0,0.0,0.0
loco_astm_e119,deepsets,46,95,0.8,95,0,95,0,95,0,0,0,1.0,NA,NA,95,1.0,1.0,10.736842105263158,0.0,6.947368421052632,14,0,0.0,0.0
loco_astm_e119,deepsets,46,95,0.6,95,0,95,0,95,0,0,0,1.0,NA,NA,95,1.0,1.0,22.736842105263158,0.0,1.263157894736842,19,0,0.0,0.0
loco_astm_e119,capacity_matched_deepsets,42,95,0.8,95,0,95,0,95,0,0,0,1.0,NA,NA,95,1.0,1.0,15.157894736842104,0.0,11.368421052631579,21,0,0.0,0.0
loco_astm_e119,capacity_matched_deepsets,42,95,0.6,95,0,95,0,95,0,0,0,1.0,NA,NA,95,1.0,1.0,24.0,0.0,3.789473684210526,20,0,0.0,0.0
loco_astm_e119,capacity_matched_deepsets,43,95,0.8,95,0,95,0,95,0,0,0,1.0,NA,NA,95,1.0,1.0,10.105263157894736,0.0,5.052631578947368,12,0,0.0,0.0
loco_astm_e119,capacity_matched_deepsets,43,95,0.6,95,0,95,0,95,0,0,0,1.0,NA,NA,95,1.0,1.0,20.210526315789473,0.0,-3.789473684210526,13,0,0.0,0.0
loco_astm_e119,capacity_matched_deepsets,44,95,0.8,95,0,95,0,95,0,0,0,1.0,NA,NA,95,1.0,1.0,13.894736842105264,0.0,10.105263157894736,19,0,0.0,0.0
loco_astm_e119,capacity_matched_deepsets,44,95,0.6,95,0,95,0,95,0,0,0,1.0,NA,NA,95,1.0,1.0,20.842105263157894,0.0,-12.0,7,0,0.0,0.0
loco_astm_e119,capacity_matched_deepsets,45,95,0.8,95,0,95,0,95,0,0,0,1.0,NA,NA,95,1.0,1.0,11.368421052631579,0.0,6.315789473684211,14,0,0.0,0.0
loco_astm_e119,capacity_matched_deepsets,45,95,0.6,95,0,95,0,95,0,0,0,1.0,NA,NA,95,1.0,1.0,26.526315789473685,0.0,1.263157894736842,21,0,0.0,0.0
loco_astm_e119,capacity_matched_deepsets,46,95,0.8,95,0,95,0,95,0,0,0,1.0,NA,NA,95,1.0,1.0,12.0,0.0,5.684210526315789,14,0,0.0,0.0
loco_astm_e119,capacity_matched_deepsets,46,95,0.6,95,0,95,0,95,0,0,0,1.0,NA,NA,95,1.0,1.0,22.105263157894736,0.0,-13.263157894736842,7,0,0.0,0.0
loco_astm_e119,gnn,42,95,0.8,95,0,95,0,95,0,0,0,1.0,NA,NA,95,1.0,1.0,15.789473684210526,0.0,12.0,22,0,0.0,0.0
loco_astm_e119,gnn,42,95,0.6,95,0,95,0,95,0,0,0,1.0,NA,NA,95,1.0,1.0,17.05263157894737,0.0,3.1578947368421053,16,0,0.0,0.0
loco_astm_e119,gnn,43,95,0.8,95,0,95,0,95,0,0,0,1.0,NA,NA,95,1.0,1.0,14.526315789473685,0.0,10.736842105263158,20,0,0.0,0.0
loco_astm_e119,gnn,43,95,0.6,95,0,95,0,95,0,0,0,1.0,NA,NA,95,1.0,1.0,19.57894736842105,0.0,-3.1578947368421053,13,0,0.0,0.0
loco_astm_e119,gnn,44,95,0.8,95,0,95,0,95,0,0,0,1.0,NA,NA,95,1.0,1.0,15.157894736842104,0.0,11.368421052631579,21,0,0.0,0.0
loco_astm_e119,gnn,44,95,0.6,95,0,95,0,95,0,0,0,1.0,NA,NA,95,1.0,1.0,18.94736842105263,0.0,5.052631578947368,19,0,0.0,0.0
loco_astm_e119,gnn,45,95,0.8,95,0,95,0,95,0,0,0,1.0,NA,NA,95,1.0,1.0,12.631578947368421,0.0,8.842105263157896,17,0,0.0,0.0
loco_astm_e119,gnn,45,95,0.6,95,0,95,0,95,0,0,0,1.0,NA,NA,95,1.0,1.0,18.94736842105263,0.0,6.315789473684211,20,0,0.0,0.0
loco_astm_e119,gnn,46,95,0.8,95,0,95,0,95,0,0,0,1.0,NA,NA,95,1.0,1.0,13.263157894736842,0.0,8.210526315789474,17,0,0.0,0.0
loco_astm_e119,gnn,46,95,0.6,95,0,95,0,95,0,0,0,1.0,NA,NA,95,1.0,1.0,21.473684210526315,0.0,-7.578947368421052,11,0,0.0,0.0
loco_astm_e119,gnn_zero_edge_features,42,95,0.8,95,0,95,0,95,0,0,0,1.0,NA,NA,95,1.0,1.0,13.263157894736842,0.0,9.473684210526315,18,0,0.0,0.0
loco_astm_e119,gnn_zero_edge_features,42,95,0.6,95,0,95,0,95,0,0,0,1.0,NA,NA,95,1.0,1.0,25.263157894736842,0.0,2.526315789473684,21,0,0.0,0.0
loco_astm_e119,gnn_zero_edge_features,43,95,0.8,95,0,95,0,95,0,0,0,1.0,NA,NA,95,1.0,1.0,12.631578947368421,0.0,8.842105263157896,17,0,0.0,0.0
loco_astm_e119,gnn_zero_edge_features,43,95,0.6,95,0,95,0,95,0,0,0,1.0,NA,NA,95,1.0,1.0,25.894736842105264,0.0,9.473684210526315,27,0,0.0,0.0
loco_astm_e119,gnn_zero_edge_features,44,95,0.8,95,0,95,0,95,0,0,0,1.0,NA,NA,95,1.0,1.0,13.894736842105264,0.0,12.631578947368421,21,0,0.0,0.0
loco_astm_e119,gnn_zero_edge_features,44,95,0.6,95,0,95,0,95,0,0,0,1.0,NA,NA,95,1.0,1.0,23.36842105263158,0.0,-1.894736842105263,17,0,0.0,0.0
loco_astm_e119,gnn_zero_edge_features,45,95,0.8,95,0,95,0,95,0,0,0,1.0,NA,NA,95,1.0,1.0,12.631578947368421,0.0,8.842105263157896,17,0,0.0,0.0
loco_astm_e119,gnn_zero_edge_features,45,95,0.6,95,0,95,0,95,0,0,0,1.0,NA,NA,95,1.0,1.0,19.57894736842105,0.0,-3.1578947368421053,13,0,0.0,0.0
loco_astm_e119,gnn_zero_edge_features,46,95,0.8,95,0,95,0,95,0,0,0,1.0,NA,NA,95,1.0,1.0,12.0,0.0,8.210526315789474,16,0,0.0,0.0
loco_astm_e119,gnn_zero_edge_features,46,95,0.6,95,0,95,0,95,0,0,0,1.0,NA,NA,95,1.0,1.0,24.63157894736842,0.0,1.894736842105263,20,0,0.0,0.0
loco_astm_e119,gnn_mean,42,95,0.8,95,0,95,0,95,0,0,0,1.0,NA,NA,95,1.0,1.0,13.894736842105264,0.0,10.105263157894736,19,0,0.0,0.0
loco_astm_e119,gnn_mean,42,95,0.6,95,0,95,0,95,0,0,0,1.0,NA,NA,95,1.0,1.0,19.57894736842105,0.0,9.473684210526315,23,0,0.0,0.0
loco_astm_e119,gnn_mean,43,95,0.8,95,0,95,0,95,0,0,0,1.0,NA,NA,95,1.0,1.0,11.368421052631579,0.0,8.842105263157896,16,0,0.0,0.0
loco_astm_e119,gnn_mean,43,95,0.6,95,0,95,0,95,0,0,0,1.0,NA,NA,95,1.0,1.0,20.210526315789473,0.0,-5.052631578947368,12,0,0.0,0.0
loco_astm_e119,gnn_mean,44,95,0.8,95,0,95,0,95,0,0,0,1.0,NA,NA,95,1.0,1.0,15.789473684210526,0.0,12.0,22,0,0.0,0.0
loco_astm_e119,gnn_mean,44,95,0.6,95,0,95,0,95,0,0,0,1.0,NA,NA,95,1.0,1.0,20.842105263157894,0.0,-12.0,7,0,0.0,0.0
loco_astm_e119,gnn_mean,45,95,0.8,95,0,95,0,95,0,0,0,1.0,NA,NA,95,1.0,1.0,11.368421052631579,0.0,7.578947368421052,15,0,0.0,0.0
loco_astm_e119,gnn_mean,45,95,0.6,95,0,95,0,95,0,0,0,1.0,NA,NA,95,1.0,1.0,20.210526315789473,0.0,8.842105263157896,23,0,0.0,0.0
loco_astm_e119,gnn_mean,46,95,0.8,95,0,95,0,95,0,0,0,1.0,NA,NA,95,1.0,1.0,10.105263157894736,0.0,6.315789473684211,13,0,0.0,0.0
loco_astm_e119,gnn_mean,46,95,0.6,95,0,95,0,95,0,0,0,1.0,NA,NA,95,1.0,1.0,16.42105263157895,0.0,-2.526315789473684,11,0,0.0,0.0
loco_perturbed_iso,fire_only,42,111,0.8,111,0,111,0,111,0,0,0,1.0,NA,NA,111,1.0,1.0,10.81081081081081,0.0,-10.81081081081081,0,0,0.0,0.0
loco_perturbed_iso,fire_only,42,111,0.6,111,0,111,0,111,0,0,0,1.0,NA,NA,111,1.0,1.0,44.32432432432432,60.0,-11.891891891891891,20,0,0.0,0.0
loco_perturbed_iso,fire_only,43,111,0.8,111,0,111,0,111,0,0,0,1.0,NA,NA,111,1.0,1.0,10.81081081081081,0.0,-10.81081081081081,0,0,0.0,0.0
loco_perturbed_iso,fire_only,43,111,0.6,111,0,111,0,111,0,0,0,1.0,NA,NA,111,1.0,1.0,43.78378378378378,60.0,-12.432432432432432,19,0,0.0,0.0
loco_perturbed_iso,fire_only,44,111,0.8,111,0,111,0,111,0,0,0,1.0,NA,NA,111,1.0,1.0,10.81081081081081,0.0,-10.81081081081081,0,0,0.0,0.0
loco_perturbed_iso,fire_only,44,111,0.6,111,0,111,0,111,0,0,0,1.0,NA,NA,111,1.0,1.0,47.027027027027025,60.0,-14.594594594594595,20,0,0.0,0.0
loco_perturbed_iso,fire_only,45,111,0.8,111,0,111,0,111,0,0,0,1.0,NA,NA,111,1.0,1.0,10.81081081081081,0.0,-10.81081081081081,0,0,0.0,0.0
loco_perturbed_iso,fire_only,45,111,0.6,111,0,111,0,111,0,0,0,1.0,NA,NA,111,1.0,1.0,43.78378378378378,60.0,-9.18918918918919,21,0,0.0,0.0
loco_perturbed_iso,fire_only,46,111,0.8,111,0,111,0,111,0,0,0,1.0,NA,NA,111,1.0,1.0,10.81081081081081,0.0,-10.81081081081081,0,0,0.0,0.0
loco_perturbed_iso,fire_only,46,111,0.6,111,0,111,0,111,0,0,0,1.0,NA,NA,111,1.0,1.0,44.86486486486486,60.0,-9.18918918918919,19,0,0.0,0.0
loco_perturbed_iso,global_stats,42,111,0.8,111,0,111,0,111,0,0,0,1.0,NA,NA,111,1.0,1.0,10.27027027027027,0.0,-10.27027027027027,0,0,0.0,0.0
loco_perturbed_iso,global_stats,42,111,0.6,111,0,111,0,111,0,0,0,1.0,NA,NA,111,1.0,1.0,22.7027027027027,0.0,9.72972972972973,21,0,0.0,0.0
loco_perturbed_iso,global_stats,43,111,0.8,111,0,111,0,111,0,0,0,1.0,NA,NA,111,1.0,1.0,9.18918918918919,0.0,-9.18918918918919,0,0,0.0,0.0
loco_perturbed_iso,global_stats,43,111,0.6,111,0,111,0,111,0,0,0,1.0,NA,NA,111,1.0,1.0,21.08108108108108,0.0,10.27027027027027,22,0,0.0,0.0
loco_perturbed_iso,global_stats,44,111,0.8,111,0,111,0,111,0,0,0,1.0,NA,NA,111,1.0,1.0,9.18918918918919,0.0,-9.18918918918919,0,0,0.0,0.0
loco_perturbed_iso,global_stats,44,111,0.6,111,0,111,0,111,0,0,0,1.0,NA,NA,111,1.0,1.0,22.16216216216216,0.0,8.108108108108109,22,0,0.0,0.0
loco_perturbed_iso,global_stats,45,111,0.8,111,0,111,0,111,0,0,0,1.0,NA,NA,111,1.0,1.0,10.27027027027027,0.0,-10.27027027027027,0,0,0.0,0.0
loco_perturbed_iso,global_stats,45,111,0.6,111,0,111,0,111,0,0,0,1.0,NA,NA,111,1.0,1.0,22.7027027027027,0.0,5.405405405405405,21,0,0.0,0.0
loco_perturbed_iso,global_stats,46,111,0.8,111,0,111,0,111,0,0,0,1.0,NA,NA,111,1.0,1.0,9.72972972972973,0.0,-9.72972972972973,0,0,0.0,0.0
loco_perturbed_iso,global_stats,46,111,0.6,111,0,111,0,111,0,0,0,1.0,NA,NA,111,1.0,1.0,20.54054054054054,0.0,7.5675675675675675,20,0,0.0,0.0
loco_perturbed_iso,deepsets,42,111,0.8,111,0,111,0,111,0,0,0,1.0,NA,NA,111,1.0,1.0,9.72972972972973,0.0,-9.72972972972973,0,0,0.0,0.0
loco_perturbed_iso,deepsets,42,111,0.6,111,0,111,0,111,0,0,0,1.0,NA,NA,111,1.0,1.0,16.756756756756758,0.0,0.5405405405405406,14,0,0.0,0.0
loco_perturbed_iso,deepsets,43,111,0.8,111,0,111,0,111,0,0,0,1.0,NA,NA,111,1.0,1.0,10.81081081081081,0.0,-10.81081081081081,0,0,0.0,0.0
loco_perturbed_iso,deepsets,43,111,0.6,111,0,111,0,111,0,0,0,1.0,NA,NA,111,1.0,1.0,16.756756756756758,0.0,1.6216216216216217,16,0,0.0,0.0
loco_perturbed_iso,deepsets,44,111,0.8,111,0,111,0,111,0,0,0,1.0,NA,NA,111,1.0,1.0,9.72972972972973,0.0,-9.72972972972973,0,0,0.0,0.0
loco_perturbed_iso,deepsets,44,111,0.6,111,0,111,0,111,0,0,0,1.0,NA,NA,111,1.0,1.0,15.135135135135135,0.0,1.0810810810810811,14,0,0.0,0.0
loco_perturbed_iso,deepsets,45,111,0.8,111,0,111,0,111,0,0,0,1.0,NA,NA,111,1.0,1.0,10.27027027027027,0.0,-10.27027027027027,0,0,0.0,0.0
loco_perturbed_iso,deepsets,45,111,0.6,111,0,111,0,111,0,0,0,1.0,NA,NA,111,1.0,1.0,16.216216216216218,0.0,1.0810810810810811,15,0,0.0,0.0
loco_perturbed_iso,deepsets,46,111,0.8,111,0,111,0,111,0,0,0,1.0,NA,NA,111,1.0,1.0,10.27027027027027,0.0,-10.27027027027027,0,0,0.0,0.0
loco_perturbed_iso,deepsets,46,111,0.6,111,0,111,0,111,0,0,0,1.0,NA,NA,111,1.0,1.0,17.2972972972973,0.0,1.0810810810810811,14,0,0.0,0.0
loco_perturbed_iso,capacity_matched_deepsets,42,111,0.8,111,0,111,0,111,0,0,0,1.0,NA,NA,111,1.0,1.0,10.81081081081081,0.0,-10.81081081081081,0,0,0.0,0.0
loco_perturbed_iso,capacity_matched_deepsets,42,111,0.6,111,0,111,0,111,0,0,0,1.0,NA,NA,111,1.0,1.0,20.54054054054054,0.0,3.2432432432432434,18,0,0.0,0.0
loco_perturbed_iso,capacity_matched_deepsets,43,111,0.8,111,0,111,0,111,0,0,0,1.0,NA,NA,111,1.0,1.0,10.27027027027027,0.0,-10.27027027027027,0,0,0.0,0.0
loco_perturbed_iso,capacity_matched_deepsets,43,111,0.6,111,0,111,0,111,0,0,0,1.0,NA,NA,111,1.0,1.0,22.16216216216216,0.0,2.7027027027027026,19,0,0.0,0.0
loco_perturbed_iso,capacity_matched_deepsets,44,111,0.8,111,0,111,0,111,0,0,0,1.0,NA,NA,111,1.0,1.0,10.81081081081081,0.0,-10.81081081081081,0,0,0.0,0.0
loco_perturbed_iso,capacity_matched_deepsets,44,111,0.6,111,0,111,0,111,0,0,0,1.0,NA,NA,111,1.0,1.0,18.91891891891892,0.0,10.27027027027027,23,0,0.0,0.0
loco_perturbed_iso,capacity_matched_deepsets,45,111,0.8,111,0,111,0,111,0,0,0,1.0,NA,NA,111,1.0,1.0,10.81081081081081,0.0,-10.81081081081081,0,0,0.0,0.0
loco_perturbed_iso,capacity_matched_deepsets,45,111,0.6,111,0,111,0,111,0,0,0,1.0,NA,NA,111,1.0,1.0,23.783783783783782,0.0,-9.72972972972973,11,0,0.0,0.0
loco_perturbed_iso,capacity_matched_deepsets,46,111,0.8,111,0,111,0,111,0,0,0,1.0,NA,NA,111,1.0,1.0,11.35135135135135,0.0,-11.35135135135135,0,0,0.0,0.0
loco_perturbed_iso,capacity_matched_deepsets,46,111,0.6,111,0,111,0,111,0,0,0,1.0,NA,NA,111,1.0,1.0,15.135135135135135,0.0,1.0810810810810811,13,0,0.0,0.0
loco_perturbed_iso,gnn,42,111,0.8,111,0,111,0,111,0,0,0,1.0,NA,NA,111,1.0,1.0,10.81081081081081,0.0,-10.81081081081081,0,0,0.0,0.0
loco_perturbed_iso,gnn,42,111,0.6,111,0,111,0,111,0,0,0,1.0,NA,NA,111,1.0,1.0,19.45945945945946,0.0,5.405405405405405,20,0,0.0,0.0
loco_perturbed_iso,gnn,43,111,0.8,111,0,111,0,111,0,0,0,1.0,NA,NA,111,1.0,1.0,10.81081081081081,0.0,-10.81081081081081,0,0,0.0,0.0
loco_perturbed_iso,gnn,43,111,0.6,111,0,111,0,111,0,0,0,1.0,NA,NA,111,1.0,1.0,18.37837837837838,0.0,8.64864864864865,21,0,0.0,0.0
loco_perturbed_iso,gnn,44,111,0.8,111,0,111,0,111,0,0,0,1.0,NA,NA,111,1.0,1.0,10.81081081081081,0.0,-10.81081081081081,0,0,0.0,0.0
loco_perturbed_iso,gnn,44,111,0.6,111,0,111,0,111,0,0,0,1.0,NA,NA,111,1.0,1.0,21.62162162162162,0.0,1.0810810810810811,20,0,0.0,0.0
loco_perturbed_iso,gnn,45,111,0.8,111,0,111,0,111,0,0,0,1.0,NA,NA,111,1.0,1.0,8.64864864864865,0.0,-8.64864864864865,0,0,0.0,0.0
loco_perturbed_iso,gnn,45,111,0.6,111,0,111,0,111,0,0,0,1.0,NA,NA,111,1.0,1.0,19.45945945945946,0.0,1.0810810810810811,19,0,0.0,0.0
loco_perturbed_iso,gnn,46,111,0.8,111,0,111,0,111,0,0,0,1.0,NA,NA,111,1.0,1.0,10.27027027027027,0.0,-10.27027027027027,0,0,0.0,0.0
loco_perturbed_iso,gnn,46,111,0.6,111,0,111,0,111,0,0,0,1.0,NA,NA,111,1.0,1.0,18.37837837837838,0.0,0.0,16,0,0.0,0.0
loco_perturbed_iso,gnn_zero_edge_features,42,111,0.8,111,0,111,0,111,0,0,0,1.0,NA,NA,111,1.0,1.0,10.81081081081081,0.0,-10.81081081081081,0,0,0.0,0.0
loco_perturbed_iso,gnn_zero_edge_features,42,111,0.6,111,0,111,0,111,0,0,0,1.0,NA,NA,111,1.0,1.0,18.37837837837838,0.0,3.2432432432432434,18,0,0.0,0.0
loco_perturbed_iso,gnn_zero_edge_features,43,111,0.8,111,0,111,0,111,0,0,0,1.0,NA,NA,111,1.0,1.0,10.81081081081081,0.0,-10.81081081081081,0,0,0.0,0.0
loco_perturbed_iso,gnn_zero_edge_features,43,111,0.6,111,0,111,0,111,0,0,0,1.0,NA,NA,111,1.0,1.0,18.91891891891892,0.0,1.6216216216216217,16,0,0.0,0.0
loco_perturbed_iso,gnn_zero_edge_features,44,111,0.8,111,0,111,0,111,0,0,0,1.0,NA,NA,111,1.0,1.0,10.81081081081081,0.0,-10.81081081081081,0,0,0.0,0.0
loco_perturbed_iso,gnn_zero_edge_features,44,111,0.6,111,0,111,0,111,0,0,0,1.0,NA,NA,111,1.0,1.0,17.83783783783784,0.0,10.27027027027027,22,0,0.0,0.0
loco_perturbed_iso,gnn_zero_edge_features,45,111,0.8,111,0,111,0,111,0,0,0,1.0,NA,NA,111,1.0,1.0,11.35135135135135,0.0,-11.35135135135135,0,0,0.0,0.0
loco_perturbed_iso,gnn_zero_edge_features,45,111,0.6,111,0,111,0,111,0,0,0,1.0,NA,NA,111,1.0,1.0,17.83783783783784,0.0,4.864864864864865,19,0,0.0,0.0
loco_perturbed_iso,gnn_zero_edge_features,46,111,0.8,111,0,111,0,111,0,0,0,1.0,NA,NA,111,1.0,1.0,10.81081081081081,0.0,-10.81081081081081,0,0,0.0,0.0
loco_perturbed_iso,gnn_zero_edge_features,46,111,0.6,111,0,111,0,111,0,0,0,1.0,NA,NA,111,1.0,1.0,21.08108108108108,0.0,14.594594594594595,28,0,0.0,0.0
loco_perturbed_iso,gnn_mean,42,111,0.8,111,0,111,0,111,0,0,0,1.0,NA,NA,111,1.0,1.0,10.27027027027027,0.0,-10.27027027027027,0,0,0.0,0.0
loco_perturbed_iso,gnn_mean,42,111,0.6,111,0,111,0,111,0,0,0,1.0,NA,NA,111,1.0,1.0,19.45945945945946,0.0,5.405405405405405,21,0,0.0,0.0
loco_perturbed_iso,gnn_mean,43,111,0.8,111,0,111,0,111,0,0,0,1.0,NA,NA,111,1.0,1.0,9.18918918918919,0.0,-9.18918918918919,0,0,0.0,0.0
loco_perturbed_iso,gnn_mean,43,111,0.6,111,0,111,0,111,0,0,0,1.0,NA,NA,111,1.0,1.0,18.37837837837838,0.0,4.324324324324325,18,0,0.0,0.0
loco_perturbed_iso,gnn_mean,44,111,0.8,111,0,111,0,111,0,0,0,1.0,NA,NA,111,1.0,1.0,10.27027027027027,0.0,-10.27027027027027,0,0,0.0,0.0
loco_perturbed_iso,gnn_mean,44,111,0.6,111,0,111,0,111,0,0,0,1.0,NA,NA,111,1.0,1.0,17.83783783783784,0.0,10.27027027027027,24,0,0.0,0.0
loco_perturbed_iso,gnn_mean,45,111,0.8,111,0,111,0,111,0,0,0,1.0,NA,NA,111,1.0,1.0,9.18918918918919,0.0,-9.18918918918919,0,0,0.0,0.0
loco_perturbed_iso,gnn_mean,45,111,0.6,111,0,111,0,111,0,0,0,1.0,NA,NA,111,1.0,1.0,17.83783783783784,0.0,4.864864864864865,19,0,0.0,0.0
loco_perturbed_iso,gnn_mean,46,111,0.8,111,0,111,0,111,0,0,0,1.0,NA,NA,111,1.0,1.0,10.81081081081081,0.0,-10.81081081081081,0,0,0.0,0.0
loco_perturbed_iso,gnn_mean,46,111,0.6,111,0,111,0,111,0,0,0,1.0,NA,NA,111,1.0,1.0,17.2972972972973,0.0,5.405405405405405,19,0,0.0,0.0
loco_plateau,fire_only,42,103,0.8,103,0,103,0,103,0,0,0,1.0,NA,NA,103,1.0,1.0,9.902912621359222,0.0,-9.902912621359222,0,0,0.0,0.0
loco_plateau,fire_only,42,103,0.6,103,0,103,0,103,0,0,0,1.0,NA,NA,103,1.0,1.0,40.77669902912621,60.0,8.155339805825243,35,0,0.0,0.0
loco_plateau,fire_only,43,103,0.8,103,0,103,0,103,0,0,0,1.0,NA,NA,103,1.0,1.0,9.902912621359222,0.0,-9.902912621359222,0,0,0.0,0.0
loco_plateau,fire_only,43,103,0.6,103,0,103,0,103,0,0,0,1.0,NA,NA,103,1.0,1.0,40.77669902912621,60.0,8.155339805825243,35,0,0.0,0.0
loco_plateau,fire_only,44,103,0.8,103,0,103,0,103,0,0,0,1.0,NA,NA,103,1.0,1.0,9.902912621359222,0.0,-9.902912621359222,0,0,0.0,0.0
loco_plateau,fire_only,44,103,0.6,103,0,103,0,103,0,0,0,1.0,NA,NA,103,1.0,1.0,40.77669902912621,60.0,8.155339805825243,35,0,0.0,0.0
loco_plateau,fire_only,45,103,0.8,103,0,103,0,103,0,0,0,1.0,NA,NA,103,1.0,1.0,9.902912621359222,0.0,-9.902912621359222,0,0,0.0,0.0
loco_plateau,fire_only,45,103,0.6,103,0,103,0,103,0,0,0,1.0,NA,NA,103,1.0,1.0,40.77669902912621,60.0,8.155339805825243,35,0,0.0,0.0
loco_plateau,fire_only,46,103,0.8,103,0,103,0,103,0,0,0,1.0,NA,NA,103,1.0,1.0,9.902912621359222,0.0,-9.902912621359222,0,0,0.0,0.0
loco_plateau,fire_only,46,103,0.6,103,0,103,0,103,0,0,0,1.0,NA,NA,103,1.0,1.0,40.77669902912621,60.0,8.155339805825243,35,0,0.0,0.0
loco_plateau,global_stats,42,103,0.8,103,0,103,0,103,0,0,0,1.0,NA,NA,103,1.0,1.0,6.990291262135922,0.0,-2.3300970873786406,4,0,0.0,0.0
loco_plateau,global_stats,42,103,0.6,103,0,103,0,103,0,0,0,1.0,NA,NA,103,1.0,1.0,29.12621359223301,0.0,3.495145631067961,25,0,0.0,0.0
loco_plateau,global_stats,43,103,0.8,103,0,103,0,103,0,0,0,1.0,NA,NA,103,1.0,1.0,6.990291262135922,0.0,-2.3300970873786406,4,0,0.0,0.0
loco_plateau,global_stats,43,103,0.6,103,0,103,0,103,0,0,0,1.0,NA,NA,103,1.0,1.0,27.37864077669903,0.0,8.737864077669903,28,0,0.0,0.0
loco_plateau,global_stats,44,103,0.8,103,0,103,0,103,0,0,0,1.0,NA,NA,103,1.0,1.0,6.990291262135922,0.0,-2.3300970873786406,4,0,0.0,0.0
loco_plateau,global_stats,44,103,0.6,103,0,103,0,103,0,0,0,1.0,NA,NA,103,1.0,1.0,29.12621359223301,0.0,13.980582524271844,33,0,0.0,0.0
loco_plateau,global_stats,45,103,0.8,103,0,103,0,103,0,0,0,1.0,NA,NA,103,1.0,1.0,6.990291262135922,0.0,-2.3300970873786406,4,0,0.0,0.0
loco_plateau,global_stats,45,103,0.6,103,0,103,0,103,0,0,0,1.0,NA,NA,103,1.0,1.0,28.54368932038835,0.0,7.572815533980583,28,0,0.0,0.0
loco_plateau,global_stats,46,103,0.8,103,0,103,0,103,0,0,0,1.0,NA,NA,103,1.0,1.0,6.990291262135922,0.0,-2.3300970873786406,4,0,0.0,0.0
loco_plateau,global_stats,46,103,0.6,103,0,103,0,103,0,0,0,1.0,NA,NA,103,1.0,1.0,26.796116504854368,0.0,9.320388349514563,28,0,0.0,0.0
loco_plateau,deepsets,42,103,0.8,103,0,103,0,103,0,0,0,1.0,NA,NA,103,1.0,1.0,6.407766990291262,0.0,-1.7475728155339805,4,0,0.0,0.0
loco_plateau,deepsets,42,103,0.6,103,0,103,0,103,0,0,0,1.0,NA,NA,103,1.0,1.0,24.466019417475728,0.0,1.1650485436893203,22,0,0.0,0.0
loco_plateau,deepsets,43,103,0.8,103,0,103,0,103,0,0,0,1.0,NA,NA,103,1.0,1.0,7.572815533980583,0.0,-4.077669902912621,3,0,0.0,0.0
loco_plateau,deepsets,43,103,0.6,103,0,103,0,103,0,0,0,1.0,NA,NA,103,1.0,1.0,22.718446601941746,0.0,-0.5825242718446602,19,0,0.0,0.0
loco_plateau,deepsets,44,103,0.8,103,0,103,0,103,0,0,0,1.0,NA,NA,103,1.0,1.0,6.990291262135922,0.0,-2.3300970873786406,4,0,0.0,0.0
loco_plateau,deepsets,44,103,0.6,103,0,103,0,103,0,0,0,1.0,NA,NA,103,1.0,1.0,25.631067961165048,0.0,12.815533980582524,32,0,0.0,0.0
loco_plateau,deepsets,45,103,0.8,103,0,103,0,103,0,0,0,1.0,NA,NA,103,1.0,1.0,6.407766990291262,0.0,-2.912621359223301,3,0,0.0,0.0
loco_plateau,deepsets,45,103,0.6,103,0,103,0,103,0,0,0,1.0,NA,NA,103,1.0,1.0,25.04854368932039,0.0,-4.077669902912621,18,0,0.0,0.0
loco_plateau,deepsets,46,103,0.8,103,0,103,0,103,0,0,0,1.0,NA,NA,103,1.0,1.0,5.825242718446602,0.0,-1.1650485436893203,4,0,0.0,0.0
loco_plateau,deepsets,46,103,0.6,103,0,103,0,103,0,0,0,1.0,NA,NA,103,1.0,1.0,25.04854368932039,0.0,2.912621359223301,24,0,0.0,0.0
loco_plateau,capacity_matched_deepsets,42,103,0.8,103,0,103,0,103,0,0,0,1.0,NA,NA,103,1.0,1.0,6.990291262135922,0.0,-1.1650485436893203,5,0,0.0,0.0
loco_plateau,capacity_matched_deepsets,42,103,0.6,103,0,103,0,103,0,0,0,1.0,NA,NA,103,1.0,1.0,23.883495145631066,0.0,-1.7475728155339805,19,0,0.0,0.0
loco_plateau,capacity_matched_deepsets,43,103,0.8,103,0,103,0,103,0,0,0,1.0,NA,NA,103,1.0,1.0,8.155339805825243,0.0,-3.495145631067961,4,0,0.0,0.0
loco_plateau,capacity_matched_deepsets,43,103,0.6,103,0,103,0,103,0,0,0,1.0,NA,NA,103,1.0,1.0,24.466019417475728,0.0,-2.3300970873786406,19,0,0.0,0.0
loco_plateau,capacity_matched_deepsets,44,103,0.8,103,0,103,0,103,0,0,0,1.0,NA,NA,103,1.0,1.0,6.990291262135922,0.0,-2.3300970873786406,4,0,0.0,0.0
loco_plateau,capacity_matched_deepsets,44,103,0.6,103,0,103,0,103,0,0,0,1.0,NA,NA,103,1.0,1.0,24.466019417475728,0.0,1.1650485436893203,20,0,0.0,0.0
loco_plateau,capacity_matched_deepsets,45,103,0.8,103,0,103,0,103,0,0,0,1.0,NA,NA,103,1.0,1.0,6.990291262135922,0.0,-1.1650485436893203,5,0,0.0,0.0
loco_plateau,capacity_matched_deepsets,45,103,0.6,103,0,103,0,103,0,0,0,1.0,NA,NA,103,1.0,1.0,25.631067961165048,0.0,13.980582524271844,31,0,0.0,0.0
loco_plateau,capacity_matched_deepsets,46,103,0.8,103,0,103,0,103,0,0,0,1.0,NA,NA,103,1.0,1.0,6.990291262135922,0.0,-2.3300970873786406,4,0,0.0,0.0
loco_plateau,capacity_matched_deepsets,46,103,0.6,103,0,103,0,103,0,0,0,1.0,NA,NA,103,1.0,1.0,22.135922330097088,0.0,3.495145631067961,21,0,0.0,0.0
loco_plateau,gnn,42,103,0.8,103,0,103,0,103,0,0,0,1.0,NA,NA,103,1.0,1.0,10.485436893203884,0.0,0.0,9,0,0.0,0.0
loco_plateau,gnn,42,103,0.6,103,0,103,0,103,0,0,0,1.0,NA,NA,103,1.0,1.0,25.04854368932039,0.0,6.407766990291262,27,0,0.0,0.0
loco_plateau,gnn,43,103,0.8,103,0,103,0,103,0,0,0,1.0,NA,NA,103,1.0,1.0,8.155339805825243,0.0,1.1650485436893203,8,0,0.0,0.0
loco_plateau,gnn,43,103,0.6,103,0,103,0,103,0,0,0,1.0,NA,NA,103,1.0,1.0,23.300970873786408,0.0,3.495145631067961,23,0,0.0,0.0
loco_plateau,gnn,44,103,0.8,103,0,103,0,103,0,0,0,1.0,NA,NA,103,1.0,1.0,7.572815533980583,0.0,-4.077669902912621,3,0,0.0,0.0
loco_plateau,gnn,44,103,0.6,103,0,103,0,103,0,0,0,1.0,NA,NA,103,1.0,1.0,22.135922330097088,0.0,-3.495145631067961,16,0,0.0,0.0
loco_plateau,gnn,45,103,0.8,103,0,103,0,103,0,0,0,1.0,NA,NA,103,1.0,1.0,7.572815533980583,0.0,0.5825242718446602,7,0,0.0,0.0
loco_plateau,gnn,45,103,0.6,103,0,103,0,103,0,0,0,1.0,NA,NA,103,1.0,1.0,20.97087378640777,0.0,8.155339805825243,25,0,0.0,0.0
loco_plateau,gnn,46,103,0.8,103,0,103,0,103,0,0,0,1.0,NA,NA,103,1.0,1.0,8.155339805825243,0.0,-3.495145631067961,4,0,0.0,0.0
loco_plateau,gnn,46,103,0.6,103,0,103,0,103,0,0,0,1.0,NA,NA,103,1.0,1.0,26.21359223300971,0.0,13.398058252427184,33,0,0.0,0.0
loco_plateau,gnn_zero_edge_features,42,103,0.8,103,0,103,0,103,0,0,0,1.0,NA,NA,103,1.0,1.0,8.155339805825243,0.0,-2.3300970873786406,5,0,0.0,0.0
loco_plateau,gnn_zero_edge_features,42,103,0.6,103,0,103,0,103,0,0,0,1.0,NA,NA,103,1.0,1.0,23.883495145631066,0.0,-6.407766990291262,15,0,0.0,0.0
loco_plateau,gnn_zero_edge_features,43,103,0.8,103,0,103,0,103,0,0,0,1.0,NA,NA,103,1.0,1.0,7.572815533980583,0.0,-2.912621359223301,4,0,0.0,0.0
loco_plateau,gnn_zero_edge_features,43,103,0.6,103,0,103,0,103,0,0,0,1.0,NA,NA,103,1.0,1.0,22.135922330097088,0.0,2.3300970873786406,21,0,0.0,0.0
loco_plateau,gnn_zero_edge_features,44,103,0.8,103,0,103,0,103,0,0,0,1.0,NA,NA,103,1.0,1.0,6.990291262135922,0.0,-3.495145631067961,3,0,0.0,0.0
loco_plateau,gnn_zero_edge_features,44,103,0.6,103,0,103,0,103,0,0,0,1.0,NA,NA,103,1.0,1.0,23.300970873786408,0.0,10.485436893203884,29,0,0.0,0.0
loco_plateau,gnn_zero_edge_features,45,103,0.8,103,0,103,0,103,0,0,0,1.0,NA,NA,103,1.0,1.0,6.990291262135922,0.0,-1.1650485436893203,5,0,0.0,0.0
loco_plateau,gnn_zero_edge_features,45,103,0.6,103,0,103,0,103,0,0,0,1.0,NA,NA,103,1.0,1.0,27.961165048543688,0.0,16.310679611650485,36,0,0.0,0.0
loco_plateau,gnn_zero_edge_features,46,103,0.8,103,0,103,0,103,0,0,0,1.0,NA,NA,103,1.0,1.0,6.407766990291262,0.0,-2.912621359223301,3,0,0.0,0.0
loco_plateau,gnn_zero_edge_features,46,103,0.6,103,0,103,0,103,0,0,0,1.0,NA,NA,103,1.0,1.0,26.796116504854368,0.0,6.990291262135922,27,0,0.0,0.0
loco_plateau,gnn_mean,42,103,0.8,103,0,103,0,103,0,0,0,1.0,NA,NA,103,1.0,1.0,8.737864077669903,0.0,-1.7475728155339805,6,0,0.0,0.0
loco_plateau,gnn_mean,42,103,0.6,103,0,103,0,103,0,0,0,1.0,NA,NA,103,1.0,1.0,21.553398058252426,0.0,6.407766990291262,24,0,0.0,0.0
loco_plateau,gnn_mean,43,103,0.8,103,0,103,0,103,0,0,0,1.0,NA,NA,103,1.0,1.0,6.407766990291262,0.0,-1.7475728155339805,4,0,0.0,0.0
loco_plateau,gnn_mean,43,103,0.6,103,0,103,0,103,0,0,0,1.0,NA,NA,103,1.0,1.0,15.728155339805825,0.0,-2.912621359223301,11,0,0.0,0.0
loco_plateau,gnn_mean,44,103,0.8,103,0,103,0,103,0,0,0,1.0,NA,NA,103,1.0,1.0,8.155339805825243,0.0,-1.1650485436893203,6,0,0.0,0.0
loco_plateau,gnn_mean,44,103,0.6,103,0,103,0,103,0,0,0,1.0,NA,NA,103,1.0,1.0,20.388349514563107,0.0,6.407766990291262,23,0,0.0,0.0
loco_plateau,gnn_mean,45,103,0.8,103,0,103,0,103,0,0,0,1.0,NA,NA,103,1.0,1.0,6.990291262135922,0.0,-1.1650485436893203,5,0,0.0,0.0
loco_plateau,gnn_mean,45,103,0.6,103,0,103,0,103,0,0,0,1.0,NA,NA,103,1.0,1.0,21.553398058252426,0.0,-2.912621359223301,16,0,0.0,0.0
loco_plateau,gnn_mean,46,103,0.8,103,0,103,0,103,0,0,0,1.0,NA,NA,103,1.0,1.0,7.572815533980583,0.0,-2.912621359223301,4,0,0.0,0.0
loco_plateau,gnn_mean,46,103,0.6,103,0,103,0,103,0,0,0,1.0,NA,NA,103,1.0,1.0,20.388349514563107,0.0,1.7475728155339805,19,0,0.0,0.0
loco_decay,fire_only,42,113,0.8,113,0,113,0,113,0,0,0,1.0,NA,NA,113,1.0,1.0,17.52212389380531,0.0,-17.52212389380531,0,0,0.0,0.0
loco_decay,fire_only,42,113,0.6,113,0,113,0,113,0,0,0,1.0,NA,NA,113,1.0,1.0,48.849557522123895,60.0,12.743362831858407,45,0,0.0,0.0
loco_decay,fire_only,43,113,0.8,113,0,113,0,113,0,0,0,1.0,NA,NA,113,1.0,1.0,17.52212389380531,0.0,-17.52212389380531,0,0,0.0,0.0
loco_decay,fire_only,43,113,0.6,113,0,113,0,113,0,0,0,1.0,NA,NA,113,1.0,1.0,48.849557522123895,60.0,12.743362831858407,45,0,0.0,0.0
loco_decay,fire_only,44,113,0.8,113,0,113,0,113,0,0,0,1.0,NA,NA,113,1.0,1.0,17.52212389380531,0.0,-17.52212389380531,0,0,0.0,0.0
loco_decay,fire_only,44,113,0.6,113,0,113,0,113,0,0,0,1.0,NA,NA,113,1.0,1.0,48.849557522123895,60.0,12.743362831858407,45,0,0.0,0.0
loco_decay,fire_only,45,113,0.8,113,0,113,0,113,0,0,0,1.0,NA,NA,113,1.0,1.0,17.52212389380531,0.0,-17.52212389380531,0,0,0.0,0.0
loco_decay,fire_only,45,113,0.6,113,0,113,0,113,0,0,0,1.0,NA,NA,113,1.0,1.0,48.849557522123895,60.0,12.743362831858407,45,0,0.0,0.0
loco_decay,fire_only,46,113,0.8,113,0,113,0,113,0,0,0,1.0,NA,NA,113,1.0,1.0,17.52212389380531,0.0,-17.52212389380531,0,0,0.0,0.0
loco_decay,fire_only,46,113,0.6,113,0,113,0,113,0,0,0,1.0,NA,NA,113,1.0,1.0,48.849557522123895,60.0,12.743362831858407,45,0,0.0,0.0
loco_decay,global_stats,42,113,0.8,113,0,113,0,113,0,0,0,1.0,NA,NA,113,1.0,1.0,9.557522123893806,0.0,-3.185840707964602,6,0,0.0,0.0
loco_decay,global_stats,42,113,0.6,113,0,113,0,113,0,0,0,1.0,NA,NA,113,1.0,1.0,27.079646017699115,0.0,3.7168141592920354,26,0,0.0,0.0
loco_decay,global_stats,43,113,0.8,113,0,113,0,113,0,0,0,1.0,NA,NA,113,1.0,1.0,9.557522123893806,0.0,-3.185840707964602,6,0,0.0,0.0
loco_decay,global_stats,43,113,0.6,113,0,113,0,113,0,0,0,1.0,NA,NA,113,1.0,1.0,27.079646017699115,0.0,3.7168141592920354,26,0,0.0,0.0
loco_decay,global_stats,44,113,0.8,113,0,113,0,113,0,0,0,1.0,NA,NA,113,1.0,1.0,9.557522123893806,0.0,-3.185840707964602,6,0,0.0,0.0
loco_decay,global_stats,44,113,0.6,113,0,113,0,113,0,0,0,1.0,NA,NA,113,1.0,1.0,27.079646017699115,0.0,4.778761061946903,27,0,0.0,0.0
loco_decay,global_stats,45,113,0.8,113,0,113,0,113,0,0,0,1.0,NA,NA,113,1.0,1.0,9.557522123893806,0.0,-3.185840707964602,6,0,0.0,0.0
loco_decay,global_stats,45,113,0.6,113,0,113,0,113,0,0,0,1.0,NA,NA,113,1.0,1.0,28.141592920353983,0.0,2.6548672566371683,26,0,0.0,0.0
loco_decay,global_stats,46,113,0.8,113,0,113,0,113,0,0,0,1.0,NA,NA,113,1.0,1.0,10.619469026548673,0.0,-6.371681415929204,4,0,0.0,0.0
loco_decay,global_stats,46,113,0.6,113,0,113,0,113,0,0,0,1.0,NA,NA,113,1.0,1.0,27.079646017699115,0.0,4.778761061946903,27,0,0.0,0.0
loco_decay,deepsets,42,113,0.8,113,0,113,0,113,0,0,0,1.0,NA,NA,113,1.0,1.0,12.212389380530974,0.0,-9.026548672566372,3,0,0.0,0.0
loco_decay,deepsets,42,113,0.6,113,0,113,0,113,0,0,0,1.0,NA,NA,113,1.0,1.0,25.486725663716815,0.0,-5.3097345132743365,18,0,0.0,0.0
loco_decay,deepsets,43,113,0.8,113,0,113,0,113,0,0,0,1.0,NA,NA,113,1.0,1.0,13.274336283185841,0.0,-7.964601769911504,5,0,0.0,0.0
loco_decay,deepsets,43,113,0.6,113,0,113,0,113,0,0,0,1.0,NA,NA,113,1.0,1.0,20.707964601769913,0.0,0.5309734513274337,19,0,0.0,0.0
loco_decay,deepsets,44,113,0.8,113,0,113,0,113,0,0,0,1.0,NA,NA,113,1.0,1.0,11.150442477876107,0.0,-7.964601769911504,3,0,0.0,0.0
loco_decay,deepsets,44,113,0.6,113,0,113,0,113,0,0,0,1.0,NA,NA,113,1.0,1.0,21.76991150442478,0.0,-5.84070796460177,14,0,0.0,0.0
loco_decay,deepsets,45,113,0.8,113,0,113,0,113,0,0,0,1.0,NA,NA,113,1.0,1.0,10.619469026548673,0.0,-5.3097345132743365,5,0,0.0,0.0
loco_decay,deepsets,45,113,0.6,113,0,113,0,113,0,0,0,1.0,NA,NA,113,1.0,1.0,22.831858407079647,0.0,2.6548672566371683,23,0,0.0,0.0
loco_decay,deepsets,46,113,0.8,113,0,113,0,113,0,0,0,1.0,NA,NA,113,1.0,1.0,12.212389380530974,0.0,-6.902654867256637,5,0,0.0,0.0
loco_decay,deepsets,46,113,0.6,113,0,113,0,113,0,0,0,1.0,NA,NA,113,1.0,1.0,21.76991150442478,0.0,0.5309734513274337,20,0,0.0,0.0
loco_decay,capacity_matched_deepsets,42,113,0.8,113,0,113,0,113,0,0,0,1.0,NA,NA,113,1.0,1.0,10.619469026548673,0.0,-4.247787610619469,6,0,0.0,0.0
loco_decay,capacity_matched_deepsets,42,113,0.6,113,0,113,0,113,0,0,0,1.0,NA,NA,113,1.0,1.0,22.300884955752213,0.0,-4.247787610619469,16,0,0.0,0.0
loco_decay,capacity_matched_deepsets,43,113,0.8,113,0,113,0,113,0,0,0,1.0,NA,NA,113,1.0,1.0,11.68141592920354,0.0,-7.433628318584071,4,0,0.0,0.0
loco_decay,capacity_matched_deepsets,43,113,0.6,113,0,113,0,113,0,0,0,1.0,NA,NA,113,1.0,1.0,23.893805309734514,0.0,-4.778761061946903,17,0,0.0,0.0
loco_decay,capacity_matched_deepsets,44,113,0.8,113,0,113,0,113,0,0,0,1.0,NA,NA,113,1.0,1.0,12.212389380530974,0.0,-7.964601769911504,4,0,0.0,0.0
loco_decay,capacity_matched_deepsets,44,113,0.6,113,0,113,0,113,0,0,0,1.0,NA,NA,113,1.0,1.0,21.238938053097346,0.0,-2.1238938053097347,17,0,0.0,0.0
loco_decay,capacity_matched_deepsets,45,113,0.8,113,0,113,0,113,0,0,0,1.0,NA,NA,113,1.0,1.0,11.150442477876107,0.0,-7.964601769911504,3,0,0.0,0.0
loco_decay,capacity_matched_deepsets,45,113,0.6,113,0,113,0,113,0,0,0,1.0,NA,NA,113,1.0,1.0,24.95575221238938,0.0,-5.84070796460177,17,0,0.0,0.0
loco_decay,capacity_matched_deepsets,46,113,0.8,113,0,113,0,113,0,0,0,1.0,NA,NA,113,1.0,1.0,11.150442477876107,0.0,-3.7168141592920354,7,0,0.0,0.0
loco_decay,capacity_matched_deepsets,46,113,0.6,113,0,113,0,113,0,0,0,1.0,NA,NA,113,1.0,1.0,22.831858407079647,0.0,-2.6548672566371683,18,0,0.0,0.0
loco_decay,gnn,42,113,0.8,113,0,113,0,113,0,0,0,1.0,NA,NA,113,1.0,1.0,9.557522123893806,0.0,-4.247787610619469,5,0,0.0,0.0
loco_decay,gnn,42,113,0.6,113,0,113,0,113,0,0,0,1.0,NA,NA,113,1.0,1.0,18.58407079646018,0.0,2.6548672566371683,19,0,0.0,0.0
loco_decay,gnn,43,113,0.8,113,0,113,0,113,0,0,0,1.0,NA,NA,113,1.0,1.0,14.867256637168142,0.0,-7.433628318584071,7,0,0.0,0.0
loco_decay,gnn,43,113,0.6,113,0,113,0,113,0,0,0,1.0,NA,NA,113,1.0,1.0,21.238938053097346,0.0,-4.247787610619469,16,0,0.0,0.0
loco_decay,gnn,44,113,0.8,113,0,113,0,113,0,0,0,1.0,NA,NA,113,1.0,1.0,11.150442477876107,0.0,-7.964601769911504,3,0,0.0,0.0
loco_decay,gnn,44,113,0.6,113,0,113,0,113,0,0,0,1.0,NA,NA,113,1.0,1.0,20.17699115044248,0.0,-4.247787610619469,14,0,0.0,0.0
loco_decay,gnn,45,113,0.8,113,0,113,0,113,0,0,0,1.0,NA,NA,113,1.0,1.0,11.68141592920354,0.0,-5.3097345132743365,6,0,0.0,0.0
loco_decay,gnn,45,113,0.6,113,0,113,0,113,0,0,0,1.0,NA,NA,113,1.0,1.0,20.707964601769913,0.0,-0.5309734513274337,18,0,0.0,0.0
loco_decay,gnn,46,113,0.8,113,0,113,0,113,0,0,0,1.0,NA,NA,113,1.0,1.0,13.805309734513274,0.0,-10.619469026548673,3,0,0.0,0.0
loco_decay,gnn,46,113,0.6,113,0,113,0,113,0,0,0,1.0,NA,NA,113,1.0,1.0,22.300884955752213,0.0,-9.557522123893806,12,0,0.0,0.0
loco_decay,gnn_zero_edge_features,42,113,0.8,113,0,113,0,113,0,0,0,1.0,NA,NA,113,1.0,1.0,10.08849557522124,0.0,-7.964601769911504,2,0,0.0,0.0
loco_decay,gnn_zero_edge_features,42,113,0.6,113,0,113,0,113,0,0,0,1.0,NA,NA,113,1.0,1.0,22.831858407079647,0.0,-9.026548672566372,12,0,0.0,0.0
loco_decay,gnn_zero_edge_features,43,113,0.8,113,0,113,0,113,0,0,0,1.0,NA,NA,113,1.0,1.0,11.150442477876107,0.0,-5.84070796460177,5,0,0.0,0.0
loco_decay,gnn_zero_edge_features,43,113,0.6,113,0,113,0,113,0,0,0,1.0,NA,NA,113,1.0,1.0,22.300884955752213,0.0,-5.3097345132743365,15,0,0.0,0.0
loco_decay,gnn_zero_edge_features,44,113,0.8,113,0,113,0,113,0,0,0,1.0,NA,NA,113,1.0,1.0,10.08849557522124,0.0,-3.7168141592920354,6,0,0.0,0.0
loco_decay,gnn_zero_edge_features,44,113,0.6,113,0,113,0,113,0,0,0,1.0,NA,NA,113,1.0,1.0,19.115044247787612,0.0,-3.185840707964602,14,0,0.0,0.0
loco_decay,gnn_zero_edge_features,45,113,0.8,113,0,113,0,113,0,0,0,1.0,NA,NA,113,1.0,1.0,10.619469026548673,0.0,-5.3097345132743365,5,0,0.0,0.0
loco_decay,gnn_zero_edge_features,45,113,0.6,113,0,113,0,113,0,0,0,1.0,NA,NA,113,1.0,1.0,23.893805309734514,0.0,-5.84070796460177,16,0,0.0,0.0
loco_decay,gnn_zero_edge_features,46,113,0.8,113,0,113,0,113,0,0,0,1.0,NA,NA,113,1.0,1.0,9.026548672566372,0.0,1.592920353982301,10,0,0.0,0.0
loco_decay,gnn_zero_edge_features,46,113,0.6,113,0,113,0,113,0,0,0,1.0,NA,NA,113,1.0,1.0,23.36283185840708,0.0,-1.0619469026548674,20,0,0.0,0.0
loco_decay,gnn_mean,42,113,0.8,113,0,113,0,113,0,0,0,1.0,NA,NA,113,1.0,1.0,11.68141592920354,0.0,-7.433628318584071,4,0,0.0,0.0
loco_decay,gnn_mean,42,113,0.6,113,0,113,0,113,0,0,0,1.0,NA,NA,113,1.0,1.0,20.17699115044248,0.0,1.0619469026548674,20,0,0.0,0.0
loco_decay,gnn_mean,43,113,0.8,113,0,113,0,113,0,0,0,1.0,NA,NA,113,1.0,1.0,12.212389380530974,0.0,-9.026548672566372,3,0,0.0,0.0
loco_decay,gnn_mean,43,113,0.6,113,0,113,0,113,0,0,0,1.0,NA,NA,113,1.0,1.0,21.76991150442478,0.0,0.5309734513274337,21,0,0.0,0.0
loco_decay,gnn_mean,44,113,0.8,113,0,113,0,113,0,0,0,1.0,NA,NA,113,1.0,1.0,10.08849557522124,0.0,-7.964601769911504,2,0,0.0,0.0
loco_decay,gnn_mean,44,113,0.6,113,0,113,0,113,0,0,0,1.0,NA,NA,113,1.0,1.0,20.17699115044248,0.0,-3.185840707964602,16,0,0.0,0.0
loco_decay,gnn_mean,45,113,0.8,113,0,113,0,113,0,0,0,1.0,NA,NA,113,1.0,1.0,10.08849557522124,0.0,-3.7168141592920354,6,0,0.0,0.0
loco_decay,gnn_mean,45,113,0.6,113,0,113,0,113,0,0,0,1.0,NA,NA,113,1.0,1.0,20.707964601769913,0.0,0.5309734513274337,19,0,0.0,0.0
loco_decay,gnn_mean,46,113,0.8,113,0,113,0,113,0,0,0,1.0,NA,NA,113,1.0,1.0,11.150442477876107,0.0,-9.026548672566372,2,0,0.0,0.0
loco_decay,gnn_mean,46,113,0.6,113,0,113,0,113,0,0,0,1.0,NA,NA,113,1.0,1.0,21.238938053097346,0.0,0.0,19,0,0.0,0.0
loco_log_variant,fire_only,42,69,0.8,69,0,69,0,69,0,0,0,1.0,NA,NA,69,1.0,1.0,6.956521739130435,0.0,-5.217391304347826,1,0,0.0,0.0
loco_log_variant,fire_only,42,69,0.6,69,0,69,0,69,0,0,0,1.0,NA,NA,69,1.0,1.0,85.21739130434783,60.0,34.78260869565217,35,0,0.0,0.0
loco_log_variant,fire_only,43,69,0.8,69,0,69,0,69,0,0,0,1.0,NA,NA,69,1.0,1.0,6.956521739130435,0.0,-5.217391304347826,1,0,0.0,0.0
loco_log_variant,fire_only,43,69,0.6,69,0,69,0,69,0,0,0,1.0,NA,NA,69,1.0,1.0,93.04347826086956,60.0,56.52173913043478,41,0,0.0,0.0
loco_log_variant,fire_only,44,69,0.8,69,0,69,0,69,0,0,0,1.0,NA,NA,69,1.0,1.0,7.826086956521739,0.0,-2.608695652173913,3,0,0.0,0.0
loco_log_variant,fire_only,44,69,0.6,69,0,69,0,69,0,0,0,1.0,NA,NA,69,1.0,1.0,86.95652173913044,60.0,36.52173913043478,36,0,0.0,0.0
loco_log_variant,fire_only,45,69,0.8,69,0,69,0,69,0,0,0,1.0,NA,NA,69,1.0,1.0,14.782608695652174,0.0,6.086956521739131,12,0,0.0,0.0
loco_log_variant,fire_only,45,69,0.6,69,0,69,0,69,0,0,0,1.0,NA,NA,69,1.0,1.0,129.56521739130434,60.0,119.1304347826087,49,0,0.0,0.0
loco_log_variant,fire_only,46,69,0.8,69,0,69,0,69,0,0,0,1.0,NA,NA,69,1.0,1.0,13.043478260869565,0.0,-11.304347826086957,1,0,0.0,0.0
loco_log_variant,fire_only,46,69,0.6,69,0,69,0,69,0,0,0,1.0,NA,NA,69,1.0,1.0,84.34782608695652,60.0,20.0,34,0,0.0,0.0
loco_log_variant,global_stats,42,69,0.8,69,0,69,0,69,0,0,0,1.0,NA,NA,69,1.0,1.0,26.08695652173913,0.0,-15.652173913043478,6,0,0.0,0.0
loco_log_variant,global_stats,42,69,0.6,69,0,69,0,69,0,0,0,1.0,NA,NA,69,1.0,1.0,81.73913043478261,60.0,57.391304347826086,36,0,0.0,0.0
loco_log_variant,global_stats,43,69,0.8,69,0,69,0,69,0,0,0,1.0,NA,NA,69,1.0,1.0,14.782608695652174,0.0,9.565217391304348,14,0,0.0,0.0
loco_log_variant,global_stats,43,69,0.6,69,0,69,0,69,0,0,0,1.0,NA,NA,69,1.0,1.0,96.52173913043478,60.0,75.65217391304348,41,0,0.0,0.0
loco_log_variant,global_stats,44,69,0.8,69,0,69,0,69,0,0,0,1.0,NA,NA,69,1.0,1.0,11.304347826086957,0.0,0.8695652173913043,7,0,0.0,0.0
loco_log_variant,global_stats,44,69,0.6,69,0,69,0,69,0,0,0,1.0,NA,NA,69,1.0,1.0,67.82608695652173,60.0,26.08695652173913,31,0,0.0,0.0
loco_log_variant,global_stats,45,69,0.8,69,0,69,0,69,0,0,0,1.0,NA,NA,69,1.0,1.0,24.347826086956523,0.0,-17.391304347826086,4,0,0.0,0.0
loco_log_variant,global_stats,45,69,0.6,69,0,69,0,69,0,0,0,1.0,NA,NA,69,1.0,1.0,65.21739130434783,60.0,23.47826086956522,31,0,0.0,0.0
loco_log_variant,global_stats,46,69,0.8,69,0,69,0,69,0,0,0,1.0,NA,NA,69,1.0,1.0,24.347826086956523,0.0,-19.130434782608695,3,0,0.0,0.0
loco_log_variant,global_stats,46,69,0.6,69,0,69,0,69,0,0,0,1.0,NA,NA,69,1.0,1.0,65.21739130434783,60.0,35.65217391304348,34,0,0.0,0.0
loco_log_variant,deepsets,42,69,0.8,69,0,69,0,69,0,0,0,1.0,NA,NA,69,1.0,1.0,27.82608695652174,0.0,-15.652173913043478,7,0,0.0,0.0
loco_log_variant,deepsets,42,69,0.6,69,0,69,0,69,0,0,0,1.0,NA,NA,69,1.0,1.0,50.43478260869565,60.0,26.08695652173913,29,0,0.0,0.0
loco_log_variant,deepsets,43,69,0.8,69,0,69,0,69,0,0,0,1.0,NA,NA,69,1.0,1.0,31.304347826086957,0.0,-15.652173913043478,7,0,0.0,0.0
loco_log_variant,deepsets,43,69,0.6,69,0,69,0,69,0,0,0,1.0,NA,NA,69,1.0,1.0,51.30434782608695,60.0,33.91304347826087,34,0,0.0,0.0
loco_log_variant,deepsets,44,69,0.8,69,0,69,0,69,0,0,0,1.0,NA,NA,69,1.0,1.0,24.347826086956523,0.0,-6.956521739130435,10,0,0.0,0.0
loco_log_variant,deepsets,44,69,0.6,69,0,69,0,69,0,0,0,1.0,NA,NA,69,1.0,1.0,55.65217391304348,60.0,-6.956521739130435,21,0,0.0,0.0
loco_log_variant,deepsets,45,69,0.8,69,0,69,0,69,0,0,0,1.0,NA,NA,69,1.0,1.0,32.17391304347826,60.0,-13.043478260869565,10,0,0.0,0.0
loco_log_variant,deepsets,45,69,0.6,69,0,69,0,69,0,0,0,1.0,NA,NA,69,1.0,1.0,46.08695652173913,60.0,13.043478260869565,22,0,0.0,0.0
loco_log_variant,deepsets,46,69,0.8,69,0,69,0,69,0,0,0,1.0,NA,NA,69,1.0,1.0,26.956521739130434,0.0,-21.73913043478261,3,0,0.0,0.0
loco_log_variant,deepsets,46,69,0.6,69,0,69,0,69,0,0,0,1.0,NA,NA,69,1.0,1.0,61.73913043478261,60.0,-46.08695652173913,9,0,0.0,0.0
loco_log_variant,capacity_matched_deepsets,42,69,0.8,69,0,69,0,69,0,0,0,1.0,NA,NA,69,1.0,1.0,29.565217391304348,0.0,-15.652173913043478,6,0,0.0,0.0
loco_log_variant,capacity_matched_deepsets,42,69,0.6,69,0,69,0,69,0,0,0,1.0,NA,NA,69,1.0,1.0,63.47826086956522,60.0,40.869565217391305,32,0,0.0,0.0
loco_log_variant,capacity_matched_deepsets,43,69,0.8,69,0,69,0,69,0,0,0,1.0,NA,NA,69,1.0,1.0,20.0,0.0,-14.782608695652174,3,0,0.0,0.0
loco_log_variant,capacity_matched_deepsets,43,69,0.6,69,0,69,0,69,0,0,0,1.0,NA,NA,69,1.0,1.0,60.869565217391305,60.0,34.78260869565217,32,0,0.0,0.0
loco_log_variant,capacity_matched_deepsets,44,69,0.8,69,0,69,0,69,0,0,0,1.0,NA,NA,69,1.0,1.0,26.956521739130434,0.0,-11.304347826086957,9,0,0.0,0.0
loco_log_variant,capacity_matched_deepsets,44,69,0.6,69,0,69,0,69,0,0,0,1.0,NA,NA,69,1.0,1.0,57.391304347826086,60.0,-20.869565217391305,17,0,0.0,0.0
loco_log_variant,capacity_matched_deepsets,45,69,0.8,69,0,69,0,69,0,0,0,1.0,NA,NA,69,1.0,1.0,26.08695652173913,0.0,-13.91304347826087,7,0,0.0,0.0
loco_log_variant,capacity_matched_deepsets,45,69,0.6,69,0,69,0,69,0,0,0,1.0,NA,NA,69,1.0,1.0,54.78260869565217,60.0,14.782608695652174,28,0,0.0,0.0
loco_log_variant,capacity_matched_deepsets,46,69,0.8,69,0,69,0,69,0,0,0,1.0,NA,NA,69,1.0,1.0,30.434782608695652,0.0,-14.782608695652174,7,0,0.0,0.0
loco_log_variant,capacity_matched_deepsets,46,69,0.6,69,0,69,0,69,0,0,0,1.0,NA,NA,69,1.0,1.0,50.43478260869565,60.0,-12.173913043478262,17,0,0.0,0.0
loco_log_variant,gnn,42,69,0.8,69,0,69,0,69,0,0,0,1.0,NA,NA,69,1.0,1.0,26.956521739130434,0.0,-20.0,3,0,0.0,0.0
loco_log_variant,gnn,42,69,0.6,69,0,69,0,69,0,0,0,1.0,NA,NA,69,1.0,1.0,52.17391304347826,60.0,0.0,22,0,0.0,0.0
loco_log_variant,gnn,43,69,0.8,69,0,69,0,69,0,0,0,1.0,NA,NA,69,1.0,1.0,28.695652173913043,0.0,-25.217391304347824,2,0,0.0,0.0
loco_log_variant,gnn,43,69,0.6,69,0,69,0,69,0,0,0,1.0,NA,NA,69,1.0,1.0,59.130434782608695,60.0,33.04347826086956,33,0,0.0,0.0
loco_log_variant,gnn,44,69,0.8,69,0,69,0,69,0,0,0,1.0,NA,NA,69,1.0,1.0,34.78260869565217,0.0,-1.7391304347826086,12,0,0.0,0.0
loco_log_variant,gnn,44,69,0.6,69,0,69,0,69,0,0,0,1.0,NA,NA,69,1.0,1.0,56.52173913043478,60.0,39.130434782608695,33,0,0.0,0.0
loco_log_variant,gnn,45,69,0.8,69,0,69,0,69,0,0,0,1.0,NA,NA,69,1.0,1.0,23.47826086956522,0.0,-0.8695652173913043,11,0,0.0,0.0
loco_log_variant,gnn,45,69,0.6,69,0,69,0,69,0,0,0,1.0,NA,NA,69,1.0,1.0,50.43478260869565,60.0,-6.956521739130435,18,0,0.0,0.0
loco_log_variant,gnn,46,69,0.8,69,0,69,0,69,0,0,0,1.0,NA,NA,69,1.0,1.0,31.304347826086957,60.0,-12.173913043478262,10,0,0.0,0.0
loco_log_variant,gnn,46,69,0.6,69,0,69,0,69,0,0,0,1.0,NA,NA,69,1.0,1.0,46.08695652173913,60.0,4.3478260869565215,23,0,0.0,0.0
loco_log_variant,gnn_zero_edge_features,42,69,0.8,69,0,69,0,69,0,0,0,1.0,NA,NA,69,1.0,1.0,27.82608695652174,0.0,-24.347826086956523,2,0,0.0,0.0
loco_log_variant,gnn_zero_edge_features,42,69,0.6,69,0,69,0,69,0,0,0,1.0,NA,NA,69,1.0,1.0,46.08695652173913,60.0,-11.304347826086957,16,0,0.0,0.0
loco_log_variant,gnn_zero_edge_features,43,69,0.8,69,0,69,0,69,0,0,0,1.0,NA,NA,69,1.0,1.0,31.304347826086957,0.0,-29.565217391304348,1,0,0.0,0.0
loco_log_variant,gnn_zero_edge_features,43,69,0.6,69,0,69,0,69,0,0,0,1.0,NA,NA,69,1.0,1.0,52.17391304347826,60.0,-26.08695652173913,12,0,0.0,0.0
loco_log_variant,gnn_zero_edge_features,44,69,0.8,69,0,69,0,69,0,0,0,1.0,NA,NA,69,1.0,1.0,25.217391304347824,0.0,-14.782608695652174,6,0,0.0,0.0
loco_log_variant,gnn_zero_edge_features,44,69,0.6,69,0,69,0,69,0,0,0,1.0,NA,NA,69,1.0,1.0,47.82608695652174,60.0,6.086956521739131,21,0,0.0,0.0
loco_log_variant,gnn_zero_edge_features,45,69,0.8,69,0,69,0,69,0,0,0,1.0,NA,NA,69,1.0,1.0,19.130434782608695,0.0,-3.4782608695652173,8,0,0.0,0.0
loco_log_variant,gnn_zero_edge_features,45,69,0.6,69,0,69,0,69,0,0,0,1.0,NA,NA,69,1.0,1.0,46.95652173913044,60.0,-15.652173913043478,14,0,0.0,0.0
loco_log_variant,gnn_zero_edge_features,46,69,0.8,69,0,69,0,69,0,0,0,1.0,NA,NA,69,1.0,1.0,30.434782608695652,0.0,-18.26086956521739,6,0,0.0,0.0
loco_log_variant,gnn_zero_edge_features,46,69,0.6,69,0,69,0,69,0,0,0,1.0,NA,NA,69,1.0,1.0,41.73913043478261,60.0,-1.7391304347826086,16,0,0.0,0.0
loco_log_variant,gnn_mean,42,69,0.8,69,0,69,0,69,0,0,0,1.0,NA,NA,69,1.0,1.0,33.91304347826087,0.0,-11.304347826086957,8,0,0.0,0.0
loco_log_variant,gnn_mean,42,69,0.6,69,0,69,0,69,0,0,0,1.0,NA,NA,69,1.0,1.0,47.82608695652174,60.0,-20.0,11,0,0.0,0.0
loco_log_variant,gnn_mean,43,69,0.8,69,0,69,0,69,0,0,0,1.0,NA,NA,69,1.0,1.0,26.08695652173913,0.0,-8.695652173913043,10,0,0.0,0.0
loco_log_variant,gnn_mean,43,69,0.6,69,0,69,0,69,0,0,0,1.0,NA,NA,69,1.0,1.0,42.608695652173914,0.0,-18.26086956521739,12,0,0.0,0.0
loco_log_variant,gnn_mean,44,69,0.8,69,0,69,0,69,0,0,0,1.0,NA,NA,69,1.0,1.0,35.65217391304348,0.0,-0.8695652173913043,13,0,0.0,0.0
loco_log_variant,gnn_mean,44,69,0.6,69,0,69,0,69,0,0,0,1.0,NA,NA,69,1.0,1.0,55.65217391304348,60.0,26.08695652173913,29,0,0.0,0.0
loco_log_variant,gnn_mean,45,69,0.8,69,0,69,0,69,0,0,0,1.0,NA,NA,69,1.0,1.0,20.0,0.0,9.565217391304348,13,0,0.0,0.0
loco_log_variant,gnn_mean,45,69,0.6,69,0,69,0,69,0,0,0,1.0,NA,NA,69,1.0,1.0,43.47826086956522,60.0,-3.4782608695652173,20,0,0.0,0.0
loco_log_variant,gnn_mean,46,69,0.8,69,0,69,0,69,0,0,0,1.0,NA,NA,69,1.0,1.0,27.82608695652174,0.0,-19.130434782608695,5,0,0.0,0.0
loco_log_variant,gnn_mean,46,69,0.6,69,0,69,0,69,0,0,0,1.0,NA,NA,69,1.0,1.0,51.30434782608695,60.0,-32.17391304347826,10,0,0.0,0.0
loco_external_fire,fire_only,42,49,0.8,49,0,49,0,49,0,0,0,1.0,NA,NA,49,1.0,1.0,42.857142857142854,60.0,-42.857142857142854,0,0,0.0,0.0
loco_external_fire,fire_only,42,49,0.6,49,0,49,0,49,0,0,0,1.0,NA,NA,49,1.0,1.0,71.0204081632653,60.0,17.142857142857142,24,0,0.0,0.0
loco_external_fire,fire_only,43,49,0.8,49,0,49,0,49,0,0,0,1.0,NA,NA,49,1.0,1.0,42.857142857142854,60.0,-42.857142857142854,0,0,0.0,0.0
loco_external_fire,fire_only,43,49,0.6,49,0,49,0,49,0,0,0,1.0,NA,NA,49,1.0,1.0,71.0204081632653,60.0,17.142857142857142,24,0,0.0,0.0
loco_external_fire,fire_only,44,49,0.8,49,0,49,0,49,0,0,0,1.0,NA,NA,49,1.0,1.0,42.857142857142854,60.0,-42.857142857142854,0,0,0.0,0.0
loco_external_fire,fire_only,44,49,0.6,49,0,49,0,49,0,0,0,1.0,NA,NA,49,1.0,1.0,71.0204081632653,60.0,17.142857142857142,24,0,0.0,0.0
loco_external_fire,fire_only,45,49,0.8,49,0,49,0,49,0,0,0,1.0,NA,NA,49,1.0,1.0,42.857142857142854,60.0,-42.857142857142854,0,0,0.0,0.0
loco_external_fire,fire_only,45,49,0.6,49,0,49,0,49,0,0,0,1.0,NA,NA,49,1.0,1.0,71.0204081632653,60.0,17.142857142857142,24,0,0.0,0.0
loco_external_fire,fire_only,46,49,0.8,49,0,49,0,49,0,0,0,1.0,NA,NA,49,1.0,1.0,42.857142857142854,60.0,-42.857142857142854,0,0,0.0,0.0
loco_external_fire,fire_only,46,49,0.6,49,0,49,0,49,0,0,0,1.0,NA,NA,49,1.0,1.0,71.0204081632653,60.0,17.142857142857142,24,0,0.0,0.0
loco_external_fire,global_stats,42,49,0.8,49,0,49,0,49,0,0,0,1.0,NA,NA,49,1.0,1.0,20.816326530612244,0.0,-20.816326530612244,0,0,0.0,0.0
loco_external_fire,global_stats,42,49,0.6,49,0,49,0,49,0,0,0,1.0,NA,NA,49,1.0,1.0,46.53061224489796,60.0,12.244897959183673,20,0,0.0,0.0
loco_external_fire,global_stats,43,49,0.8,49,0,49,0,49,0,0,0,1.0,NA,NA,49,1.0,1.0,23.26530612244898,0.0,-23.26530612244898,0,0,0.0,0.0
loco_external_fire,global_stats,43,49,0.6,49,0,49,0,49,0,0,0,1.0,NA,NA,49,1.0,1.0,46.53061224489796,60.0,26.93877551020408,22,0,0.0,0.0
loco_external_fire,global_stats,44,49,0.8,49,0,49,0,49,0,0,0,1.0,NA,NA,49,1.0,1.0,20.816326530612244,0.0,-20.816326530612244,0,0,0.0,0.0
loco_external_fire,global_stats,44,49,0.6,49,0,49,0,49,0,0,0,1.0,NA,NA,49,1.0,1.0,51.42857142857143,60.0,9.795918367346939,19,0,0.0,0.0
loco_external_fire,global_stats,45,49,0.8,49,0,49,0,49,0,0,0,1.0,NA,NA,49,1.0,1.0,24.489795918367346,0.0,-24.489795918367346,0,0,0.0,0.0
loco_external_fire,global_stats,45,49,0.6,49,0,49,0,49,0,0,0,1.0,NA,NA,49,1.0,1.0,45.30612244897959,60.0,6.122448979591836,18,0,0.0,0.0
loco_external_fire,global_stats,46,49,0.8,49,0,49,0,49,0,0,0,1.0,NA,NA,49,1.0,1.0,24.489795918367346,0.0,-24.489795918367346,0,0,0.0,0.0
loco_external_fire,global_stats,46,49,0.6,49,0,49,0,49,0,0,0,1.0,NA,NA,49,1.0,1.0,46.53061224489796,60.0,9.795918367346939,19,0,0.0,0.0
loco_external_fire,deepsets,42,49,0.8,49,0,49,0,49,0,0,0,1.0,NA,NA,49,1.0,1.0,25.714285714285715,0.0,-25.714285714285715,0,0,0.0,0.0
loco_external_fire,deepsets,42,49,0.6,49,0,49,0,49,0,0,0,1.0,NA,NA,49,1.0,1.0,37.95918367346939,60.0,3.673469387755102,15,0,0.0,0.0
loco_external_fire,deepsets,43,49,0.8,49,0,49,0,49,0,0,0,1.0,NA,NA,49,1.0,1.0,22.040816326530614,0.0,-22.040816326530614,0,0,0.0,0.0
loco_external_fire,deepsets,43,49,0.6,49,0,49,0,49,0,0,0,1.0,NA,NA,49,1.0,1.0,37.95918367346939,60.0,-6.122448979591836,13,0,0.0,0.0
loco_external_fire,deepsets,44,49,0.8,49,0,49,0,49,0,0,0,1.0,NA,NA,49,1.0,1.0,20.816326530612244,0.0,-20.816326530612244,0,0,0.0,0.0
loco_external_fire,deepsets,44,49,0.6,49,0,49,0,49,0,0,0,1.0,NA,NA,49,1.0,1.0,40.40816326530612,60.0,20.816326530612244,19,0,0.0,0.0
loco_external_fire,deepsets,45,49,0.8,49,0,49,0,49,0,0,0,1.0,NA,NA,49,1.0,1.0,24.489795918367346,0.0,-24.489795918367346,0,0,0.0,0.0
loco_external_fire,deepsets,45,49,0.6,49,0,49,0,49,0,0,0,1.0,NA,NA,49,1.0,1.0,35.51020408163265,60.0,15.918367346938776,19,0,0.0,0.0
loco_external_fire,deepsets,46,49,0.8,49,0,49,0,49,0,0,0,1.0,NA,NA,49,1.0,1.0,23.26530612244898,0.0,-23.26530612244898,0,0,0.0,0.0
loco_external_fire,deepsets,46,49,0.6,49,0,49,0,49,0,0,0,1.0,NA,NA,49,1.0,1.0,37.95918367346939,60.0,18.367346938775512,21,0,0.0,0.0
loco_external_fire,capacity_matched_deepsets,42,49,0.8,49,0,49,0,49,0,0,0,1.0,NA,NA,49,1.0,1.0,25.714285714285715,0.0,-25.714285714285715,0,0,0.0,0.0
loco_external_fire,capacity_matched_deepsets,42,49,0.6,49,0,49,0,49,0,0,0,1.0,NA,NA,49,1.0,1.0,33.06122448979592,60.0,11.020408163265307,17,0,0.0,0.0
loco_external_fire,capacity_matched_deepsets,43,49,0.8,49,0,49,0,49,0,0,0,1.0,NA,NA,49,1.0,1.0,24.489795918367346,0.0,-24.489795918367346,0,0,0.0,0.0
loco_external_fire,capacity_matched_deepsets,43,49,0.6,49,0,49,0,49,0,0,0,1.0,NA,NA,49,1.0,1.0,30.612244897959183,0.0,6.122448979591836,14,0,0.0,0.0
loco_external_fire,capacity_matched_deepsets,44,49,0.8,49,0,49,0,49,0,0,0,1.0,NA,NA,49,1.0,1.0,20.816326530612244,0.0,-20.816326530612244,0,0,0.0,0.0
loco_external_fire,capacity_matched_deepsets,44,49,0.6,49,0,49,0,49,0,0,0,1.0,NA,NA,49,1.0,1.0,39.183673469387756,60.0,12.244897959183673,21,0,0.0,0.0
loco_external_fire,capacity_matched_deepsets,45,49,0.8,49,0,49,0,49,0,0,0,1.0,NA,NA,49,1.0,1.0,24.489795918367346,0.0,-24.489795918367346,0,0,0.0,0.0
loco_external_fire,capacity_matched_deepsets,45,49,0.6,49,0,49,0,49,0,0,0,1.0,NA,NA,49,1.0,1.0,39.183673469387756,60.0,-19.591836734693878,8,0,0.0,0.0
loco_external_fire,capacity_matched_deepsets,46,49,0.8,49,0,49,0,49,0,0,0,1.0,NA,NA,49,1.0,1.0,19.591836734693878,0.0,-19.591836734693878,0,0,0.0,0.0
loco_external_fire,capacity_matched_deepsets,46,49,0.6,49,0,49,0,49,0,0,0,1.0,NA,NA,49,1.0,1.0,37.95918367346939,60.0,20.816326530612244,21,0,0.0,0.0
loco_external_fire,gnn,42,49,0.8,49,0,49,0,49,0,0,0,1.0,NA,NA,49,1.0,1.0,22.040816326530614,0.0,-22.040816326530614,0,0,0.0,0.0
loco_external_fire,gnn,42,49,0.6,49,0,49,0,49,0,0,0,1.0,NA,NA,49,1.0,1.0,26.93877551020408,0.0,-2.4489795918367347,10,0,0.0,0.0
loco_external_fire,gnn,43,49,0.8,49,0,49,0,49,0,0,0,1.0,NA,NA,49,1.0,1.0,31.836734693877553,60.0,-31.836734693877553,0,0,0.0,0.0
loco_external_fire,gnn,43,49,0.6,49,0,49,0,49,0,0,0,1.0,NA,NA,49,1.0,1.0,34.285714285714285,60.0,7.346938775510204,16,0,0.0,0.0
loco_external_fire,gnn,44,49,0.8,49,0,49,0,49,0,0,0,1.0,NA,NA,49,1.0,1.0,23.26530612244898,0.0,-23.26530612244898,0,0,0.0,0.0
loco_external_fire,gnn,44,49,0.6,49,0,49,0,49,0,0,0,1.0,NA,NA,49,1.0,1.0,30.612244897959183,0.0,8.571428571428571,16,0,0.0,0.0
loco_external_fire,gnn,45,49,0.8,49,0,49,0,49,0,0,0,1.0,NA,NA,49,1.0,1.0,24.489795918367346,0.0,-24.489795918367346,0,0,0.0,0.0
loco_external_fire,gnn,45,49,0.6,49,0,49,0,49,0,0,0,1.0,NA,NA,49,1.0,1.0,25.714285714285715,0.0,8.571428571428571,14,0,0.0,0.0
loco_external_fire,gnn,46,49,0.8,49,0,49,0,49,0,0,0,1.0,NA,NA,49,1.0,1.0,23.26530612244898,0.0,-23.26530612244898,0,0,0.0,0.0
loco_external_fire,gnn,46,49,0.6,49,0,49,0,49,0,0,0,1.0,NA,NA,49,1.0,1.0,26.93877551020408,0.0,2.4489795918367347,11,0,0.0,0.0
loco_external_fire,gnn_zero_edge_features,42,49,0.8,49,0,49,0,49,0,0,0,1.0,NA,NA,49,1.0,1.0,29.387755102040817,0.0,-29.387755102040817,0,0,0.0,0.0
loco_external_fire,gnn_zero_edge_features,42,49,0.6,49,0,49,0,49,0,0,0,1.0,NA,NA,49,1.0,1.0,35.51020408163265,60.0,1.2244897959183674,14,0,0.0,0.0
loco_external_fire,gnn_zero_edge_features,43,49,0.8,49,0,49,0,49,0,0,0,1.0,NA,NA,49,1.0,1.0,26.93877551020408,0.0,-26.93877551020408,0,0,0.0,0.0
loco_external_fire,gnn_zero_edge_features,43,49,0.6,49,0,49,0,49,0,0,0,1.0,NA,NA,49,1.0,1.0,35.51020408163265,60.0,13.46938775510204,18,0,0.0,0.0
loco_external_fire,gnn_zero_edge_features,44,49,0.8,49,0,49,0,49,0,0,0,1.0,NA,NA,49,1.0,1.0,29.387755102040817,0.0,-29.387755102040817,0,0,0.0,0.0
loco_external_fire,gnn_zero_edge_features,44,49,0.6,49,0,49,0,49,0,0,0,1.0,NA,NA,49,1.0,1.0,37.95918367346939,60.0,8.571428571428571,19,0,0.0,0.0
loco_external_fire,gnn_zero_edge_features,45,49,0.8,49,0,49,0,49,0,0,0,1.0,NA,NA,49,1.0,1.0,25.714285714285715,0.0,-25.714285714285715,0,0,0.0,0.0
loco_external_fire,gnn_zero_edge_features,45,49,0.6,49,0,49,0,49,0,0,0,1.0,NA,NA,49,1.0,1.0,37.95918367346939,60.0,6.122448979591836,17,0,0.0,0.0
loco_external_fire,gnn_zero_edge_features,46,49,0.8,49,0,49,0,49,0,0,0,1.0,NA,NA,49,1.0,1.0,19.591836734693878,0.0,-17.142857142857142,1,0,0.0,0.0
loco_external_fire,gnn_zero_edge_features,46,49,0.6,49,0,49,0,49,0,0,0,1.0,NA,NA,49,1.0,1.0,42.857142857142854,60.0,13.46938775510204,21,0,0.0,0.0
loco_external_fire,gnn_mean,42,49,0.8,49,0,49,0,49,0,0,0,1.0,NA,NA,49,1.0,1.0,19.591836734693878,0.0,-17.142857142857142,1,0,0.0,0.0
loco_external_fire,gnn_mean,42,49,0.6,49,0,49,0,49,0,0,0,1.0,NA,NA,49,1.0,1.0,31.836734693877553,60.0,-2.4489795918367347,12,0,0.0,0.0
loco_external_fire,gnn_mean,43,49,0.8,49,0,49,0,49,0,0,0,1.0,NA,NA,49,1.0,1.0,25.714285714285715,0.0,-25.714285714285715,0,0,0.0,0.0
loco_external_fire,gnn_mean,43,49,0.6,49,0,49,0,49,0,0,0,1.0,NA,NA,49,1.0,1.0,30.612244897959183,0.0,8.571428571428571,15,0,0.0,0.0
loco_external_fire,gnn_mean,44,49,0.8,49,0,49,0,49,0,0,0,1.0,NA,NA,49,1.0,1.0,24.489795918367346,0.0,-24.489795918367346,0,0,0.0,0.0
loco_external_fire,gnn_mean,44,49,0.6,49,0,49,0,49,0,0,0,1.0,NA,NA,49,1.0,1.0,28.163265306122447,0.0,15.918367346938776,18,0,0.0,0.0
loco_external_fire,gnn_mean,45,49,0.8,49,0,49,0,49,0,0,0,1.0,NA,NA,49,1.0,1.0,23.26530612244898,0.0,-23.26530612244898,0,0,0.0,0.0
loco_external_fire,gnn_mean,45,49,0.6,49,0,49,0,49,0,0,0,1.0,NA,NA,49,1.0,1.0,28.163265306122447,0.0,1.2244897959183674,12,0,0.0,0.0
loco_external_fire,gnn_mean,46,49,0.8,49,0,49,0,49,0,0,0,1.0,NA,NA,49,1.0,1.0,25.714285714285715,0.0,-23.26530612244898,1,0,0.0,0.0
loco_external_fire,gnn_mean,46,49,0.6,49,0,49,0,49,0,0,0,1.0,NA,NA,49,1.0,1.0,26.93877551020408,0.0,-2.4489795918367347,10,0,0.0,0.0
loco_bilinear,fire_only,42,77,0.8,77,0,77,0,77,0,0,0,1.0,NA,NA,77,1.0,1.0,18.7012987012987,0.0,-12.467532467532468,4,12,0.15584415584415584,0.15584415584415584
loco_bilinear,fire_only,42,77,0.6,73,4,77,0,73,0,4,0,1.0,1.0,0.5,73,0.948051948051948,1.0,66.57534246575342,60.0,4.109589041095891,32,12,0.15584415584415584,0.15584415584415584
loco_bilinear,fire_only,43,77,0.8,77,0,77,0,77,0,0,0,1.0,NA,NA,77,1.0,1.0,21.038961038961038,0.0,7.012987012987013,18,11,0.14285714285714285,0.14285714285714285
loco_bilinear,fire_only,43,77,0.6,73,4,77,0,73,0,4,0,1.0,1.0,0.5,73,0.948051948051948,1.0,64.93150684931507,60.0,0.821917808219178,31,12,0.15584415584415584,0.15584415584415584
loco_bilinear,fire_only,44,77,0.8,77,0,77,0,77,0,0,0,1.0,NA,NA,77,1.0,1.0,17.92207792207792,0.0,-0.7792207792207793,11,8,0.1038961038961039,0.1038961038961039
loco_bilinear,fire_only,44,77,0.6,73,4,77,0,73,0,4,0,1.0,1.0,0.5,73,0.948051948051948,1.0,61.64383561643836,60.0,-12.32876712328767,23,14,0.18181818181818182,0.18181818181818182
loco_bilinear,fire_only,45,77,0.8,77,0,77,0,77,0,0,0,1.0,NA,NA,77,1.0,1.0,19.48051948051948,0.0,-3.896103896103896,10,10,0.12987012987012986,0.12987012987012986
loco_bilinear,fire_only,45,77,0.6,73,4,77,0,73,0,4,0,1.0,1.0,0.5,73,0.948051948051948,1.0,68.21917808219177,60.0,-27.123287671232877,21,16,0.2077922077922078,0.2077922077922078
loco_bilinear,fire_only,46,77,0.8,77,0,77,0,77,0,0,0,1.0,NA,NA,77,1.0,1.0,21.038961038961038,0.0,7.012987012987013,18,5,0.06493506493506493,0.06493506493506493
loco_bilinear,fire_only,46,77,0.6,73,4,77,0,73,0,4,0,1.0,1.0,0.5,73,0.948051948051948,1.0,62.465753424657535,60.0,-6.575342465753424,27,11,0.14285714285714285,0.14285714285714285
loco_bilinear,global_stats,42,77,0.8,77,0,77,0,77,0,0,0,1.0,NA,NA,77,1.0,1.0,17.92207792207792,0.0,2.3376623376623376,13,8,0.1038961038961039,0.1038961038961039
loco_bilinear,global_stats,42,77,0.6,73,4,77,0,73,0,4,0,1.0,1.0,0.5,73,0.948051948051948,1.0,37.80821917808219,60.0,-18.08219178082192,11,8,0.1038961038961039,0.1038961038961039
loco_bilinear,global_stats,43,77,0.8,77,0,77,0,77,0,0,0,1.0,NA,NA,77,1.0,1.0,17.142857142857142,0.0,3.116883116883117,13,5,0.06493506493506493,0.06493506493506493
loco_bilinear,global_stats,43,77,0.6,73,4,77,0,73,0,4,0,1.0,1.0,0.5,73,0.948051948051948,1.0,32.87671232876713,0.0,-3.287671232876712,15,10,0.12987012987012986,0.12987012987012986
loco_bilinear,global_stats,44,77,0.8,77,0,77,0,77,0,0,0,1.0,NA,NA,77,1.0,1.0,17.92207792207792,0.0,2.3376623376623376,13,1,0.012987012987012988,0.012987012987012988
loco_bilinear,global_stats,44,77,0.6,73,4,77,0,73,0,4,0,1.0,1.0,0.5,73,0.948051948051948,1.0,39.45205479452055,60.0,-21.36986301369863,9,6,0.07792207792207792,0.07792207792207792
loco_bilinear,global_stats,45,77,0.8,77,0,77,0,77,0,0,0,1.0,NA,NA,77,1.0,1.0,17.92207792207792,0.0,2.3376623376623376,13,13,0.16883116883116883,0.16883116883116883
loco_bilinear,global_stats,45,77,0.6,73,4,77,0,73,0,4,0,1.0,1.0,0.5,73,0.948051948051948,1.0,30.410958904109588,0.0,-0.821917808219178,16,15,0.19480519480519481,0.19480519480519481
loco_bilinear,global_stats,46,77,0.8,77,0,77,0,77,0,0,0,1.0,NA,NA,77,1.0,1.0,17.92207792207792,0.0,3.896103896103896,14,8,0.1038961038961039,0.1038961038961039
loco_bilinear,global_stats,46,77,0.6,73,4,77,0,73,0,4,0,1.0,1.0,0.5,73,0.948051948051948,1.0,37.80821917808219,60.0,-19.726027397260275,10,12,0.15584415584415584,0.15584415584415584
loco_bilinear,deepsets,42,77,0.8,77,0,77,0,77,0,0,0,1.0,NA,NA,77,1.0,1.0,18.7012987012987,0.0,6.233766233766234,16,10,0.12987012987012986,0.12987012987012986
loco_bilinear,deepsets,42,77,0.6,73,4,77,0,73,0,4,0,1.0,1.0,0.5,73,0.948051948051948,1.0,30.410958904109588,0.0,-10.684931506849315,12,10,0.12987012987012986,0.12987012987012986
loco_bilinear,deepsets,43,77,0.8,77,0,77,0,77,0,0,0,1.0,NA,NA,77,1.0,1.0,19.48051948051948,0.0,5.454545454545454,16,11,0.14285714285714285,0.14285714285714285
loco_bilinear,deepsets,43,77,0.6,73,4,77,0,73,0,4,0,1.0,1.0,0.5,73,0.948051948051948,1.0,44.38356164383562,60.0,-34.52054794520548,6,14,0.18181818181818182,0.18181818181818182
loco_bilinear,deepsets,44,77,0.8,77,0,77,0,77,0,0,0,1.0,NA,NA,77,1.0,1.0,18.7012987012987,0.0,6.233766233766234,16,12,0.15584415584415584,0.15584415584415584
loco_bilinear,deepsets,44,77,0.6,73,4,77,0,73,0,4,0,1.0,1.0,0.5,73,0.948051948051948,1.0,26.301369863013697,0.0,9.863013698630137,22,13,0.16883116883116883,0.16883116883116883
loco_bilinear,deepsets,45,77,0.8,77,0,77,0,77,0,0,0,1.0,NA,NA,77,1.0,1.0,16.363636363636363,0.0,3.896103896103896,13,8,0.1038961038961039,0.1038961038961039
loco_bilinear,deepsets,45,77,0.6,73,4,76,1,73,0,3,1,1.0,0.75,0.625,73,0.948051948051948,1.0,35.342465753424655,60.0,-22.19178082191781,8,12,0.15584415584415584,0.15789473684210525
loco_bilinear,deepsets,46,77,0.8,77,0,77,0,77,0,0,0,1.0,NA,NA,77,1.0,1.0,20.25974025974026,0.0,10.909090909090908,20,14,0.18181818181818182,0.18181818181818182
loco_bilinear,deepsets,46,77,0.6,73,4,76,1,73,0,3,1,1.0,0.75,0.625,73,0.948051948051948,1.0,26.301369863013697,0.0,0.0,16,14,0.18181818181818182,0.18421052631578946
loco_bilinear,capacity_matched_deepsets,42,77,0.8,77,0,77,0,77,0,0,0,1.0,NA,NA,77,1.0,1.0,22.5974025974026,0.0,16.363636363636363,25,9,0.11688311688311688,0.11688311688311688
loco_bilinear,capacity_matched_deepsets,42,77,0.6,73,4,77,0,73,0,4,0,1.0,1.0,0.5,73,0.948051948051948,1.0,36.986301369863014,60.0,-22.19178082191781,9,10,0.12987012987012986,0.12987012987012986
loco_bilinear,capacity_matched_deepsets,43,77,0.8,77,0,77,0,77,0,0,0,1.0,NA,NA,77,1.0,1.0,19.48051948051948,0.0,10.12987012987013,19,10,0.12987012987012986,0.12987012987012986
loco_bilinear,capacity_matched_deepsets,43,77,0.6,73,4,77,0,73,0,4,0,1.0,1.0,0.5,73,0.948051948051948,1.0,31.232876712328768,0.0,-19.726027397260275,7,11,0.14285714285714285,0.14285714285714285
loco_bilinear,capacity_matched_deepsets,44,77,0.8,77,0,77,0,77,0,0,0,1.0,NA,NA,77,1.0,1.0,19.48051948051948,0.0,5.454545454545454,16,12,0.15584415584415584,0.15584415584415584
loco_bilinear,capacity_matched_deepsets,44,77,0.6,73,4,77,0,73,0,4,0,1.0,1.0,0.5,73,0.948051948051948,1.0,31.232876712328768,0.0,-9.863013698630137,13,15,0.19480519480519481,0.19480519480519481
loco_bilinear,capacity_matched_deepsets,45,77,0.8,77,0,77,0,77,0,0,0,1.0,NA,NA,77,1.0,1.0,21.038961038961038,0.0,7.012987012987013,18,12,0.15584415584415584,0.15584415584415584
loco_bilinear,capacity_matched_deepsets,45,77,0.6,73,4,77,0,73,0,4,0,1.0,1.0,0.5,73,0.948051948051948,1.0,23.835616438356166,0.0,7.397260273972603,18,14,0.18181818181818182,0.18181818181818182
loco_bilinear,capacity_matched_deepsets,46,77,0.8,77,0,77,0,77,0,0,0,1.0,NA,NA,77,1.0,1.0,17.92207792207792,0.0,3.896103896103896,14,15,0.19480519480519481,0.19480519480519481
loco_bilinear,capacity_matched_deepsets,46,77,0.6,73,4,75,2,73,0,2,2,1.0,0.5,0.75,73,0.948051948051948,1.0,27.123287671232877,0.0,-15.616438356164384,7,16,0.2077922077922078,0.21333333333333335
loco_bilinear,gnn,42,77,0.8,77,0,77,0,77,0,0,0,1.0,NA,NA,77,1.0,1.0,16.363636363636363,0.0,2.3376623376623376,12,9,0.11688311688311688,0.11688311688311688
loco_bilinear,gnn,42,77,0.6,73,4,77,0,73,0,4,0,1.0,1.0,0.5,73,0.948051948051948,1.0,31.232876712328768,0.0,-23.013698630136986,5,16,0.2077922077922078,0.2077922077922078
loco_bilinear,gnn,43,77,0.8,77,0,77,0,77,0,0,0,1.0,NA,NA,77,1.0,1.0,24.155844155844157,0.0,13.246753246753247,24,10,0.12987012987012986,0.12987012987012986
loco_bilinear,gnn,43,77,0.6,73,4,77,0,73,0,4,0,1.0,1.0,0.5,73,0.948051948051948,1.0,27.123287671232877,0.0,-0.821917808219178,16,12,0.15584415584415584,0.15584415584415584
loco_bilinear,gnn,44,77,0.8,77,0,77,0,77,0,0,0,1.0,NA,NA,77,1.0,1.0,17.142857142857142,0.0,3.116883116883117,13,13,0.16883116883116883,0.16883116883116883
loco_bilinear,gnn,44,77,0.6,73,4,75,2,73,0,2,2,1.0,0.5,0.75,73,0.948051948051948,1.0,23.013698630136986,0.0,-9.863013698630137,8,13,0.16883116883116883,0.17333333333333334
loco_bilinear,gnn,45,77,0.8,77,0,77,0,77,0,0,0,1.0,NA,NA,77,1.0,1.0,16.363636363636363,0.0,3.896103896103896,13,10,0.12987012987012986,0.12987012987012986
loco_bilinear,gnn,45,77,0.6,73,4,77,0,73,0,4,0,1.0,1.0,0.5,73,0.948051948051948,1.0,36.16438356164384,60.0,-31.232876712328768,3,11,0.14285714285714285,0.14285714285714285
loco_bilinear,gnn,46,77,0.8,77,0,77,0,77,0,0,0,1.0,NA,NA,77,1.0,1.0,17.92207792207792,0.0,7.012987012987013,16,7,0.09090909090909091,0.09090909090909091
loco_bilinear,gnn,46,77,0.6,73,4,76,1,73,0,3,1,1.0,0.75,0.625,73,0.948051948051948,1.0,27.123287671232877,0.0,-5.7534246575342465,13,8,0.1038961038961039,0.10526315789473684
loco_bilinear,gnn_zero_edge_features,42,77,0.8,77,0,77,0,77,0,0,0,1.0,NA,NA,77,1.0,1.0,17.142857142857142,0.0,6.233766233766234,15,17,0.22077922077922077,0.22077922077922077
loco_bilinear,gnn_zero_edge_features,42,77,0.6,73,4,76,1,73,0,3,1,1.0,0.75,0.625,73,0.948051948051948,1.0,38.63013698630137,60.0,-22.19178082191781,10,24,0.3116883116883117,0.3157894736842105
loco_bilinear,gnn_zero_edge_features,43,77,0.8,77,0,77,0,77,0,0,0,1.0,NA,NA,77,1.0,1.0,21.818181818181817,0.0,10.909090909090908,21,13,0.16883116883116883,0.16883116883116883
loco_bilinear,gnn_zero_edge_features,43,77,0.6,73,4,76,1,73,0,3,1,1.0,0.75,0.625,73,0.948051948051948,1.0,25.47945205479452,0.0,-7.397260273972603,11,16,0.2077922077922078,0.21052631578947367
loco_bilinear,gnn_zero_edge_features,44,77,0.8,77,0,77,0,77,0,0,0,1.0,NA,NA,77,1.0,1.0,17.92207792207792,0.0,5.454545454545454,15,6,0.07792207792207792,0.07792207792207792
loco_bilinear,gnn_zero_edge_features,44,77,0.6,73,4,77,0,73,0,4,0,1.0,1.0,0.5,73,0.948051948051948,1.0,25.47945205479452,0.0,-4.109589041095891,13,8,0.1038961038961039,0.1038961038961039
loco_bilinear,gnn_zero_edge_features,45,77,0.8,77,0,77,0,77,0,0,0,1.0,NA,NA,77,1.0,1.0,17.142857142857142,0.0,4.675324675324675,14,14,0.18181818181818182,0.18181818181818182
loco_bilinear,gnn_zero_edge_features,45,77,0.6,73,4,76,1,73,0,3,1,1.0,0.75,0.625,73,0.948051948051948,1.0,24.65753424657534,0.0,-6.575342465753424,11,16,0.2077922077922078,0.21052631578947367
loco_bilinear,gnn_zero_edge_features,46,77,0.8,77,0,77,0,77,0,0,0,1.0,NA,NA,77,1.0,1.0,17.92207792207792,0.0,5.454545454545454,15,5,0.06493506493506493,0.06493506493506493
loco_bilinear,gnn_zero_edge_features,46,77,0.6,73,4,77,0,73,0,4,0,1.0,1.0,0.5,73,0.948051948051948,1.0,34.52054794520548,60.0,-18.08219178082192,10,8,0.1038961038961039,0.1038961038961039
loco_bilinear,gnn_mean,42,77,0.8,77,0,77,0,77,0,0,0,1.0,NA,NA,77,1.0,1.0,20.25974025974026,0.0,9.35064935064935,19,15,0.19480519480519481,0.19480519480519481
loco_bilinear,gnn_mean,42,77,0.6,73,4,75,2,73,0,2,2,1.0,0.5,0.75,73,0.948051948051948,1.0,26.301369863013697,0.0,-4.931506849315069,12,21,0.2727272727272727,0.28
loco_bilinear,gnn_mean,43,77,0.8,77,0,77,0,77,0,0,0,1.0,NA,NA,77,1.0,1.0,24.155844155844157,0.0,16.363636363636363,26,12,0.15584415584415584,0.15584415584415584
loco_bilinear,gnn_mean,43,77,0.6,73,4,77,0,73,0,4,0,1.0,1.0,0.5,73,0.948051948051948,1.0,23.835616438356166,0.0,-0.821917808219178,13,15,0.19480519480519481,0.19480519480519481
loco_bilinear,gnn_mean,44,77,0.8,77,0,77,0,77,0,0,0,1.0,NA,NA,77,1.0,1.0,19.48051948051948,0.0,8.571428571428571,18,11,0.14285714285714285,0.14285714285714285
loco_bilinear,gnn_mean,44,77,0.6,73,4,77,0,73,0,4,0,1.0,1.0,0.5,73,0.948051948051948,1.0,26.301369863013697,0.0,-4.931506849315069,13,12,0.15584415584415584,0.15584415584415584
loco_bilinear,gnn_mean,45,77,0.8,77,0,77,0,77,0,0,0,1.0,NA,NA,77,1.0,1.0,17.92207792207792,0.0,8.571428571428571,17,14,0.18181818181818182,0.18181818181818182
loco_bilinear,gnn_mean,45,77,0.6,73,4,75,2,73,0,2,2,1.0,0.5,0.75,73,0.948051948051948,1.0,29.589041095890412,0.0,-14.794520547945206,9,17,0.22077922077922077,0.22666666666666666
loco_bilinear,gnn_mean,46,77,0.8,77,0,77,0,77,0,0,0,1.0,NA,NA,77,1.0,1.0,18.7012987012987,0.0,9.35064935064935,18,10,0.12987012987012986,0.12987012987012986
loco_bilinear,gnn_mean,46,77,0.6,73,4,77,0,73,0,4,0,1.0,1.0,0.5,73,0.948051948051948,1.0,19.726027397260275,0.0,-6.575342465753424,8,11,0.14285714285714285,0.14285714285714285
loco_linear,fire_only,42,125,0.8,122,3,85,40,85,37,0,3,0.6967213114754098,0.0,0.8483606557377049,85,0.68,0.6967213114754098,375.52941176470586,180.0,375.52941176470586,122,0,0.0,0.0
loco_linear,fire_only,42,125,0.6,92,33,78,47,78,14,0,33,0.8478260869565217,0.0,0.9239130434782609,78,0.624,0.8478260869565217,102.3076923076923,60.0,68.46153846153847,56,0,0.0,0.0
loco_linear,fire_only,43,125,0.8,122,3,112,13,112,10,0,3,0.9180327868852459,0.0,0.959016393442623,112,0.896,0.9180327868852459,310.7142857142857,300.0,310.7142857142857,120,0,0.0,0.0
loco_linear,fire_only,43,125,0.6,92,33,86,39,86,6,0,33,0.9347826086956522,0.0,0.9673913043478262,86,0.688,0.9347826086956522,121.3953488372093,120.0,117.20930232558139,71,0,0.0,0.0
loco_linear,fire_only,44,125,0.8,122,3,112,13,112,10,0,3,0.9180327868852459,0.0,0.959016393442623,112,0.896,0.9180327868852459,169.28571428571428,120.0,169.28571428571428,116,0,0.0,0.0
loco_linear,fire_only,44,125,0.6,92,33,86,39,86,6,0,33,0.9347826086956522,0.0,0.9673913043478262,86,0.688,0.9347826086956522,133.95348837209303,120.0,133.95348837209303,81,0,0.0,0.0
loco_linear,fire_only,45,125,0.8,122,3,89,36,89,33,0,3,0.7295081967213115,0.0,0.8647540983606558,89,0.712,0.7295081967213115,422.02247191011236,240.0,422.02247191011236,120,0,0.0,0.0
loco_linear,fire_only,45,125,0.6,92,33,85,40,85,7,0,33,0.9239130434782609,0.0,0.9619565217391304,85,0.68,0.9239130434782609,158.11764705882354,120.0,158.11764705882354,85,0,0.0,0.0
loco_linear,fire_only,46,125,0.8,122,3,93,32,93,29,0,3,0.7622950819672131,0.0,0.8811475409836065,93,0.744,0.7622950819672131,398.7096774193548,240.0,398.7096774193548,122,0,0.0,0.0
loco_linear,fire_only,46,125,0.6,92,33,86,39,86,6,0,33,0.9347826086956522,0.0,0.9673913043478262,86,0.688,0.9347826086956522,113.02325581395348,60.0,106.04651162790698,66,0,0.0,0.0
loco_linear,global_stats,42,125,0.8,122,3,117,8,117,5,0,3,0.9590163934426229,0.0,0.9795081967213115,117,0.936,0.9590163934426229,217.94871794871796,180.0,217.94871794871796,120,0,0.0,0.0
loco_linear,global_stats,42,125,0.6,92,33,89,36,89,3,0,33,0.967391304347826,0.0,0.9836956521739131,89,0.712,0.967391304347826,82.92134831460675,60.0,78.87640449438203,70,0,0.0,0.0
loco_linear,global_stats,43,125,0.8,122,3,92,33,92,30,0,3,0.7540983606557377,0.0,0.8770491803278688,92,0.736,0.7540983606557377,360.0,210.0,360.0,121,0,0.0,0.0
loco_linear,global_stats,43,125,0.6,92,33,86,39,86,6,0,33,0.9347826086956522,0.0,0.9673913043478262,86,0.688,0.9347826086956522,85.11627906976744,60.0,80.93023255813954,69,0,0.0,0.0
loco_linear,global_stats,44,125,0.8,122,3,111,14,111,11,0,3,0.9098360655737705,0.0,0.9549180327868853,111,0.888,0.9098360655737705,311.35135135135135,240.0,311.35135135135135,121,0,0.0,0.0
loco_linear,global_stats,44,125,0.6,92,33,88,37,88,4,0,33,0.9565217391304348,0.0,0.9782608695652174,88,0.704,0.9565217391304348,85.22727272727273,60.0,81.13636363636364,68,0,0.0,0.0
loco_linear,global_stats,45,125,0.8,122,3,111,14,111,11,0,3,0.9098360655737705,0.0,0.9549180327868853,111,0.888,0.9098360655737705,482.7027027027027,480.0,482.7027027027027,122,0,0.0,0.0
loco_linear,global_stats,45,125,0.6,92,33,89,36,89,3,0,33,0.967391304347826,0.0,0.9836956521739131,89,0.712,0.967391304347826,90.33707865168539,60.0,86.29213483146067,75,0,0.0,0.0
loco_linear,global_stats,46,125,0.8,122,3,110,15,110,12,0,3,0.9016393442622951,0.0,0.9508196721311475,110,0.88,0.9016393442622951,360.54545454545456,240.0,360.54545454545456,120,0,0.0,0.0
loco_linear,global_stats,46,125,0.6,92,33,88,37,88,4,0,33,0.9565217391304348,0.0,0.9782608695652174,88,0.704,0.9565217391304348,106.36363636363636,120.0,105.0,75,0,0.0,0.0
loco_linear,deepsets,42,125,0.8,122,3,92,33,92,30,0,3,0.7540983606557377,0.0,0.8770491803278688,92,0.736,0.7540983606557377,411.5217391304348,330.0,411.5217391304348,121,0,0.0,0.0
loco_linear,deepsets,42,125,0.6,92,33,89,36,89,3,0,33,0.967391304347826,0.0,0.9836956521739131,89,0.712,0.967391304347826,70.11235955056179,60.0,56.62921348314607,69,0,0.0,0.0
loco_linear,deepsets,43,125,0.8,122,3,93,32,93,29,0,3,0.7622950819672131,0.0,0.8811475409836065,93,0.744,0.7622950819672131,334.19354838709677,240.0,334.19354838709677,122,0,0.0,0.0
loco_linear,deepsets,43,125,0.6,92,33,88,37,88,4,0,33,0.9565217391304348,0.0,0.9782608695652174,88,0.704,0.9565217391304348,63.40909090909091,60.0,55.22727272727273,61,0,0.0,0.0
loco_linear,deepsets,44,125,0.8,122,3,112,13,112,10,0,3,0.9180327868852459,0.0,0.959016393442623,112,0.896,0.9180327868852459,213.21428571428572,120.0,213.21428571428572,120,0,0.0,0.0
loco_linear,deepsets,44,125,0.6,92,33,91,34,91,1,0,33,0.9891304347826086,0.0,0.9945652173913043,91,0.728,0.9891304347826086,52.08791208791209,60.0,12.527472527472527,42,0,0.0,0.0
loco_linear,deepsets,45,125,0.8,122,3,110,15,110,12,0,3,0.9016393442622951,0.0,0.9508196721311475,110,0.88,0.9016393442622951,456.0,420.0,456.0,120,0,0.0,0.0
loco_linear,deepsets,45,125,0.6,92,33,86,39,86,6,0,33,0.9347826086956522,0.0,0.9673913043478262,86,0.688,0.9347826086956522,81.62790697674419,60.0,69.06976744186046,62,0,0.0,0.0
loco_linear,deepsets,46,125,0.8,122,3,92,33,92,30,0,3,0.7540983606557377,0.0,0.8770491803278688,92,0.736,0.7540983606557377,433.04347826086956,300.0,433.04347826086956,121,0,0.0,0.0
loco_linear,deepsets,46,125,0.6,92,33,88,37,88,4,0,33,0.9565217391304348,0.0,0.9782608695652174,88,0.704,0.9565217391304348,75.0,60.0,73.63636363636364,70,0,0.0,0.0
loco_linear,capacity_matched_deepsets,42,125,0.8,122,3,111,14,111,11,0,3,0.9098360655737705,0.0,0.9549180327868853,111,0.888,0.9098360655737705,322.7027027027027,240.0,322.7027027027027,118,0,0.0,0.0
loco_linear,capacity_matched_deepsets,42,125,0.6,92,33,90,35,90,2,0,33,0.9782608695652174,0.0,0.9891304347826086,90,0.72,0.9782608695652174,40.0,60.0,24.0,44,0,0.0,0.0
loco_linear,capacity_matched_deepsets,43,125,0.8,122,3,110,15,110,12,0,3,0.9016393442622951,0.0,0.9508196721311475,110,0.88,0.9016393442622951,525.8181818181819,540.0,525.8181818181819,121,0,0.0,0.0
loco_linear,capacity_matched_deepsets,43,125,0.6,92,33,89,36,89,3,0,33,0.967391304347826,0.0,0.9836956521739131,89,0.712,0.967391304347826,82.92134831460675,60.0,77.52808988764045,74,0,0.0,0.0
loco_linear,capacity_matched_deepsets,44,125,0.8,122,3,111,14,111,11,0,3,0.9098360655737705,0.0,0.9549180327868853,111,0.888,0.9098360655737705,304.86486486486484,240.0,304.86486486486484,119,0,0.0,0.0
loco_linear,capacity_matched_deepsets,44,125,0.6,92,33,91,34,91,1,0,33,0.9891304347826086,0.0,0.9945652173913043,91,0.728,0.9891304347826086,50.10989010989011,60.0,39.56043956043956,54,0,0.0,0.0
loco_linear,capacity_matched_deepsets,45,125,0.8,122,3,115,10,115,7,0,3,0.9426229508196722,0.0,0.9713114754098361,115,0.92,0.9426229508196722,259.82608695652175,180.0,258.7826086956522,117,0,0.0,0.0
loco_linear,capacity_matched_deepsets,45,125,0.6,92,33,91,34,91,1,0,33,0.9891304347826086,0.0,0.9945652173913043,91,0.728,0.9891304347826086,58.02197802197802,60.0,-50.10989010989011,6,0,0.0,0.0
loco_linear,capacity_matched_deepsets,46,125,0.8,122,3,117,8,117,5,0,3,0.9590163934426229,0.0,0.9795081967213115,117,0.936,0.9590163934426229,210.25641025641025,120.0,210.25641025641025,121,0,0.0,0.0
loco_linear,capacity_matched_deepsets,46,125,0.6,92,33,90,35,90,2,0,33,0.9782608695652174,0.0,0.9891304347826086,90,0.72,0.9782608695652174,55.333333333333336,60.0,15.333333333333334,45,0,0.0,0.0
loco_linear,gnn,42,125,0.8,122,3,115,10,115,7,0,3,0.9426229508196722,0.0,0.9713114754098361,115,0.92,0.9426229508196722,226.43478260869566,180.0,226.43478260869566,121,0,0.0,0.0
loco_linear,gnn,42,125,0.6,92,33,91,34,91,1,0,33,0.9891304347826086,0.0,0.9945652173913043,91,0.728,0.9891304347826086,38.24175824175824,60.0,19.78021978021978,35,0,0.0,0.0
loco_linear,gnn,43,125,0.8,122,3,111,14,111,11,0,3,0.9098360655737705,0.0,0.9549180327868853,111,0.888,0.9098360655737705,258.9189189189189,120.0,258.9189189189189,117,0,0.0,0.0
loco_linear,gnn,43,125,0.6,92,33,91,34,91,1,0,33,0.9891304347826086,0.0,0.9945652173913043,91,0.728,0.9891304347826086,32.967032967032964,0.0,2.6373626373626373,25,0,0.0,0.0
loco_linear,gnn,44,125,0.8,122,3,111,14,111,11,0,3,0.9098360655737705,0.0,0.9549180327868853,111,0.888,0.9098360655737705,292.43243243243245,180.0,292.43243243243245,121,0,0.0,0.0
loco_linear,gnn,44,125,0.6,92,33,91,34,91,1,0,33,0.9891304347826086,0.0,0.9945652173913043,91,0.728,0.9891304347826086,34.94505494505494,60.0,27.032967032967033,42,0,0.0,0.0
loco_linear,gnn,45,125,0.8,122,3,110,15,110,12,0,3,0.9016393442622951,0.0,0.9508196721311475,110,0.88,0.9016393442622951,392.72727272727275,360.0,392.72727272727275,121,0,0.0,0.0
loco_linear,gnn,45,125,0.6,92,33,93,32,91,1,2,31,0.9891304347826086,0.06060606060606061,0.964262187088274,91,0.728,0.9891304347826086,57.362637362637365,60.0,30.98901098901099,50,0,0.0,0.0
loco_linear,gnn,46,125,0.8,122,3,112,13,112,10,0,3,0.9180327868852459,0.0,0.959016393442623,112,0.896,0.9180327868852459,293.57142857142856,180.0,293.57142857142856,121,0,0.0,0.0
loco_linear,gnn,46,125,0.6,92,33,91,34,91,1,0,33,0.9891304347826086,0.0,0.9945652173913043,91,0.728,0.9891304347826086,33.62637362637363,60.0,-0.6593406593406593,22,0,0.0,0.0
loco_linear,gnn_zero_edge_features,42,125,0.8,122,3,116,9,116,6,0,3,0.9508196721311475,0.0,0.9754098360655737,116,0.928,0.9508196721311475,220.3448275862069,180.0,220.3448275862069,120,0,0.0,0.0
loco_linear,gnn_zero_edge_features,42,125,0.6,92,33,91,34,91,1,0,33,0.9891304347826086,0.0,0.9945652173913043,91,0.728,0.9891304347826086,54.72527472527472,60.0,52.08791208791209,58,0,0.0,0.0
loco_linear,gnn_zero_edge_features,43,125,0.8,122,3,112,13,112,10,0,3,0.9180327868852459,0.0,0.959016393442623,112,0.896,0.9180327868852459,235.71428571428572,180.0,235.71428571428572,117,0,0.0,0.0
loco_linear,gnn_zero_edge_features,43,125,0.6,92,33,93,32,91,1,2,31,0.9891304347826086,0.06060606060606061,0.964262187088274,91,0.728,0.9891304347826086,62.637362637362635,60.0,-28.35164835164835,25,0,0.0,0.0
loco_linear,gnn_zero_edge_features,44,125,0.8,122,3,112,13,112,10,0,3,0.9180327868852459,0.0,0.959016393442623,112,0.896,0.9180327868852459,255.53571428571428,180.0,255.53571428571428,121,0,0.0,0.0
loco_linear,gnn_zero_edge_features,44,125,0.6,92,33,91,34,91,1,0,33,0.9891304347826086,0.0,0.9945652173913043,91,0.728,0.9891304347826086,38.9010989010989,60.0,11.208791208791208,33,0,0.0,0.0
loco_linear,gnn_zero_edge_features,45,125,0.8,122,3,110,15,110,12,0,3,0.9016393442622951,0.0,0.9508196721311475,110,0.88,0.9016393442622951,335.45454545454544,240.0,335.45454545454544,121,0,0.0,0.0
loco_linear,gnn_zero_edge_features,45,125,0.6,92,33,93,32,91,1,2,31,0.9891304347826086,0.06060606060606061,0.964262187088274,91,0.728,0.9891304347826086,54.72527472527472,60.0,-12.527472527472527,29,0,0.0,0.0
loco_linear,gnn_zero_edge_features,46,125,0.8,122,3,111,14,111,11,0,3,0.9098360655737705,0.0,0.9549180327868853,111,0.888,0.9098360655737705,352.97297297297297,300.0,352.97297297297297,120,0,0.0,0.0
loco_linear,gnn_zero_edge_features,46,125,0.6,92,33,88,37,88,4,0,33,0.9565217391304348,0.0,0.9782608695652174,88,0.704,0.9565217391304348,105.68181818181819,120.0,104.31818181818181,78,0,0.0,0.0
loco_linear,gnn_mean,42,125,0.8,122,3,117,8,117,5,0,3,0.9590163934426229,0.0,0.9795081967213115,117,0.936,0.9590163934426229,321.02564102564105,300.0,321.02564102564105,122,0,0.0,0.0
loco_linear,gnn_mean,42,125,0.6,92,33,92,33,91,1,1,32,0.9891304347826086,0.030303030303030304,0.9794137022397892,91,0.728,0.9891304347826086,42.857142857142854,60.0,-13.846153846153847,21,0,0.0,0.0
loco_linear,gnn_mean,43,125,0.8,122,3,113,12,113,9,0,3,0.9262295081967213,0.0,0.9631147540983607,113,0.904,0.9262295081967213,244.7787610619469,180.0,244.7787610619469,118,0,0.0,0.0
loco_linear,gnn_mean,43,125,0.6,92,33,91,34,91,1,0,33,0.9891304347826086,0.0,0.9945652173913043,91,0.728,0.9891304347826086,42.1978021978022,60.0,-22.417582417582416,15,0,0.0,0.0
loco_linear,gnn_mean,44,125,0.8,122,3,112,13,112,10,0,3,0.9180327868852459,0.0,0.959016393442623,112,0.896,0.9180327868852459,263.0357142857143,180.0,263.0357142857143,120,0,0.0,0.0
loco_linear,gnn_mean,44,125,0.6,92,33,90,35,90,2,0,33,0.9782608695652174,0.0,0.9891304347826086,90,0.72,0.9782608695652174,52.0,60.0,48.0,54,0,0.0,0.0
loco_linear,gnn_mean,45,125,0.8,122,3,92,33,92,30,0,3,0.7540983606557377,0.0,0.8770491803278688,92,0.736,0.7540983606557377,410.2173913043478,270.0,410.2173913043478,121,0,0.0,0.0
loco_linear,gnn_mean,45,125,0.6,92,33,89,36,89,3,0,33,0.967391304347826,0.0,0.9836956521739131,89,0.712,0.967391304347826,49.21348314606742,60.0,26.292134831460675,43,0,0.0,0.0
loco_linear,gnn_mean,46,125,0.8,122,3,111,14,111,11,0,3,0.9098360655737705,0.0,0.9549180327868853,111,0.888,0.9098360655737705,307.02702702702703,180.0,307.02702702702703,119,0,0.0,0.0
loco_linear,gnn_mean,46,125,0.6,92,33,91,34,91,1,0,33,0.9891304347826086,0.0,0.9945652173913043,91,0.728,0.9891304347826086,36.26373626373626,60.0,25.714285714285715,42,0,0.0,0.0
loco_smoldering,fire_only,42,97,0.8,1,96,20,77,1,0,19,77,1.0,0.19791666666666666,0.9010416666666666,1,0.010309278350515464,1.0,780.0,780.0,-780.0,0,0,0.0,0.0
loco_smoldering,fire_only,42,97,0.6,0,97,0,97,0,0,0,97,NA,0.0,NA,0,0.0,NA,NA,NA,NA,0,0,0.0,NA
loco_smoldering,fire_only,43,97,0.8,1,96,1,96,1,0,0,96,1.0,0.0,1.0,1,0.010309278350515464,1.0,420.0,420.0,-420.0,0,0,0.0,0.0
loco_smoldering,fire_only,43,97,0.6,0,97,0,97,0,0,0,97,NA,0.0,NA,0,0.0,NA,NA,NA,NA,0,0,0.0,NA
loco_smoldering,fire_only,44,97,0.8,1,96,9,88,1,0,8,88,1.0,0.08333333333333333,0.9583333333333334,1,0.010309278350515464,1.0,540.0,540.0,-540.0,0,0,0.0,0.0
loco_smoldering,fire_only,44,97,0.6,0,97,0,97,0,0,0,97,NA,0.0,NA,0,0.0,NA,NA,NA,NA,0,0,0.0,NA
loco_smoldering,fire_only,45,97,0.8,1,96,12,85,1,0,11,85,1.0,0.11458333333333333,0.9427083333333334,1,0.010309278350515464,1.0,660.0,660.0,-660.0,0,0,0.0,0.0
loco_smoldering,fire_only,45,97,0.6,0,97,0,97,0,0,0,97,NA,0.0,NA,0,0.0,NA,NA,NA,NA,0,0,0.0,NA
loco_smoldering,fire_only,46,97,0.8,1,96,9,88,1,0,8,88,1.0,0.08333333333333333,0.9583333333333334,1,0.010309278350515464,1.0,540.0,540.0,-540.0,0,0,0.0,0.0
loco_smoldering,fire_only,46,97,0.6,0,97,0,97,0,0,0,97,NA,0.0,NA,0,0.0,NA,NA,NA,NA,0,0,0.0,NA
loco_smoldering,global_stats,42,97,0.8,1,96,13,84,1,0,12,84,1.0,0.125,0.9375,1,0.010309278350515464,1.0,720.0,720.0,-720.0,0,0,0.0,0.0
loco_smoldering,global_stats,42,97,0.6,0,97,0,97,0,0,0,97,NA,0.0,NA,0,0.0,NA,NA,NA,NA,0,0,0.0,NA
loco_smoldering,global_stats,43,97,0.8,1,96,13,84,1,0,12,84,1.0,0.125,0.9375,1,0.010309278350515464,1.0,780.0,780.0,-780.0,0,0,0.0,0.0
loco_smoldering,global_stats,43,97,0.6,0,97,0,97,0,0,0,97,NA,0.0,NA,0,0.0,NA,NA,NA,NA,0,0,0.0,NA
loco_smoldering,global_stats,44,97,0.8,1,96,11,86,1,0,10,86,1.0,0.10416666666666667,0.9479166666666666,1,0.010309278350515464,1.0,600.0,600.0,-600.0,0,0,0.0,0.0
loco_smoldering,global_stats,44,97,0.6,0,97,0,97,0,0,0,97,NA,0.0,NA,0,0.0,NA,NA,NA,NA,0,0,0.0,NA
loco_smoldering,global_stats,45,97,0.8,1,96,13,84,1,0,12,84,1.0,0.125,0.9375,1,0.010309278350515464,1.0,840.0,840.0,-840.0,0,0,0.0,0.0
loco_smoldering,global_stats,45,97,0.6,0,97,0,97,0,0,0,97,NA,0.0,NA,0,0.0,NA,NA,NA,NA,0,0,0.0,NA
loco_smoldering,global_stats,46,97,0.8,1,96,13,84,1,0,12,84,1.0,0.125,0.9375,1,0.010309278350515464,1.0,720.0,720.0,-720.0,0,0,0.0,0.0
loco_smoldering,global_stats,46,97,0.6,0,97,0,97,0,0,0,97,NA,0.0,NA,0,0.0,NA,NA,NA,NA,0,0,0.0,NA
loco_smoldering,deepsets,42,97,0.8,1,96,11,86,1,0,10,86,1.0,0.10416666666666667,0.9479166666666666,1,0.010309278350515464,1.0,720.0,720.0,-720.0,0,0,0.0,0.0
loco_smoldering,deepsets,42,97,0.6,0,97,0,97,0,0,0,97,NA,0.0,NA,0,0.0,NA,NA,NA,NA,0,0,0.0,NA
loco_smoldering,deepsets,43,97,0.8,1,96,15,82,1,0,14,82,1.0,0.14583333333333334,0.9270833333333334,1,0.010309278350515464,1.0,900.0,900.0,-900.0,0,0,0.0,0.0
loco_smoldering,deepsets,43,97,0.6,0,97,0,97,0,0,0,97,NA,0.0,NA,0,0.0,NA,NA,NA,NA,0,0,0.0,NA
loco_smoldering,deepsets,44,97,0.8,1,96,11,86,1,0,10,86,1.0,0.10416666666666667,0.9479166666666666,1,0.010309278350515464,1.0,720.0,720.0,-720.0,0,0,0.0,0.0
loco_smoldering,deepsets,44,97,0.6,0,97,0,97,0,0,0,97,NA,0.0,NA,0,0.0,NA,NA,NA,NA,0,0,0.0,NA
loco_smoldering,deepsets,45,97,0.8,1,96,13,84,1,0,12,84,1.0,0.125,0.9375,1,0.010309278350515464,1.0,780.0,780.0,-780.0,0,0,0.0,0.0
loco_smoldering,deepsets,45,97,0.6,0,97,0,97,0,0,0,97,NA,0.0,NA,0,0.0,NA,NA,NA,NA,0,0,0.0,NA
loco_smoldering,deepsets,46,97,0.8,1,96,14,83,1,0,13,83,1.0,0.13541666666666666,0.9322916666666666,1,0.010309278350515464,1.0,780.0,780.0,-780.0,0,0,0.0,0.0
loco_smoldering,deepsets,46,97,0.6,0,97,0,97,0,0,0,97,NA,0.0,NA,0,0.0,NA,NA,NA,NA,0,0,0.0,NA
loco_smoldering,capacity_matched_deepsets,42,97,0.8,1,96,11,86,1,0,10,86,1.0,0.10416666666666667,0.9479166666666666,1,0.010309278350515464,1.0,660.0,660.0,-660.0,0,0,0.0,0.0
loco_smoldering,capacity_matched_deepsets,42,97,0.6,0,97,0,97,0,0,0,97,NA,0.0,NA,0,0.0,NA,NA,NA,NA,0,0,0.0,NA
loco_smoldering,capacity_matched_deepsets,43,97,0.8,1,96,21,76,1,0,20,76,1.0,0.20833333333333334,0.8958333333333334,1,0.010309278350515464,1.0,900.0,900.0,-900.0,0,0,0.0,0.0
loco_smoldering,capacity_matched_deepsets,43,97,0.6,0,97,0,97,0,0,0,97,NA,0.0,NA,0,0.0,NA,NA,NA,NA,0,0,0.0,NA
loco_smoldering,capacity_matched_deepsets,44,97,0.8,1,96,14,83,1,0,13,83,1.0,0.13541666666666666,0.9322916666666666,1,0.010309278350515464,1.0,900.0,900.0,-900.0,0,0,0.0,0.0
loco_smoldering,capacity_matched_deepsets,44,97,0.6,0,97,0,97,0,0,0,97,NA,0.0,NA,0,0.0,NA,NA,NA,NA,0,0,0.0,NA
loco_smoldering,capacity_matched_deepsets,45,97,0.8,1,96,13,84,1,0,12,84,1.0,0.125,0.9375,1,0.010309278350515464,1.0,840.0,840.0,-840.0,0,0,0.0,0.0
loco_smoldering,capacity_matched_deepsets,45,97,0.6,0,97,0,97,0,0,0,97,NA,0.0,NA,0,0.0,NA,NA,NA,NA,0,0,0.0,NA
loco_smoldering,capacity_matched_deepsets,46,97,0.8,1,96,26,71,1,0,25,71,1.0,0.2604166666666667,0.8697916666666666,1,0.010309278350515464,1.0,1140.0,1140.0,-1140.0,0,0,0.0,0.0
loco_smoldering,capacity_matched_deepsets,46,97,0.6,0,97,0,97,0,0,0,97,NA,0.0,NA,0,0.0,NA,NA,NA,NA,0,0,0.0,NA
loco_smoldering,gnn,42,97,0.8,1,96,13,84,1,0,12,84,1.0,0.125,0.9375,1,0.010309278350515464,1.0,840.0,840.0,-840.0,0,0,0.0,0.0
loco_smoldering,gnn,42,97,0.6,0,97,0,97,0,0,0,97,NA,0.0,NA,0,0.0,NA,NA,NA,NA,0,0,0.0,NA
loco_smoldering,gnn,43,97,0.8,1,96,19,78,1,0,18,78,1.0,0.1875,0.90625,1,0.010309278350515464,1.0,1140.0,1140.0,-1140.0,0,0,0.0,0.0
loco_smoldering,gnn,43,97,0.6,0,97,0,97,0,0,0,97,NA,0.0,NA,0,0.0,NA,NA,NA,NA,0,0,0.0,NA
loco_smoldering,gnn,44,97,0.8,1,96,18,79,1,0,17,79,1.0,0.17708333333333334,0.9114583333333334,1,0.010309278350515464,1.0,840.0,840.0,-840.0,0,0,0.0,0.0
loco_smoldering,gnn,44,97,0.6,0,97,0,97,0,0,0,97,NA,0.0,NA,0,0.0,NA,NA,NA,NA,0,0,0.0,NA
loco_smoldering,gnn,45,97,0.8,1,96,26,71,1,0,25,71,1.0,0.2604166666666667,0.8697916666666666,1,0.010309278350515464,1.0,900.0,900.0,-900.0,0,0,0.0,0.0
loco_smoldering,gnn,45,97,0.6,0,97,0,97,0,0,0,97,NA,0.0,NA,0,0.0,NA,NA,NA,NA,0,0,0.0,NA
loco_smoldering,gnn,46,97,0.8,1,96,13,84,1,0,12,84,1.0,0.125,0.9375,1,0.010309278350515464,1.0,840.0,840.0,-840.0,0,0,0.0,0.0
loco_smoldering,gnn,46,97,0.6,0,97,0,97,0,0,0,97,NA,0.0,NA,0,0.0,NA,NA,NA,NA,0,0,0.0,NA
loco_smoldering,gnn_zero_edge_features,42,97,0.8,1,96,15,82,1,0,14,82,1.0,0.14583333333333334,0.9270833333333334,1,0.010309278350515464,1.0,840.0,840.0,-840.0,0,0,0.0,0.0
loco_smoldering,gnn_zero_edge_features,42,97,0.6,0,97,0,97,0,0,0,97,NA,0.0,NA,0,0.0,NA,NA,NA,NA,0,0,0.0,NA
loco_smoldering,gnn_zero_edge_features,43,97,0.8,1,96,20,77,1,0,19,77,1.0,0.19791666666666666,0.9010416666666666,1,0.010309278350515464,1.0,1140.0,1140.0,-1140.0,0,0,0.0,0.0
loco_smoldering,gnn_zero_edge_features,43,97,0.6,0,97,0,97,0,0,0,97,NA,0.0,NA,0,0.0,NA,NA,NA,NA,0,0,0.0,NA
loco_smoldering,gnn_zero_edge_features,44,97,0.8,1,96,14,83,1,0,13,83,1.0,0.13541666666666666,0.9322916666666666,1,0.010309278350515464,1.0,720.0,720.0,-720.0,0,0,0.0,0.0
loco_smoldering,gnn_zero_edge_features,44,97,0.6,0,97,0,97,0,0,0,97,NA,0.0,NA,0,0.0,NA,NA,NA,NA,0,0,0.0,NA
loco_smoldering,gnn_zero_edge_features,45,97,0.8,1,96,19,78,1,0,18,78,1.0,0.1875,0.90625,1,0.010309278350515464,1.0,840.0,840.0,-840.0,0,0,0.0,0.0
loco_smoldering,gnn_zero_edge_features,45,97,0.6,0,97,0,97,0,0,0,97,NA,0.0,NA,0,0.0,NA,NA,NA,NA,0,0,0.0,NA
loco_smoldering,gnn_zero_edge_features,46,97,0.8,1,96,18,79,1,0,17,79,1.0,0.17708333333333334,0.9114583333333334,1,0.010309278350515464,1.0,900.0,900.0,-900.0,0,0,0.0,0.0
loco_smoldering,gnn_zero_edge_features,46,97,0.6,0,97,0,97,0,0,0,97,NA,0.0,NA,0,0.0,NA,NA,NA,NA,0,0,0.0,NA
loco_smoldering,gnn_mean,42,97,0.8,1,96,26,71,1,0,25,71,1.0,0.2604166666666667,0.8697916666666666,1,0.010309278350515464,1.0,1020.0,1020.0,-1020.0,0,0,0.0,0.0
loco_smoldering,gnn_mean,42,97,0.6,0,97,0,97,0,0,0,97,NA,0.0,NA,0,0.0,NA,NA,NA,NA,0,0,0.0,NA
loco_smoldering,gnn_mean,43,97,0.8,1,96,26,71,1,0,25,71,1.0,0.2604166666666667,0.8697916666666666,1,0.010309278350515464,1.0,1020.0,1020.0,-1020.0,0,0,0.0,0.0
loco_smoldering,gnn_mean,43,97,0.6,0,97,0,97,0,0,0,97,NA,0.0,NA,0,0.0,NA,NA,NA,NA,0,0,0.0,NA
loco_smoldering,gnn_mean,44,97,0.8,1,96,13,84,1,0,12,84,1.0,0.125,0.9375,1,0.010309278350515464,1.0,840.0,840.0,-840.0,0,0,0.0,0.0
loco_smoldering,gnn_mean,44,97,0.6,0,97,0,97,0,0,0,97,NA,0.0,NA,0,0.0,NA,NA,NA,NA,0,0,0.0,NA
loco_smoldering,gnn_mean,45,97,0.8,1,96,19,78,1,0,18,78,1.0,0.1875,0.90625,1,0.010309278350515464,1.0,840.0,840.0,-840.0,0,0,0.0,0.0
loco_smoldering,gnn_mean,45,97,0.6,0,97,0,97,0,0,0,97,NA,0.0,NA,0,0.0,NA,NA,NA,NA,0,0,0.0,NA
loco_smoldering,gnn_mean,46,97,0.8,1,96,19,78,1,0,18,78,1.0,0.1875,0.90625,1,0.010309278350515464,1.0,960.0,960.0,-960.0,0,0,0.0,0.0
loco_smoldering,gnn_mean,46,97,0.6,0,97,0,97,0,0,0,97,NA,0.0,NA,0,0.0,NA,NA,NA,NA,0,0,0.0,NA
