protocol,role,source_batch,fire_family,crack_count,flat_response,in_legacy911,case_count
iid997,train,batch_004,astm_e119,1,False,True,2
iid997,train,batch_004,astm_e119,3,False,True,3
iid997,train,batch_004,astm_e119,4,False,True,3
iid997,train,batch_004,astm_e119,5,False,True,2
iid997,train,batch_004,astm_e119,6,False,True,2
iid997,train,batch_004,astm_e119,7,False,True,1
iid997,train,batch_004,astm_e119,8,False,True,3
iid997,train,batch_004,decay,1,False,True,4
iid997,train,batch_004,decay,2,False,True,3
iid997,train,batch_004,decay,3,False,True,1
iid997,train,batch_004,decay,4,False,True,5
iid997,train,batch_004,decay,5,False,True,4
iid997,train,batch_004,decay,6,False,True,6
iid997,train,batch_004,decay,7,False,True,5
iid997,train,batch_004,decay,8,False,True,4
iid997,train,batch_004,iso834,1,False,True,8
iid997,train,batch_004,iso834,2,False,True,6
iid997,train,batch_004,iso834,3,False,True,9
iid997,train,batch_004,iso834,4,False,True,8
iid997,train,batch_004,iso834,5,False,True,6
iid997,train,batch_004,iso834,6,False,True,8
iid997,train,batch_004,iso834,7,False,True,13
iid997,train,batch_004,iso834,8,False,True,13
iid997,train,batch_004,linear,1,False,True,8
iid997,train,batch_004,linear,2,False,True,5
iid997,train,batch_004,linear,3,False,True,3
iid997,train,batch_004,linear,4,False,True,5
iid997,train,batch_004,linear,5,False,True,5
iid997,train,batch_004,linear,6,False,True,6
iid997,train,batch_004,linear,7,False,True,7
iid997,train,batch_004,linear,8,False,True,3
iid997,train,batch_004,log_variant,1,False,True,1
iid997,train,batch_004,log_variant,4,False,True,1
iid997,train,batch_004,log_variant,5,False,True,3
iid997,train,batch_004,log_variant,6,False,True,3
iid997,train,batch_004,log_variant,7,False,True,1
iid997,train,batch_004,log_variant,8,False,True,2
iid997,train,batch_004,perturbed_iso,1,False,True,4
iid997,train,batch_004,perturbed_iso,2,False,True,4
iid997,train,batch_004,perturbed_iso,3,False,True,5
iid997,train,batch_004,perturbed_iso,4,False,True,4
iid997,train,batch_004,perturbed_iso,5,False,True,9
iid997,train,batch_004,perturbed_iso,6,False,True,2
iid997,train,batch_004,perturbed_iso,7,False,True,4
iid997,train,batch_004,perturbed_iso,8,False,True,3
iid997,train,batch_004,plateau,1,False,True,3
iid997,train,batch_004,plateau,2,False,True,3
iid997,train,batch_004,plateau,3,False,True,3
iid997,train,batch_004,plateau,4,False,True,2
iid997,train,batch_004,plateau,5,False,True,3
iid997,train,batch_004,plateau,6,False,True,2
iid997,train,batch_004,plateau,7,False,True,6
iid997,train,batch_004,plateau,8,False,True,5
iid997,train,batch_005,astm_e119,1,False,True,3
iid997,train,batch_005,astm_e119,2,False,True,4
iid997,train,batch_005,astm_e119,3,False,True,5
iid997,train,batch_005,astm_e119,4,False,True,3
iid997,train,batch_005,astm_e119,5,False,True,1
iid997,train,batch_005,astm_e119,6,False,True,5
iid997,train,batch_005,astm_e119,7,False,True,8
iid997,train,batch_005,astm_e119,8,False,True,3
iid997,train,batch_005,astm_e119,9,False,True,4
iid997,train,batch_005,astm_e119,10,False,True,2
iid997,train,batch_005,astm_e119,11,False,True,5
iid997,train,batch_005,astm_e119,12,False,True,4
iid997,train,batch_005,astm_e119,13,False,True,1
iid997,train,batch_005,astm_e119,14,False,True,2
iid997,train,batch_005,bilinear,1,False,True,4
iid997,train,batch_005,bilinear,2,False,True,6
iid997,train,batch_005,bilinear,3,False,True,3
iid997,train,batch_005,bilinear,4,False,True,6
iid997,train,batch_005,bilinear,5,False,True,2
iid997,train,batch_005,bilinear,6,False,True,3
iid997,train,batch_005,bilinear,7,False,True,3
iid997,train,batch_005,bilinear,8,False,True,2
iid997,train,batch_005,bilinear,9,False,True,4
iid997,train,batch_005,bilinear,10,False,True,4
iid997,train,batch_005,bilinear,11,False,True,3
iid997,train,batch_005,bilinear,12,False,True,5
iid997,train,batch_005,bilinear,13,False,True,3
iid997,train,batch_005,bilinear,14,False,True,4
iid997,train,batch_005,bilinear,15,False,True,1
iid997,train,batch_005,decay,1,False,True,4
iid997,train,batch_005,decay,2,False,True,2
iid997,train,batch_005,decay,3,False,True,2
iid997,train,batch_005,decay,4,False,True,3
iid997,train,batch_005,decay,5,False,True,5
iid997,train,batch_005,decay,6,False,True,3
iid997,train,batch_005,decay,7,False,True,2
iid997,train,batch_005,decay,8,False,True,2
iid997,train,batch_005,decay,9,False,True,5
iid997,train,batch_005,decay,10,False,True,3
iid997,train,batch_005,decay,11,False,True,3
iid997,train,batch_005,decay,12,False,True,4
iid997,train,batch_005,decay,13,False,True,5
iid997,train,batch_005,decay,14,False,True,2
iid997,train,batch_005,decay,15,False,True,2
iid997,train,batch_005,external_fire,1,False,True,2
iid997,train,batch_005,external_fire,2,False,True,3
iid997,train,batch_005,external_fire,3,False,True,1
iid997,train,batch_005,external_fire,4,False,True,2
iid997,train,batch_005,external_fire,5,False,True,3
iid997,train,batch_005,external_fire,6,False,True,1
iid997,train,batch_005,external_fire,7,False,True,2
iid997,train,batch_005,external_fire,8,False,True,1
iid997,train,batch_005,external_fire,9,False,True,5
iid997,train,batch_005,external_fire,10,False,True,3
iid997,train,batch_005,external_fire,11,False,True,1
iid997,train,batch_005,external_fire,12,False,True,2
iid997,train,batch_005,external_fire,13,False,True,4
iid997,train,batch_005,external_fire,14,False,True,2
iid997,train,batch_005,external_fire,15,False,True,2
iid997,train,batch_005,iso834,1,False,True,6
iid997,train,batch_005,iso834,2,False,True,4
iid997,train,batch_005,iso834,3,False,True,2
iid997,train,batch_005,iso834,4,False,True,3
iid997,train,batch_005,iso834,5,False,True,3
iid997,train,batch_005,iso834,6,False,True,3
iid997,train,batch_005,iso834,7,False,True,2
iid997,train,batch_005,iso834,8,False,True,5
iid997,train,batch_005,iso834,9,False,True,2
iid997,train,batch_005,iso834,10,False,True,4
iid997,train,batch_005,iso834,11,False,True,1
iid997,train,batch_005,iso834,12,False,True,1
iid997,train,batch_005,iso834,13,False,True,3
iid997,train,batch_005,linear,1,False,True,2
iid997,train,batch_005,linear,2,False,True,1
iid997,train,batch_005,linear,4,False,True,2
iid997,train,batch_005,linear,5,False,True,5
iid997,train,batch_005,linear,6,False,True,7
iid997,train,batch_005,linear,7,False,True,5
iid997,train,batch_005,linear,8,False,True,4
iid997,train,batch_005,linear,9,False,True,2
iid997,train,batch_005,linear,10,False,True,2
iid997,train,batch_005,linear,11,False,True,3
iid997,train,batch_005,linear,12,False,True,2
iid997,train,batch_005,linear,13,False,True,3
iid997,train,batch_005,linear,14,False,True,3
iid997,train,batch_005,linear,15,False,True,4
iid997,train,batch_005,log_variant,2,False,True,5
iid997,train,batch_005,log_variant,3,False,True,3
iid997,train,batch_005,log_variant,4,False,True,2
iid997,train,batch_005,log_variant,5,False,True,3
iid997,train,batch_005,log_variant,6,False,True,3
iid997,train,batch_005,log_variant,7,False,True,4
iid997,train,batch_005,log_variant,8,False,True,2
iid997,train,batch_005,log_variant,9,False,True,4
iid997,train,batch_005,log_variant,10,False,True,3
iid997,train,batch_005,log_variant,11,False,True,1
iid997,train,batch_005,log_variant,12,False,True,2
iid997,train,batch_005,log_variant,14,False,True,3
iid997,train,batch_005,log_variant,15,False,True,2
iid997,train,batch_005,perturbed_iso,1,False,True,5
iid997,train,batch_005,perturbed_iso,2,False,True,2
iid997,train,batch_005,perturbed_iso,3,False,True,9
iid997,train,batch_005,perturbed_iso,4,False,True,1
iid997,train,batch_005,perturbed_iso,5,False,True,4
iid997,train,batch_005,perturbed_iso,6,False,True,3
iid997,train,batch_005,perturbed_iso,7,False,True,2
iid997,train,batch_005,perturbed_iso,8,False,True,5
iid997,train,batch_005,perturbed_iso,9,False,True,2
iid997,train,batch_005,perturbed_iso,10,False,True,3
iid997,train,batch_005,perturbed_iso,11,False,True,3
iid997,train,batch_005,perturbed_iso,12,False,True,3
iid997,train,batch_005,plateau,1,False,True,6
iid997,train,batch_005,plateau,2,False,True,2
iid997,train,batch_005,plateau,3,False,True,2
iid997,train,batch_005,plateau,4,False,True,2
iid997,train,batch_005,plateau,5,False,True,7
iid997,train,batch_005,plateau,6,False,True,4
iid997,train,batch_005,plateau,7,False,True,5
iid997,train,batch_005,plateau,8,False,True,7
iid997,train,batch_005,plateau,9,False,True,4
iid997,train,batch_005,plateau,10,False,True,2
iid997,train,batch_005,plateau,11,False,True,1
iid997,train,batch_005,plateau,12,False,True,1
iid997,train,batch_005,plateau,13,False,True,1
iid997,train,batch_005,plateau,15,False,True,1
iid997,train,batch_005,smoldering,1,False,True,1
iid997,train,batch_005,smoldering,1,True,False,4
iid997,train,batch_005,smoldering,2,False,True,1
iid997,train,batch_005,smoldering,2,True,False,3
iid997,train,batch_005,smoldering,3,True,False,5
iid997,train,batch_005,smoldering,4,True,False,5
iid997,train,batch_005,smoldering,5,False,True,1
iid997,train,batch_005,smoldering,5,True,False,3
iid997,train,batch_005,smoldering,6,True,False,7
iid997,train,batch_005,smoldering,7,False,True,1
iid997,train,batch_005,smoldering,7,True,False,3
iid997,train,batch_005,smoldering,8,True,False,5
iid997,train,batch_005,smoldering,9,True,False,2
iid997,train,batch_005,smoldering,10,False,True,1
iid997,train,batch_005,smoldering,10,True,False,4
iid997,train,batch_005,smoldering,11,False,True,1
iid997,train,batch_005,smoldering,11,True,False,3
iid997,train,batch_005,smoldering,12,True,False,5
iid997,train,batch_005,smoldering,13,True,False,4
iid997,train,batch_005,smoldering,14,False,True,2
iid997,train,batch_005,smoldering,14,True,False,2
iid997,train,batch_005,smoldering,15,False,True,1
iid997,train,batch_005,smoldering,15,True,False,3
iid997,validation,batch_004,astm_e119,2,False,True,1
iid997,validation,batch_004,astm_e119,5,False,True,1
iid997,validation,batch_004,astm_e119,8,False,True,1
iid997,validation,batch_004,decay,1,False,True,1
iid997,validation,batch_004,decay,3,False,True,3
iid997,validation,batch_004,decay,4,False,True,2
iid997,validation,batch_004,decay,7,False,True,1
iid997,validation,batch_004,decay,8,False,True,1
iid997,validation,batch_004,iso834,1,False,True,3
iid997,validation,batch_004,iso834,2,False,True,2
iid997,validation,batch_004,iso834,4,False,True,3
iid997,validation,batch_004,iso834,5,False,True,1
iid997,validation,batch_004,iso834,6,False,True,2
iid997,validation,batch_004,iso834,7,False,True,1
iid997,validation,batch_004,linear,1,False,True,1
iid997,validation,batch_004,linear,2,False,True,3
iid997,validation,batch_004,linear,3,False,True,2
iid997,validation,batch_004,linear,5,False,True,1
iid997,validation,batch_004,linear,6,False,True,3
iid997,validation,batch_004,linear,7,False,True,1
iid997,validation,batch_004,log_variant,5,False,True,1
iid997,validation,batch_004,perturbed_iso,1,False,True,5
iid997,validation,batch_004,perturbed_iso,2,False,True,1
iid997,validation,batch_004,perturbed_iso,3,False,True,1
iid997,validation,batch_004,perturbed_iso,4,False,True,1
iid997,validation,batch_004,perturbed_iso,8,False,True,1
iid997,validation,batch_004,plateau,3,False,True,1
iid997,validation,batch_004,plateau,4,False,True,1
iid997,validation,batch_004,plateau,6,False,True,1
iid997,validation,batch_004,plateau,7,False,True,1
iid997,validation,batch_005,astm_e119,3,False,True,3
iid997,validation,batch_005,astm_e119,5,False,True,1
iid997,validation,batch_005,astm_e119,6,False,True,2
iid997,validation,batch_005,astm_e119,7,False,True,1
iid997,validation,batch_005,astm_e119,10,False,True,1
iid997,validation,batch_005,astm_e119,12,False,True,3
iid997,validation,batch_005,bilinear,1,False,True,2
iid997,validation,batch_005,bilinear,3,False,True,2
iid997,validation,batch_005,bilinear,4,False,True,1
iid997,validation,batch_005,bilinear,5,False,True,1
iid997,validation,batch_005,bilinear,8,False,True,1
iid997,validation,batch_005,bilinear,9,False,True,1
iid997,validation,batch_005,bilinear,12,False,True,1
iid997,validation,batch_005,bilinear,13,False,True,1
iid997,validation,batch_005,bilinear,15,False,True,1
iid997,validation,batch_005,decay,5,False,True,1
iid997,validation,batch_005,decay,9,False,True,2
iid997,validation,batch_005,decay,10,False,True,1
iid997,validation,batch_005,decay,11,False,True,2
iid997,validation,batch_005,decay,12,False,True,1
iid997,validation,batch_005,decay,13,False,True,1
iid997,validation,batch_005,external_fire,2,False,True,1
iid997,validation,batch_005,external_fire,4,False,True,1
iid997,validation,batch_005,external_fire,5,False,True,1
iid997,validation,batch_005,external_fire,6,False,True,1
iid997,validation,batch_005,external_fire,8,False,True,1
iid997,validation,batch_005,external_fire,13,False,True,1
iid997,validation,batch_005,external_fire,15,False,True,1
iid997,validation,batch_005,iso834,1,False,True,1
iid997,validation,batch_005,iso834,2,False,True,2
iid997,validation,batch_005,iso834,4,False,True,3
iid997,validation,batch_005,iso834,6,False,True,1
iid997,validation,batch_005,iso834,10,False,True,2
iid997,validation,batch_005,iso834,11,False,True,2
iid997,validation,batch_005,linear,3,False,True,1
iid997,validation,batch_005,linear,11,False,True,1
iid997,validation,batch_005,linear,12,False,True,1
iid997,validation,batch_005,linear,13,False,True,2
iid997,validation,batch_005,linear,14,False,True,1
iid997,validation,batch_005,linear,15,False,True,1
iid997,validation,batch_005,log_variant,2,False,True,1
iid997,validation,batch_005,log_variant,3,False,True,1
iid997,validation,batch_005,log_variant,4,False,True,1
iid997,validation,batch_005,log_variant,7,False,True,1
iid997,validation,batch_005,log_variant,8,False,True,1
iid997,validation,batch_005,log_variant,9,False,True,1
iid997,validation,batch_005,log_variant,12,False,True,1
iid997,validation,batch_005,log_variant,13,False,True,1
iid997,validation,batch_005,log_variant,15,False,True,1
iid997,validation,batch_005,perturbed_iso,1,False,True,1
iid997,validation,batch_005,perturbed_iso,2,False,True,2
iid997,validation,batch_005,perturbed_iso,3,False,True,2
iid997,validation,batch_005,perturbed_iso,4,False,True,1
iid997,validation,batch_005,perturbed_iso,7,False,True,1
iid997,validation,batch_005,plateau,1,False,True,1
iid997,validation,batch_005,plateau,3,False,True,1
iid997,validation,batch_005,plateau,8,False,True,3
iid997,validation,batch_005,plateau,9,False,True,1
iid997,validation,batch_005,plateau,10,False,True,1
iid997,validation,batch_005,plateau,11,False,True,1
iid997,validation,batch_005,plateau,13,False,True,1
iid997,validation,batch_005,plateau,14,False,True,2
iid997,validation,batch_005,smoldering,3,True,False,2
iid997,validation,batch_005,smoldering,4,False,True,1
iid997,validation,batch_005,smoldering,4,True,False,1
iid997,validation,batch_005,smoldering,5,True,False,2
iid997,validation,batch_005,smoldering,6,True,False,1
iid997,validation,batch_005,smoldering,7,True,False,1
iid997,validation,batch_005,smoldering,8,True,False,1
iid997,validation,batch_005,smoldering,12,True,False,1
iid997,validation,batch_005,smoldering,13,True,False,1
iid997,validation,batch_005,smoldering,14,True,False,1
iid997,validation,batch_005,smoldering,15,True,False,2
iid997,test,batch_004,astm_e119,1,False,True,2
iid997,test,batch_004,astm_e119,3,False,True,1
iid997,test,batch_004,astm_e119,4,False,True,1
iid997,test,batch_004,astm_e119,6,False,True,1
iid997,test,batch_004,astm_e119,8,False,True,1
iid997,test,batch_004,decay,1,False,True,1
iid997,test,batch_004,decay,2,False,True,3
iid997,test,batch_004,decay,6,False,True,1
iid997,test,batch_004,decay,8,False,True,1
iid997,test,batch_004,iso834,1,False,True,1
iid997,test,batch_004,iso834,2,False,True,2
iid997,test,batch_004,iso834,3,False,True,5
iid997,test,batch_004,iso834,4,False,True,2
iid997,test,batch_004,iso834,5,False,True,2
iid997,test,batch_004,iso834,6,False,True,1
iid997,test,batch_004,iso834,8,False,True,1
iid997,test,batch_004,linear,1,False,True,1
iid997,test,batch_004,linear,2,False,True,1
iid997,test,batch_004,linear,3,False,True,1
iid997,test,batch_004,linear,4,False,True,2
iid997,test,batch_004,linear,5,False,True,1
iid997,test,batch_004,log_variant,2,False,True,1
iid997,test,batch_004,log_variant,6,False,True,1
iid997,test,batch_004,perturbed_iso,2,False,True,1
iid997,test,batch_004,perturbed_iso,4,False,True,1
iid997,test,batch_004,perturbed_iso,5,False,True,2
iid997,test,batch_004,perturbed_iso,6,False,True,1
iid997,test,batch_004,perturbed_iso,8,False,True,1
iid997,test,batch_004,plateau,2,False,True,1
iid997,test,batch_004,plateau,3,False,True,4
iid997,test,batch_004,plateau,5,False,True,1
iid997,test,batch_004,plateau,8,False,True,2
iid997,test,batch_005,astm_e119,1,False,True,1
iid997,test,batch_005,astm_e119,3,False,True,2
iid997,test,batch_005,astm_e119,4,False,True,1
iid997,test,batch_005,astm_e119,5,False,True,1
iid997,test,batch_005,astm_e119,7,False,True,2
iid997,test,batch_005,astm_e119,11,False,True,1
iid997,test,batch_005,astm_e119,13,False,True,1
iid997,test,batch_005,bilinear,3,False,True,1
iid997,test,batch_005,bilinear,4,False,True,2
iid997,test,batch_005,bilinear,6,False,True,1
iid997,test,batch_005,bilinear,7,False,True,2
iid997,test,batch_005,bilinear,8,False,True,1
iid997,test,batch_005,bilinear,9,False,True,1
iid997,test,batch_005,bilinear,10,False,True,3
iid997,test,batch_005,bilinear,13,False,True,1
iid997,test,batch_005,bilinear,14,False,True,1
iid997,test,batch_005,decay,1,False,True,1
iid997,test,batch_005,decay,2,False,True,1
iid997,test,batch_005,decay,3,False,True,1
iid997,test,batch_005,decay,4,False,True,1
iid997,test,batch_005,decay,5,False,True,1
iid997,test,batch_005,decay,7,False,True,1
iid997,test,batch_005,decay,9,False,True,3
iid997,test,batch_005,decay,10,False,True,2
iid997,test,batch_005,decay,11,False,True,1
iid997,test,batch_005,external_fire,3,False,True,1
iid997,test,batch_005,external_fire,4,False,True,1
iid997,test,batch_005,external_fire,5,False,True,1
iid997,test,batch_005,external_fire,8,False,True,2
iid997,test,batch_005,external_fire,9,False,True,1
iid997,test,batch_005,external_fire,11,False,True,2
iid997,test,batch_005,iso834,2,False,True,2
iid997,test,batch_005,iso834,3,False,True,1
iid997,test,batch_005,iso834,5,False,True,1
iid997,test,batch_005,iso834,6,False,True,1
iid997,test,batch_005,iso834,7,False,True,1
iid997,test,batch_005,iso834,8,False,True,2
iid997,test,batch_005,iso834,12,False,True,1
iid997,test,batch_005,iso834,13,False,True,1
iid997,test,batch_005,iso834,15,False,True,1
iid997,test,batch_005,linear,2,False,True,1
iid997,test,batch_005,linear,3,False,True,1
iid997,test,batch_005,linear,4,False,True,1
iid997,test,batch_005,linear,7,False,True,2
iid997,test,batch_005,linear,10,False,True,2
iid997,test,batch_005,linear,11,False,True,2
iid997,test,batch_005,linear,12,False,True,2
iid997,test,batch_005,linear,13,False,True,1
iid997,test,batch_005,linear,14,False,True,1
iid997,test,batch_005,linear,15,False,True,1
iid997,test,batch_005,log_variant,1,False,True,1
iid997,test,batch_005,log_variant,2,False,True,1
iid997,test,batch_005,log_variant,6,False,True,1
iid997,test,batch_005,log_variant,8,False,True,1
iid997,test,batch_005,log_variant,9,False,True,1
iid997,test,batch_005,log_variant,10,False,True,1
iid997,test,batch_005,log_variant,11,False,True,2
iid997,test,batch_005,log_variant,14,False,True,1
iid997,test,batch_005,perturbed_iso,1,False,True,2
iid997,test,batch_005,perturbed_iso,4,False,True,4
iid997,test,batch_005,perturbed_iso,5,False,True,3
iid997,test,batch_005,perturbed_iso,9,False,True,2
iid997,test,batch_005,perturbed_iso,14,False,True,1
iid997,test,batch_005,plateau,2,False,True,1
iid997,test,batch_005,plateau,3,False,True,1
iid997,test,batch_005,plateau,4,False,True,2
iid997,test,batch_005,plateau,7,False,True,1
iid997,test,batch_005,plateau,8,False,True,1
iid997,test,batch_005,plateau,11,False,True,2
iid997,test,batch_005,smoldering,1,True,False,3
iid997,test,batch_005,smoldering,2,True,False,2
iid997,test,batch_005,smoldering,3,True,False,2
iid997,test,batch_005,smoldering,4,False,True,1
iid997,test,batch_005,smoldering,6,True,False,1
iid997,test,batch_005,smoldering,7,True,False,1
iid997,test,batch_005,smoldering,8,True,False,2
iid997,test,batch_005,smoldering,9,True,False,1
iid997,test,batch_005,smoldering,10,True,False,1
iid997,test,batch_005,smoldering,14,True,False,1
iid997,test,batch_005,smoldering,15,True,False,1
lcro_9_15,train,batch_004,astm_e119,1,False,True,3
lcro_9_15,train,batch_004,astm_e119,2,False,True,1
lcro_9_15,train,batch_004,astm_e119,3,False,True,3
lcro_9_15,train,batch_004,astm_e119,4,False,True,3
lcro_9_15,train,batch_004,astm_e119,5,False,True,3
lcro_9_15,train,batch_004,astm_e119,6,False,True,3
lcro_9_15,train,batch_004,astm_e119,7,False,True,1
lcro_9_15,train,batch_004,astm_e119,8,False,True,4
lcro_9_15,train,batch_004,decay,1,False,True,5
lcro_9_15,train,batch_004,decay,2,False,True,5
lcro_9_15,train,batch_004,decay,3,False,True,4
lcro_9_15,train,batch_004,decay,4,False,True,7
lcro_9_15,train,batch_004,decay,5,False,True,3
lcro_9_15,train,batch_004,decay,6,False,True,5
lcro_9_15,train,batch_004,decay,7,False,True,6
lcro_9_15,train,batch_004,decay,8,False,True,5
lcro_9_15,train,batch_004,iso834,1,False,True,8
lcro_9_15,train,batch_004,iso834,2,False,True,8
lcro_9_15,train,batch_004,iso834,3,False,True,13
lcro_9_15,train,batch_004,iso834,4,False,True,10
lcro_9_15,train,batch_004,iso834,5,False,True,6
lcro_9_15,train,batch_004,iso834,6,False,True,9
lcro_9_15,train,batch_004,iso834,7,False,True,12
lcro_9_15,train,batch_004,iso834,8,False,True,13
lcro_9_15,train,batch_004,linear,1,False,True,9
lcro_9_15,train,batch_004,linear,2,False,True,6
lcro_9_15,train,batch_004,linear,3,False,True,6
lcro_9_15,train,batch_004,linear,4,False,True,7
lcro_9_15,train,batch_004,linear,5,False,True,7
lcro_9_15,train,batch_004,linear,6,False,True,6
lcro_9_15,train,batch_004,linear,7,False,True,8
lcro_9_15,train,batch_004,linear,8,False,True,2
lcro_9_15,train,batch_004,log_variant,1,False,True,1
lcro_9_15,train,batch_004,log_variant,2,False,True,1
lcro_9_15,train,batch_004,log_variant,4,False,True,1
lcro_9_15,train,batch_004,log_variant,5,False,True,4
lcro_9_15,train,batch_004,log_variant,6,False,True,3
lcro_9_15,train,batch_004,log_variant,8,False,True,2
lcro_9_15,train,batch_004,perturbed_iso,1,False,True,7
lcro_9_15,train,batch_004,perturbed_iso,2,False,True,6
lcro_9_15,train,batch_004,perturbed_iso,3,False,True,6
lcro_9_15,train,batch_004,perturbed_iso,4,False,True,6
lcro_9_15,train,batch_004,perturbed_iso,5,False,True,8
lcro_9_15,train,batch_004,perturbed_iso,6,False,True,3
lcro_9_15,train,batch_004,perturbed_iso,7,False,True,3
lcro_9_15,train,batch_004,perturbed_iso,8,False,True,4
lcro_9_15,train,batch_004,plateau,1,False,True,2
lcro_9_15,train,batch_004,plateau,2,False,True,2
lcro_9_15,train,batch_004,plateau,3,False,True,7
lcro_9_15,train,batch_004,plateau,4,False,True,3
lcro_9_15,train,batch_004,plateau,5,False,True,4
lcro_9_15,train,batch_004,plateau,6,False,True,3
lcro_9_15,train,batch_004,plateau,7,False,True,5
lcro_9_15,train,batch_004,plateau,8,False,True,6
lcro_9_15,train,batch_005,astm_e119,1,False,True,3
lcro_9_15,train,batch_005,astm_e119,2,False,True,3
lcro_9_15,train,batch_005,astm_e119,3,False,True,8
lcro_9_15,train,batch_005,astm_e119,4,False,True,3
lcro_9_15,train,batch_005,astm_e119,5,False,True,2
lcro_9_15,train,batch_005,astm_e119,6,False,True,7
lcro_9_15,train,batch_005,astm_e119,7,False,True,10
lcro_9_15,train,batch_005,astm_e119,8,False,True,3
lcro_9_15,train,batch_005,bilinear,1,False,True,4
lcro_9_15,train,batch_005,bilinear,2,False,True,6
lcro_9_15,train,batch_005,bilinear,3,False,True,6
lcro_9_15,train,batch_005,bilinear,4,False,True,6
lcro_9_15,train,batch_005,bilinear,5,False,True,3
lcro_9_15,train,batch_005,bilinear,6,False,True,4
lcro_9_15,train,batch_005,bilinear,7,False,True,3
lcro_9_15,train,batch_005,bilinear,8,False,True,4
lcro_9_15,train,batch_005,decay,1,False,True,2
lcro_9_15,train,batch_005,decay,2,False,True,2
lcro_9_15,train,batch_005,decay,3,False,True,3
lcro_9_15,train,batch_005,decay,4,False,True,4
lcro_9_15,train,batch_005,decay,5,False,True,5
lcro_9_15,train,batch_005,decay,6,False,True,3
lcro_9_15,train,batch_005,decay,7,False,True,3
lcro_9_15,train,batch_005,decay,8,False,True,2
lcro_9_15,train,batch_005,external_fire,1,False,True,2
lcro_9_15,train,batch_005,external_fire,2,False,True,2
lcro_9_15,train,batch_005,external_fire,3,False,True,2
lcro_9_15,train,batch_005,external_fire,4,False,True,4
lcro_9_15,train,batch_005,external_fire,5,False,True,5
lcro_9_15,train,batch_005,external_fire,6,False,True,2
lcro_9_15,train,batch_005,external_fire,7,False,True,1
lcro_9_15,train,batch_005,external_fire,8,False,True,3
lcro_9_15,train,batch_005,iso834,1,False,True,7
lcro_9_15,train,batch_005,iso834,2,False,True,8
lcro_9_15,train,batch_005,iso834,3,False,True,3
lcro_9_15,train,batch_005,iso834,4,False,True,5
lcro_9_15,train,batch_005,iso834,5,False,True,4
lcro_9_15,train,batch_005,iso834,6,False,True,4
lcro_9_15,train,batch_005,iso834,7,False,True,2
lcro_9_15,train,batch_005,iso834,8,False,True,7
lcro_9_15,train,batch_005,linear,1,False,True,2
lcro_9_15,train,batch_005,linear,2,False,True,2
lcro_9_15,train,batch_005,linear,3,False,True,2
lcro_9_15,train,batch_005,linear,4,False,True,2
lcro_9_15,train,batch_005,linear,5,False,True,4
lcro_9_15,train,batch_005,linear,6,False,True,6
lcro_9_15,train,batch_005,linear,7,False,True,5
lcro_9_15,train,batch_005,linear,8,False,True,3
lcro_9_15,train,batch_005,log_variant,1,False,True,1
lcro_9_15,train,batch_005,log_variant,2,False,True,6
lcro_9_15,train,batch_005,log_variant,3,False,True,4
lcro_9_15,train,batch_005,log_variant,4,False,True,3
lcro_9_15,train,batch_005,log_variant,5,False,True,3
lcro_9_15,train,batch_005,log_variant,6,False,True,3
lcro_9_15,train,batch_005,log_variant,7,False,True,4
lcro_9_15,train,batch_005,log_variant,8,False,True,2
lcro_9_15,train,batch_005,perturbed_iso,1,False,True,8
lcro_9_15,train,batch_005,perturbed_iso,2,False,True,4
lcro_9_15,train,batch_005,perturbed_iso,3,False,True,8
lcro_9_15,train,batch_005,perturbed_iso,4,False,True,5
lcro_9_15,train,batch_005,perturbed_iso,5,False,True,5
lcro_9_15,train,batch_005,perturbed_iso,6,False,True,2
lcro_9_15,train,batch_005,perturbed_iso,7,False,True,3
lcro_9_15,train,batch_005,perturbed_iso,8,False,True,4
lcro_9_15,train,batch_005,plateau,1,False,True,5
lcro_9_15,train,batch_005,plateau,2,False,True,3
lcro_9_15,train,batch_005,plateau,3,False,True,4
lcro_9_15,train,batch_005,plateau,4,False,True,3
lcro_9_15,train,batch_005,plateau,5,False,True,6
lcro_9_15,train,batch_005,plateau,6,False,True,2
lcro_9_15,train,batch_005,plateau,7,False,True,6
lcro_9_15,train,batch_005,plateau,8,False,True,11
lcro_9_15,train,batch_005,smoldering,1,False,True,1
lcro_9_15,train,batch_005,smoldering,1,True,False,5
lcro_9_15,train,batch_005,smoldering,2,False,True,1
lcro_9_15,train,batch_005,smoldering,2,True,False,5
lcro_9_15,train,batch_005,smoldering,3,True,False,8
lcro_9_15,train,batch_005,smoldering,4,False,True,2
lcro_9_15,train,batch_005,smoldering,4,True,False,5
lcro_9_15,train,batch_005,smoldering,5,False,True,1
lcro_9_15,train,batch_005,smoldering,5,True,False,2
lcro_9_15,train,batch_005,smoldering,6,True,False,8
lcro_9_15,train,batch_005,smoldering,7,False,True,1
lcro_9_15,train,batch_005,smoldering,7,True,False,4
lcro_9_15,train,batch_005,smoldering,8,True,False,8
lcro_9_15,validation,batch_004,astm_e119,1,False,True,1
lcro_9_15,validation,batch_004,astm_e119,3,False,True,1
lcro_9_15,validation,batch_004,astm_e119,4,False,True,1
lcro_9_15,validation,batch_004,astm_e119,8,False,True,1
lcro_9_15,validation,batch_004,decay,1,False,True,1
lcro_9_15,validation,batch_004,decay,2,False,True,1
lcro_9_15,validation,batch_004,decay,5,False,True,1
lcro_9_15,validation,batch_004,decay,6,False,True,2
lcro_9_15,validation,batch_004,decay,8,False,True,1
lcro_9_15,validation,batch_004,iso834,1,False,True,4
lcro_9_15,validation,batch_004,iso834,2,False,True,2
lcro_9_15,validation,batch_004,iso834,3,False,True,1
lcro_9_15,validation,batch_004,iso834,4,False,True,3
lcro_9_15,validation,batch_004,iso834,5,False,True,3
lcro_9_15,validation,batch_004,iso834,6,False,True,2
lcro_9_15,validation,batch_004,iso834,7,False,True,2
lcro_9_15,validation,batch_004,iso834,8,False,True,1
lcro_9_15,validation,batch_004,linear,1,False,True,1
lcro_9_15,validation,batch_004,linear,2,False,True,3
lcro_9_15,validation,batch_004,linear,6,False,True,3
lcro_9_15,validation,batch_004,linear,8,False,True,1
lcro_9_15,validation,batch_004,log_variant,6,False,True,1
lcro_9_15,validation,batch_004,log_variant,7,False,True,1
lcro_9_15,validation,batch_004,perturbed_iso,1,False,True,2
lcro_9_15,validation,batch_004,perturbed_iso,5,False,True,3
lcro_9_15,validation,batch_004,perturbed_iso,7,False,True,1
lcro_9_15,validation,batch_004,perturbed_iso,8,False,True,1
lcro_9_15,validation,batch_004,plateau,1,False,True,1
lcro_9_15,validation,batch_004,plateau,2,False,True,2
lcro_9_15,validation,batch_004,plateau,3,False,True,1
lcro_9_15,validation,batch_004,plateau,7,False,True,2
lcro_9_15,validation,batch_004,plateau,8,False,True,1
lcro_9_15,validation,batch_005,astm_e119,1,False,True,1
lcro_9_15,validation,batch_005,astm_e119,2,False,True,1
lcro_9_15,validation,batch_005,astm_e119,3,False,True,2
lcro_9_15,validation,batch_005,astm_e119,4,False,True,1
lcro_9_15,validation,batch_005,astm_e119,5,False,True,1
lcro_9_15,validation,batch_005,astm_e119,7,False,True,1
lcro_9_15,validation,batch_005,bilinear,1,False,True,2
lcro_9_15,validation,batch_005,bilinear,4,False,True,3
lcro_9_15,validation,batch_005,bilinear,7,False,True,2
lcro_9_15,validation,batch_005,decay,1,False,True,3
lcro_9_15,validation,batch_005,decay,2,False,True,1
lcro_9_15,validation,batch_005,decay,5,False,True,2
lcro_9_15,validation,batch_005,external_fire,2,False,True,2
lcro_9_15,validation,batch_005,external_fire,7,False,True,1
lcro_9_15,validation,batch_005,external_fire,8,False,True,1
lcro_9_15,validation,batch_005,iso834,4,False,True,1
lcro_9_15,validation,batch_005,iso834,6,False,True,1
lcro_9_15,validation,batch_005,iso834,7,False,True,1
lcro_9_15,validation,batch_005,linear,4,False,True,1
lcro_9_15,validation,batch_005,linear,5,False,True,1
lcro_9_15,validation,batch_005,linear,6,False,True,1
lcro_9_15,validation,batch_005,linear,7,False,True,2
lcro_9_15,validation,batch_005,linear,8,False,True,1
lcro_9_15,validation,batch_005,log_variant,2,False,True,1
lcro_9_15,validation,batch_005,log_variant,6,False,True,1
lcro_9_15,validation,batch_005,log_variant,7,False,True,1
lcro_9_15,validation,batch_005,log_variant,8,False,True,2
lcro_9_15,validation,batch_005,perturbed_iso,3,False,True,3
lcro_9_15,validation,batch_005,perturbed_iso,4,False,True,1
lcro_9_15,validation,batch_005,perturbed_iso,5,False,True,2
lcro_9_15,validation,batch_005,perturbed_iso,6,False,True,1
lcro_9_15,validation,batch_005,perturbed_iso,8,False,True,1
lcro_9_15,validation,batch_005,plateau,1,False,True,2
lcro_9_15,validation,batch_005,plateau,4,False,True,1
lcro_9_15,validation,batch_005,plateau,5,False,True,1
lcro_9_15,validation,batch_005,plateau,6,False,True,2
lcro_9_15,validation,batch_005,smoldering,1,True,False,2
lcro_9_15,validation,batch_005,smoldering,3,True,False,1
lcro_9_15,validation,batch_005,smoldering,4,True,False,1
lcro_9_15,validation,batch_005,smoldering,5,True,False,3
lcro_9_15,validation,batch_005,smoldering,6,True,False,1
lcro_9_15,validation,batch_005,smoldering,7,True,False,1
lcro_9_15,test,batch_005,astm_e119,9,False,True,4
lcro_9_15,test,batch_005,astm_e119,10,False,True,3
lcro_9_15,test,batch_005,astm_e119,11,False,True,6
lcro_9_15,test,batch_005,astm_e119,12,False,True,7
lcro_9_15,test,batch_005,astm_e119,13,False,True,2
lcro_9_15,test,batch_005,astm_e119,14,False,True,2
lcro_9_15,test,batch_005,bilinear,9,False,True,6
lcro_9_15,test,batch_005,bilinear,10,False,True,7
lcro_9_15,test,batch_005,bilinear,11,False,True,3
lcro_9_15,test,batch_005,bilinear,12,False,True,6
lcro_9_15,test,batch_005,bilinear,13,False,True,5
lcro_9_15,test,batch_005,bilinear,14,False,True,5
lcro_9_15,test,batch_005,bilinear,15,False,True,2
lcro_9_15,test,batch_005,decay,9,False,True,10
lcro_9_15,test,batch_005,decay,10,False,True,6
lcro_9_15,test,batch_005,decay,11,False,True,6
lcro_9_15,test,batch_005,decay,12,False,True,5
lcro_9_15,test,batch_005,decay,13,False,True,6
lcro_9_15,test,batch_005,decay,14,False,True,2
lcro_9_15,test,batch_005,decay,15,False,True,2
lcro_9_15,test,batch_005,external_fire,9,False,True,6
lcro_9_15,test,batch_005,external_fire,10,False,True,3
lcro_9_15,test,batch_005,external_fire,11,False,True,3
lcro_9_15,test,batch_005,external_fire,12,False,True,2
lcro_9_15,test,batch_005,external_fire,13,False,True,5
lcro_9_15,test,batch_005,external_fire,14,False,True,2
lcro_9_15,test,batch_005,external_fire,15,False,True,3
lcro_9_15,test,batch_005,iso834,9,False,True,2
lcro_9_15,test,batch_005,iso834,10,False,True,6
lcro_9_15,test,batch_005,iso834,11,False,True,3
lcro_9_15,test,batch_005,iso834,12,False,True,2
lcro_9_15,test,batch_005,iso834,13,False,True,4
lcro_9_15,test,batch_005,iso834,15,False,True,1
lcro_9_15,test,batch_005,linear,9,False,True,2
lcro_9_15,test,batch_005,linear,10,False,True,4
lcro_9_15,test,batch_005,linear,11,False,True,6
lcro_9_15,test,batch_005,linear,12,False,True,5
lcro_9_15,test,batch_005,linear,13,False,True,6
lcro_9_15,test,batch_005,linear,14,False,True,5
lcro_9_15,test,batch_005,linear,15,False,True,6
lcro_9_15,test,batch_005,log_variant,9,False,True,6
lcro_9_15,test,batch_005,log_variant,10,False,True,4
lcro_9_15,test,batch_005,log_variant,11,False,True,3
lcro_9_15,test,batch_005,log_variant,12,False,True,3
lcro_9_15,test,batch_005,log_variant,13,False,True,1
lcro_9_15,test,batch_005,log_variant,14,False,True,4
lcro_9_15,test,batch_005,log_variant,15,False,True,3
lcro_9_15,test,batch_005,perturbed_iso,9,False,True,4
lcro_9_15,test,batch_005,perturbed_iso,10,False,True,3
lcro_9_15,test,batch_005,perturbed_iso,11,False,True,3
lcro_9_15,test,batch_005,perturbed_iso,12,False,True,3
lcro_9_15,test,batch_005,perturbed_iso,14,False,True,1
lcro_9_15,test,batch_005,plateau,9,False,True,5
lcro_9_15,test,batch_005,plateau,10,False,True,3
lcro_9_15,test,batch_005,plateau,11,False,True,4
lcro_9_15,test,batch_005,plateau,12,False,True,1
lcro_9_15,test,batch_005,plateau,13,False,True,2
lcro_9_15,test,batch_005,plateau,14,False,True,2
lcro_9_15,test,batch_005,plateau,15,False,True,1
lcro_9_15,test,batch_005,smoldering,9,True,False,3
lcro_9_15,test,batch_005,smoldering,10,False,True,1
lcro_9_15,test,batch_005,smoldering,10,True,False,5
lcro_9_15,test,batch_005,smoldering,11,False,True,1
lcro_9_15,test,batch_005,smoldering,11,True,False,3
lcro_9_15,test,batch_005,smoldering,12,True,False,6
lcro_9_15,test,batch_005,smoldering,13,True,False,5
lcro_9_15,test,batch_005,smoldering,14,False,True,2
lcro_9_15,test,batch_005,smoldering,14,True,False,4
lcro_9_15,test,batch_005,smoldering,15,False,True,1
lcro_9_15,test,batch_005,smoldering,15,True,False,6
loco_iso834,train,batch_004,astm_e119,1,False,True,2
loco_iso834,train,batch_004,astm_e119,2,False,True,1
loco_iso834,train,batch_004,astm_e119,3,False,True,3
loco_iso834,train,batch_004,astm_e119,4,False,True,3
loco_iso834,train,batch_004,astm_e119,5,False,True,3
loco_iso834,train,batch_004,astm_e119,6,False,True,2
loco_iso834,train,batch_004,astm_e119,7,False,True,1
loco_iso834,train,batch_004,astm_e119,8,False,True,4
loco_iso834,train,batch_004,decay,1,False,True,5
loco_iso834,train,batch_004,decay,2,False,True,3
loco_iso834,train,batch_004,decay,3,False,True,4
loco_iso834,train,batch_004,decay,4,False,True,7
loco_iso834,train,batch_004,decay,5,False,True,4
loco_iso834,train,batch_004,decay,6,False,True,6
loco_iso834,train,batch_004,decay,7,False,True,6
loco_iso834,train,batch_004,decay,8,False,True,5
loco_iso834,train,batch_004,linear,1,False,True,8
loco_iso834,train,batch_004,linear,2,False,True,7
loco_iso834,train,batch_004,linear,3,False,True,6
loco_iso834,train,batch_004,linear,4,False,True,6
loco_iso834,train,batch_004,linear,5,False,True,7
loco_iso834,train,batch_004,linear,6,False,True,7
loco_iso834,train,batch_004,linear,7,False,True,6
loco_iso834,train,batch_004,linear,8,False,True,2
loco_iso834,train,batch_004,log_variant,1,False,True,1
loco_iso834,train,batch_004,log_variant,2,False,True,1
loco_iso834,train,batch_004,log_variant,4,False,True,1
loco_iso834,train,batch_004,log_variant,5,False,True,4
loco_iso834,train,batch_004,log_variant,6,False,True,4
loco_iso834,train,batch_004,log_variant,7,False,True,1
loco_iso834,train,batch_004,log_variant,8,False,True,1
loco_iso834,train,batch_004,perturbed_iso,1,False,True,7
loco_iso834,train,batch_004,perturbed_iso,2,False,True,6
loco_iso834,train,batch_004,perturbed_iso,3,False,True,5
loco_iso834,train,batch_004,perturbed_iso,4,False,True,5
loco_iso834,train,batch_004,perturbed_iso,5,False,True,9
loco_iso834,train,batch_004,perturbed_iso,6,False,True,3
loco_iso834,train,batch_004,perturbed_iso,7,False,True,3
loco_iso834,train,batch_004,perturbed_iso,8,False,True,4
loco_iso834,train,batch_004,plateau,1,False,True,3
loco_iso834,train,batch_004,plateau,2,False,True,4
loco_iso834,train,batch_004,plateau,3,False,True,5
loco_iso834,train,batch_004,plateau,4,False,True,1
loco_iso834,train,batch_004,plateau,5,False,True,4
loco_iso834,train,batch_004,plateau,6,False,True,2
loco_iso834,train,batch_004,plateau,7,False,True,7
loco_iso834,train,batch_004,plateau,8,False,True,7
loco_iso834,train,batch_005,astm_e119,1,False,True,3
loco_iso834,train,batch_005,astm_e119,2,False,True,4
loco_iso834,train,batch_005,astm_e119,3,False,True,8
loco_iso834,train,batch_005,astm_e119,4,False,True,3
loco_iso834,train,batch_005,astm_e119,5,False,True,2
loco_iso834,train,batch_005,astm_e119,6,False,True,7
loco_iso834,train,batch_005,astm_e119,7,False,True,9
loco_iso834,train,batch_005,astm_e119,8,False,True,3
loco_iso834,train,batch_005,astm_e119,9,False,True,4
loco_iso834,train,batch_005,astm_e119,10,False,True,3
loco_iso834,train,batch_005,astm_e119,11,False,True,5
loco_iso834,train,batch_005,astm_e119,12,False,True,7
loco_iso834,train,batch_005,astm_e119,13,False,True,1
loco_iso834,train,batch_005,astm_e119,14,False,True,2
loco_iso834,train,batch_005,bilinear,1,False,True,6
loco_iso834,train,batch_005,bilinear,2,False,True,6
loco_iso834,train,batch_005,bilinear,3,False,True,5
loco_iso834,train,batch_005,bilinear,4,False,True,7
loco_iso834,train,batch_005,bilinear,5,False,True,3
loco_iso834,train,batch_005,bilinear,6,False,True,3
loco_iso834,train,batch_005,bilinear,7,False,True,3
loco_iso834,train,batch_005,bilinear,8,False,True,3
loco_iso834,train,batch_005,bilinear,9,False,True,5
loco_iso834,train,batch_005,bilinear,10,False,True,5
loco_iso834,train,batch_005,bilinear,11,False,True,3
loco_iso834,train,batch_005,bilinear,12,False,True,6
loco_iso834,train,batch_005,bilinear,13,False,True,4
loco_iso834,train,batch_005,bilinear,14,False,True,4
loco_iso834,train,batch_005,bilinear,15,False,True,2
loco_iso834,train,batch_005,decay,1,False,True,4
loco_iso834,train,batch_005,decay,2,False,True,2
loco_iso834,train,batch_005,decay,3,False,True,2
loco_iso834,train,batch_005,decay,4,False,True,3
loco_iso834,train,batch_005,decay,5,False,True,6
loco_iso834,train,batch_005,decay,6,False,True,3
loco_iso834,train,batch_005,decay,7,False,True,3
loco_iso834,train,batch_005,decay,8,False,True,2
loco_iso834,train,batch_005,decay,9,False,True,7
loco_iso834,train,batch_005,decay,10,False,True,4
loco_iso834,train,batch_005,decay,11,False,True,5
loco_iso834,train,batch_005,decay,12,False,True,5
loco_iso834,train,batch_005,decay,13,False,True,6
loco_iso834,train,batch_005,decay,14,False,True,2
loco_iso834,train,batch_005,decay,15,False,True,2
loco_iso834,train,batch_005,external_fire,1,False,True,2
loco_iso834,train,batch_005,external_fire,2,False,True,4
loco_iso834,train,batch_005,external_fire,3,False,True,1
loco_iso834,train,batch_005,external_fire,4,False,True,3
loco_iso834,train,batch_005,external_fire,5,False,True,4
loco_iso834,train,batch_005,external_fire,6,False,True,2
loco_iso834,train,batch_005,external_fire,7,False,True,2
loco_iso834,train,batch_005,external_fire,8,False,True,2
loco_iso834,train,batch_005,external_fire,9,False,True,5
loco_iso834,train,batch_005,external_fire,10,False,True,3
loco_iso834,train,batch_005,external_fire,11,False,True,1
loco_iso834,train,batch_005,external_fire,12,False,True,2
loco_iso834,train,batch_005,external_fire,13,False,True,5
loco_iso834,train,batch_005,external_fire,14,False,True,2
loco_iso834,train,batch_005,external_fire,15,False,True,3
loco_iso834,train,batch_005,linear,1,False,True,2
loco_iso834,train,batch_005,linear,2,False,True,2
loco_iso834,train,batch_005,linear,3,False,True,2
loco_iso834,train,batch_005,linear,4,False,True,3
loco_iso834,train,batch_005,linear,5,False,True,3
loco_iso834,train,batch_005,linear,6,False,True,6
loco_iso834,train,batch_005,linear,7,False,True,7
loco_iso834,train,batch_005,linear,8,False,True,4
loco_iso834,train,batch_005,linear,9,False,True,1
loco_iso834,train,batch_005,linear,10,False,True,4
loco_iso834,train,batch_005,linear,11,False,True,4
loco_iso834,train,batch_005,linear,12,False,True,5
loco_iso834,train,batch_005,linear,13,False,True,6
loco_iso834,train,batch_005,linear,14,False,True,5
loco_iso834,train,batch_005,linear,15,False,True,3
loco_iso834,train,batch_005,log_variant,1,False,True,1
loco_iso834,train,batch_005,log_variant,2,False,True,5
loco_iso834,train,batch_005,log_variant,3,False,True,3
loco_iso834,train,batch_005,log_variant,4,False,True,3
loco_iso834,train,batch_005,log_variant,5,False,True,2
loco_iso834,train,batch_005,log_variant,6,False,True,3
loco_iso834,train,batch_005,log_variant,7,False,True,4
loco_iso834,train,batch_005,log_variant,8,False,True,3
loco_iso834,train,batch_005,log_variant,9,False,True,6
loco_iso834,train,batch_005,log_variant,10,False,True,3
loco_iso834,train,batch_005,log_variant,11,False,True,2
loco_iso834,train,batch_005,log_variant,12,False,True,3
loco_iso834,train,batch_005,log_variant,14,False,True,4
loco_iso834,train,batch_005,log_variant,15,False,True,3
loco_iso834,train,batch_005,perturbed_iso,1,False,True,6
loco_iso834,train,batch_005,perturbed_iso,2,False,True,4
loco_iso834,train,batch_005,perturbed_iso,3,False,True,9
loco_iso834,train,batch_005,perturbed_iso,4,False,True,5
loco_iso834,train,batch_005,perturbed_iso,5,False,True,7
loco_iso834,train,batch_005,perturbed_iso,6,False,True,1
loco_iso834,train,batch_005,perturbed_iso,7,False,True,3
loco_iso834,train,batch_005,perturbed_iso,8,False,True,4
loco_iso834,train,batch_005,perturbed_iso,9,False,True,4
loco_iso834,train,batch_005,perturbed_iso,10,False,True,2
loco_iso834,train,batch_005,perturbed_iso,11,False,True,3
loco_iso834,train,batch_005,perturbed_iso,12,False,True,3
loco_iso834,train,batch_005,perturbed_iso,14,False,True,1
loco_iso834,train,batch_005,plateau,1,False,True,7
loco_iso834,train,batch_005,plateau,2,False,True,2
loco_iso834,train,batch_005,plateau,3,False,True,4
loco_iso834,train,batch_005,plateau,4,False,True,3
loco_iso834,train,batch_005,plateau,5,False,True,6
loco_iso834,train,batch_005,plateau,6,False,True,2
loco_iso834,train,batch_005,plateau,7,False,True,6
loco_iso834,train,batch_005,plateau,8,False,True,10
loco_iso834,train,batch_005,plateau,9,False,True,4
loco_iso834,train,batch_005,plateau,10,False,True,3
loco_iso834,train,batch_005,plateau,11,False,True,3
loco_iso834,train,batch_005,plateau,12,False,True,1
loco_iso834,train,batch_005,plateau,13,False,True,1
loco_iso834,train,batch_005,plateau,14,False,True,1
loco_iso834,train,batch_005,plateau,15,False,True,1
loco_iso834,train,batch_005,smoldering,1,False,True,1
loco_iso834,train,batch_005,smoldering,1,True,False,6
loco_iso834,train,batch_005,smoldering,2,False,True,1
loco_iso834,train,batch_005,smoldering,2,True,False,5
loco_iso834,train,batch_005,smoldering,3,True,False,9
loco_iso834,train,batch_005,smoldering,4,True,False,5
loco_iso834,train,batch_005,smoldering,5,False,True,1
loco_iso834,train,batch_005,smoldering,5,True,False,5
loco_iso834,train,batch_005,smoldering,6,True,False,7
loco_iso834,train,batch_005,smoldering,7,False,True,1
loco_iso834,train,batch_005,smoldering,7,True,False,4
loco_iso834,train,batch_005,smoldering,8,True,False,5
loco_iso834,train,batch_005,smoldering,9,True,False,3
loco_iso834,train,batch_005,smoldering,10,False,True,1
loco_iso834,train,batch_005,smoldering,10,True,False,4
loco_iso834,train,batch_005,smoldering,11,True,False,2
loco_iso834,train,batch_005,smoldering,12,True,False,5
loco_iso834,train,batch_005,smoldering,13,True,False,5
loco_iso834,train,batch_005,smoldering,14,False,True,2
loco_iso834,train,batch_005,smoldering,14,True,False,4
loco_iso834,train,batch_005,smoldering,15,False,True,1
loco_iso834,train,batch_005,smoldering,15,True,False,5
loco_iso834,validation,batch_004,astm_e119,1,False,True,2
loco_iso834,validation,batch_004,astm_e119,3,False,True,1
loco_iso834,validation,batch_004,astm_e119,4,False,True,1
loco_iso834,validation,batch_004,astm_e119,6,False,True,1
loco_iso834,validation,batch_004,astm_e119,8,False,True,1
loco_iso834,validation,batch_004,decay,1,False,True,1
loco_iso834,validation,batch_004,decay,2,False,True,3
loco_iso834,validation,batch_004,decay,6,False,True,1
loco_iso834,validation,batch_004,decay,8,False,True,1
loco_iso834,validation,batch_004,linear,1,False,True,2
loco_iso834,validation,batch_004,linear,2,False,True,2
loco_iso834,validation,batch_004,linear,4,False,True,1
loco_iso834,validation,batch_004,linear,6,False,True,2
loco_iso834,validation,batch_004,linear,7,False,True,2
loco_iso834,validation,batch_004,linear,8,False,True,1
loco_iso834,validation,batch_004,log_variant,8,False,True,1
loco_iso834,validation,batch_004,perturbed_iso,1,False,True,2
loco_iso834,validation,batch_004,perturbed_iso,3,False,True,1
loco_iso834,validation,batch_004,perturbed_iso,4,False,True,1
loco_iso834,validation,batch_004,perturbed_iso,5,False,True,2
loco_iso834,validation,batch_004,perturbed_iso,7,False,True,1
loco_iso834,validation,batch_004,perturbed_iso,8,False,True,1
loco_iso834,validation,batch_004,plateau,3,False,True,3
loco_iso834,validation,batch_004,plateau,4,False,True,2
loco_iso834,validation,batch_004,plateau,6,False,True,1
loco_iso834,validation,batch_005,astm_e119,1,False,True,1
loco_iso834,validation,batch_005,astm_e119,3,False,True,2
loco_iso834,validation,batch_005,astm_e119,4,False,True,1
loco_iso834,validation,batch_005,astm_e119,5,False,True,1
loco_iso834,validation,batch_005,astm_e119,7,False,True,2
loco_iso834,validation,batch_005,astm_e119,11,False,True,1
loco_iso834,validation,batch_005,astm_e119,13,False,True,1
loco_iso834,validation,batch_005,bilinear,3,False,True,1
loco_iso834,validation,batch_005,bilinear,4,False,True,2
loco_iso834,validation,batch_005,bilinear,6,False,True,1
loco_iso834,validation,batch_005,bilinear,7,False,True,2
loco_iso834,validation,batch_005,bilinear,8,False,True,1
loco_iso834,validation,batch_005,bilinear,9,False,True,1
loco_iso834,validation,batch_005,bilinear,10,False,True,2
loco_iso834,validation,batch_005,bilinear,13,False,True,1
loco_iso834,validation,batch_005,bilinear,14,False,True,1
loco_iso834,validation,batch_005,decay,1,False,True,1
loco_iso834,validation,batch_005,decay,2,False,True,1
loco_iso834,validation,batch_005,decay,3,False,True,1
loco_iso834,validation,batch_005,decay,4,False,True,1
loco_iso834,validation,batch_005,decay,5,False,True,1
loco_iso834,validation,batch_005,decay,9,False,True,3
loco_iso834,validation,batch_005,decay,10,False,True,2
loco_iso834,validation,batch_005,decay,11,False,True,1
loco_iso834,validation,batch_005,external_fire,3,False,True,1
loco_iso834,validation,batch_005,external_fire,4,False,True,1
loco_iso834,validation,batch_005,external_fire,5,False,True,1
loco_iso834,validation,batch_005,external_fire,8,False,True,2
loco_iso834,validation,batch_005,external_fire,9,False,True,1
loco_iso834,validation,batch_005,external_fire,11,False,True,2
loco_iso834,validation,batch_005,linear,5,False,True,2
loco_iso834,validation,batch_005,linear,6,False,True,1
loco_iso834,validation,batch_005,linear,9,False,True,1
loco_iso834,validation,batch_005,linear,11,False,True,2
loco_iso834,validation,batch_005,linear,15,False,True,3
loco_iso834,validation,batch_005,log_variant,2,False,True,2
loco_iso834,validation,batch_005,log_variant,3,False,True,1
loco_iso834,validation,batch_005,log_variant,5,False,True,1
loco_iso834,validation,batch_005,log_variant,6,False,True,1
loco_iso834,validation,batch_005,log_variant,7,False,True,1
loco_iso834,validation,batch_005,log_variant,8,False,True,1
loco_iso834,validation,batch_005,log_variant,10,False,True,1
loco_iso834,validation,batch_005,log_variant,11,False,True,1
loco_iso834,validation,batch_005,log_variant,13,False,True,1
loco_iso834,validation,batch_005,perturbed_iso,1,False,True,2
loco_iso834,validation,batch_005,perturbed_iso,3,False,True,2
loco_iso834,validation,batch_005,perturbed_iso,4,False,True,1
loco_iso834,validation,batch_005,perturbed_iso,6,False,True,2
loco_iso834,validation,batch_005,perturbed_iso,8,False,True,1
loco_iso834,validation,batch_005,perturbed_iso,10,False,True,1
loco_iso834,validation,batch_005,plateau,2,False,True,1
loco_iso834,validation,batch_005,plateau,4,False,True,1
loco_iso834,validation,batch_005,plateau,5,False,True,1
loco_iso834,validation,batch_005,plateau,6,False,True,2
loco_iso834,validation,batch_005,plateau,8,False,True,1
loco_iso834,validation,batch_005,plateau,9,False,True,1
loco_iso834,validation,batch_005,plateau,11,False,True,1
loco_iso834,validation,batch_005,plateau,13,False,True,1
loco_iso834,validation,batch_005,plateau,14,False,True,1
loco_iso834,validation,batch_005,smoldering,1,True,False,1
loco_iso834,validation,batch_005,smoldering,4,False,True,2
loco_iso834,validation,batch_005,smoldering,4,True,False,1
loco_iso834,validation,batch_005,smoldering,6,True,False,2
loco_iso834,validation,batch_005,smoldering,7,True,False,1
loco_iso834,validation,batch_005,smoldering,8,True,False,3
loco_iso834,validation,batch_005,smoldering,10,True,False,1
loco_iso834,validation,batch_005,smoldering,11,False,True,1
loco_iso834,validation,batch_005,smoldering,11,True,False,1
loco_iso834,validation,batch_005,smoldering,12,True,False,1
loco_iso834,validation,batch_005,smoldering,15,True,False,1
loco_iso834,test,batch_004,iso834,1,False,True,12
loco_iso834,test,batch_004,iso834,2,False,True,10
loco_iso834,test,batch_004,iso834,3,False,True,14
loco_iso834,test,batch_004,iso834,4,False,True,13
loco_iso834,test,batch_004,iso834,5,False,True,9
loco_iso834,test,batch_004,iso834,6,False,True,11
loco_iso834,test,batch_004,iso834,7,False,True,14
loco_iso834,test,batch_004,iso834,8,False,True,14
loco_iso834,test,batch_005,iso834,1,False,True,7
loco_iso834,test,batch_005,iso834,2,False,True,8
loco_iso834,test,batch_005,iso834,3,False,True,3
loco_iso834,test,batch_005,iso834,4,False,True,6
loco_iso834,test,batch_005,iso834,5,False,True,4
loco_iso834,test,batch_005,iso834,6,False,True,5
loco_iso834,test,batch_005,iso834,7,False,True,3
loco_iso834,test,batch_005,iso834,8,False,True,7
loco_iso834,test,batch_005,iso834,9,False,True,2
loco_iso834,test,batch_005,iso834,10,False,True,6
loco_iso834,test,batch_005,iso834,11,False,True,3
loco_iso834,test,batch_005,iso834,12,False,True,2
loco_iso834,test,batch_005,iso834,13,False,True,4
loco_iso834,test,batch_005,iso834,15,False,True,1
loco_astm_e119,train,batch_004,decay,1,False,True,6
loco_astm_e119,train,batch_004,decay,2,False,True,5
loco_astm_e119,train,batch_004,decay,3,False,True,3
loco_astm_e119,train,batch_004,decay,4,False,True,7
loco_astm_e119,train,batch_004,decay,5,False,True,4
loco_astm_e119,train,batch_004,decay,6,False,True,6
loco_astm_e119,train,batch_004,decay,7,False,True,6
loco_astm_e119,train,batch_004,decay,8,False,True,6
loco_astm_e119,train,batch_004,iso834,1,False,True,12
loco_astm_e119,train,batch_004,iso834,2,False,True,6
loco_astm_e119,train,batch_004,iso834,3,False,True,13
loco_astm_e119,train,batch_004,iso834,4,False,True,12
loco_astm_e119,train,batch_004,iso834,5,False,True,8
loco_astm_e119,train,batch_004,iso834,6,False,True,6
loco_astm_e119,train,batch_004,iso834,7,False,True,11
loco_astm_e119,train,batch_004,iso834,8,False,True,14
loco_astm_e119,train,batch_004,linear,1,False,True,8
loco_astm_e119,train,batch_004,linear,2,False,True,7
loco_astm_e119,train,batch_004,linear,3,False,True,6
loco_astm_e119,train,batch_004,linear,4,False,True,7
loco_astm_e119,train,batch_004,linear,5,False,True,6
loco_astm_e119,train,batch_004,linear,6,False,True,5
loco_astm_e119,train,batch_004,linear,7,False,True,6
loco_astm_e119,train,batch_004,linear,8,False,True,2
loco_astm_e119,train,batch_004,log_variant,1,False,True,1
loco_astm_e119,train,batch_004,log_variant,2,False,True,1
loco_astm_e119,train,batch_004,log_variant,4,False,True,1
loco_astm_e119,train,batch_004,log_variant,5,False,True,4
loco_astm_e119,train,batch_004,log_variant,6,False,True,4
loco_astm_e119,train,batch_004,log_variant,7,False,True,1
loco_astm_e119,train,batch_004,log_variant,8,False,True,1
loco_astm_e119,train,batch_004,perturbed_iso,1,False,True,9
loco_astm_e119,train,batch_004,perturbed_iso,2,False,True,5
loco_astm_e119,train,batch_004,perturbed_iso,3,False,True,3
loco_astm_e119,train,batch_004,perturbed_iso,4,False,True,5
loco_astm_e119,train,batch_004,perturbed_iso,5,False,True,8
loco_astm_e119,train,batch_004,perturbed_iso,6,False,True,3
loco_astm_e119,train,batch_004,perturbed_iso,7,False,True,4
loco_astm_e119,train,batch_004,perturbed_iso,8,False,True,4
loco_astm_e119,train,batch_004,plateau,1,False,True,3
loco_astm_e119,train,batch_004,plateau,2,False,True,3
loco_astm_e119,train,batch_004,plateau,3,False,True,6
loco_astm_e119,train,batch_004,plateau,4,False,True,3
loco_astm_e119,train,batch_004,plateau,5,False,True,4
loco_astm_e119,train,batch_004,plateau,6,False,True,2
loco_astm_e119,train,batch_004,plateau,7,False,True,6
loco_astm_e119,train,batch_004,plateau,8,False,True,5
loco_astm_e119,train,batch_005,bilinear,1,False,True,5
loco_astm_e119,train,batch_005,bilinear,2,False,True,5
loco_astm_e119,train,batch_005,bilinear,3,False,True,5
loco_astm_e119,train,batch_005,bilinear,4,False,True,7
loco_astm_e119,train,batch_005,bilinear,5,False,True,3
loco_astm_e119,train,batch_005,bilinear,6,False,True,4
loco_astm_e119,train,batch_005,bilinear,7,False,True,5
loco_astm_e119,train,batch_005,bilinear,8,False,True,4
loco_astm_e119,train,batch_005,bilinear,9,False,True,6
loco_astm_e119,train,batch_005,bilinear,10,False,True,5
loco_astm_e119,train,batch_005,bilinear,11,False,True,2
loco_astm_e119,train,batch_005,bilinear,12,False,True,4
loco_astm_e119,train,batch_005,bilinear,13,False,True,3
loco_astm_e119,train,batch_005,bilinear,14,False,True,5
loco_astm_e119,train,batch_005,bilinear,15,False,True,2
loco_astm_e119,train,batch_005,decay,1,False,True,5
loco_astm_e119,train,batch_005,decay,2,False,True,2
loco_astm_e119,train,batch_005,decay,3,False,True,3
loco_astm_e119,train,batch_005,decay,4,False,True,4
loco_astm_e119,train,batch_005,decay,5,False,True,4
loco_astm_e119,train,batch_005,decay,6,False,True,2
loco_astm_e119,train,batch_005,decay,7,False,True,1
loco_astm_e119,train,batch_005,decay,8,False,True,2
loco_astm_e119,train,batch_005,decay,9,False,True,8
loco_astm_e119,train,batch_005,decay,10,False,True,4
loco_astm_e119,train,batch_005,decay,11,False,True,5
loco_astm_e119,train,batch_005,decay,12,False,True,5
loco_astm_e119,train,batch_005,decay,13,False,True,5
loco_astm_e119,train,batch_005,decay,14,False,True,2
loco_astm_e119,train,batch_005,decay,15,False,True,1
loco_astm_e119,train,batch_005,external_fire,1,False,True,2
loco_astm_e119,train,batch_005,external_fire,2,False,True,3
loco_astm_e119,train,batch_005,external_fire,3,False,True,1
loco_astm_e119,train,batch_005,external_fire,4,False,True,3
loco_astm_e119,train,batch_005,external_fire,5,False,True,5
loco_astm_e119,train,batch_005,external_fire,6,False,True,1
loco_astm_e119,train,batch_005,external_fire,7,False,True,2
loco_astm_e119,train,batch_005,external_fire,8,False,True,4
loco_astm_e119,train,batch_005,external_fire,9,False,True,6
loco_astm_e119,train,batch_005,external_fire,10,False,True,2
loco_astm_e119,train,batch_005,external_fire,11,False,True,3
loco_astm_e119,train,batch_005,external_fire,12,False,True,1
loco_astm_e119,train,batch_005,external_fire,13,False,True,5
loco_astm_e119,train,batch_005,external_fire,14,False,True,2
loco_astm_e119,train,batch_005,external_fire,15,False,True,1
loco_astm_e119,train,batch_005,iso834,1,False,True,6
loco_astm_e119,train,batch_005,iso834,2,False,True,7
loco_astm_e119,train,batch_005,iso834,3,False,True,3
loco_astm_e119,train,batch_005,iso834,4,False,True,6
loco_astm_e119,train,batch_005,iso834,5,False,True,3
loco_astm_e119,train,batch_005,iso834,6,False,True,5
loco_astm_e119,train,batch_005,iso834,7,False,True,2
loco_astm_e119,train,batch_005,iso834,8,False,True,6
loco_astm_e119,train,batch_005,iso834,9,False,True,1
loco_astm_e119,train,batch_005,iso834,10,False,True,6
loco_astm_e119,train,batch_005,iso834,11,False,True,2
loco_astm_e119,train,batch_005,iso834,12,False,True,2
loco_astm_e119,train,batch_005,iso834,13,False,True,2
loco_astm_e119,train,batch_005,iso834,15,False,True,1
loco_astm_e119,train,batch_005,linear,1,False,True,1
loco_astm_e119,train,batch_005,linear,2,False,True,2
loco_astm_e119,train,batch_005,linear,3,False,True,1
loco_astm_e119,train,batch_005,linear,4,False,True,2
loco_astm_e119,train,batch_005,linear,5,False,True,5
loco_astm_e119,train,batch_005,linear,6,False,True,6
loco_astm_e119,train,batch_005,linear,7,False,True,7
loco_astm_e119,train,batch_005,linear,8,False,True,4
loco_astm_e119,train,batch_005,linear,9,False,True,2
loco_astm_e119,train,batch_005,linear,10,False,True,2
loco_astm_e119,train,batch_005,linear,11,False,True,6
loco_astm_e119,train,batch_005,linear,12,False,True,5
loco_astm_e119,train,batch_005,linear,13,False,True,5
loco_astm_e119,train,batch_005,linear,14,False,True,5
loco_astm_e119,train,batch_005,linear,15,False,True,6
loco_astm_e119,train,batch_005,log_variant,2,False,True,6
loco_astm_e119,train,batch_005,log_variant,3,False,True,3
loco_astm_e119,train,batch_005,log_variant,4,False,True,3
loco_astm_e119,train,batch_005,log_variant,5,False,True,3
loco_astm_e119,train,batch_005,log_variant,6,False,True,2
loco_astm_e119,train,batch_005,log_variant,7,False,True,4
loco_astm_e119,train,batch_005,log_variant,8,False,True,4
loco_astm_e119,train,batch_005,log_variant,9,False,True,6
loco_astm_e119,train,batch_005,log_variant,10,False,True,4
loco_astm_e119,train,batch_005,log_variant,11,False,True,1
loco_astm_e119,train,batch_005,log_variant,12,False,True,3
loco_astm_e119,train,batch_005,log_variant,13,False,True,1
loco_astm_e119,train,batch_005,log_variant,14,False,True,3
loco_astm_e119,train,batch_005,log_variant,15,False,True,2
loco_astm_e119,train,batch_005,perturbed_iso,1,False,True,6
loco_astm_e119,train,batch_005,perturbed_iso,2,False,True,3
loco_astm_e119,train,batch_005,perturbed_iso,3,False,True,10
loco_astm_e119,train,batch_005,perturbed_iso,4,False,True,6
loco_astm_e119,train,batch_005,perturbed_iso,5,False,True,6
loco_astm_e119,train,batch_005,perturbed_iso,6,False,True,3
loco_astm_e119,train,batch_005,perturbed_iso,7,False,True,3
loco_astm_e119,train,batch_005,perturbed_iso,8,False,True,5
loco_astm_e119,train,batch_005,perturbed_iso,9,False,True,4
loco_astm_e119,train,batch_005,perturbed_iso,10,False,True,3
loco_astm_e119,train,batch_005,perturbed_iso,11,False,True,2
loco_astm_e119,train,batch_005,perturbed_iso,12,False,True,1
loco_astm_e119,train,batch_005,perturbed_iso,14,False,True,1
loco_astm_e119,train,batch_005,plateau,1,False,True,7
loco_astm_e119,train,batch_005,plateau,2,False,True,3
loco_astm_e119,train,batch_005,plateau,3,False,True,3
loco_astm_e119,train,batch_005,plateau,4,False,True,2
loco_astm_e119,train,batch_005,plateau,5,False,True,5
loco_astm_e119,train,batch_005,plateau,6,False,True,3
loco_astm_e119,train,batch_005,plateau,7,False,True,5
loco_astm_e119,train,batch_005,plateau,8,False,True,10
loco_astm_e119,train,batch_005,plateau,9,False,True,5
loco_astm_e119,train,batch_005,plateau,10,False,True,3
loco_astm_e119,train,batch_005,plateau,11,False,True,4
loco_astm_e119,train,batch_005,plateau,12,False,True,1
loco_astm_e119,train,batch_005,plateau,13,False,True,1
loco_astm_e119,train,batch_005,plateau,14,False,True,2
loco_astm_e119,train,batch_005,plateau,15,False,True,1
loco_astm_e119,train,batch_005,smoldering,1,False,True,1
loco_astm_e119,train,batch_005,smoldering,1,True,False,5
loco_astm_e119,train,batch_005,smoldering,2,True,False,5
loco_astm_e119,train,batch_005,smoldering,3,True,False,9
loco_astm_e119,train,batch_005,smoldering,4,False,True,2
loco_astm_e119,train,batch_005,smoldering,4,True,False,5
loco_astm_e119,train,batch_005,smoldering,5,False,True,1
loco_astm_e119,train,batch_005,smoldering,5,True,False,4
loco_astm_e119,train,batch_005,smoldering,6,True,False,7
loco_astm_e119,train,batch_005,smoldering,7,False,True,1
loco_astm_e119,train,batch_005,smoldering,7,True,False,4
loco_astm_e119,train,batch_005,smoldering,8,True,False,6
loco_astm_e119,train,batch_005,smoldering,9,True,False,3
loco_astm_e119,train,batch_005,smoldering,10,False,True,1
loco_astm_e119,train,batch_005,smoldering,10,True,False,5
loco_astm_e119,train,batch_005,smoldering,11,False,True,1
loco_astm_e119,train,batch_005,smoldering,11,True,False,3
loco_astm_e119,train,batch_005,smoldering,12,True,False,3
loco_astm_e119,train,batch_005,smoldering,13,True,False,5
loco_astm_e119,train,batch_005,smoldering,14,True,False,4
loco_astm_e119,train,batch_005,smoldering,15,False,True,1
loco_astm_e119,train,batch_005,smoldering,15,True,False,6
loco_astm_e119,validation,batch_004,decay,2,False,True,1
loco_astm_e119,validation,batch_004,decay,3,False,True,1
loco_astm_e119,validation,batch_004,decay,6,False,True,1
loco_astm_e119,validation,batch_004,iso834,2,False,True,4
loco_astm_e119,validation,batch_004,iso834,3,False,True,1
loco_astm_e119,validation,batch_004,iso834,4,False,True,1
loco_astm_e119,validation,batch_004,iso834,5,False,True,1
loco_astm_e119,validation,batch_004,iso834,6,False,True,5
loco_astm_e119,validation,batch_004,iso834,7,False,True,3
loco_astm_e119,validation,batch_004,linear,1,False,True,2
loco_astm_e119,validation,batch_004,linear,2,False,True,2
loco_astm_e119,validation,batch_004,linear,5,False,True,1
loco_astm_e119,validation,batch_004,linear,6,False,True,4
loco_astm_e119,validation,batch_004,linear,7,False,True,2
loco_astm_e119,validation,batch_004,linear,8,False,True,1
loco_astm_e119,validation,batch_004,log_variant,8,False,True,1
loco_astm_e119,validation,batch_004,perturbed_iso,2,False,True,1
loco_astm_e119,validation,batch_004,perturbed_iso,3,False,True,3
loco_astm_e119,validation,batch_004,perturbed_iso,4,False,True,1
loco_astm_e119,validation,batch_004,perturbed_iso,5,False,True,3
loco_astm_e119,validation,batch_004,perturbed_iso,8,False,True,1
loco_astm_e119,validation,batch_004,plateau,2,False,True,1
loco_astm_e119,validation,batch_004,plateau,3,False,True,2
loco_astm_e119,validation,batch_004,plateau,6,False,True,1
loco_astm_e119,validation,batch_004,plateau,7,False,True,1
loco_astm_e119,validation,batch_004,plateau,8,False,True,2
loco_astm_e119,validation,batch_005,bilinear,1,False,True,1
loco_astm_e119,validation,batch_005,bilinear,2,False,True,1
loco_astm_e119,validation,batch_005,bilinear,3,False,True,1
loco_astm_e119,validation,batch_005,bilinear,4,False,True,2
loco_astm_e119,validation,batch_005,bilinear,10,False,True,2
loco_astm_e119,validation,batch_005,bilinear,11,False,True,1
loco_astm_e119,validation,batch_005,bilinear,12,False,True,2
loco_astm_e119,validation,batch_005,bilinear,13,False,True,2
loco_astm_e119,validation,batch_005,decay,2,False,True,1
loco_astm_e119,validation,batch_005,decay,5,False,True,3
loco_astm_e119,validation,batch_005,decay,6,False,True,1
loco_astm_e119,validation,batch_005,decay,7,False,True,2
loco_astm_e119,validation,batch_005,decay,9,False,True,2
loco_astm_e119,validation,batch_005,decay,10,False,True,2
loco_astm_e119,validation,batch_005,decay,11,False,True,1
loco_astm_e119,validation,batch_005,decay,13,False,True,1
loco_astm_e119,validation,batch_005,decay,15,False,True,1
loco_astm_e119,validation,batch_005,external_fire,2,False,True,1
loco_astm_e119,validation,batch_005,external_fire,3,False,True,1
loco_astm_e119,validation,batch_005,external_fire,4,False,True,1
loco_astm_e119,validation,batch_005,external_fire,6,False,True,1
loco_astm_e119,validation,batch_005,external_fire,10,False,True,1
loco_astm_e119,validation,batch_005,external_fire,12,False,True,1
loco_astm_e119,validation,batch_005,external_fire,15,False,True,2
loco_astm_e119,validation,batch_005,iso834,1,False,True,1
loco_astm_e119,validation,batch_005,iso834,2,False,True,1
loco_astm_e119,validation,batch_005,iso834,5,False,True,1
loco_astm_e119,validation,batch_005,iso834,7,False,True,1
loco_astm_e119,validation,batch_005,iso834,8,False,True,1
loco_astm_e119,validation,batch_005,iso834,9,False,True,1
loco_astm_e119,validation,batch_005,iso834,11,False,True,1
loco_astm_e119,validation,batch_005,iso834,13,False,True,2
loco_astm_e119,validation,batch_005,linear,1,False,True,1
loco_astm_e119,validation,batch_005,linear,3,False,True,1
loco_astm_e119,validation,batch_005,linear,4,False,True,1
loco_astm_e119,validation,batch_005,linear,6,False,True,1
loco_astm_e119,validation,batch_005,linear,10,False,True,2
loco_astm_e119,validation,batch_005,linear,13,False,True,1
loco_astm_e119,validation,batch_005,log_variant,1,False,True,1
loco_astm_e119,validation,batch_005,log_variant,2,False,True,1
loco_astm_e119,validation,batch_005,log_variant,3,False,True,1
loco_astm_e119,validation,batch_005,log_variant,6,False,True,2
loco_astm_e119,validation,batch_005,log_variant,7,False,True,1
loco_astm_e119,validation,batch_005,log_variant,11,False,True,2
loco_astm_e119,validation,batch_005,log_variant,14,False,True,1
loco_astm_e119,validation,batch_005,log_variant,15,False,True,1
loco_astm_e119,validation,batch_005,perturbed_iso,1,False,True,2
loco_astm_e119,validation,batch_005,perturbed_iso,2,False,True,1
loco_astm_e119,validation,batch_005,perturbed_iso,3,False,True,1
loco_astm_e119,validation,batch_005,perturbed_iso,5,False,True,1
loco_astm_e119,validation,batch_005,perturbed_iso,11,False,True,1
loco_astm_e119,validation,batch_005,perturbed_iso,12,False,True,2
loco_astm_e119,validation,batch_005,plateau,3,False,True,1
loco_astm_e119,validation,batch_005,plateau,4,False,True,2
loco_astm_e119,validation,batch_005,plateau,5,False,True,2
loco_astm_e119,validation,batch_005,plateau,6,False,True,1
loco_astm_e119,validation,batch_005,plateau,7,False,True,1
loco_astm_e119,validation,batch_005,plateau,8,False,True,1
loco_astm_e119,validation,batch_005,plateau,13,False,True,1
loco_astm_e119,validation,batch_005,smoldering,1,True,False,2
loco_astm_e119,validation,batch_005,smoldering,2,False,True,1
loco_astm_e119,validation,batch_005,smoldering,4,True,False,1
loco_astm_e119,validation,batch_005,smoldering,5,True,False,1
loco_astm_e119,validation,batch_005,smoldering,6,True,False,2
loco_astm_e119,validation,batch_005,smoldering,7,True,False,1
loco_astm_e119,validation,batch_005,smoldering,8,True,False,2
loco_astm_e119,validation,batch_005,smoldering,12,True,False,3
loco_astm_e119,validation,batch_005,smoldering,14,False,True,2
loco_astm_e119,test,batch_004,astm_e119,1,False,True,4
loco_astm_e119,test,batch_004,astm_e119,2,False,True,1
loco_astm_e119,test,batch_004,astm_e119,3,False,True,4
loco_astm_e119,test,batch_004,astm_e119,4,False,True,4
loco_astm_e119,test,batch_004,astm_e119,5,False,True,3
loco_astm_e119,test,batch_004,astm_e119,6,False,True,3
loco_astm_e119,test,batch_004,astm_e119,7,False,True,1
loco_astm_e119,test,batch_004,astm_e119,8,False,True,5
loco_astm_e119,test,batch_005,astm_e119,1,False,True,4
loco_astm_e119,test,batch_005,astm_e119,2,False,True,4
loco_astm_e119,test,batch_005,astm_e119,3,False,True,10
loco_astm_e119,test,batch_005,astm_e119,4,False,True,4
loco_astm_e119,test,batch_005,astm_e119,5,False,True,3
loco_astm_e119,test,batch_005,astm_e119,6,False,True,7
loco_astm_e119,test,batch_005,astm_e119,7,False,True,11
loco_astm_e119,test,batch_005,astm_e119,8,False,True,3
loco_astm_e119,test,batch_005,astm_e119,9,False,True,4
loco_astm_e119,test,batch_005,astm_e119,10,False,True,3
loco_astm_e119,test,batch_005,astm_e119,11,False,True,6
loco_astm_e119,test,batch_005,astm_e119,12,False,True,7
loco_astm_e119,test,batch_005,astm_e119,13,False,True,2
loco_astm_e119,test,batch_005,astm_e119,14,False,True,2
loco_perturbed_iso,train,batch_004,astm_e119,1,False,True,2
loco_perturbed_iso,train,batch_004,astm_e119,2,False,True,1
loco_perturbed_iso,train,batch_004,astm_e119,3,False,True,3
loco_perturbed_iso,train,batch_004,astm_e119,4,False,True,3
loco_perturbed_iso,train,batch_004,astm_e119,5,False,True,3
loco_perturbed_iso,train,batch_004,astm_e119,6,False,True,2
loco_perturbed_iso,train,batch_004,astm_e119,7,False,True,1
loco_perturbed_iso,train,batch_004,astm_e119,8,False,True,4
loco_perturbed_iso,train,batch_004,decay,1,False,True,5
loco_perturbed_iso,train,batch_004,decay,2,False,True,3
loco_perturbed_iso,train,batch_004,decay,3,False,True,4
loco_perturbed_iso,train,batch_004,decay,4,False,True,7
loco_perturbed_iso,train,batch_004,decay,5,False,True,4
loco_perturbed_iso,train,batch_004,decay,6,False,True,6
loco_perturbed_iso,train,batch_004,decay,7,False,True,6
loco_perturbed_iso,train,batch_004,decay,8,False,True,5
loco_perturbed_iso,train,batch_004,iso834,1,False,True,12
loco_perturbed_iso,train,batch_004,iso834,2,False,True,8
loco_perturbed_iso,train,batch_004,iso834,3,False,True,9
loco_perturbed_iso,train,batch_004,iso834,4,False,True,11
loco_perturbed_iso,train,batch_004,iso834,5,False,True,7
loco_perturbed_iso,train,batch_004,iso834,6,False,True,10
loco_perturbed_iso,train,batch_004,iso834,7,False,True,14
loco_perturbed_iso,train,batch_004,iso834,8,False,True,13
loco_perturbed_iso,train,batch_004,linear,1,False,True,9
loco_perturbed_iso,train,batch_004,linear,2,False,True,8
loco_perturbed_iso,train,batch_004,linear,3,False,True,5
loco_perturbed_iso,train,batch_004,linear,4,False,True,5
loco_perturbed_iso,train,batch_004,linear,5,False,True,7
loco_perturbed_iso,train,batch_004,linear,6,False,True,9
loco_perturbed_iso,train,batch_004,linear,7,False,True,8
loco_perturbed_iso,train,batch_004,linear,8,False,True,3
loco_perturbed_iso,train,batch_004,log_variant,1,False,True,1
loco_perturbed_iso,train,batch_004,log_variant,4,False,True,1
loco_perturbed_iso,train,batch_004,log_variant,5,False,True,4
loco_perturbed_iso,train,batch_004,log_variant,6,False,True,3
loco_perturbed_iso,train,batch_004,log_variant,7,False,True,1
loco_perturbed_iso,train,batch_004,log_variant,8,False,True,2
loco_perturbed_iso,train,batch_004,plateau,1,False,True,3
loco_perturbed_iso,train,batch_004,plateau,2,False,True,3
loco_perturbed_iso,train,batch_004,plateau,3,False,True,7
loco_perturbed_iso,train,batch_004,plateau,4,False,True,2
loco_perturbed_iso,train,batch_004,plateau,5,False,True,2
loco_perturbed_iso,train,batch_004,plateau,6,False,True,2
loco_perturbed_iso,train,batch_004,plateau,7,False,True,7
loco_perturbed_iso,train,batch_004,plateau,8,False,True,7
loco_perturbed_iso,train,batch_005,astm_e119,1,False,True,3
loco_perturbed_iso,train,batch_005,astm_e119,2,False,True,4
loco_perturbed_iso,train,batch_005,astm_e119,3,False,True,8
loco_perturbed_iso,train,batch_005,astm_e119,4,False,True,3
loco_perturbed_iso,train,batch_005,astm_e119,5,False,True,2
loco_perturbed_iso,train,batch_005,astm_e119,6,False,True,7
loco_perturbed_iso,train,batch_005,astm_e119,7,False,True,9
loco_perturbed_iso,train,batch_005,astm_e119,8,False,True,3
loco_perturbed_iso,train,batch_005,astm_e119,9,False,True,4
loco_perturbed_iso,train,batch_005,astm_e119,10,False,True,3
loco_perturbed_iso,train,batch_005,astm_e119,11,False,True,5
loco_perturbed_iso,train,batch_005,astm_e119,12,False,True,7
loco_perturbed_iso,train,batch_005,astm_e119,13,False,True,1
loco_perturbed_iso,train,batch_005,astm_e119,14,False,True,2
loco_perturbed_iso,train,batch_005,bilinear,1,False,True,6
loco_perturbed_iso,train,batch_005,bilinear,2,False,True,6
loco_perturbed_iso,train,batch_005,bilinear,3,False,True,5
loco_perturbed_iso,train,batch_005,bilinear,4,False,True,7
loco_perturbed_iso,train,batch_005,bilinear,5,False,True,3
loco_perturbed_iso,train,batch_005,bilinear,6,False,True,3
loco_perturbed_iso,train,batch_005,bilinear,7,False,True,3
loco_perturbed_iso,train,batch_005,bilinear,8,False,True,3
loco_perturbed_iso,train,batch_005,bilinear,9,False,True,5
loco_perturbed_iso,train,batch_005,bilinear,10,False,True,5
loco_perturbed_iso,train,batch_005,bilinear,11,False,True,3
loco_perturbed_iso,train,batch_005,bilinear,12,False,True,6
loco_perturbed_iso,train,batch_005,bilinear,13,False,True,4
loco_perturbed_iso,train,batch_005,bilinear,14,False,True,4
loco_perturbed_iso,train,batch_005,bilinear,15,False,True,2
loco_perturbed_iso,train,batch_005,decay,1,False,True,4
loco_perturbed_iso,train,batch_005,decay,2,False,True,2
loco_perturbed_iso,train,batch_005,decay,3,False,True,2
loco_perturbed_iso,train,batch_005,decay,4,False,True,3
loco_perturbed_iso,train,batch_005,decay,5,False,True,6
loco_perturbed_iso,train,batch_005,decay,6,False,True,3
loco_perturbed_iso,train,batch_005,decay,7,False,True,3
loco_perturbed_iso,train,batch_005,decay,8,False,True,2
loco_perturbed_iso,train,batch_005,decay,9,False,True,7
loco_perturbed_iso,train,batch_005,decay,10,False,True,4
loco_perturbed_iso,train,batch_005,decay,11,False,True,5
loco_perturbed_iso,train,batch_005,decay,12,False,True,5
loco_perturbed_iso,train,batch_005,decay,13,False,True,6
loco_perturbed_iso,train,batch_005,decay,14,False,True,2
loco_perturbed_iso,train,batch_005,decay,15,False,True,2
loco_perturbed_iso,train,batch_005,external_fire,1,False,True,2
loco_perturbed_iso,train,batch_005,external_fire,2,False,True,4
loco_perturbed_iso,train,batch_005,external_fire,3,False,True,1
loco_perturbed_iso,train,batch_005,external_fire,4,False,True,3
loco_perturbed_iso,train,batch_005,external_fire,5,False,True,4
loco_perturbed_iso,train,batch_005,external_fire,6,False,True,2
loco_perturbed_iso,train,batch_005,external_fire,7,False,True,2
loco_perturbed_iso,train,batch_005,external_fire,8,False,True,2
loco_perturbed_iso,train,batch_005,external_fire,9,False,True,5
loco_perturbed_iso,train,batch_005,external_fire,10,False,True,3
loco_perturbed_iso,train,batch_005,external_fire,11,False,True,1
loco_perturbed_iso,train,batch_005,external_fire,12,False,True,2
loco_perturbed_iso,train,batch_005,external_fire,13,False,True,5
loco_perturbed_iso,train,batch_005,external_fire,14,False,True,2
loco_perturbed_iso,train,batch_005,external_fire,15,False,True,3
loco_perturbed_iso,train,batch_005,iso834,1,False,True,7
loco_perturbed_iso,train,batch_005,iso834,2,False,True,6
loco_perturbed_iso,train,batch_005,iso834,3,False,True,2
loco_perturbed_iso,train,batch_005,iso834,4,False,True,6
loco_perturbed_iso,train,batch_005,iso834,5,False,True,3
loco_perturbed_iso,train,batch_005,iso834,6,False,True,4
loco_perturbed_iso,train,batch_005,iso834,7,False,True,2
loco_perturbed_iso,train,batch_005,iso834,8,False,True,5
loco_perturbed_iso,train,batch_005,iso834,9,False,True,2
loco_perturbed_iso,train,batch_005,iso834,10,False,True,6
loco_perturbed_iso,train,batch_005,iso834,11,False,True,3
loco_perturbed_iso,train,batch_005,iso834,12,False,True,1
loco_perturbed_iso,train,batch_005,iso834,13,False,True,3
loco_perturbed_iso,train,batch_005,linear,1,False,True,2
loco_perturbed_iso,train,batch_005,linear,2,False,True,1
loco_perturbed_iso,train,batch_005,linear,3,False,True,1
loco_perturbed_iso,train,batch_005,linear,4,False,True,2
loco_perturbed_iso,train,batch_005,linear,5,False,True,5
loco_perturbed_iso,train,batch_005,linear,6,False,True,7
loco_perturbed_iso,train,batch_005,linear,7,False,True,5
loco_perturbed_iso,train,batch_005,linear,8,False,True,4
loco_perturbed_iso,train,batch_005,linear,9,False,True,2
loco_perturbed_iso,train,batch_005,linear,10,False,True,2
loco_perturbed_iso,train,batch_005,linear,11,False,True,4
loco_perturbed_iso,train,batch_005,linear,12,False,True,3
loco_perturbed_iso,train,batch_005,linear,13,False,True,5
loco_perturbed_iso,train,batch_005,linear,14,False,True,4
loco_perturbed_iso,train,batch_005,linear,15,False,True,5
loco_perturbed_iso,train,batch_005,log_variant,2,False,True,6
loco_perturbed_iso,train,batch_005,log_variant,3,False,True,4
loco_perturbed_iso,train,batch_005,log_variant,4,False,True,3
loco_perturbed_iso,train,batch_005,log_variant,5,False,True,3
loco_perturbed_iso,train,batch_005,log_variant,6,False,True,3
loco_perturbed_iso,train,batch_005,log_variant,7,False,True,5
loco_perturbed_iso,train,batch_005,log_variant,8,False,True,3
loco_perturbed_iso,train,batch_005,log_variant,9,False,True,5
loco_perturbed_iso,train,batch_005,log_variant,10,False,True,3
loco_perturbed_iso,train,batch_005,log_variant,11,False,True,1
loco_perturbed_iso,train,batch_005,log_variant,12,False,True,3
loco_perturbed_iso,train,batch_005,log_variant,13,False,True,1
loco_perturbed_iso,train,batch_005,log_variant,14,False,True,3
loco_perturbed_iso,train,batch_005,log_variant,15,False,True,3
loco_perturbed_iso,train,batch_005,plateau,1,False,True,6
loco_perturbed_iso,train,batch_005,plateau,2,False,True,2
loco_perturbed_iso,train,batch_005,plateau,3,False,True,4
loco_perturbed_iso,train,batch_005,plateau,4,False,True,4
loco_perturbed_iso,train,batch_005,plateau,5,False,True,5
loco_perturbed_iso,train,batch_005,plateau,6,False,True,3
loco_perturbed_iso,train,batch_005,plateau,7,False,True,5
loco_perturbed_iso,train,batch_005,plateau,8,False,True,9
loco_perturbed_iso,train,batch_005,plateau,9,False,True,4
loco_perturbed_iso,train,batch_005,plateau,10,False,True,2
loco_perturbed_iso,train,batch_005,plateau,11,False,True,4
loco_perturbed_iso,train,batch_005,plateau,12,False,True,1
loco_perturbed_iso,train,batch_005,plateau,13,False,True,2
loco_perturbed_iso,train,batch_005,plateau,14,False,True,2
loco_perturbed_iso,train,batch_005,plateau,15,False,True,1
loco_perturbed_iso,train,batch_005,smoldering,1,False,True,1
loco_perturbed_iso,train,batch_005,smoldering,1,True,False,4
loco_perturbed_iso,train,batch_005,smoldering,2,True,False,4
loco_perturbed_iso,train,batch_005,smoldering,3,True,False,7
loco_perturbed_iso,train,batch_005,smoldering,4,False,True,1
loco_perturbed_iso,train,batch_005,smoldering,4,True,False,3
loco_perturbed_iso,train,batch_005,smoldering,5,False,True,1
loco_perturbed_iso,train,batch_005,smoldering,5,True,False,5
loco_perturbed_iso,train,batch_005,smoldering,6,True,False,9
loco_perturbed_iso,train,batch_005,smoldering,7,False,True,1
loco_perturbed_iso,train,batch_005,smoldering,7,True,False,5
loco_perturbed_iso,train,batch_005,smoldering,8,True,False,8
loco_perturbed_iso,train,batch_005,smoldering,9,True,False,2
loco_perturbed_iso,train,batch_005,smoldering,10,False,True,1
loco_perturbed_iso,train,batch_005,smoldering,10,True,False,4
loco_perturbed_iso,train,batch_005,smoldering,11,False,True,1
loco_perturbed_iso,train,batch_005,smoldering,11,True,False,3
loco_perturbed_iso,train,batch_005,smoldering,12,True,False,6
loco_perturbed_iso,train,batch_005,smoldering,13,True,False,4
loco_perturbed_iso,train,batch_005,smoldering,14,False,True,2
loco_perturbed_iso,train,batch_005,smoldering,14,True,False,4
loco_perturbed_iso,train,batch_005,smoldering,15,False,True,1
loco_perturbed_iso,train,batch_005,smoldering,15,True,False,5
loco_perturbed_iso,validation,batch_004,astm_e119,1,False,True,2
loco_perturbed_iso,validation,batch_004,astm_e119,3,False,True,1
loco_perturbed_iso,validation,batch_004,astm_e119,4,False,True,1
loco_perturbed_iso,validation,batch_004,astm_e119,6,False,True,1
loco_perturbed_iso,validation,batch_004,astm_e119,8,False,True,1
loco_perturbed_iso,validation,batch_004,decay,1,False,True,1
loco_perturbed_iso,validation,batch_004,decay,2,False,True,3
loco_perturbed_iso,validation,batch_004,decay,6,False,True,1
loco_perturbed_iso,validation,batch_004,decay,8,False,True,1
loco_perturbed_iso,validation,batch_004,iso834,2,False,True,2
loco_perturbed_iso,validation,batch_004,iso834,3,False,True,5
loco_perturbed_iso,validation,batch_004,iso834,4,False,True,2
loco_perturbed_iso,validation,batch_004,iso834,5,False,True,2
loco_perturbed_iso,validation,batch_004,iso834,6,False,True,1
loco_perturbed_iso,validation,batch_004,iso834,8,False,True,1
loco_perturbed_iso,validation,batch_004,linear,1,False,True,1
loco_perturbed_iso,validation,batch_004,linear,2,False,True,1
loco_perturbed_iso,validation,batch_004,linear,3,False,True,1
loco_perturbed_iso,validation,batch_004,linear,4,False,True,2
loco_perturbed_iso,validation,batch_004,log_variant,2,False,True,1
loco_perturbed_iso,validation,batch_004,log_variant,6,False,True,1
loco_perturbed_iso,validation,batch_004,plateau,2,False,True,1
loco_perturbed_iso,validation,batch_004,plateau,3,False,True,1
loco_perturbed_iso,validation,batch_004,plateau,4,False,True,1
loco_perturbed_iso,validation,batch_004,plateau,5,False,True,2
loco_perturbed_iso,validation,batch_004,plateau,6,False,True,1
loco_perturbed_iso,validation,batch_005,astm_e119,1,False,True,1
loco_perturbed_iso,validation,batch_005,astm_e119,3,False,True,2
loco_perturbed_iso,validation,batch_005,astm_e119,4,False,True,1
loco_perturbed_iso,validation,batch_005,astm_e119,5,False,True,1
loco_perturbed_iso,validation,batch_005,astm_e119,7,False,True,2
loco_perturbed_iso,validation,batch_005,astm_e119,11,False,True,1
loco_perturbed_iso,validation,batch_005,astm_e119,13,False,True,1
loco_perturbed_iso,validation,batch_005,bilinear,3,False,True,1
loco_perturbed_iso,validation,batch_005,bilinear,4,False,True,2
loco_perturbed_iso,validation,batch_005,bilinear,6,False,True,1
loco_perturbed_iso,validation,batch_005,bilinear,7,False,True,2
loco_perturbed_iso,validation,batch_005,bilinear,8,False,True,1
loco_perturbed_iso,validation,batch_005,bilinear,9,False,True,1
loco_perturbed_iso,validation,batch_005,bilinear,10,False,True,2
loco_perturbed_iso,validation,batch_005,bilinear,13,False,True,1
loco_perturbed_iso,validation,batch_005,bilinear,14,False,True,1
loco_perturbed_iso,validation,batch_005,decay,1,False,True,1
loco_perturbed_iso,validation,batch_005,decay,2,False,True,1
loco_perturbed_iso,validation,batch_005,decay,3,False,True,1
loco_perturbed_iso,validation,batch_005,decay,4,False,True,1
loco_perturbed_iso,validation,batch_005,decay,5,False,True,1
loco_perturbed_iso,validation,batch_005,decay,9,False,True,3
loco_perturbed_iso,validation,batch_005,decay,10,False,True,2
loco_perturbed_iso,validation,batch_005,decay,11,False,True,1
loco_perturbed_iso,validation,batch_005,external_fire,3,False,True,1
loco_perturbed_iso,validation,batch_005,external_fire,4,False,True,1
loco_perturbed_iso,validation,batch_005,external_fire,5,False,True,1
loco_perturbed_iso,validation,batch_005,external_fire,8,False,True,2
loco_perturbed_iso,validation,batch_005,external_fire,9,False,True,1
loco_perturbed_iso,validation,batch_005,external_fire,11,False,True,2
loco_perturbed_iso,validation,batch_005,iso834,2,False,True,2
loco_perturbed_iso,validation,batch_005,iso834,3,False,True,1
loco_perturbed_iso,validation,batch_005,iso834,5,False,True,1
loco_perturbed_iso,validation,batch_005,iso834,6,False,True,1
loco_perturbed_iso,validation,batch_005,iso834,7,False,True,1
loco_perturbed_iso,validation,batch_005,iso834,8,False,True,2
loco_perturbed_iso,validation,batch_005,iso834,12,False,True,1
loco_perturbed_iso,validation,batch_005,iso834,13,False,True,1
loco_perturbed_iso,validation,batch_005,iso834,15,False,True,1
loco_perturbed_iso,validation,batch_005,linear,2,False,True,1
loco_perturbed_iso,validation,batch_005,linear,3,False,True,1
loco_perturbed_iso,validation,batch_005,linear,4,False,True,1
loco_perturbed_iso,validation,batch_005,linear,7,False,True,2
loco_perturbed_iso,validation,batch_005,linear,10,False,True,2
loco_perturbed_iso,validation,batch_005,linear,11,False,True,2
loco_perturbed_iso,validation,batch_005,linear,12,False,True,2
loco_perturbed_iso,validation,batch_005,linear,13,False,True,1
loco_perturbed_iso,validation,batch_005,linear,14,False,True,1
loco_perturbed_iso,validation,batch_005,linear,15,False,True,1
loco_perturbed_iso,validation,batch_005,log_variant,1,False,True,1
loco_perturbed_iso,validation,batch_005,log_variant,2,False,True,1
loco_perturbed_iso,validation,batch_005,log_variant,6,False,True,1
loco_perturbed_iso,validation,batch_005,log_variant,8,False,True,1
loco_perturbed_iso,validation,batch_005,log_variant,9,False,True,1
loco_perturbed_iso,validation,batch_005,log_variant,10,False,True,1
loco_perturbed_iso,validation,batch_005,log_variant,11,False,True,2
loco_perturbed_iso,validation,batch_005,log_variant,14,False,True,1
loco_perturbed_iso,validation,batch_005,plateau,1,False,True,1
loco_perturbed_iso,validation,batch_005,plateau,2,False,True,1
loco_perturbed_iso,validation,batch_005,plateau,5,False,True,2
loco_perturbed_iso,validation,batch_005,plateau,6,False,True,1
loco_perturbed_iso,validation,batch_005,plateau,7,False,True,1
loco_perturbed_iso,validation,batch_005,plateau,8,False,True,2
loco_perturbed_iso,validation,batch_005,plateau,9,False,True,1
loco_perturbed_iso,validation,batch_005,plateau,10,False,True,1
loco_perturbed_iso,validation,batch_005,smoldering,1,True,False,3
loco_perturbed_iso,validation,batch_005,smoldering,2,False,True,1
loco_perturbed_iso,validation,batch_005,smoldering,2,True,False,1
loco_perturbed_iso,validation,batch_005,smoldering,3,True,False,2
loco_perturbed_iso,validation,batch_005,smoldering,4,False,True,1
loco_perturbed_iso,validation,batch_005,smoldering,4,True,False,3
loco_perturbed_iso,validation,batch_005,smoldering,9,True,False,1
loco_perturbed_iso,validation,batch_005,smoldering,10,True,False,1
loco_perturbed_iso,validation,batch_005,smoldering,13,True,False,1
loco_perturbed_iso,validation,batch_005,smoldering,15,True,False,1
loco_perturbed_iso,test,batch_004,perturbed_iso,1,False,True,9
loco_perturbed_iso,test,batch_004,perturbed_iso,2,False,True,6
loco_perturbed_iso,test,batch_004,perturbed_iso,3,False,True,6
loco_perturbed_iso,test,batch_004,perturbed_iso,4,False,True,6
loco_perturbed_iso,test,batch_004,perturbed_iso,5,False,True,11
loco_perturbed_iso,test,batch_004,perturbed_iso,6,False,True,3
loco_perturbed_iso,test,batch_004,perturbed_iso,7,False,True,4
loco_perturbed_iso,test,batch_004,perturbed_iso,8,False,True,5
loco_perturbed_iso,test,batch_005,perturbed_iso,1,False,True,8
loco_perturbed_iso,test,batch_005,perturbed_iso,2,False,True,4
loco_perturbed_iso,test,batch_005,perturbed_iso,3,False,True,11
loco_perturbed_iso,test,batch_005,perturbed_iso,4,False,True,6
loco_perturbed_iso,test,batch_005,perturbed_iso,5,False,True,7
loco_perturbed_iso,test,batch_005,perturbed_iso,6,False,True,3
loco_perturbed_iso,test,batch_005,perturbed_iso,7,False,True,3
loco_perturbed_iso,test,batch_005,perturbed_iso,8,False,True,5
loco_perturbed_iso,test,batch_005,perturbed_iso,9,False,True,4
loco_perturbed_iso,test,batch_005,perturbed_iso,10,False,True,3
loco_perturbed_iso,test,batch_005,perturbed_iso,11,False,True,3
loco_perturbed_iso,test,batch_005,perturbed_iso,12,False,True,3
loco_perturbed_iso,test,batch_005,perturbed_iso,14,False,True,1
loco_plateau,train,batch_004,astm_e119,1,False,True,2
loco_plateau,train,batch_004,astm_e119,2,False,True,1
loco_plateau,train,batch_004,astm_e119,3,False,True,3
loco_plateau,train,batch_004,astm_e119,4,False,True,3
loco_plateau,train,batch_004,astm_e119,5,False,True,3
loco_plateau,train,batch_004,astm_e119,6,False,True,2
loco_plateau,train,batch_004,astm_e119,7,False,True,1
loco_plateau,train,batch_004,astm_e119,8,False,True,4
loco_plateau,train,batch_004,decay,1,False,True,5
loco_plateau,train,batch_004,decay,2,False,True,3
loco_plateau,train,batch_004,decay,3,False,True,4
loco_plateau,train,batch_004,decay,4,False,True,7
loco_plateau,train,batch_004,decay,5,False,True,4
loco_plateau,train,batch_004,decay,6,False,True,6
loco_plateau,train,batch_004,decay,7,False,True,6
loco_plateau,train,batch_004,decay,8,False,True,5
loco_plateau,train,batch_004,iso834,1,False,True,12
loco_plateau,train,batch_004,iso834,2,False,True,8
loco_plateau,train,batch_004,iso834,3,False,True,9
loco_plateau,train,batch_004,iso834,4,False,True,11
loco_plateau,train,batch_004,iso834,5,False,True,7
loco_plateau,train,batch_004,iso834,6,False,True,10
loco_plateau,train,batch_004,iso834,7,False,True,14
loco_plateau,train,batch_004,iso834,8,False,True,13
loco_plateau,train,batch_004,linear,1,False,True,9
loco_plateau,train,batch_004,linear,2,False,True,8
loco_plateau,train,batch_004,linear,3,False,True,5
loco_plateau,train,batch_004,linear,4,False,True,5
loco_plateau,train,batch_004,linear,5,False,True,7
loco_plateau,train,batch_004,linear,6,False,True,9
loco_plateau,train,batch_004,linear,7,False,True,8
loco_plateau,train,batch_004,linear,8,False,True,3
loco_plateau,train,batch_004,log_variant,1,False,True,1
loco_plateau,train,batch_004,log_variant,4,False,True,1
loco_plateau,train,batch_004,log_variant,5,False,True,4
loco_plateau,train,batch_004,log_variant,6,False,True,3
loco_plateau,train,batch_004,log_variant,7,False,True,1
loco_plateau,train,batch_004,log_variant,8,False,True,2
loco_plateau,train,batch_004,perturbed_iso,1,False,True,9
loco_plateau,train,batch_004,perturbed_iso,2,False,True,5
loco_plateau,train,batch_004,perturbed_iso,3,False,True,6
loco_plateau,train,batch_004,perturbed_iso,4,False,True,6
loco_plateau,train,batch_004,perturbed_iso,5,False,True,9
loco_plateau,train,batch_004,perturbed_iso,6,False,True,2
loco_plateau,train,batch_004,perturbed_iso,7,False,True,4
loco_plateau,train,batch_004,perturbed_iso,8,False,True,4
loco_plateau,train,batch_005,astm_e119,1,False,True,3
loco_plateau,train,batch_005,astm_e119,2,False,True,4
loco_plateau,train,batch_005,astm_e119,3,False,True,8
loco_plateau,train,batch_005,astm_e119,4,False,True,3
loco_plateau,train,batch_005,astm_e119,5,False,True,2
loco_plateau,train,batch_005,astm_e119,6,False,True,7
loco_plateau,train,batch_005,astm_e119,7,False,True,9
loco_plateau,train,batch_005,astm_e119,8,False,True,3
loco_plateau,train,batch_005,astm_e119,9,False,True,4
loco_plateau,train,batch_005,astm_e119,10,False,True,3
loco_plateau,train,batch_005,astm_e119,11,False,True,5
loco_plateau,train,batch_005,astm_e119,12,False,True,7
loco_plateau,train,batch_005,astm_e119,13,False,True,1
loco_plateau,train,batch_005,astm_e119,14,False,True,2
loco_plateau,train,batch_005,bilinear,1,False,True,6
loco_plateau,train,batch_005,bilinear,2,False,True,6
loco_plateau,train,batch_005,bilinear,3,False,True,5
loco_plateau,train,batch_005,bilinear,4,False,True,7
loco_plateau,train,batch_005,bilinear,5,False,True,3
loco_plateau,train,batch_005,bilinear,6,False,True,3
loco_plateau,train,batch_005,bilinear,7,False,True,3
loco_plateau,train,batch_005,bilinear,8,False,True,3
loco_plateau,train,batch_005,bilinear,9,False,True,5
loco_plateau,train,batch_005,bilinear,10,False,True,5
loco_plateau,train,batch_005,bilinear,11,False,True,3
loco_plateau,train,batch_005,bilinear,12,False,True,6
loco_plateau,train,batch_005,bilinear,13,False,True,4
loco_plateau,train,batch_005,bilinear,14,False,True,4
loco_plateau,train,batch_005,bilinear,15,False,True,2
loco_plateau,train,batch_005,decay,1,False,True,4
loco_plateau,train,batch_005,decay,2,False,True,2
loco_plateau,train,batch_005,decay,3,False,True,2
loco_plateau,train,batch_005,decay,4,False,True,3
loco_plateau,train,batch_005,decay,5,False,True,6
loco_plateau,train,batch_005,decay,6,False,True,3
loco_plateau,train,batch_005,decay,7,False,True,3
loco_plateau,train,batch_005,decay,8,False,True,2
loco_plateau,train,batch_005,decay,9,False,True,7
loco_plateau,train,batch_005,decay,10,False,True,4
loco_plateau,train,batch_005,decay,11,False,True,5
loco_plateau,train,batch_005,decay,12,False,True,5
loco_plateau,train,batch_005,decay,13,False,True,6
loco_plateau,train,batch_005,decay,14,False,True,2
loco_plateau,train,batch_005,decay,15,False,True,2
loco_plateau,train,batch_005,external_fire,1,False,True,2
loco_plateau,train,batch_005,external_fire,2,False,True,4
loco_plateau,train,batch_005,external_fire,3,False,True,1
loco_plateau,train,batch_005,external_fire,4,False,True,3
loco_plateau,train,batch_005,external_fire,5,False,True,4
loco_plateau,train,batch_005,external_fire,6,False,True,2
loco_plateau,train,batch_005,external_fire,7,False,True,2
loco_plateau,train,batch_005,external_fire,8,False,True,2
loco_plateau,train,batch_005,external_fire,9,False,True,5
loco_plateau,train,batch_005,external_fire,10,False,True,3
loco_plateau,train,batch_005,external_fire,11,False,True,1
loco_plateau,train,batch_005,external_fire,12,False,True,2
loco_plateau,train,batch_005,external_fire,13,False,True,5
loco_plateau,train,batch_005,external_fire,14,False,True,2
loco_plateau,train,batch_005,external_fire,15,False,True,3
loco_plateau,train,batch_005,iso834,1,False,True,7
loco_plateau,train,batch_005,iso834,2,False,True,6
loco_plateau,train,batch_005,iso834,3,False,True,2
loco_plateau,train,batch_005,iso834,4,False,True,6
loco_plateau,train,batch_005,iso834,5,False,True,3
loco_plateau,train,batch_005,iso834,6,False,True,4
loco_plateau,train,batch_005,iso834,7,False,True,2
loco_plateau,train,batch_005,iso834,8,False,True,5
loco_plateau,train,batch_005,iso834,9,False,True,2
loco_plateau,train,batch_005,iso834,10,False,True,6
loco_plateau,train,batch_005,iso834,11,False,True,3
loco_plateau,train,batch_005,iso834,12,False,True,1
loco_plateau,train,batch_005,iso834,13,False,True,3
loco_plateau,train,batch_005,linear,1,False,True,2
loco_plateau,train,batch_005,linear,2,False,True,1
loco_plateau,train,batch_005,linear,3,False,True,1
loco_plateau,train,batch_005,linear,4,False,True,2
loco_plateau,train,batch_005,linear,5,False,True,5
loco_plateau,train,batch_005,linear,6,False,True,7
loco_plateau,train,batch_005,linear,7,False,True,5
loco_plateau,train,batch_005,linear,8,False,True,4
loco_plateau,train,batch_005,linear,9,False,True,2
loco_plateau,train,batch_005,linear,10,False,True,2
loco_plateau,train,batch_005,linear,11,False,True,4
loco_plateau,train,batch_005,linear,12,False,True,3
loco_plateau,train,batch_005,linear,13,False,True,5
loco_plateau,train,batch_005,linear,14,False,True,4
loco_plateau,train,batch_005,linear,15,False,True,5
loco_plateau,train,batch_005,log_variant,2,False,True,6
loco_plateau,train,batch_005,log_variant,3,False,True,4
loco_plateau,train,batch_005,log_variant,4,False,True,3
loco_plateau,train,batch_005,log_variant,5,False,True,3
loco_plateau,train,batch_005,log_variant,6,False,True,3
loco_plateau,train,batch_005,log_variant,7,False,True,5
loco_plateau,train,batch_005,log_variant,8,False,True,3
loco_plateau,train,batch_005,log_variant,9,False,True,5
loco_plateau,train,batch_005,log_variant,10,False,True,3
loco_plateau,train,batch_005,log_variant,11,False,True,1
loco_plateau,train,batch_005,log_variant,12,False,True,3
loco_plateau,train,batch_005,log_variant,13,False,True,1
loco_plateau,train,batch_005,log_variant,14,False,True,3
loco_plateau,train,batch_005,log_variant,15,False,True,3
loco_plateau,train,batch_005,perturbed_iso,1,False,True,6
loco_plateau,train,batch_005,perturbed_iso,2,False,True,4
loco_plateau,train,batch_005,perturbed_iso,3,False,True,11
loco_plateau,train,batch_005,perturbed_iso,4,False,True,2
loco_plateau,train,batch_005,perturbed_iso,5,False,True,4
loco_plateau,train,batch_005,perturbed_iso,6,False,True,3
loco_plateau,train,batch_005,perturbed_iso,7,False,True,3
loco_plateau,train,batch_005,perturbed_iso,8,False,True,5
loco_plateau,train,batch_005,perturbed_iso,9,False,True,2
loco_plateau,train,batch_005,perturbed_iso,10,False,True,3
loco_plateau,train,batch_005,perturbed_iso,11,False,True,3
loco_plateau,train,batch_005,perturbed_iso,12,False,True,3
loco_plateau,train,batch_005,smoldering,1,False,True,1
loco_plateau,train,batch_005,smoldering,1,True,False,4
loco_plateau,train,batch_005,smoldering,2,True,False,4
loco_plateau,train,batch_005,smoldering,3,True,False,7
loco_plateau,train,batch_005,smoldering,4,False,True,1
loco_plateau,train,batch_005,smoldering,4,True,False,3
loco_plateau,train,batch_005,smoldering,5,False,True,1
loco_plateau,train,batch_005,smoldering,5,True,False,5
loco_plateau,train,batch_005,smoldering,6,True,False,9
loco_plateau,train,batch_005,smoldering,7,False,True,1
loco_plateau,train,batch_005,smoldering,7,True,False,5
loco_plateau,train,batch_005,smoldering,8,True,False,8
loco_plateau,train,batch_005,smoldering,9,True,False,2
loco_plateau,train,batch_005,smoldering,10,False,True,1
loco_plateau,train,batch_005,smoldering,10,True,False,4
loco_plateau,train,batch_005,smoldering,11,False,True,1
loco_plateau,train,batch_005,smoldering,11,True,False,3
loco_plateau,train,batch_005,smoldering,12,True,False,6
loco_plateau,train,batch_005,smoldering,13,True,False,4
loco_plateau,train,batch_005,smoldering,14,False,True,2
loco_plateau,train,batch_005,smoldering,14,True,False,4
loco_plateau,train,batch_005,smoldering,15,False,True,1
loco_plateau,train,batch_005,smoldering,15,True,False,5
loco_plateau,validation,batch_004,astm_e119,1,False,True,2
loco_plateau,validation,batch_004,astm_e119,3,False,True,1
loco_plateau,validation,batch_004,astm_e119,4,False,True,1
loco_plateau,validation,batch_004,astm_e119,6,False,True,1
loco_plateau,validation,batch_004,astm_e119,8,False,True,1
loco_plateau,validation,batch_004,decay,1,False,True,1
loco_plateau,validation,batch_004,decay,2,False,True,3
loco_plateau,validation,batch_004,decay,6,False,True,1
loco_plateau,validation,batch_004,decay,8,False,True,1
loco_plateau,validation,batch_004,iso834,2,False,True,2
loco_plateau,validation,batch_004,iso834,3,False,True,5
loco_plateau,validation,batch_004,iso834,4,False,True,2
loco_plateau,validation,batch_004,iso834,5,False,True,2
loco_plateau,validation,batch_004,iso834,6,False,True,1
loco_plateau,validation,batch_004,iso834,8,False,True,1
loco_plateau,validation,batch_004,linear,1,False,True,1
loco_plateau,validation,batch_004,linear,2,False,True,1
loco_plateau,validation,batch_004,linear,3,False,True,1
loco_plateau,validation,batch_004,linear,4,False,True,2
loco_plateau,validation,batch_004,log_variant,2,False,True,1
loco_plateau,validation,batch_004,log_variant,6,False,True,1
loco_plateau,validation,batch_004,perturbed_iso,2,False,True,1
loco_plateau,validation,batch_004,perturbed_iso,5,False,True,2
loco_plateau,validation,batch_004,perturbed_iso,6,False,True,1
loco_plateau,validation,batch_004,perturbed_iso,8,False,True,1
loco_plateau,validation,batch_005,astm_e119,1,False,True,1
loco_plateau,validation,batch_005,astm_e119,3,False,True,2
loco_plateau,validation,batch_005,astm_e119,4,False,True,1
loco_plateau,validation,batch_005,astm_e119,5,False,True,1
loco_plateau,validation,batch_005,astm_e119,7,False,True,2
loco_plateau,validation,batch_005,astm_e119,11,False,True,1
loco_plateau,validation,batch_005,astm_e119,13,False,True,1
loco_plateau,validation,batch_005,bilinear,3,False,True,1
loco_plateau,validation,batch_005,bilinear,4,False,True,2
loco_plateau,validation,batch_005,bilinear,6,False,True,1
loco_plateau,validation,batch_005,bilinear,7,False,True,2
loco_plateau,validation,batch_005,bilinear,8,False,True,1
loco_plateau,validation,batch_005,bilinear,9,False,True,1
loco_plateau,validation,batch_005,bilinear,10,False,True,2
loco_plateau,validation,batch_005,bilinear,13,False,True,1
loco_plateau,validation,batch_005,bilinear,14,False,True,1
loco_plateau,validation,batch_005,decay,1,False,True,1
loco_plateau,validation,batch_005,decay,2,False,True,1
loco_plateau,validation,batch_005,decay,3,False,True,1
loco_plateau,validation,batch_005,decay,4,False,True,1
loco_plateau,validation,batch_005,decay,5,False,True,1
loco_plateau,validation,batch_005,decay,9,False,True,3
loco_plateau,validation,batch_005,decay,10,False,True,2
loco_plateau,validation,batch_005,decay,11,False,True,1
loco_plateau,validation,batch_005,external_fire,3,False,True,1
loco_plateau,validation,batch_005,external_fire,4,False,True,1
loco_plateau,validation,batch_005,external_fire,5,False,True,1
loco_plateau,validation,batch_005,external_fire,8,False,True,2
loco_plateau,validation,batch_005,external_fire,9,False,True,1
loco_plateau,validation,batch_005,external_fire,11,False,True,2
loco_plateau,validation,batch_005,iso834,2,False,True,2
loco_plateau,validation,batch_005,iso834,3,False,True,1
loco_plateau,validation,batch_005,iso834,5,False,True,1
loco_plateau,validation,batch_005,iso834,6,False,True,1
loco_plateau,validation,batch_005,iso834,7,False,True,1
loco_plateau,validation,batch_005,iso834,8,False,True,2
loco_plateau,validation,batch_005,iso834,12,False,True,1
loco_plateau,validation,batch_005,iso834,13,False,True,1
loco_plateau,validation,batch_005,iso834,15,False,True,1
loco_plateau,validation,batch_005,linear,2,False,True,1
loco_plateau,validation,batch_005,linear,3,False,True,1
loco_plateau,validation,batch_005,linear,4,False,True,1
loco_plateau,validation,batch_005,linear,7,False,True,2
loco_plateau,validation,batch_005,linear,10,False,True,2
loco_plateau,validation,batch_005,linear,11,False,True,2
loco_plateau,validation,batch_005,linear,12,False,True,2
loco_plateau,validation,batch_005,linear,13,False,True,1
loco_plateau,validation,batch_005,linear,14,False,True,1
loco_plateau,validation,batch_005,linear,15,False,True,1
loco_plateau,validation,batch_005,log_variant,1,False,True,1
loco_plateau,validation,batch_005,log_variant,2,False,True,1
loco_plateau,validation,batch_005,log_variant,6,False,True,1
loco_plateau,validation,batch_005,log_variant,8,False,True,1
loco_plateau,validation,batch_005,log_variant,9,False,True,1
loco_plateau,validation,batch_005,log_variant,10,False,True,1
loco_plateau,validation,batch_005,log_variant,11,False,True,2
loco_plateau,validation,batch_005,log_variant,14,False,True,1
loco_plateau,validation,batch_005,perturbed_iso,1,False,True,2
loco_plateau,validation,batch_005,perturbed_iso,4,False,True,4
loco_plateau,validation,batch_005,perturbed_iso,5,False,True,3
loco_plateau,validation,batch_005,perturbed_iso,9,False,True,2
loco_plateau,validation,batch_005,perturbed_iso,14,False,True,1
loco_plateau,validation,batch_005,smoldering,1,True,False,3
loco_plateau,validation,batch_005,smoldering,2,False,True,1
loco_plateau,validation,batch_005,smoldering,2,True,False,1
loco_plateau,validation,batch_005,smoldering,3,True,False,2
loco_plateau,validation,batch_005,smoldering,4,False,True,1
loco_plateau,validation,batch_005,smoldering,4,True,False,3
loco_plateau,validation,batch_005,smoldering,9,True,False,1
loco_plateau,validation,batch_005,smoldering,10,True,False,1
loco_plateau,validation,batch_005,smoldering,13,True,False,1
loco_plateau,validation,batch_005,smoldering,15,True,False,1
loco_plateau,test,batch_004,plateau,1,False,True,3
loco_plateau,test,batch_004,plateau,2,False,True,4
loco_plateau,test,batch_004,plateau,3,False,True,8
loco_plateau,test,batch_004,plateau,4,False,True,3
loco_plateau,test,batch_004,plateau,5,False,True,4
loco_plateau,test,batch_004,plateau,6,False,True,3
loco_plateau,test,batch_004,plateau,7,False,True,7
loco_plateau,test,batch_004,plateau,8,False,True,7
loco_plateau,test,batch_005,plateau,1,False,True,7
loco_plateau,test,batch_005,plateau,2,False,True,3
loco_plateau,test,batch_005,plateau,3,False,True,4
loco_plateau,test,batch_005,plateau,4,False,True,4
loco_plateau,test,batch_005,plateau,5,False,True,7
loco_plateau,test,batch_005,plateau,6,False,True,4
loco_plateau,test,batch_005,plateau,7,False,True,6
loco_plateau,test,batch_005,plateau,8,False,True,11
loco_plateau,test,batch_005,plateau,9,False,True,5
loco_plateau,test,batch_005,plateau,10,False,True,3
loco_plateau,test,batch_005,plateau,11,False,True,4
loco_plateau,test,batch_005,plateau,12,False,True,1
loco_plateau,test,batch_005,plateau,13,False,True,2
loco_plateau,test,batch_005,plateau,14,False,True,2
loco_plateau,test,batch_005,plateau,15,False,True,1
loco_decay,train,batch_004,astm_e119,1,False,True,2
loco_decay,train,batch_004,astm_e119,2,False,True,1
loco_decay,train,batch_004,astm_e119,3,False,True,3
loco_decay,train,batch_004,astm_e119,4,False,True,3
loco_decay,train,batch_004,astm_e119,5,False,True,3
loco_decay,train,batch_004,astm_e119,6,False,True,2
loco_decay,train,batch_004,astm_e119,7,False,True,1
loco_decay,train,batch_004,astm_e119,8,False,True,4
loco_decay,train,batch_004,iso834,1,False,True,11
loco_decay,train,batch_004,iso834,2,False,True,7
loco_decay,train,batch_004,iso834,3,False,True,13
loco_decay,train,batch_004,iso834,4,False,True,12
loco_decay,train,batch_004,iso834,5,False,True,8
loco_decay,train,batch_004,iso834,6,False,True,6
loco_decay,train,batch_004,iso834,7,False,True,13
loco_decay,train,batch_004,iso834,8,False,True,14
loco_decay,train,batch_004,linear,1,False,True,9
loco_decay,train,batch_004,linear,2,False,True,8
loco_decay,train,batch_004,linear,3,False,True,5
loco_decay,train,batch_004,linear,4,False,True,6
loco_decay,train,batch_004,linear,5,False,True,6
loco_decay,train,batch_004,linear,6,False,True,9
loco_decay,train,batch_004,linear,7,False,True,5
loco_decay,train,batch_004,linear,8,False,True,3
loco_decay,train,batch_004,log_variant,1,False,True,1
loco_decay,train,batch_004,log_variant,2,False,True,1
loco_decay,train,batch_004,log_variant,4,False,True,1
loco_decay,train,batch_004,log_variant,5,False,True,3
loco_decay,train,batch_004,log_variant,6,False,True,3
loco_decay,train,batch_004,log_variant,7,False,True,1
loco_decay,train,batch_004,log_variant,8,False,True,2
loco_decay,train,batch_004,perturbed_iso,1,False,True,6
loco_decay,train,batch_004,perturbed_iso,2,False,True,6
loco_decay,train,batch_004,perturbed_iso,3,False,True,5
loco_decay,train,batch_004,perturbed_iso,4,False,True,6
loco_decay,train,batch_004,perturbed_iso,5,False,True,10
loco_decay,train,batch_004,perturbed_iso,6,False,True,3
loco_decay,train,batch_004,perturbed_iso,7,False,True,3
loco_decay,train,batch_004,perturbed_iso,8,False,True,5
loco_decay,train,batch_004,plateau,1,False,True,2
loco_decay,train,batch_004,plateau,2,False,True,4
loco_decay,train,batch_004,plateau,3,False,True,8
loco_decay,train,batch_004,plateau,4,False,True,3
loco_decay,train,batch_004,plateau,5,False,True,2
loco_decay,train,batch_004,plateau,6,False,True,3
loco_decay,train,batch_004,plateau,7,False,True,7
loco_decay,train,batch_004,plateau,8,False,True,6
loco_decay,train,batch_005,astm_e119,1,False,True,3
loco_decay,train,batch_005,astm_e119,2,False,True,4
loco_decay,train,batch_005,astm_e119,3,False,True,8
loco_decay,train,batch_005,astm_e119,4,False,True,3
loco_decay,train,batch_005,astm_e119,5,False,True,2
loco_decay,train,batch_005,astm_e119,6,False,True,7
loco_decay,train,batch_005,astm_e119,7,False,True,9
loco_decay,train,batch_005,astm_e119,8,False,True,3
loco_decay,train,batch_005,astm_e119,9,False,True,4
loco_decay,train,batch_005,astm_e119,10,False,True,3
loco_decay,train,batch_005,astm_e119,11,False,True,5
loco_decay,train,batch_005,astm_e119,12,False,True,7
loco_decay,train,batch_005,astm_e119,13,False,True,1
loco_decay,train,batch_005,astm_e119,14,False,True,2
loco_decay,train,batch_005,bilinear,1,False,True,6
loco_decay,train,batch_005,bilinear,2,False,True,6
loco_decay,train,batch_005,bilinear,3,False,True,5
loco_decay,train,batch_005,bilinear,4,False,True,7
loco_decay,train,batch_005,bilinear,5,False,True,3
loco_decay,train,batch_005,bilinear,6,False,True,3
loco_decay,train,batch_005,bilinear,7,False,True,3
loco_decay,train,batch_005,bilinear,8,False,True,3
loco_decay,train,batch_005,bilinear,9,False,True,5
loco_decay,train,batch_005,bilinear,10,False,True,5
loco_decay,train,batch_005,bilinear,11,False,True,3
loco_decay,train,batch_005,bilinear,12,False,True,6
loco_decay,train,batch_005,bilinear,13,False,True,4
loco_decay,train,batch_005,bilinear,14,False,True,4
loco_decay,train,batch_005,bilinear,15,False,True,2
loco_decay,train,batch_005,external_fire,1,False,True,2
loco_decay,train,batch_005,external_fire,2,False,True,3
loco_decay,train,batch_005,external_fire,3,False,True,2
loco_decay,train,batch_005,external_fire,4,False,True,3
loco_decay,train,batch_005,external_fire,5,False,True,5
loco_decay,train,batch_005,external_fire,6,False,True,1
loco_decay,train,batch_005,external_fire,7,False,True,2
loco_decay,train,batch_005,external_fire,8,False,True,3
loco_decay,train,batch_005,external_fire,9,False,True,6
loco_decay,train,batch_005,external_fire,10,False,True,2
loco_decay,train,batch_005,external_fire,11,False,True,3
loco_decay,train,batch_005,external_fire,12,False,True,1
loco_decay,train,batch_005,external_fire,13,False,True,4
loco_decay,train,batch_005,external_fire,14,False,True,2
loco_decay,train,batch_005,external_fire,15,False,True,2
loco_decay,train,batch_005,iso834,1,False,True,6
loco_decay,train,batch_005,iso834,2,False,True,7
loco_decay,train,batch_005,iso834,3,False,True,2
loco_decay,train,batch_005,iso834,4,False,True,5
loco_decay,train,batch_005,iso834,5,False,True,3
loco_decay,train,batch_005,iso834,6,False,True,5
loco_decay,train,batch_005,iso834,7,False,True,2
loco_decay,train,batch_005,iso834,8,False,True,6
loco_decay,train,batch_005,iso834,9,False,True,1
loco_decay,train,batch_005,iso834,10,False,True,5
loco_decay,train,batch_005,iso834,11,False,True,2
loco_decay,train,batch_005,iso834,12,False,True,2
loco_decay,train,batch_005,iso834,13,False,True,3
loco_decay,train,batch_005,iso834,15,False,True,1
loco_decay,train,batch_005,linear,2,False,True,2
loco_decay,train,batch_005,linear,3,False,True,2
loco_decay,train,batch_005,linear,4,False,True,3
loco_decay,train,batch_005,linear,5,False,True,3
loco_decay,train,batch_005,linear,6,False,True,5
loco_decay,train,batch_005,linear,7,False,True,7
loco_decay,train,batch_005,linear,8,False,True,2
loco_decay,train,batch_005,linear,9,False,True,2
loco_decay,train,batch_005,linear,10,False,True,4
loco_decay,train,batch_005,linear,11,False,True,6
loco_decay,train,batch_005,linear,12,False,True,4
loco_decay,train,batch_005,linear,13,False,True,5
loco_decay,train,batch_005,linear,14,False,True,5
loco_decay,train,batch_005,linear,15,False,True,5
loco_decay,train,batch_005,log_variant,1,False,True,1
loco_decay,train,batch_005,log_variant,2,False,True,7
loco_decay,train,batch_005,log_variant,3,False,True,3
loco_decay,train,batch_005,log_variant,4,False,True,3
loco_decay,train,batch_005,log_variant,5,False,True,3
loco_decay,train,batch_005,log_variant,6,False,True,3
loco_decay,train,batch_005,log_variant,7,False,True,5
loco_decay,train,batch_005,log_variant,8,False,True,3
loco_decay,train,batch_005,log_variant,9,False,True,5
loco_decay,train,batch_005,log_variant,10,False,True,3
loco_decay,train,batch_005,log_variant,11,False,True,1
loco_decay,train,batch_005,log_variant,12,False,True,1
loco_decay,train,batch_005,log_variant,13,False,True,1
loco_decay,train,batch_005,log_variant,14,False,True,4
loco_decay,train,batch_005,log_variant,15,False,True,3
loco_decay,train,batch_005,perturbed_iso,1,False,True,6
loco_decay,train,batch_005,perturbed_iso,2,False,True,3
loco_decay,train,batch_005,perturbed_iso,3,False,True,9
loco_decay,train,batch_005,perturbed_iso,4,False,True,5
loco_decay,train,batch_005,perturbed_iso,5,False,True,6
loco_decay,train,batch_005,perturbed_iso,6,False,True,2
loco_decay,train,batch_005,perturbed_iso,7,False,True,1
loco_decay,train,batch_005,perturbed_iso,8,False,True,5
loco_decay,train,batch_005,perturbed_iso,9,False,True,3
loco_decay,train,batch_005,perturbed_iso,10,False,True,3
loco_decay,train,batch_005,perturbed_iso,11,False,True,3
loco_decay,train,batch_005,perturbed_iso,12,False,True,3
loco_decay,train,batch_005,perturbed_iso,14,False,True,1
loco_decay,train,batch_005,plateau,1,False,True,3
loco_decay,train,batch_005,plateau,2,False,True,3
loco_decay,train,batch_005,plateau,3,False,True,3
loco_decay,train,batch_005,plateau,4,False,True,3
loco_decay,train,batch_005,plateau,5,False,True,6
loco_decay,train,batch_005,plateau,6,False,True,4
loco_decay,train,batch_005,plateau,7,False,True,5
loco_decay,train,batch_005,plateau,8,False,True,9
loco_decay,train,batch_005,plateau,9,False,True,3
loco_decay,train,batch_005,plateau,10,False,True,3
loco_decay,train,batch_005,plateau,11,False,True,4
loco_decay,train,batch_005,plateau,12,False,True,1
loco_decay,train,batch_005,plateau,13,False,True,2
loco_decay,train,batch_005,plateau,14,False,True,2
loco_decay,train,batch_005,plateau,15,False,True,1
loco_decay,train,batch_005,smoldering,1,True,False,6
loco_decay,train,batch_005,smoldering,2,False,True,1
loco_decay,train,batch_005,smoldering,2,True,False,5
loco_decay,train,batch_005,smoldering,3,True,False,8
loco_decay,train,batch_005,smoldering,4,False,True,2
loco_decay,train,batch_005,smoldering,4,True,False,5
loco_decay,train,batch_005,smoldering,5,False,True,1
loco_decay,train,batch_005,smoldering,5,True,False,3
loco_decay,train,batch_005,smoldering,6,True,False,7
loco_decay,train,batch_005,smoldering,7,False,True,1
loco_decay,train,batch_005,smoldering,7,True,False,3
loco_decay,train,batch_005,smoldering,8,True,False,7
loco_decay,train,batch_005,smoldering,9,True,False,2
loco_decay,train,batch_005,smoldering,10,False,True,1
loco_decay,train,batch_005,smoldering,10,True,False,5
loco_decay,train,batch_005,smoldering,11,True,False,3
loco_decay,train,batch_005,smoldering,12,True,False,5
loco_decay,train,batch_005,smoldering,13,True,False,5
loco_decay,train,batch_005,smoldering,14,False,True,1
loco_decay,train,batch_005,smoldering,14,True,False,4
loco_decay,train,batch_005,smoldering,15,False,True,1
loco_decay,train,batch_005,smoldering,15,True,False,6
loco_decay,validation,batch_004,astm_e119,1,False,True,2
loco_decay,validation,batch_004,astm_e119,3,False,True,1
loco_decay,validation,batch_004,astm_e119,4,False,True,1
loco_decay,validation,batch_004,astm_e119,6,False,True,1
loco_decay,validation,batch_004,astm_e119,8,False,True,1
loco_decay,validation,batch_004,iso834,1,False,True,1
loco_decay,validation,batch_004,iso834,2,False,True,3
loco_decay,validation,batch_004,iso834,3,False,True,1
loco_decay,validation,batch_004,iso834,4,False,True,1
loco_decay,validation,batch_004,iso834,5,False,True,1
loco_decay,validation,batch_004,iso834,6,False,True,5
loco_decay,validation,batch_004,iso834,7,False,True,1
loco_decay,validation,batch_004,linear,1,False,True,1
loco_decay,validation,batch_004,linear,2,False,True,1
loco_decay,validation,batch_004,linear,3,False,True,1
loco_decay,validation,batch_004,linear,4,False,True,1
loco_decay,validation,batch_004,linear,5,False,True,1
loco_decay,validation,batch_004,linear,7,False,True,3
loco_decay,validation,batch_004,log_variant,5,False,True,1
loco_decay,validation,batch_004,log_variant,6,False,True,1
loco_decay,validation,batch_004,perturbed_iso,1,False,True,3
loco_decay,validation,batch_004,perturbed_iso,3,False,True,1
loco_decay,validation,batch_004,perturbed_iso,5,False,True,1
loco_decay,validation,batch_004,perturbed_iso,7,False,True,1
loco_decay,validation,batch_004,plateau,1,False,True,1
loco_decay,validation,batch_004,plateau,5,False,True,2
loco_decay,validation,batch_004,plateau,8,False,True,1
loco_decay,validation,batch_005,astm_e119,1,False,True,1
loco_decay,validation,batch_005,astm_e119,3,False,True,2
loco_decay,validation,batch_005,astm_e119,4,False,True,1
loco_decay,validation,batch_005,astm_e119,5,False,True,1
loco_decay,validation,batch_005,astm_e119,7,False,True,2
loco_decay,validation,batch_005,astm_e119,11,False,True,1
loco_decay,validation,batch_005,astm_e119,13,False,True,1
loco_decay,validation,batch_005,bilinear,3,False,True,1
loco_decay,validation,batch_005,bilinear,4,False,True,2
loco_decay,validation,batch_005,bilinear,6,False,True,1
loco_decay,validation,batch_005,bilinear,7,False,True,2
loco_decay,validation,batch_005,bilinear,8,False,True,1
loco_decay,validation,batch_005,bilinear,9,False,True,1
loco_decay,validation,batch_005,bilinear,10,False,True,2
loco_decay,validation,batch_005,bilinear,13,False,True,1
loco_decay,validation,batch_005,bilinear,14,False,True,1
loco_decay,validation,batch_005,external_fire,2,False,True,1
loco_decay,validation,batch_005,external_fire,4,False,True,1
loco_decay,validation,batch_005,external_fire,6,False,True,1
loco_decay,validation,batch_005,external_fire,8,False,True,1
loco_decay,validation,batch_005,external_fire,10,False,True,1
loco_decay,validation,batch_005,external_fire,12,False,True,1
loco_decay,validation,batch_005,external_fire,13,False,True,1
loco_decay,validation,batch_005,external_fire,15,False,True,1
loco_decay,validation,batch_005,iso834,1,False,True,1
loco_decay,validation,batch_005,iso834,2,False,True,1
loco_decay,validation,batch_005,iso834,3,False,True,1
loco_decay,validation,batch_005,iso834,4,False,True,1
loco_decay,validation,batch_005,iso834,5,False,True,1
loco_decay,validation,batch_005,iso834,7,False,True,1
loco_decay,validation,batch_005,iso834,8,False,True,1
loco_decay,validation,batch_005,iso834,9,False,True,1
loco_decay,validation,batch_005,iso834,10,False,True,1
loco_decay,validation,batch_005,iso834,11,False,True,1
loco_decay,validation,batch_005,iso834,13,False,True,1
loco_decay,validation,batch_005,linear,1,False,True,2
loco_decay,validation,batch_005,linear,5,False,True,2
loco_decay,validation,batch_005,linear,6,False,True,2
loco_decay,validation,batch_005,linear,8,False,True,2
loco_decay,validation,batch_005,linear,12,False,True,1
loco_decay,validation,batch_005,linear,13,False,True,1
loco_decay,validation,batch_005,linear,15,False,True,1
loco_decay,validation,batch_005,log_variant,3,False,True,1
loco_decay,validation,batch_005,log_variant,6,False,True,1
loco_decay,validation,batch_005,log_variant,8,False,True,1
loco_decay,validation,batch_005,log_variant,9,False,True,1
loco_decay,validation,batch_005,log_variant,10,False,True,1
loco_decay,validation,batch_005,log_variant,11,False,True,2
loco_decay,validation,batch_005,log_variant,12,False,True,2
loco_decay,validation,batch_005,perturbed_iso,1,False,True,2
loco_decay,validation,batch_005,perturbed_iso,2,False,True,1
loco_decay,validation,batch_005,perturbed_iso,3,False,True,2
loco_decay,validation,batch_005,perturbed_iso,4,False,True,1
loco_decay,validation,batch_005,perturbed_iso,5,False,True,1
loco_decay,validation,batch_005,perturbed_iso,6,False,True,1
loco_decay,validation,batch_005,perturbed_iso,7,False,True,2
loco_decay,validation,batch_005,perturbed_iso,9,False,True,1
loco_decay,validation,batch_005,plateau,1,False,True,4
loco_decay,validation,batch_005,plateau,3,False,True,1
loco_decay,validation,batch_005,plateau,4,False,True,1
loco_decay,validation,batch_005,plateau,5,False,True,1
loco_decay,validation,batch_005,plateau,7,False,True,1
loco_decay,validation,batch_005,plateau,8,False,True,2
loco_decay,validation,batch_005,plateau,9,False,True,2
loco_decay,validation,batch_005,smoldering,1,False,True,1
loco_decay,validation,batch_005,smoldering,1,True,False,1
loco_decay,validation,batch_005,smoldering,3,True,False,1
loco_decay,validation,batch_005,smoldering,4,True,False,1
loco_decay,validation,batch_005,smoldering,5,True,False,2
loco_decay,validation,batch_005,smoldering,6,True,False,2
loco_decay,validation,batch_005,smoldering,7,True,False,2
loco_decay,validation,batch_005,smoldering,8,True,False,1
loco_decay,validation,batch_005,smoldering,9,True,False,1
loco_decay,validation,batch_005,smoldering,11,False,True,1
loco_decay,validation,batch_005,smoldering,12,True,False,1
loco_decay,validation,batch_005,smoldering,14,False,True,1
loco_decay,test,batch_004,decay,1,False,True,6
loco_decay,test,batch_004,decay,2,False,True,6
loco_decay,test,batch_004,decay,3,False,True,4
loco_decay,test,batch_004,decay,4,False,True,7
loco_decay,test,batch_004,decay,5,False,True,4
loco_decay,test,batch_004,decay,6,False,True,7
loco_decay,test,batch_004,decay,7,False,True,6
loco_decay,test,batch_004,decay,8,False,True,6
loco_decay,test,batch_005,decay,1,False,True,5
loco_decay,test,batch_005,decay,2,False,True,3
loco_decay,test,batch_005,decay,3,False,True,3
loco_decay,test,batch_005,decay,4,False,True,4
loco_decay,test,batch_005,decay,5,False,True,7
loco_decay,test,batch_005,decay,6,False,True,3
loco_decay,test,batch_005,decay,7,False,True,3
loco_decay,test,batch_005,decay,8,False,True,2
loco_decay,test,batch_005,decay,9,False,True,10
loco_decay,test,batch_005,decay,10,False,True,6
loco_decay,test,batch_005,decay,11,False,True,6
loco_decay,test,batch_005,decay,12,False,True,5
loco_decay,test,batch_005,decay,13,False,True,6
loco_decay,test,batch_005,decay,14,False,True,2
loco_decay,test,batch_005,decay,15,False,True,2
loco_log_variant,train,batch_004,astm_e119,1,False,True,2
loco_log_variant,train,batch_004,astm_e119,2,False,True,1
loco_log_variant,train,batch_004,astm_e119,3,False,True,3
loco_log_variant,train,batch_004,astm_e119,4,False,True,3
loco_log_variant,train,batch_004,astm_e119,5,False,True,3
loco_log_variant,train,batch_004,astm_e119,6,False,True,2
loco_log_variant,train,batch_004,astm_e119,7,False,True,1
loco_log_variant,train,batch_004,astm_e119,8,False,True,4
loco_log_variant,train,batch_004,decay,1,False,True,5
loco_log_variant,train,batch_004,decay,2,False,True,3
loco_log_variant,train,batch_004,decay,3,False,True,4
loco_log_variant,train,batch_004,decay,4,False,True,7
loco_log_variant,train,batch_004,decay,5,False,True,4
loco_log_variant,train,batch_004,decay,6,False,True,6
loco_log_variant,train,batch_004,decay,7,False,True,6
loco_log_variant,train,batch_004,decay,8,False,True,5
loco_log_variant,train,batch_004,iso834,1,False,True,12
loco_log_variant,train,batch_004,iso834,2,False,True,8
loco_log_variant,train,batch_004,iso834,3,False,True,9
loco_log_variant,train,batch_004,iso834,4,False,True,11
loco_log_variant,train,batch_004,iso834,5,False,True,7
loco_log_variant,train,batch_004,iso834,6,False,True,10
loco_log_variant,train,batch_004,iso834,7,False,True,14
loco_log_variant,train,batch_004,iso834,8,False,True,13
loco_log_variant,train,batch_004,linear,1,False,True,9
loco_log_variant,train,batch_004,linear,2,False,True,8
loco_log_variant,train,batch_004,linear,3,False,True,5
loco_log_variant,train,batch_004,linear,4,False,True,5
loco_log_variant,train,batch_004,linear,5,False,True,7
loco_log_variant,train,batch_004,linear,6,False,True,9
loco_log_variant,train,batch_004,linear,7,False,True,8
loco_log_variant,train,batch_004,linear,8,False,True,3
loco_log_variant,train,batch_004,perturbed_iso,1,False,True,8
loco_log_variant,train,batch_004,perturbed_iso,2,False,True,6
loco_log_variant,train,batch_004,perturbed_iso,3,False,True,6
loco_log_variant,train,batch_004,perturbed_iso,4,False,True,6
loco_log_variant,train,batch_004,perturbed_iso,5,False,True,9
loco_log_variant,train,batch_004,perturbed_iso,6,False,True,2
loco_log_variant,train,batch_004,perturbed_iso,7,False,True,4
loco_log_variant,train,batch_004,perturbed_iso,8,False,True,4
loco_log_variant,train,batch_004,plateau,1,False,True,3
loco_log_variant,train,batch_004,plateau,2,False,True,4
loco_log_variant,train,batch_004,plateau,3,False,True,7
loco_log_variant,train,batch_004,plateau,4,False,True,1
loco_log_variant,train,batch_004,plateau,5,False,True,4
loco_log_variant,train,batch_004,plateau,6,False,True,3
loco_log_variant,train,batch_004,plateau,7,False,True,6
loco_log_variant,train,batch_004,plateau,8,False,True,6
loco_log_variant,train,batch_005,astm_e119,1,False,True,3
loco_log_variant,train,batch_005,astm_e119,2,False,True,4
loco_log_variant,train,batch_005,astm_e119,3,False,True,8
loco_log_variant,train,batch_005,astm_e119,4,False,True,3
loco_log_variant,train,batch_005,astm_e119,5,False,True,2
loco_log_variant,train,batch_005,astm_e119,6,False,True,7
loco_log_variant,train,batch_005,astm_e119,7,False,True,9
loco_log_variant,train,batch_005,astm_e119,8,False,True,3
loco_log_variant,train,batch_005,astm_e119,9,False,True,4
loco_log_variant,train,batch_005,astm_e119,10,False,True,3
loco_log_variant,train,batch_005,astm_e119,11,False,True,5
loco_log_variant,train,batch_005,astm_e119,12,False,True,7
loco_log_variant,train,batch_005,astm_e119,13,False,True,1
loco_log_variant,train,batch_005,astm_e119,14,False,True,2
loco_log_variant,train,batch_005,bilinear,1,False,True,6
loco_log_variant,train,batch_005,bilinear,2,False,True,6
loco_log_variant,train,batch_005,bilinear,3,False,True,5
loco_log_variant,train,batch_005,bilinear,4,False,True,7
loco_log_variant,train,batch_005,bilinear,5,False,True,3
loco_log_variant,train,batch_005,bilinear,6,False,True,3
loco_log_variant,train,batch_005,bilinear,7,False,True,3
loco_log_variant,train,batch_005,bilinear,8,False,True,3
loco_log_variant,train,batch_005,bilinear,9,False,True,5
loco_log_variant,train,batch_005,bilinear,10,False,True,5
loco_log_variant,train,batch_005,bilinear,11,False,True,3
loco_log_variant,train,batch_005,bilinear,12,False,True,6
loco_log_variant,train,batch_005,bilinear,13,False,True,4
loco_log_variant,train,batch_005,bilinear,14,False,True,4
loco_log_variant,train,batch_005,bilinear,15,False,True,2
loco_log_variant,train,batch_005,decay,1,False,True,4
loco_log_variant,train,batch_005,decay,2,False,True,2
loco_log_variant,train,batch_005,decay,3,False,True,2
loco_log_variant,train,batch_005,decay,4,False,True,3
loco_log_variant,train,batch_005,decay,5,False,True,6
loco_log_variant,train,batch_005,decay,6,False,True,3
loco_log_variant,train,batch_005,decay,7,False,True,3
loco_log_variant,train,batch_005,decay,8,False,True,2
loco_log_variant,train,batch_005,decay,9,False,True,7
loco_log_variant,train,batch_005,decay,10,False,True,4
loco_log_variant,train,batch_005,decay,11,False,True,5
loco_log_variant,train,batch_005,decay,12,False,True,5
loco_log_variant,train,batch_005,decay,13,False,True,6
loco_log_variant,train,batch_005,decay,14,False,True,2
loco_log_variant,train,batch_005,decay,15,False,True,2
loco_log_variant,train,batch_005,external_fire,1,False,True,2
loco_log_variant,train,batch_005,external_fire,2,False,True,4
loco_log_variant,train,batch_005,external_fire,3,False,True,1
loco_log_variant,train,batch_005,external_fire,4,False,True,3
loco_log_variant,train,batch_005,external_fire,5,False,True,4
loco_log_variant,train,batch_005,external_fire,6,False,True,2
loco_log_variant,train,batch_005,external_fire,7,False,True,2
loco_log_variant,train,batch_005,external_fire,8,False,True,2
loco_log_variant,train,batch_005,external_fire,9,False,True,5
loco_log_variant,train,batch_005,external_fire,10,False,True,3
loco_log_variant,train,batch_005,external_fire,11,False,True,1
loco_log_variant,train,batch_005,external_fire,12,False,True,2
loco_log_variant,train,batch_005,external_fire,13,False,True,5
loco_log_variant,train,batch_005,external_fire,14,False,True,2
loco_log_variant,train,batch_005,external_fire,15,False,True,3
loco_log_variant,train,batch_005,iso834,1,False,True,7
loco_log_variant,train,batch_005,iso834,2,False,True,6
loco_log_variant,train,batch_005,iso834,3,False,True,2
loco_log_variant,train,batch_005,iso834,4,False,True,6
loco_log_variant,train,batch_005,iso834,5,False,True,3
loco_log_variant,train,batch_005,iso834,6,False,True,4
loco_log_variant,train,batch_005,iso834,7,False,True,2
loco_log_variant,train,batch_005,iso834,8,False,True,5
loco_log_variant,train,batch_005,iso834,9,False,True,2
loco_log_variant,train,batch_005,iso834,10,False,True,6
loco_log_variant,train,batch_005,iso834,11,False,True,3
loco_log_variant,train,batch_005,iso834,12,False,True,1
loco_log_variant,train,batch_005,iso834,13,False,True,3
loco_log_variant,train,batch_005,linear,1,False,True,2
loco_log_variant,train,batch_005,linear,2,False,True,1
loco_log_variant,train,batch_005,linear,3,False,True,1
loco_log_variant,train,batch_005,linear,4,False,True,2
loco_log_variant,train,batch_005,linear,5,False,True,5
loco_log_variant,train,batch_005,linear,6,False,True,7
loco_log_variant,train,batch_005,linear,7,False,True,5
loco_log_variant,train,batch_005,linear,8,False,True,4
loco_log_variant,train,batch_005,linear,9,False,True,2
loco_log_variant,train,batch_005,linear,10,False,True,2
loco_log_variant,train,batch_005,linear,11,False,True,4
loco_log_variant,train,batch_005,linear,12,False,True,3
loco_log_variant,train,batch_005,linear,13,False,True,5
loco_log_variant,train,batch_005,linear,14,False,True,4
loco_log_variant,train,batch_005,linear,15,False,True,5
loco_log_variant,train,batch_005,perturbed_iso,1,False,True,8
loco_log_variant,train,batch_005,perturbed_iso,2,False,True,4
loco_log_variant,train,batch_005,perturbed_iso,3,False,True,6
loco_log_variant,train,batch_005,perturbed_iso,4,False,True,5
loco_log_variant,train,batch_005,perturbed_iso,5,False,True,7
loco_log_variant,train,batch_005,perturbed_iso,6,False,True,3
loco_log_variant,train,batch_005,perturbed_iso,7,False,True,3
loco_log_variant,train,batch_005,perturbed_iso,8,False,True,2
loco_log_variant,train,batch_005,perturbed_iso,9,False,True,2
loco_log_variant,train,batch_005,perturbed_iso,10,False,True,3
loco_log_variant,train,batch_005,perturbed_iso,11,False,True,3
loco_log_variant,train,batch_005,perturbed_iso,12,False,True,3
loco_log_variant,train,batch_005,plateau,1,False,True,7
loco_log_variant,train,batch_005,plateau,2,False,True,3
loco_log_variant,train,batch_005,plateau,3,False,True,3
loco_log_variant,train,batch_005,plateau,4,False,True,3
loco_log_variant,train,batch_005,plateau,5,False,True,5
loco_log_variant,train,batch_005,plateau,6,False,True,3
loco_log_variant,train,batch_005,plateau,7,False,True,6
loco_log_variant,train,batch_005,plateau,8,False,True,8
loco_log_variant,train,batch_005,plateau,9,False,True,4
loco_log_variant,train,batch_005,plateau,10,False,True,3
loco_log_variant,train,batch_005,plateau,11,False,True,4
loco_log_variant,train,batch_005,plateau,12,False,True,1
loco_log_variant,train,batch_005,plateau,13,False,True,1
loco_log_variant,train,batch_005,plateau,14,False,True,1
loco_log_variant,train,batch_005,plateau,15,False,True,1
loco_log_variant,train,batch_005,smoldering,1,False,True,1
loco_log_variant,train,batch_005,smoldering,1,True,False,6
loco_log_variant,train,batch_005,smoldering,2,True,False,4
loco_log_variant,train,batch_005,smoldering,3,True,False,8
loco_log_variant,train,batch_005,smoldering,4,False,True,1
loco_log_variant,train,batch_005,smoldering,4,True,False,5
loco_log_variant,train,batch_005,smoldering,5,False,True,1
loco_log_variant,train,batch_005,smoldering,5,True,False,5
loco_log_variant,train,batch_005,smoldering,6,True,False,7
loco_log_variant,train,batch_005,smoldering,7,False,True,1
loco_log_variant,train,batch_005,smoldering,7,True,False,4
loco_log_variant,train,batch_005,smoldering,8,True,False,8
loco_log_variant,train,batch_005,smoldering,9,True,False,3
loco_log_variant,train,batch_005,smoldering,10,False,True,1
loco_log_variant,train,batch_005,smoldering,10,True,False,4
loco_log_variant,train,batch_005,smoldering,11,False,True,1
loco_log_variant,train,batch_005,smoldering,11,True,False,3
loco_log_variant,train,batch_005,smoldering,12,True,False,6
loco_log_variant,train,batch_005,smoldering,13,True,False,4
loco_log_variant,train,batch_005,smoldering,14,False,True,1
loco_log_variant,train,batch_005,smoldering,14,True,False,3
loco_log_variant,train,batch_005,smoldering,15,True,False,5
loco_log_variant,validation,batch_004,astm_e119,1,False,True,2
loco_log_variant,validation,batch_004,astm_e119,3,False,True,1
loco_log_variant,validation,batch_004,astm_e119,4,False,True,1
loco_log_variant,validation,batch_004,astm_e119,6,False,True,1
loco_log_variant,validation,batch_004,astm_e119,8,False,True,1
loco_log_variant,validation,batch_004,decay,1,False,True,1
loco_log_variant,validation,batch_004,decay,2,False,True,3
loco_log_variant,validation,batch_004,decay,6,False,True,1
loco_log_variant,validation,batch_004,decay,8,False,True,1
loco_log_variant,validation,batch_004,iso834,2,False,True,2
loco_log_variant,validation,batch_004,iso834,3,False,True,5
loco_log_variant,validation,batch_004,iso834,4,False,True,2
loco_log_variant,validation,batch_004,iso834,5,False,True,2
loco_log_variant,validation,batch_004,iso834,6,False,True,1
loco_log_variant,validation,batch_004,iso834,8,False,True,1
loco_log_variant,validation,batch_004,linear,1,False,True,1
loco_log_variant,validation,batch_004,linear,2,False,True,1
loco_log_variant,validation,batch_004,linear,3,False,True,1
loco_log_variant,validation,batch_004,linear,4,False,True,2
loco_log_variant,validation,batch_004,perturbed_iso,1,False,True,1
loco_log_variant,validation,batch_004,perturbed_iso,5,False,True,2
loco_log_variant,validation,batch_004,perturbed_iso,6,False,True,1
loco_log_variant,validation,batch_004,perturbed_iso,8,False,True,1
loco_log_variant,validation,batch_004,plateau,3,False,True,1
loco_log_variant,validation,batch_004,plateau,4,False,True,2
loco_log_variant,validation,batch_004,plateau,7,False,True,1
loco_log_variant,validation,batch_004,plateau,8,False,True,1
loco_log_variant,validation,batch_005,astm_e119,1,False,True,1
loco_log_variant,validation,batch_005,astm_e119,3,False,True,2
loco_log_variant,validation,batch_005,astm_e119,4,False,True,1
loco_log_variant,validation,batch_005,astm_e119,5,False,True,1
loco_log_variant,validation,batch_005,astm_e119,7,False,True,2
loco_log_variant,validation,batch_005,astm_e119,11,False,True,1
loco_log_variant,validation,batch_005,astm_e119,13,False,True,1
loco_log_variant,validation,batch_005,bilinear,3,False,True,1
loco_log_variant,validation,batch_005,bilinear,4,False,True,2
loco_log_variant,validation,batch_005,bilinear,6,False,True,1
loco_log_variant,validation,batch_005,bilinear,7,False,True,2
loco_log_variant,validation,batch_005,bilinear,8,False,True,1
loco_log_variant,validation,batch_005,bilinear,9,False,True,1
loco_log_variant,validation,batch_005,bilinear,10,False,True,2
loco_log_variant,validation,batch_005,bilinear,13,False,True,1
loco_log_variant,validation,batch_005,bilinear,14,False,True,1
loco_log_variant,validation,batch_005,decay,1,False,True,1
loco_log_variant,validation,batch_005,decay,2,False,True,1
loco_log_variant,validation,batch_005,decay,3,False,True,1
loco_log_variant,validation,batch_005,decay,4,False,True,1
loco_log_variant,validation,batch_005,decay,5,False,True,1
loco_log_variant,validation,batch_005,decay,9,False,True,3
loco_log_variant,validation,batch_005,decay,10,False,True,2
loco_log_variant,validation,batch_005,decay,11,False,True,1
loco_log_variant,validation,batch_005,external_fire,3,False,True,1
loco_log_variant,validation,batch_005,external_fire,4,False,True,1
loco_log_variant,validation,batch_005,external_fire,5,False,True,1
loco_log_variant,validation,batch_005,external_fire,8,False,True,2
loco_log_variant,validation,batch_005,external_fire,9,False,True,1
loco_log_variant,validation,batch_005,external_fire,11,False,True,2
loco_log_variant,validation,batch_005,iso834,2,False,True,2
loco_log_variant,validation,batch_005,iso834,3,False,True,1
loco_log_variant,validation,batch_005,iso834,5,False,True,1
loco_log_variant,validation,batch_005,iso834,6,False,True,1
loco_log_variant,validation,batch_005,iso834,7,False,True,1
loco_log_variant,validation,batch_005,iso834,8,False,True,2
loco_log_variant,validation,batch_005,iso834,12,False,True,1
loco_log_variant,validation,batch_005,iso834,13,False,True,1
loco_log_variant,validation,batch_005,iso834,15,False,True,1
loco_log_variant,validation,batch_005,linear,2,False,True,1
loco_log_variant,validation,batch_005,linear,3,False,True,1
loco_log_variant,validation,batch_005,linear,4,False,True,1
loco_log_variant,validation,batch_005,linear,7,False,True,2
loco_log_variant,validation,batch_005,linear,10,False,True,2
loco_log_variant,validation,batch_005,linear,11,False,True,2
loco_log_variant,validation,batch_005,linear,12,False,True,2
loco_log_variant,validation,batch_005,linear,13,False,True,1
loco_log_variant,validation,batch_005,linear,14,False,True,1
loco_log_variant,validation,batch_005,linear,15,False,True,1
loco_log_variant,validation,batch_005,perturbed_iso,3,False,True,5
loco_log_variant,validation,batch_005,perturbed_iso,4,False,True,1
loco_log_variant,validation,batch_005,perturbed_iso,8,False,True,3
loco_log_variant,validation,batch_005,perturbed_iso,9,False,True,2
loco_log_variant,validation,batch_005,perturbed_iso,14,False,True,1
loco_log_variant,validation,batch_005,plateau,3,False,True,1
loco_log_variant,validation,batch_005,plateau,4,False,True,1
loco_log_variant,validation,batch_005,plateau,5,False,True,2
loco_log_variant,validation,batch_005,plateau,6,False,True,1
loco_log_variant,validation,batch_005,plateau,8,False,True,3
loco_log_variant,validation,batch_005,plateau,9,False,True,1
loco_log_variant,validation,batch_005,plateau,13,False,True,1
loco_log_variant,validation,batch_005,plateau,14,False,True,1
loco_log_variant,validation,batch_005,smoldering,1,True,False,1
loco_log_variant,validation,batch_005,smoldering,2,False,True,1
loco_log_variant,validation,batch_005,smoldering,2,True,False,1
loco_log_variant,validation,batch_005,smoldering,3,True,False,1
loco_log_variant,validation,batch_005,smoldering,4,False,True,1
loco_log_variant,validation,batch_005,smoldering,4,True,False,1
loco_log_variant,validation,batch_005,smoldering,6,True,False,2
loco_log_variant,validation,batch_005,smoldering,7,True,False,1
loco_log_variant,validation,batch_005,smoldering,10,True,False,1
loco_log_variant,validation,batch_005,smoldering,13,True,False,1
loco_log_variant,validation,batch_005,smoldering,14,False,True,1
loco_log_variant,validation,batch_005,smoldering,14,True,False,1
loco_log_variant,validation,batch_005,smoldering,15,False,True,1
loco_log_variant,validation,batch_005,smoldering,15,True,False,1
loco_log_variant,test,batch_004,log_variant,1,False,True,1
loco_log_variant,test,batch_004,log_variant,2,False,True,1
loco_log_variant,test,batch_004,log_variant,4,False,True,1
loco_log_variant,test,batch_004,log_variant,5,False,True,4
loco_log_variant,test,batch_004,log_variant,6,False,True,4
loco_log_variant,test,batch_004,log_variant,7,False,True,1
loco_log_variant,test,batch_004,log_variant,8,False,True,2
loco_log_variant,test,batch_005,log_variant,1,False,True,1
loco_log_variant,test,batch_005,log_variant,2,False,True,7
loco_log_variant,test,batch_005,log_variant,3,False,True,4
loco_log_variant,test,batch_005,log_variant,4,False,True,3
loco_log_variant,test,batch_005,log_variant,5,False,True,3
loco_log_variant,test,batch_005,log_variant,6,False,True,4
loco_log_variant,test,batch_005,log_variant,7,False,True,5
loco_log_variant,test,batch_005,log_variant,8,False,True,4
loco_log_variant,test,batch_005,log_variant,9,False,True,6
loco_log_variant,test,batch_005,log_variant,10,False,True,4
loco_log_variant,test,batch_005,log_variant,11,False,True,3
loco_log_variant,test,batch_005,log_variant,12,False,True,3
loco_log_variant,test,batch_005,log_variant,13,False,True,1
loco_log_variant,test,batch_005,log_variant,14,False,True,4
loco_log_variant,test,batch_005,log_variant,15,False,True,3
loco_external_fire,train,batch_004,astm_e119,1,False,True,2
loco_external_fire,train,batch_004,astm_e119,2,False,True,1
loco_external_fire,train,batch_004,astm_e119,3,False,True,3
loco_external_fire,train,batch_004,astm_e119,4,False,True,3
loco_external_fire,train,batch_004,astm_e119,5,False,True,3
loco_external_fire,train,batch_004,astm_e119,6,False,True,2
loco_external_fire,train,batch_004,astm_e119,7,False,True,1
loco_external_fire,train,batch_004,astm_e119,8,False,True,4
loco_external_fire,train,batch_004,decay,1,False,True,5
loco_external_fire,train,batch_004,decay,2,False,True,3
loco_external_fire,train,batch_004,decay,3,False,True,4
loco_external_fire,train,batch_004,decay,4,False,True,7
loco_external_fire,train,batch_004,decay,5,False,True,4
loco_external_fire,train,batch_004,decay,6,False,True,6
loco_external_fire,train,batch_004,decay,7,False,True,6
loco_external_fire,train,batch_004,decay,8,False,True,5
loco_external_fire,train,batch_004,iso834,1,False,True,12
loco_external_fire,train,batch_004,iso834,2,False,True,8
loco_external_fire,train,batch_004,iso834,3,False,True,13
loco_external_fire,train,batch_004,iso834,4,False,True,11
loco_external_fire,train,batch_004,iso834,5,False,True,8
loco_external_fire,train,batch_004,iso834,6,False,True,7
loco_external_fire,train,batch_004,iso834,7,False,True,11
loco_external_fire,train,batch_004,iso834,8,False,True,11
loco_external_fire,train,batch_004,linear,1,False,True,8
loco_external_fire,train,batch_004,linear,2,False,True,8
loco_external_fire,train,batch_004,linear,3,False,True,5
loco_external_fire,train,batch_004,linear,4,False,True,7
loco_external_fire,train,batch_004,linear,5,False,True,7
loco_external_fire,train,batch_004,linear,6,False,True,8
loco_external_fire,train,batch_004,linear,7,False,True,6
loco_external_fire,train,batch_004,linear,8,False,True,2
loco_external_fire,train,batch_004,log_variant,1,False,True,1
loco_external_fire,train,batch_004,log_variant,2,False,True,1
loco_external_fire,train,batch_004,log_variant,4,False,True,1
loco_external_fire,train,batch_004,log_variant,5,False,True,4
loco_external_fire,train,batch_004,log_variant,6,False,True,3
loco_external_fire,train,batch_004,log_variant,7,False,True,1
loco_external_fire,train,batch_004,perturbed_iso,1,False,True,8
loco_external_fire,train,batch_004,perturbed_iso,2,False,True,5
loco_external_fire,train,batch_004,perturbed_iso,3,False,True,6
loco_external_fire,train,batch_004,perturbed_iso,4,False,True,6
loco_external_fire,train,batch_004,perturbed_iso,5,False,True,9
loco_external_fire,train,batch_004,perturbed_iso,6,False,True,2
loco_external_fire,train,batch_004,perturbed_iso,7,False,True,4
loco_external_fire,train,batch_004,perturbed_iso,8,False,True,4
loco_external_fire,train,batch_004,plateau,1,False,True,3
loco_external_fire,train,batch_004,plateau,2,False,True,4
loco_external_fire,train,batch_004,plateau,3,False,True,8
loco_external_fire,train,batch_004,plateau,4,False,True,2
loco_external_fire,train,batch_004,plateau,5,False,True,4
loco_external_fire,train,batch_004,plateau,6,False,True,3
loco_external_fire,train,batch_004,plateau,7,False,True,5
loco_external_fire,train,batch_004,plateau,8,False,True,6
loco_external_fire,train,batch_005,astm_e119,1,False,True,3
loco_external_fire,train,batch_005,astm_e119,2,False,True,4
loco_external_fire,train,batch_005,astm_e119,3,False,True,8
loco_external_fire,train,batch_005,astm_e119,4,False,True,3
loco_external_fire,train,batch_005,astm_e119,5,False,True,2
loco_external_fire,train,batch_005,astm_e119,6,False,True,7
loco_external_fire,train,batch_005,astm_e119,7,False,True,9
loco_external_fire,train,batch_005,astm_e119,8,False,True,3
loco_external_fire,train,batch_005,astm_e119,9,False,True,4
loco_external_fire,train,batch_005,astm_e119,10,False,True,3
loco_external_fire,train,batch_005,astm_e119,11,False,True,5
loco_external_fire,train,batch_005,astm_e119,12,False,True,7
loco_external_fire,train,batch_005,astm_e119,13,False,True,1
loco_external_fire,train,batch_005,astm_e119,14,False,True,2
loco_external_fire,train,batch_005,bilinear,1,False,True,6
loco_external_fire,train,batch_005,bilinear,2,False,True,6
loco_external_fire,train,batch_005,bilinear,3,False,True,5
loco_external_fire,train,batch_005,bilinear,4,False,True,7
loco_external_fire,train,batch_005,bilinear,5,False,True,3
loco_external_fire,train,batch_005,bilinear,6,False,True,3
loco_external_fire,train,batch_005,bilinear,7,False,True,3
loco_external_fire,train,batch_005,bilinear,8,False,True,3
loco_external_fire,train,batch_005,bilinear,9,False,True,5
loco_external_fire,train,batch_005,bilinear,10,False,True,5
loco_external_fire,train,batch_005,bilinear,11,False,True,3
loco_external_fire,train,batch_005,bilinear,12,False,True,6
loco_external_fire,train,batch_005,bilinear,13,False,True,4
loco_external_fire,train,batch_005,bilinear,14,False,True,4
loco_external_fire,train,batch_005,bilinear,15,False,True,2
loco_external_fire,train,batch_005,decay,1,False,True,4
loco_external_fire,train,batch_005,decay,2,False,True,2
loco_external_fire,train,batch_005,decay,3,False,True,2
loco_external_fire,train,batch_005,decay,4,False,True,3
loco_external_fire,train,batch_005,decay,5,False,True,6
loco_external_fire,train,batch_005,decay,6,False,True,3
loco_external_fire,train,batch_005,decay,7,False,True,3
loco_external_fire,train,batch_005,decay,8,False,True,2
loco_external_fire,train,batch_005,decay,9,False,True,7
loco_external_fire,train,batch_005,decay,10,False,True,4
loco_external_fire,train,batch_005,decay,11,False,True,5
loco_external_fire,train,batch_005,decay,12,False,True,5
loco_external_fire,train,batch_005,decay,13,False,True,6
loco_external_fire,train,batch_005,decay,14,False,True,2
loco_external_fire,train,batch_005,decay,15,False,True,2
loco_external_fire,train,batch_005,iso834,1,False,True,6
loco_external_fire,train,batch_005,iso834,2,False,True,8
loco_external_fire,train,batch_005,iso834,3,False,True,3
loco_external_fire,train,batch_005,iso834,4,False,True,5
loco_external_fire,train,batch_005,iso834,5,False,True,3
loco_external_fire,train,batch_005,iso834,6,False,True,4
loco_external_fire,train,batch_005,iso834,7,False,True,3
loco_external_fire,train,batch_005,iso834,8,False,True,7
loco_external_fire,train,batch_005,iso834,9,False,True,2
loco_external_fire,train,batch_005,iso834,10,False,True,4
loco_external_fire,train,batch_005,iso834,11,False,True,2
loco_external_fire,train,batch_005,iso834,12,False,True,2
loco_external_fire,train,batch_005,iso834,13,False,True,4
loco_external_fire,train,batch_005,linear,1,False,True,2
loco_external_fire,train,batch_005,linear,2,False,True,2
loco_external_fire,train,batch_005,linear,3,False,True,2
loco_external_fire,train,batch_005,linear,4,False,True,3
loco_external_fire,train,batch_005,linear,5,False,True,2
loco_external_fire,train,batch_005,linear,6,False,True,6
loco_external_fire,train,batch_005,linear,7,False,True,7
loco_external_fire,train,batch_005,linear,8,False,True,4
loco_external_fire,train,batch_005,linear,9,False,True,1
loco_external_fire,train,batch_005,linear,10,False,True,3
loco_external_fire,train,batch_005,linear,11,False,True,5
loco_external_fire,train,batch_005,linear,12,False,True,3
loco_external_fire,train,batch_005,linear,13,False,True,6
loco_external_fire,train,batch_005,linear,14,False,True,3
loco_external_fire,train,batch_005,linear,15,False,True,6
loco_external_fire,train,batch_005,log_variant,1,False,True,1
loco_external_fire,train,batch_005,log_variant,2,False,True,6
loco_external_fire,train,batch_005,log_variant,3,False,True,4
loco_external_fire,train,batch_005,log_variant,4,False,True,2
loco_external_fire,train,batch_005,log_variant,5,False,True,3
loco_external_fire,train,batch_005,log_variant,6,False,True,3
loco_external_fire,train,batch_005,log_variant,7,False,True,5
loco_external_fire,train,batch_005,log_variant,8,False,True,4
loco_external_fire,train,batch_005,log_variant,9,False,True,5
loco_external_fire,train,batch_005,log_variant,10,False,True,4
loco_external_fire,train,batch_005,log_variant,11,False,True,2
loco_external_fire,train,batch_005,log_variant,12,False,True,2
loco_external_fire,train,batch_005,log_variant,13,False,True,1
loco_external_fire,train,batch_005,log_variant,14,False,True,2
loco_external_fire,train,batch_005,log_variant,15,False,True,3
loco_external_fire,train,batch_005,perturbed_iso,1,False,True,7
loco_external_fire,train,batch_005,perturbed_iso,2,False,True,4
loco_external_fire,train,batch_005,perturbed_iso,3,False,True,10
loco_external_fire,train,batch_005,perturbed_iso,4,False,True,4
loco_external_fire,train,batch_005,perturbed_iso,5,False,True,5
loco_external_fire,train,batch_005,perturbed_iso,6,False,True,2
loco_external_fire,train,batch_005,perturbed_iso,7,False,True,3
loco_external_fire,train,batch_005,perturbed_iso,8,False,True,3
loco_external_fire,train,batch_005,perturbed_iso,9,False,True,2
loco_external_fire,train,batch_005,perturbed_iso,10,False,True,3
loco_external_fire,train,batch_005,perturbed_iso,11,False,True,3
loco_external_fire,train,batch_005,perturbed_iso,12,False,True,3
loco_external_fire,train,batch_005,perturbed_iso,14,False,True,1
loco_external_fire,train,batch_005,plateau,1,False,True,7
loco_external_fire,train,batch_005,plateau,2,False,True,2
loco_external_fire,train,batch_005,plateau,3,False,True,3
loco_external_fire,train,batch_005,plateau,4,False,True,3
loco_external_fire,train,batch_005,plateau,5,False,True,5
loco_external_fire,train,batch_005,plateau,6,False,True,4
loco_external_fire,train,batch_005,plateau,7,False,True,5
loco_external_fire,train,batch_005,plateau,8,False,True,8
loco_external_fire,train,batch_005,plateau,9,False,True,4
loco_external_fire,train,batch_005,plateau,10,False,True,3
loco_external_fire,train,batch_005,plateau,11,False,True,4
loco_external_fire,train,batch_005,plateau,12,False,True,1
loco_external_fire,train,batch_005,plateau,13,False,True,1
loco_external_fire,train,batch_005,plateau,14,False,True,1
loco_external_fire,train,batch_005,plateau,15,False,True,1
loco_external_fire,train,batch_005,smoldering,1,False,True,1
loco_external_fire,train,batch_005,smoldering,1,True,False,6
loco_external_fire,train,batch_005,smoldering,2,False,True,1
loco_external_fire,train,batch_005,smoldering,2,True,False,4
loco_external_fire,train,batch_005,smoldering,3,True,False,8
loco_external_fire,train,batch_005,smoldering,4,False,True,1
loco_external_fire,train,batch_005,smoldering,4,True,False,5
loco_external_fire,train,batch_005,smoldering,5,False,True,1
loco_external_fire,train,batch_005,smoldering,5,True,False,5
loco_external_fire,train,batch_005,smoldering,6,True,False,6
loco_external_fire,train,batch_005,smoldering,7,False,True,1
loco_external_fire,train,batch_005,smoldering,7,True,False,4
loco_external_fire,train,batch_005,smoldering,8,True,False,8
loco_external_fire,train,batch_005,smoldering,9,True,False,3
loco_external_fire,train,batch_005,smoldering,10,False,True,1
loco_external_fire,train,batch_005,smoldering,10,True,False,4
loco_external_fire,train,batch_005,smoldering,11,False,True,1
loco_external_fire,train,batch_005,smoldering,11,True,False,3
loco_external_fire,train,batch_005,smoldering,12,True,False,5
loco_external_fire,train,batch_005,smoldering,13,True,False,4
loco_external_fire,train,batch_005,smoldering,14,False,True,2
loco_external_fire,train,batch_005,smoldering,14,True,False,3
loco_external_fire,train,batch_005,smoldering,15,True,False,5
loco_external_fire,validation,batch_004,astm_e119,1,False,True,2
loco_external_fire,validation,batch_004,astm_e119,3,False,True,1
loco_external_fire,validation,batch_004,astm_e119,4,False,True,1
loco_external_fire,validation,batch_004,astm_e119,6,False,True,1
loco_external_fire,validation,batch_004,astm_e119,8,False,True,1
loco_external_fire,validation,batch_004,decay,1,False,True,1
loco_external_fire,validation,batch_004,decay,2,False,True,3
loco_external_fire,validation,batch_004,decay,6,False,True,1
loco_external_fire,validation,batch_004,decay,8,False,True,1
loco_external_fire,validation,batch_004,iso834,2,False,True,2
loco_external_fire,validation,batch_004,iso834,3,False,True,1
loco_external_fire,validation,batch_004,iso834,4,False,True,2
loco_external_fire,validation,batch_004,iso834,5,False,True,1
loco_external_fire,validation,batch_004,iso834,6,False,True,4
loco_external_fire,validation,batch_004,iso834,7,False,True,3
loco_external_fire,validation,batch_004,iso834,8,False,True,3
loco_external_fire,validation,batch_004,linear,1,False,True,2
loco_external_fire,validation,batch_004,linear,2,False,True,1
loco_external_fire,validation,batch_004,linear,3,False,True,1
loco_external_fire,validation,batch_004,linear,6,False,True,1
loco_external_fire,validation,batch_004,linear,7,False,True,2
loco_external_fire,validation,batch_004,linear,8,False,True,1
loco_external_fire,validation,batch_004,log_variant,6,False,True,1
loco_external_fire,validation,batch_004,log_variant,8,False,True,2
loco_external_fire,validation,batch_004,perturbed_iso,1,False,True,1
loco_external_fire,validation,batch_004,perturbed_iso,2,False,True,1
loco_external_fire,validation,batch_004,perturbed_iso,5,False,True,2
loco_external_fire,validation,batch_004,perturbed_iso,6,False,True,1
loco_external_fire,validation,batch_004,perturbed_iso,8,False,True,1
loco_external_fire,validation,batch_004,plateau,4,False,True,1
loco_external_fire,validation,batch_004,plateau,7,False,True,2
loco_external_fire,validation,batch_004,plateau,8,False,True,1
loco_external_fire,validation,batch_005,astm_e119,1,False,True,1
loco_external_fire,validation,batch_005,astm_e119,3,False,True,2
loco_external_fire,validation,batch_005,astm_e119,4,False,True,1
loco_external_fire,validation,batch_005,astm_e119,5,False,True,1
loco_external_fire,validation,batch_005,astm_e119,7,False,True,2
loco_external_fire,validation,batch_005,astm_e119,11,False,True,1
loco_external_fire,validation,batch_005,astm_e119,13,False,True,1
loco_external_fire,validation,batch_005,bilinear,3,False,True,1
loco_external_fire,validation,batch_005,bilinear,4,False,True,2
loco_external_fire,validation,batch_005,bilinear,6,False,True,1
loco_external_fire,validation,batch_005,bilinear,7,False,True,2
loco_external_fire,validation,batch_005,bilinear,8,False,True,1
loco_external_fire,validation,batch_005,bilinear,9,False,True,1
loco_external_fire,validation,batch_005,bilinear,10,False,True,2
loco_external_fire,validation,batch_005,bilinear,13,False,True,1
loco_external_fire,validation,batch_005,bilinear,14,False,True,1
loco_external_fire,validation,batch_005,decay,1,False,True,1
loco_external_fire,validation,batch_005,decay,2,False,True,1
loco_external_fire,validation,batch_005,decay,3,False,True,1
loco_external_fire,validation,batch_005,decay,4,False,True,1
loco_external_fire,validation,batch_005,decay,5,False,True,1
loco_external_fire,validation,batch_005,decay,9,False,True,3
loco_external_fire,validation,batch_005,decay,10,False,True,2
loco_external_fire,validation,batch_005,decay,11,False,True,1
loco_external_fire,validation,batch_005,iso834,1,False,True,1
loco_external_fire,validation,batch_005,iso834,4,False,True,1
loco_external_fire,validation,batch_005,iso834,5,False,True,1
loco_external_fire,validation,batch_005,iso834,6,False,True,1
loco_external_fire,validation,batch_005,iso834,10,False,True,2
loco_external_fire,validation,batch_005,iso834,11,False,True,1
loco_external_fire,validation,batch_005,iso834,15,False,True,1
loco_external_fire,validation,batch_005,linear,5,False,True,3
loco_external_fire,validation,batch_005,linear,6,False,True,1
loco_external_fire,validation,batch_005,linear,9,False,True,1
loco_external_fire,validation,batch_005,linear,10,False,True,1
loco_external_fire,validation,batch_005,linear,11,False,True,1
loco_external_fire,validation,batch_005,linear,12,False,True,2
loco_external_fire,validation,batch_005,linear,14,False,True,2
loco_external_fire,validation,batch_005,log_variant,2,False,True,1
loco_external_fire,validation,batch_005,log_variant,4,False,True,1
loco_external_fire,validation,batch_005,log_variant,6,False,True,1
loco_external_fire,validation,batch_005,log_variant,9,False,True,1
loco_external_fire,validation,batch_005,log_variant,11,False,True,1
loco_external_fire,validation,batch_005,log_variant,12,False,True,1
loco_external_fire,validation,batch_005,log_variant,14,False,True,2
loco_external_fire,validation,batch_005,perturbed_iso,1,False,True,1
loco_external_fire,validation,batch_005,perturbed_iso,3,False,True,1
loco_external_fire,validation,batch_005,perturbed_iso,4,False,True,2
loco_external_fire,validation,batch_005,perturbed_iso,5,False,True,2
loco_external_fire,validation,batch_005,perturbed_iso,6,False,True,1
loco_external_fire,validation,batch_005,perturbed_iso,8,False,True,2
loco_external_fire,validation,batch_005,perturbed_iso,9,False,True,2
loco_external_fire,validation,batch_005,plateau,2,False,True,1
loco_external_fire,validation,batch_005,plateau,3,False,True,1
loco_external_fire,validation,batch_005,plateau,4,False,True,1
loco_external_fire,validation,batch_005,plateau,5,False,True,2
loco_external_fire,validation,batch_005,plateau,7,False,True,1
loco_external_fire,validation,batch_005,plateau,8,False,True,3
loco_external_fire,validation,batch_005,plateau,9,False,True,1
loco_external_fire,validation,batch_005,plateau,13,False,True,1
loco_external_fire,validation,batch_005,plateau,14,False,True,1
loco_external_fire,validation,batch_005,smoldering,1,True,False,1
loco_external_fire,validation,batch_005,smoldering,2,True,False,1
loco_external_fire,validation,batch_005,smoldering,3,True,False,1
loco_external_fire,validation,batch_005,smoldering,4,False,True,1
loco_external_fire,validation,batch_005,smoldering,4,True,False,1
loco_external_fire,validation,batch_005,smoldering,6,True,False,3
loco_external_fire,validation,batch_005,smoldering,7,True,False,1
loco_external_fire,validation,batch_005,smoldering,10,True,False,1
loco_external_fire,validation,batch_005,smoldering,12,True,False,1
loco_external_fire,validation,batch_005,smoldering,13,True,False,1
loco_external_fire,validation,batch_005,smoldering,14,True,False,1
loco_external_fire,validation,batch_005,smoldering,15,False,True,1
loco_external_fire,validation,batch_005,smoldering,15,True,False,1
loco_external_fire,test,batch_005,external_fire,1,False,True,2
loco_external_fire,test,batch_005,external_fire,2,False,True,4
loco_external_fire,test,batch_005,external_fire,3,False,True,2
loco_external_fire,test,batch_005,external_fire,4,False,True,4
loco_external_fire,test,batch_005,external_fire,5,False,True,5
loco_external_fire,test,batch_005,external_fire,6,False,True,2
loco_external_fire,test,batch_005,external_fire,7,False,True,2
loco_external_fire,test,batch_005,external_fire,8,False,True,4
loco_external_fire,test,batch_005,external_fire,9,False,True,6
loco_external_fire,test,batch_005,external_fire,10,False,True,3
loco_external_fire,test,batch_005,external_fire,11,False,True,3
loco_external_fire,test,batch_005,external_fire,12,False,True,2
loco_external_fire,test,batch_005,external_fire,13,False,True,5
loco_external_fire,test,batch_005,external_fire,14,False,True,2
loco_external_fire,test,batch_005,external_fire,15,False,True,3
loco_bilinear,train,batch_004,astm_e119,1,False,True,2
loco_bilinear,train,batch_004,astm_e119,2,False,True,1
loco_bilinear,train,batch_004,astm_e119,3,False,True,3
loco_bilinear,train,batch_004,astm_e119,4,False,True,3
loco_bilinear,train,batch_004,astm_e119,5,False,True,3
loco_bilinear,train,batch_004,astm_e119,6,False,True,2
loco_bilinear,train,batch_004,astm_e119,7,False,True,1
loco_bilinear,train,batch_004,astm_e119,8,False,True,4
loco_bilinear,train,batch_004,decay,1,False,True,6
loco_bilinear,train,batch_004,decay,2,False,True,5
loco_bilinear,train,batch_004,decay,3,False,True,4
loco_bilinear,train,batch_004,decay,4,False,True,7
loco_bilinear,train,batch_004,decay,5,False,True,3
loco_bilinear,train,batch_004,decay,6,False,True,6
loco_bilinear,train,batch_004,decay,7,False,True,5
loco_bilinear,train,batch_004,decay,8,False,True,6
loco_bilinear,train,batch_004,iso834,1,False,True,12
loco_bilinear,train,batch_004,iso834,2,False,True,7
loco_bilinear,train,batch_004,iso834,3,False,True,13
loco_bilinear,train,batch_004,iso834,4,False,True,11
loco_bilinear,train,batch_004,iso834,5,False,True,7
loco_bilinear,train,batch_004,iso834,6,False,True,8
loco_bilinear,train,batch_004,iso834,7,False,True,10
loco_bilinear,train,batch_004,iso834,8,False,True,13
loco_bilinear,train,batch_004,linear,1,False,True,10
loco_bilinear,train,batch_004,linear,2,False,True,6
loco_bilinear,train,batch_004,linear,3,False,True,5
loco_bilinear,train,batch_004,linear,4,False,True,7
loco_bilinear,train,batch_004,linear,5,False,True,7
loco_bilinear,train,batch_004,linear,6,False,True,8
loco_bilinear,train,batch_004,linear,7,False,True,7
loco_bilinear,train,batch_004,linear,8,False,True,3
loco_bilinear,train,batch_004,log_variant,1,False,True,1
loco_bilinear,train,batch_004,log_variant,2,False,True,1
loco_bilinear,train,batch_004,log_variant,4,False,True,1
loco_bilinear,train,batch_004,log_variant,5,False,True,3
loco_bilinear,train,batch_004,log_variant,6,False,True,2
loco_bilinear,train,batch_004,log_variant,7,False,True,1
loco_bilinear,train,batch_004,log_variant,8,False,True,1
loco_bilinear,train,batch_004,perturbed_iso,1,False,True,5
loco_bilinear,train,batch_004,perturbed_iso,2,False,True,6
loco_bilinear,train,batch_004,perturbed_iso,3,False,True,4
loco_bilinear,train,batch_004,perturbed_iso,4,False,True,6
loco_bilinear,train,batch_004,perturbed_iso,5,False,True,10
loco_bilinear,train,batch_004,perturbed_iso,6,False,True,3
loco_bilinear,train,batch_004,perturbed_iso,7,False,True,3
loco_bilinear,train,batch_004,perturbed_iso,8,False,True,5
loco_bilinear,train,batch_004,plateau,1,False,True,2
loco_bilinear,train,batch_004,plateau,2,False,True,4
loco_bilinear,train,batch_004,plateau,3,False,True,6
loco_bilinear,train,batch_004,plateau,4,False,True,3
loco_bilinear,train,batch_004,plateau,5,False,True,3
loco_bilinear,train,batch_004,plateau,6,False,True,3
loco_bilinear,train,batch_004,plateau,7,False,True,6
loco_bilinear,train,batch_004,plateau,8,False,True,6
loco_bilinear,train,batch_005,astm_e119,1,False,True,3
loco_bilinear,train,batch_005,astm_e119,2,False,True,4
loco_bilinear,train,batch_005,astm_e119,3,False,True,8
loco_bilinear,train,batch_005,astm_e119,4,False,True,3
loco_bilinear,train,batch_005,astm_e119,5,False,True,2
loco_bilinear,train,batch_005,astm_e119,6,False,True,7
loco_bilinear,train,batch_005,astm_e119,7,False,True,9
loco_bilinear,train,batch_005,astm_e119,8,False,True,3
loco_bilinear,train,batch_005,astm_e119,9,False,True,4
loco_bilinear,train,batch_005,astm_e119,10,False,True,3
loco_bilinear,train,batch_005,astm_e119,11,False,True,5
loco_bilinear,train,batch_005,astm_e119,12,False,True,7
loco_bilinear,train,batch_005,astm_e119,13,False,True,1
loco_bilinear,train,batch_005,astm_e119,14,False,True,2
loco_bilinear,train,batch_005,decay,1,False,True,4
loco_bilinear,train,batch_005,decay,2,False,True,2
loco_bilinear,train,batch_005,decay,3,False,True,3
loco_bilinear,train,batch_005,decay,4,False,True,2
loco_bilinear,train,batch_005,decay,5,False,True,7
loco_bilinear,train,batch_005,decay,6,False,True,3
loco_bilinear,train,batch_005,decay,7,False,True,2
loco_bilinear,train,batch_005,decay,8,False,True,2
loco_bilinear,train,batch_005,decay,9,False,True,6
loco_bilinear,train,batch_005,decay,10,False,True,5
loco_bilinear,train,batch_005,decay,11,False,True,6
loco_bilinear,train,batch_005,decay,12,False,True,3
loco_bilinear,train,batch_005,decay,13,False,True,5
loco_bilinear,train,batch_005,decay,14,False,True,2
loco_bilinear,train,batch_005,decay,15,False,True,2
loco_bilinear,train,batch_005,external_fire,1,False,True,2
loco_bilinear,train,batch_005,external_fire,2,False,True,4
loco_bilinear,train,batch_005,external_fire,3,False,True,2
loco_bilinear,train,batch_005,external_fire,4,False,True,3
loco_bilinear,train,batch_005,external_fire,5,False,True,3
loco_bilinear,train,batch_005,external_fire,6,False,True,1
loco_bilinear,train,batch_005,external_fire,7,False,True,1
loco_bilinear,train,batch_005,external_fire,8,False,True,3
loco_bilinear,train,batch_005,external_fire,9,False,True,6
loco_bilinear,train,batch_005,external_fire,10,False,True,3
loco_bilinear,train,batch_005,external_fire,11,False,True,3
loco_bilinear,train,batch_005,external_fire,12,False,True,2
loco_bilinear,train,batch_005,external_fire,13,False,True,3
loco_bilinear,train,batch_005,external_fire,14,False,True,2
loco_bilinear,train,batch_005,external_fire,15,False,True,3
loco_bilinear,train,batch_005,iso834,1,False,True,5
loco_bilinear,train,batch_005,iso834,2,False,True,6
loco_bilinear,train,batch_005,iso834,3,False,True,3
loco_bilinear,train,batch_005,iso834,4,False,True,6
loco_bilinear,train,batch_005,iso834,5,False,True,4
loco_bilinear,train,batch_005,iso834,6,False,True,5
loco_bilinear,train,batch_005,iso834,7,False,True,2
loco_bilinear,train,batch_005,iso834,8,False,True,7
loco_bilinear,train,batch_005,iso834,9,False,True,2
loco_bilinear,train,batch_005,iso834,10,False,True,6
loco_bilinear,train,batch_005,iso834,11,False,True,2
loco_bilinear,train,batch_005,iso834,12,False,True,2
loco_bilinear,train,batch_005,iso834,13,False,True,2
loco_bilinear,train,batch_005,iso834,15,False,True,1
loco_bilinear,train,batch_005,linear,1,False,True,2
loco_bilinear,train,batch_005,linear,2,False,True,2
loco_bilinear,train,batch_005,linear,3,False,True,2
loco_bilinear,train,batch_005,linear,4,False,True,2
loco_bilinear,train,batch_005,linear,5,False,True,4
loco_bilinear,train,batch_005,linear,6,False,True,4
loco_bilinear,train,batch_005,linear,7,False,True,6
loco_bilinear,train,batch_005,linear,8,False,True,4
loco_bilinear,train,batch_005,linear,9,False,True,1
loco_bilinear,train,batch_005,linear,10,False,True,4
loco_bilinear,train,batch_005,linear,11,False,True,5
loco_bilinear,train,batch_005,linear,12,False,True,4
loco_bilinear,train,batch_005,linear,13,False,True,4
loco_bilinear,train,batch_005,linear,14,False,True,3
loco_bilinear,train,batch_005,linear,15,False,True,6
loco_bilinear,train,batch_005,log_variant,1,False,True,1
loco_bilinear,train,batch_005,log_variant,2,False,True,7
loco_bilinear,train,batch_005,log_variant,3,False,True,4
loco_bilinear,train,batch_005,log_variant,4,False,True,3
loco_bilinear,train,batch_005,log_variant,5,False,True,2
loco_bilinear,train,batch_005,log_variant,6,False,True,4
loco_bilinear,train,batch_005,log_variant,7,False,True,4
loco_bilinear,train,batch_005,log_variant,8,False,True,4
loco_bilinear,train,batch_005,log_variant,9,False,True,5
loco_bilinear,train,batch_005,log_variant,10,False,True,3
loco_bilinear,train,batch_005,log_variant,11,False,True,2
loco_bilinear,train,batch_005,log_variant,12,False,True,3
loco_bilinear,train,batch_005,log_variant,13,False,True,1
loco_bilinear,train,batch_005,log_variant,14,False,True,4
loco_bilinear,train,batch_005,log_variant,15,False,True,1
loco_bilinear,train,batch_005,perturbed_iso,1,False,True,8
loco_bilinear,train,batch_005,perturbed_iso,2,False,True,4
loco_bilinear,train,batch_005,perturbed_iso,3,False,True,8
loco_bilinear,train,batch_005,perturbed_iso,4,False,True,6
loco_bilinear,train,batch_005,perturbed_iso,5,False,True,7
loco_bilinear,train,batch_005,perturbed_iso,6,False,True,3
loco_bilinear,train,batch_005,perturbed_iso,7,False,True,2
loco_bilinear,train,batch_005,perturbed_iso,8,False,True,4
loco_bilinear,train,batch_005,perturbed_iso,9,False,True,4
loco_bilinear,train,batch_005,perturbed_iso,10,False,True,3
loco_bilinear,train,batch_005,perturbed_iso,11,False,True,2
loco_bilinear,train,batch_005,perturbed_iso,12,False,True,1
loco_bilinear,train,batch_005,plateau,1,False,True,7
loco_bilinear,train,batch_005,plateau,2,False,True,3
loco_bilinear,train,batch_005,plateau,3,False,True,4
loco_bilinear,train,batch_005,plateau,4,False,True,4
loco_bilinear,train,batch_005,plateau,5,False,True,4
loco_bilinear,train,batch_005,plateau,6,False,True,2
loco_bilinear,train,batch_005,plateau,7,False,True,5
loco_bilinear,train,batch_005,plateau,8,False,True,9
loco_bilinear,train,batch_005,plateau,9,False,True,4
loco_bilinear,train,batch_005,plateau,10,False,True,3
loco_bilinear,train,batch_005,plateau,11,False,True,3
loco_bilinear,train,batch_005,plateau,12,False,True,1
loco_bilinear,train,batch_005,plateau,13,False,True,2
loco_bilinear,train,batch_005,plateau,14,False,True,2
loco_bilinear,train,batch_005,plateau,15,False,True,1
loco_bilinear,train,batch_005,smoldering,1,False,True,1
loco_bilinear,train,batch_005,smoldering,1,True,False,5
loco_bilinear,train,batch_005,smoldering,2,True,False,3
loco_bilinear,train,batch_005,smoldering,3,True,False,9
loco_bilinear,train,batch_005,smoldering,4,False,True,1
loco_bilinear,train,batch_005,smoldering,4,True,False,3
loco_bilinear,train,batch_005,smoldering,5,True,False,5
loco_bilinear,train,batch_005,smoldering,6,True,False,8
loco_bilinear,train,batch_005,smoldering,7,False,True,1
loco_bilinear,train,batch_005,smoldering,7,True,False,5
loco_bilinear,train,batch_005,smoldering,8,True,False,8
loco_bilinear,train,batch_005,smoldering,9,True,False,2
loco_bilinear,train,batch_005,smoldering,10,False,True,1
loco_bilinear,train,batch_005,smoldering,10,True,False,4
loco_bilinear,train,batch_005,smoldering,11,False,True,1
loco_bilinear,train,batch_005,smoldering,11,True,False,3
loco_bilinear,train,batch_005,smoldering,12,True,False,6
loco_bilinear,train,batch_005,smoldering,13,True,False,4
loco_bilinear,train,batch_005,smoldering,14,False,True,2
loco_bilinear,train,batch_005,smoldering,14,True,False,4
loco_bilinear,train,batch_005,smoldering,15,False,True,1
loco_bilinear,train,batch_005,smoldering,15,True,False,5
loco_bilinear,validation,batch_004,astm_e119,1,False,True,2
loco_bilinear,validation,batch_004,astm_e119,3,False,True,1
loco_bilinear,validation,batch_004,astm_e119,4,False,True,1
loco_bilinear,validation,batch_004,astm_e119,6,False,True,1
loco_bilinear,validation,batch_004,astm_e119,8,False,True,1
loco_bilinear,validation,batch_004,decay,2,False,True,1
loco_bilinear,validation,batch_004,decay,5,False,True,1
loco_bilinear,validation,batch_004,decay,6,False,True,1
loco_bilinear,validation,batch_004,decay,7,False,True,1
loco_bilinear,validation,batch_004,iso834,2,False,True,3
loco_bilinear,validation,batch_004,iso834,3,False,True,1
loco_bilinear,validation,batch_004,iso834,4,False,True,2
loco_bilinear,validation,batch_004,iso834,5,False,True,2
loco_bilinear,validation,batch_004,iso834,6,False,True,3
loco_bilinear,validation,batch_004,iso834,7,False,True,4
loco_bilinear,validation,batch_004,iso834,8,False,True,1
loco_bilinear,validation,batch_004,linear,2,False,True,3
loco_bilinear,validation,batch_004,linear,3,False,True,1
loco_bilinear,validation,batch_004,linear,6,False,True,1
loco_bilinear,validation,batch_004,linear,7,False,True,1
loco_bilinear,validation,batch_004,log_variant,5,False,True,1
loco_bilinear,validation,batch_004,log_variant,6,False,True,2
loco_bilinear,validation,batch_004,log_variant,8,False,True,1
loco_bilinear,validation,batch_004,perturbed_iso,1,False,True,4
loco_bilinear,validation,batch_004,perturbed_iso,3,False,True,2
loco_bilinear,validation,batch_004,perturbed_iso,5,False,True,1
loco_bilinear,validation,batch_004,perturbed_iso,7,False,True,1
loco_bilinear,validation,batch_004,plateau,1,False,True,1
loco_bilinear,validation,batch_004,plateau,3,False,True,2
loco_bilinear,validation,batch_004,plateau,5,False,True,1
loco_bilinear,validation,batch_004,plateau,7,False,True,1
loco_bilinear,validation,batch_004,plateau,8,False,True,1
loco_bilinear,validation,batch_005,astm_e119,1,False,True,1
loco_bilinear,validation,batch_005,astm_e119,3,False,True,2
loco_bilinear,validation,batch_005,astm_e119,4,False,True,1
loco_bilinear,validation,batch_005,astm_e119,5,False,True,1
loco_bilinear,validation,batch_005,astm_e119,7,False,True,2
loco_bilinear,validation,batch_005,astm_e119,11,False,True,1
loco_bilinear,validation,batch_005,astm_e119,13,False,True,1
loco_bilinear,validation,batch_005,decay,1,False,True,1
loco_bilinear,validation,batch_005,decay,2,False,True,1
loco_bilinear,validation,batch_005,decay,4,False,True,2
loco_bilinear,validation,batch_005,decay,7,False,True,1
loco_bilinear,validation,batch_005,decay,9,False,True,4
loco_bilinear,validation,batch_005,decay,10,False,True,1
loco_bilinear,validation,batch_005,decay,12,False,True,2
loco_bilinear,validation,batch_005,decay,13,False,True,1
loco_bilinear,validation,batch_005,external_fire,4,False,True,1
loco_bilinear,validation,batch_005,external_fire,5,False,True,2
loco_bilinear,validation,batch_005,external_fire,6,False,True,1
loco_bilinear,validation,batch_005,external_fire,7,False,True,1
loco_bilinear,validation,batch_005,external_fire,8,False,True,1
loco_bilinear,validation,batch_005,external_fire,13,False,True,2
loco_bilinear,validation,batch_005,iso834,1,False,True,2
loco_bilinear,validation,batch_005,iso834,2,False,True,2
loco_bilinear,validation,batch_005,iso834,7,False,True,1
loco_bilinear,validation,batch_005,iso834,11,False,True,1
loco_bilinear,validation,batch_005,iso834,13,False,True,2
loco_bilinear,validation,batch_005,linear,4,False,True,1
loco_bilinear,validation,batch_005,linear,5,False,True,1
loco_bilinear,validation,batch_005,linear,6,False,True,3
loco_bilinear,validation,batch_005,linear,7,False,True,1
loco_bilinear,validation,batch_005,linear,9,False,True,1
loco_bilinear,validation,batch_005,linear,11,False,True,1
loco_bilinear,validation,batch_005,linear,12,False,True,1
loco_bilinear,validation,batch_005,linear,13,False,True,2
loco_bilinear,validation,batch_005,linear,14,False,True,2
loco_bilinear,validation,batch_005,log_variant,5,False,True,1
loco_bilinear,validation,batch_005,log_variant,7,False,True,1
loco_bilinear,validation,batch_005,log_variant,9,False,True,1
loco_bilinear,validation,batch_005,log_variant,10,False,True,1
loco_bilinear,validation,batch_005,log_variant,11,False,True,1
loco_bilinear,validation,batch_005,log_variant,15,False,True,2
loco_bilinear,validation,batch_005,perturbed_iso,3,False,True,3
loco_bilinear,validation,batch_005,perturbed_iso,7,False,True,1
loco_bilinear,validation,batch_005,perturbed_iso,8,False,True,1
loco_bilinear,validation,batch_005,perturbed_iso,11,False,True,1
loco_bilinear,validation,batch_005,perturbed_iso,12,False,True,2
loco_bilinear,validation,batch_005,perturbed_iso,14,False,True,1
loco_bilinear,validation,batch_005,plateau,5,False,True,3
loco_bilinear,validation,batch_005,plateau,6,False,True,2
loco_bilinear,validation,batch_005,plateau,7,False,True,1
loco_bilinear,validation,batch_005,plateau,8,False,True,2
loco_bilinear,validation,batch_005,plateau,9,False,True,1
loco_bilinear,validation,batch_005,plateau,11,False,True,1
loco_bilinear,validation,batch_005,smoldering,1,True,False,2
loco_bilinear,validation,batch_005,smoldering,2,False,True,1
loco_bilinear,validation,batch_005,smoldering,2,True,False,2
loco_bilinear,validation,batch_005,smoldering,4,False,True,1
loco_bilinear,validation,batch_005,smoldering,4,True,False,3
loco_bilinear,validation,batch_005,smoldering,5,False,True,1
loco_bilinear,validation,batch_005,smoldering,6,True,False,1
loco_bilinear,validation,batch_005,smoldering,9,True,False,1
loco_bilinear,validation,batch_005,smoldering,10,True,False,1
loco_bilinear,validation,batch_005,smoldering,13,True,False,1
loco_bilinear,validation,batch_005,smoldering,15,True,False,1
loco_bilinear,test,batch_005,bilinear,1,False,True,6
loco_bilinear,test,batch_005,bilinear,2,False,True,6
loco_bilinear,test,batch_005,bilinear,3,False,True,6
loco_bilinear,test,batch_005,bilinear,4,False,True,9
loco_bilinear,test,batch_005,bilinear,5,False,True,3
loco_bilinear,test,batch_005,bilinear,6,False,True,4
loco_bilinear,test,batch_005,bilinear,7,False,True,5
loco_bilinear,test,batch_005,bilinear,8,False,True,4
loco_bilinear,test,batch_005,bilinear,9,False,True,6
loco_bilinear,test,batch_005,bilinear,10,False,True,7
loco_bilinear,test,batch_005,bilinear,11,False,True,3
loco_bilinear,test,batch_005,bilinear,12,False,True,6
loco_bilinear,test,batch_005,bilinear,13,False,True,5
loco_bilinear,test,batch_005,bilinear,14,False,True,5
loco_bilinear,test,batch_005,bilinear,15,False,True,2
loco_linear,train,batch_004,astm_e119,1,False,True,2
loco_linear,train,batch_004,astm_e119,2,False,True,1
loco_linear,train,batch_004,astm_e119,3,False,True,3
loco_linear,train,batch_004,astm_e119,4,False,True,3
loco_linear,train,batch_004,astm_e119,5,False,True,3
loco_linear,train,batch_004,astm_e119,6,False,True,2
loco_linear,train,batch_004,astm_e119,7,False,True,1
loco_linear,train,batch_004,astm_e119,8,False,True,4
loco_linear,train,batch_004,decay,1,False,True,5
loco_linear,train,batch_004,decay,2,False,True,3
loco_linear,train,batch_004,decay,3,False,True,4
loco_linear,train,batch_004,decay,4,False,True,7
loco_linear,train,batch_004,decay,5,False,True,4
loco_linear,train,batch_004,decay,6,False,True,6
loco_linear,train,batch_004,decay,7,False,True,6
loco_linear,train,batch_004,decay,8,False,True,5
loco_linear,train,batch_004,iso834,1,False,True,12
loco_linear,train,batch_004,iso834,2,False,True,8
loco_linear,train,batch_004,iso834,3,False,True,9
loco_linear,train,batch_004,iso834,4,False,True,11
loco_linear,train,batch_004,iso834,5,False,True,7
loco_linear,train,batch_004,iso834,6,False,True,10
loco_linear,train,batch_004,iso834,7,False,True,14
loco_linear,train,batch_004,iso834,8,False,True,13
loco_linear,train,batch_004,log_variant,1,False,True,1
loco_linear,train,batch_004,log_variant,2,False,True,1
loco_linear,train,batch_004,log_variant,4,False,True,1
loco_linear,train,batch_004,log_variant,5,False,True,4
loco_linear,train,batch_004,log_variant,6,False,True,4
loco_linear,train,batch_004,log_variant,7,False,True,1
loco_linear,train,batch_004,log_variant,8,False,True,1
loco_linear,train,batch_004,perturbed_iso,1,False,True,9
loco_linear,train,batch_004,perturbed_iso,2,False,True,5
loco_linear,train,batch_004,perturbed_iso,3,False,True,3
loco_linear,train,batch_004,perturbed_iso,4,False,True,5
loco_linear,train,batch_004,perturbed_iso,5,False,True,8
loco_linear,train,batch_004,perturbed_iso,6,False,True,3
loco_linear,train,batch_004,perturbed_iso,7,False,True,4
loco_linear,train,batch_004,perturbed_iso,8,False,True,4
loco_linear,train,batch_004,plateau,1,False,True,3
loco_linear,train,batch_004,plateau,2,False,True,3
loco_linear,train,batch_004,plateau,3,False,True,6
loco_linear,train,batch_004,plateau,4,False,True,3
loco_linear,train,batch_004,plateau,5,False,True,4
loco_linear,train,batch_004,plateau,6,False,True,2
loco_linear,train,batch_004,plateau,7,False,True,6
loco_linear,train,batch_004,plateau,8,False,True,5
loco_linear,train,batch_005,astm_e119,1,False,True,3
loco_linear,train,batch_005,astm_e119,2,False,True,4
loco_linear,train,batch_005,astm_e119,3,False,True,8
loco_linear,train,batch_005,astm_e119,4,False,True,3
loco_linear,train,batch_005,astm_e119,5,False,True,2
loco_linear,train,batch_005,astm_e119,6,False,True,7
loco_linear,train,batch_005,astm_e119,7,False,True,9
loco_linear,train,batch_005,astm_e119,8,False,True,3
loco_linear,train,batch_005,astm_e119,9,False,True,4
loco_linear,train,batch_005,astm_e119,10,False,True,3
loco_linear,train,batch_005,astm_e119,11,False,True,5
loco_linear,train,batch_005,astm_e119,12,False,True,7
loco_linear,train,batch_005,astm_e119,13,False,True,1
loco_linear,train,batch_005,astm_e119,14,False,True,2
loco_linear,train,batch_005,bilinear,1,False,True,6
loco_linear,train,batch_005,bilinear,2,False,True,6
loco_linear,train,batch_005,bilinear,3,False,True,5
loco_linear,train,batch_005,bilinear,4,False,True,7
loco_linear,train,batch_005,bilinear,5,False,True,3
loco_linear,train,batch_005,bilinear,6,False,True,3
loco_linear,train,batch_005,bilinear,7,False,True,3
loco_linear,train,batch_005,bilinear,8,False,True,3
loco_linear,train,batch_005,bilinear,9,False,True,5
loco_linear,train,batch_005,bilinear,10,False,True,5
loco_linear,train,batch_005,bilinear,11,False,True,3
loco_linear,train,batch_005,bilinear,12,False,True,6
loco_linear,train,batch_005,bilinear,13,False,True,4
loco_linear,train,batch_005,bilinear,14,False,True,4
loco_linear,train,batch_005,bilinear,15,False,True,2
loco_linear,train,batch_005,decay,1,False,True,4
loco_linear,train,batch_005,decay,2,False,True,2
loco_linear,train,batch_005,decay,3,False,True,2
loco_linear,train,batch_005,decay,4,False,True,3
loco_linear,train,batch_005,decay,5,False,True,6
loco_linear,train,batch_005,decay,6,False,True,3
loco_linear,train,batch_005,decay,7,False,True,3
loco_linear,train,batch_005,decay,8,False,True,2
loco_linear,train,batch_005,decay,9,False,True,7
loco_linear,train,batch_005,decay,10,False,True,4
loco_linear,train,batch_005,decay,11,False,True,5
loco_linear,train,batch_005,decay,12,False,True,5
loco_linear,train,batch_005,decay,13,False,True,6
loco_linear,train,batch_005,decay,14,False,True,2
loco_linear,train,batch_005,decay,15,False,True,2
loco_linear,train,batch_005,external_fire,1,False,True,2
loco_linear,train,batch_005,external_fire,2,False,True,4
loco_linear,train,batch_005,external_fire,3,False,True,1
loco_linear,train,batch_005,external_fire,4,False,True,3
loco_linear,train,batch_005,external_fire,5,False,True,4
loco_linear,train,batch_005,external_fire,6,False,True,2
loco_linear,train,batch_005,external_fire,7,False,True,2
loco_linear,train,batch_005,external_fire,8,False,True,2
loco_linear,train,batch_005,external_fire,9,False,True,5
loco_linear,train,batch_005,external_fire,10,False,True,3
loco_linear,train,batch_005,external_fire,11,False,True,1
loco_linear,train,batch_005,external_fire,12,False,True,2
loco_linear,train,batch_005,external_fire,13,False,True,5
loco_linear,train,batch_005,external_fire,14,False,True,2
loco_linear,train,batch_005,external_fire,15,False,True,3
loco_linear,train,batch_005,iso834,1,False,True,7
loco_linear,train,batch_005,iso834,2,False,True,6
loco_linear,train,batch_005,iso834,3,False,True,2
loco_linear,train,batch_005,iso834,4,False,True,6
loco_linear,train,batch_005,iso834,5,False,True,3
loco_linear,train,batch_005,iso834,6,False,True,4
loco_linear,train,batch_005,iso834,7,False,True,2
loco_linear,train,batch_005,iso834,8,False,True,5
loco_linear,train,batch_005,iso834,9,False,True,2
loco_linear,train,batch_005,iso834,10,False,True,6
loco_linear,train,batch_005,iso834,11,False,True,3
loco_linear,train,batch_005,iso834,12,False,True,1
loco_linear,train,batch_005,iso834,13,False,True,3
loco_linear,train,batch_005,log_variant,2,False,True,6
loco_linear,train,batch_005,log_variant,3,False,True,3
loco_linear,train,batch_005,log_variant,4,False,True,3
loco_linear,train,batch_005,log_variant,5,False,True,3
loco_linear,train,batch_005,log_variant,6,False,True,2
loco_linear,train,batch_005,log_variant,7,False,True,4
loco_linear,train,batch_005,log_variant,8,False,True,4
loco_linear,train,batch_005,log_variant,9,False,True,6
loco_linear,train,batch_005,log_variant,10,False,True,4
loco_linear,train,batch_005,log_variant,11,False,True,1
loco_linear,train,batch_005,log_variant,12,False,True,3
loco_linear,train,batch_005,log_variant,13,False,True,1
loco_linear,train,batch_005,log_variant,14,False,True,3
loco_linear,train,batch_005,log_variant,15,False,True,2
loco_linear,train,batch_005,perturbed_iso,1,False,True,6
loco_linear,train,batch_005,perturbed_iso,2,False,True,3
loco_linear,train,batch_005,perturbed_iso,3,False,True,10
loco_linear,train,batch_005,perturbed_iso,4,False,True,6
loco_linear,train,batch_005,perturbed_iso,5,False,True,6
loco_linear,train,batch_005,perturbed_iso,6,False,True,3
loco_linear,train,batch_005,perturbed_iso,7,False,True,3
loco_linear,train,batch_005,perturbed_iso,8,False,True,5
loco_linear,train,batch_005,perturbed_iso,9,False,True,4
loco_linear,train,batch_005,perturbed_iso,10,False,True,3
loco_linear,train,batch_005,perturbed_iso,11,False,True,2
loco_linear,train,batch_005,perturbed_iso,12,False,True,1
loco_linear,train,batch_005,perturbed_iso,14,False,True,1
loco_linear,train,batch_005,plateau,1,False,True,7
loco_linear,train,batch_005,plateau,2,False,True,3
loco_linear,train,batch_005,plateau,3,False,True,3
loco_linear,train,batch_005,plateau,4,False,True,2
loco_linear,train,batch_005,plateau,5,False,True,5
loco_linear,train,batch_005,plateau,6,False,True,3
loco_linear,train,batch_005,plateau,7,False,True,5
loco_linear,train,batch_005,plateau,8,False,True,10
loco_linear,train,batch_005,plateau,9,False,True,5
loco_linear,train,batch_005,plateau,10,False,True,3
loco_linear,train,batch_005,plateau,11,False,True,4
loco_linear,train,batch_005,plateau,12,False,True,1
loco_linear,train,batch_005,plateau,13,False,True,1
loco_linear,train,batch_005,plateau,14,False,True,2
loco_linear,train,batch_005,plateau,15,False,True,1
loco_linear,train,batch_005,smoldering,1,False,True,1
loco_linear,train,batch_005,smoldering,1,True,False,5
loco_linear,train,batch_005,smoldering,2,True,False,5
loco_linear,train,batch_005,smoldering,3,True,False,9
loco_linear,train,batch_005,smoldering,4,False,True,2
loco_linear,train,batch_005,smoldering,4,True,False,5
loco_linear,train,batch_005,smoldering,5,False,True,1
loco_linear,train,batch_005,smoldering,5,True,False,4
loco_linear,train,batch_005,smoldering,6,True,False,7
loco_linear,train,batch_005,smoldering,7,False,True,1
loco_linear,train,batch_005,smoldering,7,True,False,4
loco_linear,train,batch_005,smoldering,8,True,False,6
loco_linear,train,batch_005,smoldering,9,True,False,3
loco_linear,train,batch_005,smoldering,10,False,True,1
loco_linear,train,batch_005,smoldering,10,True,False,5
loco_linear,train,batch_005,smoldering,11,False,True,1
loco_linear,train,batch_005,smoldering,11,True,False,3
loco_linear,train,batch_005,smoldering,12,True,False,3
loco_linear,train,batch_005,smoldering,13,True,False,5
loco_linear,train,batch_005,smoldering,14,True,False,4
loco_linear,train,batch_005,smoldering,15,False,True,1
loco_linear,train,batch_005,smoldering,15,True,False,6
loco_linear,validation,batch_004,astm_e119,1,False,True,2
loco_linear,validation,batch_004,astm_e119,3,False,True,1
loco_linear,validation,batch_004,astm_e119,4,False,True,1
loco_linear,validation,batch_004,astm_e119,6,False,True,1
loco_linear,validation,batch_004,astm_e119,8,False,True,1
loco_linear,validation,batch_004,decay,1,False,True,1
loco_linear,validation,batch_004,decay,2,False,True,3
loco_linear,validation,batch_004,decay,6,False,True,1
loco_linear,validation,batch_004,decay,8,False,True,1
loco_linear,validation,batch_004,iso834,2,False,True,2
loco_linear,validation,batch_004,iso834,3,False,True,5
loco_linear,validation,batch_004,iso834,4,False,True,2
loco_linear,validation,batch_004,iso834,5,False,True,2
loco_linear,validation,batch_004,iso834,6,False,True,1
loco_linear,validation,batch_004,iso834,8,False,True,1
loco_linear,validation,batch_004,log_variant,8,False,True,1
loco_linear,validation,batch_004,perturbed_iso,2,False,True,1
loco_linear,validation,batch_004,perturbed_iso,3,False,True,3
loco_linear,validation,batch_004,perturbed_iso,4,False,True,1
loco_linear,validation,batch_004,perturbed_iso,5,False,True,3
loco_linear,validation,batch_004,perturbed_iso,8,False,True,1
loco_linear,validation,batch_004,plateau,2,False,True,1
loco_linear,validation,batch_004,plateau,3,False,True,2
loco_linear,validation,batch_004,plateau,6,False,True,1
loco_linear,validation,batch_004,plateau,7,False,True,1
loco_linear,validation,batch_004,plateau,8,False,True,2
loco_linear,validation,batch_005,astm_e119,1,False,True,1
loco_linear,validation,batch_005,astm_e119,3,False,True,2
loco_linear,validation,batch_005,astm_e119,4,False,True,1
loco_linear,validation,batch_005,astm_e119,5,False,True,1
loco_linear,validation,batch_005,astm_e119,7,False,True,2
loco_linear,validation,batch_005,astm_e119,11,False,True,1
loco_linear,validation,batch_005,astm_e119,13,False,True,1
loco_linear,validation,batch_005,bilinear,3,False,True,1
loco_linear,validation,batch_005,bilinear,4,False,True,2
loco_linear,validation,batch_005,bilinear,6,False,True,1
loco_linear,validation,batch_005,bilinear,7,False,True,2
loco_linear,validation,batch_005,bilinear,8,False,True,1
loco_linear,validation,batch_005,bilinear,9,False,True,1
loco_linear,validation,batch_005,bilinear,10,False,True,2
loco_linear,validation,batch_005,bilinear,13,False,True,1
loco_linear,validation,batch_005,bilinear,14,False,True,1
loco_linear,validation,batch_005,decay,1,False,True,1
loco_linear,validation,batch_005,decay,2,False,True,1
loco_linear,validation,batch_005,decay,3,False,True,1
loco_linear,validation,batch_005,decay,4,False,True,1
loco_linear,validation,batch_005,decay,5,False,True,1
loco_linear,validation,batch_005,decay,9,False,True,3
loco_linear,validation,batch_005,decay,10,False,True,2
loco_linear,validation,batch_005,decay,11,False,True,1
loco_linear,validation,batch_005,external_fire,3,False,True,1
loco_linear,validation,batch_005,external_fire,4,False,True,1
loco_linear,validation,batch_005,external_fire,5,False,True,1
loco_linear,validation,batch_005,external_fire,8,False,True,2
loco_linear,validation,batch_005,external_fire,9,False,True,1
loco_linear,validation,batch_005,external_fire,11,False,True,2
loco_linear,validation,batch_005,iso834,2,False,True,2
loco_linear,validation,batch_005,iso834,3,False,True,1
loco_linear,validation,batch_005,iso834,5,False,True,1
loco_linear,validation,batch_005,iso834,6,False,True,1
loco_linear,validation,batch_005,iso834,7,False,True,1
loco_linear,validation,batch_005,iso834,8,False,True,2
loco_linear,validation,batch_005,iso834,12,False,True,1
loco_linear,validation,batch_005,iso834,13,False,True,1
loco_linear,validation,batch_005,iso834,15,False,True,1
loco_linear,validation,batch_005,log_variant,1,False,True,1
loco_linear,validation,batch_005,log_variant,2,False,True,1
loco_linear,validation,batch_005,log_variant,3,False,True,1
loco_linear,validation,batch_005,log_variant,6,False,True,2
loco_linear,validation,batch_005,log_variant,7,False,True,1
loco_linear,validation,batch_005,log_variant,11,False,True,2
loco_linear,validation,batch_005,log_variant,14,False,True,1
loco_linear,validation,batch_005,log_variant,15,False,True,1
loco_linear,validation,batch_005,perturbed_iso,1,False,True,2
loco_linear,validation,batch_005,perturbed_iso,2,False,True,1
loco_linear,validation,batch_005,perturbed_iso,3,False,True,1
loco_linear,validation,batch_005,perturbed_iso,5,False,True,1
loco_linear,validation,batch_005,perturbed_iso,11,False,True,1
loco_linear,validation,batch_005,perturbed_iso,12,False,True,2
loco_linear,validation,batch_005,plateau,3,False,True,1
loco_linear,validation,batch_005,plateau,4,False,True,2
loco_linear,validation,batch_005,plateau,5,False,True,2
loco_linear,validation,batch_005,plateau,6,False,True,1
loco_linear,validation,batch_005,plateau,7,False,True,1
loco_linear,validation,batch_005,plateau,8,False,True,1
loco_linear,validation,batch_005,plateau,13,False,True,1
loco_linear,validation,batch_005,smoldering,1,True,False,2
loco_linear,validation,batch_005,smoldering,2,False,True,1
loco_linear,validation,batch_005,smoldering,4,True,False,1
loco_linear,validation,batch_005,smoldering,5,True,False,1
loco_linear,validation,batch_005,smoldering,6,True,False,2
loco_linear,validation,batch_005,smoldering,7,True,False,1
loco_linear,validation,batch_005,smoldering,8,True,False,2
loco_linear,validation,batch_005,smoldering,12,True,False,3
loco_linear,validation,batch_005,smoldering,14,False,True,2
loco_linear,test,batch_004,linear,1,False,True,10
loco_linear,test,batch_004,linear,2,False,True,9
loco_linear,test,batch_004,linear,3,False,True,6
loco_linear,test,batch_004,linear,4,False,True,7
loco_linear,test,batch_004,linear,5,False,True,7
loco_linear,test,batch_004,linear,6,False,True,9
loco_linear,test,batch_004,linear,7,False,True,8
loco_linear,test,batch_004,linear,8,False,True,3
loco_linear,test,batch_005,linear,1,False,True,2
loco_linear,test,batch_005,linear,2,False,True,2
loco_linear,test,batch_005,linear,3,False,True,2
loco_linear,test,batch_005,linear,4,False,True,3
loco_linear,test,batch_005,linear,5,False,True,5
loco_linear,test,batch_005,linear,6,False,True,7
loco_linear,test,batch_005,linear,7,False,True,7
loco_linear,test,batch_005,linear,8,False,True,4
loco_linear,test,batch_005,linear,9,False,True,2
loco_linear,test,batch_005,linear,10,False,True,4
loco_linear,test,batch_005,linear,11,False,True,6
loco_linear,test,batch_005,linear,12,False,True,5
loco_linear,test,batch_005,linear,13,False,True,6
loco_linear,test,batch_005,linear,14,False,True,5
loco_linear,test,batch_005,linear,15,False,True,6
loco_smoldering,train,batch_004,astm_e119,1,False,True,2
loco_smoldering,train,batch_004,astm_e119,2,False,True,1
loco_smoldering,train,batch_004,astm_e119,3,False,True,3
loco_smoldering,train,batch_004,astm_e119,4,False,True,3
loco_smoldering,train,batch_004,astm_e119,5,False,True,3
loco_smoldering,train,batch_004,astm_e119,6,False,True,2
loco_smoldering,train,batch_004,astm_e119,7,False,True,1
loco_smoldering,train,batch_004,astm_e119,8,False,True,4
loco_smoldering,train,batch_004,decay,1,False,True,5
loco_smoldering,train,batch_004,decay,2,False,True,3
loco_smoldering,train,batch_004,decay,3,False,True,4
loco_smoldering,train,batch_004,decay,4,False,True,7
loco_smoldering,train,batch_004,decay,5,False,True,4
loco_smoldering,train,batch_004,decay,6,False,True,6
loco_smoldering,train,batch_004,decay,7,False,True,6
loco_smoldering,train,batch_004,decay,8,False,True,5
loco_smoldering,train,batch_004,iso834,1,False,True,12
loco_smoldering,train,batch_004,iso834,2,False,True,8
loco_smoldering,train,batch_004,iso834,3,False,True,9
loco_smoldering,train,batch_004,iso834,4,False,True,11
loco_smoldering,train,batch_004,iso834,5,False,True,7
loco_smoldering,train,batch_004,iso834,6,False,True,10
loco_smoldering,train,batch_004,iso834,7,False,True,14
loco_smoldering,train,batch_004,iso834,8,False,True,13
loco_smoldering,train,batch_004,linear,1,False,True,9
loco_smoldering,train,batch_004,linear,2,False,True,8
loco_smoldering,train,batch_004,linear,3,False,True,5
loco_smoldering,train,batch_004,linear,4,False,True,5
loco_smoldering,train,batch_004,linear,5,False,True,7
loco_smoldering,train,batch_004,linear,6,False,True,9
loco_smoldering,train,batch_004,linear,7,False,True,8
loco_smoldering,train,batch_004,linear,8,False,True,3
loco_smoldering,train,batch_004,log_variant,1,False,True,1
loco_smoldering,train,batch_004,log_variant,4,False,True,1
loco_smoldering,train,batch_004,log_variant,5,False,True,4
loco_smoldering,train,batch_004,log_variant,6,False,True,3
loco_smoldering,train,batch_004,log_variant,7,False,True,1
loco_smoldering,train,batch_004,log_variant,8,False,True,2
loco_smoldering,train,batch_004,perturbed_iso,1,False,True,9
loco_smoldering,train,batch_004,perturbed_iso,2,False,True,5
loco_smoldering,train,batch_004,perturbed_iso,3,False,True,6
loco_smoldering,train,batch_004,perturbed_iso,4,False,True,6
loco_smoldering,train,batch_004,perturbed_iso,5,False,True,9
loco_smoldering,train,batch_004,perturbed_iso,6,False,True,2
loco_smoldering,train,batch_004,perturbed_iso,7,False,True,4
loco_smoldering,train,batch_004,perturbed_iso,8,False,True,4
loco_smoldering,train,batch_004,plateau,1,False,True,3
loco_smoldering,train,batch_004,plateau,2,False,True,3
loco_smoldering,train,batch_004,plateau,3,False,True,4
loco_smoldering,train,batch_004,plateau,4,False,True,3
loco_smoldering,train,batch_004,plateau,5,False,True,3
loco_smoldering,train,batch_004,plateau,6,False,True,3
loco_smoldering,train,batch_004,plateau,7,False,True,7
loco_smoldering,train,batch_004,plateau,8,False,True,5
loco_smoldering,train,batch_005,astm_e119,1,False,True,3
loco_smoldering,train,batch_005,astm_e119,2,False,True,4
loco_smoldering,train,batch_005,astm_e119,3,False,True,8
loco_smoldering,train,batch_005,astm_e119,4,False,True,3
loco_smoldering,train,batch_005,astm_e119,5,False,True,2
loco_smoldering,train,batch_005,astm_e119,6,False,True,7
loco_smoldering,train,batch_005,astm_e119,7,False,True,9
loco_smoldering,train,batch_005,astm_e119,8,False,True,3
loco_smoldering,train,batch_005,astm_e119,9,False,True,4
loco_smoldering,train,batch_005,astm_e119,10,False,True,3
loco_smoldering,train,batch_005,astm_e119,11,False,True,5
loco_smoldering,train,batch_005,astm_e119,12,False,True,7
loco_smoldering,train,batch_005,astm_e119,13,False,True,1
loco_smoldering,train,batch_005,astm_e119,14,False,True,2
loco_smoldering,train,batch_005,bilinear,1,False,True,6
loco_smoldering,train,batch_005,bilinear,2,False,True,6
loco_smoldering,train,batch_005,bilinear,3,False,True,5
loco_smoldering,train,batch_005,bilinear,4,False,True,7
loco_smoldering,train,batch_005,bilinear,5,False,True,3
loco_smoldering,train,batch_005,bilinear,6,False,True,3
loco_smoldering,train,batch_005,bilinear,7,False,True,3
loco_smoldering,train,batch_005,bilinear,8,False,True,3
loco_smoldering,train,batch_005,bilinear,9,False,True,5
loco_smoldering,train,batch_005,bilinear,10,False,True,5
loco_smoldering,train,batch_005,bilinear,11,False,True,3
loco_smoldering,train,batch_005,bilinear,12,False,True,6
loco_smoldering,train,batch_005,bilinear,13,False,True,4
loco_smoldering,train,batch_005,bilinear,14,False,True,4
loco_smoldering,train,batch_005,bilinear,15,False,True,2
loco_smoldering,train,batch_005,decay,1,False,True,4
loco_smoldering,train,batch_005,decay,2,False,True,2
loco_smoldering,train,batch_005,decay,3,False,True,2
loco_smoldering,train,batch_005,decay,4,False,True,3
loco_smoldering,train,batch_005,decay,5,False,True,6
loco_smoldering,train,batch_005,decay,6,False,True,3
loco_smoldering,train,batch_005,decay,7,False,True,3
loco_smoldering,train,batch_005,decay,8,False,True,2
loco_smoldering,train,batch_005,decay,9,False,True,7
loco_smoldering,train,batch_005,decay,10,False,True,4
loco_smoldering,train,batch_005,decay,11,False,True,5
loco_smoldering,train,batch_005,decay,12,False,True,5
loco_smoldering,train,batch_005,decay,13,False,True,6
loco_smoldering,train,batch_005,decay,14,False,True,2
loco_smoldering,train,batch_005,decay,15,False,True,2
loco_smoldering,train,batch_005,external_fire,1,False,True,2
loco_smoldering,train,batch_005,external_fire,2,False,True,4
loco_smoldering,train,batch_005,external_fire,3,False,True,1
loco_smoldering,train,batch_005,external_fire,4,False,True,3
loco_smoldering,train,batch_005,external_fire,5,False,True,4
loco_smoldering,train,batch_005,external_fire,6,False,True,2
loco_smoldering,train,batch_005,external_fire,7,False,True,2
loco_smoldering,train,batch_005,external_fire,8,False,True,2
loco_smoldering,train,batch_005,external_fire,9,False,True,5
loco_smoldering,train,batch_005,external_fire,10,False,True,3
loco_smoldering,train,batch_005,external_fire,11,False,True,1
loco_smoldering,train,batch_005,external_fire,12,False,True,2
loco_smoldering,train,batch_005,external_fire,13,False,True,5
loco_smoldering,train,batch_005,external_fire,14,False,True,2
loco_smoldering,train,batch_005,external_fire,15,False,True,3
loco_smoldering,train,batch_005,iso834,1,False,True,7
loco_smoldering,train,batch_005,iso834,2,False,True,6
loco_smoldering,train,batch_005,iso834,3,False,True,2
loco_smoldering,train,batch_005,iso834,4,False,True,6
loco_smoldering,train,batch_005,iso834,5,False,True,3
loco_smoldering,train,batch_005,iso834,6,False,True,4
loco_smoldering,train,batch_005,iso834,7,False,True,2
loco_smoldering,train,batch_005,iso834,8,False,True,5
loco_smoldering,train,batch_005,iso834,9,False,True,2
loco_smoldering,train,batch_005,iso834,10,False,True,6
loco_smoldering,train,batch_005,iso834,11,False,True,3
loco_smoldering,train,batch_005,iso834,12,False,True,1
loco_smoldering,train,batch_005,iso834,13,False,True,3
loco_smoldering,train,batch_005,linear,1,False,True,2
loco_smoldering,train,batch_005,linear,2,False,True,1
loco_smoldering,train,batch_005,linear,3,False,True,1
loco_smoldering,train,batch_005,linear,4,False,True,2
loco_smoldering,train,batch_005,linear,5,False,True,5
loco_smoldering,train,batch_005,linear,6,False,True,7
loco_smoldering,train,batch_005,linear,7,False,True,5
loco_smoldering,train,batch_005,linear,8,False,True,4
loco_smoldering,train,batch_005,linear,9,False,True,2
loco_smoldering,train,batch_005,linear,10,False,True,2
loco_smoldering,train,batch_005,linear,11,False,True,4
loco_smoldering,train,batch_005,linear,12,False,True,3
loco_smoldering,train,batch_005,linear,13,False,True,5
loco_smoldering,train,batch_005,linear,14,False,True,4
loco_smoldering,train,batch_005,linear,15,False,True,5
loco_smoldering,train,batch_005,log_variant,2,False,True,6
loco_smoldering,train,batch_005,log_variant,3,False,True,4
loco_smoldering,train,batch_005,log_variant,4,False,True,3
loco_smoldering,train,batch_005,log_variant,5,False,True,3
loco_smoldering,train,batch_005,log_variant,6,False,True,3
loco_smoldering,train,batch_005,log_variant,7,False,True,5
loco_smoldering,train,batch_005,log_variant,8,False,True,3
loco_smoldering,train,batch_005,log_variant,9,False,True,5
loco_smoldering,train,batch_005,log_variant,10,False,True,3
loco_smoldering,train,batch_005,log_variant,11,False,True,1
loco_smoldering,train,batch_005,log_variant,12,False,True,3
loco_smoldering,train,batch_005,log_variant,13,False,True,1
loco_smoldering,train,batch_005,log_variant,14,False,True,3
loco_smoldering,train,batch_005,log_variant,15,False,True,3
loco_smoldering,train,batch_005,perturbed_iso,1,False,True,6
loco_smoldering,train,batch_005,perturbed_iso,2,False,True,4
loco_smoldering,train,batch_005,perturbed_iso,3,False,True,11
loco_smoldering,train,batch_005,perturbed_iso,4,False,True,2
loco_smoldering,train,batch_005,perturbed_iso,5,False,True,4
loco_smoldering,train,batch_005,perturbed_iso,6,False,True,3
loco_smoldering,train,batch_005,perturbed_iso,7,False,True,3
loco_smoldering,train,batch_005,perturbed_iso,8,False,True,5
loco_smoldering,train,batch_005,perturbed_iso,9,False,True,2
loco_smoldering,train,batch_005,perturbed_iso,10,False,True,3
loco_smoldering,train,batch_005,perturbed_iso,11,False,True,3
loco_smoldering,train,batch_005,perturbed_iso,12,False,True,3
loco_smoldering,train,batch_005,plateau,1,False,True,7
loco_smoldering,train,batch_005,plateau,2,False,True,2
loco_smoldering,train,batch_005,plateau,3,False,True,3
loco_smoldering,train,batch_005,plateau,4,False,True,2
loco_smoldering,train,batch_005,plateau,5,False,True,7
loco_smoldering,train,batch_005,plateau,6,False,True,4
loco_smoldering,train,batch_005,plateau,7,False,True,5
loco_smoldering,train,batch_005,plateau,8,False,True,10
loco_smoldering,train,batch_005,plateau,9,False,True,5
loco_smoldering,train,batch_005,plateau,10,False,True,3
loco_smoldering,train,batch_005,plateau,11,False,True,2
loco_smoldering,train,batch_005,plateau,12,False,True,1
loco_smoldering,train,batch_005,plateau,13,False,True,2
loco_smoldering,train,batch_005,plateau,14,False,True,2
loco_smoldering,train,batch_005,plateau,15,False,True,1
loco_smoldering,validation,batch_004,astm_e119,1,False,True,2
loco_smoldering,validation,batch_004,astm_e119,3,False,True,1
loco_smoldering,validation,batch_004,astm_e119,4,False,True,1
loco_smoldering,validation,batch_004,astm_e119,6,False,True,1
loco_smoldering,validation,batch_004,astm_e119,8,False,True,1
loco_smoldering,validation,batch_004,decay,1,False,True,1
loco_smoldering,validation,batch_004,decay,2,False,True,3
loco_smoldering,validation,batch_004,decay,6,False,True,1
loco_smoldering,validation,batch_004,decay,8,False,True,1
loco_smoldering,validation,batch_004,iso834,2,False,True,2
loco_smoldering,validation,batch_004,iso834,3,False,True,5
loco_smoldering,validation,batch_004,iso834,4,False,True,2
loco_smoldering,validation,batch_004,iso834,5,False,True,2
loco_smoldering,validation,batch_004,iso834,6,False,True,1
loco_smoldering,validation,batch_004,iso834,8,False,True,1
loco_smoldering,validation,batch_004,linear,1,False,True,1
loco_smoldering,validation,batch_004,linear,2,False,True,1
loco_smoldering,validation,batch_004,linear,3,False,True,1
loco_smoldering,validation,batch_004,linear,4,False,True,2
loco_smoldering,validation,batch_004,log_variant,2,False,True,1
loco_smoldering,validation,batch_004,log_variant,6,False,True,1
loco_smoldering,validation,batch_004,perturbed_iso,2,False,True,1
loco_smoldering,validation,batch_004,perturbed_iso,5,False,True,2
loco_smoldering,validation,batch_004,perturbed_iso,6,False,True,1
loco_smoldering,validation,batch_004,perturbed_iso,8,False,True,1
loco_smoldering,validation,batch_004,plateau,2,False,True,1
loco_smoldering,validation,batch_004,plateau,3,False,True,4
loco_smoldering,validation,batch_004,plateau,5,False,True,1
loco_smoldering,validation,batch_004,plateau,8,False,True,2
loco_smoldering,validation,batch_005,astm_e119,1,False,True,1
loco_smoldering,validation,batch_005,astm_e119,3,False,True,2
loco_smoldering,validation,batch_005,astm_e119,4,False,True,1
loco_smoldering,validation,batch_005,astm_e119,5,False,True,1
loco_smoldering,validation,batch_005,astm_e119,7,False,True,2
loco_smoldering,validation,batch_005,astm_e119,11,False,True,1
loco_smoldering,validation,batch_005,astm_e119,13,False,True,1
loco_smoldering,validation,batch_005,bilinear,3,False,True,1
loco_smoldering,validation,batch_005,bilinear,4,False,True,2
loco_smoldering,validation,batch_005,bilinear,6,False,True,1
loco_smoldering,validation,batch_005,bilinear,7,False,True,2
loco_smoldering,validation,batch_005,bilinear,8,False,True,1
loco_smoldering,validation,batch_005,bilinear,9,False,True,1
loco_smoldering,validation,batch_005,bilinear,10,False,True,2
loco_smoldering,validation,batch_005,bilinear,13,False,True,1
loco_smoldering,validation,batch_005,bilinear,14,False,True,1
loco_smoldering,validation,batch_005,decay,1,False,True,1
loco_smoldering,validation,batch_005,decay,2,False,True,1
loco_smoldering,validation,batch_005,decay,3,False,True,1
loco_smoldering,validation,batch_005,decay,4,False,True,1
loco_smoldering,validation,batch_005,decay,5,False,True,1
loco_smoldering,validation,batch_005,decay,9,False,True,3
loco_smoldering,validation,batch_005,decay,10,False,True,2
loco_smoldering,validation,batch_005,decay,11,False,True,1
loco_smoldering,validation,batch_005,external_fire,3,False,True,1
loco_smoldering,validation,batch_005,external_fire,4,False,True,1
loco_smoldering,validation,batch_005,external_fire,5,False,True,1
loco_smoldering,validation,batch_005,external_fire,8,False,True,2
loco_smoldering,validation,batch_005,external_fire,9,False,True,1
loco_smoldering,validation,batch_005,external_fire,11,False,True,2
loco_smoldering,validation,batch_005,iso834,2,False,True,2
loco_smoldering,validation,batch_005,iso834,3,False,True,1
loco_smoldering,validation,batch_005,iso834,5,False,True,1
loco_smoldering,validation,batch_005,iso834,6,False,True,1
loco_smoldering,validation,batch_005,iso834,7,False,True,1
loco_smoldering,validation,batch_005,iso834,8,False,True,2
loco_smoldering,validation,batch_005,iso834,12,False,True,1
loco_smoldering,validation,batch_005,iso834,13,False,True,1
loco_smoldering,validation,batch_005,iso834,15,False,True,1
loco_smoldering,validation,batch_005,linear,2,False,True,1
loco_smoldering,validation,batch_005,linear,3,False,True,1
loco_smoldering,validation,batch_005,linear,4,False,True,1
loco_smoldering,validation,batch_005,linear,7,False,True,2
loco_smoldering,validation,batch_005,linear,10,False,True,2
loco_smoldering,validation,batch_005,linear,11,False,True,2
loco_smoldering,validation,batch_005,linear,12,False,True,2
loco_smoldering,validation,batch_005,linear,13,False,True,1
loco_smoldering,validation,batch_005,linear,14,False,True,1
loco_smoldering,validation,batch_005,linear,15,False,True,1
loco_smoldering,validation,batch_005,log_variant,1,False,True,1
loco_smoldering,validation,batch_005,log_variant,2,False,True,1
loco_smoldering,validation,batch_005,log_variant,6,False,True,1
loco_smoldering,validation,batch_005,log_variant,8,False,True,1
loco_smoldering,validation,batch_005,log_variant,9,False,True,1
loco_smoldering,validation,batch_005,log_variant,10,False,True,1
loco_smoldering,validation,batch_005,log_variant,11,False,True,2
loco_smoldering,validation,batch_005,log_variant,14,False,True,1
loco_smoldering,validation,batch_005,perturbed_iso,1,False,True,2
loco_smoldering,validation,batch_005,perturbed_iso,4,False,True,4
loco_smoldering,validation,batch_005,perturbed_iso,5,False,True,3
loco_smoldering,validation,batch_005,perturbed_iso,9,False,True,2
loco_smoldering,validation,batch_005,perturbed_iso,14,False,True,1
loco_smoldering,validation,batch_005,plateau,2,False,True,1
loco_smoldering,validation,batch_005,plateau,3,False,True,1
loco_smoldering,validation,batch_005,plateau,4,False,True,2
loco_smoldering,validation,batch_005,plateau,7,False,True,1
loco_smoldering,validation,batch_005,plateau,8,False,True,1
loco_smoldering,validation,batch_005,plateau,11,False,True,2
loco_smoldering,test,batch_005,smoldering,1,False,True,1
loco_smoldering,test,batch_005,smoldering,1,True,False,7
loco_smoldering,test,batch_005,smoldering,2,False,True,1
loco_smoldering,test,batch_005,smoldering,2,True,False,5
loco_smoldering,test,batch_005,smoldering,3,True,False,9
loco_smoldering,test,batch_005,smoldering,4,False,True,2
loco_smoldering,test,batch_005,smoldering,4,True,False,6
loco_smoldering,test,batch_005,smoldering,5,False,True,1
loco_smoldering,test,batch_005,smoldering,5,True,False,5
loco_smoldering,test,batch_005,smoldering,6,True,False,9
loco_smoldering,test,batch_005,smoldering,7,False,True,1
loco_smoldering,test,batch_005,smoldering,7,True,False,5
loco_smoldering,test,batch_005,smoldering,8,True,False,8
loco_smoldering,test,batch_005,smoldering,9,True,False,3
loco_smoldering,test,batch_005,smoldering,10,False,True,1
loco_smoldering,test,batch_005,smoldering,10,True,False,5
loco_smoldering,test,batch_005,smoldering,11,False,True,1
loco_smoldering,test,batch_005,smoldering,11,True,False,3
loco_smoldering,test,batch_005,smoldering,12,True,False,6
loco_smoldering,test,batch_005,smoldering,13,True,False,5
loco_smoldering,test,batch_005,smoldering,14,False,True,2
loco_smoldering,test,batch_005,smoldering,14,True,False,4
loco_smoldering,test,batch_005,smoldering,15,False,True,1
loco_smoldering,test,batch_005,smoldering,15,True,False,6
