protocol,model,seed,time_s,case_MAE,case_RMSE,maximum_overprediction
loco_external_fire,fire_only,42,0,0.0022534728050231934,0.0022534728050231934,0.0
loco_external_fire,fire_only,42,60,0.016136146321588635,0.018035698322478866,0.03238248825073242
loco_external_fire,fire_only,42,120,0.006018569274824493,0.0075367576759186265,0.022089004516601562
loco_external_fire,fire_only,42,180,0.062215303888126294,0.07012071888181881,0.034026920795440674
loco_external_fire,fire_only,42,240,0.01858411638104186,0.023458080075933054,0.03688836097717285
loco_external_fire,fire_only,42,300,0.01830068778018562,0.023386399920690273,0.034352898597717285
loco_external_fire,fire_only,42,360,0.01750484169745932,0.02239199049908359,0.03394860029220581
loco_external_fire,fire_only,42,420,0.011036296280062929,0.01401003139956187,0.029363155364990234
loco_external_fire,fire_only,42,480,0.012142511046662623,0.014193825296586797,0.031614720821380615
loco_external_fire,fire_only,42,540,0.012407711574009486,0.01582611927183108,0.04329240322113037
loco_external_fire,fire_only,42,600,0.017451572174928626,0.021467513322970477,0.05495697259902954
loco_external_fire,fire_only,42,660,0.01958125099843862,0.02386793425249946,0.05622059106826782
loco_external_fire,fire_only,42,720,0.023240069953762755,0.028005768903816716,0.06421107053756714
loco_external_fire,fire_only,42,780,0.023516414116839975,0.02863544143896002,0.0637441873550415
loco_external_fire,fire_only,42,840,0.024265587329864502,0.02959162706227418,0.06991010904312134
loco_external_fire,fire_only,42,900,0.023556766461352914,0.028608676985836017,0.06680339574813843
loco_external_fire,fire_only,42,960,0.02588731172133465,0.03073521045453074,0.06390225887298584
loco_external_fire,fire_only,42,1020,0.023056645782626405,0.027883414002728757,0.0583154559135437
loco_external_fire,fire_only,42,1080,0.02233906059849019,0.02765684294282591,0.05868855118751526
loco_external_fire,fire_only,42,1140,0.022039544217440546,0.026044714967947417,0.05342540144920349
loco_external_fire,fire_only,42,1200,0.01898859410869832,0.02334239516785913,0.04850080609321594
loco_external_fire,fire_only,42,1260,0.013893444927371278,0.017709169584160158,0.04043194651603699
loco_external_fire,fire_only,42,1320,0.010982053012264018,0.014604841483110153,0.03414568305015564
loco_external_fire,fire_only,42,1380,0.010458213942391532,0.012501148774910226,0.02572605013847351
loco_external_fire,fire_only,42,1440,0.010647940392396887,0.011884412673206418,0.02348342537879944
loco_external_fire,fire_only,42,1500,0.010873529984026539,0.012794547945518637,0.02470099925994873
loco_external_fire,fire_only,42,1560,0.012106898487830649,0.01454701708529062,0.029933154582977295
loco_external_fire,fire_only,42,1620,0.012274488502619217,0.014638461464852816,0.025321513414382935
loco_external_fire,fire_only,42,1680,0.012656737347038425,0.015365527669825229,0.024058371782302856
loco_external_fire,fire_only,42,1740,0.012173681234826848,0.015011630456967474,0.028121650218963623
loco_external_fire,fire_only,42,1800,0.012972811046911746,0.015974425825763566,0.033358991146087646
loco_external_fire,fire_only,42,1860,0.012631045312297588,0.016057575884867708,0.03067842125892639
loco_external_fire,fire_only,42,1920,0.013291153980761158,0.016993687506017565,0.031234055757522583
loco_external_fire,fire_only,42,1980,0.013269331990456094,0.01671295440957992,0.029562830924987793
loco_external_fire,fire_only,42,2040,0.013934814808320026,0.01717139799343375,0.029764294624328613
loco_external_fire,fire_only,42,2100,0.014255052926589032,0.017589002182221293,0.03491860628128052
loco_external_fire,fire_only,42,2160,0.014695311687430558,0.018431201109641998,0.03997063636779785
loco_external_fire,fire_only,42,2220,0.014518740834022055,0.018513777710013026,0.03992852568626404
loco_external_fire,fire_only,42,2280,0.014758257841577336,0.018703687932838532,0.040107548236846924
loco_external_fire,fire_only,42,2340,0.01471364011569899,0.018161343001629755,0.042260587215423584
loco_external_fire,fire_only,42,2400,0.015256676138663779,0.01800515243536522,0.04457101225852966
loco_external_fire,fire_only,42,2460,0.015036250255545792,0.01765716287574637,0.043224036693573
loco_external_fire,fire_only,42,2520,0.014932473095095888,0.01770267490629656,0.041960716247558594
loco_external_fire,fire_only,42,2580,0.015193995164365185,0.018028135845483698,0.043215811252593994
loco_external_fire,fire_only,42,2640,0.015717588517130638,0.018768394879069318,0.044545114040374756
loco_external_fire,fire_only,42,2700,0.015248777610915048,0.018293328923692457,0.044354602694511414
loco_external_fire,fire_only,42,2760,0.01527451009166484,0.01836251815930734,0.04424804449081421
loco_external_fire,fire_only,42,2820,0.015740188408871085,0.018853319602352252,0.04475376009941101
loco_external_fire,fire_only,42,2880,0.016137858738704602,0.019222539815980884,0.04528529942035675
loco_external_fire,fire_only,42,2940,0.01579768317086356,0.019221516853186685,0.04369203746318817
loco_external_fire,fire_only,42,3000,0.015677290911577185,0.019370952734433056,0.04217609763145447
loco_external_fire,fire_only,42,3060,0.015752435338740448,0.01922462568811013,0.040262117981910706
loco_external_fire,fire_only,42,3120,0.015893930987435943,0.01922075241916367,0.03839761018753052
loco_external_fire,fire_only,42,3180,0.015631287377707814,0.018968194175442883,0.036396220326423645
loco_external_fire,fire_only,42,3240,0.015223332509702566,0.018211674710440988,0.03445598483085632
loco_external_fire,fire_only,42,3300,0.01490314456881309,0.01785791607789557,0.03490373492240906
loco_external_fire,fire_only,42,3360,0.014713576861790248,0.01764753171819488,0.03547634184360504
loco_external_fire,fire_only,42,3420,0.014243958251816886,0.01696466678312356,0.03324402868747711
loco_external_fire,fire_only,42,3480,0.013725363174263311,0.01633574906752055,0.033248916268348694
loco_external_fire,fire_only,42,3540,0.013357805962465247,0.015894415664426013,0.029489919543266296
loco_external_fire,fire_only,42,3600,0.013220191305997421,0.015719790433992,0.029774069786071777
loco_external_fire,fire_only,43,0,0.0027061104774475098,0.0027061104774475098,0.0
loco_external_fire,fire_only,43,60,0.01631784317444782,0.01835463409953878,0.03280675411224365
loco_external_fire,fire_only,43,120,0.00586600449620461,0.007388984195288336,0.0228002667427063
loco_external_fire,fire_only,43,180,0.06106040794022229,0.06848996326331569,0.03614187240600586
loco_external_fire,fire_only,43,240,0.018884387551521768,0.024356681424140575,0.03479808568954468
loco_external_fire,fire_only,43,300,0.018101718960976114,0.022811948892353842,0.035629987716674805
loco_external_fire,fire_only,43,360,0.01743050619047515,0.022202640651364132,0.03435707092285156
loco_external_fire,fire_only,43,420,0.010993018442270706,0.013976069629656725,0.029478013515472412
loco_external_fire,fire_only,43,480,0.012357408903083024,0.01440830378598054,0.03074777126312256
loco_external_fire,fire_only,43,540,0.01237450935402695,0.01582274886710725,0.04353737831115723
loco_external_fire,fire_only,43,600,0.017664080979872723,0.02167388284802338,0.05597919225692749
loco_external_fire,fire_only,43,660,0.019862463279646272,0.024308815388651824,0.0577123761177063
loco_external_fire,fire_only,43,720,0.023656502061960648,0.028473748610984943,0.06562924385070801
loco_external_fire,fire_only,43,780,0.023639124266955316,0.028811187153101672,0.06442558765411377
loco_external_fire,fire_only,43,840,0.024209395963318493,0.02951868232540446,0.06966835260391235
loco_external_fire,fire_only,43,900,0.023088923522404263,0.028070947380904918,0.06560629606246948
loco_external_fire,fire_only,43,960,0.024231847451657663,0.0288863116797615,0.06039804220199585
loco_external_fire,fire_only,43,1020,0.02190166833449383,0.026497672002765753,0.05591684579849243
loco_external_fire,fire_only,43,1080,0.02123410482795871,0.026061327983939994,0.05588677525520325
loco_external_fire,fire_only,43,1140,0.020258018556906253,0.024234866712474143,0.04964485764503479
loco_external_fire,fire_only,43,1200,0.017378182435522273,0.021824750406346835,0.044896870851516724
loco_external_fire,fire_only,43,1260,0.013466203091095905,0.017147026027488542,0.03876355290412903
loco_external_fire,fire_only,43,1320,0.01107484467175542,0.014759456182658932,0.03456088900566101
loco_external_fire,fire_only,43,1380,0.010346519095557076,0.01281154932655484,0.027409672737121582
loco_external_fire,fire_only,43,1440,0.010139119260165155,0.011746784097745749,0.02627214789390564
loco_external_fire,fire_only,43,1500,0.010519354927296541,0.012514024812916358,0.026035785675048828
loco_external_fire,fire_only,43,1560,0.011990816617498592,0.014444070596958897,0.030373334884643555
loco_external_fire,fire_only,43,1620,0.012273160778746312,0.014637113169699501,0.025325477123260498
loco_external_fire,fire_only,43,1680,0.012715670527244101,0.015423708179321144,0.02379631996154785
loco_external_fire,fire_only,43,1740,0.012250109594695422,0.0151163119831667,0.02758738398551941
loco_external_fire,fire_only,43,1800,0.013138639075415475,0.016084973469726833,0.032712310552597046
loco_external_fire,fire_only,43,1860,0.012734601084066897,0.0161938105395342,0.02983236312866211
loco_external_fire,fire_only,43,1920,0.013329353259534252,0.017113270390595285,0.030090779066085815
loco_external_fire,fire_only,43,1980,0.01313848641453957,0.016824141515633793,0.028153181076049805
loco_external_fire,fire_only,43,2040,0.013736619024860616,0.017242960261473175,0.0281674861907959
loco_external_fire,fire_only,43,2100,0.014138585450697919,0.017588164778781164,0.034283339977264404
loco_external_fire,fire_only,43,2160,0.01483253009465276,0.018454837470390253,0.04054880142211914
loco_external_fire,fire_only,43,2220,0.014958783680078934,0.01863009134841955,0.0416378378868103
loco_external_fire,fire_only,43,2280,0.01502790803811988,0.018884756519197816,0.0417211651802063
loco_external_fire,fire_only,43,2340,0.014744035443481135,0.018246300124191785,0.043215274810791016
loco_external_fire,fire_only,43,2400,0.015271382064235454,0.018061149898329944,0.045285314321517944
loco_external_fire,fire_only,43,2460,0.015044450151677035,0.017683150828585882,0.04361605644226074
loco_external_fire,fire_only,43,2520,0.014935964224289874,0.01770956136874547,0.042125046253204346
loco_external_fire,fire_only,43,2580,0.015193146710493127,0.018030886988785834,0.04326307773590088
loco_external_fire,fire_only,43,2640,0.015718079951344704,0.0187681287741363,0.044527798891067505
loco_external_fire,fire_only,43,2700,0.015249612684152564,0.018292408313542393,0.04431961476802826
loco_external_fire,fire_only,43,2760,0.015272647750620939,0.01836213963009207,0.044235438108444214
loco_external_fire,fire_only,43,2820,0.015751074163281188,0.01885800262415569,0.04492974281311035
loco_external_fire,fire_only,43,2880,0.016168519854545593,0.019234253485239206,0.0457846075296402
loco_external_fire,fire_only,43,2940,0.01587929652661693,0.019261599824359033,0.04482884705066681
loco_external_fire,fire_only,43,3000,0.015839718434275413,0.019424904935128804,0.04371756315231323
loco_external_fire,fire_only,43,3060,0.015790312265863225,0.019233155060322922,0.04125054180622101
loco_external_fire,fire_only,43,3120,0.01588568182624116,0.01921235544265675,0.03883597254753113
loco_external_fire,fire_only,43,3180,0.015607363715463755,0.018956316791329673,0.03679381310939789
loco_external_fire,fire_only,43,3240,0.015214039963118884,0.01819683851247871,0.034906044602394104
loco_external_fire,fire_only,43,3300,0.014869915283456141,0.017850500865369472,0.03545348346233368
loco_external_fire,fire_only,43,3360,0.014727094647835712,0.017646212763172384,0.03613470494747162
loco_external_fire,fire_only,43,3420,0.014280659507732002,0.016971700561670054,0.033845216035842896
loco_external_fire,fire_only,43,3480,0.01381426532657779,0.016361503894208304,0.03387068212032318
loco_external_fire,fire_only,43,3540,0.013470735781046808,0.015949962777393516,0.030595868825912476
loco_external_fire,fire_only,43,3600,0.013163708606544805,0.01581362406550662,0.031426623463630676
loco_external_fire,fire_only,44,0,0.0023847039864987743,0.0023847039871738654,0.0
loco_external_fire,fire_only,44,60,0.01600768128219916,0.017812834085350303,0.03208237886428833
loco_external_fire,fire_only,44,120,0.006006307747899269,0.007526269329123034,0.0221174955368042
loco_external_fire,fire_only,44,180,0.06165505063777067,0.06933515713706045,0.035041213035583496
loco_external_fire,fire_only,44,240,0.018606486369152457,0.023519637327918303,0.03673368692398071
loco_external_fire,fire_only,44,300,0.018244373555086096,0.02324317452811261,0.03465801477432251
loco_external_fire,fire_only,44,360,0.017463716925406943,0.022287909634043725,0.03416633605957031
loco_external_fire,fire_only,44,420,0.010607849578468167,0.013676314256909579,0.030591607093811035
loco_external_fire,fire_only,44,480,0.012037426841502287,0.014100494281950027,0.032083213329315186
loco_external_fire,fire_only,44,540,0.012335953663806526,0.015817164967877113,0.043785274028778076
loco_external_fire,fire_only,44,600,0.01773514917918614,0.02174801071836851,0.05629771947860718
loco_external_fire,fire_only,44,660,0.02010053031298579,0.024673734645701183,0.05876702070236206
loco_external_fire,fire_only,44,720,0.02434384214634798,0.029235290707590414,0.06759893894195557
loco_external_fire,fire_only,44,780,0.02425086984829027,0.02961178946572472,0.0669817328453064
loco_external_fire,fire_only,44,840,0.024897508475245262,0.030222431398473155,0.07185393571853638
loco_external_fire,fire_only,44,900,0.023475850115017016,0.028512681577781033,0.06659537553787231
loco_external_fire,fire_only,44,960,0.024411664933574443,0.029071418276883493,0.06077086925506592
loco_external_fire,fire_only,44,1020,0.021439363761824006,0.025972086761971422,0.05492466688156128
loco_external_fire,fire_only,44,1080,0.02092819311180893,0.025539061577297063,0.05489584803581238
loco_external_fire,fire_only,44,1140,0.0199981617684267,0.023977321748311495,0.049004584550857544
loco_external_fire,fire_only,44,1200,0.017716368242185945,0.02214254657884634,0.04575797915458679
loco_external_fire,fire_only,44,1260,0.01385831103032949,0.01766524663631149,0.040318429470062256
loco_external_fire,fire_only,44,1320,0.011642047945333987,0.015458090648487953,0.03618520498275757
loco_external_fire,fire_only,44,1380,0.010499869682350936,0.01325736767005548,0.02889534831047058
loco_external_fire,fire_only,44,1440,0.010072809092852533,0.011787452898667077,0.026735126972198486
loco_external_fire,fire_only,44,1500,0.010347314635101629,0.012415050071960013,0.026804327964782715
loco_external_fire,fire_only,44,1560,0.011875414118474844,0.014330317042518435,0.030931800603866577
loco_external_fire,fire_only,44,1620,0.012319412158460033,0.014694943747885483,0.025118499994277954
loco_external_fire,fire_only,44,1680,0.012908528653942809,0.015642007905684027,0.022937625646591187
loco_external_fire,fire_only,44,1740,0.012475752708863239,0.015416997656896955,0.026378601789474487
loco_external_fire,fire_only,44,1800,0.013530573066400021,0.016377226929156597,0.031433671712875366
loco_external_fire,fire_only,44,1860,0.012924348821445388,0.016436630573222928,0.028723448514938354
loco_external_fire,fire_only,44,1920,0.013433354241507394,0.017221490585923024,0.029397279024124146
loco_external_fire,fire_only,44,1980,0.013130676989652673,0.016841060323547624,0.028023600578308105
loco_external_fire,fire_only,44,2040,0.013779797116104437,0.017209829519576756,0.02859020233154297
loco_external_fire,fire_only,44,2100,0.014204367082946154,0.017586165640398544,0.03464174270629883
loco_external_fire,fire_only,44,2160,0.014660807288422877,0.018428620657698756,0.039816468954086304
loco_external_fire,fire_only,44,2220,0.014440087639555638,0.018510078645657718,0.03951016068458557
loco_external_fire,fire_only,44,2280,0.014745317551554466,0.018669310225096925,0.03942233324050903
loco_external_fire,fire_only,44,2340,0.014739973204476493,0.018127933280939406,0.04138338565826416
loco_external_fire,fire_only,44,2400,0.015247120540969225,0.01797474326889763,0.04353666305541992
loco_external_fire,fire_only,44,2460,0.015022887867324206,0.017635404854617568,0.04195329546928406
loco_external_fire,fire_only,44,2520,0.014903606808915431,0.017710922990209804,0.04054129123687744
loco_external_fire,fire_only,44,2580,0.015224194040103835,0.018015536196302553,0.041735172271728516
loco_external_fire,fire_only,44,2640,0.01575494907340225,0.018763378486043914,0.043081700801849365
loco_external_fire,fire_only,44,2700,0.015277013790850736,0.01829345268927996,0.0429733544588089
loco_external_fire,fire_only,44,2760,0.015153479211184442,0.01838229121654112,0.0423140823841095
loco_external_fire,fire_only,44,2820,0.01568136896405901,0.018961497109811567,0.04230734705924988
loco_external_fire,fire_only,44,2880,0.01605697584395506,0.01940526022317111,0.042422518134117126
loco_external_fire,fire_only,44,2940,0.015799297970168446,0.019459736204459722,0.04054315388202667
loco_external_fire,fire_only,44,3000,0.015867189485199596,0.019618498546357433,0.03915691375732422
loco_external_fire,fire_only,44,3060,0.01583647363039912,0.019479704051613984,0.03742732107639313
loco_external_fire,fire_only,44,3120,0.01602875182823259,0.01947129833792063,0.03583461046218872
loco_external_fire,fire_only,44,3180,0.015784151700078224,0.019122676414305238,0.03462029993534088
loco_external_fire,fire_only,44,3240,0.015273894886581265,0.018274420934312217,0.03354242444038391
loco_external_fire,fire_only,44,3300,0.014912944971298685,0.017863460230433247,0.034710854291915894
loco_external_fire,fire_only,44,3360,0.014724158510869863,0.017643851410482345,0.036009058356285095
loco_external_fire,fire_only,44,3420,0.014310664972480463,0.016993375291395066,0.034339651465415955
loco_external_fire,fire_only,44,3480,0.013996338661836118,0.016453050070710105,0.034876152873039246
loco_external_fire,fire_only,44,3540,0.013628038216610345,0.016081384661687865,0.03170369565486908
loco_external_fire,fire_only,44,3600,0.013259915064792243,0.015975567503639064,0.032552897930145264
loco_external_fire,fire_only,45,0,0.003931086890551509,0.003931086890961037,0.0
loco_external_fire,fire_only,45,60,0.01607811572600384,0.01793470778303989,0.03224647045135498
loco_external_fire,fire_only,45,120,0.005580134537755226,0.007374938982292004,0.02512294054031372
loco_external_fire,fire_only,45,180,0.06399977085541705,0.07259704967163629,0.030897855758666992
loco_external_fire,fire_only,45,240,0.018721370064482396,0.023854536189734665,0.03590238094329834
loco_external_fire,fire_only,45,300,0.019900927738267547,0.025573270873920473,0.0302581787109375
loco_external_fire,fire_only,45,360,0.01897263040347975,0.02429235828505707,0.030355215072631836
loco_external_fire,fire_only,45,420,0.012057384666131467,0.014905266426119869,0.02702045440673828
loco_external_fire,fire_only,45,480,0.013277778820115693,0.015658139185191666,0.027390897274017334
loco_external_fire,fire_only,45,540,0.012940707255382928,0.0161136207344594,0.04077959060668945
loco_external_fire,fire_only,45,600,0.01727261348646514,0.021255196348184582,0.053499817848205566
loco_external_fire,fire_only,45,660,0.01942379498968319,0.023644868212178264,0.05534178018569946
loco_external_fire,fire_only,45,720,0.023004436979488452,0.027660599884821474,0.06304013729095459
loco_external_fire,fire_only,45,780,0.023189443714764654,0.02820260781066831,0.06175714731216431
loco_external_fire,fire_only,45,840,0.02362153603106129,0.028835000298834006,0.06685549020767212
loco_external_fire,fire_only,45,900,0.0221889177147223,0.026959992904958627,0.0627216100692749
loco_external_fire,fire_only,45,960,0.022286759347331767,0.026981877026567614,0.05584442615509033
loco_external_fire,fire_only,45,1020,0.01909237613483351,0.023120137867991726,0.04789513349533081
loco_external_fire,fire_only,45,1080,0.019125546727861677,0.02267694853688865,0.04743155837059021
loco_external_fire,fire_only,45,1140,0.01847090708966158,0.022264839235301336,0.04277697205543518
loco_external_fire,fire_only,45,1200,0.016347875400465364,0.020583395819567148,0.03973424434661865
loco_external_fire,fire_only,45,1260,0.013155798522793517,0.016429830308510293,0.034776002168655396
loco_external_fire,fire_only,45,1320,0.010779536500269053,0.013936879789599897,0.03182271122932434
loco_external_fire,fire_only,45,1380,0.010357219345715582,0.01270008787360562,0.026918768882751465
loco_external_fire,fire_only,45,1440,0.009899882637724584,0.012260588773885578,0.029071539640426636
loco_external_fire,fire_only,45,1500,0.010131171163247556,0.012706290786060595,0.031007230281829834
loco_external_fire,fire_only,45,1560,0.011384686036985748,0.014263378813978145,0.03576749563217163
loco_external_fire,fire_only,45,1620,0.011388295767258624,0.014114111586180537,0.030288338661193848
loco_external_fire,fire_only,45,1680,0.01249331114243488,0.015035270021425625,0.027945786714553833
loco_external_fire,fire_only,45,1740,0.011871472913391736,0.014776616835303425,0.030931532382965088
loco_external_fire,fire_only,45,1800,0.012662971506313401,0.01580103233914974,0.035269200801849365
loco_external_fire,fire_only,45,1860,0.012581595352717809,0.015961470631078493,0.03161308169364929
loco_external_fire,fire_only,45,1920,0.0132924671075782,0.017002785576681393,0.031148284673690796
loco_external_fire,fire_only,45,1980,0.013128347542821144,0.01684812557114524,0.027981698513031006
loco_external_fire,fire_only,45,2040,0.013641167660148777,0.017457463027594124,0.026598989963531494
loco_external_fire,fire_only,45,2100,0.01394159088329393,0.017925767919834596,0.031083375215530396
loco_external_fire,fire_only,45,2160,0.014395262513841902,0.018687661808795934,0.0364304780960083
loco_external_fire,fire_only,45,2220,0.01443575170575356,0.018770195402245626,0.036424875259399414
loco_external_fire,fire_only,45,2280,0.014986120316447044,0.01879371113417111,0.03658464550971985
loco_external_fire,fire_only,45,2340,0.015121125445073965,0.018290906166590345,0.03869691491127014
loco_external_fire,fire_only,45,2400,0.01543813274831188,0.01817363389318219,0.04085841774940491
loco_external_fire,fire_only,45,2460,0.0150821324513883,0.017915570126925913,0.039129436016082764
loco_external_fire,fire_only,45,2520,0.015010929229308148,0.018147813996112656,0.03733012080192566
loco_external_fire,fire_only,45,2580,0.01550166156827187,0.018341285681413296,0.038851141929626465
loco_external_fire,fire_only,45,2640,0.016021831303226704,0.018977154833287026,0.040858685970306396
loco_external_fire,fire_only,45,2700,0.015358704389358054,0.018408738825129403,0.04152180254459381
loco_external_fire,fire_only,45,2760,0.015155154223344763,0.018382269763484053,0.04236164689064026
loco_external_fire,fire_only,45,2820,0.01571394168600744,0.01885847183059511,0.043866485357284546
loco_external_fire,fire_only,45,2880,0.016150645759640907,0.019227533284160398,0.04548351466655731
loco_external_fire,fire_only,45,2940,0.01590034426475058,0.0192746469769497,0.04500846564769745
loco_external_fire,fire_only,45,3000,0.015880576201847622,0.01944890806310692,0.04400554299354553
loco_external_fire,fire_only,45,3060,0.015877110009290735,0.019301955972698587,0.042346760630607605
loco_external_fire,fire_only,45,3120,0.01589908983026232,0.01927050165883111,0.04052737355232239
loco_external_fire,fire_only,45,3180,0.01568539227758135,0.019037021396807064,0.038974300026893616
loco_external_fire,fire_only,45,3240,0.01525062870006172,0.018324910339244025,0.03747199475765228
loco_external_fire,fire_only,45,3300,0.014941812169795133,0.01805946217395319,0.038166388869285583
loco_external_fire,fire_only,45,3360,0.014907890436600665,0.017876635498029817,0.03872218728065491
loco_external_fire,fire_only,45,3420,0.014542953092224744,0.017215532256646533,0.03627234697341919
loco_external_fire,fire_only,45,3480,0.014198206821266485,0.016623766594881302,0.03598366677761078
loco_external_fire,fire_only,45,3540,0.013655331365916193,0.016112601934118766,0.03189860284328461
loco_external_fire,fire_only,45,3600,0.013172199531477325,0.015862643780387053,0.031825438141822815
loco_external_fire,fire_only,46,0,0.004249458410301987,0.004249458413711606,0.0
loco_external_fire,fire_only,46,60,0.016118987482421254,0.0180057829835433,0.03234219551086426
loco_external_fire,fire_only,46,120,0.005643759454999652,0.007306200211000469,0.024519264698028564
loco_external_fire,fire_only,46,180,0.06029044122112041,0.06734493984781247,0.03766828775405884
loco_external_fire,fire_only,46,240,0.01832632994165226,0.02281166331294792,0.03869086503982544
loco_external_fire,fire_only,46,300,0.01804532323564802,0.022646437193309124,0.036015987396240234
loco_external_fire,fire_only,46,360,0.017409783236834467,0.02215300493583164,0.0344579815864563
loco_external_fire,fire_only,46,420,0.010960406186629315,0.013949888100994727,0.0295562744140625
loco_external_fire,fire_only,46,480,0.012225862668485058,0.014278179739067814,0.031242728233337402
loco_external_fire,fire_only,46,540,0.012285455149047228,0.015859817188737833,0.04500389099121094
loco_external_fire,fire_only,46,600,0.018095524943604762,0.022185647295502993,0.05790257453918457
loco_external_fire,fire_only,46,660,0.020356964091865385,0.025110980806643073,0.059909820556640625
loco_external_fire,fire_only,46,720,0.024366001693569884,0.029261906017444266,0.06766659021377563
loco_external_fire,fire_only,46,780,0.023942893865157147,0.029224294502930244,0.06582134962081909
loco_external_fire,fire_only,46,840,0.024150172058416873,0.02944373836329926,0.06939923763275146
loco_external_fire,fire_only,46,900,0.022362690799090326,0.027156739123868193,0.06327861547470093
loco_external_fire,fire_only,46,960,0.02245251621518816,0.02714834181247739,0.056305646896362305
loco_external_fire,fire_only,46,1020,0.01939516286460721,0.02362815701660251,0.049528539180755615
loco_external_fire,fire_only,46,1080,0.01928702787477143,0.022903403596511714,0.0483039915561676
loco_external_fire,fire_only,46,1140,0.018475991730787317,0.022270504201290946,0.042814046144485474
loco_external_fire,fire_only,46,1200,0.016372489685914954,0.020642721612461393,0.040179431438446045
loco_external_fire,fire_only,46,1260,0.013188568913206761,0.016535130034772264,0.03588476777076721
loco_external_fire,fire_only,46,1320,0.010908144469163855,0.014441768097381078,0.03367650508880615
loco_external_fire,fire_only,46,1380,0.010514612708772932,0.013293822797705024,0.02899831533432007
loco_external_fire,fire_only,46,1440,0.010014950620884798,0.012649005618982785,0.030228257179260254
loco_external_fire,fire_only,46,1500,0.010551337076693165,0.013503222507126387,0.03348451852798462
loco_external_fire,fire_only,46,1560,0.011488147536102606,0.014917889159063166,0.03846704959869385
loco_external_fire,fire_only,46,1620,0.01142862013408116,0.014535861614229512,0.032956719398498535
loco_external_fire,fire_only,46,1680,0.012874785126472006,0.015434729909222651,0.030856966972351074
loco_external_fire,fire_only,46,1740,0.01203768472282254,0.015163557190134255,0.03420048952102661
loco_external_fire,fire_only,46,1800,0.012826927462402654,0.016106496060243457,0.03894379734992981
loco_external_fire,fire_only,46,1860,0.013054664037665543,0.016161511866383694,0.03568202257156372
loco_external_fire,fire_only,46,1920,0.014078824495782658,0.017239734544959865,0.03556758165359497
loco_external_fire,fire_only,46,1980,0.014014626035884934,0.016971981727095495,0.03318721055984497
loco_external_fire,fire_only,46,2040,0.014615698736541125,0.017392674493736195,0.03249824047088623
loco_external_fire,fire_only,46,2100,0.01493874739627449,0.017844161155276834,0.03757324814796448
loco_external_fire,fire_only,46,2160,0.015540459326335363,0.018693135013137758,0.04267498850822449
loco_external_fire,fire_only,46,2220,0.015211228813443865,0.018748784381500194,0.042508333921432495
loco_external_fire,fire_only,46,2280,0.015180675350889867,0.0190016054750968,0.04240182042121887
loco_external_fire,fire_only,46,2340,0.014845777531059421,0.01838641359389435,0.044208914041519165
loco_external_fire,fire_only,46,2400,0.015287735632487707,0.018157741624948546,0.04609501361846924
loco_external_fire,fire_only,46,2460,0.015055068293396307,0.017730909942391425,0.04415351152420044
loco_external_fire,fire_only,46,2520,0.014939224841643353,0.017717194728890818,0.042293697595596313
loco_external_fire,fire_only,46,2580,0.015208991814632805,0.018006854863926714,0.0424826443195343
loco_external_fire,fire_only,46,2640,0.015773210598497976,0.018774125259260154,0.04281580448150635
loco_external_fire,fire_only,46,2700,0.015287780335971288,0.01832092723858567,0.042445108294487
loco_external_fire,fire_only,46,2760,0.015153253565029222,0.01838407237432285,0.04229578375816345
loco_external_fire,fire_only,46,2820,0.015692667085297252,0.018910219734930168,0.04285562038421631
loco_external_fire,fire_only,46,2880,0.0160807447165859,0.019281691847124333,0.043575629591941833
loco_external_fire,fire_only,46,2940,0.01576991896240079,0.019262571440991375,0.042328670620918274
loco_external_fire,fire_only,46,3000,0.01565798569698723,0.019398668300429786,0.04122567176818848
loco_external_fire,fire_only,46,3060,0.01574337178347062,0.019236983346910128,0.03982175886631012
loco_external_fire,fire_only,46,3120,0.015889614516375015,0.019215108902689442,0.03860446810722351
loco_external_fire,fire_only,46,3180,0.01560374334150431,0.018961137298471608,0.03776906430721283
loco_external_fire,fire_only,46,3240,0.015225499868392944,0.018280549900633988,0.037063971161842346
loco_external_fire,fire_only,46,3300,0.015052331953632588,0.01816030544012217,0.03876689076423645
loco_external_fire,fire_only,46,3360,0.015123630664786515,0.01810811524063683,0.03991919755935669
loco_external_fire,fire_only,46,3420,0.014892254861033693,0.01770477318754007,0.03840668499469757
loco_external_fire,fire_only,46,3480,0.014773805226598467,0.017481147055767792,0.03911180794239044
loco_external_fire,fire_only,46,3540,0.01458128587323792,0.017280437487784125,0.03602980077266693
loco_external_fire,fire_only,46,3600,0.014345085134311599,0.01731588751427458,0.03696301579475403
loco_external_fire,global_stats,42,0,0.002614571123707051,0.002741539866447416,0.0
loco_external_fire,global_stats,42,60,0.010182930498707051,0.012392188321307911,0.03213101625442505
loco_external_fire,global_stats,42,120,0.006671771711232711,0.0086608364433589,0.02129685878753662
loco_external_fire,global_stats,42,180,0.04320510552853954,0.05171587582845219,0.021203994750976562
loco_external_fire,global_stats,42,240,0.013709557299711267,0.01652613301964694,0.03921401500701904
loco_external_fire,global_stats,42,300,0.013280581454841458,0.015915582047802274,0.03163975477218628
loco_external_fire,global_stats,42,360,0.01259812895132571,0.01523897417747122,0.02503800392150879
loco_external_fire,global_stats,42,420,0.009749115729818538,0.012188012718849379,0.027054250240325928
loco_external_fire,global_stats,42,480,0.012282218251909529,0.01466728061465197,0.025294005870819092
loco_external_fire,global_stats,42,540,0.011347456854216906,0.014287836439847745,0.02869170904159546
loco_external_fire,global_stats,42,600,0.013285230617133938,0.01736685829678195,0.046992599964141846
loco_external_fire,global_stats,42,660,0.013358021269039231,0.017228607303301086,0.04752999544143677
loco_external_fire,global_stats,42,720,0.014679880774751002,0.018696307869805938,0.043412983417510986
loco_external_fire,global_stats,42,780,0.014091475885741564,0.01784115131149125,0.036300063133239746
loco_external_fire,global_stats,42,840,0.014917098746007803,0.01831851577168258,0.037396788597106934
loco_external_fire,global_stats,42,900,0.01437628512479821,0.017117927308793118,0.03651225566864014
loco_external_fire,global_stats,42,960,0.013468857930631054,0.016819849481804573,0.04015207290649414
loco_external_fire,global_stats,42,1020,0.012870329983380377,0.01601634971556256,0.03772705793380737
loco_external_fire,global_stats,42,1080,0.013285954387820497,0.01731331129172027,0.054504841566085815
loco_external_fire,global_stats,42,1140,0.013106335790789857,0.01731337903533671,0.04654669761657715
loco_external_fire,global_stats,42,1200,0.014169177838734217,0.017806619702326658,0.044918328523635864
loco_external_fire,global_stats,42,1260,0.011239171028137207,0.014464250875100726,0.037123411893844604
loco_external_fire,global_stats,42,1320,0.011874977423220264,0.014705583320959802,0.03437325358390808
loco_external_fire,global_stats,42,1380,0.010999574344985339,0.013568129247030485,0.03330504894256592
loco_external_fire,global_stats,42,1440,0.010407085929598128,0.01255831553693441,0.027445286512374878
loco_external_fire,global_stats,42,1500,0.010480769434753729,0.012612806126399695,0.027559876441955566
loco_external_fire,global_stats,42,1560,0.01152612846724841,0.014139385053663942,0.03399863839149475
loco_external_fire,global_stats,42,1620,0.011199353909005925,0.013732076903986744,0.02836132049560547
loco_external_fire,global_stats,42,1680,0.011589345275139322,0.014225018465239157,0.02517777681350708
loco_external_fire,global_stats,42,1740,0.011494968010454762,0.014040565129964235,0.025690078735351562
loco_external_fire,global_stats,42,1800,0.012011274999501755,0.014703798094994322,0.03040027618408203
loco_external_fire,global_stats,42,1860,0.01160551577198262,0.014745786724498087,0.026691466569900513
loco_external_fire,global_stats,42,1920,0.011256483744601814,0.01521128838666917,0.02295982837677002
loco_external_fire,global_stats,42,1980,0.011017229484052074,0.014980158954492598,0.020374715328216553
loco_external_fire,global_stats,42,2040,0.011409072243437474,0.01528446806671789,0.020897477865219116
loco_external_fire,global_stats,42,2100,0.010894974883721799,0.015049396297490964,0.023464083671569824
loco_external_fire,global_stats,42,2160,0.011754229968907882,0.015682211746557376,0.02734968066215515
loco_external_fire,global_stats,42,2220,0.012572486789859071,0.01644478686539508,0.02657952904701233
loco_external_fire,global_stats,42,2280,0.014165294413663904,0.017835161982609017,0.02763378620147705
loco_external_fire,global_stats,42,2340,0.013289907757116824,0.016773154535423582,0.02797555923461914
loco_external_fire,global_stats,42,2400,0.012699620456111674,0.016048912054481487,0.02980664372444153
loco_external_fire,global_stats,42,2460,0.012025303378397105,0.015337743515326803,0.02785399556159973
loco_external_fire,global_stats,42,2520,0.011918149432357477,0.015272229902772688,0.028900325298309326
loco_external_fire,global_stats,42,2580,0.01254711102466194,0.0156776278428306,0.030442029237747192
loco_external_fire,global_stats,42,2640,0.01302181397165571,0.016313910820521225,0.03208276629447937
loco_external_fire,global_stats,42,2700,0.012368753552436829,0.015552532966460144,0.03119337558746338
loco_external_fire,global_stats,42,2760,0.012132167207951449,0.015216209341806154,0.030575335025787354
loco_external_fire,global_stats,42,2820,0.011861241593652842,0.015098141117794554,0.03187805414199829
loco_external_fire,global_stats,42,2880,0.011601100466689286,0.015008771450322934,0.033277302980422974
loco_external_fire,global_stats,42,2940,0.011435314404721163,0.01462187685197241,0.031093046069145203
loco_external_fire,global_stats,42,3000,0.011395750909435506,0.014504937157761556,0.029016077518463135
loco_external_fire,global_stats,42,3060,0.011911435394870992,0.01487661657070445,0.030907899141311646
loco_external_fire,global_stats,42,3120,0.012623564017062284,0.015695044099618877,0.032934412360191345
loco_external_fire,global_stats,42,3180,0.012394327594309437,0.015315743273179767,0.032104671001434326
loco_external_fire,global_stats,42,3240,0.011870433785477462,0.014715552184745132,0.03178614377975464
loco_external_fire,global_stats,42,3300,0.010793815461956725,0.013967730757649914,0.03084692358970642
loco_external_fire,global_stats,42,3360,0.010556768397895657,0.013616419050548768,0.03008754551410675
loco_external_fire,global_stats,42,3420,0.010318673995076393,0.012797521750486549,0.027836695313453674
loco_external_fire,global_stats,42,3480,0.010012593500468195,0.012035071749878013,0.025909975171089172
loco_external_fire,global_stats,42,3540,0.009837562636453278,0.011622462005455827,0.027274876832962036
loco_external_fire,global_stats,42,3600,0.009660416111654165,0.011579325829443255,0.028808876872062683
loco_external_fire,global_stats,43,0,0.0023177898659998055,0.002329743721029383,0.0
loco_external_fire,global_stats,43,60,0.016598622409664854,0.01895398810612513,0.0337374210357666
loco_external_fire,global_stats,43,120,0.0061643646687877425,0.007410664860764781,0.021036505699157715
loco_external_fire,global_stats,43,180,0.04441191590562159,0.05171715708641223,0.025960206985473633
loco_external_fire,global_stats,43,240,0.014543422630855016,0.017696962264641673,0.045880019664764404
loco_external_fire,global_stats,43,300,0.013448474358539192,0.016371426903922067,0.03716844320297241
loco_external_fire,global_stats,43,360,0.012885732310158866,0.015868576567606787,0.032823801040649414
loco_external_fire,global_stats,43,420,0.009834107087582958,0.01236208497472674,0.035051703453063965
loco_external_fire,global_stats,43,480,0.012040202714958969,0.01437437998220632,0.031363606452941895
loco_external_fire,global_stats,43,540,0.011755731641029825,0.014529818327354544,0.035525619983673096
loco_external_fire,global_stats,43,600,0.013536580971309118,0.017983634732393786,0.050354838371276855
loco_external_fire,global_stats,43,660,0.01367583688424558,0.01785653624971535,0.05094587802886963
loco_external_fire,global_stats,43,720,0.01575049940420657,0.019586957715949475,0.04689669609069824
loco_external_fire,global_stats,43,780,0.014129619209133849,0.018178064100756532,0.039553940296173096
loco_external_fire,global_stats,43,840,0.014908566766855667,0.01870522070767411,0.04181349277496338
loco_external_fire,global_stats,43,900,0.014499422238797558,0.017788551658631694,0.039215683937072754
loco_external_fire,global_stats,43,960,0.014023979099429384,0.017917815294930275,0.04312413930892944
loco_external_fire,global_stats,43,1020,0.013352566835831622,0.016970005224547065,0.04234355688095093
loco_external_fire,global_stats,43,1080,0.014155997305500264,0.01860373420127161,0.06086769700050354
loco_external_fire,global_stats,43,1140,0.014294215611049108,0.01902899000659199,0.0543859601020813
loco_external_fire,global_stats,43,1200,0.015603760675508149,0.019582859756591225,0.05401691794395447
loco_external_fire,global_stats,43,1260,0.012198057709907999,0.01565897204550277,0.04374337196350098
loco_external_fire,global_stats,43,1320,0.01209197847210631,0.015425047987313253,0.03622400760650635
loco_external_fire,global_stats,43,1380,0.011674180930974533,0.014944809878801615,0.04072633385658264
loco_external_fire,global_stats,43,1440,0.012285567668019508,0.014778569120601421,0.030383199453353882
loco_external_fire,global_stats,43,1500,0.01259896037529926,0.014628848416038493,0.032523542642593384
loco_external_fire,global_stats,43,1560,0.013427995297373558,0.015687205963283726,0.03816354274749756
loco_external_fire,global_stats,43,1620,0.012471340140517878,0.014775070335311828,0.03325602412223816
loco_external_fire,global_stats,43,1680,0.01280237399801916,0.015197295737910939,0.030699193477630615
loco_external_fire,global_stats,43,1740,0.012988602020302597,0.015374837182574572,0.026836305856704712
loco_external_fire,global_stats,43,1800,0.013258940103102704,0.015790444457112283,0.031311482191085815
loco_external_fire,global_stats,43,1860,0.012894988059997559,0.015572369639084337,0.02769029140472412
loco_external_fire,global_stats,43,1920,0.012429680751294506,0.01586562371844673,0.028260529041290283
loco_external_fire,global_stats,43,1980,0.01165332842846306,0.015268423891569675,0.024127036333084106
loco_external_fire,global_stats,43,2040,0.01158177061956756,0.015113271671781793,0.02356019616127014
loco_external_fire,global_stats,43,2100,0.01100274981284628,0.014760911522085675,0.028682708740234375
loco_external_fire,global_stats,43,2160,0.011602686375987773,0.015342088098434754,0.0338931679725647
loco_external_fire,global_stats,43,2220,0.012040312801088606,0.01589023904546763,0.03386986255645752
loco_external_fire,global_stats,43,2280,0.013717768143634406,0.0173793687331204,0.033924996852874756
loco_external_fire,global_stats,43,2340,0.012614045824323381,0.016188254806065405,0.03589794039726257
loco_external_fire,global_stats,43,2400,0.012206365259326234,0.015442812971146889,0.037938475608825684
loco_external_fire,global_stats,43,2460,0.011609420484426071,0.014573714272865721,0.03612256050109863
loco_external_fire,global_stats,43,2520,0.011651483725528327,0.01430305002786356,0.03444454073905945
loco_external_fire,global_stats,43,2580,0.011879093184763071,0.014599126570371141,0.035239458084106445
loco_external_fire,global_stats,43,2640,0.012090063216734906,0.015197115422004902,0.036097049713134766
loco_external_fire,global_stats,43,2700,0.01137121569137184,0.014298601492840941,0.035409972071647644
loco_external_fire,global_stats,43,2760,0.011191844940185547,0.013975312576057802,0.03478202223777771
loco_external_fire,global_stats,43,2820,0.01141940391793543,0.01400724218679693,0.0347428023815155
loco_external_fire,global_stats,43,2880,0.011334011445240098,0.014169293959506002,0.03476338088512421
loco_external_fire,global_stats,43,2940,0.011419805336971673,0.01388501150472516,0.03272826969623566
loco_external_fire,global_stats,43,3000,0.011701649549056073,0.013791669011273875,0.030868589878082275
loco_external_fire,global_stats,43,3060,0.011610233357974462,0.013824479205257615,0.03130987286567688
loco_external_fire,global_stats,43,3120,0.011973764215196882,0.014265820341520177,0.03348319232463837
loco_external_fire,global_stats,43,3180,0.011714953853159535,0.013976150147711969,0.03268347680568695
loco_external_fire,global_stats,43,3240,0.01117399426139131,0.01354146127074331,0.0319591760635376
loco_external_fire,global_stats,43,3300,0.010467651547217856,0.013093371015987475,0.030497059226036072
loco_external_fire,global_stats,43,3360,0.010276989973321254,0.013006576577045906,0.029090210795402527
loco_external_fire,global_stats,43,3420,0.009842633288733813,0.012363103454841666,0.02588719129562378
loco_external_fire,global_stats,43,3480,0.009431864230000243,0.011694032699870334,0.023433223366737366
loco_external_fire,global_stats,43,3540,0.009486326149531774,0.011430832744565233,0.023619890213012695
loco_external_fire,global_stats,43,3600,0.009479653774475565,0.01147130606022765,0.024159222841262817
loco_external_fire,global_stats,44,0,0.0019590818152135734,0.001962301879886258,0.0
loco_external_fire,global_stats,44,60,0.01606813012337198,0.018044336203753827,0.032553136348724365
loco_external_fire,global_stats,44,120,0.006444572185983463,0.008181285070132861,0.021298587322235107
loco_external_fire,global_stats,44,180,0.042972623085489076,0.05093443675552153,0.027455031871795654
loco_external_fire,global_stats,44,240,0.014424617193183121,0.01740737913747343,0.03949481248855591
loco_external_fire,global_stats,44,300,0.013830294414442413,0.01651291281417818,0.029507815837860107
loco_external_fire,global_stats,44,360,0.013004928219075106,0.015671324574595188,0.025912344455718994
loco_external_fire,global_stats,44,420,0.010026605761781032,0.012329507025458932,0.0270652174949646
loco_external_fire,global_stats,44,480,0.012066213452086156,0.014613646441673478,0.026176393032073975
loco_external_fire,global_stats,44,540,0.01164886051294755,0.014511967509954524,0.026640772819519043
loco_external_fire,global_stats,44,600,0.013671466282435827,0.017469391258674298,0.046502649784088135
loco_external_fire,global_stats,44,660,0.01349216213031691,0.017160805208156382,0.04725027084350586
loco_external_fire,global_stats,44,720,0.014694946152823312,0.018553411415096383,0.0438767671585083
loco_external_fire,global_stats,44,780,0.014450224078431422,0.018055660826798266,0.0351598858833313
loco_external_fire,global_stats,44,840,0.015287042880544856,0.018949782249610962,0.040455162525177
loco_external_fire,global_stats,44,900,0.01468142319698723,0.017898836407794938,0.04097628593444824
loco_external_fire,global_stats,44,960,0.01437136713339358,0.018013443831472856,0.04543823003768921
loco_external_fire,global_stats,44,1020,0.013911891956718601,0.017516913401297973,0.044363200664520264
loco_external_fire,global_stats,44,1080,0.01475718678260336,0.019207068284562874,0.062200695276260376
loco_external_fire,global_stats,44,1140,0.013263840456398166,0.017742742387965277,0.05132788419723511
loco_external_fire,global_stats,44,1200,0.013951237104376969,0.01710910485142292,0.041860371828079224
loco_external_fire,global_stats,44,1260,0.010473556664525246,0.013304767953808763,0.03318303823471069
loco_external_fire,global_stats,44,1320,0.011192448893371893,0.013707130234283786,0.029543250799179077
loco_external_fire,global_stats,44,1380,0.011065119383286456,0.012838200972923961,0.030408263206481934
loco_external_fire,global_stats,44,1440,0.010410365401482095,0.011946729039422264,0.02275952696800232
loco_external_fire,global_stats,44,1500,0.01010939722158471,0.012099030818585932,0.026264190673828125
loco_external_fire,global_stats,44,1560,0.010613758953250185,0.01335807628179984,0.0325721800327301
loco_external_fire,global_stats,44,1620,0.010218961506473775,0.0128793437557168,0.028291404247283936
loco_external_fire,global_stats,44,1680,0.01099666953086853,0.013616354313492897,0.02650630474090576
loco_external_fire,global_stats,44,1740,0.011032588627873634,0.013627564964620323,0.02453121542930603
loco_external_fire,global_stats,44,1800,0.011856352796359939,0.014618294310854941,0.02787935733795166
loco_external_fire,global_stats,44,1860,0.011615314045730902,0.014883028343472509,0.02270624041557312
loco_external_fire,global_stats,44,1920,0.011581260330823004,0.015579460058731348,0.0224764347076416
loco_external_fire,global_stats,44,1980,0.011324259091396722,0.015417979719997617,0.020796477794647217
loco_external_fire,global_stats,44,2040,0.011649356812846904,0.015720507941812692,0.019654840230941772
loco_external_fire,global_stats,44,2100,0.011082943604916943,0.015364976851357622,0.021757930517196655
loco_external_fire,global_stats,44,2160,0.011939343749260416,0.015937648911703146,0.024617433547973633
loco_external_fire,global_stats,44,2220,0.013106281051830369,0.01679147366767077,0.024185478687286377
loco_external_fire,global_stats,44,2280,0.015125270400728499,0.018512680871712997,0.03778982162475586
loco_external_fire,global_stats,44,2340,0.014069414260436078,0.017381058379644564,0.030946582555770874
loco_external_fire,global_stats,44,2400,0.013280903198281112,0.016532632996373003,0.028202295303344727
loco_external_fire,global_stats,44,2460,0.012581063776600118,0.01567283901698137,0.027023345232009888
loco_external_fire,global_stats,44,2520,0.012508096743603142,0.015426418841758608,0.02734425663948059
loco_external_fire,global_stats,44,2580,0.012844273022242956,0.015614629227888017,0.02975231409072876
loco_external_fire,global_stats,44,2640,0.013174699277293925,0.016006015519295373,0.03212413191795349
loco_external_fire,global_stats,44,2700,0.01224516514612704,0.01500500515084906,0.03197553753852844
loco_external_fire,global_stats,44,2760,0.011784853983898553,0.014510995394943186,0.03180178999900818
loco_external_fire,global_stats,44,2820,0.011528713970768208,0.014250308036490161,0.03344607353210449
loco_external_fire,global_stats,44,2880,0.011241478275279609,0.014058982257691642,0.03490450978279114
loco_external_fire,global_stats,44,2940,0.011071931342689358,0.013489376835265536,0.032136306166648865
loco_external_fire,global_stats,44,3000,0.010854338200724855,0.013141708038125628,0.02922239899635315
loco_external_fire,global_stats,44,3060,0.01084185710975102,0.013147655888171472,0.030295222997665405
loco_external_fire,global_stats,44,3120,0.011307868726399481,0.013707538418637895,0.031389668583869934
loco_external_fire,global_stats,44,3180,0.011184799731994162,0.013562957085049862,0.029506921768188477
loco_external_fire,global_stats,44,3240,0.011109525147749454,0.013466714626803128,0.027781322598457336
loco_external_fire,global_stats,44,3300,0.010824129593615629,0.013182384560087817,0.025466188788414
loco_external_fire,global_stats,44,3360,0.010771245068433334,0.013204007190486563,0.024360939860343933
loco_external_fire,global_stats,44,3420,0.010449036043517443,0.012566853798952813,0.02130018174648285
loco_external_fire,global_stats,44,3480,0.009878094403111205,0.011879765265018152,0.02053992450237274
loco_external_fire,global_stats,44,3540,0.009769110351192708,0.011699440278401913,0.018202662467956543
loco_external_fire,global_stats,44,3600,0.009899022019639308,0.011825922072331938,0.018656551837921143
loco_external_fire,global_stats,45,0,0.0017643461422044405,0.0017747810530954434,0.0
loco_external_fire,global_stats,45,60,0.01619076972105065,0.01829545031924161,0.03321230411529541
loco_external_fire,global_stats,45,120,0.005935009644956005,0.007497816019725524,0.022708415985107422
loco_external_fire,global_stats,45,180,0.044700213841029575,0.05237090022509251,0.02515876293182373
loco_external_fire,global_stats,45,240,0.014751767625614089,0.01805060563885159,0.04903125762939453
loco_external_fire,global_stats,45,300,0.013503955335033183,0.01654205918565322,0.03707528114318848
loco_external_fire,global_stats,45,360,0.012895199717307577,0.015928966823374278,0.028405070304870605
loco_external_fire,global_stats,45,420,0.009876399624104403,0.01219147016293208,0.030436277389526367
loco_external_fire,global_stats,45,480,0.012169087419704515,0.014584543696599868,0.02643662691116333
loco_external_fire,global_stats,45,540,0.011633306133503817,0.014507604226624449,0.028733491897583008
loco_external_fire,global_stats,45,600,0.013654380428547762,0.017632925452655147,0.047632575035095215
loco_external_fire,global_stats,45,660,0.013626620477559616,0.017380609488044783,0.04852569103240967
loco_external_fire,global_stats,45,720,0.014817085801338663,0.018650513191729057,0.044572651386260986
loco_external_fire,global_stats,45,780,0.014216683348830866,0.017820963129432012,0.0355796217918396
loco_external_fire,global_stats,45,840,0.014984563905365613,0.01841342922131487,0.03823453187942505
loco_external_fire,global_stats,45,900,0.014260436807359968,0.017123530587915273,0.037196218967437744
loco_external_fire,global_stats,45,960,0.013495128981921137,0.016853010292856206,0.040817856788635254
loco_external_fire,global_stats,45,1020,0.01285834215125259,0.015852588332469615,0.0391116738319397
loco_external_fire,global_stats,45,1080,0.012704061002147441,0.016835763467442096,0.055992692708969116
loco_external_fire,global_stats,45,1140,0.012644865683146886,0.016065127845460075,0.0459291934967041
loco_external_fire,global_stats,45,1200,0.01358767614072683,0.01656838574147902,0.03897738456726074
loco_external_fire,global_stats,45,1260,0.011046343311971548,0.013915283454379476,0.030210107564926147
loco_external_fire,global_stats,45,1320,0.011073251768034332,0.013629485032570091,0.03083750605583191
loco_external_fire,global_stats,45,1380,0.011188556345141664,0.013141532189372456,0.031034857034683228
loco_external_fire,global_stats,45,1440,0.01067734007932702,0.012700017610452311,0.027966022491455078
loco_external_fire,global_stats,45,1500,0.011040764195578439,0.01302894424289394,0.027616769075393677
loco_external_fire,global_stats,45,1560,0.012198237132052986,0.014452660852624267,0.034855782985687256
loco_external_fire,global_stats,45,1620,0.011573808533804757,0.013865395417879952,0.029321521520614624
loco_external_fire,global_stats,45,1680,0.011752724647521973,0.014272768409373708,0.026027411222457886
loco_external_fire,global_stats,45,1740,0.011826801664975226,0.014341554048236421,0.0240480899810791
loco_external_fire,global_stats,45,1800,0.012212499672052811,0.01499314798358296,0.027599602937698364
loco_external_fire,global_stats,45,1860,0.01178692007551388,0.01512290667065261,0.023411333560943604
loco_external_fire,global_stats,45,1920,0.011468743183174911,0.015574490177935484,0.02030840516090393
loco_external_fire,global_stats,45,1980,0.0112011761081462,0.015282574611238301,0.018895894289016724
loco_external_fire,global_stats,45,2040,0.011446531329836165,0.015396116812735467,0.018768221139907837
loco_external_fire,global_stats,45,2100,0.010586911926464158,0.01487542883535105,0.023633092641830444
loco_external_fire,global_stats,45,2160,0.011576970012820497,0.015256989265855338,0.02891555428504944
loco_external_fire,global_stats,45,2220,0.012131860061567657,0.015816616768631844,0.028062254190444946
loco_external_fire,global_stats,45,2280,0.013477195282371677,0.017097521678194397,0.027851223945617676
loco_external_fire,global_stats,45,2340,0.012573520139772065,0.015896569788427625,0.028682947158813477
loco_external_fire,global_stats,45,2400,0.01213245610801541,0.015165096050542325,0.030163705348968506
loco_external_fire,global_stats,45,2460,0.01141459905371374,0.0144619898421186,0.027814358472824097
loco_external_fire,global_stats,45,2520,0.011608666303206464,0.014517690134232914,0.027615457773208618
loco_external_fire,global_stats,45,2580,0.011837376015526908,0.01503938066279578,0.02977168560028076
loco_external_fire,global_stats,45,2640,0.012393934386117118,0.015802375360884368,0.032388925552368164
loco_external_fire,global_stats,45,2700,0.01191626489162445,0.015094667587092844,0.03301042318344116
loco_external_fire,global_stats,45,2760,0.011650326908851157,0.014815412975723181,0.032552510499954224
loco_external_fire,global_stats,45,2820,0.01173239642260026,0.014725023413623757,0.03375765681266785
loco_external_fire,global_stats,45,2880,0.01144809047786557,0.014635607126638257,0.03501114249229431
loco_external_fire,global_stats,45,2940,0.01123033099028529,0.014296960469915727,0.032664790749549866
loco_external_fire,global_stats,45,3000,0.011075984762639416,0.01415974731779448,0.030416160821914673
loco_external_fire,global_stats,45,3060,0.01151362548069078,0.014528287753392561,0.032130658626556396
loco_external_fire,global_stats,45,3120,0.012276518405700217,0.015374067332479435,0.03397570550441742
loco_external_fire,global_stats,45,3180,0.012189321371973778,0.015103471436816465,0.03290463984012604
loco_external_fire,global_stats,45,3240,0.011948526209714462,0.014791569370779033,0.03198668360710144
loco_external_fire,global_stats,45,3300,0.011051523746276389,0.01421994948749416,0.03028436005115509
loco_external_fire,global_stats,45,3360,0.010772157384424793,0.013931055994956447,0.02856352925300598
loco_external_fire,global_stats,45,3420,0.010537746001263055,0.013271814259219444,0.02514667809009552
loco_external_fire,global_stats,45,3480,0.010109908726750588,0.012525620623297333,0.02190658450126648
loco_external_fire,global_stats,45,3540,0.009957582670815137,0.012236985130791063,0.02194376289844513
loco_external_fire,global_stats,45,3600,0.010015240433264752,0.012256984895749048,0.022157803177833557
loco_external_fire,global_stats,46,0,0.0018364349190069704,0.0018369345083215913,0.0
loco_external_fire,global_stats,46,60,0.015980853109943623,0.018040251266842423,0.03306400775909424
loco_external_fire,global_stats,46,120,0.0064978952310523206,0.007965307383947481,0.020053327083587646
loco_external_fire,global_stats,46,180,0.044618455731138894,0.051949213719798805,0.02535027265548706
loco_external_fire,global_stats,46,240,0.014168561721334651,0.017302589813527388,0.04102492332458496
loco_external_fire,global_stats,46,300,0.013447783431228327,0.01617887420777801,0.029699325561523438
loco_external_fire,global_stats,46,360,0.012951089411365743,0.015889244509718303,0.025185108184814453
loco_external_fire,global_stats,46,420,0.009994942314770758,0.012494317080311923,0.02408468723297119
loco_external_fire,global_stats,46,480,0.012456718756228077,0.014855875574778557,0.025719106197357178
loco_external_fire,global_stats,46,540,0.011598055460015121,0.014626100685857773,0.024708688259124756
loco_external_fire,global_stats,46,600,0.013856174994488152,0.017571407935019972,0.04662179946899414
loco_external_fire,global_stats,46,660,0.013682383663800299,0.017285650009400362,0.046886980533599854
loco_external_fire,global_stats,46,720,0.014716029167175293,0.018413539412428615,0.0431402325630188
loco_external_fire,global_stats,46,780,0.014213706765856062,0.017732877687269787,0.034049391746520996
loco_external_fire,global_stats,46,840,0.014764689669317129,0.018267658922405693,0.03897124528884888
loco_external_fire,global_stats,46,900,0.01425153990181125,0.01720560743516599,0.038134098052978516
loco_external_fire,global_stats,46,960,0.013818336992847676,0.017328001192388708,0.04250597953796387
loco_external_fire,global_stats,46,1020,0.013274585714145583,0.01667750344507376,0.04182732105255127
loco_external_fire,global_stats,46,1080,0.014059411019695049,0.018324407733465817,0.061634570360183716
loco_external_fire,global_stats,46,1140,0.013146051338740758,0.017793411321847537,0.052579402923583984
loco_external_fire,global_stats,46,1200,0.014267703100126617,0.01769822432239004,0.04795774817466736
loco_external_fire,global_stats,46,1260,0.011130104867779479,0.014099639897514412,0.03759172558784485
loco_external_fire,global_stats,46,1320,0.012070847409112113,0.014730264373577192,0.030948489904403687
loco_external_fire,global_stats,46,1380,0.011548165764127458,0.014035151185373082,0.038748979568481445
loco_external_fire,global_stats,46,1440,0.010576391706661302,0.012707815587935127,0.026077687740325928
loco_external_fire,global_stats,46,1500,0.01032594515352833,0.012379149775293245,0.027384459972381592
loco_external_fire,global_stats,46,1560,0.010986705215609804,0.013444385916435016,0.033349454402923584
loco_external_fire,global_stats,46,1620,0.010161104250927361,0.012877349697611966,0.028630167245864868
loco_external_fire,global_stats,46,1680,0.011065576757703508,0.013738873080489551,0.026899755001068115
loco_external_fire,global_stats,46,1740,0.010978577696547216,0.01368318975572891,0.02568286657333374
loco_external_fire,global_stats,46,1800,0.011546893387424702,0.014451207081547682,0.030435889959335327
loco_external_fire,global_stats,46,1860,0.011204660547022917,0.014446347659004018,0.026568979024887085
loco_external_fire,global_stats,46,1920,0.011251146087841111,0.015003365045803295,0.022964119911193848
loco_external_fire,global_stats,46,1980,0.010942344154630388,0.014540831086730977,0.02149602770805359
loco_external_fire,global_stats,46,2040,0.011328066490134415,0.014704795713686967,0.0241546630859375
loco_external_fire,global_stats,46,2100,0.010867810979181406,0.014626127780873034,0.02729836106300354
loco_external_fire,global_stats,46,2160,0.011724594296241293,0.015354851823485755,0.030594348907470703
loco_external_fire,global_stats,46,2220,0.012374410215689212,0.01596236187051965,0.029279619455337524
loco_external_fire,global_stats,46,2280,0.013714191256737222,0.017361736900663113,0.02817574143409729
loco_external_fire,global_stats,46,2340,0.012851777733588705,0.01635415526604073,0.03008553385734558
loco_external_fire,global_stats,46,2400,0.012269226263980476,0.015708238971099856,0.030895590782165527
loco_external_fire,global_stats,46,2460,0.011805120779543507,0.015028867884933086,0.032380878925323486
loco_external_fire,global_stats,46,2520,0.011738221256100401,0.014892411632397663,0.034008026123046875
loco_external_fire,global_stats,46,2580,0.012160164361097375,0.015217835370244093,0.035206139087677
loco_external_fire,global_stats,46,2640,0.012553137784101526,0.015734344648322705,0.036544620990753174
loco_external_fire,global_stats,46,2700,0.011850444942104573,0.014792177949143637,0.03603166341781616
loco_external_fire,global_stats,46,2760,0.011767810704756757,0.01442550095777487,0.035784900188446045
loco_external_fire,global_stats,46,2820,0.011536895620579623,0.014169296143360322,0.03751993179321289
loco_external_fire,global_stats,46,2880,0.010925350444657462,0.01391635300779599,0.03910580277442932
loco_external_fire,global_stats,46,2940,0.010833292591328524,0.01339958714585957,0.03697313368320465
loco_external_fire,global_stats,46,3000,0.010699917467273012,0.013072733627593643,0.034837305545806885
loco_external_fire,global_stats,46,3060,0.010727295157860736,0.013129473267616923,0.03657233715057373
loco_external_fire,global_stats,46,3120,0.011040397140444542,0.013647777509655751,0.038350388407707214
loco_external_fire,global_stats,46,3180,0.010879584112945867,0.013368830335428216,0.037128955125808716
loco_external_fire,global_stats,46,3240,0.01086718817146457,0.013173875743268492,0.03598092496395111
loco_external_fire,global_stats,46,3300,0.009947560879648949,0.012735024053473282,0.03421488404273987
loco_external_fire,global_stats,46,3360,0.009746789932250977,0.012707494710488593,0.03255271911621094
loco_external_fire,global_stats,46,3420,0.00948712989992025,0.012121818079781596,0.029118314385414124
loco_external_fire,global_stats,46,3480,0.009336059190789047,0.011491068897945614,0.02578827738761902
loco_external_fire,global_stats,46,3540,0.00936395933433455,0.0112143612154333,0.02566792070865631
loco_external_fire,global_stats,46,3600,0.009287047142885169,0.011229758291567889,0.025662675499916077
loco_external_fire,deepsets,42,0,0.0025921330160024215,0.002594558853122207,0.0
loco_external_fire,deepsets,42,60,0.01650016161860252,0.018701285449470858,0.033576786518096924
loco_external_fire,deepsets,42,120,0.005954153683720802,0.0074409870497365235,0.023974061012268066
loco_external_fire,deepsets,42,180,0.04784145768807859,0.056213065778784106,0.018055200576782227
loco_external_fire,deepsets,42,240,0.013932616126780607,0.017376678896527338,0.048133909702301025
loco_external_fire,deepsets,42,300,0.01362743547984532,0.01725411352977835,0.0395389199256897
loco_external_fire,deepsets,42,360,0.013611441972304364,0.01712160241632177,0.03070122003555298
loco_external_fire,deepsets,42,420,0.010966581957680839,0.013807998455184857,0.03481185436248779
loco_external_fire,deepsets,42,480,0.012044406667047617,0.015049164108488559,0.03464627265930176
loco_external_fire,deepsets,42,540,0.010004181034710943,0.01308887605468325,0.04126322269439697
loco_external_fire,deepsets,42,600,0.0117602032058093,0.015256819379570099,0.04806339740753174
loco_external_fire,deepsets,42,660,0.010969783578600203,0.01463806596366617,0.0444527268409729
loco_external_fire,deepsets,42,720,0.012464829853602819,0.015424155587179467,0.040833890438079834
loco_external_fire,deepsets,42,780,0.011942918203314957,0.014320360212854178,0.040464162826538086
loco_external_fire,deepsets,42,840,0.012603177099811787,0.015152288194529413,0.04007536172866821
loco_external_fire,deepsets,42,900,0.011543247164512167,0.014049484567922552,0.03278791904449463
loco_external_fire,deepsets,42,960,0.011466703852828669,0.013872800419262305,0.03465396165847778
loco_external_fire,deepsets,42,1020,0.010353420461927141,0.011931730693530755,0.02090764045715332
loco_external_fire,deepsets,42,1080,0.010313417230333601,0.01282338707721582,0.04261776804924011
loco_external_fire,deepsets,42,1140,0.012193320965280339,0.014253998477229399,0.03722226619720459
loco_external_fire,deepsets,42,1200,0.013069616288554912,0.015422426393763818,0.03235015273094177
loco_external_fire,deepsets,42,1260,0.010511512659033951,0.012200311709404258,0.024713754653930664
loco_external_fire,deepsets,42,1320,0.010314780230424841,0.012401422070301068,0.021786361932754517
loco_external_fire,deepsets,42,1380,0.010627721037183489,0.012696863444439078,0.03469076752662659
loco_external_fire,deepsets,42,1440,0.010454993466941677,0.012259048525288859,0.023621708154678345
loco_external_fire,deepsets,42,1500,0.010044023698689987,0.011763660166746147,0.021452665328979492
loco_external_fire,deepsets,42,1560,0.010836049002044055,0.012923656793310008,0.02510961890220642
loco_external_fire,deepsets,42,1620,0.010079166718891688,0.012386961613309648,0.021461963653564453
loco_external_fire,deepsets,42,1680,0.010210452639326757,0.012647000788136777,0.021317750215530396
loco_external_fire,deepsets,42,1740,0.010784564577803319,0.013236830046684918,0.023842960596084595
loco_external_fire,deepsets,42,1800,0.01188316089766366,0.014401930968333036,0.026488959789276123
loco_external_fire,deepsets,42,1860,0.011362677934218426,0.014143622848979014,0.022034406661987305
loco_external_fire,deepsets,42,1920,0.01165927003841011,0.014627314104771603,0.017872154712677002
loco_external_fire,deepsets,42,1980,0.011779606342315674,0.014671137495823758,0.019374340772628784
loco_external_fire,deepsets,42,2040,0.01247292270465773,0.015364013068845262,0.02121785283088684
loco_external_fire,deepsets,42,2100,0.011936496715156399,0.015105034472305245,0.024281412363052368
loco_external_fire,deepsets,42,2160,0.01245755139662295,0.015338105487020453,0.027636021375656128
loco_external_fire,deepsets,42,2220,0.012555711123408104,0.015412839277994174,0.028719723224639893
loco_external_fire,deepsets,42,2280,0.013184892887971839,0.015828656702682506,0.029942065477371216
loco_external_fire,deepsets,42,2340,0.012061851365225655,0.014568774751026106,0.03177770972251892
loco_external_fire,deepsets,42,2400,0.011288034064429147,0.013639893567109809,0.033397167921066284
loco_external_fire,deepsets,42,2460,0.010940179532887985,0.01301889137119264,0.03061428666114807
loco_external_fire,deepsets,42,2520,0.011146124528378857,0.013287189835067893,0.028005927801132202
loco_external_fire,deepsets,42,2580,0.011275105938619497,0.013279808030466743,0.026896536350250244
loco_external_fire,deepsets,42,2640,0.01176269565309797,0.013795653607632605,0.025721967220306396
loco_external_fire,deepsets,42,2700,0.010966329246151204,0.012949594907592,0.026329368352890015
loco_external_fire,deepsets,42,2760,0.010467824887256233,0.012552848706375769,0.027053505182266235
loco_external_fire,deepsets,42,2820,0.01057222850468694,0.0125703971786352,0.026576191186904907
loco_external_fire,deepsets,42,2880,0.010302074405611778,0.012345379352407317,0.025550127029418945
loco_external_fire,deepsets,42,2940,0.010217406311813665,0.012180229708267754,0.026148170232772827
loco_external_fire,deepsets,42,3000,0.01015979142821565,0.012166647252243038,0.026873499155044556
loco_external_fire,deepsets,42,3060,0.009902429215762079,0.011897276026590414,0.02459809184074402
loco_external_fire,deepsets,42,3120,0.009973433248850763,0.01209757569094885,0.027442410588264465
loco_external_fire,deepsets,42,3180,0.009594714155002517,0.011738347145040818,0.02738499641418457
loco_external_fire,deepsets,42,3240,0.009493832685509506,0.011543895141188585,0.0275459885597229
loco_external_fire,deepsets,42,3300,0.009001546368306997,0.011107441639007258,0.026983261108398438
loco_external_fire,deepsets,42,3360,0.00844848916238668,0.011066613756177861,0.027610868215560913
loco_external_fire,deepsets,42,3420,0.008580633268064382,0.010978420567445229,0.028153881430625916
loco_external_fire,deepsets,42,3480,0.008809881550925118,0.011129818139318785,0.029222756624221802
loco_external_fire,deepsets,42,3540,0.008423602702666302,0.010613946821500646,0.02590695023536682
loco_external_fire,deepsets,42,3600,0.008673832732803968,0.010774190459301091,0.024325236678123474
loco_external_fire,deepsets,43,0,0.0019872821107202645,0.0019905796364361127,0.0
loco_external_fire,deepsets,43,60,0.01635517879408233,0.018542706970445175,0.033261775970458984
loco_external_fire,deepsets,43,120,0.006065167942825629,0.007612921463908663,0.023044586181640625
loco_external_fire,deepsets,43,180,0.04316643427829353,0.050777609437418686,0.027710676193237305
loco_external_fire,deepsets,43,240,0.014368976865495955,0.018417727909870757,0.053349196910858154
loco_external_fire,deepsets,43,300,0.0139826487521736,0.01774198733949509,0.03833264112472534
loco_external_fire,deepsets,43,360,0.013299900658276617,0.016779494093173763,0.03144347667694092
loco_external_fire,deepsets,43,420,0.010141822756553183,0.012928709938342848,0.03360563516616821
loco_external_fire,deepsets,43,480,0.012237584104343337,0.014488198265073565,0.02853316068649292
loco_external_fire,deepsets,43,540,0.011309846323363635,0.013850862155571029,0.028349757194519043
loco_external_fire,deepsets,43,600,0.01225177000979988,0.015388757391704817,0.02885335683822632
loco_external_fire,deepsets,43,660,0.010741390744034124,0.013886019936283456,0.025561511516571045
loco_external_fire,deepsets,43,720,0.010433592358414007,0.013620452823436548,0.02087271213531494
loco_external_fire,deepsets,43,780,0.011488578757461237,0.013701954216983806,0.020402610301971436
loco_external_fire,deepsets,43,840,0.013028302971197635,0.014959204016290537,0.023751556873321533
loco_external_fire,deepsets,43,900,0.011910801031151596,0.014231753636643469,0.02900242805480957
loco_external_fire,deepsets,43,960,0.011428927888675612,0.01411686665397557,0.03045332431793213
loco_external_fire,deepsets,43,1020,0.010205883152630865,0.012204003427609637,0.026697218418121338
loco_external_fire,deepsets,43,1080,0.009603854953026285,0.012397110657714663,0.03898826241493225
loco_external_fire,deepsets,43,1140,0.010933168080388283,0.013666708217637333,0.04010745882987976
loco_external_fire,deepsets,43,1200,0.011648549109089131,0.014168450818515626,0.032391488552093506
loco_external_fire,deepsets,43,1260,0.00859906478803985,0.01050092798998911,0.026409775018692017
loco_external_fire,deepsets,43,1320,0.009242179442425164,0.011303311547346916,0.022686690092086792
loco_external_fire,deepsets,43,1380,0.009367903884576291,0.011175390303687728,0.0326848030090332
loco_external_fire,deepsets,43,1440,0.009263054448731092,0.01083056966438831,0.020280182361602783
loco_external_fire,deepsets,43,1500,0.008942377810575525,0.010496831999493313,0.015844881534576416
loco_external_fire,deepsets,43,1560,0.008930907565720228,0.011111814324499042,0.020776033401489258
loco_external_fire,deepsets,43,1620,0.008734527899294483,0.010748858295114095,0.0198555588722229
loco_external_fire,deepsets,43,1680,0.009335905921702482,0.011458675157512649,0.02488681674003601
loco_external_fire,deepsets,43,1740,0.008836648293903895,0.011278754313166635,0.025807976722717285
loco_external_fire,deepsets,43,1800,0.009852796184773348,0.012503644124446567,0.028249502182006836
loco_external_fire,deepsets,43,1860,0.009547698254487952,0.01270463529445842,0.02603524923324585
loco_external_fire,deepsets,43,1920,0.010463116120318977,0.013630180499912405,0.023854732513427734
loco_external_fire,deepsets,43,1980,0.01004151422150281,0.013591084728199919,0.02331322431564331
loco_external_fire,deepsets,43,2040,0.010533703833210225,0.013974506117534924,0.02442026138305664
loco_external_fire,deepsets,43,2100,0.010322678454068243,0.013701077730805656,0.02674373984336853
loco_external_fire,deepsets,43,2160,0.01061640588604674,0.01374181548828043,0.029380768537521362
loco_external_fire,deepsets,43,2220,0.010591111012867518,0.013853516315440396,0.029817640781402588
loco_external_fire,deepsets,43,2280,0.011772777353014265,0.01509119566475151,0.03555604815483093
loco_external_fire,deepsets,43,2340,0.01092286255894875,0.013880685286859857,0.03190213441848755
loco_external_fire,deepsets,43,2400,0.010529437235423498,0.013227767109156432,0.03352048993110657
loco_external_fire,deepsets,43,2460,0.01017595614705767,0.0124928299277554,0.029879093170166016
loco_external_fire,deepsets,43,2520,0.010471536796920153,0.012435302531087945,0.02602437138557434
loco_external_fire,deepsets,43,2580,0.010294157631543219,0.012329831552265542,0.025171011686325073
loco_external_fire,deepsets,43,2640,0.01050495128242337,0.012766625636615458,0.02894115447998047
loco_external_fire,deepsets,43,2700,0.009766815572368855,0.01173728053370221,0.02359229326248169
loco_external_fire,deepsets,43,2760,0.009401058664127273,0.01118432967778134,0.022398650646209717
loco_external_fire,deepsets,43,2820,0.009136511050924962,0.010894284646748785,0.02140536904335022
loco_external_fire,deepsets,43,2880,0.00897655438403694,0.010901424562253874,0.0234372615814209
loco_external_fire,deepsets,43,2940,0.008983341710908073,0.010969317109331283,0.02192114293575287
loco_external_fire,deepsets,43,3000,0.00892122941357749,0.01104017244358323,0.02115204930305481
loco_external_fire,deepsets,43,3060,0.008933376901003778,0.011001090106325877,0.02288717031478882
loco_external_fire,deepsets,43,3120,0.009392149290260004,0.011449056632752148,0.025125503540039062
loco_external_fire,deepsets,43,3180,0.009414406759398324,0.01131266632694596,0.024449244141578674
loco_external_fire,deepsets,43,3240,0.009253375992483022,0.011193175695915741,0.02390901744365692
loco_external_fire,deepsets,43,3300,0.008768037265660812,0.010624344409899912,0.025588035583496094
loco_external_fire,deepsets,43,3360,0.008009112915214228,0.010492628544730391,0.028877750039100647
loco_external_fire,deepsets,43,3420,0.00779524171838955,0.010145429085936863,0.02944307029247284
loco_external_fire,deepsets,43,3480,0.0077380632259407825,0.010040686488851773,0.030093789100646973
loco_external_fire,deepsets,43,3540,0.007318316369640584,0.009464606854867478,0.025233805179595947
loco_external_fire,deepsets,43,3600,0.007289128035915141,0.009179989074410875,0.020661205053329468
loco_external_fire,deepsets,44,0,0.001817373596892065,0.0018410835971757165,0.0
loco_external_fire,deepsets,44,60,0.013542872302386225,0.014827010813343916,0.03065335750579834
loco_external_fire,deepsets,44,120,0.006314199797961177,0.008215775491239365,0.02185690402984619
loco_external_fire,deepsets,44,180,0.04062282552524489,0.049495918967334414,0.03337514400482178
loco_external_fire,deepsets,44,240,0.013848861869500607,0.017292493953347157,0.037208497524261475
loco_external_fire,deepsets,44,300,0.013369490905683868,0.0167152193618276,0.02912503480911255
loco_external_fire,deepsets,44,360,0.012607272790402782,0.015730887756953152,0.02894037961959839
loco_external_fire,deepsets,44,420,0.010042948382241386,0.012575648634405905,0.02915024757385254
loco_external_fire,deepsets,44,480,0.01074499986609634,0.013060756855925386,0.028669774532318115
loco_external_fire,deepsets,44,540,0.010441297171067218,0.012506956960258326,0.03056776523590088
loco_external_fire,deepsets,44,600,0.011017762884801748,0.0140216218043493,0.03484344482421875
loco_external_fire,deepsets,44,660,0.009384166221229397,0.012793534597939601,0.032250940799713135
loco_external_fire,deepsets,44,720,0.011508635112217494,0.013716861504863991,0.03173243999481201
loco_external_fire,deepsets,44,780,0.010766242231641496,0.01325631329805504,0.0343928337097168
loco_external_fire,deepsets,44,840,0.011977898831270178,0.014594618496968255,0.03734844923019409
loco_external_fire,deepsets,44,900,0.012102841114511296,0.014892426705994898,0.03895771503448486
loco_external_fire,deepsets,44,960,0.012670177586224615,0.01617586649208712,0.04022639989852905
loco_external_fire,deepsets,44,1020,0.012039180921048534,0.015016858748395995,0.03203374147415161
loco_external_fire,deepsets,44,1080,0.011717541485416646,0.01551349177230779,0.043285518884658813
loco_external_fire,deepsets,44,1140,0.012061208486557007,0.015490481279771434,0.03761747479438782
loco_external_fire,deepsets,44,1200,0.013362953249289065,0.016033359031269928,0.033549994230270386
loco_external_fire,deepsets,44,1260,0.01053458817151128,0.012500849243403521,0.026997894048690796
loco_external_fire,deepsets,44,1320,0.010203096331382285,0.012382857354239914,0.027711719274520874
loco_external_fire,deepsets,44,1380,0.009098636860750159,0.011111044085066621,0.031063169240951538
loco_external_fire,deepsets,44,1440,0.00869974068232945,0.010335131859554382,0.020704805850982666
loco_external_fire,deepsets,44,1500,0.008570429013699902,0.010683119653158943,0.02443462610244751
loco_external_fire,deepsets,44,1560,0.009413703971979569,0.012201574787340986,0.02483418583869934
loco_external_fire,deepsets,44,1620,0.009211630845556453,0.0116196960773892,0.020604461431503296
loco_external_fire,deepsets,44,1680,0.00997006284947298,0.012208911877623635,0.02548837661743164
loco_external_fire,deepsets,44,1740,0.009242662969900638,0.011846542497672686,0.027235984802246094
loco_external_fire,deepsets,44,1800,0.009533801249095373,0.012473182966684721,0.028602778911590576
loco_external_fire,deepsets,44,1860,0.009268203560186893,0.011840381212643932,0.027048349380493164
loco_external_fire,deepsets,44,1920,0.010156460562530828,0.012306401151239325,0.025878041982650757
loco_external_fire,deepsets,44,1980,0.009820576833218944,0.012196694872270309,0.027056872844696045
loco_external_fire,deepsets,44,2040,0.009906231140603825,0.01278412231552929,0.028451979160308838
loco_external_fire,deepsets,44,2100,0.009975374961385921,0.012576089284523995,0.02861037850379944
loco_external_fire,deepsets,44,2160,0.010348157615077739,0.01273577793431939,0.02891644835472107
loco_external_fire,deepsets,44,2220,0.010033179910815492,0.012723515382814306,0.029579222202301025
loco_external_fire,deepsets,44,2280,0.011205260850945297,0.013863784203180617,0.03036975860595703
loco_external_fire,deepsets,44,2340,0.010174786557956618,0.012561153724053066,0.03189852833747864
loco_external_fire,deepsets,44,2400,0.009580860940777525,0.01177065623003157,0.033553361892700195
loco_external_fire,deepsets,44,2460,0.009496243024358943,0.011293041913913759,0.029742002487182617
loco_external_fire,deepsets,44,2520,0.009895895816841903,0.011402317346983836,0.026138365268707275
loco_external_fire,deepsets,44,2580,0.009479047692551906,0.011540521340196954,0.029923200607299805
loco_external_fire,deepsets,44,2640,0.010023832321166992,0.012317794239953543,0.03382265567779541
loco_external_fire,deepsets,44,2700,0.009532266429492406,0.01141518972936755,0.027353942394256592
loco_external_fire,deepsets,44,2760,0.009384037888779933,0.011242512191302075,0.025337517261505127
loco_external_fire,deepsets,44,2820,0.009765042030081456,0.011512194245134994,0.0262792706489563
loco_external_fire,deepsets,44,2880,0.009755354450673473,0.01178057927809417,0.027392446994781494
loco_external_fire,deepsets,44,2940,0.010078994899379964,0.012106998151960027,0.024998024106025696
loco_external_fire,deepsets,44,3000,0.010097083388542642,0.012376832262561444,0.022770166397094727
loco_external_fire,deepsets,44,3060,0.010765495044844491,0.013008725682482895,0.024584263563156128
loco_external_fire,deepsets,44,3120,0.01150082142985597,0.013858695584987087,0.026693269610404968
loco_external_fire,deepsets,44,3180,0.011632086367023235,0.013708733209729368,0.025921732187271118
loco_external_fire,deepsets,44,3240,0.01140317624929,0.013454155502341678,0.025320440530776978
loco_external_fire,deepsets,44,3300,0.010540916907544039,0.012533465049758817,0.024423792958259583
loco_external_fire,deepsets,44,3360,0.009590407415312164,0.011757026879945185,0.02772451937198639
loco_external_fire,deepsets,44,3420,0.008977654941227972,0.011162628147288385,0.028297603130340576
loco_external_fire,deepsets,44,3480,0.008869394964101364,0.010746623014399681,0.028897032141685486
loco_external_fire,deepsets,44,3540,0.007998693962486423,0.010114474516305486,0.024724960327148438
loco_external_fire,deepsets,44,3600,0.007758766412734985,0.009832926697779684,0.025259464979171753
loco_external_fire,deepsets,45,0,0.0023061426318421656,0.0023193598227124806,0.0
loco_external_fire,deepsets,45,60,0.015999568968403096,0.017949951302022257,0.032843589782714844
loco_external_fire,deepsets,45,120,0.007600160277619654,0.009166356710827137,0.019716620445251465
loco_external_fire,deepsets,45,180,0.046682962349482944,0.053870500787536774,0.022195100784301758
loco_external_fire,deepsets,45,240,0.01365378559852133,0.016971963365714497,0.04033380746841431
loco_external_fire,deepsets,45,300,0.013260682018435731,0.016523256170219346,0.034209609031677246
loco_external_fire,deepsets,45,360,0.012677227964206618,0.01576371087037314,0.02815192937850952
loco_external_fire,deepsets,45,420,0.01058220133489492,0.013326899455380058,0.04012155532836914
loco_external_fire,deepsets,45,480,0.01145188905754868,0.014152795850373674,0.036777377128601074
loco_external_fire,deepsets,45,540,0.010497752501040089,0.013312057368030795,0.03979897499084473
loco_external_fire,deepsets,45,600,0.011142463100199796,0.014902672978503015,0.045763492584228516
loco_external_fire,deepsets,45,660,0.00996148342988929,0.01348495408575405,0.04298597574234009
loco_external_fire,deepsets,45,720,0.01156102637855374,0.01396128209442827,0.0416068434715271
loco_external_fire,deepsets,45,780,0.01085298523610952,0.01330025458462209,0.04470795392990112
loco_external_fire,deepsets,45,840,0.011720004130382928,0.014678923221306067,0.048447608947753906
loco_external_fire,deepsets,45,900,0.011080583747552365,0.014420864678610874,0.04217785596847534
loco_external_fire,deepsets,45,960,0.01175048521586827,0.015280268484523898,0.03739619255065918
loco_external_fire,deepsets,45,1020,0.010608047855143644,0.013553743870594706,0.03460264205932617
loco_external_fire,deepsets,45,1080,0.010444392355120912,0.014357371259523176,0.045006364583969116
loco_external_fire,deepsets,45,1140,0.011907919329039904,0.014831162956790406,0.036107003688812256
loco_external_fire,deepsets,45,1200,0.012941263768137718,0.0156503047396321,0.03683122992515564
loco_external_fire,deepsets,45,1260,0.010294565740896731,0.012641091553580305,0.03584691882133484
loco_external_fire,deepsets,45,1320,0.01049599112296591,0.012989923063904557,0.03610295057296753
loco_external_fire,deepsets,45,1380,0.009797078614332239,0.012073302538295317,0.03278350830078125
loco_external_fire,deepsets,45,1440,0.00980124059988528,0.011420960806436247,0.025118321180343628
loco_external_fire,deepsets,45,1500,0.00983749482096458,0.011677277987366378,0.027147561311721802
loco_external_fire,deepsets,45,1560,0.01042108389796043,0.01315155277724421,0.03062567114830017
loco_external_fire,deepsets,45,1620,0.009551169312730128,0.012365020805417366,0.029422104358673096
loco_external_fire,deepsets,45,1680,0.009824517430091391,0.012675427473660641,0.029114454984664917
loco_external_fire,deepsets,45,1740,0.009669784380465138,0.012601716196097481,0.024887025356292725
loco_external_fire,deepsets,45,1800,0.010332659799225477,0.013304281394346452,0.022938400506973267
loco_external_fire,deepsets,45,1860,0.009883329576375534,0.012874434959497569,0.022481679916381836
loco_external_fire,deepsets,45,1920,0.010097695248467582,0.013194432701012514,0.024031341075897217
loco_external_fire,deepsets,45,1980,0.009593666208033659,0.012729402183240571,0.020719975233078003
loco_external_fire,deepsets,45,2040,0.0099871462705184,0.013010827007774414,0.020983606576919556
loco_external_fire,deepsets,45,2100,0.009733040113838352,0.01294771019976498,0.021954596042633057
loco_external_fire,deepsets,45,2160,0.010500650016628966,0.013474235286813945,0.024791419506072998
loco_external_fire,deepsets,45,2220,0.010806475366864885,0.013700678031780354,0.024192988872528076
loco_external_fire,deepsets,45,2280,0.011654949918085215,0.014436664547924758,0.023759961128234863
loco_external_fire,deepsets,45,2340,0.010340489295064186,0.013019150875404858,0.023921549320220947
loco_external_fire,deepsets,45,2400,0.009646909577505929,0.01210671156678884,0.025241971015930176
loco_external_fire,deepsets,45,2460,0.009382729627648178,0.011410170659916365,0.02154049277305603
loco_external_fire,deepsets,45,2520,0.009829394671381737,0.011599925639109195,0.018093377351760864
loco_external_fire,deepsets,45,2580,0.009810809578214372,0.011693134048924173,0.022212058305740356
loco_external_fire,deepsets,45,2640,0.010215250813231175,0.01223488069096517,0.026473909616470337
loco_external_fire,deepsets,45,2700,0.009366449044675243,0.011281302074617845,0.021096885204315186
loco_external_fire,deepsets,45,2760,0.009062195006681949,0.011051412817696277,0.019824683666229248
loco_external_fire,deepsets,45,2820,0.00906368329816935,0.0110486623908614,0.021855920553207397
loco_external_fire,deepsets,45,2880,0.008734948781071877,0.010806398383629904,0.023294121026992798
loco_external_fire,deepsets,45,2940,0.008674260913109293,0.010607870835020483,0.020832166075706482
loco_external_fire,deepsets,45,3000,0.008793058444042596,0.010946308414910746,0.018144994974136353
loco_external_fire,deepsets,45,3060,0.00919204554995712,0.011537868930446261,0.019425630569458008
loco_external_fire,deepsets,45,3120,0.010171861976993327,0.01250496272789,0.020865783095359802
loco_external_fire,deepsets,45,3180,0.010439975833406254,0.012785524553082175,0.019425183534622192
loco_external_fire,deepsets,45,3240,0.010644674605252792,0.012896833768781842,0.018243104219436646
loco_external_fire,deepsets,45,3300,0.010442747145282979,0.01244927445103632,0.01661783456802368
loco_external_fire,deepsets,45,3360,0.010313052303937018,0.012440449066412444,0.01923811435699463
loco_external_fire,deepsets,45,3420,0.01038148056487648,0.012452615521087423,0.01879461109638214
loco_external_fire,deepsets,45,3480,0.009976822806864368,0.012026657888929095,0.018795087933540344
loco_external_fire,deepsets,45,3540,0.009482704863256338,0.011266810397853187,0.01588544249534607
loco_external_fire,deepsets,45,3600,0.00913898981347376,0.011062826552431924,0.01797027885913849
loco_external_fire,deepsets,46,0,0.002735624507981904,0.0028370711157964766,0.0
loco_external_fire,deepsets,46,60,0.010242647054244061,0.012565920291897145,0.032088518142700195
loco_external_fire,deepsets,46,120,0.006828047791305854,0.00893686386597914,0.020537376403808594
loco_external_fire,deepsets,46,180,0.04475946450720028,0.05158415836765651,0.029032349586486816
loco_external_fire,deepsets,46,240,0.014438548866583377,0.0177190496170009,0.0455668568611145
loco_external_fire,deepsets,46,300,0.013020084828746562,0.01645917781811485,0.03718924522399902
loco_external_fire,deepsets,46,360,0.012569657393864222,0.015730766668286825,0.03525388240814209
loco_external_fire,deepsets,46,420,0.010073003720264045,0.013094152441046406,0.0378192663192749
loco_external_fire,deepsets,46,480,0.010632274102191535,0.013087533872374487,0.03255671262741089
loco_external_fire,deepsets,46,540,0.009744675791993434,0.01195321824515159,0.03220897912979126
loco_external_fire,deepsets,46,600,0.010880661254026452,0.014038065182634148,0.03550070524215698
loco_external_fire,deepsets,46,660,0.009682161467415946,0.012702855935569711,0.03437751531600952
loco_external_fire,deepsets,46,720,0.010864783306511082,0.01330220412959022,0.029765307903289795
loco_external_fire,deepsets,46,780,0.010502303133205491,0.012571929901151609,0.030408501625061035
loco_external_fire,deepsets,46,840,0.011732501643044608,0.014099082548410953,0.03425025939941406
loco_external_fire,deepsets,46,900,0.011916242083724665,0.014735928750228885,0.03379213809967041
loco_external_fire,deepsets,46,960,0.012572882126788703,0.015977960255371505,0.03565436601638794
loco_external_fire,deepsets,46,1020,0.012199741237017572,0.014871591172070498,0.0351560115814209
loco_external_fire,deepsets,46,1080,0.011500644440553626,0.014969903110446624,0.04588994383811951
loco_external_fire,deepsets,46,1140,0.011391293637606562,0.014581579814934163,0.03843432664871216
loco_external_fire,deepsets,46,1200,0.01249672989456021,0.01498734483392413,0.032854169607162476
loco_external_fire,deepsets,46,1260,0.009586619479315621,0.011408988165980393,0.022642165422439575
loco_external_fire,deepsets,46,1320,0.009996046825331084,0.01190710148946581,0.02073618769645691
loco_external_fire,deepsets,46,1380,0.009971871059768054,0.011416294152084477,0.02379131317138672
loco_external_fire,deepsets,46,1440,0.009824920673759617,0.010976863208717165,0.01823088526725769
loco_external_fire,deepsets,46,1500,0.009586015526129275,0.011166121500822291,0.017519742250442505
loco_external_fire,deepsets,46,1560,0.010091910556871064,0.012143012869154474,0.024327129125595093
loco_external_fire,deepsets,46,1620,0.009433726266938813,0.011477223701196497,0.02051028609275818
loco_external_fire,deepsets,46,1680,0.009530779658531656,0.011757669776629162,0.01925399899482727
loco_external_fire,deepsets,46,1740,0.009267187240172406,0.011659331179947491,0.020242363214492798
loco_external_fire,deepsets,46,1800,0.010311496501066247,0.01260747387703324,0.024655580520629883
loco_external_fire,deepsets,46,1860,0.00942827548299517,0.01200278858537702,0.021829813718795776
loco_external_fire,deepsets,46,1920,0.009741988717293253,0.012389097135070437,0.021276414394378662
loco_external_fire,deepsets,46,1980,0.009943392811989298,0.012531663814174906,0.02202153205871582
loco_external_fire,deepsets,46,2040,0.010644924883939783,0.013476519495647637,0.024995803833007812
loco_external_fire,deepsets,46,2100,0.010530330696884466,0.013208332513453337,0.027676492929458618
loco_external_fire,deepsets,46,2160,0.010686049655992158,0.013287348641946035,0.029891371726989746
loco_external_fire,deepsets,46,2220,0.010695928213547687,0.01354144096825116,0.029797285795211792
loco_external_fire,deepsets,46,2280,0.01186099648475647,0.01468501961610218,0.02980545163154602
loco_external_fire,deepsets,46,2340,0.010553292473968195,0.01344270811329836,0.03031650185585022
loco_external_fire,deepsets,46,2400,0.009879375598868546,0.012716297378617987,0.030945003032684326
loco_external_fire,deepsets,46,2460,0.010041404135373175,0.01225723452003838,0.0271587073802948
loco_external_fire,deepsets,46,2520,0.010585902904977604,0.012595494756903927,0.023313403129577637
loco_external_fire,deepsets,46,2580,0.01060806366862083,0.012620432742997477,0.02103552222251892
loco_external_fire,deepsets,46,2640,0.011088125559748436,0.013304547721012762,0.022855669260025024
loco_external_fire,deepsets,46,2700,0.010284259915351868,0.012503415780980656,0.018363505601882935
loco_external_fire,deepsets,46,2760,0.010068796423016762,0.012094660023739703,0.0180605947971344
loco_external_fire,deepsets,46,2820,0.010141855599928876,0.012174418741431747,0.01920318603515625
loco_external_fire,deepsets,46,2880,0.01009020239722972,0.012178843773161783,0.02104848623275757
loco_external_fire,deepsets,46,2940,0.01045450720251823,0.01238605660440204,0.019355610013008118
loco_external_fire,deepsets,46,3000,0.010499488942477167,0.012563720825649567,0.017796486616134644
loco_external_fire,deepsets,46,3060,0.010385235049286666,0.01253839540560377,0.020214274525642395
loco_external_fire,deepsets,46,3120,0.010871820912069204,0.01302886994997882,0.022756323218345642
loco_external_fire,deepsets,46,3180,0.0109143144622141,0.012814261947939791,0.02236059308052063
loco_external_fire,deepsets,46,3240,0.01092548060173891,0.01283177194914167,0.022076919674873352
loco_external_fire,deepsets,46,3300,0.010158446370338907,0.01192516758523184,0.022481828927993774
loco_external_fire,deepsets,46,3360,0.009324692037640785,0.011425163733291555,0.025603950023651123
loco_external_fire,deepsets,46,3420,0.00922691852462535,0.011129941983085645,0.025881171226501465
loco_external_fire,deepsets,46,3480,0.009020707132864972,0.01084889875769254,0.026269614696502686
loco_external_fire,deepsets,46,3540,0.008304684746022127,0.01015256465936587,0.02187393605709076
loco_external_fire,deepsets,46,3600,0.008268622111301032,0.009931748184686711,0.017391175031661987
loco_external_fire,capacity_matched_deepsets,42,0,0.0022961594620529487,0.002298592049719145,0.0
loco_external_fire,capacity_matched_deepsets,42,60,0.01604050641157189,0.018054889763402318,0.03272920846939087
loco_external_fire,capacity_matched_deepsets,42,120,0.006513720872450848,0.008363923898583474,0.020733118057250977
loco_external_fire,capacity_matched_deepsets,42,180,0.04873754053699727,0.05608931450591902,0.021755754947662354
loco_external_fire,capacity_matched_deepsets,42,240,0.014074059165253932,0.01716563883290042,0.04695272445678711
loco_external_fire,capacity_matched_deepsets,42,300,0.013669998061900236,0.016483795149003812,0.03561115264892578
loco_external_fire,capacity_matched_deepsets,42,360,0.013666829284356564,0.016308071851915868,0.02855783700942993
loco_external_fire,capacity_matched_deepsets,42,420,0.010736302453644422,0.012842050603321534,0.03066706657409668
loco_external_fire,capacity_matched_deepsets,42,480,0.011568470877044055,0.013777584645994932,0.029644131660461426
loco_external_fire,capacity_matched_deepsets,42,540,0.009743538438057413,0.012069198305897358,0.03460395336151123
loco_external_fire,capacity_matched_deepsets,42,600,0.01067865868004001,0.01332747084160598,0.040392160415649414
loco_external_fire,capacity_matched_deepsets,42,660,0.009330507443875683,0.012121611011923996,0.03695172071456909
loco_external_fire,capacity_matched_deepsets,42,720,0.011461864928809963,0.013493218129442845,0.03456395864486694
loco_external_fire,capacity_matched_deepsets,42,780,0.00980522194687201,0.012281096739645855,0.03624826669692993
loco_external_fire,capacity_matched_deepsets,42,840,0.010597755714338653,0.012823484885411159,0.036868929862976074
loco_external_fire,capacity_matched_deepsets,42,900,0.010269796361728591,0.012070054174986274,0.029235541820526123
loco_external_fire,capacity_matched_deepsets,42,960,0.010284230417134811,0.012328462166230037,0.026270568370819092
loco_external_fire,capacity_matched_deepsets,42,1020,0.009720905702941271,0.01150158999048908,0.024047672748565674
loco_external_fire,capacity_matched_deepsets,42,1080,0.009029325782036295,0.012196490597842174,0.04100486636161804
loco_external_fire,capacity_matched_deepsets,42,1140,0.011077373611683749,0.013899383303013858,0.03553366661071777
loco_external_fire,capacity_matched_deepsets,42,1200,0.012103018103813638,0.014967406304265848,0.027987778186798096
loco_external_fire,capacity_matched_deepsets,42,1260,0.009433763975999793,0.011434861840230359,0.0255776047706604
loco_external_fire,capacity_matched_deepsets,42,1320,0.008912137576511927,0.010766883357633731,0.02175736427307129
loco_external_fire,capacity_matched_deepsets,42,1380,0.008999016211957348,0.010707531155818132,0.028612494468688965
loco_external_fire,capacity_matched_deepsets,42,1440,0.008696232523236955,0.010484173089182298,0.022263020277023315
loco_external_fire,capacity_matched_deepsets,42,1500,0.008627200005005817,0.010139521896146945,0.017116129398345947
loco_external_fire,capacity_matched_deepsets,42,1560,0.008860106370886979,0.011071545206010126,0.022086769342422485
loco_external_fire,capacity_matched_deepsets,42,1620,0.00811096478481682,0.010073882056074264,0.019024133682250977
loco_external_fire,capacity_matched_deepsets,42,1680,0.008358047932994609,0.01030416460845551,0.016613930463790894
loco_external_fire,capacity_matched_deepsets,42,1740,0.008364614175290478,0.010687961131408455,0.019474416971206665
loco_external_fire,capacity_matched_deepsets,42,1800,0.009313587631498064,0.011842133208462878,0.022206366062164307
loco_external_fire,capacity_matched_deepsets,42,1860,0.00927301329009387,0.01208909699455042,0.017691105604171753
loco_external_fire,capacity_matched_deepsets,42,1920,0.010183246160040096,0.012903062551493814,0.01448848843574524
loco_external_fire,capacity_matched_deepsets,42,1980,0.010040412751995787,0.013069577379539218,0.015864253044128418
loco_external_fire,capacity_matched_deepsets,42,2040,0.010440307612321814,0.013711363310313958,0.01723739504814148
loco_external_fire,capacity_matched_deepsets,42,2100,0.010003337446524173,0.013209846525440912,0.017443925142288208
loco_external_fire,capacity_matched_deepsets,42,2160,0.010313243282084562,0.013405350820015215,0.01832178235054016
loco_external_fire,capacity_matched_deepsets,42,2220,0.010836717425560465,0.013804644316252534,0.018871337175369263
loco_external_fire,capacity_matched_deepsets,42,2280,0.011913518516384825,0.014677224916139403,0.022293686866760254
loco_external_fire,capacity_matched_deepsets,42,2340,0.010830725942339216,0.013312400153121722,0.022314995527267456
loco_external_fire,capacity_matched_deepsets,42,2400,0.00974561061177935,0.012258380472325827,0.024942755699157715
loco_external_fire,capacity_matched_deepsets,42,2460,0.009197884676407794,0.011453607996039124,0.02175658941268921
loco_external_fire,capacity_matched_deepsets,42,2520,0.009158108915601457,0.011330323862426368,0.017666161060333252
loco_external_fire,capacity_matched_deepsets,42,2580,0.009173163954092532,0.011282674197267925,0.021060705184936523
loco_external_fire,capacity_matched_deepsets,42,2640,0.009262811164466702,0.011594632485863704,0.024660080671310425
loco_external_fire,capacity_matched_deepsets,42,2700,0.008557985327681717,0.010694973349325733,0.019158869981765747
loco_external_fire,capacity_matched_deepsets,42,2760,0.008319747387146463,0.010542888404048047,0.014395803213119507
loco_external_fire,capacity_matched_deepsets,42,2820,0.00839893276594123,0.010437556506258217,0.013603150844573975
loco_external_fire,capacity_matched_deepsets,42,2880,0.008483762339669831,0.010276699916474412,0.013823136687278748
loco_external_fire,capacity_matched_deepsets,42,2940,0.00852037145166981,0.01039139551431488,0.012509211897850037
loco_external_fire,capacity_matched_deepsets,42,3000,0.008713086040652528,0.010731243103920709,0.014803916215896606
loco_external_fire,capacity_matched_deepsets,42,3060,0.008818279115521178,0.010922419174878776,0.01594613492488861
loco_external_fire,capacity_matched_deepsets,42,3120,0.009290455251323933,0.011522298162168905,0.017192423343658447
loco_external_fire,capacity_matched_deepsets,42,3180,0.009197092786127207,0.01141746111129291,0.018273979425430298
loco_external_fire,capacity_matched_deepsets,42,3240,0.009199673423961717,0.011160240708618676,0.01945216953754425
loco_external_fire,capacity_matched_deepsets,42,3300,0.00817159365634529,0.01029743455291955,0.022427722811698914
loco_external_fire,capacity_matched_deepsets,42,3360,0.007666254530147631,0.00987522059661942,0.02550789713859558
loco_external_fire,capacity_matched_deepsets,42,3420,0.007637970909780386,0.009617814746749963,0.02579006552696228
loco_external_fire,capacity_matched_deepsets,42,3480,0.007528619802727991,0.009382455688570199,0.026177257299423218
loco_external_fire,capacity_matched_deepsets,42,3540,0.006832733750343323,0.008680375031996623,0.02176874876022339
loco_external_fire,capacity_matched_deepsets,42,3600,0.0070882971797670636,0.008628981026012056,0.017462626099586487
loco_external_fire,capacity_matched_deepsets,43,0,0.0024652420258035467,0.0024750387093002493,0.0
loco_external_fire,capacity_matched_deepsets,43,60,0.015508156649920404,0.017334080094471356,0.03215944766998291
loco_external_fire,capacity_matched_deepsets,43,120,0.005809990727171606,0.00747003978700296,0.02109062671661377
loco_external_fire,capacity_matched_deepsets,43,180,0.0453706432361992,0.05304070530351857,0.02326679229736328
loco_external_fire,capacity_matched_deepsets,43,240,0.014849239466141681,0.018064867718849208,0.05030161142349243
loco_external_fire,capacity_matched_deepsets,43,300,0.014126047796132614,0.016968396303452534,0.03704261779785156
loco_external_fire,capacity_matched_deepsets,43,360,0.013650412462195572,0.01642477332398894,0.033049166202545166
loco_external_fire,capacity_matched_deepsets,43,420,0.01092208161646006,0.01309808001677224,0.036352694034576416
loco_external_fire,capacity_matched_deepsets,43,480,0.010767473250019307,0.012941851338517144,0.03138214349746704
loco_external_fire,capacity_matched_deepsets,43,540,0.009290861840150794,0.01163567597857252,0.03348582983016968
loco_external_fire,capacity_matched_deepsets,43,600,0.010072382128968532,0.013003123307948087,0.03834289312362671
loco_external_fire,capacity_matched_deepsets,43,660,0.008584901994588424,0.011380633975942531,0.03506582975387573
loco_external_fire,capacity_matched_deepsets,43,720,0.010468057223728724,0.012487706020134484,0.03365182876586914
loco_external_fire,capacity_matched_deepsets,43,780,0.009119929099569515,0.011271580427433973,0.03627181053161621
loco_external_fire,capacity_matched_deepsets,43,840,0.009854637846654775,0.012290305196375646,0.03946959972381592
loco_external_fire,capacity_matched_deepsets,43,900,0.009601961593238674,0.011817007951478541,0.033226609230041504
loco_external_fire,capacity_matched_deepsets,43,960,0.010172281946454729,0.012281341515520437,0.027705013751983643
loco_external_fire,capacity_matched_deepsets,43,1020,0.009200075451208621,0.011304949855247895,0.023518800735473633
loco_external_fire,capacity_matched_deepsets,43,1080,0.00918525396561136,0.012492480121963774,0.041551560163497925
loco_external_fire,capacity_matched_deepsets,43,1140,0.010647764011305206,0.013409648749822645,0.03437274694442749
loco_external_fire,capacity_matched_deepsets,43,1200,0.011432472540407764,0.01420717695605486,0.029829680919647217
loco_external_fire,capacity_matched_deepsets,43,1260,0.008684951431897223,0.010577067988312103,0.021918803453445435
loco_external_fire,capacity_matched_deepsets,43,1320,0.00940791259006578,0.011323970993120314,0.02203872799873352
loco_external_fire,capacity_matched_deepsets,43,1380,0.009291123370735012,0.01130452348468937,0.034298062324523926
loco_external_fire,capacity_matched_deepsets,43,1440,0.008692802215109065,0.01023146094469391,0.024044036865234375
loco_external_fire,capacity_matched_deepsets,43,1500,0.008058659884394432,0.009477051535091326,0.018012195825576782
loco_external_fire,capacity_matched_deepsets,43,1560,0.008491645662152037,0.010516232799896887,0.023816227912902832
loco_external_fire,capacity_matched_deepsets,43,1620,0.007982226050629909,0.00986315446586836,0.02249106764793396
loco_external_fire,capacity_matched_deepsets,43,1680,0.008865282851822523,0.01062666559327384,0.024031907320022583
loco_external_fire,capacity_matched_deepsets,43,1740,0.008586404274921028,0.010740179990498677,0.025014013051986694
loco_external_fire,capacity_matched_deepsets,43,1800,0.009024887060632512,0.011663773213027646,0.026653409004211426
loco_external_fire,capacity_matched_deepsets,43,1860,0.00864492812935187,0.011334611363789288,0.025659173727035522
loco_external_fire,capacity_matched_deepsets,43,1920,0.008657237704919309,0.011798723901713491,0.025155067443847656
loco_external_fire,capacity_matched_deepsets,43,1980,0.00861265464704864,0.011525951411258619,0.027139991521835327
loco_external_fire,capacity_matched_deepsets,43,2040,0.008891702914724544,0.011863113309879164,0.02890142798423767
loco_external_fire,capacity_matched_deepsets,43,2100,0.00866267510822841,0.011345658740327213,0.02813616394996643
loco_external_fire,capacity_matched_deepsets,43,2160,0.009036103681642182,0.011437714505023679,0.027379006147384644
loco_external_fire,capacity_matched_deepsets,43,2220,0.009062917865052516,0.01149890905306571,0.027017951011657715
loco_external_fire,capacity_matched_deepsets,43,2280,0.009977486668800821,0.012676009664558983,0.026835381984710693
loco_external_fire,capacity_matched_deepsets,43,2340,0.008895827799427266,0.011462204281050346,0.027456045150756836
loco_external_fire,capacity_matched_deepsets,43,2400,0.008179640891600629,0.010919085408081192,0.028250068426132202
loco_external_fire,capacity_matched_deepsets,43,2460,0.008144072732146906,0.010268876174298336,0.02318727970123291
loco_external_fire,capacity_matched_deepsets,43,2520,0.0084719396367365,0.010491480423345178,0.01865631341934204
loco_external_fire,capacity_matched_deepsets,43,2580,0.008504403488976615,0.010642577366591393,0.022051364183425903
loco_external_fire,capacity_matched_deepsets,43,2640,0.008653486869773087,0.011160397374621085,0.025594353675842285
loco_external_fire,capacity_matched_deepsets,43,2700,0.008160280633945855,0.010356892656002778,0.020171523094177246
loco_external_fire,capacity_matched_deepsets,43,2760,0.008187235009913542,0.010080465651868726,0.015936225652694702
loco_external_fire,capacity_matched_deepsets,43,2820,0.007994000096710361,0.009812878177132257,0.015171617269515991
loco_external_fire,capacity_matched_deepsets,43,2880,0.008033982345036097,0.009705319349584006,0.01572684943675995
loco_external_fire,capacity_matched_deepsets,43,2940,0.008258982276429936,0.009748230253893448,0.014419376850128174
loco_external_fire,capacity_matched_deepsets,43,3000,0.008608240558176624,0.010188111950776837,0.015211254358291626
loco_external_fire,capacity_matched_deepsets,43,3060,0.008884791208773243,0.010565320168860939,0.015761062502861023
loco_external_fire,capacity_matched_deepsets,43,3120,0.009506321379116603,0.01141785127893938,0.016738101840019226
loco_external_fire,capacity_matched_deepsets,43,3180,0.009342227663312639,0.01150130200581018,0.017144054174423218
loco_external_fire,capacity_matched_deepsets,43,3240,0.009259844921073136,0.011424359780745729,0.018013715744018555
loco_external_fire,capacity_matched_deepsets,43,3300,0.008315181853819867,0.010697627135148312,0.021020978689193726
loco_external_fire,capacity_matched_deepsets,43,3360,0.008035478847367423,0.01050380691892117,0.024232566356658936
loco_external_fire,capacity_matched_deepsets,43,3420,0.007682193298729098,0.010107163829513639,0.02472187578678131
loco_external_fire,capacity_matched_deepsets,43,3480,0.007550610875596805,0.009661212924866243,0.02538914978504181
loco_external_fire,capacity_matched_deepsets,43,3540,0.007168622345340495,0.008960207416967078,0.021332338452339172
loco_external_fire,capacity_matched_deepsets,43,3600,0.007404487656087292,0.008904691525202622,0.01738898456096649
loco_external_fire,capacity_matched_deepsets,44,0,0.0019742700518394,0.001984816102189111,0.0
loco_external_fire,capacity_matched_deepsets,44,60,0.01486207879319483,0.016410601112265152,0.03154534101486206
loco_external_fire,capacity_matched_deepsets,44,120,0.007837671406415045,0.009652484222277418,0.017463624477386475
loco_external_fire,capacity_matched_deepsets,44,180,0.041361920687617085,0.0505041802093774,0.033364176750183105
loco_external_fire,capacity_matched_deepsets,44,240,0.014849095928425692,0.018178158179291998,0.05007237195968628
loco_external_fire,capacity_matched_deepsets,44,300,0.014441248105496777,0.017258849377828105,0.03964775800704956
loco_external_fire,capacity_matched_deepsets,44,360,0.01361508880342756,0.01666404531550112,0.03545349836349487
loco_external_fire,capacity_matched_deepsets,44,420,0.010294405781492894,0.013044906870274642,0.03377479314804077
loco_external_fire,capacity_matched_deepsets,44,480,0.010893200125013078,0.01278588131075439,0.03146171569824219
loco_external_fire,capacity_matched_deepsets,44,540,0.010664634558619285,0.012755418392703746,0.03174114227294922
loco_external_fire,capacity_matched_deepsets,44,600,0.010524719345326327,0.013420475787011051,0.032112300395965576
loco_external_fire,capacity_matched_deepsets,44,660,0.009290810750455273,0.01171053017134567,0.027023255825042725
loco_external_fire,capacity_matched_deepsets,44,720,0.01020012583051409,0.012432028410248184,0.025528371334075928
loco_external_fire,capacity_matched_deepsets,44,780,0.009842191423688616,0.011985785963184906,0.02930206060409546
loco_external_fire,capacity_matched_deepsets,44,840,0.011489529998934999,0.013383061646949012,0.033811092376708984
loco_external_fire,capacity_matched_deepsets,44,900,0.01084573049934543,0.01342079383536045,0.03174775838851929
loco_external_fire,capacity_matched_deepsets,44,960,0.01102739937451421,0.014010163572518636,0.03310638666152954
loco_external_fire,capacity_matched_deepsets,44,1020,0.009946023931308669,0.012462816338464563,0.02612823247909546
loco_external_fire,capacity_matched_deepsets,44,1080,0.009121842530308937,0.012338487075707288,0.03430411219596863
loco_external_fire,capacity_matched_deepsets,44,1140,0.010717258769638685,0.01302286876284599,0.029370099306106567
loco_external_fire,capacity_matched_deepsets,44,1200,0.011491127160130715,0.013840342475567279,0.025646597146987915
loco_external_fire,capacity_matched_deepsets,44,1260,0.009156724628137082,0.010921396790398252,0.022051244974136353
loco_external_fire,capacity_matched_deepsets,44,1320,0.010051727903132536,0.012303407812428169,0.02396562695503235
loco_external_fire,capacity_matched_deepsets,44,1380,0.010248167174203055,0.012565320056629019,0.04017767310142517
loco_external_fire,capacity_matched_deepsets,44,1440,0.009277112021738169,0.011596807060626522,0.026543080806732178
loco_external_fire,capacity_matched_deepsets,44,1500,0.009164231164114816,0.010656890302133563,0.019527405500411987
loco_external_fire,capacity_matched_deepsets,44,1560,0.00910815961506902,0.01112544747583404,0.019231468439102173
loco_external_fire,capacity_matched_deepsets,44,1620,0.008492097562673141,0.010466340680021854,0.017543405294418335
loco_external_fire,capacity_matched_deepsets,44,1680,0.009135044959126686,0.011298787454175757,0.01778140664100647
loco_external_fire,capacity_matched_deepsets,44,1740,0.00887021239922971,0.011447830310785034,0.02033257484436035
loco_external_fire,capacity_matched_deepsets,44,1800,0.009586669352589821,0.01246368155555581,0.022992074489593506
loco_external_fire,capacity_matched_deepsets,44,1860,0.009057760238647461,0.012140508763838261,0.02222779393196106
loco_external_fire,capacity_matched_deepsets,44,1920,0.009641708768143947,0.012405830794111963,0.019822746515274048
loco_external_fire,capacity_matched_deepsets,44,1980,0.009387920097428925,0.012160194896468142,0.02065369486808777
loco_external_fire,capacity_matched_deepsets,44,2040,0.010223099163600377,0.013037899683638991,0.021893411874771118
loco_external_fire,capacity_matched_deepsets,44,2100,0.010278196359167293,0.013159963538975602,0.021862417459487915
loco_external_fire,capacity_matched_deepsets,44,2160,0.010691657358286331,0.013552012585618212,0.02194690704345703
loco_external_fire,capacity_matched_deepsets,44,2220,0.011062443256378174,0.013858791881762159,0.022837787866592407
loco_external_fire,capacity_matched_deepsets,44,2280,0.012045502662658691,0.01501874933793265,0.02386137843132019
loco_external_fire,capacity_matched_deepsets,44,2340,0.011578017351578693,0.014145564307902647,0.024027884006500244
loco_external_fire,capacity_matched_deepsets,44,2400,0.010986187020126654,0.013806065448354015,0.02520817518234253
loco_external_fire,capacity_matched_deepsets,44,2460,0.010671327308732636,0.013306638335290187,0.020850270986557007
loco_external_fire,capacity_matched_deepsets,44,2520,0.010625443288258143,0.013638433401059046,0.016876250505447388
loco_external_fire,capacity_matched_deepsets,44,2580,0.010663086662487107,0.013660755854709614,0.02049878239631653
loco_external_fire,capacity_matched_deepsets,44,2640,0.011229727949414934,0.014142017662960495,0.024257630109786987
loco_external_fire,capacity_matched_deepsets,44,2700,0.010632197163542923,0.013539995064151015,0.01890665292739868
loco_external_fire,capacity_matched_deepsets,44,2760,0.010728545638979698,0.013417720741940527,0.013926714658737183
loco_external_fire,capacity_matched_deepsets,44,2820,0.011048254005762995,0.013610890987143878,0.01509183645248413
loco_external_fire,capacity_matched_deepsets,44,2880,0.011454363562622848,0.01369773107886333,0.01585020124912262
loco_external_fire,capacity_matched_deepsets,44,2940,0.011364470939246975,0.013570275928294361,0.013449296355247498
loco_external_fire,capacity_matched_deepsets,44,3000,0.011501267552375793,0.013851509687216573,0.015582293272018433
loco_external_fire,capacity_matched_deepsets,44,3060,0.011703037789889745,0.014400877470465034,0.01596561074256897
loco_external_fire,capacity_matched_deepsets,44,3120,0.012269619776278126,0.01523121821272674,0.01657813787460327
loco_external_fire,capacity_matched_deepsets,44,3180,0.012288074408258711,0.015162990536713064,0.017185136675834656
loco_external_fire,capacity_matched_deepsets,44,3240,0.012230210462395025,0.014920549302767292,0.017893508076667786
loco_external_fire,capacity_matched_deepsets,44,3300,0.01156981076513018,0.014171996509941404,0.02039794623851776
loco_external_fire,capacity_matched_deepsets,44,3360,0.011193946916229871,0.013856310017247126,0.023003429174423218
loco_external_fire,capacity_matched_deepsets,44,3420,0.010880958060829006,0.01365626978001483,0.022565871477127075
loco_external_fire,capacity_matched_deepsets,44,3480,0.010816198222491205,0.013270153039171104,0.022001177072525024
loco_external_fire,capacity_matched_deepsets,44,3540,0.010793674052978049,0.012971317365965176,0.0166623592376709
loco_external_fire,capacity_matched_deepsets,44,3600,0.011096423681901425,0.0131779243142801,0.016659855842590332
loco_external_fire,capacity_matched_deepsets,45,0,0.003356545555348299,0.0033825856058749054,0.0
loco_external_fire,capacity_matched_deepsets,45,60,0.015605557938011326,0.017512039572320726,0.03276360034942627
loco_external_fire,capacity_matched_deepsets,45,120,0.005928060229943723,0.007778325136195418,0.02208942174911499
loco_external_fire,capacity_matched_deepsets,45,180,0.04738756588527134,0.05379126607006944,0.025581657886505127
loco_external_fire,capacity_matched_deepsets,45,240,0.014372761152228531,0.017303989543106687,0.040398478507995605
loco_external_fire,capacity_matched_deepsets,45,300,0.013964514343106017,0.01683593602776738,0.028050005435943604
loco_external_fire,capacity_matched_deepsets,45,360,0.014160820416041784,0.01744575443970458,0.026532649993896484
loco_external_fire,capacity_matched_deepsets,45,420,0.011157321686647376,0.013661099801136205,0.02268737554550171
loco_external_fire,capacity_matched_deepsets,45,480,0.01239621639251709,0.014801748041224578,0.025289595127105713
loco_external_fire,capacity_matched_deepsets,45,540,0.010253155718044358,0.01262730736716822,0.03186851739883423
loco_external_fire,capacity_matched_deepsets,45,600,0.011335007998408104,0.014332068719484179,0.03665107488632202
loco_external_fire,capacity_matched_deepsets,45,660,0.010286250892950564,0.012811673378624839,0.03588902950286865
loco_external_fire,capacity_matched_deepsets,45,720,0.0118860590214632,0.013829702089836606,0.02960503101348877
loco_external_fire,capacity_matched_deepsets,45,780,0.012075384052432313,0.014089093595275748,0.022233128547668457
loco_external_fire,capacity_matched_deepsets,45,840,0.014301214899335588,0.01663721057688625,0.024053335189819336
loco_external_fire,capacity_matched_deepsets,45,900,0.013491927361001774,0.015534774899295015,0.021219074726104736
loco_external_fire,capacity_matched_deepsets,45,960,0.013000043071046168,0.015291566410003083,0.02098172903060913
loco_external_fire,capacity_matched_deepsets,45,1020,0.01084381220292072,0.01310510767161283,0.017669737339019775
loco_external_fire,capacity_matched_deepsets,45,1080,0.011062648831581583,0.013145766769129706,0.03338661789894104
loco_external_fire,capacity_matched_deepsets,45,1140,0.012456232187699298,0.014645488560278934,0.026457607746124268
loco_external_fire,capacity_matched_deepsets,45,1200,0.012462766194830135,0.015085339031520142,0.02416875958442688
loco_external_fire,capacity_matched_deepsets,45,1260,0.009528871093477522,0.011751236428849685,0.024425208568572998
loco_external_fire,capacity_matched_deepsets,45,1320,0.010433698187069016,0.012739606292812629,0.025018930435180664
loco_external_fire,capacity_matched_deepsets,45,1380,0.009764910960684017,0.012480674355342485,0.031523317098617554
loco_external_fire,capacity_matched_deepsets,45,1440,0.00974926656606246,0.012263471518014421,0.02629321813583374
loco_external_fire,capacity_matched_deepsets,45,1500,0.009718980716199291,0.011969644314716268,0.02680051326751709
loco_external_fire,capacity_matched_deepsets,45,1560,0.010204883862514886,0.012470799032205429,0.031239807605743408
loco_external_fire,capacity_matched_deepsets,45,1620,0.009078074474723972,0.011050472223408525,0.025678902864456177
loco_external_fire,capacity_matched_deepsets,45,1680,0.009389050761047674,0.01133735249982143,0.0246104896068573
loco_external_fire,capacity_matched_deepsets,45,1740,0.009891531297138758,0.01196154906870675,0.025979667901992798
loco_external_fire,capacity_matched_deepsets,45,1800,0.01019924392505568,0.012968119938319816,0.028460830450057983
loco_external_fire,capacity_matched_deepsets,45,1860,0.00990793413045455,0.01261936737730201,0.0263669490814209
loco_external_fire,capacity_matched_deepsets,45,1920,0.01030831738394134,0.013195439185915724,0.027535557746887207
loco_external_fire,capacity_matched_deepsets,45,1980,0.010272429913890605,0.01289889798656857,0.0278337299823761
loco_external_fire,capacity_matched_deepsets,45,2040,0.010802706285398833,0.013277362036585022,0.03027835488319397
loco_external_fire,capacity_matched_deepsets,45,2100,0.011123110445178285,0.013519342290998432,0.03148907423019409
loco_external_fire,capacity_matched_deepsets,45,2160,0.012208840676716395,0.014354212529423089,0.032840996980667114
loco_external_fire,capacity_matched_deepsets,45,2220,0.01256931132199813,0.01474226743191917,0.034627556800842285
loco_external_fire,capacity_matched_deepsets,45,2280,0.013625001420780105,0.016272552635681163,0.03655064105987549
loco_external_fire,capacity_matched_deepsets,45,2340,0.012911432859848956,0.015303943293836225,0.03917619585990906
loco_external_fire,capacity_matched_deepsets,45,2400,0.011939553581938451,0.014476974258991113,0.04006043076515198
loco_external_fire,capacity_matched_deepsets,45,2460,0.01107683656167011,0.013671320452564648,0.03540322184562683
loco_external_fire,capacity_matched_deepsets,45,2520,0.010497118137320694,0.013115454038878108,0.03083956241607666
loco_external_fire,capacity_matched_deepsets,45,2580,0.010351956498866178,0.013094882539439443,0.033822059631347656
loco_external_fire,capacity_matched_deepsets,45,2640,0.010521617470955362,0.013258000900594966,0.03729003667831421
loco_external_fire,capacity_matched_deepsets,45,2700,0.009653822803983882,0.01233111044716166,0.0316997766494751
loco_external_fire,capacity_matched_deepsets,45,2760,0.009799626408791055,0.01210804833553552,0.028467535972595215
loco_external_fire,capacity_matched_deepsets,45,2820,0.009425267273065994,0.01166724422008579,0.028571009635925293
loco_external_fire,capacity_matched_deepsets,45,2880,0.008969311507380739,0.011371140006555749,0.030104845762252808
loco_external_fire,capacity_matched_deepsets,45,2940,0.008931660530518512,0.01131952299474326,0.027947410941123962
loco_external_fire,capacity_matched_deepsets,45,3000,0.008772131739830484,0.011292114601402293,0.02665799856185913
loco_external_fire,capacity_matched_deepsets,45,3060,0.008651172324102752,0.01096815723254056,0.027935028076171875
loco_external_fire,capacity_matched_deepsets,45,3120,0.008884575902199258,0.011144911349118441,0.03011380136013031
loco_external_fire,capacity_matched_deepsets,45,3180,0.008863248995372228,0.011383426454984533,0.029506400227546692
loco_external_fire,capacity_matched_deepsets,45,3240,0.008865247575604186,0.0114054799169567,0.029856160283088684
loco_external_fire,capacity_matched_deepsets,45,3300,0.008431084606112266,0.01087741069362474,0.03194074332714081
loco_external_fire,capacity_matched_deepsets,45,3360,0.007860281333631399,0.01045045173155608,0.034234508872032166
loco_external_fire,capacity_matched_deepsets,45,3420,0.00786891093059462,0.010105635824635832,0.033946141600608826
loco_external_fire,capacity_matched_deepsets,45,3480,0.007831693912038997,0.01000186679368864,0.033818140625953674
loco_external_fire,capacity_matched_deepsets,45,3540,0.007442061998406235,0.009338946290952974,0.028768867254257202
loco_external_fire,capacity_matched_deepsets,45,3600,0.007362980927739825,0.009274140373098172,0.024996966123580933
loco_external_fire,capacity_matched_deepsets,46,0,0.0024823485588540838,0.002485457143872951,0.0
loco_external_fire,capacity_matched_deepsets,46,60,0.01658107309925313,0.018828567987280765,0.033352017402648926
loco_external_fire,capacity_matched_deepsets,46,120,0.006024100342575385,0.008285801506683337,0.026250898838043213
loco_external_fire,capacity_matched_deepsets,46,180,0.04065215830900231,0.048050786232143664,0.03091585636138916
loco_external_fire,capacity_matched_deepsets,46,240,0.014566822927825305,0.01780232894471468,0.04085630178451538
loco_external_fire,capacity_matched_deepsets,46,300,0.014042641435350691,0.017133920085932022,0.030672788619995117
loco_external_fire,capacity_matched_deepsets,46,360,0.013605752769781619,0.01643930430117559,0.026676535606384277
loco_external_fire,capacity_matched_deepsets,46,420,0.010355617318834578,0.01280613888159065,0.034564971923828125
loco_external_fire,capacity_matched_deepsets,46,480,0.010392932259306615,0.012367722978805246,0.03160756826400757
loco_external_fire,capacity_matched_deepsets,46,540,0.009377647419365085,0.011265519153842017,0.0344584584236145
loco_external_fire,capacity_matched_deepsets,46,600,0.010632356818841428,0.013574475410588475,0.040115177631378174
loco_external_fire,capacity_matched_deepsets,46,660,0.010567459524894247,0.01320129383414851,0.03774303197860718
loco_external_fire,capacity_matched_deepsets,46,720,0.013155094214848109,0.015149637407568129,0.03659677505493164
loco_external_fire,capacity_matched_deepsets,46,780,0.010744862410486961,0.013355627998859919,0.04025626182556152
loco_external_fire,capacity_matched_deepsets,46,840,0.011441283080042625,0.014427104244328253,0.04678457975387573
loco_external_fire,capacity_matched_deepsets,46,900,0.011062973616074542,0.014150717660013527,0.04363363981246948
loco_external_fire,capacity_matched_deepsets,46,960,0.011873091970171248,0.01486404270585034,0.04038625955581665
loco_external_fire,capacity_matched_deepsets,46,1020,0.011343404954793503,0.013947244798226205,0.037675559520721436
loco_external_fire,capacity_matched_deepsets,46,1080,0.012036350308632364,0.015141666301273537,0.043447285890579224
loco_external_fire,capacity_matched_deepsets,46,1140,0.012872053044182914,0.015480769759255206,0.03502213954925537
loco_external_fire,capacity_matched_deepsets,46,1200,0.01359768607178513,0.016368061535968835,0.03615027666091919
loco_external_fire,capacity_matched_deepsets,46,1260,0.010290596558123219,0.012814558798447145,0.033975422382354736
loco_external_fire,capacity_matched_deepsets,46,1320,0.010695863743217624,0.013257259521896474,0.032714128494262695
loco_external_fire,capacity_matched_deepsets,46,1380,0.009817890974940086,0.011905029847770213,0.025746583938598633
loco_external_fire,capacity_matched_deepsets,46,1440,0.009291980947766985,0.01093367389358703,0.02165311574935913
loco_external_fire,capacity_matched_deepsets,46,1500,0.008917751360912713,0.010582870246814962,0.02186638116836548
loco_external_fire,capacity_matched_deepsets,46,1560,0.009606727531978063,0.012033489268847557,0.025266319513320923
loco_external_fire,capacity_matched_deepsets,46,1620,0.009131111660782171,0.01145331730564779,0.022965192794799805
loco_external_fire,capacity_matched_deepsets,46,1680,0.00969221214858853,0.011961143778961791,0.021742254495620728
loco_external_fire,capacity_matched_deepsets,46,1740,0.009340857972904128,0.011912560353551002,0.020668447017669678
loco_external_fire,capacity_matched_deepsets,46,1800,0.01011464060569296,0.01281634704854321,0.023465752601623535
loco_external_fire,capacity_matched_deepsets,46,1860,0.009613749324059,0.01239640240145523,0.02031800150871277
loco_external_fire,capacity_matched_deepsets,46,1920,0.009741204125540597,0.012484371519020057,0.019325941801071167
loco_external_fire,capacity_matched_deepsets,46,1980,0.009816766393427946,0.012335568904020188,0.0192316472530365
loco_external_fire,capacity_matched_deepsets,46,2040,0.010375632315265889,0.013068907356759975,0.022316306829452515
loco_external_fire,capacity_matched_deepsets,46,2100,0.00986073272568839,0.012481245616160722,0.026579320430755615
loco_external_fire,capacity_matched_deepsets,46,2160,0.010204292681752419,0.012714339548201595,0.031013041734695435
loco_external_fire,capacity_matched_deepsets,46,2220,0.010024798767907279,0.013031298120362219,0.032446205615997314
loco_external_fire,capacity_matched_deepsets,46,2280,0.011505252852731821,0.014287439996170706,0.032920271158218384
loco_external_fire,capacity_matched_deepsets,46,2340,0.010211414828592417,0.013179691322256758,0.033755481243133545
loco_external_fire,capacity_matched_deepsets,46,2400,0.009272949427974467,0.012353365745673282,0.03444463014602661
loco_external_fire,capacity_matched_deepsets,46,2460,0.00916766329687469,0.011760060023987313,0.03071919083595276
loco_external_fire,capacity_matched_deepsets,46,2520,0.00950451894682281,0.011855733916367918,0.02690073847770691
loco_external_fire,capacity_matched_deepsets,46,2580,0.009620356316469153,0.011839756165794496,0.02456948161125183
loco_external_fire,capacity_matched_deepsets,46,2640,0.010065412643004437,0.012238565895753941,0.023649930953979492
loco_external_fire,capacity_matched_deepsets,46,2700,0.008900840367589678,0.011307587068233935,0.02184644341468811
loco_external_fire,capacity_matched_deepsets,46,2760,0.008296196558037582,0.0107937195937416,0.021430492401123047
loco_external_fire,capacity_matched_deepsets,46,2820,0.008412687754144475,0.010769650273363521,0.019964873790740967
loco_external_fire,capacity_matched_deepsets,46,2880,0.008639216423034668,0.010926529533502413,0.019549936056137085
loco_external_fire,capacity_matched_deepsets,46,2940,0.008483663201332092,0.010683635701849388,0.018728107213974
loco_external_fire,capacity_matched_deepsets,46,3000,0.008597675938995518,0.010669507873629242,0.018825292587280273
loco_external_fire,capacity_matched_deepsets,46,3060,0.008828753415419131,0.010750648264687671,0.018842771649360657
loco_external_fire,capacity_matched_deepsets,46,3120,0.009542574383774581,0.011457051654675775,0.02120739221572876
loco_external_fire,capacity_matched_deepsets,46,3180,0.009262877763534079,0.011321066027836441,0.02057996392250061
loco_external_fire,capacity_matched_deepsets,46,3240,0.009348391878361605,0.011469946603923089,0.020028069615364075
loco_external_fire,capacity_matched_deepsets,46,3300,0.00876582429117086,0.010985600009562993,0.020912066102027893
loco_external_fire,capacity_matched_deepsets,46,3360,0.008342855438894155,0.01075925640468281,0.023253366351127625
loco_external_fire,capacity_matched_deepsets,46,3420,0.008263105640606004,0.010486465259597245,0.022797152400016785
loco_external_fire,capacity_matched_deepsets,46,3480,0.008491227821427949,0.010350185972473728,0.022451728582382202
loco_external_fire,capacity_matched_deepsets,46,3540,0.008080760739287552,0.010127956589413949,0.017321541905403137
loco_external_fire,capacity_matched_deepsets,46,3600,0.008571904228658092,0.010400122807287972,0.016205057501792908
loco_external_fire,gnn,42,0,0.0021289088288132026,0.0021342005143337676,0.0
loco_external_fire,gnn,42,60,0.016145975005869964,0.01811929722899371,0.03292125463485718
loco_external_fire,gnn,42,120,0.007022165522283437,0.008510789532931681,0.021796762943267822
loco_external_fire,gnn,42,180,0.044605610321979135,0.05294895320928967,0.024182498455047607
loco_external_fire,gnn,42,240,0.014955610645060636,0.018106885866272356,0.04524433612823486
loco_external_fire,gnn,42,300,0.013914963420556516,0.016837323973369112,0.031143784523010254
loco_external_fire,gnn,42,360,0.013391735602398308,0.016325281369748177,0.030784428119659424
loco_external_fire,gnn,42,420,0.0099052154288,0.012281502241094503,0.029502511024475098
loco_external_fire,gnn,42,480,0.009889404384457335,0.011876614766975145,0.025325357913970947
loco_external_fire,gnn,42,540,0.008660928327210096,0.011038832404848913,0.026961207389831543
loco_external_fire,gnn,42,600,0.009766109135686134,0.01305697909271895,0.03592097759246826
loco_external_fire,gnn,42,660,0.00944375991821289,0.011836527504412218,0.0331270694732666
loco_external_fire,gnn,42,720,0.010429848213585056,0.01256888012346093,0.030432462692260742
loco_external_fire,gnn,42,780,0.009691729837534378,0.011950568868487346,0.028995394706726074
loco_external_fire,gnn,42,840,0.01005298629099009,0.012322288907222792,0.034059882164001465
loco_external_fire,gnn,42,900,0.009578206101242376,0.011751387249770952,0.029802143573760986
loco_external_fire,gnn,42,960,0.010329365730285645,0.01265164516642545,0.030104875564575195
loco_external_fire,gnn,42,1020,0.009739559523913324,0.012076575625537217,0.02697932720184326
loco_external_fire,gnn,42,1080,0.010977892243132299,0.014066563931778166,0.04089173674583435
loco_external_fire,gnn,42,1140,0.012897001845496041,0.016071204547821877,0.033216893672943115
loco_external_fire,gnn,42,1200,0.013087074367367491,0.01668741247021281,0.032404422760009766
loco_external_fire,gnn,42,1260,0.01021164777327557,0.01262491311871668,0.0225389301776886
loco_external_fire,gnn,42,1320,0.00905370408174943,0.011089934121752229,0.02413877844810486
loco_external_fire,gnn,42,1380,0.007950489618340316,0.010496308073894362,0.036883026361465454
loco_external_fire,gnn,42,1440,0.0084506699017116,0.010985178685559779,0.026410400867462158
loco_external_fire,gnn,42,1500,0.008077361754008703,0.010367898822706008,0.019652068614959717
loco_external_fire,gnn,42,1560,0.00903222147299319,0.011819133680954925,0.023623943328857422
loco_external_fire,gnn,42,1620,0.008747837981399225,0.011401727621807366,0.015891999006271362
loco_external_fire,gnn,42,1680,0.009468214852469308,0.012203091846926969,0.018650412559509277
loco_external_fire,gnn,42,1740,0.009921117096531148,0.012543172464700308,0.020192861557006836
loco_external_fire,gnn,42,1800,0.011067663528481307,0.013510332965636213,0.02221652865409851
loco_external_fire,gnn,42,1860,0.010683934907523953,0.0132463242840327,0.01724657416343689
loco_external_fire,gnn,42,1920,0.010352572008055083,0.01326020863844865,0.015483736991882324
loco_external_fire,gnn,42,1980,0.01081423856774155,0.01342990633968177,0.016180038452148438
loco_external_fire,gnn,42,2040,0.011116341060521652,0.013783112630096035,0.017765432596206665
loco_external_fire,gnn,42,2100,0.010003695682603486,0.013153647506776618,0.018158406019210815
loco_external_fire,gnn,42,2160,0.010202354922586558,0.01328688565485921,0.019841104745864868
loco_external_fire,gnn,42,2220,0.010284007203822233,0.01297725483709846,0.020115286111831665
loco_external_fire,gnn,42,2280,0.010940119320032547,0.013295992687369074,0.022062182426452637
loco_external_fire,gnn,42,2340,0.009798276181123694,0.012052273604143085,0.022695571184158325
loco_external_fire,gnn,42,2400,0.009327791175063776,0.011674444381456296,0.024614721536636353
loco_external_fire,gnn,42,2460,0.008960651499884469,0.011038059564112189,0.02103683352470398
loco_external_fire,gnn,42,2520,0.009116646586632242,0.01111868127077494,0.017577767372131348
loco_external_fire,gnn,42,2580,0.008968635481231066,0.010828240498922401,0.021555691957473755
loco_external_fire,gnn,42,2640,0.009696382649090826,0.011521434929490251,0.025623798370361328
loco_external_fire,gnn,42,2700,0.008901689429672397,0.010714747797441146,0.020556718111038208
loco_external_fire,gnn,42,2760,0.008732818219126488,0.0103856344774025,0.019494205713272095
loco_external_fire,gnn,42,2820,0.009040019037772198,0.0103713732789146,0.020314931869506836
loco_external_fire,gnn,42,2880,0.009249207620718042,0.01066259785514347,0.021092668175697327
loco_external_fire,gnn,42,2940,0.009530771751793064,0.010927635828775973,0.019459545612335205
loco_external_fire,gnn,42,3000,0.009301508567771134,0.010952046968942962,0.017800405621528625
loco_external_fire,gnn,42,3060,0.009518656499531805,0.01130568189327272,0.018363282084465027
loco_external_fire,gnn,42,3120,0.010010148797716414,0.012091502028390717,0.019235149025917053
loco_external_fire,gnn,42,3180,0.009903868242185943,0.011741588680818097,0.01988185942173004
loco_external_fire,gnn,42,3240,0.00927233848036552,0.011188592332086477,0.02055293321609497
loco_external_fire,gnn,42,3300,0.008842596594168216,0.010434278717185571,0.022944048047065735
loco_external_fire,gnn,42,3360,0.008593475027960174,0.01037065489142466,0.025363683700561523
loco_external_fire,gnn,42,3420,0.00829078348315492,0.01018188179921636,0.02491609752178192
loco_external_fire,gnn,42,3480,0.008279489619391305,0.009881884283982852,0.024514824151992798
loco_external_fire,gnn,42,3540,0.00827310006229245,0.009785519325587458,0.019272908568382263
loco_external_fire,gnn,42,3600,0.008346962381382378,0.00988765787993636,0.014104127883911133
loco_external_fire,gnn,43,0,0.0023780027214361696,0.002385465737107485,0.0
loco_external_fire,gnn,43,60,0.016227494697181547,0.018080139905041297,0.03192722797393799
loco_external_fire,gnn,43,120,0.0059788725814040825,0.007961457594172777,0.026095986366271973
loco_external_fire,gnn,43,180,0.050124792420134255,0.05708695685368297,0.022479653358459473
loco_external_fire,gnn,43,240,0.01442591024904835,0.017326207012348407,0.03187769651412964
loco_external_fire,gnn,43,300,0.014328584379079391,0.017855944548165855,0.02828603982925415
loco_external_fire,gnn,43,360,0.013655161371036452,0.017196206831655753,0.030766844749450684
loco_external_fire,gnn,43,420,0.010384959833962577,0.012909289310327065,0.030024290084838867
loco_external_fire,gnn,43,480,0.011295018147449104,0.013137383273760723,0.0242612361907959
loco_external_fire,gnn,43,540,0.009283057280949183,0.011584010253611046,0.0278550386428833
loco_external_fire,gnn,43,600,0.009225070476531982,0.012426967294454526,0.03277820348739624
loco_external_fire,gnn,43,660,0.00863619969815624,0.011159224805647223,0.03240686655044556
loco_external_fire,gnn,43,720,0.009643136238565251,0.011817781617318921,0.030149459838867188
loco_external_fire,gnn,43,780,0.009322165226449772,0.011614973945971632,0.03432285785675049
loco_external_fire,gnn,43,840,0.010968730157735397,0.013284103607416473,0.040219008922576904
loco_external_fire,gnn,43,900,0.010275762908312738,0.012674157604009428,0.03717142343521118
loco_external_fire,gnn,43,960,0.010774669598559944,0.013496379399347473,0.03359329700469971
loco_external_fire,gnn,43,1020,0.009868041593201307,0.012603520087752468,0.030304014682769775
loco_external_fire,gnn,43,1080,0.010166725333856076,0.013725862494390917,0.04693177342414856
loco_external_fire,gnn,43,1140,0.011097636758064737,0.013673025770292158,0.03626823425292969
loco_external_fire,gnn,43,1200,0.01156951760759159,0.013719883812322139,0.02442944049835205
loco_external_fire,gnn,43,1260,0.009314250581118524,0.011123147842203232,0.0229872465133667
loco_external_fire,gnn,43,1320,0.008514188382090355,0.010640938704423404,0.022900789976119995
loco_external_fire,gnn,43,1380,0.00849720227475069,0.010180358456077664,0.029659748077392578
loco_external_fire,gnn,43,1440,0.008941253837274045,0.010533930314728391,0.01936161518096924
loco_external_fire,gnn,43,1500,0.00849547799752683,0.010155047920826618,0.018014907836914062
loco_external_fire,gnn,43,1560,0.008813545411946823,0.010864530105136137,0.018254786729812622
loco_external_fire,gnn,43,1620,0.008530746917335354,0.010377050069747372,0.016202211380004883
loco_external_fire,gnn,43,1680,0.009589618566084882,0.011250258710840608,0.019430220127105713
loco_external_fire,gnn,43,1740,0.009671796341331638,0.011388304547731506,0.02168053388595581
loco_external_fire,gnn,43,1800,0.010047295263835363,0.012237970604490568,0.02486974000930786
loco_external_fire,gnn,43,1860,0.009282203353181178,0.011876998372861334,0.020996958017349243
loco_external_fire,gnn,43,1920,0.009358982042390473,0.012344342030618986,0.019895881414413452
loco_external_fire,gnn,43,1980,0.009322610436653604,0.012322807103161295,0.02107250690460205
loco_external_fire,gnn,43,2040,0.009711230287746507,0.012771182325575416,0.022436320781707764
loco_external_fire,gnn,43,2100,0.00895530897743848,0.012135219191207467,0.02256166934967041
loco_external_fire,gnn,43,2160,0.009456348662473718,0.012147466947511123,0.02284964919090271
loco_external_fire,gnn,43,2220,0.009517743879435013,0.011989000816054132,0.023503929376602173
loco_external_fire,gnn,43,2280,0.01035242603749645,0.012784945958184853,0.02436956763267517
loco_external_fire,gnn,43,2340,0.008893025164701501,0.011536311914041038,0.026032745838165283
loco_external_fire,gnn,43,2400,0.008615588047066513,0.011226142667038915,0.027762889862060547
loco_external_fire,gnn,43,2460,0.008467058137971528,0.010543790169748319,0.024004369974136353
loco_external_fire,gnn,43,2520,0.008743020952964316,0.010653552870803499,0.02016669511795044
loco_external_fire,gnn,43,2580,0.008544065514389349,0.010438525832013284,0.023721933364868164
loco_external_fire,gnn,43,2640,0.009108862706593104,0.011200108414030883,0.027356982231140137
loco_external_fire,gnn,43,2700,0.008790796812699765,0.010571900291077624,0.021864771842956543
loco_external_fire,gnn,43,2760,0.008835215957797304,0.010504070460421037,0.01647365093231201
loco_external_fire,gnn,43,2820,0.009138736189628134,0.010738195654349554,0.016128897666931152
loco_external_fire,gnn,43,2880,0.009771838176007174,0.011225008182877723,0.016868889331817627
loco_external_fire,gnn,43,2940,0.009796658948976167,0.01136541079161332,0.015640750527381897
loco_external_fire,gnn,43,3000,0.009701442657684793,0.011370553023852493,0.017936497926712036
loco_external_fire,gnn,43,3060,0.009227794652082483,0.011158520711482715,0.019161835312843323
loco_external_fire,gnn,43,3120,0.009566851720517995,0.01146497557960082,0.020288586616516113
loco_external_fire,gnn,43,3180,0.00928994709131669,0.011179674683748107,0.021012112498283386
loco_external_fire,gnn,43,3240,0.008690513518391823,0.01065365763587432,0.02178400754928589
loco_external_fire,gnn,43,3300,0.008180707084889315,0.00994449129945704,0.024323254823684692
loco_external_fire,gnn,43,3360,0.007971888902236005,0.0099798424760628,0.026949524879455566
loco_external_fire,gnn,43,3420,0.007655660412749466,0.009685377896919497,0.026769042015075684
loco_external_fire,gnn,43,3480,0.007451365492781814,0.009200183047681226,0.026690974831581116
loco_external_fire,gnn,43,3540,0.007243202961221033,0.008810000831103159,0.021818935871124268
loco_external_fire,gnn,43,3600,0.0068757077869103875,0.00850819378286058,0.017054274678230286
loco_external_fire,gnn,44,0,0.002137221852127387,0.002152455820945309,0.0
loco_external_fire,gnn,44,60,0.016339724161186998,0.018655570109765127,0.03400498628616333
loco_external_fire,gnn,44,120,0.006525857107979911,0.007813083613656499,0.022169530391693115
loco_external_fire,gnn,44,180,0.04614672855455048,0.053282021266223625,0.026178479194641113
loco_external_fire,gnn,44,240,0.013518483054881193,0.01652560824380673,0.03792893886566162
loco_external_fire,gnn,44,300,0.012993883113471829,0.01597210293340465,0.03025376796722412
loco_external_fire,gnn,44,360,0.012446325652453363,0.015530170747986035,0.030469655990600586
loco_external_fire,gnn,44,420,0.01009800726053666,0.012169837959744769,0.026903390884399414
loco_external_fire,gnn,44,480,0.011324511498821025,0.01333563101717464,0.024876952171325684
loco_external_fire,gnn,44,540,0.009379469618505361,0.011682600336813804,0.023064494132995605
loco_external_fire,gnn,44,600,0.010072373614019277,0.013354486041415344,0.03789728879928589
loco_external_fire,gnn,44,660,0.009299216221789924,0.011966724531080494,0.036768317222595215
loco_external_fire,gnn,44,720,0.010379770580603152,0.012572921895290502,0.03133434057235718
loco_external_fire,gnn,44,780,0.009537600741094472,0.011434882152788222,0.024569392204284668
loco_external_fire,gnn,44,840,0.010037060903043163,0.012316609350883922,0.029011249542236328
loco_external_fire,gnn,44,900,0.009941058499472482,0.011976969844291809,0.02839905023574829
loco_external_fire,gnn,44,960,0.01055758826586665,0.01295238374608082,0.029959917068481445
loco_external_fire,gnn,44,1020,0.010071778783992845,0.012527546420779608,0.028863370418548584
loco_external_fire,gnn,44,1080,0.01068043343874873,0.013858405013686249,0.04189220070838928
loco_external_fire,gnn,44,1140,0.010952290223569286,0.013720515149796667,0.032157719135284424
loco_external_fire,gnn,44,1200,0.012003613978016133,0.014504534152295585,0.027297765016555786
loco_external_fire,gnn,44,1260,0.009870637436302341,0.011996429588195256,0.02090492844581604
loco_external_fire,gnn,44,1320,0.009641479472724758,0.011502274571494057,0.023601830005645752
loco_external_fire,gnn,44,1380,0.00953114458492824,0.010740890561981036,0.026348978281021118
loco_external_fire,gnn,44,1440,0.009581612080943828,0.010877842100570986,0.016608327627182007
loco_external_fire,gnn,44,1500,0.009088163473168197,0.010530832181471416,0.014724880456924438
loco_external_fire,gnn,44,1560,0.00951424788455574,0.011421991364867783,0.019714564085006714
loco_external_fire,gnn,44,1620,0.008733883804204513,0.010571406826204935,0.015467971563339233
loco_external_fire,gnn,44,1680,0.00891984968769307,0.011024815826290972,0.017184525728225708
loco_external_fire,gnn,44,1740,0.008939437112029719,0.01096429929903636,0.019558757543563843
loco_external_fire,gnn,44,1800,0.009579546597539162,0.011896092008032065,0.02213650941848755
loco_external_fire,gnn,44,1860,0.0092509249035193,0.011985246652334927,0.021509677171707153
loco_external_fire,gnn,44,1920,0.009551252637590681,0.01258683870479828,0.022146552801132202
loco_external_fire,gnn,44,1980,0.009306348708211159,0.012205190182681437,0.022629737854003906
loco_external_fire,gnn,44,2040,0.009419231390466496,0.012370777839643588,0.024328887462615967
loco_external_fire,gnn,44,2100,0.008617536145813611,0.01181519881267143,0.02467411756515503
loco_external_fire,gnn,44,2160,0.009080475690413495,0.012149004842295552,0.025035619735717773
loco_external_fire,gnn,44,2220,0.008613268331605561,0.011973382300200737,0.02469080686569214
loco_external_fire,gnn,44,2280,0.009723352534430367,0.012847370638477964,0.027140378952026367
loco_external_fire,gnn,44,2340,0.008876096837374628,0.011677501964607597,0.025180399417877197
loco_external_fire,gnn,44,2400,0.008980076531974636,0.01121402547683188,0.02599966526031494
loco_external_fire,gnn,44,2460,0.008768563976093215,0.010542725701484032,0.021270006895065308
loco_external_fire,gnn,44,2520,0.00919267048641127,0.010840590616514567,0.01666197180747986
loco_external_fire,gnn,44,2580,0.008979920221834766,0.010803456111826686,0.01950719952583313
loco_external_fire,gnn,44,2640,0.00968446293655707,0.011586602798644237,0.022473454475402832
loco_external_fire,gnn,44,2700,0.00973619399022083,0.011259290369727976,0.016339480876922607
loco_external_fire,gnn,44,2760,0.009832598116933083,0.011531162238125916,0.01324540376663208
loco_external_fire,gnn,44,2820,0.010407121205816463,0.012024693559523547,0.011338621377944946
loco_external_fire,gnn,44,2880,0.010955164323047715,0.012449769698373041,0.009861499071121216
loco_external_fire,gnn,44,2940,0.010928832146586204,0.012553330406210267,0.010505437850952148
loco_external_fire,gnn,44,3000,0.010845092486362068,0.012637189023086264,0.011222630739212036
loco_external_fire,gnn,44,3060,0.010947678162127125,0.012726945714554325,0.010819658637046814
loco_external_fire,gnn,44,3120,0.011513508704243874,0.013323946910699604,0.011735498905181885
loco_external_fire,gnn,44,3180,0.01142425926364198,0.013185312549518756,0.012490227818489075
loco_external_fire,gnn,44,3240,0.011341352852023378,0.012953360742815168,0.013297110795974731
loco_external_fire,gnn,44,3300,0.0105624186749361,0.012088677959093361,0.015959590673446655
loco_external_fire,gnn,44,3360,0.009787392555450906,0.011747636084770228,0.019019022583961487
loco_external_fire,gnn,44,3420,0.009387220959274136,0.011190517321728537,0.019541025161743164
loco_external_fire,gnn,44,3480,0.008812142269951957,0.010297808713753109,0.020452141761779785
loco_external_fire,gnn,44,3540,0.007985566039474644,0.009461368634150001,0.016610130667686462
loco_external_fire,gnn,44,3600,0.00755385020557715,0.008997801441730633,0.013955041766166687
loco_external_fire,gnn,45,0,0.001764376552737489,0.0017728180628672878,0.0
loco_external_fire,gnn,45,60,0.016553723082250477,0.01872840677734741,0.033608853816986084
loco_external_fire,gnn,45,120,0.007444219929831368,0.00911922243146173,0.024696946144104004
loco_external_fire,gnn,45,180,0.04616330472790465,0.055738354607759374,0.009533166885375977
loco_external_fire,gnn,45,240,0.01596184287752424,0.019480386109958912,0.05733710527420044
loco_external_fire,gnn,45,300,0.015464309526949513,0.018457540773153886,0.0373348593711853
loco_external_fire,gnn,45,360,0.014467679724401357,0.017652906231197557,0.02678549289703369
loco_external_fire,gnn,45,420,0.01146520522176003,0.013977787492144737,0.026287317276000977
loco_external_fire,gnn,45,480,0.011467681855571513,0.013645700987570161,0.02326345443725586
loco_external_fire,gnn,45,540,0.010092456730044618,0.01248867047371326,0.023093998432159424
loco_external_fire,gnn,45,600,0.010742816389823447,0.013442804598344906,0.02745687961578369
loco_external_fire,gnn,45,660,0.00976655677873261,0.012227591330624288,0.02282261848449707
loco_external_fire,gnn,45,720,0.011095816991767106,0.013375695967994698,0.025401413440704346
loco_external_fire,gnn,45,780,0.009786335789427465,0.012508100345261113,0.021890103816986084
loco_external_fire,gnn,45,840,0.010256346391171825,0.012599108825112233,0.025104224681854248
loco_external_fire,gnn,45,900,0.009324200299321388,0.011828664502481444,0.030383765697479248
loco_external_fire,gnn,45,960,0.009335326905153235,0.012398118093388383,0.034066081047058105
loco_external_fire,gnn,45,1020,0.009309951139956104,0.012253131108146046,0.032609522342681885
loco_external_fire,gnn,45,1080,0.010666969479346762,0.01408011099473158,0.03720897436141968
loco_external_fire,gnn,45,1140,0.009486934968403407,0.012819470460614699,0.034680575132369995
loco_external_fire,gnn,45,1200,0.010664315248022273,0.013087182425976803,0.027555108070373535
loco_external_fire,gnn,45,1260,0.00853950515085337,0.010715991426087243,0.0223732590675354
loco_external_fire,gnn,45,1320,0.008969889611613994,0.011385252832121506,0.023360908031463623
loco_external_fire,gnn,45,1380,0.00868987428898714,0.01083692830266487,0.03230774402618408
loco_external_fire,gnn,45,1440,0.00860240203993661,0.010656599268708773,0.02385273575782776
loco_external_fire,gnn,45,1500,0.00811368348647137,0.010037766986292716,0.02138417959213257
loco_external_fire,gnn,45,1560,0.00884478067865177,0.011341838091523422,0.020169436931610107
loco_external_fire,gnn,45,1620,0.009451391745586785,0.011293203012444917,0.0240689218044281
loco_external_fire,gnn,45,1680,0.010317351745099438,0.012422427517375729,0.02782297134399414
loco_external_fire,gnn,45,1740,0.009877419593382855,0.012309050577635589,0.030211180448532104
loco_external_fire,gnn,45,1800,0.01027287086661981,0.01293194560368481,0.03116554021835327
loco_external_fire,gnn,45,1860,0.009845428320826317,0.01226932916452807,0.028599828481674194
loco_external_fire,gnn,45,1920,0.009472579372172453,0.01226640363453752,0.026651889085769653
loco_external_fire,gnn,45,1980,0.009066013657316869,0.011702543477128622,0.027295321226119995
loco_external_fire,gnn,45,2040,0.009238138490793656,0.011871982307802148,0.02792385220527649
loco_external_fire,gnn,45,2100,0.009133682567246107,0.011704907200098308,0.027363330125808716
loco_external_fire,gnn,45,2160,0.010044456136469938,0.01261257325895314,0.02706533670425415
loco_external_fire,gnn,45,2220,0.009807773390594793,0.012579151957478323,0.027255088090896606
loco_external_fire,gnn,45,2280,0.010577249283693274,0.013529298881911372,0.027669787406921387
loco_external_fire,gnn,45,2340,0.009789799549141708,0.01241795645933246,0.028888702392578125
loco_external_fire,gnn,45,2400,0.009155080634720472,0.011830743860737833,0.03027936816215515
loco_external_fire,gnn,45,2460,0.008812577140574552,0.011039606600989344,0.02623799443244934
loco_external_fire,gnn,45,2520,0.008918799307881569,0.010745652288458467,0.022355079650878906
loco_external_fire,gnn,45,2580,0.008279416025901327,0.010660045495576292,0.02596697211265564
loco_external_fire,gnn,45,2640,0.008679737241900697,0.01121114271395869,0.02974635362625122
loco_external_fire,gnn,45,2700,0.008341930654584145,0.010545851197744946,0.02447187900543213
loco_external_fire,gnn,45,2760,0.008685141497728775,0.010386600504923084,0.02145850658416748
loco_external_fire,gnn,45,2820,0.008609327734733115,0.010494904321376512,0.021751761436462402
loco_external_fire,gnn,45,2880,0.008835079414503915,0.010763567712770507,0.0221794992685318
loco_external_fire,gnn,45,2940,0.009131151498580466,0.010992866836667153,0.020659253001213074
loco_external_fire,gnn,45,3000,0.009144118549872418,0.01091656239154546,0.019383490085601807
loco_external_fire,gnn,45,3060,0.009206174587716862,0.010707402742654653,0.02041436731815338
loco_external_fire,gnn,45,3120,0.009474509832810382,0.011184206040101875,0.021657168865203857
loco_external_fire,gnn,45,3180,0.009131438574012446,0.010754707728757305,0.02286602556705475
loco_external_fire,gnn,45,3240,0.00846595940541248,0.010191890889034312,0.024295955896377563
loco_external_fire,gnn,45,3300,0.007959652311947882,0.009889492758905284,0.02763950824737549
loco_external_fire,gnn,45,3360,0.008091714613291681,0.010063538411582135,0.031039103865623474
loco_external_fire,gnn,45,3420,0.007861967597688948,0.009810815714679583,0.03159457445144653
loco_external_fire,gnn,45,3480,0.007926061141247652,0.009943242273331454,0.03232856094837189
loco_external_fire,gnn,45,3540,0.007418404124221023,0.00933060914537303,0.02805614471435547
loco_external_fire,gnn,45,3600,0.007072360539922909,0.00917111021940716,0.024002522230148315
loco_external_fire,gnn,46,0,0.0023636562483651297,0.0023822764051775326,0.0
loco_external_fire,gnn,46,60,0.016627473490578786,0.019044436373121938,0.034327149391174316
loco_external_fire,gnn,46,120,0.008090768541608537,0.009563329945805657,0.019894123077392578
loco_external_fire,gnn,46,180,0.04417459940423771,0.05297851577929779,0.034112751483917236
loco_external_fire,gnn,46,240,0.01470802876414085,0.017993335130360395,0.04432898759841919
loco_external_fire,gnn,46,300,0.013591403863867936,0.016795859470498855,0.03237724304199219
loco_external_fire,gnn,46,360,0.013033101753312714,0.01617981896047526,0.030293047428131104
loco_external_fire,gnn,46,420,0.01043165094998418,0.01285078434703663,0.036563754081726074
loco_external_fire,gnn,46,480,0.011201228414263045,0.013198734301237816,0.03302597999572754
loco_external_fire,gnn,46,540,0.009424890790666853,0.012421426044384464,0.035677313804626465
loco_external_fire,gnn,46,600,0.01000351078656255,0.013787689178012204,0.04064655303955078
loco_external_fire,gnn,46,660,0.009398121006634771,0.012482447035248503,0.03789973258972168
loco_external_fire,gnn,46,720,0.01039030357282989,0.013106283240367125,0.03758007287979126
loco_external_fire,gnn,46,780,0.009342135215292171,0.012260861860226069,0.04127782583236694
loco_external_fire,gnn,46,840,0.009982806079241693,0.013076536903750404,0.04543882608413696
loco_external_fire,gnn,46,900,0.008605561694320368,0.01143214496625021,0.03980451822280884
loco_external_fire,gnn,46,960,0.009817460361792117,0.012046883636796697,0.03316158056259155
loco_external_fire,gnn,46,1020,0.009046178691241205,0.011183934631913042,0.025966286659240723
loco_external_fire,gnn,46,1080,0.009530386146234006,0.012809589944235858,0.04439505934715271
loco_external_fire,gnn,46,1140,0.01140289647238595,0.013501717812943008,0.03190213441848755
loco_external_fire,gnn,46,1200,0.011747849839074271,0.014396570869184454,0.02129480242729187
loco_external_fire,gnn,46,1260,0.010107593268764262,0.012202162292140174,0.02008149027824402
loco_external_fire,gnn,46,1320,0.008887536671696877,0.01092420536727273,0.02493065595626831
loco_external_fire,gnn,46,1380,0.00823529095065837,0.00991445497111967,0.026517391204833984
loco_external_fire,gnn,46,1440,0.00830404247556414,0.009679405791339813,0.016713082790374756
loco_external_fire,gnn,46,1500,0.0070724742753165105,0.009138356830259578,0.01278504729270935
loco_external_fire,gnn,46,1560,0.007446741571231764,0.00967893883484533,0.01853865385055542
loco_external_fire,gnn,46,1620,0.0073807513227268145,0.009350193047848163,0.01839691400527954
loco_external_fire,gnn,46,1680,0.008281157941234355,0.01050790337035917,0.018505841493606567
loco_external_fire,gnn,46,1740,0.008004482303346907,0.00989753182962653,0.01878732442855835
loco_external_fire,gnn,46,1800,0.00865068423504732,0.010994027297097149,0.022722840309143066
loco_external_fire,gnn,46,1860,0.00927700619308316,0.011154565734112814,0.017762809991836548
loco_external_fire,gnn,46,1920,0.009667857569091174,0.01187178204546769,0.01539042592048645
loco_external_fire,gnn,46,1980,0.00990152298187723,0.012078435647507465,0.012220561504364014
loco_external_fire,gnn,46,2040,0.010292770911236199,0.01273483096534021,0.01457396149635315
loco_external_fire,gnn,46,2100,0.009850355435390862,0.012292445380494848,0.01402735710144043
loco_external_fire,gnn,46,2160,0.010075578275991946,0.012725694044425744,0.015904515981674194
loco_external_fire,gnn,46,2220,0.0101536932040234,0.012599636572548874,0.01562526822090149
loco_external_fire,gnn,46,2280,0.010377939258302962,0.012918071199959944,0.021153002977371216
loco_external_fire,gnn,46,2340,0.009647706941682465,0.011863879082948793,0.016333699226379395
loco_external_fire,gnn,46,2400,0.00953376171540241,0.01134214471714681,0.017242372035980225
loco_external_fire,gnn,46,2460,0.009043141895410965,0.010776213831929357,0.013816237449645996
loco_external_fire,gnn,46,2520,0.009153189099564845,0.010958149904985141,0.01134800910949707
loco_external_fire,gnn,46,2580,0.008898852431044286,0.010685612201408857,0.011227548122406006
loco_external_fire,gnn,46,2640,0.00961078064782279,0.011308935837255507,0.011235564947128296
loco_external_fire,gnn,46,2700,0.009165135877473014,0.010778456371128972,0.011535167694091797
loco_external_fire,gnn,46,2760,0.00908916428381083,0.010766131689322327,0.011942952871322632
loco_external_fire,gnn,46,2820,0.009346110784277623,0.011157952596947459,0.013226807117462158
loco_external_fire,gnn,46,2880,0.009840214130829791,0.011694790429090225,0.014593198895454407
loco_external_fire,gnn,46,2940,0.00965316472004871,0.011635069104488924,0.012940600514411926
loco_external_fire,gnn,46,3000,0.009786648105601875,0.011485159436796328,0.011376604437828064
loco_external_fire,gnn,46,3060,0.00988090281583825,0.011663653214320063,0.009889736771583557
loco_external_fire,gnn,46,3120,0.010602925504956926,0.012353569626438047,0.012763887643814087
loco_external_fire,gnn,46,3180,0.010292715868171381,0.012026672129530422,0.00920221209526062
loco_external_fire,gnn,46,3240,0.00980315950452065,0.01162312585836765,0.010369032621383667
loco_external_fire,gnn,46,3300,0.009276529355924957,0.010838689092146947,0.009404465556144714
loco_external_fire,gnn,46,3360,0.009101906297158222,0.010767981080419995,0.010753095149993896
loco_external_fire,gnn,46,3420,0.008860117926889536,0.010552043298278059,0.010650292038917542
loco_external_fire,gnn,46,3480,0.008691007993659195,0.010217782241117569,0.01067902147769928
loco_external_fire,gnn,46,3540,0.00836549091095827,0.01011639503332236,0.011633694171905518
loco_external_fire,gnn,46,3600,0.008089983037539892,0.009994068752758352,0.013122588396072388
loco_external_fire,gnn_zero_edge_features,42,0,0.0023121383725380413,0.0023184838483537905,0.0
loco_external_fire,gnn_zero_edge_features,42,60,0.016027313105914057,0.01794150526261619,0.03269070386886597
loco_external_fire,gnn_zero_edge_features,42,120,0.007945493775971082,0.009278717419460233,0.015435755252838135
loco_external_fire,gnn_zero_edge_features,42,180,0.05037968134393497,0.05763306698612855,0.01613903045654297
loco_external_fire,gnn_zero_edge_features,42,240,0.014501806424588573,0.017621106271657534,0.042152583599090576
loco_external_fire,gnn_zero_edge_features,42,300,0.013952367159785057,0.017104765083450636,0.031204581260681152
loco_external_fire,gnn_zero_edge_features,42,360,0.013735232304553596,0.016987939431299927,0.024293184280395508
loco_external_fire,gnn_zero_edge_features,42,420,0.011103221348353795,0.013313061646177524,0.02311563491821289
loco_external_fire,gnn_zero_edge_features,42,480,0.01216069897826837,0.014083728766058583,0.022785842418670654
loco_external_fire,gnn_zero_edge_features,42,540,0.010024790861168685,0.012046019893101187,0.02871263027191162
loco_external_fire,gnn_zero_edge_features,42,600,0.010555787962310168,0.013345975848414324,0.03492945432662964
loco_external_fire,gnn_zero_edge_features,42,660,0.009231293688015061,0.012077380675939853,0.03269362449645996
loco_external_fire,gnn_zero_edge_features,42,720,0.010416607467495665,0.012609424196760156,0.027885794639587402
loco_external_fire,gnn_zero_edge_features,42,780,0.009875920354103555,0.011804606525240114,0.02881622314453125
loco_external_fire,gnn_zero_edge_features,42,840,0.01103095497403826,0.013201121888296311,0.0325893759727478
loco_external_fire,gnn_zero_edge_features,42,900,0.01056152460526447,0.012583368292404877,0.027235329151153564
loco_external_fire,gnn_zero_edge_features,42,960,0.010940408220096511,0.012816617272061046,0.02751857042312622
loco_external_fire,gnn_zero_edge_features,42,1020,0.00994713695681825,0.011583148985411833,0.02356898784637451
loco_external_fire,gnn_zero_edge_features,42,1080,0.009327071661851843,0.01205803640250862,0.03887513279914856
loco_external_fire,gnn_zero_edge_features,42,1140,0.010865435916550306,0.012826113701444763,0.030931949615478516
loco_external_fire,gnn_zero_edge_features,42,1200,0.011839255386469315,0.01372413006575269,0.024636954069137573
loco_external_fire,gnn_zero_edge_features,42,1260,0.009430609187301325,0.010799023038612257,0.018397152423858643
loco_external_fire,gnn_zero_edge_features,42,1320,0.009722839204632506,0.011632386889678279,0.018599122762680054
loco_external_fire,gnn_zero_edge_features,42,1380,0.009842732731176883,0.011660878838402848,0.029572099447250366
loco_external_fire,gnn_zero_edge_features,42,1440,0.00989344959356347,0.011377361931114278,0.021906405687332153
loco_external_fire,gnn_zero_edge_features,42,1500,0.009889703624102533,0.011438017720720292,0.01709255576133728
loco_external_fire,gnn_zero_edge_features,42,1560,0.010349034046640202,0.012625180705239466,0.022844433784484863
loco_external_fire,gnn_zero_edge_features,42,1620,0.009623988550536486,0.01201165168224965,0.018371164798736572
loco_external_fire,gnn_zero_edge_features,42,1680,0.009550300179695596,0.012266056719163271,0.01623132824897766
loco_external_fire,gnn_zero_edge_features,42,1740,0.00974429201106636,0.01226781906657112,0.016166627407073975
loco_external_fire,gnn_zero_edge_features,42,1800,0.010617070052088524,0.013261712431963855,0.01892372965812683
loco_external_fire,gnn_zero_edge_features,42,1860,0.010138643639428275,0.013065926953496388,0.018644660711288452
loco_external_fire,gnn_zero_edge_features,42,1920,0.010436606650449792,0.013370115961732402,0.018133938312530518
loco_external_fire,gnn_zero_edge_features,42,1980,0.009874750765002504,0.013106967036637125,0.018911123275756836
loco_external_fire,gnn_zero_edge_features,42,2040,0.010250678476022214,0.01346002784046949,0.019951730966567993
loco_external_fire,gnn_zero_edge_features,42,2100,0.009748031290210023,0.012809676844166382,0.01979982852935791
loco_external_fire,gnn_zero_edge_features,42,2160,0.010014617321442584,0.01292396748924982,0.020843505859375
loco_external_fire,gnn_zero_edge_features,42,2220,0.010179272719791957,0.013020340118145618,0.02195054292678833
loco_external_fire,gnn_zero_edge_features,42,2280,0.011199071699259232,0.01366559916071422,0.023213684558868408
loco_external_fire,gnn_zero_edge_features,42,2340,0.009824581900421453,0.012410415201924846,0.02500516176223755
loco_external_fire,gnn_zero_edge_features,42,2400,0.009130376942303717,0.011596439388190055,0.02695712447166443
loco_external_fire,gnn_zero_edge_features,42,2460,0.008955374055979202,0.010980001065230843,0.024516552686691284
loco_external_fire,gnn_zero_edge_features,42,2520,0.009256983898123917,0.011227422332859767,0.022210419178009033
loco_external_fire,gnn_zero_edge_features,42,2580,0.009477143993183059,0.011234937233745954,0.020414680242538452
loco_external_fire,gnn_zero_edge_features,42,2640,0.009600837011726536,0.011665433583799133,0.023995965719223022
loco_external_fire,gnn_zero_edge_features,42,2700,0.008976543740350373,0.010656575431031675,0.018902301788330078
loco_external_fire,gnn_zero_edge_features,42,2760,0.00855741877945102,0.010242464593665521,0.018281251192092896
loco_external_fire,gnn_zero_edge_features,42,2820,0.008551736267245546,0.010244746550324793,0.01720169186592102
loco_external_fire,gnn_zero_edge_features,42,2880,0.008485127772603716,0.01032291156975649,0.019313335418701172
loco_external_fire,gnn_zero_edge_features,42,2940,0.008534640073776245,0.010284419839251536,0.017790451645851135
loco_external_fire,gnn_zero_edge_features,42,3000,0.008746258458312678,0.010486809520941916,0.016910165548324585
loco_external_fire,gnn_zero_edge_features,42,3060,0.008893490749962476,0.010651812463710157,0.01874484121799469
loco_external_fire,gnn_zero_edge_features,42,3120,0.009462986977732912,0.011330693436090132,0.02092278003692627
loco_external_fire,gnn_zero_edge_features,42,3180,0.009196257712889691,0.011236014911610099,0.020029261708259583
loco_external_fire,gnn_zero_edge_features,42,3240,0.009057518474909723,0.01109280054008062,0.01944778859615326
loco_external_fire,gnn_zero_edge_features,42,3300,0.008542987156887444,0.010370713394443542,0.022287726402282715
loco_external_fire,gnn_zero_edge_features,42,3360,0.008141602180442032,0.01007695126105377,0.025236234068870544
loco_external_fire,gnn_zero_edge_features,42,3420,0.007858728875919265,0.0097481881433881,0.02539047598838806
loco_external_fire,gnn_zero_edge_features,42,3480,0.007537526439647286,0.009344340739570713,0.025654450058937073
loco_external_fire,gnn_zero_edge_features,42,3540,0.007252481214854182,0.00895237474679576,0.02112939953804016
loco_external_fire,gnn_zero_edge_features,42,3600,0.007296685965693727,0.008906102248512434,0.01722995936870575
loco_external_fire,gnn_zero_edge_features,43,0,0.0020021820554927904,0.0020044831998373997,0.0
loco_external_fire,gnn_zero_edge_features,43,60,0.016624678154380953,0.018864847491522063,0.03342032432556152
loco_external_fire,gnn_zero_edge_features,43,120,0.006198138606791593,0.007823369806437743,0.022215068340301514
loco_external_fire,gnn_zero_edge_features,43,180,0.04909206288201468,0.05631892041431641,0.02620619535446167
loco_external_fire,gnn_zero_edge_features,43,240,0.015093982219696045,0.018561695043083692,0.0416182279586792
loco_external_fire,gnn_zero_edge_features,43,300,0.015056549286355778,0.01873389876136389,0.03285205364227295
loco_external_fire,gnn_zero_edge_features,43,360,0.01398211839247723,0.01758904511759387,0.028544366359710693
loco_external_fire,gnn_zero_edge_features,43,420,0.010639197972356056,0.013170169450779834,0.0287436842918396
loco_external_fire,gnn_zero_edge_features,43,480,0.011982444597750294,0.01412519937300641,0.02412635087966919
loco_external_fire,gnn_zero_edge_features,43,540,0.01061662484188469,0.012840311004908725,0.02690744400024414
loco_external_fire,gnn_zero_edge_features,43,600,0.011263162505869962,0.01384380663812044,0.03238588571548462
loco_external_fire,gnn_zero_edge_features,43,660,0.009819714390501683,0.012431751002778425,0.02971959114074707
loco_external_fire,gnn_zero_edge_features,43,720,0.011232310411881427,0.013244775477754142,0.029208004474639893
loco_external_fire,gnn_zero_edge_features,43,780,0.010432082779553473,0.012620061805309146,0.03301823139190674
loco_external_fire,gnn_zero_edge_features,43,840,0.011048551724881542,0.013670606620651561,0.03760254383087158
loco_external_fire,gnn_zero_edge_features,43,900,0.010782656620959846,0.013320943158674135,0.034223973751068115
loco_external_fire,gnn_zero_edge_features,43,960,0.010898635095479538,0.01418439763126047,0.03636413812637329
loco_external_fire,gnn_zero_edge_features,43,1020,0.010263604777199882,0.013192318127055843,0.025921344757080078
loco_external_fire,gnn_zero_edge_features,43,1080,0.011124596912033704,0.014218213303686037,0.03551861643791199
loco_external_fire,gnn_zero_edge_features,43,1140,0.010990738260502718,0.014542039047393105,0.039060741662979126
loco_external_fire,gnn_zero_edge_features,43,1200,0.011800085403481307,0.014652289518415008,0.029683828353881836
loco_external_fire,gnn_zero_edge_features,43,1260,0.008658782559998182,0.01074698356313953,0.022672444581985474
loco_external_fire,gnn_zero_edge_features,43,1320,0.009862141949789864,0.01181118874006319,0.02378767728805542
loco_external_fire,gnn_zero_edge_features,43,1380,0.009093549178571117,0.011232686680505186,0.03463476896286011
loco_external_fire,gnn_zero_edge_features,43,1440,0.008362382042164706,0.01046788410882786,0.022187262773513794
loco_external_fire,gnn_zero_edge_features,43,1500,0.008680267601597066,0.010241551326786811,0.019044458866119385
loco_external_fire,gnn_zero_edge_features,43,1560,0.009263820185953257,0.011310247994013516,0.019355356693267822
loco_external_fire,gnn_zero_edge_features,43,1620,0.008653042875990575,0.010732401471397967,0.013843804597854614
loco_external_fire,gnn_zero_edge_features,43,1680,0.009006842666742752,0.011439338446856035,0.01719626784324646
loco_external_fire,gnn_zero_edge_features,43,1740,0.00901021397843653,0.011546528782773435,0.02086663246154785
loco_external_fire,gnn_zero_edge_features,43,1800,0.00971090732788553,0.012556397890529656,0.024858564138412476
loco_external_fire,gnn_zero_edge_features,43,1860,0.009438461795145152,0.012341359504257547,0.021602660417556763
loco_external_fire,gnn_zero_edge_features,43,1920,0.009691215899525856,0.0127458082965284,0.01802191138267517
loco_external_fire,gnn_zero_edge_features,43,1980,0.009600150341890296,0.01265665295908064,0.020013779401779175
loco_external_fire,gnn_zero_edge_features,43,2040,0.00983457723442389,0.01304659425944332,0.02166914939880371
loco_external_fire,gnn_zero_edge_features,43,2100,0.009512027307432525,0.012746407522341838,0.02424377202987671
loco_external_fire,gnn_zero_edge_features,43,2160,0.009973806994301932,0.012956219470865263,0.02691251039505005
loco_external_fire,gnn_zero_edge_features,43,2220,0.01032029609290921,0.013238588772419208,0.027238190174102783
loco_external_fire,gnn_zero_edge_features,43,2280,0.011380771593171723,0.01419727907621611,0.02802690863609314
loco_external_fire,gnn_zero_edge_features,43,2340,0.009734640924298033,0.012732579082709626,0.029376119375228882
loco_external_fire,gnn_zero_edge_features,43,2400,0.008737408993195514,0.011710950577011804,0.030567526817321777
loco_external_fire,gnn_zero_edge_features,43,2460,0.00850094520315832,0.010937170016196155,0.027276664972305298
loco_external_fire,gnn_zero_edge_features,43,2520,0.008698885538140121,0.01090112264917908,0.02404770255088806
loco_external_fire,gnn_zero_edge_features,43,2580,0.008598426166845828,0.010845490766593895,0.023325830698013306
loco_external_fire,gnn_zero_edge_features,43,2640,0.008861639974068622,0.011205054381596021,0.026977866888046265
loco_external_fire,gnn_zero_edge_features,43,2700,0.00836478417017022,0.010571848690020324,0.02148643136024475
loco_external_fire,gnn_zero_edge_features,43,2760,0.008480932031358992,0.010623885939822485,0.02060559391975403
loco_external_fire,gnn_zero_edge_features,43,2820,0.00864720344543457,0.010548475677784388,0.019482940435409546
loco_external_fire,gnn_zero_edge_features,43,2880,0.008464530414464523,0.01063263050177268,0.01832282543182373
loco_external_fire,gnn_zero_edge_features,43,2940,0.008674835672183913,0.010755271340771854,0.018706321716308594
loco_external_fire,gnn_zero_edge_features,43,3000,0.008721496073567137,0.010896550713448066,0.019147932529449463
loco_external_fire,gnn_zero_edge_features,43,3060,0.009103246793455007,0.011207132201313424,0.015984132885932922
loco_external_fire,gnn_zero_edge_features,43,3120,0.009631367058170085,0.011851736442558788,0.01663529872894287
loco_external_fire,gnn_zero_edge_features,43,3180,0.009593369401231105,0.011815513354905828,0.017150774598121643
loco_external_fire,gnn_zero_edge_features,43,3240,0.009570551465968696,0.011704197032386938,0.017710864543914795
loco_external_fire,gnn_zero_edge_features,43,3300,0.008824643735982934,0.0111386070680033,0.02000117301940918
loco_external_fire,gnn_zero_edge_features,43,3360,0.008457577654293605,0.011058400049795728,0.022375822067260742
loco_external_fire,gnn_zero_edge_features,43,3420,0.008932005690068615,0.011288687302339052,0.021966084837913513
loco_external_fire,gnn_zero_edge_features,43,3480,0.008951302997919977,0.011285657189151792,0.02169950306415558
loco_external_fire,gnn_zero_edge_features,43,3540,0.008851856905586866,0.011097444228845385,0.016693010926246643
loco_external_fire,gnn_zero_edge_features,43,3600,0.009047402715196416,0.011177384510470623,0.016573354601860046
loco_external_fire,gnn_zero_edge_features,44,0,0.00233025818454976,0.002362388749323462,0.0
loco_external_fire,gnn_zero_edge_features,44,60,0.015365847519465856,0.017058596959519,0.03240561485290527
loco_external_fire,gnn_zero_edge_features,44,120,0.010537336067277558,0.01201375793395072,0.016298770904541016
loco_external_fire,gnn_zero_edge_features,44,180,0.05370327161282909,0.06224172545111691,0.013956308364868164
loco_external_fire,gnn_zero_edge_features,44,240,0.014093570563257957,0.017193895606736478,0.029744505882263184
loco_external_fire,gnn_zero_edge_features,44,300,0.013635578204174431,0.016881690539656876,0.02704256772994995
loco_external_fire,gnn_zero_edge_features,44,360,0.013122969744156818,0.016388115703271137,0.02593410015106201
loco_external_fire,gnn_zero_edge_features,44,420,0.010232351264175104,0.01233594870978341,0.025204777717590332
loco_external_fire,gnn_zero_edge_features,44,480,0.011276455558076198,0.013152229247503882,0.022709906101226807
loco_external_fire,gnn_zero_edge_features,44,540,0.009541144176405303,0.011627136931009552,0.025569379329681396
loco_external_fire,gnn_zero_edge_features,44,600,0.010455069493274299,0.013122714047018124,0.02987837791442871
loco_external_fire,gnn_zero_edge_features,44,660,0.00927420051730409,0.011755008217128545,0.026212096214294434
loco_external_fire,gnn_zero_edge_features,44,720,0.010272761996911496,0.012286868896403076,0.024260282516479492
loco_external_fire,gnn_zero_edge_features,44,780,0.010276329760648767,0.012105117557359128,0.027266979217529297
loco_external_fire,gnn_zero_edge_features,44,840,0.011483833497884323,0.013264457858328317,0.0309828519821167
loco_external_fire,gnn_zero_edge_features,44,900,0.01070426556528831,0.012750691735658012,0.027935326099395752
loco_external_fire,gnn_zero_edge_features,44,960,0.011095657640573929,0.013776327893128071,0.03254038095474243
loco_external_fire,gnn_zero_edge_features,44,1020,0.010444625299804064,0.012778944402910275,0.027673959732055664
loco_external_fire,gnn_zero_edge_features,44,1080,0.010591092158337029,0.013271718412556388,0.03689470887184143
loco_external_fire,gnn_zero_edge_features,44,1140,0.011492818593978882,0.014241565470829597,0.03146246075630188
loco_external_fire,gnn_zero_edge_features,44,1200,0.012530716098084742,0.014940432134769293,0.028555363416671753
loco_external_fire,gnn_zero_edge_features,44,1260,0.00921264108346433,0.01110041098311585,0.026889711618423462
loco_external_fire,gnn_zero_edge_features,44,1320,0.009911599816108237,0.011966429565053845,0.026006340980529785
loco_external_fire,gnn_zero_edge_features,44,1380,0.009274455965781699,0.011159969977801469,0.031831949949264526
loco_external_fire,gnn_zero_edge_features,44,1440,0.009007106630169615,0.010746917522881698,0.0217132568359375
loco_external_fire,gnn_zero_edge_features,44,1500,0.008884217057909285,0.010343057803361968,0.018231689929962158
loco_external_fire,gnn_zero_edge_features,44,1560,0.009322922448722683,0.011519003300709893,0.02367532253265381
loco_external_fire,gnn_zero_edge_features,44,1620,0.008750293327837574,0.010788551925578349,0.018370062112808228
loco_external_fire,gnn_zero_edge_features,44,1680,0.00931140415522517,0.011403831704210873,0.01931971311569214
loco_external_fire,gnn_zero_edge_features,44,1740,0.009239737476621355,0.011499830483323452,0.02142578363418579
loco_external_fire,gnn_zero_edge_features,44,1800,0.01007360037492246,0.012528589236707816,0.02412337064743042
loco_external_fire,gnn_zero_edge_features,44,1860,0.009425899203942746,0.012221915950836982,0.023883193731307983
loco_external_fire,gnn_zero_edge_features,44,1920,0.009556936974428137,0.012720935823458979,0.024085581302642822
loco_external_fire,gnn_zero_edge_features,44,1980,0.00910461739617951,0.012400860887563196,0.02663886547088623
loco_external_fire,gnn_zero_edge_features,44,2040,0.00946029290861013,0.012715320911307849,0.028201013803482056
loco_external_fire,gnn_zero_edge_features,44,2100,0.009087942084487604,0.012237079947256342,0.027702152729034424
loco_external_fire,gnn_zero_edge_features,44,2160,0.009674880577593433,0.012432067164099243,0.02925124764442444
loco_external_fire,gnn_zero_edge_features,44,2220,0.010058867079871041,0.012730841652958774,0.02938595414161682
loco_external_fire,gnn_zero_edge_features,44,2280,0.011314275313396844,0.013898383617050843,0.02944311499595642
loco_external_fire,gnn_zero_edge_features,44,2340,0.009851017776800662,0.012506711982670822,0.03003600239753723
loco_external_fire,gnn_zero_edge_features,44,2400,0.009192227100839421,0.011746604162529827,0.030946403741836548
loco_external_fire,gnn_zero_edge_features,44,2460,0.008710348484467487,0.010782101667267114,0.0270727276802063
loco_external_fire,gnn_zero_edge_features,44,2520,0.008939558145951251,0.010875385059740318,0.02347809076309204
loco_external_fire,gnn_zero_edge_features,44,2580,0.008634069136210851,0.010715515876788675,0.026959121227264404
loco_external_fire,gnn_zero_edge_features,44,2640,0.009365968558253075,0.011378268812638233,0.030749380588531494
loco_external_fire,gnn_zero_edge_features,44,2700,0.008785686018515607,0.010510024716071764,0.025409549474716187
loco_external_fire,gnn_zero_edge_features,44,2760,0.00869912091566592,0.010232766396406131,0.020305007696151733
loco_external_fire,gnn_zero_edge_features,44,2820,0.008580045432460551,0.010152884136348373,0.019254952669143677
loco_external_fire,gnn_zero_edge_features,44,2880,0.008563034388483787,0.010244717604883538,0.01822376251220703
loco_external_fire,gnn_zero_edge_features,44,2940,0.008566740216041098,0.010367765118347421,0.020673826336860657
loco_external_fire,gnn_zero_edge_features,44,3000,0.008311426457093686,0.01048456921223822,0.02318793535232544
loco_external_fire,gnn_zero_edge_features,44,3060,0.008702805151744765,0.010839726784669261,0.02445654571056366
loco_external_fire,gnn_zero_edge_features,44,3120,0.009301815714154924,0.011720492452640098,0.025676950812339783
loco_external_fire,gnn_zero_edge_features,44,3180,0.009074150299539372,0.0115548451040567,0.026309341192245483
loco_external_fire,gnn_zero_edge_features,44,3240,0.009424175839034878,0.01148938897023624,0.026812702417373657
loco_external_fire,gnn_zero_edge_features,44,3300,0.008814802583383054,0.010696320673970139,0.029046326875686646
loco_external_fire,gnn_zero_edge_features,44,3360,0.008146116928178437,0.010362626506417573,0.03136688470840454
loco_external_fire,gnn_zero_edge_features,44,3420,0.008030437997409276,0.010197365404298843,0.030862540006637573
loco_external_fire,gnn_zero_edge_features,44,3480,0.007886733935803783,0.009861229075881207,0.030763834714889526
loco_external_fire,gnn_zero_edge_features,44,3540,0.007216377830018802,0.009198101538432497,0.0260591059923172
loco_external_fire,gnn_zero_edge_features,44,3600,0.0070661756457114705,0.008749287750332355,0.02148135006427765
loco_external_fire,gnn_zero_edge_features,45,0,0.0024292833951054787,0.0024330500616409124,0.0
loco_external_fire,gnn_zero_edge_features,45,60,0.016102894228331898,0.018185642642666987,0.03316497802734375
loco_external_fire,gnn_zero_edge_features,45,120,0.0060015369434745945,0.007430115013226764,0.022081315517425537
loco_external_fire,gnn_zero_edge_features,45,180,0.048042457930895746,0.055652332917052946,0.028774678707122803
loco_external_fire,gnn_zero_edge_features,45,240,0.014137220625974695,0.017070401114351257,0.03641164302825928
loco_external_fire,gnn_zero_edge_features,45,300,0.013646555190183679,0.01684498541853373,0.027307868003845215
loco_external_fire,gnn_zero_edge_features,45,360,0.01336033855165754,0.016331665065415786,0.027855336666107178
loco_external_fire,gnn_zero_edge_features,45,420,0.010478500200777638,0.012544733321266785,0.025194942951202393
loco_external_fire,gnn_zero_edge_features,45,480,0.011579281213332196,0.013756591264368649,0.019323229789733887
loco_external_fire,gnn_zero_edge_features,45,540,0.010103767015496078,0.01213257576098375,0.023415982723236084
loco_external_fire,gnn_zero_edge_features,45,600,0.010347449049657705,0.013001377535813019,0.02969604730606079
loco_external_fire,gnn_zero_edge_features,45,660,0.009218728055759353,0.011904467334578126,0.029754459857940674
loco_external_fire,gnn_zero_edge_features,45,720,0.010551391815652653,0.012760028965794052,0.02505117654800415
loco_external_fire,gnn_zero_edge_features,45,780,0.009891151165475651,0.012101625498388939,0.02810746431350708
loco_external_fire,gnn_zero_edge_features,45,840,0.011303185200204655,0.013468305264367873,0.031704843044281006
loco_external_fire,gnn_zero_edge_features,45,900,0.010813084183907022,0.013181254007745263,0.0318109393119812
loco_external_fire,gnn_zero_edge_features,45,960,0.011081933975219727,0.013851660435600897,0.03574681282043457
loco_external_fire,gnn_zero_edge_features,45,1020,0.010585100066905119,0.01292584062789436,0.028523266315460205
loco_external_fire,gnn_zero_edge_features,45,1080,0.010092506603318818,0.013283260598764956,0.03889217972755432
loco_external_fire,gnn_zero_edge_features,45,1140,0.010982538364371476,0.013912152948141505,0.03528490662574768
loco_external_fire,gnn_zero_edge_features,45,1200,0.011637197465312724,0.014321485969518617,0.03133857250213623
loco_external_fire,gnn_zero_edge_features,45,1260,0.008947922258960957,0.010922736416214076,0.023239880800247192
loco_external_fire,gnn_zero_edge_features,45,1320,0.009247441072853245,0.011100848237893902,0.021528154611587524
loco_external_fire,gnn_zero_edge_features,45,1380,0.009022999782951511,0.010754496746450098,0.029662221670150757
loco_external_fire,gnn_zero_edge_features,45,1440,0.009009957921748258,0.010560511072393189,0.01895257830619812
loco_external_fire,gnn_zero_edge_features,45,1500,0.009020554776094397,0.010450315721191903,0.015232086181640625
loco_external_fire,gnn_zero_edge_features,45,1560,0.009116961639754626,0.01150908277451172,0.021127521991729736
loco_external_fire,gnn_zero_edge_features,45,1620,0.00836174767844531,0.010628264073159557,0.016585469245910645
loco_external_fire,gnn_zero_edge_features,45,1680,0.00862934516400707,0.01081342076336021,0.01868191361427307
loco_external_fire,gnn_zero_edge_features,45,1740,0.008390083604929398,0.011021397534855572,0.02309870719909668
loco_external_fire,gnn_zero_edge_features,45,1800,0.00898074617191237,0.012154231702718244,0.02758118510246277
loco_external_fire,gnn_zero_edge_features,45,1860,0.00870707631111145,0.012048670359718402,0.024877965450286865
loco_external_fire,gnn_zero_edge_features,45,1920,0.009520419398132635,0.01266735478635503,0.022411078214645386
loco_external_fire,gnn_zero_edge_features,45,1980,0.009543952893237678,0.012942843513795026,0.02557775378227234
loco_external_fire,gnn_zero_edge_features,45,2040,0.010455397927031224,0.013700115110311124,0.027450919151306152
loco_external_fire,gnn_zero_edge_features,45,2100,0.009998032024928502,0.013401967196270058,0.030164659023284912
loco_external_fire,gnn_zero_edge_features,45,2160,0.010054739154115016,0.01344601091574589,0.033103346824645996
loco_external_fire,gnn_zero_edge_features,45,2220,0.00999327581755969,0.013454451441477477,0.03375375270843506
loco_external_fire,gnn_zero_edge_features,45,2280,0.010867995875222343,0.014244573448681441,0.034294307231903076
loco_external_fire,gnn_zero_edge_features,45,2340,0.009475304155933614,0.012969066801369377,0.03526553511619568
loco_external_fire,gnn_zero_edge_features,45,2400,0.009014868006414297,0.012155700317073831,0.03637656569480896
loco_external_fire,gnn_zero_edge_features,45,2460,0.008854032171015836,0.011415667671947275,0.03307676315307617
loco_external_fire,gnn_zero_edge_features,45,2520,0.0092053620182738,0.011470536999796955,0.02989134192466736
loco_external_fire,gnn_zero_edge_features,45,2580,0.009168350574921588,0.011314773337060803,0.02817973494529724
loco_external_fire,gnn_zero_edge_features,45,2640,0.009418381720173116,0.011540971933396652,0.026541948318481445
loco_external_fire,gnn_zero_edge_features,45,2700,0.008560678484488507,0.010647365149093464,0.026628166437149048
loco_external_fire,gnn_zero_edge_features,45,2760,0.008453802490720943,0.010392174707817026,0.026765048503875732
loco_external_fire,gnn_zero_edge_features,45,2820,0.008165493607521057,0.010108793652728635,0.02559944987297058
loco_external_fire,gnn_zero_edge_features,45,2880,0.008097866055916766,0.009997232190465295,0.024244964122772217
loco_external_fire,gnn_zero_edge_features,45,2940,0.00823188618737824,0.010119092197022153,0.024347543716430664
loco_external_fire,gnn_zero_edge_features,45,3000,0.008155962642358273,0.010281934745963612,0.024438202381134033
loco_external_fire,gnn_zero_edge_features,45,3060,0.008607927937896885,0.010494827890161994,0.019779324531555176
loco_external_fire,gnn_zero_edge_features,45,3120,0.009171905262129647,0.01111254361707952,0.021125376224517822
loco_external_fire,gnn_zero_edge_features,45,3180,0.009445643546629925,0.011278036471914922,0.020294189453125
loco_external_fire,gnn_zero_edge_features,45,3240,0.00936813378820614,0.011293745509915945,0.019513070583343506
loco_external_fire,gnn_zero_edge_features,45,3300,0.008843221226517034,0.010774547424340064,0.020644307136535645
loco_external_fire,gnn_zero_edge_features,45,3360,0.008451699906465958,0.010573978822800957,0.023149967193603516
loco_external_fire,gnn_zero_edge_features,45,3420,0.008770811618590842,0.010553007664253353,0.022836044430732727
loco_external_fire,gnn_zero_edge_features,45,3480,0.008867816657436137,0.010555341219023826,0.02261364459991455
loco_external_fire,gnn_zero_edge_features,45,3540,0.008594460937441612,0.010262401372885989,0.017493337392807007
loco_external_fire,gnn_zero_edge_features,45,3600,0.008699539668706,0.0103462824536765,0.015512257814407349
loco_external_fire,gnn_zero_edge_features,46,0,0.0023654018129621234,0.002384699768534351,0.0
loco_external_fire,gnn_zero_edge_features,46,60,0.015214378736457047,0.017071638637799258,0.03304564952850342
loco_external_fire,gnn_zero_edge_features,46,120,0.006559391410983339,0.00808433593866957,0.026112496852874756
loco_external_fire,gnn_zero_edge_features,46,180,0.04258064956081157,0.05141656580916911,0.03456223011016846
loco_external_fire,gnn_zero_edge_features,46,240,0.016075107516074667,0.020350973236613116,0.06892400979995728
loco_external_fire,gnn_zero_edge_features,46,300,0.014946550739054777,0.018315510270564432,0.044300377368927
loco_external_fire,gnn_zero_edge_features,46,360,0.014275558140813088,0.017233821856096624,0.033548831939697266
loco_external_fire,gnn_zero_edge_features,46,420,0.010373051069220719,0.012611086280157493,0.03681004047393799
loco_external_fire,gnn_zero_edge_features,46,480,0.009833463600703649,0.012477528110285225,0.033621370792388916
loco_external_fire,gnn_zero_edge_features,46,540,0.008802182820378517,0.011408025112348683,0.03451061248779297
loco_external_fire,gnn_zero_edge_features,46,600,0.010755518261267215,0.013475687030005002,0.03517228364944458
loco_external_fire,gnn_zero_edge_features,46,660,0.01048223826349998,0.01275767347445156,0.0273473858833313
loco_external_fire,gnn_zero_edge_features,46,720,0.01141947872784673,0.01369286221369478,0.023250997066497803
loco_external_fire,gnn_zero_edge_features,46,780,0.010445518153054374,0.012483973844493311,0.023159027099609375
loco_external_fire,gnn_zero_edge_features,46,840,0.011279985612752487,0.013080756340395544,0.025590181350708008
loco_external_fire,gnn_zero_edge_features,46,900,0.011523044839197276,0.014025297955587835,0.03283458948135376
loco_external_fire,gnn_zero_edge_features,46,960,0.012279319519899329,0.015542167128346707,0.03674769401550293
loco_external_fire,gnn_zero_edge_features,46,1020,0.012785116020514041,0.01580423599819243,0.035730957984924316
loco_external_fire,gnn_zero_edge_features,46,1080,0.013345868003611662,0.01679800350280723,0.043174296617507935
loco_external_fire,gnn_zero_edge_features,46,1140,0.012240021204461857,0.016301246962755003,0.041797131299972534
loco_external_fire,gnn_zero_edge_features,46,1200,0.013017597247143181,0.015919625026361458,0.03346171975135803
loco_external_fire,gnn_zero_edge_features,46,1260,0.00968871311265595,0.011919640128343408,0.02793145179748535
loco_external_fire,gnn_zero_edge_features,46,1320,0.010251790285110474,0.0123514368422944,0.028416305780410767
loco_external_fire,gnn_zero_edge_features,46,1380,0.009767990939471186,0.012218306040126834,0.03707268834114075
loco_external_fire,gnn_zero_edge_features,46,1440,0.009454747243803375,0.012186767931069592,0.030096203088760376
loco_external_fire,gnn_zero_edge_features,46,1500,0.009005315449773049,0.01160758632278086,0.028445392847061157
loco_external_fire,gnn_zero_edge_features,46,1560,0.009611767165514887,0.012481070090058412,0.02854597568511963
loco_external_fire,gnn_zero_edge_features,46,1620,0.00911132170229542,0.011622388398599687,0.03007560968399048
loco_external_fire,gnn_zero_edge_features,46,1680,0.010256170010080144,0.012458209741831757,0.03299742937088013
loco_external_fire,gnn_zero_edge_features,46,1740,0.01042092880424188,0.012476406892144892,0.03429514169692993
loco_external_fire,gnn_zero_edge_features,46,1800,0.010734556280836766,0.013104056515902771,0.03562644124031067
loco_external_fire,gnn_zero_edge_features,46,1860,0.009904370015981247,0.012114516523804705,0.03363049030303955
loco_external_fire,gnn_zero_edge_features,46,1920,0.010054025114799033,0.012448237127731021,0.031958192586898804
loco_external_fire,gnn_zero_edge_features,46,1980,0.009774959209013959,0.012017092285191988,0.03279829025268555
loco_external_fire,gnn_zero_edge_features,46,2040,0.009936664177446949,0.012150133948597019,0.033973753452301025
loco_external_fire,gnn_zero_edge_features,46,2100,0.010033741897466232,0.012224558400297757,0.034050941467285156
loco_external_fire,gnn_zero_edge_features,46,2160,0.010769934678564266,0.012850061985274086,0.03443768620491028
loco_external_fire,gnn_zero_edge_features,46,2220,0.010411657240926003,0.0130164460465041,0.035335808992385864
loco_external_fire,gnn_zero_edge_features,46,2280,0.011231107979404683,0.013995177455758819,0.035046786069869995
loco_external_fire,gnn_zero_edge_features,46,2340,0.009489270497341546,0.012587497122957182,0.03530615568161011
loco_external_fire,gnn_zero_edge_features,46,2400,0.008921008329002224,0.012009923358193383,0.035836607217788696
loco_external_fire,gnn_zero_edge_features,46,2460,0.008611821398443105,0.011226179482391324,0.031027019023895264
loco_external_fire,gnn_zero_edge_features,46,2520,0.009014053612339253,0.011024195109105099,0.028096109628677368
loco_external_fire,gnn_zero_edge_features,46,2580,0.008964224737517687,0.011015548697336753,0.029440075159072876
loco_external_fire,gnn_zero_edge_features,46,2640,0.009201321674852955,0.011533453629002018,0.03263631463050842
loco_external_fire,gnn_zero_edge_features,46,2700,0.008693912503670673,0.01064576527123449,0.02680256962776184
loco_external_fire,gnn_zero_edge_features,46,2760,0.008615695092142845,0.010579539899407743,0.025291413068771362
loco_external_fire,gnn_zero_edge_features,46,2820,0.008266186227603835,0.01005526859601402,0.025943845510482788
loco_external_fire,gnn_zero_edge_features,46,2880,0.007854616155429763,0.009869039461110363,0.0267627090215683
loco_external_fire,gnn_zero_edge_features,46,2940,0.007853704751754294,0.009819868698161099,0.024401798844337463
loco_external_fire,gnn_zero_edge_features,46,3000,0.007581341935663807,0.009704116904614412,0.02214035391807556
loco_external_fire,gnn_zero_edge_features,46,3060,0.008011099331232965,0.00995245759700399,0.021915271878242493
loco_external_fire,gnn_zero_edge_features,46,3120,0.008770981613470584,0.010770445251610515,0.02285793423652649
loco_external_fire,gnn_zero_edge_features,46,3180,0.00870611381774046,0.010962303286250343,0.023717597126960754
loco_external_fire,gnn_zero_edge_features,46,3240,0.008458047801134537,0.01090693586053365,0.024700909852981567
loco_external_fire,gnn_zero_edge_features,46,3300,0.008162164566468219,0.010162147857798082,0.02750992774963379
loco_external_fire,gnn_zero_edge_features,46,3360,0.007994437400175601,0.01025532867267036,0.030452296137809753
loco_external_fire,gnn_zero_edge_features,46,3420,0.00794314973208369,0.010207425236532145,0.030623286962509155
loco_external_fire,gnn_zero_edge_features,46,3480,0.007935163317894449,0.009986731126391353,0.030923038721084595
loco_external_fire,gnn_zero_edge_features,46,3540,0.0071490793203820985,0.009150459361145506,0.026447057723999023
loco_external_fire,gnn_zero_edge_features,46,3600,0.006529215039039145,0.00852745997561614,0.02455255389213562
loco_external_fire,gnn_mean,42,0,0.0016736096265364665,0.0016825045976047932,0.0
loco_external_fire,gnn_mean,42,60,0.015370919996378372,0.01724270602582105,0.03323394060134888
loco_external_fire,gnn_mean,42,120,0.006016473380886778,0.007750973613313364,0.024388611316680908
loco_external_fire,gnn_mean,42,180,0.04102788287766126,0.04858764504823242,0.0475391149520874
loco_external_fire,gnn_mean,42,240,0.013877367486759109,0.017133160332316943,0.04432690143585205
loco_external_fire,gnn_mean,42,300,0.013262578419276647,0.016259491714577388,0.03774404525756836
loco_external_fire,gnn_mean,42,360,0.012514326037192831,0.015378025911885196,0.03127855062484741
loco_external_fire,gnn_mean,42,420,0.010300821187544842,0.013045336676531856,0.033776044845581055
loco_external_fire,gnn_mean,42,480,0.01079778646936222,0.012647076036886853,0.027491092681884766
loco_external_fire,gnn_mean,42,540,0.009532328771085155,0.011807644127824101,0.029039382934570312
loco_external_fire,gnn_mean,42,600,0.010720703066611777,0.013670164606723085,0.03855931758880615
loco_external_fire,gnn_mean,42,660,0.010008899533018773,0.012520473866041546,0.0399896502494812
loco_external_fire,gnn_mean,42,720,0.011078833317270085,0.013218483173139974,0.0356026291847229
loco_external_fire,gnn_mean,42,780,0.009829333850315638,0.012298018775123596,0.028742074966430664
loco_external_fire,gnn_mean,42,840,0.010667608708751445,0.013351765779181164,0.03252345323562622
loco_external_fire,gnn_mean,42,900,0.009104475683095505,0.011877154002713055,0.02792489528656006
loco_external_fire,gnn_mean,42,960,0.009575425362100407,0.01206071821922942,0.029904663562774658
loco_external_fire,gnn_mean,42,1020,0.008931314458652419,0.0111011844354788,0.023623406887054443
loco_external_fire,gnn_mean,42,1080,0.010218730386422605,0.013381910203762825,0.048366695642471313
loco_external_fire,gnn_mean,42,1140,0.01181706299587172,0.013745840530988958,0.0347256064414978
loco_external_fire,gnn_mean,42,1200,0.011762053990850643,0.014508847027620383,0.02878516912460327
loco_external_fire,gnn_mean,42,1260,0.009438703254777558,0.011560494875859795,0.026186615228652954
loco_external_fire,gnn_mean,42,1320,0.007928136051917563,0.01021486774894858,0.023325324058532715
loco_external_fire,gnn_mean,42,1380,0.008059825216020857,0.009908705669162667,0.03394785523414612
loco_external_fire,gnn_mean,42,1440,0.008402710666461867,0.009818487414947116,0.023494869470596313
loco_external_fire,gnn_mean,42,1500,0.00788440753002556,0.009737236502151697,0.015308141708374023
loco_external_fire,gnn_mean,42,1560,0.008489269991310276,0.01107501328318785,0.017410635948181152
loco_external_fire,gnn_mean,42,1620,0.008832407240964929,0.011055440919602083,0.014330089092254639
loco_external_fire,gnn_mean,42,1680,0.00990755217415946,0.012089656557148741,0.0185205340385437
loco_external_fire,gnn_mean,42,1740,0.009540518935845822,0.012007821065384542,0.021368682384490967
loco_external_fire,gnn_mean,42,1800,0.010316396246151048,0.012876421136797283,0.024488896131515503
loco_external_fire,gnn_mean,42,1860,0.009891354307836416,0.012534677549624047,0.023164033889770508
loco_external_fire,gnn_mean,42,1920,0.009965034771938714,0.012857330429963414,0.021289676427841187
loco_external_fire,gnn_mean,42,1980,0.009802392550877162,0.012608699746652439,0.021822035312652588
loco_external_fire,gnn_mean,42,2040,0.010056669006542283,0.013033983139836853,0.02264311909675598
loco_external_fire,gnn_mean,42,2100,0.009659062234722838,0.012678756888032383,0.02224910259246826
loco_external_fire,gnn_mean,42,2160,0.00963055783388566,0.012739613324164688,0.022013843059539795
loco_external_fire,gnn_mean,42,2220,0.009011833035216039,0.01220939378948047,0.02218911051750183
loco_external_fire,gnn_mean,42,2280,0.009663228477750505,0.012451648117198202,0.022526830434799194
loco_external_fire,gnn_mean,42,2340,0.008755469808773118,0.011626092186240194,0.023615390062332153
loco_external_fire,gnn_mean,42,2400,0.008558589584973395,0.01140010048624925,0.0248526930809021
loco_external_fire,gnn_mean,42,2460,0.008320634462395492,0.010771579129611837,0.02062070369720459
loco_external_fire,gnn_mean,42,2520,0.008682791067629444,0.010796970507286851,0.016515344381332397
loco_external_fire,gnn_mean,42,2580,0.008705190249851771,0.011018396842750067,0.01986992359161377
loco_external_fire,gnn_mean,42,2640,0.009343479360852922,0.011750977599140337,0.023348361253738403
loco_external_fire,gnn_mean,42,2700,0.009110811109445532,0.010906736093651078,0.017718076705932617
loco_external_fire,gnn_mean,42,2760,0.008918951968757473,0.010678625556300558,0.014748573303222656
loco_external_fire,gnn_mean,42,2820,0.009519777127674647,0.01107094015600141,0.01474839448928833
loco_external_fire,gnn_mean,42,2880,0.010237890238664588,0.01159309332226225,0.014879167079925537
loco_external_fire,gnn_mean,42,2940,0.010198320053061661,0.011474554258891588,0.013150796294212341
loco_external_fire,gnn_mean,42,3000,0.01026458399636405,0.011543348910667115,0.012575984001159668
loco_external_fire,gnn_mean,42,3060,0.010536022636355186,0.011967702153812518,0.01344802975654602
loco_external_fire,gnn_mean,42,3120,0.011208518123140141,0.012725480048880697,0.014499768614768982
loco_external_fire,gnn_mean,42,3180,0.011250080806868417,0.012596936155309378,0.015445038676261902
loco_external_fire,gnn_mean,42,3240,0.010701169164813295,0.011968578470086182,0.016596272587776184
loco_external_fire,gnn_mean,42,3300,0.009795972279139928,0.011091864838993853,0.01960960030555725
loco_external_fire,gnn_mean,42,3360,0.009255519935062953,0.010923151370483513,0.022759899497032166
loco_external_fire,gnn_mean,42,3420,0.008799989308629717,0.010433780084192351,0.023122191429138184
loco_external_fire,gnn_mean,42,3480,0.008062484008925301,0.009741224599147884,0.023583918809890747
loco_external_fire,gnn_mean,42,3540,0.0076165077637652965,0.009374446743127443,0.019232481718063354
loco_external_fire,gnn_mean,42,3600,0.007637656464868662,0.009422617054011033,0.014956608414649963
loco_external_fire,gnn_mean,43,0,0.002286555815716179,0.002296080729840993,0.0
loco_external_fire,gnn_mean,43,60,0.01663908423209677,0.018521209442960693,0.03195977210998535
loco_external_fire,gnn_mean,43,120,0.006031374542080626,0.00791612237032835,0.022570550441741943
loco_external_fire,gnn_mean,43,180,0.04818554435457502,0.05488363084691239,0.022210001945495605
loco_external_fire,gnn_mean,43,240,0.01436148857583805,0.01708793642312961,0.04028332233428955
loco_external_fire,gnn_mean,43,300,0.014610727222598329,0.017334319171622727,0.02966630458831787
loco_external_fire,gnn_mean,43,360,0.013765102746535321,0.01652933401230047,0.030507326126098633
loco_external_fire,gnn_mean,43,420,0.01126953412075432,0.013187473400162807,0.031645357608795166
loco_external_fire,gnn_mean,43,480,0.012000064460598692,0.013749784977304674,0.02644646167755127
loco_external_fire,gnn_mean,43,540,0.010423350090883216,0.012489971621701039,0.02576225996017456
loco_external_fire,gnn_mean,43,600,0.010367207381190086,0.013636637845390953,0.03570246696472168
loco_external_fire,gnn_mean,43,660,0.008964343946807238,0.011943692545741534,0.03497028350830078
loco_external_fire,gnn_mean,43,720,0.010511691472968277,0.012690014534277351,0.030462026596069336
loco_external_fire,gnn_mean,43,780,0.009301141816742567,0.011516643153261386,0.03421229124069214
loco_external_fire,gnn_mean,43,840,0.010078032406008974,0.012617100362600393,0.04020726680755615
loco_external_fire,gnn_mean,43,900,0.009093105792999268,0.011922386808704865,0.03638416528701782
loco_external_fire,gnn_mean,43,960,0.009090366412182244,0.011913755002707402,0.03157311677932739
loco_external_fire,gnn_mean,43,1020,0.008617144458147943,0.010794036123837574,0.02721637487411499
loco_external_fire,gnn_mean,43,1080,0.009032602212866959,0.012541463654559852,0.0438360869884491
loco_external_fire,gnn_mean,43,1140,0.010794427930092325,0.013307853296442483,0.03767818212509155
loco_external_fire,gnn_mean,43,1200,0.011987101666781366,0.01474681694343911,0.03104296326637268
loco_external_fire,gnn_mean,43,1260,0.009566718826488572,0.011643991723957612,0.028695017099380493
loco_external_fire,gnn_mean,43,1320,0.009672650269099645,0.011903171448878523,0.027542203664779663
loco_external_fire,gnn_mean,43,1380,0.009447049729678095,0.01110549379071458,0.02818158268928528
loco_external_fire,gnn_mean,43,1440,0.009592832351217464,0.010992988771265939,0.02031886577606201
loco_external_fire,gnn_mean,43,1500,0.009155569636091893,0.010585339794226468,0.016551971435546875
loco_external_fire,gnn_mean,43,1560,0.009586872494950587,0.011803867370948363,0.021978050470352173
loco_external_fire,gnn_mean,43,1620,0.009158024982530244,0.011398592176403315,0.016982287168502808
loco_external_fire,gnn_mean,43,1680,0.009623307962806858,0.01214056972833246,0.021552622318267822
loco_external_fire,gnn_mean,43,1740,0.009618697725996678,0.012159055196160366,0.024679064750671387
loco_external_fire,gnn_mean,43,1800,0.01023014285126511,0.013082294546551455,0.028173476457595825
loco_external_fire,gnn_mean,43,1860,0.009844724012880909,0.012630082591112564,0.028600215911865234
loco_external_fire,gnn_mean,43,1920,0.010249599510309647,0.013147828366237473,0.02926453948020935
loco_external_fire,gnn_mean,43,1980,0.009863467240820125,0.012712914818670581,0.03218761086463928
loco_external_fire,gnn_mean,43,2040,0.009938810552869524,0.012908721505554836,0.03344491124153137
loco_external_fire,gnn_mean,43,2100,0.009747874371859491,0.012448314386904167,0.03329747915267944
loco_external_fire,gnn_mean,43,2160,0.00957863306512638,0.012550935546772867,0.03355291485786438
loco_external_fire,gnn_mean,43,2220,0.009262786227829603,0.012395926266810454,0.03435268998146057
loco_external_fire,gnn_mean,43,2280,0.010313195841653007,0.013259794467656114,0.035362809896469116
loco_external_fire,gnn_mean,43,2340,0.009101603712354387,0.011933897905081882,0.03707015514373779
loco_external_fire,gnn_mean,43,2400,0.008462550080552394,0.011344034406379155,0.03886893391609192
loco_external_fire,gnn_mean,43,2460,0.008034516962207094,0.010588723047874256,0.035188108682632446
loco_external_fire,gnn_mean,43,2520,0.008261482934562527,0.010475167186309838,0.03161481022834778
loco_external_fire,gnn_mean,43,2580,0.007934128751560134,0.010591099201333106,0.035542428493499756
loco_external_fire,gnn_mean,43,2640,0.008661909371006245,0.011420429687339391,0.03920915722846985
loco_external_fire,gnn_mean,43,2700,0.008111674870763506,0.01060346463254281,0.0336516797542572
loco_external_fire,gnn_mean,43,2760,0.008201770636500145,0.010329797818510573,0.02820006012916565
loco_external_fire,gnn_mean,43,2820,0.008385788117136275,0.010303128542197093,0.026295065879821777
loco_external_fire,gnn_mean,43,2880,0.00854722151950914,0.010458115957694856,0.024495065212249756
loco_external_fire,gnn_mean,43,2940,0.008747434433625668,0.010628106442243379,0.026435181498527527
loco_external_fire,gnn_mean,43,3000,0.008719437584585073,0.010816078212278573,0.02848184108734131
loco_external_fire,gnn_mean,43,3060,0.008580496116560333,0.010815409546194081,0.029343947768211365
loco_external_fire,gnn_mean,43,3120,0.008941373654774256,0.011346592814641818,0.0303143709897995
loco_external_fire,gnn_mean,43,3180,0.008757983847540252,0.011222183844820632,0.031139835715293884
loco_external_fire,gnn_mean,43,3240,0.008369819546232418,0.010873512607460502,0.03207485377788544
loco_external_fire,gnn_mean,43,3300,0.007792167821708991,0.010207068414661707,0.03481541574001312
loco_external_fire,gnn_mean,43,3360,0.007764564180860714,0.010128891281783825,0.03766636550426483
loco_external_fire,gnn_mean,43,3420,0.007212059838431222,0.009769036681870154,0.037724465131759644
loco_external_fire,gnn_mean,43,3480,0.007146898885162509,0.009504796718520987,0.03789335489273071
loco_external_fire,gnn_mean,43,3540,0.00644757583433268,0.00872266173414886,0.03327305614948273
loco_external_fire,gnn_mean,43,3600,0.0063766277566248055,0.008480727032952318,0.02876327931880951
loco_external_fire,gnn_mean,44,0,0.0025978246513678103,0.0026047479541900214,0.0
loco_external_fire,gnn_mean,44,60,0.016016687665666853,0.018000629298541532,0.03265714645385742
loco_external_fire,gnn_mean,44,120,0.006602439345145712,0.007914516517058217,0.017183303833007812
loco_external_fire,gnn_mean,44,180,0.043784646355375954,0.05147552955365826,0.024641215801239014
loco_external_fire,gnn_mean,44,240,0.013025264350735411,0.016068503308912106,0.03730463981628418
loco_external_fire,gnn_mean,44,300,0.012333539067482462,0.015484897471940961,0.03284859657287598
loco_external_fire,gnn_mean,44,360,0.011964448860713415,0.015285942097295857,0.03094571828842163
loco_external_fire,gnn_mean,44,420,0.009138536696531335,0.011910421510520693,0.031112074851989746
loco_external_fire,gnn_mean,44,480,0.009081580200973821,0.011219006041546452,0.02380979061126709
loco_external_fire,gnn_mean,44,540,0.008184529080682871,0.009872231062041397,0.0270768404006958
loco_external_fire,gnn_mean,44,600,0.009456797521941515,0.012686597782493345,0.042154550552368164
loco_external_fire,gnn_mean,44,660,0.008917009343906325,0.011738000557637832,0.040060579776763916
loco_external_fire,gnn_mean,44,720,0.011395218421001824,0.013363755946091068,0.034034550189971924
loco_external_fire,gnn_mean,44,780,0.008835100397771719,0.011134378785505657,0.030855894088745117
loco_external_fire,gnn_mean,44,840,0.009215841487962373,0.011853406800342753,0.03549414873123169
loco_external_fire,gnn_mean,44,900,0.00921084686201446,0.012009466311705387,0.03150540590286255
loco_external_fire,gnn_mean,44,960,0.010390376558109206,0.013248810323188993,0.032957375049591064
loco_external_fire,gnn_mean,44,1020,0.010383098709339999,0.012630848017439564,0.028498947620391846
loco_external_fire,gnn_mean,44,1080,0.011004655336847111,0.014281616247768258,0.04419466853141785
loco_external_fire,gnn_mean,44,1140,0.010581948927470617,0.013757413456498748,0.0355381965637207
loco_external_fire,gnn_mean,44,1200,0.01146856680208323,0.01400961102214253,0.029270082712173462
loco_external_fire,gnn_mean,44,1260,0.00887404230176186,0.010879668647499802,0.023757904767990112
loco_external_fire,gnn_mean,44,1320,0.009662608102876313,0.012096065594991939,0.02351251244544983
loco_external_fire,gnn_mean,44,1380,0.00962392772947039,0.012391191719621381,0.03640201687812805
loco_external_fire,gnn_mean,44,1440,0.010094235746227965,0.012514160722465124,0.029701799154281616
loco_external_fire,gnn_mean,44,1500,0.009216919845464279,0.01125434129464106,0.025597572326660156
loco_external_fire,gnn_mean,44,1560,0.00970632689339774,0.01170125972737971,0.031036585569381714
loco_external_fire,gnn_mean,44,1620,0.008566403875545579,0.010573582093647465,0.025909841060638428
loco_external_fire,gnn_mean,44,1680,0.00859806549792387,0.010948738133857487,0.02324885129928589
loco_external_fire,gnn_mean,44,1740,0.008995241048384686,0.01118644469214254,0.024996817111968994
loco_external_fire,gnn_mean,44,1800,0.009481492699409018,0.011896639559087473,0.027042359113693237
loco_external_fire,gnn_mean,44,1860,0.009110275579958546,0.011501301871954701,0.026146888732910156
loco_external_fire,gnn_mean,44,1920,0.008918692262805238,0.012074741214641443,0.025516420602798462
loco_external_fire,gnn_mean,44,1980,0.008575747815930113,0.011808991531013198,0.027064859867095947
loco_external_fire,gnn_mean,44,2040,0.008867334954592646,0.012227186573580066,0.028752416372299194
loco_external_fire,gnn_mean,44,2100,0.008367907636019647,0.011713968243906534,0.02925810217857361
loco_external_fire,gnn_mean,44,2160,0.008772578166455639,0.011904640045408803,0.029927313327789307
loco_external_fire,gnn_mean,44,2220,0.008092197228451165,0.011631536069013414,0.030956298112869263
loco_external_fire,gnn_mean,44,2280,0.009378809709938206,0.012658862575715017,0.03210723400115967
loco_external_fire,gnn_mean,44,2340,0.00819756790083282,0.011436942375100395,0.03301557898521423
loco_external_fire,gnn_mean,44,2400,0.008021901456677184,0.010743898083936469,0.03347378969192505
loco_external_fire,gnn_mean,44,2460,0.0075637302836593315,0.0099139440171116,0.028475642204284668
loco_external_fire,gnn_mean,44,2520,0.007753347255745713,0.009897291602933221,0.023615926504135132
loco_external_fire,gnn_mean,44,2580,0.008097338433168372,0.010273870926376796,0.02623090147972107
loco_external_fire,gnn_mean,44,2640,0.008630546380062493,0.011157412928962324,0.02897059917449951
loco_external_fire,gnn_mean,44,2700,0.008604155207166866,0.01064833816494218,0.0228634774684906
loco_external_fire,gnn_mean,44,2760,0.008534367899505459,0.01057837984382366,0.017026901245117188
loco_external_fire,gnn_mean,44,2820,0.009075787906744043,0.010852474433763765,0.015091896057128906
loco_external_fire,gnn_mean,44,2880,0.00951817205974034,0.011253582490965846,0.01464112102985382
loco_external_fire,gnn_mean,44,2940,0.009633360164506095,0.011370721779920292,0.015783175826072693
loco_external_fire,gnn_mean,44,3000,0.009841277283065173,0.011573545443705608,0.01818370819091797
loco_external_fire,gnn_mean,44,3060,0.009784811613511066,0.0116321953642176,0.019413068890571594
loco_external_fire,gnn_mean,44,3120,0.010462728994233268,0.012241872583702657,0.020753785967826843
loco_external_fire,gnn_mean,44,3180,0.010807854788643973,0.012423539912744934,0.021948188543319702
loco_external_fire,gnn_mean,44,3240,0.010776165188575278,0.01236656685746824,0.023248612880706787
loco_external_fire,gnn_mean,44,3300,0.009731243155440506,0.011604751519581697,0.026350095868110657
loco_external_fire,gnn_mean,44,3360,0.00931570907028354,0.011453267379886684,0.029556944966316223
loco_external_fire,gnn_mean,44,3420,0.008918601639416754,0.01103320081233851,0.030056744813919067
loco_external_fire,gnn_mean,44,3480,0.008395548073612914,0.010403771742639161,0.030656948685646057
loco_external_fire,gnn_mean,44,3540,0.007634544859127123,0.009571684790549552,0.026592999696731567
loco_external_fire,gnn_mean,44,3600,0.007249231241187271,0.009156843392400367,0.02309519052505493
loco_external_fire,gnn_mean,45,0,0.0020798834002747828,0.002096667677482059,0.0
loco_external_fire,gnn_mean,45,60,0.016665193499351035,0.018978593921972865,0.03376346826553345
loco_external_fire,gnn_mean,45,120,0.0069540301147772345,0.00840925353703782,0.021005570888519287
loco_external_fire,gnn_mean,45,180,0.04530324133075014,0.05342112259857894,0.0217931866645813
loco_external_fire,gnn_mean,45,240,0.014727302959987096,0.018082600815642242,0.04211306571960449
loco_external_fire,gnn_mean,45,300,0.013692554162473095,0.017098821393128086,0.03362298011779785
loco_external_fire,gnn_mean,45,360,0.013109929707585549,0.01682562369848247,0.03355950117111206
loco_external_fire,gnn_mean,45,420,0.0104656170825569,0.013062598748392292,0.031092464923858643
loco_external_fire,gnn_mean,45,480,0.011422109847166101,0.013067894205454383,0.02537071704864502
loco_external_fire,gnn_mean,45,540,0.009879827499389648,0.01173173397221729,0.02645963430404663
loco_external_fire,gnn_mean,45,600,0.01007594867628448,0.013139875511848772,0.036113619804382324
loco_external_fire,gnn_mean,45,660,0.009104232398831114,0.01183072156935575,0.034463346004486084
loco_external_fire,gnn_mean,45,720,0.010769581308170241,0.012800736419776734,0.028645038604736328
loco_external_fire,gnn_mean,45,780,0.010007621074209407,0.011921815722479372,0.03165769577026367
loco_external_fire,gnn_mean,45,840,0.010977582055695203,0.01294484653351147,0.035585999488830566
loco_external_fire,gnn_mean,45,900,0.009474357780145139,0.011696008458448412,0.029660820960998535
loco_external_fire,gnn_mean,45,960,0.009966007300785609,0.012198945534761259,0.027439355850219727
loco_external_fire,gnn_mean,45,1020,0.008834293910435267,0.010735344339096117,0.022306382656097412
loco_external_fire,gnn_mean,45,1080,0.00941836590669593,0.012014594124244417,0.03694942593574524
loco_external_fire,gnn_mean,45,1140,0.0116777097692295,0.014056028144336742,0.028384923934936523
loco_external_fire,gnn_mean,45,1200,0.012315832838720205,0.014813041629696969,0.0224606990814209
loco_external_fire,gnn_mean,45,1260,0.010440615366916267,0.012747409177886658,0.020084798336029053
loco_external_fire,gnn_mean,45,1320,0.008800406845248476,0.01101919501770504,0.01950123906135559
loco_external_fire,gnn_mean,45,1380,0.008747851362033767,0.010246110437359499,0.02390041947364807
loco_external_fire,gnn_mean,45,1440,0.008496507089965197,0.010138694101010544,0.01957172155380249
loco_external_fire,gnn_mean,45,1500,0.007948165645404738,0.009657785951227996,0.013566732406616211
loco_external_fire,gnn_mean,45,1560,0.009006286153987962,0.010867420109858403,0.017319291830062866
loco_external_fire,gnn_mean,45,1620,0.00891710604940142,0.01080368718021652,0.016387850046157837
loco_external_fire,gnn_mean,45,1680,0.009863289643307122,0.011904651085200904,0.01854526996612549
loco_external_fire,gnn_mean,45,1740,0.00971820463939589,0.012107326758150313,0.02072659134864807
loco_external_fire,gnn_mean,45,1800,0.010467172885427669,0.013247025317242615,0.023539602756500244
loco_external_fire,gnn_mean,45,1860,0.010674983871226408,0.013258948459320056,0.023506075143814087
loco_external_fire,gnn_mean,45,1920,0.011353560248199774,0.013953751478015855,0.02092483639717102
loco_external_fire,gnn_mean,45,1980,0.011479905065225095,0.01410322770273612,0.020407557487487793
loco_external_fire,gnn_mean,45,2040,0.011991210738006903,0.014664655721118509,0.020418167114257812
loco_external_fire,gnn_mean,45,2100,0.011914444821221488,0.01425519378721159,0.01951584219932556
loco_external_fire,gnn_mean,45,2160,0.011947579529820656,0.014275427937673873,0.019067198038101196
loco_external_fire,gnn_mean,45,2220,0.01184128255260234,0.014088443134475421,0.01924636960029602
loco_external_fire,gnn_mean,45,2280,0.012208470884634524,0.014570104157227927,0.022398650646209717
loco_external_fire,gnn_mean,45,2340,0.011477228938316812,0.013567729795846474,0.021246880292892456
loco_external_fire,gnn_mean,45,2400,0.011041998255009554,0.013006012640665829,0.0229853093624115
loco_external_fire,gnn_mean,45,2460,0.010679135517198212,0.012324910698365608,0.019371747970581055
loco_external_fire,gnn_mean,45,2520,0.010430695451035792,0.01210914893252251,0.015971839427947998
loco_external_fire,gnn_mean,45,2580,0.010092951205311989,0.011613504834793573,0.020096004009246826
loco_external_fire,gnn_mean,45,2640,0.010444033510830938,0.011878411684982016,0.024391531944274902
loco_external_fire,gnn_mean,45,2700,0.009870127451663114,0.011249536511574154,0.019612997770309448
loco_external_fire,gnn_mean,45,2760,0.00933183060616863,0.011007928924247725,0.01497793197631836
loco_external_fire,gnn_mean,45,2820,0.00921164148924302,0.010850092508798294,0.014172524213790894
loco_external_fire,gnn_mean,45,2880,0.009069988009881,0.010851295002322838,0.016005739569664
loco_external_fire,gnn_mean,45,2940,0.009165250829287938,0.01100971926824879,0.015454575419425964
loco_external_fire,gnn_mean,45,3000,0.009153138922185314,0.011070042542979181,0.017956703901290894
loco_external_fire,gnn_mean,45,3060,0.009274541419379565,0.011042036268046642,0.01918034255504608
loco_external_fire,gnn_mean,45,3120,0.009660339477110882,0.011623013108668845,0.020437538623809814
loco_external_fire,gnn_mean,45,3180,0.009369286347408684,0.011403794322646037,0.02149192988872528
loco_external_fire,gnn_mean,45,3240,0.009313906029779084,0.01106143651498835,0.02261163294315338
loco_external_fire,gnn_mean,45,3300,0.008386976256662486,0.009984209884211268,0.02546621859073639
loco_external_fire,gnn_mean,45,3360,0.008111678824132803,0.009723769580432553,0.028061658143997192
loco_external_fire,gnn_mean,45,3420,0.00813047891976882,0.009884670633003105,0.027788490056991577
loco_external_fire,gnn_mean,45,3480,0.008238837731127836,0.009793854013380218,0.027496233582496643
loco_external_fire,gnn_mean,45,3540,0.007884610064175665,0.009507415438486268,0.0224287211894989
loco_external_fire,gnn_mean,45,3600,0.007950794940092126,0.009482291812675694,0.017498761415481567
loco_external_fire,gnn_mean,46,0,0.0021325593092003645,0.0021473993126630907,0.0
loco_external_fire,gnn_mean,46,60,0.016743650241773957,0.01920482034756398,0.03417325019836426
loco_external_fire,gnn_mean,46,120,0.007025777077188297,0.009331834041509309,0.027487218379974365
loco_external_fire,gnn_mean,46,180,0.043457195466878464,0.051210219438709084,0.03174734115600586
loco_external_fire,gnn_mean,46,240,0.013012909159368398,0.016248109236523197,0.04320323467254639
loco_external_fire,gnn_mean,46,300,0.012474612313873914,0.015586219389378226,0.03550589084625244
loco_external_fire,gnn_mean,46,360,0.012122536192134934,0.015457550550188277,0.029348433017730713
loco_external_fire,gnn_mean,46,420,0.009383746555873327,0.01197852106924019,0.029453516006469727
loco_external_fire,gnn_mean,46,480,0.009194225681071378,0.011196901468277657,0.019435763359069824
loco_external_fire,gnn_mean,46,540,0.009268247351354482,0.010926066821041669,0.017397582530975342
loco_external_fire,gnn_mean,46,600,0.01022685668906387,0.012640170753954303,0.027801930904388428
loco_external_fire,gnn_mean,46,660,0.009231234083370286,0.01125631229374745,0.02749454975128174
loco_external_fire,gnn_mean,46,720,0.010102885110037667,0.012000833010326076,0.02370697259902954
loco_external_fire,gnn_mean,46,780,0.009540802362013837,0.011539271413190697,0.01634746789932251
loco_external_fire,gnn_mean,46,840,0.0098507538133738,0.012174976845344512,0.020276427268981934
loco_external_fire,gnn_mean,46,900,0.008336400499149245,0.011033783471774758,0.03275859355926514
loco_external_fire,gnn_mean,46,960,0.009276386426419628,0.01182022840151429,0.034273624420166016
loco_external_fire,gnn_mean,46,1020,0.009235416139875139,0.011466403781265733,0.023535728454589844
loco_external_fire,gnn_mean,46,1080,0.009742334180948685,0.012841156776186134,0.03771969676017761
loco_external_fire,gnn_mean,46,1140,0.011480282764045559,0.01395586404291041,0.028739184141159058
loco_external_fire,gnn_mean,46,1200,0.0127729810014063,0.015521981097585515,0.026077717542648315
loco_external_fire,gnn_mean,46,1260,0.010015718182738947,0.013165842515295692,0.015086174011230469
loco_external_fire,gnn_mean,46,1320,0.008301663763669073,0.010600229607871221,0.01457265019416809
loco_external_fire,gnn_mean,46,1380,0.007941193726598,0.00940140698094697,0.021847665309906006
loco_external_fire,gnn_mean,46,1440,0.00768993582044329,0.0089902427087314,0.014426261186599731
loco_external_fire,gnn_mean,46,1500,0.006940091142849047,0.008323828836804803,0.012637436389923096
loco_external_fire,gnn_mean,46,1560,0.007148557171529653,0.009170892077710203,0.01884046196937561
loco_external_fire,gnn_mean,46,1620,0.007935605487044977,0.009373175489378556,0.014378517866134644
loco_external_fire,gnn_mean,46,1680,0.0089820781532599,0.010763560395464394,0.021901726722717285
loco_external_fire,gnn_mean,46,1740,0.008557109808435246,0.01041566891351358,0.017963945865631104
loco_external_fire,gnn_mean,46,1800,0.009359943623445471,0.011142493940335592,0.022169023752212524
loco_external_fire,gnn_mean,46,1860,0.009028486451324152,0.01130031264946303,0.01895695924758911
loco_external_fire,gnn_mean,46,1920,0.00953500611441476,0.012047537677829415,0.023392528295516968
loco_external_fire,gnn_mean,46,1980,0.00961152509767182,0.012088231780549826,0.02021878957748413
loco_external_fire,gnn_mean,46,2040,0.009912921457874532,0.012504648680619936,0.016702383756637573
loco_external_fire,gnn_mean,46,2100,0.009451490883924524,0.011815317748520758,0.018852561712265015
loco_external_fire,gnn_mean,46,2160,0.009376422483093885,0.011992767194434097,0.02112516760826111
loco_external_fire,gnn_mean,46,2220,0.009121169849317901,0.011692593578851213,0.021035432815551758
loco_external_fire,gnn_mean,46,2280,0.009363658574162697,0.012171201720304083,0.021046221256256104
loco_external_fire,gnn_mean,46,2340,0.009000062942504883,0.011209501774838235,0.02121874690055847
loco_external_fire,gnn_mean,46,2400,0.008809980081052196,0.011028016108366755,0.02147248387336731
loco_external_fire,gnn_mean,46,2460,0.008681291220139484,0.010465215272418596,0.017302215099334717
loco_external_fire,gnn_mean,46,2520,0.008802581198361456,0.010643886201681657,0.01455622911453247
loco_external_fire,gnn_mean,46,2580,0.00864366670044101,0.010515603098748718,0.014334499835968018
loco_external_fire,gnn_mean,46,2640,0.009155305672665032,0.011077425346059985,0.01797497272491455
loco_external_fire,gnn_mean,46,2700,0.009334852804943007,0.011019514801776414,0.014249235391616821
loco_external_fire,gnn_mean,46,2760,0.009963244807963468,0.011519039005664714,0.014304429292678833
loco_external_fire,gnn_mean,46,2820,0.010445051351372076,0.011947217292275011,0.015231698751449585
loco_external_fire,gnn_mean,46,2880,0.011165101917422548,0.012560322416137084,0.018939808011054993
loco_external_fire,gnn_mean,46,2940,0.011132410594395228,0.012782300537578355,0.016082406044006348
loco_external_fire,gnn_mean,46,3000,0.01109473924247586,0.012984989384854722,0.013359755277633667
loco_external_fire,gnn_mean,46,3060,0.011249727740579722,0.01323073092721098,0.010470256209373474
loco_external_fire,gnn_mean,46,3120,0.011782495951165959,0.013901347059467677,0.010371342301368713
loco_external_fire,gnn_mean,46,3180,0.011919862153578778,0.013829297136860003,0.010660529136657715
loco_external_fire,gnn_mean,46,3240,0.011569939097579645,0.013377016218013241,0.012668907642364502
loco_external_fire,gnn_mean,46,3300,0.010820857116154261,0.012218588252994041,0.014249533414840698
loco_external_fire,gnn_mean,46,3360,0.010206999219193751,0.011694794053544618,0.01696068048477173
loco_external_fire,gnn_mean,46,3420,0.009794759202976617,0.011389484403740865,0.016941741108894348
loco_external_fire,gnn_mean,46,3480,0.009334316667245358,0.010900650683954774,0.017096608877182007
loco_external_fire,gnn_mean,46,3540,0.008925541323058459,0.010624711428681904,0.01367981731891632
loco_external_fire,gnn_mean,46,3600,0.0089469491219034,0.010536751484247264,0.014469876885414124
