protocol,model,seed,time_s,case_MAE,case_RMSE,maximum_overprediction
loco_decay,fire_only,42,0,0.002302825450897217,0.002302825450897217,0.0
loco_decay,fire_only,42,60,0.011132112119050153,0.013593637093849453,0.028753161430358887
loco_decay,fire_only,42,120,0.005889614598940959,0.007475179419176028,0.018394052982330322
loco_decay,fire_only,42,180,0.03580514519615511,0.04562578859168104,0.05265873670578003
loco_decay,fire_only,42,240,0.017157072514559314,0.022704446652305,0.03605550527572632
loco_decay,fire_only,42,300,0.017041454272987568,0.0223911256690916,0.035864055156707764
loco_decay,fire_only,42,360,0.01675151881918443,0.02195798853048575,0.03556579351425171
loco_decay,fire_only,42,420,0.01268409522233811,0.015701390077828857,0.03207886219024658
loco_decay,fire_only,42,480,0.01066316387294668,0.013777884993915804,0.03984099626541138
loco_decay,fire_only,42,540,0.012045843411335903,0.015776922900932456,0.0551719069480896
loco_decay,fire_only,42,600,0.016693313037399696,0.02207822760805336,0.06851541996002197
loco_decay,fire_only,42,660,0.019733365130635488,0.024898114596803154,0.07049894332885742
loco_decay,fire_only,42,720,0.02181140564184273,0.026926895230421622,0.07142907381057739
loco_decay,fire_only,42,780,0.02439502488195369,0.029684244404190995,0.07750928401947021
loco_decay,fire_only,42,840,0.024308738982782956,0.029807406546651132,0.08247095346450806
loco_decay,fire_only,42,900,0.022626869973883166,0.027267693460398264,0.06894388794898987
loco_decay,fire_only,42,960,0.017106742721743288,0.021278340053102546,0.057169586420059204
loco_decay,fire_only,42,1020,0.011832110913453904,0.01503405300971671,0.04482617974281311
loco_decay,fire_only,42,1080,0.009628856867815542,0.012841255817436744,0.04376274347305298
loco_decay,fire_only,42,1140,0.009202463964445401,0.01184649694338766,0.03992420434951782
loco_decay,fire_only,42,1200,0.009179845584177337,0.011905591443623133,0.04401665925979614
loco_decay,fire_only,42,1260,0.009377124826465032,0.012068056166051954,0.04379197955131531
loco_decay,fire_only,42,1320,0.010969390120126505,0.013916002699286643,0.04636916518211365
loco_decay,fire_only,42,1380,0.011343495508210849,0.014435067545293154,0.048164963722229004
loco_decay,fire_only,42,1440,0.012715435924783218,0.015935717894235122,0.050467491149902344
loco_decay,fire_only,42,1500,0.013386238992741677,0.017069475985550434,0.05434545874595642
loco_decay,fire_only,42,1560,0.01381998014661063,0.017877260049230546,0.057141661643981934
loco_decay,fire_only,42,1620,0.014658955082429193,0.018638819723427336,0.05504855513572693
loco_decay,fire_only,42,1680,0.015379615853318072,0.019552850857694065,0.05392417311668396
loco_decay,fire_only,42,1740,0.01628973341621129,0.020266384162791324,0.057105958461761475
loco_decay,fire_only,42,1800,0.01706837051737625,0.020991407942781037,0.060642167925834656
loco_decay,fire_only,42,1860,0.016918310021932146,0.020765155557566025,0.06103503704071045
loco_decay,fire_only,42,1920,0.017337170190515772,0.021187792447041245,0.06180524826049805
loco_decay,fire_only,42,1980,0.017128091865936213,0.02062562646771656,0.05955401062965393
loco_decay,fire_only,42,2040,0.01590430894784168,0.019250895835690663,0.056656837463378906
loco_decay,fire_only,42,2100,0.014935469601006635,0.01855741680031273,0.05592530965805054
loco_decay,fire_only,42,2160,0.014332340618150424,0.018244255916174356,0.05569005012512207
loco_decay,fire_only,42,2220,0.013254517079454608,0.01716089608542015,0.051333531737327576
loco_decay,fire_only,42,2280,0.012591758133035846,0.01654110453205725,0.04982060194015503
loco_decay,fire_only,42,2340,0.011964533445054451,0.016141548045893857,0.0504472553730011
loco_decay,fire_only,42,2400,0.011834567890758008,0.016011005873741675,0.051939457654953
loco_decay,fire_only,42,2460,0.012010148536842482,0.015814810084909217,0.051541537046432495
loco_decay,fire_only,42,2520,0.011991565733884288,0.015789329083619914,0.0500345379114151
loco_decay,fire_only,42,2580,0.012211269245738477,0.01578527691377244,0.04784758388996124
loco_decay,fire_only,42,2640,0.01285911186606483,0.016353499526230046,0.04512356221675873
loco_decay,fire_only,42,2700,0.01258271306225684,0.016060947175267872,0.04253436625003815
loco_decay,fire_only,42,2760,0.012554931034029057,0.015999147780518162,0.04105916619300842
loco_decay,fire_only,42,2820,0.012575941869115408,0.016134262176334117,0.04119262099266052
loco_decay,fire_only,42,2880,0.013070135187786238,0.01656068323060239,0.04119819402694702
loco_decay,fire_only,42,2940,0.013464926552456038,0.016870960942617166,0.04122087359428406
loco_decay,fire_only,42,3000,0.01390565569158149,0.017347297635759398,0.041436225175857544
loco_decay,fire_only,42,3060,0.014354050291323028,0.017866309659166857,0.0416187047958374
loco_decay,fire_only,42,3120,0.014918185770511627,0.01849129345687809,0.041748106479644775
loco_decay,fire_only,42,3180,0.015229096784528377,0.018805045503214275,0.04184034466743469
loco_decay,fire_only,42,3240,0.0155264929068827,0.01912436769887426,0.041885823011398315
loco_decay,fire_only,42,3300,0.016093519145408564,0.019711963237017325,0.041892051696777344
loco_decay,fire_only,42,3360,0.016639753978336808,0.02039335031650896,0.041870713233947754
loco_decay,fire_only,42,3420,0.0171809946804975,0.020851955508701253,0.042003512382507324
loco_decay,fire_only,42,3480,0.01767739389849975,0.02134588746998349,0.04216226935386658
loco_decay,fire_only,42,3540,0.018015557224244142,0.02171172963438579,0.04232332110404968
loco_decay,fire_only,42,3600,0.018471698054170187,0.022109034973816565,0.042475491762161255
loco_decay,fire_only,43,0,0.002618730068206787,0.002618730068206787,0.0
loco_decay,fire_only,43,60,0.010677073909118113,0.013819638200141891,0.0298958420753479
loco_decay,fire_only,43,120,0.00548882189050185,0.006989730772467927,0.01730722188949585
loco_decay,fire_only,43,180,0.03688818954788478,0.04512791105920331,0.05590462684631348
loco_decay,fire_only,43,240,0.016860564198114176,0.021822606252092976,0.03916215896606445
loco_decay,fire_only,43,300,0.016716839465419804,0.02134998478381834,0.0397791862487793
loco_decay,fire_only,43,360,0.01643287871791198,0.020857512832627628,0.03988957405090332
loco_decay,fire_only,43,420,0.01216661191619603,0.01509244589737347,0.03507804870605469
loco_decay,fire_only,43,480,0.010270476868722291,0.01348131364461243,0.041356801986694336
loco_decay,fire_only,43,540,0.011652924318229202,0.015895292043994702,0.05778014659881592
loco_decay,fire_only,43,600,0.016870363623695036,0.022578489328510427,0.07111722230911255
loco_decay,fire_only,43,660,0.019949512144105626,0.025329846991892856,0.07287943363189697
loco_decay,fire_only,43,720,0.022225415284654736,0.027317890255529123,0.07380259037017822
loco_decay,fire_only,43,780,0.024652099187395214,0.029928429938814848,0.07963037490844727
loco_decay,fire_only,43,840,0.024551250238334182,0.03012237110666442,0.0837554931640625
loco_decay,fire_only,43,900,0.022676601874089874,0.027420857488145677,0.06997600197792053
loco_decay,fire_only,43,960,0.01725078235685298,0.021432862079960632,0.05801883339881897
loco_decay,fire_only,43,1020,0.012159086434187087,0.01558642888719763,0.04740270972251892
loco_decay,fire_only,43,1080,0.010043507128690196,0.013403821613468703,0.04496639966964722
loco_decay,fire_only,43,1140,0.009041639555872014,0.011611607495722976,0.03876274824142456
loco_decay,fire_only,43,1200,0.009321184284919131,0.012153700385872547,0.04529103636741638
loco_decay,fire_only,43,1260,0.009035316188778498,0.012162329443517856,0.0465083122253418
loco_decay,fire_only,43,1320,0.010458115719060981,0.013717088053388185,0.04873165488243103
loco_decay,fire_only,43,1380,0.010991706784847564,0.014341785592793057,0.049298495054244995
loco_decay,fire_only,43,1440,0.012372212863601415,0.015674598724563983,0.04998582601547241
loco_decay,fire_only,43,1500,0.012926576939304319,0.01654964220345583,0.05371981859207153
loco_decay,fire_only,43,1560,0.013671022337094873,0.017506982148638606,0.057440757751464844
loco_decay,fire_only,43,1620,0.01461841469317411,0.018289057869256185,0.056093811988830566
loco_decay,fire_only,43,1680,0.01497843861579895,0.018876250440292328,0.0552232563495636
loco_decay,fire_only,43,1740,0.01519050429352617,0.019119899899806614,0.058256447315216064
loco_decay,fire_only,43,1800,0.015749698982829543,0.019655766716373646,0.061270758509635925
loco_decay,fire_only,43,1860,0.015731391917287774,0.01955731816236531,0.06093278527259827
loco_decay,fire_only,43,1920,0.016336109126563622,0.020229629140510495,0.06255032122135162
loco_decay,fire_only,43,1980,0.016435211343047894,0.020085989159798895,0.06028544902801514
loco_decay,fire_only,43,2040,0.015431954269915555,0.018759456769205946,0.05758434534072876
loco_decay,fire_only,43,2100,0.014329938630087186,0.017895222741220997,0.056368738412857056
loco_decay,fire_only,43,2160,0.013443189780269049,0.01743709072633226,0.05513791739940643
loco_decay,fire_only,43,2220,0.012586026724460906,0.016453066353670234,0.04919113218784332
loco_decay,fire_only,43,2280,0.012117082434417926,0.015904505109810656,0.04549102485179901
loco_decay,fire_only,43,2340,0.011527239616993255,0.015701256184972052,0.044818028807640076
loco_decay,fire_only,43,2400,0.011434688109212218,0.015840566189786225,0.044709160923957825
loco_decay,fire_only,43,2460,0.011828254281947044,0.01605531985826247,0.04296502470970154
loco_decay,fire_only,43,2520,0.012062719965403059,0.016280735969995293,0.041899293661117554
loco_decay,fire_only,43,2580,0.012469319379435176,0.016411443264072588,0.04022498428821564
loco_decay,fire_only,43,2640,0.013094238870966751,0.017074169947877933,0.0388653427362442
loco_decay,fire_only,43,2700,0.013063004388745907,0.017044593517020066,0.038402363657951355
loco_decay,fire_only,43,2760,0.013214213921960476,0.0172412929571797,0.037809789180755615
loco_decay,fire_only,43,2820,0.013277059437426846,0.01738865322436135,0.03719988465309143
loco_decay,fire_only,43,2880,0.013709807290440112,0.017822494061959755,0.03545285761356354
loco_decay,fire_only,43,2940,0.014203153748427871,0.01827544789232324,0.034718722105026245
loco_decay,fire_only,43,3000,0.015036022438939693,0.01896645034671467,0.035854071378707886
loco_decay,fire_only,43,3060,0.015873248202610858,0.019822785836587278,0.036928534507751465
loco_decay,fire_only,43,3120,0.016791275842527372,0.020745980429734735,0.03855699300765991
loco_decay,fire_only,43,3180,0.017868239201803124,0.02153644755813477,0.04104641079902649
loco_decay,fire_only,43,3240,0.018849574293183013,0.022364760185858513,0.04322099685668945
loco_decay,fire_only,43,3300,0.019670158426846024,0.023157628813209027,0.0446266233921051
loco_decay,fire_only,43,3360,0.02005487654061444,0.023616022159227288,0.045530617237091064
loco_decay,fire_only,43,3420,0.020308437402796958,0.02376245808259382,0.046275168657302856
loco_decay,fire_only,43,3480,0.02051672504275246,0.02390132389482488,0.04693812131881714
loco_decay,fire_only,43,3540,0.020589945854338924,0.02397166145879894,0.04757791757583618
loco_decay,fire_only,43,3600,0.020754659861589954,0.024024657892201512,0.04823377728462219
loco_decay,fire_only,44,0,0.0024016499519348145,0.0024016499519348145,0.0
loco_decay,fire_only,44,60,0.011086268762571622,0.01361212578637891,0.028868257999420166
loco_decay,fire_only,44,120,0.00560430509854207,0.007148701639109144,0.017698287963867188
loco_decay,fire_only,44,180,0.0354144736728837,0.04589345684031582,0.051321446895599365
loco_decay,fire_only,44,240,0.016880259049677215,0.021592004675878296,0.04034769535064697
loco_decay,fire_only,44,300,0.016854499293639597,0.02197875410708709,0.037142395973205566
loco_decay,fire_only,44,360,0.016591239292009743,0.021630168584931192,0.03656625747680664
loco_decay,fire_only,44,420,0.012334030286400718,0.015269187174670644,0.03386831283569336
loco_decay,fire_only,44,480,0.01014496003631997,0.013395395906435159,0.042099177837371826
loco_decay,fire_only,44,540,0.011783568732506406,0.01578791506193169,0.05658566951751709
loco_decay,fire_only,44,600,0.016710210162981423,0.022186386687589835,0.06922924518585205
loco_decay,fire_only,44,660,0.019800111783289276,0.025025692061346985,0.07133936882019043
loco_decay,fire_only,44,720,0.022014296160335036,0.027115650733216107,0.07272219657897949
loco_decay,fire_only,44,780,0.02445580579538261,0.02974043383850745,0.07812809944152832
loco_decay,fire_only,44,840,0.024193176653532857,0.02966617390749615,0.0818144679069519
loco_decay,fire_only,44,900,0.022895833032321088,0.027894317500869948,0.07223954796791077
loco_decay,fire_only,44,960,0.017280906438827515,0.0214553507671767,0.05819043517112732
loco_decay,fire_only,44,1020,0.011888105257422524,0.01511173446145424,0.04539632797241211
loco_decay,fire_only,44,1080,0.009459603676753761,0.01258222855587424,0.043134331703186035
loco_decay,fire_only,44,1140,0.00904190302950091,0.011530113104780023,0.03812044858932495
loco_decay,fire_only,44,1200,0.009071634934011814,0.011758402880300032,0.042625248432159424
loco_decay,fire_only,44,1260,0.009229248340150951,0.012067352035640447,0.044668734073638916
loco_decay,fire_only,44,1320,0.01087846508068321,0.013896873812681365,0.0467868447303772
loco_decay,fire_only,44,1380,0.011415082532747657,0.014546653261788374,0.04736873507499695
loco_decay,fire_only,44,1440,0.012684148761023462,0.01585613488202579,0.04919514060020447
loco_decay,fire_only,44,1500,0.013891055784394256,0.017459014390703197,0.0544702410697937
loco_decay,fire_only,44,1560,0.014721013012185561,0.018640579827476182,0.05769014358520508
loco_decay,fire_only,44,1620,0.015412436649862644,0.019234464949602636,0.0551239550113678
loco_decay,fire_only,44,1680,0.01552970061259987,0.019482107462859458,0.05368804931640625
loco_decay,fire_only,44,1740,0.01614513386667302,0.019892666339313185,0.056661397218704224
loco_decay,fire_only,44,1800,0.016953601773861234,0.020703950274391196,0.06012697517871857
loco_decay,fire_only,44,1860,0.01730256982609234,0.021086053070638544,0.06057363748550415
loco_decay,fire_only,44,1920,0.018294062894002525,0.022143351251112563,0.061429113149642944
loco_decay,fire_only,44,1980,0.018317676882828232,0.02187160529915374,0.0593220591545105
loco_decay,fire_only,44,2040,0.01733696223360247,0.02060479636361456,0.057267218828201294
loco_decay,fire_only,44,2100,0.016151289101195548,0.01969918449773043,0.05616898834705353
loco_decay,fire_only,44,2160,0.01535157569214306,0.019286853615585044,0.0556240975856781
loco_decay,fire_only,44,2220,0.014421409078403911,0.018369196227046487,0.05009099841117859
loco_decay,fire_only,44,2280,0.013746713774394145,0.01775520614714021,0.04544660449028015
loco_decay,fire_only,44,2340,0.013037786942667665,0.017395964284114784,0.04515758156776428
loco_decay,fire_only,44,2400,0.012774539336694025,0.01737132183256109,0.045431241393089294
loco_decay,fire_only,44,2460,0.013040437503198606,0.01737051071298974,0.04312591254711151
loco_decay,fire_only,44,2520,0.013132275733272586,0.017504415860553374,0.044517725706100464
loco_decay,fire_only,44,2580,0.013465040025457871,0.017770203979929032,0.04319068789482117
loco_decay,fire_only,44,2640,0.014174522947421116,0.018521790801479948,0.04160633683204651
loco_decay,fire_only,44,2700,0.014156890324259225,0.018650345334650847,0.04058079421520233
loco_decay,fire_only,44,2760,0.01464310697222178,0.019228834741975658,0.04038524627685547
loco_decay,fire_only,44,2820,0.015462240418501659,0.020019141722856997,0.03963187336921692
loco_decay,fire_only,44,2880,0.016519611322246823,0.021212261313449526,0.03862293064594269
loco_decay,fire_only,44,2940,0.01765113257992584,0.022374623216648265,0.03684051334857941
loco_decay,fire_only,44,3000,0.01910382278461372,0.023828790829702722,0.03498208522796631
loco_decay,fire_only,44,3060,0.02025540687341606,0.0250711569465562,0.03304430842399597
loco_decay,fire_only,44,3120,0.021116456626790816,0.02603932570703195,0.030979886651039124
loco_decay,fire_only,44,3180,0.021632035155739405,0.026456120345627113,0.029645860195159912
loco_decay,fire_only,44,3240,0.02173104071247894,0.02661151155638218,0.03010234236717224
loco_decay,fire_only,44,3300,0.0219268857509689,0.026894611215045112,0.030648082494735718
loco_decay,fire_only,44,3360,0.02196273088982675,0.027045078708903835,0.03128141164779663
loco_decay,fire_only,44,3420,0.021823425670113184,0.026881175403660182,0.0319972038269043
loco_decay,fire_only,44,3480,0.02165644207095678,0.02669690222386284,0.03278988599777222
loco_decay,fire_only,44,3540,0.021318526724271016,0.026430273294228455,0.033653825521469116
loco_decay,fire_only,44,3600,0.02119555581459957,0.026253315441588605,0.034583836793899536
loco_decay,fire_only,45,0,0.0035793485894667363,0.00357934859580966,0.0
loco_decay,fire_only,45,60,0.010621763436140212,0.013853501774117495,0.030034780502319336
loco_decay,fire_only,45,120,0.0053892272763547645,0.006598039582552852,0.013218998908996582
loco_decay,fire_only,45,180,0.034793457626241496,0.04650637892345567,0.04877650737762451
loco_decay,fire_only,45,240,0.01701077423264495,0.021333167336491397,0.042617976665496826
loco_decay,fire_only,45,300,0.016751331565654382,0.021677287051751683,0.038249671459198
loco_decay,fire_only,45,360,0.016414072661273246,0.02098510185329723,0.03915286064147949
loco_decay,fire_only,45,420,0.012221542079891779,0.015144116838575925,0.03464698791503906
loco_decay,fire_only,45,480,0.010033164931609568,0.013344306016755549,0.04326331615447998
loco_decay,fire_only,45,540,0.011610616097408058,0.01610782332293079,0.05905771255493164
loco_decay,fire_only,45,600,0.01733379395662156,0.02326900591052057,0.073455810546875
loco_decay,fire_only,45,660,0.02060467004776001,0.026165713096912617,0.07585138082504272
loco_decay,fire_only,45,720,0.02287867849906989,0.027923631762468013,0.07623434066772461
loco_decay,fire_only,45,780,0.024751369404581797,0.030028569732594587,0.08025085926055908
loco_decay,fire_only,45,840,0.02441530259309617,0.029942052058240336,0.08304518461227417
loco_decay,fire_only,45,900,0.02268033797762035,0.027428507573076664,0.07001516222953796
loco_decay,fire_only,45,960,0.017317920395758298,0.021498295732457096,0.05826994776725769
loco_decay,fire_only,45,1020,0.012296327447469255,0.01584002205307762,0.04817518591880798
loco_decay,fire_only,45,1080,0.010418343860491187,0.013852094647365447,0.04587787389755249
loco_decay,fire_only,45,1140,0.009656027618762665,0.012512055237407204,0.04201146960258484
loco_decay,fire_only,45,1200,0.009857694923350242,0.012982277770478456,0.04750114679336548
loco_decay,fire_only,45,1260,0.009115141049950523,0.01239797996769219,0.04741409420967102
loco_decay,fire_only,45,1320,0.010461714415423639,0.013752198279115417,0.04878076910972595
loco_decay,fire_only,45,1380,0.010990772890833627,0.014328300547856037,0.048924773931503296
loco_decay,fire_only,45,1440,0.012316427663364242,0.01566297847907101,0.049854815006256104
loco_decay,fire_only,45,1500,0.012530352953260979,0.01653986650696048,0.05422046780586243
loco_decay,fire_only,45,1560,0.012511716216011385,0.017013034838006712,0.05782356858253479
loco_decay,fire_only,45,1620,0.012746564582385848,0.01705930763312393,0.05518016219139099
loco_decay,fire_only,45,1680,0.01265216137455628,0.01702682728589295,0.053470075130462646
loco_decay,fire_only,45,1740,0.013085606615100286,0.017195495435775525,0.05600094795227051
loco_decay,fire_only,45,1800,0.013785371474460163,0.017865806448122808,0.058871254324913025
loco_decay,fire_only,45,1860,0.013950670187452198,0.017933673122738872,0.05860224366188049
loco_decay,fire_only,45,1920,0.014741339646609484,0.018638663296110157,0.059549495577812195
loco_decay,fire_only,45,1980,0.015046671296642946,0.01882223908870365,0.05810581147670746
loco_decay,fire_only,45,2040,0.014435374367553575,0.0179415089921297,0.05717076361179352
loco_decay,fire_only,45,2100,0.013689946811811059,0.017308985854551154,0.0569639652967453
loco_decay,fire_only,45,2160,0.012833995365463527,0.01662669413471862,0.057787612080574036
loco_decay,fire_only,45,2220,0.012332248872360297,0.015954158434061887,0.054957300424575806
loco_decay,fire_only,45,2280,0.012258986719941672,0.01582586797335767,0.052493661642074585
loco_decay,fire_only,45,2340,0.01209722472503122,0.015769407284189366,0.05172163248062134
loco_decay,fire_only,45,2400,0.01222662126595995,0.01592408214749925,0.05175630748271942
loco_decay,fire_only,45,2460,0.012167089544566332,0.01572080110993892,0.05004285275936127
loco_decay,fire_only,45,2520,0.012227690193505414,0.01580727803191057,0.049321964383125305
loco_decay,fire_only,45,2580,0.012868523861454652,0.01638301312900876,0.04842616617679596
loco_decay,fire_only,45,2640,0.013698645529493821,0.017382428842894128,0.048304274678230286
loco_decay,fire_only,45,2700,0.013657128850443173,0.017484798841600688,0.04865986108779907
loco_decay,fire_only,45,2760,0.013837381010561917,0.017766382670414707,0.05168762803077698
loco_decay,fire_only,45,2820,0.014387895245995142,0.0182546344720373,0.05395212769508362
loco_decay,fire_only,45,2880,0.015044796321771841,0.018924410214425858,0.05520349740982056
loco_decay,fire_only,45,2940,0.015463895766081008,0.019344622227844475,0.055410534143447876
loco_decay,fire_only,45,3000,0.01571674051537978,0.019605638843387792,0.05555737018585205
loco_decay,fire_only,45,3060,0.015759279967936794,0.019708910292154255,0.05622425675392151
loco_decay,fire_only,45,3120,0.015674574976473784,0.019746183630618714,0.05757322907447815
loco_decay,fire_only,45,3180,0.015653048798573755,0.019691806235881383,0.05957436561584473
loco_decay,fire_only,45,3240,0.01566533460817506,0.01964984474644109,0.060868263244628906
loco_decay,fire_only,45,3300,0.015599852839929868,0.01960063862530978,0.0617639422416687
loco_decay,fire_only,45,3360,0.015470321133600928,0.019501543086255367,0.06255808472633362
loco_decay,fire_only,45,3420,0.015292112410595986,0.019194191418583535,0.0629776120185852
loco_decay,fire_only,45,3480,0.01509091165740933,0.01901959519062164,0.06260508298873901
loco_decay,fire_only,45,3540,0.01502556756006933,0.018906781515823572,0.059242457151412964
loco_decay,fire_only,45,3600,0.014985604162237286,0.018823627661941088,0.054876118898391724
loco_decay,fire_only,46,0,0.002645546356133655,0.0026455463592231013,0.0
loco_decay,fire_only,46,60,0.010687727316290932,0.013813260632503436,0.02986907958984375
loco_decay,fire_only,46,120,0.005385070247987731,0.006831092531726582,0.016862452030181885
loco_decay,fire_only,46,180,0.03533601919106678,0.04595885354712567,0.05102890729904175
loco_decay,fire_only,46,240,0.016872986755539887,0.021938672832036942,0.03865259885787964
loco_decay,fire_only,46,300,0.01679171292127761,0.02181406855708407,0.037726759910583496
loco_decay,fire_only,46,360,0.01654194941562889,0.021525957292013523,0.03692084550857544
loco_decay,fire_only,46,420,0.012405612299927569,0.015361347210250627,0.03341233730316162
loco_decay,fire_only,46,480,0.010106923305882818,0.013372698476175822,0.042401671409606934
loco_decay,fire_only,46,540,0.011793237871828332,0.015784670178821535,0.05652141571044922
loco_decay,fire_only,46,600,0.016714991721431767,0.02220474154350155,0.06933748722076416
loco_decay,fire_only,46,660,0.019814299798644748,0.02505617161018303,0.07151621580123901
loco_decay,fire_only,46,720,0.022080222589779742,0.02717780374888622,0.07307600975036621
loco_decay,fire_only,46,780,0.024591237570332214,0.02986945672887719,0.07921338081359863
loco_decay,fire_only,46,840,0.024469745897613797,0.030014918974521566,0.08333593606948853
loco_decay,fire_only,46,900,0.02277267348449842,0.02762336545731198,0.07104012370109558
loco_decay,fire_only,46,960,0.017473374584079843,0.021651616065452496,0.05903211236000061
loco_decay,fire_only,46,1020,0.012133230414010782,0.015554286265260444,0.04731464385986328
loco_decay,fire_only,46,1080,0.00952602197638655,0.012668752311137307,0.04319217801094055
loco_decay,fire_only,46,1140,0.009007734007540001,0.011546646094509578,0.03860560059547424
loco_decay,fire_only,46,1200,0.009242529362703847,0.01207235112054379,0.0445464551448822
loco_decay,fire_only,46,1260,0.00905045972461194,0.012237393790992155,0.046043574810028076
loco_decay,fire_only,46,1320,0.010580193679944604,0.013996155841442618,0.048903465270996094
loco_decay,fire_only,46,1380,0.011289513216609448,0.01467043915652929,0.05063349008560181
loco_decay,fire_only,46,1440,0.013514438034158893,0.016569569911277896,0.05125260353088379
loco_decay,fire_only,46,1500,0.014587697465862848,0.017970131557646905,0.0540938675403595
loco_decay,fire_only,46,1560,0.015513612105783108,0.01942820374186502,0.05749210715293884
loco_decay,fire_only,46,1620,0.016305828780199573,0.020232403171039585,0.05632176995277405
loco_decay,fire_only,46,1680,0.016611509882243334,0.020772707245955226,0.05620527267456055
loco_decay,fire_only,46,1740,0.0172776935902317,0.021540806318891097,0.06039774417877197
loco_decay,fire_only,46,1800,0.01766860854309217,0.02195963026953382,0.0634666234254837
loco_decay,fire_only,46,1860,0.017678826256135923,0.02185727699174943,0.06321215629577637
loco_decay,fire_only,46,1920,0.018321874790487035,0.022426244274264186,0.06307722628116608
loco_decay,fire_only,46,1980,0.018359730597090933,0.022104476499646895,0.06108024716377258
loco_decay,fire_only,46,2040,0.017206192016601562,0.020697561756669706,0.058651044964790344
loco_decay,fire_only,46,2100,0.016087003777512408,0.01983912108481437,0.057004451751708984
loco_decay,fire_only,46,2160,0.015421303631985081,0.019507789962967086,0.05658167600631714
loco_decay,fire_only,46,2220,0.014212650007906212,0.018494635983794087,0.051570162177085876
loco_decay,fire_only,46,2280,0.013468061928200511,0.017836069928610084,0.04798382520675659
loco_decay,fire_only,46,2340,0.01277447722654427,0.01743226904017047,0.047490060329437256
loco_decay,fire_only,46,2400,0.01259350381066314,0.017427407750166674,0.04784196615219116
loco_decay,fire_only,46,2460,0.012881602729316306,0.017402154446730114,0.050384312868118286
loco_decay,fire_only,46,2520,0.013009468538571248,0.01765390025371832,0.05282878875732422
loco_decay,fire_only,46,2580,0.013685186220481333,0.018287827305868767,0.05530652403831482
loco_decay,fire_only,46,2640,0.0149641706880215,0.019722298719357635,0.05637234449386597
loco_decay,fire_only,46,2700,0.015147232969777774,0.02031643896753498,0.057965219020843506
loco_decay,fire_only,46,2760,0.015639213861617367,0.02086238196636923,0.06498271226882935
loco_decay,fire_only,46,2820,0.016134405492153843,0.021400829308649717,0.0706033706665039
loco_decay,fire_only,46,2880,0.016958503860287962,0.022145637878712026,0.07517892122268677
loco_decay,fire_only,46,2940,0.01828244150476118,0.023058966943378886,0.0788763165473938
loco_decay,fire_only,46,3000,0.01986120430241644,0.024362545624960215,0.08177018165588379
loco_decay,fire_only,46,3060,0.02096692499070041,0.025594268959268935,0.08391344547271729
loco_decay,fire_only,46,3120,0.021863829641215568,0.026604569793759334,0.08547484874725342
loco_decay,fire_only,46,3180,0.02238207389559366,0.027197239563880402,0.08654642105102539
loco_decay,fire_only,46,3240,0.02253185252172757,0.027668114868430883,0.0871199369430542
loco_decay,fire_only,46,3300,0.023051042736104106,0.028267673645107835,0.08740359544754028
loco_decay,fire_only,46,3360,0.023405614284287512,0.028651333594690305,0.0875018835067749
loco_decay,fire_only,46,3420,0.023202879041169598,0.028385425984295755,0.08676415681838989
loco_decay,fire_only,46,3480,0.022569887208200134,0.027717641404987343,0.08578968048095703
loco_decay,fire_only,46,3540,0.02135735954594823,0.02676686056131581,0.08471453189849854
loco_decay,fire_only,46,3600,0.02050012330302095,0.02619768956533712,0.08356744050979614
loco_decay,global_stats,42,0,0.00203509351848501,0.0020980795072121443,0.0
loco_decay,global_stats,42,60,0.01017709221460123,0.011154155887947636,0.024976134300231934
loco_decay,global_stats,42,120,0.005249861594849983,0.006816565651325134,0.019684672355651855
loco_decay,global_stats,42,180,0.0243824778404911,0.03166938742000495,0.057936668395996094
loco_decay,global_stats,42,240,0.012597516574690827,0.015498674036354172,0.04439729452133179
loco_decay,global_stats,42,300,0.012794880740410458,0.015597917107882065,0.04258829355239868
loco_decay,global_stats,42,360,0.012942866941468905,0.01571814722980444,0.04275459051132202
loco_decay,global_stats,42,420,0.010832800274401639,0.013924812191327645,0.037195026874542236
loco_decay,global_stats,42,480,0.01048792147003444,0.013731713642269291,0.04330343008041382
loco_decay,global_stats,42,540,0.00995906844603277,0.013224995289188163,0.05216264724731445
loco_decay,global_stats,42,600,0.012062443568643215,0.01590416687335096,0.059741437435150146
loco_decay,global_stats,42,660,0.012356405237079721,0.016328636496764706,0.05747675895690918
loco_decay,global_stats,42,720,0.01250777307864839,0.015888490268326342,0.055663347244262695
loco_decay,global_stats,42,780,0.013208975834129132,0.017205030920228664,0.05909085273742676
loco_decay,global_stats,42,840,0.01207027234862336,0.016074151057701446,0.06127744913101196
loco_decay,global_stats,42,900,0.011971571276673174,0.015477568706735367,0.04822525382041931
loco_decay,global_stats,42,960,0.010645717909905763,0.013760370041654719,0.040335774421691895
loco_decay,global_stats,42,1020,0.009226355404980414,0.012090008406114926,0.0380091667175293
loco_decay,global_stats,42,1080,0.00886824700684674,0.012010278097334333,0.03951379656791687
loco_decay,global_stats,42,1140,0.009754907504647178,0.011972945940927859,0.037191957235336304
loco_decay,global_stats,42,1200,0.009430959688878693,0.011969718039648294,0.04292592406272888
loco_decay,global_stats,42,1260,0.00938308687336677,0.011988127855844972,0.042488276958465576
loco_decay,global_stats,42,1320,0.009850276518712002,0.012879210732037415,0.04326692223548889
loco_decay,global_stats,42,1380,0.009854235744054338,0.012786226743197794,0.04262888431549072
loco_decay,global_stats,42,1440,0.011148253109602801,0.013793233781895498,0.04236254096031189
loco_decay,global_stats,42,1500,0.01143858100460694,0.014339173893798511,0.04482230544090271
loco_decay,global_stats,42,1560,0.012719055456397808,0.015542063810546557,0.04748004674911499
loco_decay,global_stats,42,1620,0.012987147390314964,0.015810330326148002,0.04536479711532593
loco_decay,global_stats,42,1680,0.012869454326882827,0.01621851466720738,0.043287426233291626
loco_decay,global_stats,42,1740,0.012457336735936393,0.016022381880308783,0.04297664761543274
loco_decay,global_stats,42,1800,0.012769997647378297,0.016178206263648416,0.04294775426387787
loco_decay,global_stats,42,1860,0.012312424130144372,0.015847407133236967,0.047957390546798706
loco_decay,global_stats,42,1920,0.012442689158220208,0.016258012453661395,0.05426652729511261
loco_decay,global_stats,42,1980,0.012264893381996492,0.016058578272678644,0.052800729870796204
loco_decay,global_stats,42,2040,0.011971952113430056,0.015430349804714066,0.04969443380832672
loco_decay,global_stats,42,2100,0.012004945657949531,0.015308045847736441,0.046767398715019226
loco_decay,global_stats,42,2160,0.01188326778665053,0.015423151948937354,0.045039787888526917
loco_decay,global_stats,42,2220,0.011423954525880055,0.014783581509318803,0.04077883064746857
loco_decay,global_stats,42,2280,0.010988981718510654,0.014421806523701843,0.037669837474823
loco_decay,global_stats,42,2340,0.011042339084422695,0.014491482940184574,0.03669916093349457
loco_decay,global_stats,42,2400,0.011094244708002141,0.01456551462143926,0.03649444878101349
loco_decay,global_stats,42,2460,0.011298229077221018,0.014780181538711782,0.03527793288230896
loco_decay,global_stats,42,2520,0.011191381026158291,0.014859132046829092,0.03441031277179718
loco_decay,global_stats,42,2580,0.011631245634197134,0.015433962181794325,0.03279323875904083
loco_decay,global_stats,42,2640,0.0124041759862309,0.016366522727534333,0.031264349818229675
loco_decay,global_stats,42,2700,0.01269905077936375,0.0168489314978504,0.03019338846206665
loco_decay,global_stats,42,2760,0.012960718334776111,0.017367449215432207,0.03039461374282837
loco_decay,global_stats,42,2820,0.013492060116434518,0.018081244275180187,0.03210291266441345
loco_decay,global_stats,42,2880,0.014294694680555732,0.01881545508448943,0.0325431227684021
loco_decay,global_stats,42,2940,0.015096906078072776,0.019511465996008216,0.03425014019012451
loco_decay,global_stats,42,3000,0.016031083345940684,0.020338874924996808,0.035879552364349365
loco_decay,global_stats,42,3060,0.017051317588945406,0.021150845275933285,0.0374455451965332
loco_decay,global_stats,42,3120,0.017908648513587175,0.02183906125514613,0.03896522521972656
loco_decay,global_stats,42,3180,0.018733496225513187,0.022227264044172683,0.04045698046684265
loco_decay,global_stats,42,3240,0.019211799104129318,0.022524884968480874,0.04191160202026367
loco_decay,global_stats,42,3300,0.019837075366383104,0.022982808272555964,0.04309853911399841
loco_decay,global_stats,42,3360,0.020308517381153274,0.02337355437842259,0.04427969455718994
loco_decay,global_stats,42,3420,0.020632791242240805,0.023643972905750207,0.045436978340148926
loco_decay,global_stats,42,3480,0.02107639808570389,0.024038142791583096,0.046602845191955566
loco_decay,global_stats,42,3540,0.0212896306034738,0.024329510842914,0.047427207231521606
loco_decay,global_stats,42,3600,0.021603314420290752,0.024606004074813084,0.04863610863685608
loco_decay,global_stats,43,0,0.001651084528560132,0.00166538101996646,0.0
loco_decay,global_stats,43,60,0.009871951774158309,0.01356182511240829,0.03085649013519287
loco_decay,global_stats,43,120,0.00506539998856266,0.006457799128894655,0.016769707202911377
loco_decay,global_stats,43,180,0.024421225079392966,0.03187181165206181,0.05712544918060303
loco_decay,global_stats,43,240,0.01242823569120559,0.015460576164969982,0.04022538661956787
loco_decay,global_stats,43,300,0.012970774047142636,0.01587022871697173,0.042046427726745605
loco_decay,global_stats,43,360,0.012861933855883844,0.01567080644952441,0.04111325740814209
loco_decay,global_stats,43,420,0.01088411143395753,0.01402364198375705,0.0370364785194397
loco_decay,global_stats,43,480,0.01076687384495693,0.013861042134290067,0.04261326789855957
loco_decay,global_stats,43,540,0.010155418805316486,0.013244663592241348,0.05067324638366699
loco_decay,global_stats,43,600,0.011909740161051792,0.015495449104932939,0.05702024698257446
loco_decay,global_stats,43,660,0.012218665232700585,0.016035778136844137,0.05433511734008789
loco_decay,global_stats,43,720,0.012458732697816022,0.015780207896998348,0.052447617053985596
loco_decay,global_stats,43,780,0.013280011383833083,0.017245473501645837,0.05766826868057251
loco_decay,global_stats,43,840,0.012298190488224536,0.016245585841945995,0.061544835567474365
loco_decay,global_stats,43,900,0.012075669997561295,0.015507758585739138,0.04910805821418762
loco_decay,global_stats,43,960,0.010102843025089365,0.01330965597591581,0.038013309240341187
loco_decay,global_stats,43,1020,0.008988883115549004,0.0119311645562208,0.03660312294960022
loco_decay,global_stats,43,1080,0.008971296053017136,0.012175884326421221,0.04024425148963928
loco_decay,global_stats,43,1140,0.009514440213684488,0.011732549795152775,0.03817853331565857
loco_decay,global_stats,43,1200,0.009159687082324407,0.011814295171390111,0.04400727152824402
loco_decay,global_stats,43,1260,0.009089392634619654,0.011998994831211586,0.04536798596382141
loco_decay,global_stats,43,1320,0.009893384918702387,0.013032136961930927,0.045034974813461304
loco_decay,global_stats,43,1380,0.010002913464487126,0.01292201112923004,0.04195380210876465
loco_decay,global_stats,43,1440,0.010926887524866424,0.013529458814375232,0.039966315031051636
loco_decay,global_stats,43,1500,0.010542425434146307,0.013313839450415041,0.04175630211830139
loco_decay,global_stats,43,1560,0.010873849149298878,0.013625563693593029,0.044372349977493286
loco_decay,global_stats,43,1620,0.010841780267985521,0.013544455836289816,0.04263824224472046
loco_decay,global_stats,43,1680,0.01116945970374926,0.01437772443172971,0.041037291288375854
loco_decay,global_stats,43,1740,0.011130086616077254,0.014636179867100809,0.04131010174751282
loco_decay,global_stats,43,1800,0.012244844331150561,0.015598782155707487,0.041962847113609314
loco_decay,global_stats,43,1860,0.012797795829519761,0.016435612113731853,0.047682225704193115
loco_decay,global_stats,43,1920,0.01381499194993382,0.01782575946338404,0.0545908659696579
loco_decay,global_stats,43,1980,0.01416489758850199,0.018106072353191147,0.05422453582286835
loco_decay,global_stats,43,2040,0.01413162593292979,0.017876427916664724,0.054619744420051575
loco_decay,global_stats,43,2100,0.014183685710999818,0.01786102139031925,0.05487094819545746
loco_decay,global_stats,43,2160,0.013891054993182156,0.017795191692651435,0.054976657032966614
loco_decay,global_stats,43,2220,0.013107388947917296,0.01681858721588129,0.051799505949020386
loco_decay,global_stats,43,2280,0.012203242794602318,0.01595674412708562,0.04847727715969086
loco_decay,global_stats,43,2340,0.011692169625147254,0.015585594212292195,0.04525791108608246
loco_decay,global_stats,43,2400,0.011245964902692137,0.015200277425874681,0.04323899745941162
loco_decay,global_stats,43,2460,0.01101361742589326,0.014856146295982992,0.04809156060218811
loco_decay,global_stats,43,2520,0.010654586342583715,0.014577300643120461,0.05381321907043457
loco_decay,global_stats,43,2580,0.010713008916483515,0.014503899325109766,0.05743706226348877
loco_decay,global_stats,43,2640,0.011363606009863119,0.015245440518329488,0.06165122985839844
loco_decay,global_stats,43,2700,0.011787523012773126,0.01597471781973288,0.06755450367927551
loco_decay,global_stats,43,2760,0.012829754336745339,0.017164054200927464,0.07315316796302795
loco_decay,global_stats,43,2820,0.01375131137603152,0.018457116454624337,0.07551059126853943
loco_decay,global_stats,43,2880,0.015186603024470068,0.01970693793982758,0.07410362362861633
loco_decay,global_stats,43,2940,0.01618739342795009,0.020586013595382122,0.0707765519618988
loco_decay,global_stats,43,3000,0.01691743263364893,0.021212570384689648,0.06826147437095642
loco_decay,global_stats,43,3060,0.0176437587469025,0.021828102203569646,0.06517398357391357
loco_decay,global_stats,43,3120,0.01837722198889319,0.022429218068945656,0.06147587299346924
loco_decay,global_stats,43,3180,0.01892341205240351,0.022875336091732857,0.05769684910774231
loco_decay,global_stats,43,3240,0.01934235002351018,0.02336091786360926,0.0541401207447052
loco_decay,global_stats,43,3300,0.01984502124575387,0.02400165903938996,0.05221506953239441
loco_decay,global_stats,43,3360,0.020419189755895496,0.02461331032014705,0.05422788858413696
loco_decay,global_stats,43,3420,0.02062418549197965,0.02483577354735472,0.05769634246826172
loco_decay,global_stats,43,3480,0.020911781133803646,0.025222903638187556,0.061049461364746094
loco_decay,global_stats,43,3540,0.02135505975611442,0.025856172320276052,0.0638887882232666
loco_decay,global_stats,43,3600,0.02174847322491418,0.026475808015873126,0.0656384825706482
loco_decay,global_stats,44,0,0.0018327341670483614,0.0018350522125286477,0.0
loco_decay,global_stats,44,60,0.010176823202487641,0.013962787498696134,0.030872702598571777
loco_decay,global_stats,44,120,0.00529283654373304,0.006637970834745782,0.015752136707305908
loco_decay,global_stats,44,180,0.025293774309411512,0.03253825234356096,0.05929678678512573
loco_decay,global_stats,44,240,0.012569828898505827,0.015435940391067375,0.04299217462539673
loco_decay,global_stats,44,300,0.013015122012754458,0.015939243731305633,0.041304707527160645
loco_decay,global_stats,44,360,0.012842996985511442,0.01568856398035559,0.040563881397247314
loco_decay,global_stats,44,420,0.010834595798391156,0.013872547036446664,0.037790536880493164
loco_decay,global_stats,44,480,0.010624127577891392,0.013745288854588391,0.041687846183776855
loco_decay,global_stats,44,540,0.010224385071644741,0.01328924980701885,0.05048990249633789
loco_decay,global_stats,44,600,0.01204126071085972,0.01566753626304023,0.05778920650482178
loco_decay,global_stats,44,660,0.012194219943696419,0.01618333987899857,0.055473387241363525
loco_decay,global_stats,44,720,0.012557963881872396,0.01573828876323548,0.05314761400222778
loco_decay,global_stats,44,780,0.013286740906470645,0.01698895950079894,0.05634760856628418
loco_decay,global_stats,44,840,0.01222658632075892,0.016111575491103324,0.057708561420440674
loco_decay,global_stats,44,900,0.011920295457924363,0.015437673933156097,0.04563876986503601
loco_decay,global_stats,44,960,0.010216374049144508,0.013380796924444936,0.036983609199523926
loco_decay,global_stats,44,1020,0.008877643177994585,0.011688264470101474,0.033129721879959106
loco_decay,global_stats,44,1080,0.008730248803586032,0.011812864954538602,0.03623613715171814
loco_decay,global_stats,44,1140,0.009341619711006638,0.011587494745012259,0.037188202142715454
loco_decay,global_stats,44,1200,0.0092295207808503,0.011851493849175991,0.042874425649642944
loco_decay,global_stats,44,1260,0.009348444179096053,0.012093035209334677,0.043628692626953125
loco_decay,global_stats,44,1320,0.010052770376205444,0.013022632376321393,0.04286086559295654
loco_decay,global_stats,44,1380,0.010237147322798196,0.013132491341006853,0.04140901565551758
loco_decay,global_stats,44,1440,0.011438384784006439,0.014049077183260606,0.03995203971862793
loco_decay,global_stats,44,1500,0.011516489286338333,0.01440552784002335,0.042039304971694946
loco_decay,global_stats,44,1560,0.012567065458382126,0.015523254730816059,0.04475882649421692
loco_decay,global_stats,44,1620,0.013419194031605679,0.01651836522965544,0.04214590787887573
loco_decay,global_stats,44,1680,0.01476775202075992,0.018405497193170205,0.039563268423080444
loco_decay,global_stats,44,1740,0.015294203716041767,0.019492282286412213,0.039204418659210205
loco_decay,global_stats,44,1800,0.01595778987470981,0.020048931009666156,0.0394241064786911
loco_decay,global_stats,44,1860,0.015159556032282062,0.01963191196679237,0.04295489192008972
loco_decay,global_stats,44,1920,0.015141110636491692,0.019527731562280846,0.04886259138584137
loco_decay,global_stats,44,1980,0.014636979957597445,0.018730130284437176,0.04731054604053497
loco_decay,global_stats,44,2040,0.013596398244916865,0.017406168302031632,0.04662351310253143
loco_decay,global_stats,44,2100,0.013133098066380593,0.0166785676287426,0.04652632772922516
loco_decay,global_stats,44,2160,0.012563810016201661,0.016222420759624254,0.047417134046554565
loco_decay,global_stats,44,2220,0.011563840693077155,0.01523443182462451,0.045103520154953
loco_decay,global_stats,44,2280,0.010688867057319236,0.014472977994148551,0.0405847430229187
loco_decay,global_stats,44,2340,0.010307266648891754,0.014123677206213209,0.03846578299999237
loco_decay,global_stats,44,2400,0.010102162450815725,0.013736535997492612,0.03726211190223694
loco_decay,global_stats,44,2460,0.010175025172993145,0.013600112968304956,0.03613230586051941
loco_decay,global_stats,44,2520,0.009946442810835036,0.013357506649252554,0.03787776827812195
loco_decay,global_stats,44,2580,0.010052340484298436,0.013406562690264197,0.03888887166976929
loco_decay,global_stats,44,2640,0.010524851558482753,0.013908722366313374,0.03957381844520569
loco_decay,global_stats,44,2700,0.010452074089408975,0.013893318241719313,0.04012185335159302
loco_decay,global_stats,44,2760,0.010848837154628956,0.014126567170975426,0.040540844202041626
loco_decay,global_stats,44,2820,0.01101618372233568,0.0144258457370209,0.04099839925765991
loco_decay,global_stats,44,2880,0.011266060700986237,0.014680213647286602,0.0415726900100708
loco_decay,global_stats,44,2940,0.01139265351590857,0.014845046675825592,0.0421920120716095
loco_decay,global_stats,44,3000,0.011502080390938616,0.01498447925055268,0.04286545515060425
loco_decay,global_stats,44,3060,0.011593850642706441,0.015154653665595512,0.043610453605651855
loco_decay,global_stats,44,3120,0.011792681913460251,0.015409595446453504,0.04444292187690735
loco_decay,global_stats,44,3180,0.012003214947417774,0.015581657094810816,0.045366525650024414
loco_decay,global_stats,44,3240,0.012334673212165326,0.015834406574508245,0.046362727880477905
loco_decay,global_stats,44,3300,0.0127125361983755,0.016240595408772814,0.047387272119522095
loco_decay,global_stats,44,3360,0.013221761030433453,0.016738256412023148,0.04838252067565918
loco_decay,global_stats,44,3420,0.013737316218625128,0.01717115473542907,0.04851347208023071
loco_decay,global_stats,44,3480,0.014384565100205682,0.01774304339099889,0.04753321409225464
loco_decay,global_stats,44,3540,0.015020383142792018,0.01836234348543843,0.04604542255401611
loco_decay,global_stats,44,3600,0.015844940150206068,0.019108339041410145,0.04475405812263489
loco_decay,global_stats,45,0,0.0017719611657404267,0.001786560535559389,0.0
loco_decay,global_stats,45,60,0.01012226860080145,0.013493612872693897,0.03020000457763672
loco_decay,global_stats,45,120,0.005240243620577112,0.006594484044111998,0.01749253273010254
loco_decay,global_stats,45,180,0.025025811870541193,0.03245825956783003,0.060670673847198486
loco_decay,global_stats,45,240,0.012684102079509634,0.015507172131942658,0.04585999250411987
loco_decay,global_stats,45,300,0.013216503953511736,0.016282363276040625,0.041813552379608154
loco_decay,global_stats,45,360,0.013132958285576474,0.01625730879268645,0.03943681716918945
loco_decay,global_stats,45,420,0.01055556060993566,0.013650865917490068,0.03710514307022095
loco_decay,global_stats,45,480,0.010242792884860418,0.013454359590667384,0.04401087760925293
loco_decay,global_stats,45,540,0.009832489806993873,0.013181261223047795,0.05125832557678223
loco_decay,global_stats,45,600,0.011925765370900652,0.01573472927346909,0.05844581127166748
loco_decay,global_stats,45,660,0.012350825609359066,0.016222642592884282,0.0567706823348999
loco_decay,global_stats,45,720,0.012483421152671882,0.01590911422438663,0.05575674772262573
loco_decay,global_stats,45,780,0.013393627858794896,0.01734530236694833,0.05929595232009888
loco_decay,global_stats,45,840,0.0122095562715446,0.01614433569292704,0.0601845383644104
loco_decay,global_stats,45,900,0.012251296929553547,0.01557715376360791,0.045663148164749146
loco_decay,global_stats,45,960,0.01027476761193402,0.013582877219222134,0.03647726774215698
loco_decay,global_stats,45,1020,0.008795953429905714,0.011708603498025497,0.03326103091239929
loco_decay,global_stats,45,1080,0.008786184070384609,0.01177484152490081,0.03589913249015808
loco_decay,global_stats,45,1140,0.009495928224209136,0.011833832660852688,0.0378190279006958
loco_decay,global_stats,45,1200,0.009390933060013087,0.012043432976416503,0.044741034507751465
loco_decay,global_stats,45,1260,0.009564946710535911,0.012279464517528054,0.042942821979522705
loco_decay,global_stats,45,1320,0.010436681783304804,0.013266767318404475,0.042748600244522095
loco_decay,global_stats,45,1380,0.010201445459264569,0.013152067008071587,0.042139798402786255
loco_decay,global_stats,45,1440,0.011539019578326065,0.014059386525527127,0.0419309139251709
loco_decay,global_stats,45,1500,0.011181171752710259,0.014211924307673485,0.0450386106967926
loco_decay,global_stats,45,1560,0.011839698637481284,0.014885675425243616,0.04785794019699097
loco_decay,global_stats,45,1620,0.011767544313869645,0.014833819923827797,0.045393526554107666
loco_decay,global_stats,45,1680,0.011753535112448497,0.015154377832665438,0.04302838444709778
loco_decay,global_stats,45,1740,0.011274430340370246,0.014902546331068906,0.04218333959579468
loco_decay,global_stats,45,1800,0.011540154176475727,0.014918677913453984,0.0412336140871048
loco_decay,global_stats,45,1860,0.011064218472590488,0.014642057860832383,0.04569798707962036
loco_decay,global_stats,45,1920,0.011438929006061723,0.015308124490130384,0.05173058807849884
loco_decay,global_stats,45,1980,0.011757678558341169,0.015421044792877968,0.05075134336948395
loco_decay,global_stats,45,2040,0.011610034688384133,0.014976403570796224,0.049979791045188904
loco_decay,global_stats,45,2100,0.011711220298193197,0.014915844464843994,0.04741491377353668
loco_decay,global_stats,45,2160,0.01161737674105484,0.015025473119692524,0.04496888816356659
loco_decay,global_stats,45,2220,0.011109339188685459,0.01438612276668356,0.03985637426376343
loco_decay,global_stats,45,2280,0.01050726133110249,0.013894845488971621,0.0356016606092453
loco_decay,global_stats,45,2340,0.010313224739732995,0.013860716797023772,0.03316760063171387
loco_decay,global_stats,45,2400,0.010232813590395767,0.013767967409319631,0.03232830762863159
loco_decay,global_stats,45,2460,0.010267466042949034,0.013850739645687003,0.03394871950149536
loco_decay,global_stats,45,2520,0.010327944581487537,0.01401285183128217,0.03568384051322937
loco_decay,global_stats,45,2580,0.010913069005561086,0.014552675882497973,0.03724724054336548
loco_decay,global_stats,45,2640,0.011625239675023914,0.015408722978113687,0.0388721227645874
loco_decay,global_stats,45,2700,0.011845122594221503,0.01588225049469684,0.04052343964576721
loco_decay,global_stats,45,2760,0.01231985506230751,0.01650906755018362,0.04216355085372925
loco_decay,global_stats,45,2820,0.012736482825954404,0.017150552798477985,0.04375290870666504
loco_decay,global_stats,45,2880,0.0135790335789191,0.017916166366571933,0.045031726360321045
loco_decay,global_stats,45,2940,0.014159744490036923,0.018484619554092283,0.04602694511413574
loco_decay,global_stats,45,3000,0.01471275572491958,0.01907021534189661,0.046524107456207275
loco_decay,global_stats,45,3060,0.015272641933597295,0.01960288975850375,0.046739667654037476
loco_decay,global_stats,45,3120,0.01575780758815529,0.020105533002072296,0.047367870807647705
loco_decay,global_stats,45,3180,0.01609421099445461,0.02033512154242117,0.04818737506866455
loco_decay,global_stats,45,3240,0.016272040331258182,0.020535102659129695,0.049676090478897095
loco_decay,global_stats,45,3300,0.016593585961160406,0.020901905384516566,0.05101823806762695
loco_decay,global_stats,45,3360,0.016941169524087314,0.021225062945032132,0.05194652080535889
loco_decay,global_stats,45,3420,0.017139921673631247,0.021377483142360144,0.05279704928398132
loco_decay,global_stats,45,3480,0.017365284989365435,0.021604111708856805,0.0535942018032074
loco_decay,global_stats,45,3540,0.017453218258060184,0.021674680243441054,0.05435857176780701
loco_decay,global_stats,45,3600,0.017661915877751545,0.021738378382753908,0.05510708689689636
loco_decay,global_stats,46,0,0.0018990213892101186,0.0019004579290367767,0.0
loco_decay,global_stats,46,60,0.010126585454012441,0.01406502900481652,0.03122466802597046
loco_decay,global_stats,46,120,0.005633205439137146,0.006955656448224257,0.01641082763671875
loco_decay,global_stats,46,180,0.02533752833847451,0.03277005244415226,0.059915781021118164
loco_decay,global_stats,46,240,0.01279009390721279,0.01560034107556439,0.04476660490036011
loco_decay,global_stats,46,300,0.013115739927882642,0.016176114893139273,0.04052776098251343
loco_decay,global_stats,46,360,0.01334531275571975,0.016494593541349186,0.03964400291442871
loco_decay,global_stats,46,420,0.011043154032884446,0.014127101227662316,0.037304699420928955
loco_decay,global_stats,46,480,0.010413993248897316,0.013754634774899405,0.042992234230041504
loco_decay,global_stats,46,540,0.010117120447412002,0.013276586632790814,0.05103510618209839
loco_decay,global_stats,46,600,0.012062665635505608,0.01568238684134372,0.057514965534210205
loco_decay,global_stats,46,660,0.012334092528419157,0.01622121322976333,0.05521601438522339
loco_decay,global_stats,46,720,0.012523212791544147,0.01578440622040502,0.0538751482963562
loco_decay,global_stats,46,780,0.013207245717006447,0.017096403047509916,0.05748260021209717
loco_decay,global_stats,46,840,0.012229677850166253,0.015958245140275634,0.05876755714416504
loco_decay,global_stats,46,900,0.01207164853020052,0.015358301389051001,0.04742339253425598
loco_decay,global_stats,46,960,0.010071744433546487,0.013233063917028831,0.03682771325111389
loco_decay,global_stats,46,1020,0.008772725552584218,0.011499986176955903,0.034207314252853394
loco_decay,global_stats,46,1080,0.008882769441182634,0.011887944326245879,0.03701967000961304
loco_decay,global_stats,46,1140,0.009436866087196148,0.011611386791084248,0.03549686074256897
loco_decay,global_stats,46,1200,0.008856794211716779,0.01141297129285199,0.04292580485343933
loco_decay,global_stats,46,1260,0.009214910785708807,0.011936457830245294,0.04353076219558716
loco_decay,global_stats,46,1320,0.010054651087364265,0.01323942697840729,0.046241164207458496
loco_decay,global_stats,46,1380,0.009824935050137274,0.012992403804107606,0.04291751980781555
loco_decay,global_stats,46,1440,0.010890317965397793,0.013817409477498682,0.04137551784515381
loco_decay,global_stats,46,1500,0.010778537893717268,0.014031945445735099,0.043855100870132446
loco_decay,global_stats,46,1560,0.01212709087186155,0.01517317987979423,0.04642152786254883
loco_decay,global_stats,46,1620,0.013083709024750026,0.016140692171127437,0.044095635414123535
loco_decay,global_stats,46,1680,0.013504674213122477,0.017269322565183827,0.04118707776069641
loco_decay,global_stats,46,1740,0.013195463513906023,0.017423260132512927,0.04037362337112427
loco_decay,global_stats,46,1800,0.0134762757647354,0.017482398775990955,0.03872312605381012
loco_decay,global_stats,46,1860,0.012880476966368414,0.01699240372160651,0.04269102215766907
loco_decay,global_stats,46,1920,0.013118076509079047,0.01734699527353299,0.048444733023643494
loco_decay,global_stats,46,1980,0.01336684875783667,0.017503258655787887,0.04740084707736969
loco_decay,global_stats,46,2040,0.013743500134586233,0.017498902002473386,0.047545596957206726
loco_decay,global_stats,46,2100,0.01405816228516334,0.017833429078742122,0.048255130648612976
loco_decay,global_stats,46,2160,0.013934972539412237,0.01783199770608014,0.048410236835479736
loco_decay,global_stats,46,2220,0.013124618646317879,0.016934067583012767,0.04513883590698242
loco_decay,global_stats,46,2280,0.012290426323899126,0.016153423451681616,0.042468905448913574
loco_decay,global_stats,46,2340,0.011786421579597271,0.01588495463516664,0.04172667860984802
loco_decay,global_stats,46,2400,0.011606970851400257,0.01558957786449954,0.04161371290683746
loco_decay,global_stats,46,2460,0.01153080930224562,0.015477423276725308,0.040569454431533813
loco_decay,global_stats,46,2520,0.011024382921446741,0.01508818644383466,0.03917698562145233
loco_decay,global_stats,46,2580,0.01111035708305055,0.01503592687974841,0.03673484921455383
loco_decay,global_stats,46,2640,0.011468192644878826,0.015298665466068692,0.03454671800136566
loco_decay,global_stats,46,2700,0.01117314866422552,0.015075537679844181,0.0326283723115921
loco_decay,global_stats,46,2760,0.011036793742559652,0.015093499385035788,0.03120899200439453
loco_decay,global_stats,46,2820,0.01113159446853452,0.015231882072777222,0.03027261793613434
loco_decay,global_stats,46,2880,0.011510218205177678,0.01559696442824911,0.029122859239578247
loco_decay,global_stats,46,2940,0.012042315198784381,0.01596547036748616,0.02790573239326477
loco_decay,global_stats,46,3000,0.012603774007442779,0.016470241308588814,0.027215495705604553
loco_decay,global_stats,46,3060,0.013193305285103553,0.017125166830300905,0.02701069414615631
loco_decay,global_stats,46,3120,0.013861703859493795,0.017885383416470654,0.026653170585632324
loco_decay,global_stats,46,3180,0.014452506285325616,0.018481234331280395,0.025736480951309204
loco_decay,global_stats,46,3240,0.014986583682815585,0.019033961151311635,0.025667309761047363
loco_decay,global_stats,46,3300,0.015612271770966791,0.019765625365133915,0.025838732719421387
loco_decay,global_stats,46,3360,0.016278995019672192,0.020564817616913894,0.02607595920562744
loco_decay,global_stats,46,3420,0.016809986624042546,0.02121073198290309,0.026387572288513184
loco_decay,global_stats,46,3480,0.017314750866024894,0.021924222991639677,0.026781320571899414
loco_decay,global_stats,46,3540,0.017946607309632597,0.02266501617583026,0.027264416217803955
loco_decay,global_stats,46,3600,0.01867851727040468,0.02340113568231812,0.027825266122817993
loco_decay,deepsets,42,0,0.0017811698196208581,0.0017892445703021978,0.0
loco_decay,deepsets,42,60,0.010047854575435671,0.013846026206665673,0.03038555383682251
loco_decay,deepsets,42,120,0.005554314735716423,0.00687877909732172,0.014500737190246582
loco_decay,deepsets,42,180,0.027321913073548174,0.0348564801384405,0.06173074245452881
loco_decay,deepsets,42,240,0.012156687479103562,0.015518700888456168,0.04868590831756592
loco_decay,deepsets,42,300,0.012387642818214618,0.015494696935788223,0.04512929916381836
loco_decay,deepsets,42,360,0.012736034076825707,0.016060887221428205,0.04063934087753296
loco_decay,deepsets,42,420,0.010971795141169456,0.014082679444771266,0.03546631336212158
loco_decay,deepsets,42,480,0.010627243898611152,0.013576179177979321,0.033001840114593506
loco_decay,deepsets,42,540,0.009385008727554727,0.01222100906424954,0.038258492946624756
loco_decay,deepsets,42,600,0.009684303165537067,0.012718909367914925,0.04332023859024048
loco_decay,deepsets,42,660,0.010412006251579892,0.012734603395780851,0.04040032625198364
loco_decay,deepsets,42,720,0.010367765363338775,0.012475490127274,0.03831660747528076
loco_decay,deepsets,42,780,0.011783619370080729,0.01432469107460093,0.04259777069091797
loco_decay,deepsets,42,840,0.011812203753311021,0.014832584302696777,0.04645746946334839
loco_decay,deepsets,42,900,0.012640030510657657,0.015070423871248345,0.03673902153968811
loco_decay,deepsets,42,960,0.01012031457065481,0.013123440310230992,0.03347864747047424
loco_decay,deepsets,42,1020,0.009328706338342312,0.011607749012586457,0.028345376253128052
loco_decay,deepsets,42,1080,0.009532670795390037,0.011993432053772264,0.03311166167259216
loco_decay,deepsets,42,1140,0.009612873592207917,0.011986906007909618,0.03143230080604553
loco_decay,deepsets,42,1200,0.009972192281115372,0.012551786619589604,0.03727138042449951
loco_decay,deepsets,42,1260,0.009304044520960444,0.011972742873938926,0.038142263889312744
loco_decay,deepsets,42,1320,0.00992614426444062,0.012862389892371626,0.03711742162704468
loco_decay,deepsets,42,1380,0.009854053237796884,0.012669459651742716,0.035673171281814575
loco_decay,deepsets,42,1440,0.009891725746931227,0.012811404589739762,0.03467938303947449
loco_decay,deepsets,42,1500,0.009709057554734491,0.012678962790829217,0.0362933874130249
loco_decay,deepsets,42,1560,0.009654064885282938,0.012629815805039598,0.0383070707321167
loco_decay,deepsets,42,1620,0.009952387187333234,0.012731324017352816,0.03553923964500427
loco_decay,deepsets,42,1680,0.01095362706521971,0.01376841884577059,0.03301087021827698
loco_decay,deepsets,42,1740,0.011095925506237335,0.014426473973694384,0.03326141834259033
loco_decay,deepsets,42,1800,0.011464925202648196,0.014919000021748402,0.03606514632701874
loco_decay,deepsets,42,1860,0.011353015899658203,0.015099210384139998,0.03859034180641174
loco_decay,deepsets,42,1920,0.011595469660463585,0.015399151710170682,0.041994333267211914
loco_decay,deepsets,42,1980,0.011969054694724294,0.01579323086562786,0.04643529653549194
loco_decay,deepsets,42,2040,0.011991429909140663,0.015675654578499388,0.050055354833602905
loco_decay,deepsets,42,2100,0.011855973211009946,0.015701370847708247,0.052749454975128174
loco_decay,deepsets,42,2160,0.012368485595272706,0.016214043670224332,0.05435913801193237
loco_decay,deepsets,42,2220,0.012256259148099781,0.01622103002581762,0.05540710687637329
loco_decay,deepsets,42,2280,0.012061805851691592,0.01619675800995359,0.05611759424209595
loco_decay,deepsets,42,2340,0.012137229595564108,0.016354623377127956,0.05662256479263306
loco_decay,deepsets,42,2400,0.012224328333297662,0.016532686515505057,0.057105064392089844
loco_decay,deepsets,42,2460,0.01267617439801714,0.01702666838702168,0.0576481819152832
loco_decay,deepsets,42,2520,0.013014468207823492,0.01748422951473222,0.05819147825241089
loco_decay,deepsets,42,2580,0.013829962605923679,0.018385219065368573,0.05850410461425781
loco_decay,deepsets,42,2640,0.015104678879796931,0.019613874441806192,0.05894345045089722
loco_decay,deepsets,42,2700,0.01616199327781137,0.020651112831732408,0.05953383445739746
loco_decay,deepsets,42,2760,0.01711254375698292,0.0217361151628884,0.061409831047058105
loco_decay,deepsets,42,2820,0.017996720442202237,0.022871548164619226,0.06389424204826355
loco_decay,deepsets,42,2880,0.018977334343754086,0.024052158578996882,0.06671682000160217
loco_decay,deepsets,42,2940,0.020053926360818135,0.02510871049659718,0.06939110159873962
loco_decay,deepsets,42,3000,0.02091188227708361,0.026111322078329672,0.07185593247413635
loco_decay,deepsets,42,3060,0.021786009118092798,0.027040606051302152,0.0739801824092865
loco_decay,deepsets,42,3120,0.022592139916609875,0.02788077240254255,0.0758180320262909
loco_decay,deepsets,42,3180,0.02334413684047429,0.02852534011138136,0.07741981744766235
loco_decay,deepsets,42,3240,0.02394418075548864,0.029110508583706157,0.07883220911026001
loco_decay,deepsets,42,3300,0.02469346289877343,0.029845046892108994,0.08009865880012512
loco_decay,deepsets,42,3360,0.025437125919666966,0.03060752044541156,0.08125874400138855
loco_decay,deepsets,42,3420,0.026212606348295128,0.03128015411071966,0.08234846591949463
loco_decay,deepsets,42,3480,0.027051583921487352,0.03205021752764022,0.08340039849281311
loco_decay,deepsets,42,3540,0.02776143924061176,0.03275553646165012,0.08444386720657349
loco_decay,deepsets,42,3600,0.028606800642688716,0.03352689713627156,0.0857197642326355
loco_decay,deepsets,43,0,0.0022683475924804145,0.00227629910996655,0.0
loco_decay,deepsets,43,60,0.010614719011087334,0.013490950093464656,0.029702365398406982
loco_decay,deepsets,43,120,0.0055597266264721355,0.00711235399484214,0.020721495151519775
loco_decay,deepsets,43,180,0.02742179832627288,0.034863463558287656,0.06070303916931152
loco_decay,deepsets,43,240,0.012115615131580723,0.015475883009088798,0.04506140947341919
loco_decay,deepsets,43,300,0.011881963869111728,0.015216076004331404,0.04271876811981201
loco_decay,deepsets,43,360,0.011605187854935637,0.014948974153597187,0.0435338020324707
loco_decay,deepsets,43,420,0.01008724586098595,0.013171144712731387,0.03827553987503052
loco_decay,deepsets,43,480,0.009626202878698838,0.01272245641421361,0.03460162878036499
loco_decay,deepsets,43,540,0.00974594280783054,0.012474732395410098,0.04108142852783203
loco_decay,deepsets,43,600,0.009555589308780907,0.013105583359171735,0.04933929443359375
loco_decay,deepsets,43,660,0.010181097330245296,0.013006042872455657,0.04813694953918457
loco_decay,deepsets,43,720,0.009942854400229665,0.012171102988603848,0.04810816049575806
loco_decay,deepsets,43,780,0.011203208328348346,0.013896273625507669,0.053525328636169434
loco_decay,deepsets,43,840,0.010615198485619199,0.01415632503215788,0.055877685546875
loco_decay,deepsets,43,900,0.011207962458112598,0.014153896505136496,0.0449005663394928
loco_decay,deepsets,43,960,0.00938777480505209,0.01229196994306829,0.03457963466644287
loco_decay,deepsets,43,1020,0.008180834814510514,0.010425508736746993,0.03054147958755493
loco_decay,deepsets,43,1080,0.008740228625525415,0.011014713501121978,0.03467288613319397
loco_decay,deepsets,43,1140,0.008595379580438664,0.010890332657846107,0.034213244915008545
loco_decay,deepsets,43,1200,0.009180715917486005,0.011529295795350688,0.037033408880233765
loco_decay,deepsets,43,1260,0.008893575816027887,0.011600662199136302,0.03660532832145691
loco_decay,deepsets,43,1320,0.010410393761322561,0.013505210282029752,0.0376359224319458
loco_decay,deepsets,43,1380,0.01080546890739846,0.013728499922212227,0.036809444427490234
loco_decay,deepsets,43,1440,0.011517650785699355,0.01452703890784286,0.0363696813583374
loco_decay,deepsets,43,1500,0.011018044389454664,0.014680626674118059,0.03859645128250122
loco_decay,deepsets,43,1560,0.011556418596115788,0.015269821230398717,0.049247145652770996
loco_decay,deepsets,43,1620,0.011484591306838314,0.015573156896889456,0.05662411451339722
loco_decay,deepsets,43,1680,0.012084769200434727,0.016359140030739627,0.0629676878452301
loco_decay,deepsets,43,1740,0.011893406642221771,0.01675032879565013,0.06887707114219666
loco_decay,deepsets,43,1800,0.012245434575376258,0.017207821180842957,0.07345005869865417
loco_decay,deepsets,43,1860,0.01218639775715043,0.01748396688252107,0.07731106877326965
loco_decay,deepsets,43,1920,0.012131358274316367,0.01775518568061875,0.07864400744438171
loco_decay,deepsets,43,1980,0.013193643857947492,0.01824220174129332,0.07923820614814758
loco_decay,deepsets,43,2040,0.01302332886024914,0.018393582097128082,0.08026203513145447
loco_decay,deepsets,43,2100,0.013374958945586619,0.018889298725041966,0.08137091994285583
loco_decay,deepsets,43,2160,0.014523635659597616,0.01984648145026887,0.08254393935203552
loco_decay,deepsets,43,2220,0.014782204564693755,0.020100132086764092,0.08360978960990906
loco_decay,deepsets,43,2280,0.014952346682548523,0.020522353172843313,0.08455958962440491
loco_decay,deepsets,43,2340,0.015310484751135903,0.02109804854401057,0.08539935946464539
loco_decay,deepsets,43,2400,0.01591302665461481,0.02176059591507151,0.08650395274162292
loco_decay,deepsets,43,2460,0.016434089668029176,0.022583779415142315,0.08766642212867737
loco_decay,deepsets,43,2520,0.016894892781181673,0.023306756838988984,0.08897724747657776
loco_decay,deepsets,43,2580,0.018110004805885586,0.024479749587958576,0.0904400646686554
loco_decay,deepsets,43,2640,0.01951547626372987,0.025779465572572522,0.09197428822517395
loco_decay,deepsets,43,2700,0.02056391629497562,0.02697950296183997,0.09353110194206238
loco_decay,deepsets,43,2760,0.02170448328277706,0.028169567303300336,0.09528365731239319
loco_decay,deepsets,43,2820,0.022939782161100777,0.02936972182733534,0.09746900200843811
loco_decay,deepsets,43,2880,0.024106600775127916,0.030554454100730787,0.09979310631752014
loco_decay,deepsets,43,2940,0.025200656821242475,0.03163389802170069,0.1020144522190094
loco_decay,deepsets,43,3000,0.026148944170074125,0.0326328283252436,0.10401633381843567
loco_decay,deepsets,43,3060,0.02696665099500555,0.033579420560470766,0.1056986153125763
loco_decay,deepsets,43,3120,0.027639060750999284,0.034523297075118003,0.10727867484092712
loco_decay,deepsets,43,3180,0.02822562795033497,0.035381135184415255,0.10906574130058289
loco_decay,deepsets,43,3240,0.028690562443395632,0.036260621070357435,0.11097243428230286
loco_decay,deepsets,43,3300,0.029327863217455095,0.0373111874869193,0.11226075887680054
loco_decay,deepsets,43,3360,0.029871350896042006,0.03835038349589946,0.11431008577346802
loco_decay,deepsets,43,3420,0.030349190190302588,0.039359571717493304,0.11569315195083618
loco_decay,deepsets,43,3480,0.030875730699142522,0.04043398175767563,0.11684495210647583
loco_decay,deepsets,43,3540,0.031243264279534333,0.041468827548654205,0.11785143613815308
loco_decay,deepsets,43,3600,0.03180815919046908,0.04254334841921323,0.11876004934310913
loco_decay,deepsets,44,0,0.0022306167973881273,0.0022370642390586912,0.0
loco_decay,deepsets,44,60,0.010785713132503814,0.012741252650472924,0.028328120708465576
loco_decay,deepsets,44,120,0.007000365088471269,0.008371023703263331,0.014949619770050049
loco_decay,deepsets,44,180,0.024833861705476204,0.034114238279907325,0.058806419372558594
loco_decay,deepsets,44,240,0.01314777557828785,0.01709526202669128,0.04865342378616333
loco_decay,deepsets,44,300,0.01356542268685535,0.017511589040252917,0.047128915786743164
loco_decay,deepsets,44,360,0.013640550913008968,0.017808955343321366,0.046916842460632324
loco_decay,deepsets,44,420,0.01169617513639737,0.015185433763352098,0.04343503713607788
loco_decay,deepsets,44,480,0.011354449575981208,0.014510770615972546,0.03637564182281494
loco_decay,deepsets,44,540,0.009626769914036304,0.012501501726359571,0.039214372634887695
loco_decay,deepsets,44,600,0.009330399795971086,0.012509957114636676,0.04597681760787964
loco_decay,deepsets,44,660,0.00954084269768369,0.012276993192928286,0.043598949909210205
loco_decay,deepsets,44,720,0.009641047072621573,0.011876645405322704,0.04203164577484131
loco_decay,deepsets,44,780,0.011398610288062981,0.014222272959345209,0.0462227463722229
loco_decay,deepsets,44,840,0.011080668035861664,0.014355971118299983,0.049989283084869385
loco_decay,deepsets,44,900,0.012039728396761734,0.014644698601541889,0.040259331464767456
loco_decay,deepsets,44,960,0.009695087386443552,0.012542838928856721,0.03400513529777527
loco_decay,deepsets,44,1020,0.008992220184444327,0.011093078841870028,0.029509305953979492
loco_decay,deepsets,44,1080,0.008598802891452756,0.011336962001824174,0.03507101535797119
loco_decay,deepsets,44,1140,0.00872209167058489,0.010995391242119198,0.036034613847732544
loco_decay,deepsets,44,1200,0.009365380074070619,0.011795130547721423,0.041392236948013306
loco_decay,deepsets,44,1260,0.008761417285530967,0.011334861028573642,0.039349138736724854
loco_decay,deepsets,44,1320,0.009882739687387922,0.012678144340526566,0.03855887055397034
loco_decay,deepsets,44,1380,0.009978500087704279,0.012623414691309119,0.03678053617477417
loco_decay,deepsets,44,1440,0.010311501216044468,0.012878064357429499,0.03635448217391968
loco_decay,deepsets,44,1500,0.009995555191968394,0.012690584579499717,0.039836615324020386
loco_decay,deepsets,44,1560,0.009626182043446905,0.012359520657137848,0.04367595911026001
loco_decay,deepsets,44,1620,0.009066448802441623,0.012042586860972851,0.041946858167648315
loco_decay,deepsets,44,1680,0.00956752896308899,0.012609945196705906,0.039955586194992065
loco_decay,deepsets,44,1740,0.009745767422481975,0.012938084414204102,0.039438605308532715
loco_decay,deepsets,44,1800,0.010074460400944263,0.013192263773640644,0.03697998821735382
loco_decay,deepsets,44,1860,0.010106734074322523,0.013438939380346475,0.04040670394897461
loco_decay,deepsets,44,1920,0.010202203308586526,0.013596363340246291,0.04511050879955292
loco_decay,deepsets,44,1980,0.010785337966100305,0.0137917345772612,0.04274721443653107
loco_decay,deepsets,44,2040,0.010429923645163004,0.013430696212666387,0.04137052595615387
loco_decay,deepsets,44,2100,0.010079258311111314,0.013215113281120464,0.040356189012527466
loco_decay,deepsets,44,2160,0.010749976323769155,0.013635129544493656,0.0400625616312027
loco_decay,deepsets,44,2220,0.01032528241651248,0.013273926132165815,0.036670804023742676
loco_decay,deepsets,44,2280,0.010284150859950918,0.013216378406813103,0.03556853532791138
loco_decay,deepsets,44,2340,0.010276524630268064,0.013068722856939814,0.034627765417099
loco_decay,deepsets,44,2400,0.010259552339536954,0.01312555496908766,0.033783793449401855
loco_decay,deepsets,44,2460,0.010332472688328903,0.013289845487026358,0.033022135496139526
loco_decay,deepsets,44,2520,0.010225433823281685,0.013228319294537817,0.032328784465789795
loco_decay,deepsets,44,2580,0.010816431151027173,0.01366346753214726,0.03169065713882446
loco_decay,deepsets,44,2640,0.011661986070396625,0.014529440257203888,0.031545490026474
loco_decay,deepsets,44,2700,0.01202774199500548,0.014862185527860998,0.03170230984687805
loco_decay,deepsets,44,2760,0.012281482462334422,0.01518960990454018,0.03321439027786255
loco_decay,deepsets,44,2820,0.01254261469682761,0.015598895883497216,0.034977465867996216
loco_decay,deepsets,44,2880,0.013084774787447094,0.016177038010058507,0.036759018898010254
loco_decay,deepsets,44,2940,0.01364081669433982,0.01665664499769316,0.03853079676628113
loco_decay,deepsets,44,3000,0.0141144717293503,0.017250840858733282,0.040270596742630005
loco_decay,deepsets,44,3060,0.014778871319990242,0.01789765217892702,0.041960209608078
loco_decay,deepsets,44,3120,0.01554888968182876,0.01875661206656863,0.043658435344696045
loco_decay,deepsets,44,3180,0.01653035578474534,0.019606548387370974,0.04553699493408203
loco_decay,deepsets,44,3240,0.017519775942891044,0.020569841118346102,0.04706677794456482
loco_decay,deepsets,44,3300,0.018803810980995143,0.021853073260960938,0.04850190877914429
loco_decay,deepsets,44,3360,0.02012162991857107,0.023204458144895614,0.049854546785354614
loco_decay,deepsets,44,3420,0.0214716908810413,0.024465522400394405,0.0511450469493866
loco_decay,deepsets,44,3480,0.022937835251863024,0.025851467769161553,0.05233845114707947
loco_decay,deepsets,44,3540,0.02425478444953935,0.027067957405835102,0.05343693494796753
loco_decay,deepsets,44,3600,0.025636456181517744,0.028379926898427832,0.05445289611816406
loco_decay,deepsets,45,0,0.0020439514016683123,0.002047863452415132,0.0
loco_decay,deepsets,45,60,0.011034968679985114,0.01308941605401639,0.028194785118103027
loco_decay,deepsets,45,120,0.005733936761332824,0.0074321895428051616,0.023240745067596436
loco_decay,deepsets,45,180,0.025988260729123004,0.03298904932838134,0.05927908420562744
loco_decay,deepsets,45,240,0.011652454865717254,0.015101997948883101,0.05029362440109253
loco_decay,deepsets,45,300,0.01179401009483675,0.015343564350106599,0.04471105337142944
loco_decay,deepsets,45,360,0.012197961321974222,0.015934625116063958,0.046160101890563965
loco_decay,deepsets,45,420,0.0107254043089605,0.014067853405531305,0.044341444969177246
loco_decay,deepsets,45,480,0.0099945717153296,0.013428916681822733,0.037876129150390625
loco_decay,deepsets,45,540,0.00949155756857543,0.01239010769502734,0.04303610324859619
loco_decay,deepsets,45,600,0.009438679809063938,0.012904260934011215,0.049695491790771484
loco_decay,deepsets,45,660,0.009500310484286957,0.012556058731488904,0.04697835445404053
loco_decay,deepsets,45,720,0.009337585584252281,0.011973604062455151,0.0453794002532959
loco_decay,deepsets,45,780,0.010543736736331365,0.013393176663217075,0.04992765188217163
loco_decay,deepsets,45,840,0.010655312411553037,0.013765521106003315,0.05290490388870239
loco_decay,deepsets,45,900,0.010936123079958214,0.01361903497462969,0.0425129234790802
loco_decay,deepsets,45,960,0.009321243098351807,0.012226236912444358,0.031180143356323242
loco_decay,deepsets,45,1020,0.009270392687974778,0.011214010278101651,0.029002636671066284
loco_decay,deepsets,45,1080,0.009433278467802874,0.012185236654431225,0.03904318809509277
loco_decay,deepsets,45,1140,0.009216289077184896,0.011617372394490172,0.03550398349761963
loco_decay,deepsets,45,1200,0.009513329351897788,0.011783922601732798,0.04122933745384216
loco_decay,deepsets,45,1260,0.008429477700089987,0.011021368510778215,0.04269781708717346
loco_decay,deepsets,45,1320,0.009267374477555266,0.01195262298383891,0.04086178541183472
loco_decay,deepsets,45,1380,0.009084661713743631,0.01205221506078383,0.03845885396003723
loco_decay,deepsets,45,1440,0.009980443040881536,0.013335554370608693,0.037187278270721436
loco_decay,deepsets,45,1500,0.010638227504966534,0.013850139028978739,0.039530783891677856
loco_decay,deepsets,45,1560,0.010688770925049234,0.014080513652383957,0.041608214378356934
loco_decay,deepsets,45,1620,0.010965454103672398,0.014433725906091042,0.047660648822784424
loco_decay,deepsets,45,1680,0.011481749536716832,0.01525844854685148,0.05223947763442993
loco_decay,deepsets,45,1740,0.011299603544505297,0.015546711904256012,0.05510753393173218
loco_decay,deepsets,45,1800,0.011700332164764404,0.01610584463064766,0.057334065437316895
loco_decay,deepsets,45,1860,0.01180224173364386,0.01625893773461302,0.05921661853790283
loco_decay,deepsets,45,1920,0.01265419663581173,0.01724739803497031,0.06078174710273743
loco_decay,deepsets,45,1980,0.013565104619591636,0.01791510940737292,0.06226867437362671
loco_decay,deepsets,45,2040,0.013542263381249081,0.018170536482619244,0.0632811188697815
loco_decay,deepsets,45,2100,0.01347140216194423,0.018453487557268233,0.06396010518074036
loco_decay,deepsets,45,2160,0.014519177311289627,0.019242446752095098,0.06463903188705444
loco_decay,deepsets,45,2220,0.014519349531789797,0.019174754405269556,0.0652628242969513
loco_decay,deepsets,45,2280,0.014412761130164155,0.01906070342246544,0.0655902624130249
loco_decay,deepsets,45,2340,0.014210069337777333,0.018932853502425764,0.06638115644454956
loco_decay,deepsets,45,2400,0.014360143415695798,0.019014012728602085,0.06714335083961487
loco_decay,deepsets,45,2460,0.01456385850906372,0.019381875090160153,0.06782200932502747
loco_decay,deepsets,45,2520,0.014691076974953171,0.01946519359665516,0.06753447651863098
loco_decay,deepsets,45,2580,0.01519501960910527,0.019859982831247323,0.06801530718803406
loco_decay,deepsets,45,2640,0.016019443626952384,0.02041522292228436,0.06882324814796448
loco_decay,deepsets,45,2700,0.016438532060226507,0.020851649302936974,0.06967976689338684
loco_decay,deepsets,45,2760,0.017022231906916187,0.021457609195365126,0.07056865096092224
loco_decay,deepsets,45,2820,0.01771987077936662,0.022196032900161956,0.07148829102516174
loco_decay,deepsets,45,2880,0.01854419912648412,0.022975006569249314,0.07234910130500793
loco_decay,deepsets,45,2940,0.019275183500969306,0.023621949029587436,0.07319685816764832
loco_decay,deepsets,45,3000,0.01982360313423967,0.024168417134627494,0.0740954577922821
loco_decay,deepsets,45,3060,0.0203163705568398,0.024635503230998675,0.0746602714061737
loco_decay,deepsets,45,3120,0.020710179367951588,0.025065433987773417,0.07530710101127625
loco_decay,deepsets,45,3180,0.021047692647022484,0.025370279372962417,0.076078861951828
loco_decay,deepsets,45,3240,0.021094774184501276,0.025629001494362175,0.07679542899131775
loco_decay,deepsets,45,3300,0.02132156735236666,0.0260682132027762,0.07763668894767761
loco_decay,deepsets,45,3360,0.02167978724547192,0.02656589960564376,0.07862535119056702
loco_decay,deepsets,45,3420,0.0220246431706226,0.027018728520487836,0.07980576157569885
loco_decay,deepsets,45,3480,0.022430392295385883,0.027577704619490724,0.08133408427238464
loco_decay,deepsets,45,3540,0.02287550699130624,0.02814509212590445,0.08270302414894104
loco_decay,deepsets,45,3600,0.023353447231043756,0.028667394644866628,0.0839560329914093
loco_decay,deepsets,46,0,0.0018950779881097574,0.0019038987077354345,0.0
loco_decay,deepsets,46,60,0.009923019767862506,0.014034888090432482,0.031008005142211914
loco_decay,deepsets,46,120,0.006387472152709961,0.007930964211871758,0.020677626132965088
loco_decay,deepsets,46,180,0.028218603767124952,0.034542223812237254,0.06286019086837769
loco_decay,deepsets,46,240,0.011905613726219245,0.015108906562719158,0.046849966049194336
loco_decay,deepsets,46,300,0.012011600279175074,0.015331320254705964,0.04265296459197998
loco_decay,deepsets,46,360,0.012271624750795617,0.015593312212507884,0.043370187282562256
loco_decay,deepsets,46,420,0.010200727302416236,0.013287898984197067,0.04084116220474243
loco_decay,deepsets,46,480,0.009501935633937869,0.012814032611239791,0.038810551166534424
loco_decay,deepsets,46,540,0.008767832169490578,0.011880833738923766,0.043572187423706055
loco_decay,deepsets,46,600,0.008879425778853155,0.012409930105972591,0.04862391948699951
loco_decay,deepsets,46,660,0.00933745371556915,0.012155620220529689,0.04645043611526489
loco_decay,deepsets,46,720,0.009322231322263194,0.011685306916582866,0.04564213752746582
loco_decay,deepsets,46,780,0.010714258767862236,0.013192966685255476,0.05056941509246826
loco_decay,deepsets,46,840,0.01050485762874637,0.013824534392101255,0.05253136157989502
loco_decay,deepsets,46,900,0.01150579315371218,0.014121935789304258,0.03977629542350769
loco_decay,deepsets,46,960,0.009841185491696923,0.0125328420004509,0.030846118927001953
loco_decay,deepsets,46,1020,0.008781147741638453,0.010855429413222137,0.031295597553253174
loco_decay,deepsets,46,1080,0.008898462869424736,0.011239387167830364,0.033315956592559814
loco_decay,deepsets,46,1140,0.00835657647225709,0.010601139348039914,0.03547734022140503
loco_decay,deepsets,46,1200,0.008722570090167291,0.010813535756971986,0.0410768985748291
loco_decay,deepsets,46,1260,0.00855596403105069,0.01087658171707844,0.04121401906013489
loco_decay,deepsets,46,1320,0.009425350786310382,0.012205321749162397,0.042190372943878174
loco_decay,deepsets,46,1380,0.00976497937092739,0.012411431511772639,0.04109105467796326
loco_decay,deepsets,46,1440,0.010023046647552896,0.013072503954424611,0.03884449601173401
loco_decay,deepsets,46,1500,0.01016809296818961,0.013173110468777595,0.038833409547805786
loco_decay,deepsets,46,1560,0.010500316335036692,0.013068457944672514,0.03925180435180664
loco_decay,deepsets,46,1620,0.010365636739055667,0.012977863107514177,0.03698626160621643
loco_decay,deepsets,46,1680,0.011024041513426114,0.013464879772281219,0.03476700186729431
loco_decay,deepsets,46,1740,0.010897277730756102,0.013925609736046944,0.03410416841506958
loco_decay,deepsets,46,1800,0.01169405943524521,0.01475341008298616,0.03265725076198578
loco_decay,deepsets,46,1860,0.01184862192753142,0.015031883214369,0.03642129898071289
loco_decay,deepsets,46,1920,0.011976982771822837,0.015389302632495818,0.041637226939201355
loco_decay,deepsets,46,1980,0.012599174691512522,0.01592577266467909,0.03976036608219147
loco_decay,deepsets,46,2040,0.012364154763981304,0.015594841567106698,0.038709014654159546
loco_decay,deepsets,46,2100,0.011797705319075457,0.015214953913636578,0.038096874952316284
loco_decay,deepsets,46,2160,0.012026606935315428,0.01518696149321228,0.03841623663902283
loco_decay,deepsets,46,2220,0.011357032487877703,0.01448384492213007,0.035727351903915405
loco_decay,deepsets,46,2280,0.010822095702179766,0.013981643371976028,0.032885074615478516
loco_decay,deepsets,46,2340,0.01031638207161321,0.013532524274344485,0.03186485171318054
loco_decay,deepsets,46,2400,0.01030169888935258,0.013380834546417334,0.031467631459236145
loco_decay,deepsets,46,2460,0.010371873732161732,0.013481273972288967,0.03005695343017578
loco_decay,deepsets,46,2520,0.01012489595244416,0.013349609191571197,0.03041943907737732
loco_decay,deepsets,46,2580,0.010414524284084287,0.013597858108121736,0.030916064977645874
loco_decay,deepsets,46,2640,0.011257949524221168,0.014192125975696428,0.03126612305641174
loco_decay,deepsets,46,2700,0.011500964781879324,0.014538746220045272,0.03376886248588562
loco_decay,deepsets,46,2760,0.011852230777782677,0.01496522991591818,0.03588631749153137
loco_decay,deepsets,46,2820,0.012369182455328713,0.015590939184282894,0.03778201341629028
loco_decay,deepsets,46,2880,0.013180002767955307,0.016320735316549154,0.039537906646728516
loco_decay,deepsets,46,2940,0.013935332013442454,0.016963776103617774,0.041194260120391846
loco_decay,deepsets,46,3000,0.014750057814923008,0.017637072479519813,0.04276829957962036
loco_decay,deepsets,46,3060,0.015483376528836985,0.018275766826165756,0.04427012801170349
loco_decay,deepsets,46,3120,0.016156350946531887,0.018938393241812478,0.045704782009124756
loco_decay,deepsets,46,3180,0.016781341317480644,0.019471469041871248,0.04707366228103638
loco_decay,deepsets,46,3240,0.01729414077986658,0.01996099861459486,0.0483759343624115
loco_decay,deepsets,46,3300,0.017835327613670213,0.020550251251468917,0.04960930347442627
loco_decay,deepsets,46,3360,0.018352127444427626,0.021185540547548877,0.0507718026638031
loco_decay,deepsets,46,3420,0.01884578491470455,0.021692923891538672,0.05186152458190918
loco_decay,deepsets,46,3480,0.01943605116247076,0.02231444456539317,0.0528833270072937
loco_decay,deepsets,46,3540,0.01997370648700579,0.022931562845721613,0.05387124419212341
loco_decay,deepsets,46,3600,0.020602086344651417,0.023511954262701324,0.05478304624557495
loco_decay,capacity_matched_deepsets,42,0,0.0017386458616341109,0.001746849068475187,0.0
loco_decay,capacity_matched_deepsets,42,60,0.01002479654497805,0.013497371291713512,0.030856847763061523
loco_decay,capacity_matched_deepsets,42,120,0.006184647568559225,0.007610292960918068,0.017665743827819824
loco_decay,capacity_matched_deepsets,42,180,0.024347426089565312,0.031500624430085084,0.06268680095672607
loco_decay,capacity_matched_deepsets,42,240,0.012138774964661725,0.015331092186050966,0.04915982484817505
loco_decay,capacity_matched_deepsets,42,300,0.012221889685740513,0.015482956964715825,0.04611992835998535
loco_decay,capacity_matched_deepsets,42,360,0.012349425691418944,0.015941580741859546,0.045320332050323486
loco_decay,capacity_matched_deepsets,42,420,0.010625586045526825,0.013791030580866273,0.0417364239692688
loco_decay,capacity_matched_deepsets,42,480,0.010267326789619648,0.01326350286708603,0.033808231353759766
loco_decay,capacity_matched_deepsets,42,540,0.00918621721520888,0.01207837014807916,0.03895139694213867
loco_decay,capacity_matched_deepsets,42,600,0.008677036361356753,0.011764748432389668,0.04571157693862915
loco_decay,capacity_matched_deepsets,42,660,0.008460570225673439,0.01142904984252649,0.04424816370010376
loco_decay,capacity_matched_deepsets,42,720,0.009078980547136965,0.01140202372104433,0.04419010877609253
loco_decay,capacity_matched_deepsets,42,780,0.010619482107922039,0.012926835894346555,0.048496127128601074
loco_decay,capacity_matched_deepsets,42,840,0.01044045771117759,0.013459079975489799,0.051174700260162354
loco_decay,capacity_matched_deepsets,42,900,0.011917667051332187,0.014431502915927642,0.03976103663444519
loco_decay,capacity_matched_deepsets,42,960,0.010529523929663463,0.013200584401945381,0.0292988121509552
loco_decay,capacity_matched_deepsets,42,1020,0.008788191902953966,0.011151346988692405,0.02928692102432251
loco_decay,capacity_matched_deepsets,42,1080,0.008711213295438648,0.011022979275804186,0.030414044857025146
loco_decay,capacity_matched_deepsets,42,1140,0.008808945396305185,0.010993868433223758,0.031486451625823975
loco_decay,capacity_matched_deepsets,42,1200,0.008495842988512158,0.011074422104170522,0.037604302167892456
loco_decay,capacity_matched_deepsets,42,1260,0.008644994381254753,0.011224927929914775,0.03482958674430847
loco_decay,capacity_matched_deepsets,42,1320,0.009947855915643473,0.012818167257557935,0.035787731409072876
loco_decay,capacity_matched_deepsets,42,1380,0.009758928180795856,0.0125943310873228,0.03570675849914551
loco_decay,capacity_matched_deepsets,42,1440,0.00977346617563636,0.012882979253359165,0.034673720598220825
loco_decay,capacity_matched_deepsets,42,1500,0.009942759982252542,0.012900645302711015,0.03604349493980408
loco_decay,capacity_matched_deepsets,42,1560,0.009995065431679245,0.012798028680912038,0.03865894675254822
loco_decay,capacity_matched_deepsets,42,1620,0.009595806092287587,0.012333321599458429,0.03696620464324951
loco_decay,capacity_matched_deepsets,42,1680,0.010446197427479566,0.013055263674883189,0.03456223011016846
loco_decay,capacity_matched_deepsets,42,1740,0.010515249408451856,0.013357644683752806,0.034147799015045166
loco_decay,capacity_matched_deepsets,42,1800,0.010620471914257624,0.013816450546513277,0.034221991896629333
loco_decay,capacity_matched_deepsets,42,1860,0.010780468846844362,0.014075247674162345,0.037914276123046875
loco_decay,capacity_matched_deepsets,42,1920,0.010633149637585193,0.014489853751755134,0.04275716841220856
loco_decay,capacity_matched_deepsets,42,1980,0.011500263108616382,0.015002613151844075,0.04007275402545929
loco_decay,capacity_matched_deepsets,42,2040,0.011629229889506787,0.01517926986183231,0.03858746588230133
loco_decay,capacity_matched_deepsets,42,2100,0.011643712499500376,0.015487129922218517,0.03788834810256958
loco_decay,capacity_matched_deepsets,42,2160,0.012537489422654684,0.01639892390721766,0.03800809383392334
loco_decay,capacity_matched_deepsets,42,2220,0.012803171588256296,0.01669764426635913,0.04349625110626221
loco_decay,capacity_matched_deepsets,42,2280,0.012698833789445658,0.01687686608801333,0.04905197024345398
loco_decay,capacity_matched_deepsets,42,2340,0.01265215847344525,0.01704363492917999,0.05305445194244385
loco_decay,capacity_matched_deepsets,42,2400,0.012868585575998357,0.017353491912291436,0.05659019947052002
loco_decay,capacity_matched_deepsets,42,2460,0.013180776243716214,0.01775501497992235,0.059904783964157104
loco_decay,capacity_matched_deepsets,42,2520,0.013187937372553665,0.017850658184314392,0.0626915991306305
loco_decay,capacity_matched_deepsets,42,2580,0.013773418369546401,0.018464083738806567,0.06512868404388428
loco_decay,capacity_matched_deepsets,42,2640,0.014729117199910425,0.01931407718788399,0.0672888457775116
loco_decay,capacity_matched_deepsets,42,2700,0.015439233684961775,0.019972942288392026,0.0689530074596405
loco_decay,capacity_matched_deepsets,42,2760,0.016097535074284647,0.02057560589555418,0.07037511467933655
loco_decay,capacity_matched_deepsets,42,2820,0.016763124252315117,0.02122182229090319,0.07160875201225281
loco_decay,capacity_matched_deepsets,42,2880,0.017673042561628122,0.021956684257846446,0.07253715395927429
loco_decay,capacity_matched_deepsets,42,2940,0.01836948413237006,0.022552894430297486,0.07328858971595764
loco_decay,capacity_matched_deepsets,42,3000,0.019107126754469576,0.023211847615471095,0.0739605724811554
loco_decay,capacity_matched_deepsets,42,3060,0.019745802127682004,0.023890806173501734,0.07463029026985168
loco_decay,capacity_matched_deepsets,42,3120,0.0204243191179976,0.02464555780371996,0.07535931468009949
loco_decay,capacity_matched_deepsets,42,3180,0.021021711747203253,0.02522651617770996,0.07619699835777283
loco_decay,capacity_matched_deepsets,42,3240,0.021426293702252144,0.02581138953679165,0.07718333601951599
loco_decay,capacity_matched_deepsets,42,3300,0.022059806152782607,0.026615661668039185,0.07835116982460022
loco_decay,capacity_matched_deepsets,42,3360,0.02280452010114636,0.02746198325490971,0.07972797751426697
loco_decay,capacity_matched_deepsets,42,3420,0.023430484322320044,0.028216056032523504,0.08105525374412537
loco_decay,capacity_matched_deepsets,42,3480,0.02418547255539261,0.02908631153910729,0.08241161704063416
loco_decay,capacity_matched_deepsets,42,3540,0.024837834645161587,0.029901524270798934,0.08402594923973083
loco_decay,capacity_matched_deepsets,42,3600,0.02564234200832063,0.030787279051028606,0.08592525124549866
loco_decay,capacity_matched_deepsets,43,0,0.002172308158030552,0.0021777479224472577,0.0
loco_decay,capacity_matched_deepsets,43,60,0.010502228694679462,0.013224125153573804,0.029266536235809326
loco_decay,capacity_matched_deepsets,43,120,0.005386754474808684,0.006906241228328872,0.018272757530212402
loco_decay,capacity_matched_deepsets,43,180,0.025562277937357405,0.033448680095546024,0.05512285232543945
loco_decay,capacity_matched_deepsets,43,240,0.012375908087840122,0.015487554088054687,0.046049654483795166
loco_decay,capacity_matched_deepsets,43,300,0.012948625383123887,0.016351040890950377,0.039242446422576904
loco_decay,capacity_matched_deepsets,43,360,0.012712507648805601,0.01607405292398214,0.040125370025634766
loco_decay,capacity_matched_deepsets,43,420,0.011204373520032495,0.014332036400314073,0.03971660137176514
loco_decay,capacity_matched_deepsets,43,480,0.011124146195639551,0.014166588667831981,0.034044086933135986
loco_decay,capacity_matched_deepsets,43,540,0.009461832257498682,0.012287359918150097,0.03934919834136963
loco_decay,capacity_matched_deepsets,43,600,0.008689263753131428,0.011800892544807106,0.0464320182800293
loco_decay,capacity_matched_deepsets,43,660,0.008966672736986548,0.011617310722328102,0.04520541429519653
loco_decay,capacity_matched_deepsets,43,720,0.009364790093582289,0.011441872623270613,0.04378455877304077
loco_decay,capacity_matched_deepsets,43,780,0.010916165545978377,0.013252371318707224,0.04790377616882324
loco_decay,capacity_matched_deepsets,43,840,0.010662796750532843,0.01371716906189342,0.05048096179962158
loco_decay,capacity_matched_deepsets,43,900,0.01150157230090251,0.014052496402573873,0.038989096879959106
loco_decay,capacity_matched_deepsets,43,960,0.010090328423322829,0.012585881558120654,0.029201149940490723
loco_decay,capacity_matched_deepsets,43,1020,0.009179148526318305,0.011565889594249291,0.031999945640563965
loco_decay,capacity_matched_deepsets,43,1080,0.009149385764535549,0.011525819954501297,0.030221998691558838
loco_decay,capacity_matched_deepsets,43,1140,0.009281014446663646,0.011415224331147913,0.032153189182281494
loco_decay,capacity_matched_deepsets,43,1200,0.0089679450060414,0.011369688571993082,0.03669199347496033
loco_decay,capacity_matched_deepsets,43,1260,0.009083573005895698,0.011464520767459284,0.036818116903305054
loco_decay,capacity_matched_deepsets,43,1320,0.010140862612597711,0.01278114896777994,0.037339866161346436
loco_decay,capacity_matched_deepsets,43,1380,0.010048801392580556,0.01262690211727014,0.0363711416721344
loco_decay,capacity_matched_deepsets,43,1440,0.01051355621456045,0.013519224087948638,0.03647378087043762
loco_decay,capacity_matched_deepsets,43,1500,0.010764265746141958,0.0140130754421111,0.045573920011520386
loco_decay,capacity_matched_deepsets,43,1560,0.010924003556766341,0.014207978107705702,0.05155828595161438
loco_decay,capacity_matched_deepsets,43,1620,0.010130977999847548,0.013569137013216864,0.051921695470809937
loco_decay,capacity_matched_deepsets,43,1680,0.010598903736182018,0.013742402496659013,0.04983389377593994
loco_decay,capacity_matched_deepsets,43,1740,0.01039420213319559,0.01354578607924141,0.046243488788604736
loco_decay,capacity_matched_deepsets,43,1800,0.010703020918685777,0.013974906669321939,0.04429525136947632
loco_decay,capacity_matched_deepsets,43,1860,0.010662168659995088,0.014005198638095061,0.04390507936477661
loco_decay,capacity_matched_deepsets,43,1920,0.01101868302948707,0.014508031032269466,0.0449710488319397
loco_decay,capacity_matched_deepsets,43,1980,0.012065346262096304,0.015231843766482626,0.04647815227508545
loco_decay,capacity_matched_deepsets,43,2040,0.011986631207761512,0.015216487202525952,0.04858189821243286
loco_decay,capacity_matched_deepsets,43,2100,0.011902702461301753,0.015399211569307698,0.05064290761947632
loco_decay,capacity_matched_deepsets,43,2160,0.012581279715605541,0.01618692027152624,0.05239793658256531
loco_decay,capacity_matched_deepsets,43,2220,0.012759544680603838,0.016521518752550333,0.053651660680770874
loco_decay,capacity_matched_deepsets,43,2280,0.013091664003059927,0.016907692292526963,0.05534902215003967
loco_decay,capacity_matched_deepsets,43,2340,0.013263135489109344,0.017145353361081143,0.057070791721343994
loco_decay,capacity_matched_deepsets,43,2400,0.01380457181846146,0.01756313781711976,0.05851295590400696
loco_decay,capacity_matched_deepsets,43,2460,0.014295005560976215,0.018038587907744843,0.05990630388259888
loco_decay,capacity_matched_deepsets,43,2520,0.014387120979022136,0.018190107036404918,0.0611434280872345
loco_decay,capacity_matched_deepsets,43,2580,0.015168312640316718,0.018852042845976386,0.062225908041000366
loco_decay,capacity_matched_deepsets,43,2640,0.015990230230103552,0.01973954984168456,0.0631672739982605
loco_decay,capacity_matched_deepsets,43,2700,0.016950113781258068,0.02070366375108364,0.06398478150367737
loco_decay,capacity_matched_deepsets,43,2760,0.017803207699176486,0.021639923132462355,0.06469616293907166
loco_decay,capacity_matched_deepsets,43,2820,0.018756337529790085,0.022613285557425478,0.0654243528842926
loco_decay,capacity_matched_deepsets,43,2880,0.019816819743245048,0.023576526780349067,0.06648421287536621
loco_decay,capacity_matched_deepsets,43,2940,0.020627910782278113,0.02422541674215797,0.06758609414100647
loco_decay,capacity_matched_deepsets,43,3000,0.021320342226366026,0.024772113369305123,0.06869283318519592
loco_decay,capacity_matched_deepsets,43,3060,0.021758724564472132,0.02512687579213412,0.06978318095207214
loco_decay,capacity_matched_deepsets,43,3120,0.022054514724068938,0.025407231583807532,0.0708446204662323
loco_decay,capacity_matched_deepsets,43,3180,0.02223470840042671,0.025481041420559996,0.07176682353019714
loco_decay,capacity_matched_deepsets,43,3240,0.022176008968226676,0.025434856770444575,0.07261571288108826
loco_decay,capacity_matched_deepsets,43,3300,0.022277882009480908,0.02564435132099803,0.07287320494651794
loco_decay,capacity_matched_deepsets,43,3360,0.022352844344831146,0.025889947613216308,0.0728549063205719
loco_decay,capacity_matched_deepsets,43,3420,0.02247600303550737,0.026052178208397836,0.0726945698261261
loco_decay,capacity_matched_deepsets,43,3480,0.022708023939512472,0.02630507376750196,0.07246407866477966
loco_decay,capacity_matched_deepsets,43,3540,0.022772955024136905,0.02640887137569592,0.07221058011054993
loco_decay,capacity_matched_deepsets,43,3600,0.02296623185408854,0.026582628650553903,0.0719938576221466
loco_decay,capacity_matched_deepsets,44,0,0.002206671554430396,0.0022087727816529727,0.0
loco_decay,capacity_matched_deepsets,44,60,0.010361261072412002,0.013732717912566882,0.03046363592147827
loco_decay,capacity_matched_deepsets,44,120,0.005964664231359431,0.00740852123351444,0.018307626247406006
loco_decay,capacity_matched_deepsets,44,180,0.025921106338500977,0.034217603171673855,0.06175023317337036
loco_decay,capacity_matched_deepsets,44,240,0.011958562694819628,0.016150990109533706,0.05210846662521362
loco_decay,capacity_matched_deepsets,44,300,0.012301966679834686,0.0164727575076831,0.04861170053482056
loco_decay,capacity_matched_deepsets,44,360,0.012197674375719728,0.016510148063371706,0.04810243844985962
loco_decay,capacity_matched_deepsets,44,420,0.010863536227065904,0.014126285644601859,0.04514950513839722
loco_decay,capacity_matched_deepsets,44,480,0.010554877530157039,0.013501310077931448,0.03465425968170166
loco_decay,capacity_matched_deepsets,44,540,0.008860083807886174,0.011571597201929084,0.037663280963897705
loco_decay,capacity_matched_deepsets,44,600,0.008638923147083383,0.011650101533349454,0.04419577121734619
loco_decay,capacity_matched_deepsets,44,660,0.008489954260598242,0.011236277636374905,0.04098355770111084
loco_decay,capacity_matched_deepsets,44,720,0.008769668836509231,0.010868476926960987,0.038945138454437256
loco_decay,capacity_matched_deepsets,44,780,0.010585238448286478,0.01288069236490518,0.04239046573638916
loco_decay,capacity_matched_deepsets,44,840,0.010219976965305024,0.013065730445391013,0.04436016082763672
loco_decay,capacity_matched_deepsets,44,900,0.011562063103228543,0.013733711907290534,0.0327354371547699
loco_decay,capacity_matched_deepsets,44,960,0.01022728275408787,0.013051001479115646,0.030544966459274292
loco_decay,capacity_matched_deepsets,44,1020,0.009742324858640147,0.01204535375880566,0.021916866302490234
loco_decay,capacity_matched_deepsets,44,1080,0.009234448977276287,0.011670521555847524,0.032325029373168945
loco_decay,capacity_matched_deepsets,44,1140,0.009420203424133031,0.011624594536751433,0.023666352033615112
loco_decay,capacity_matched_deepsets,44,1200,0.009290254749028028,0.011471362246861488,0.030150651931762695
loco_decay,capacity_matched_deepsets,44,1260,0.008680293254092732,0.011023762935190206,0.029832690954208374
loco_decay,capacity_matched_deepsets,44,1320,0.009862906901182326,0.012321659927044051,0.03000319004058838
loco_decay,capacity_matched_deepsets,44,1380,0.009866458916031154,0.012256084261100296,0.030826658010482788
loco_decay,capacity_matched_deepsets,44,1440,0.010268859103717635,0.013183081962338793,0.0377885103225708
loco_decay,capacity_matched_deepsets,44,1500,0.010133228470793867,0.013208883069025653,0.04507017135620117
loco_decay,capacity_matched_deepsets,44,1560,0.010096908143136353,0.013220283163139711,0.05108126997947693
loco_decay,capacity_matched_deepsets,44,1620,0.00976927275151278,0.01303173365006762,0.05421134829521179
loco_decay,capacity_matched_deepsets,44,1680,0.010263645279723985,0.01348747739823252,0.054892122745513916
loco_decay,capacity_matched_deepsets,44,1740,0.010020978419126662,0.013325037884860816,0.05593252182006836
loco_decay,capacity_matched_deepsets,44,1800,0.009932045651748118,0.013495054916645578,0.05773481726646423
loco_decay,capacity_matched_deepsets,44,1860,0.010043242995717884,0.013564019155423936,0.06031867861747742
loco_decay,capacity_matched_deepsets,44,1920,0.009985703282651649,0.013784529365607943,0.06107109785079956
loco_decay,capacity_matched_deepsets,44,1980,0.010801345373676942,0.01421832770701288,0.06225809454917908
loco_decay,capacity_matched_deepsets,44,2040,0.01062390682971583,0.014106733504765078,0.06379640102386475
loco_decay,capacity_matched_deepsets,44,2100,0.010434249069838397,0.014200671288028353,0.06551030278205872
loco_decay,capacity_matched_deepsets,44,2160,0.01101273733430204,0.01478087478654637,0.06726309657096863
loco_decay,capacity_matched_deepsets,44,2220,0.01106095736005665,0.01480875620410777,0.06895378232002258
loco_decay,capacity_matched_deepsets,44,2280,0.010909650837425637,0.014897661348814146,0.07051107287406921
loco_decay,capacity_matched_deepsets,44,2340,0.011061397405852259,0.01510613544395681,0.0716274082660675
loco_decay,capacity_matched_deepsets,44,2400,0.011501553575549505,0.015551621982801763,0.07307949662208557
loco_decay,capacity_matched_deepsets,44,2460,0.011697229426519006,0.01613461142840491,0.0757422149181366
loco_decay,capacity_matched_deepsets,44,2520,0.011795511947268933,0.016413555756671583,0.07812252640724182
loco_decay,capacity_matched_deepsets,44,2580,0.012352397879668041,0.01701757527207881,0.0802178680896759
loco_decay,capacity_matched_deepsets,44,2640,0.013203106095305586,0.017780009569685503,0.08202829957008362
loco_decay,capacity_matched_deepsets,44,2700,0.013458439338523729,0.018243999605647338,0.08361324667930603
loco_decay,capacity_matched_deepsets,44,2760,0.013715349994929491,0.018683494247226193,0.08499756455421448
loco_decay,capacity_matched_deepsets,44,2820,0.014001252574730763,0.019213688782688,0.08617284893989563
loco_decay,capacity_matched_deepsets,44,2880,0.014801612733739667,0.019958860187387833,0.0874193012714386
loco_decay,capacity_matched_deepsets,44,2940,0.015684365039378142,0.02074506315390944,0.08851209282875061
loco_decay,capacity_matched_deepsets,44,3000,0.016727768148468658,0.021605237848771438,0.08944287896156311
loco_decay,capacity_matched_deepsets,44,3060,0.01769418546320063,0.0225005618524421,0.09050092101097107
loco_decay,capacity_matched_deepsets,44,3120,0.018957719866153414,0.02360897545624725,0.09142950177192688
loco_decay,capacity_matched_deepsets,44,3180,0.020233986190462534,0.024751946177057838,0.09210380911827087
loco_decay,capacity_matched_deepsets,44,3240,0.02141042877878763,0.025909098451245203,0.09282264113426208
loco_decay,capacity_matched_deepsets,44,3300,0.022725555946869133,0.02719897709435312,0.09363576769828796
loco_decay,capacity_matched_deepsets,44,3360,0.024019807511198837,0.028536604564379883,0.09458258748054504
loco_decay,capacity_matched_deepsets,44,3420,0.025266047534161964,0.029830089082132583,0.095693439245224
loco_decay,capacity_matched_deepsets,44,3480,0.02656860201232201,0.031166703171182662,0.09702417254447937
loco_decay,capacity_matched_deepsets,44,3540,0.027752162938096882,0.03243071816174729,0.09879031777381897
loco_decay,capacity_matched_deepsets,44,3600,0.028974264728284516,0.03360885039851311,0.10080239176750183
loco_decay,capacity_matched_deepsets,45,0,0.002544384087081504,0.002557748595889968,0.0
loco_decay,capacity_matched_deepsets,45,60,0.010431333980729094,0.013271999109016141,0.02912801504135132
loco_decay,capacity_matched_deepsets,45,120,0.005628038824132059,0.007271696551786072,0.016987502574920654
loco_decay,capacity_matched_deepsets,45,180,0.027089346826603983,0.034971716028133704,0.06141102313995361
loco_decay,capacity_matched_deepsets,45,240,0.01244044936863722,0.015530584468971037,0.0476231575012207
loco_decay,capacity_matched_deepsets,45,300,0.01318725495211846,0.016503043879169878,0.045137643814086914
loco_decay,capacity_matched_deepsets,45,360,0.014017950117060569,0.017873214741994943,0.04469221830368042
loco_decay,capacity_matched_deepsets,45,420,0.01287083446452048,0.015927706283185083,0.04219919443130493
loco_decay,capacity_matched_deepsets,45,480,0.01244123899831181,0.015420966781398916,0.030970335006713867
loco_decay,capacity_matched_deepsets,45,540,0.009911104113654753,0.013047152401632922,0.04057490825653076
loco_decay,capacity_matched_deepsets,45,600,0.009108416274585555,0.012448608860674287,0.04998594522476196
loco_decay,capacity_matched_deepsets,45,660,0.0088500327768579,0.011931400614643964,0.04885232448577881
loco_decay,capacity_matched_deepsets,45,720,0.008999520171005113,0.011410743167511369,0.04719477891921997
loco_decay,capacity_matched_deepsets,45,780,0.010847900293569648,0.013377910221924692,0.0499231219291687
loco_decay,capacity_matched_deepsets,45,840,0.010787989713449395,0.01406440785721206,0.05136609077453613
loco_decay,capacity_matched_deepsets,45,900,0.01178546394922037,0.01445547028058766,0.04163995385169983
loco_decay,capacity_matched_deepsets,45,960,0.00971091795811611,0.012483990931471324,0.03219282627105713
loco_decay,capacity_matched_deepsets,45,1020,0.009082715859455345,0.011028024529159408,0.02984890341758728
loco_decay,capacity_matched_deepsets,45,1080,0.00946427209187398,0.012149378271560514,0.035648345947265625
loco_decay,capacity_matched_deepsets,45,1140,0.00938917999773954,0.011805020662641486,0.03671172261238098
loco_decay,capacity_matched_deepsets,45,1200,0.009513572781486849,0.011725046521060212,0.04229298233985901
loco_decay,capacity_matched_deepsets,45,1260,0.008593481198876304,0.010956180404386028,0.041305363178253174
loco_decay,capacity_matched_deepsets,45,1320,0.00935626504695521,0.012239519926505732,0.04046225547790527
loco_decay,capacity_matched_deepsets,45,1380,0.009334001657182137,0.012453902030583022,0.039226412773132324
loco_decay,capacity_matched_deepsets,45,1440,0.010129183794544862,0.013198677122047673,0.039140284061431885
loco_decay,capacity_matched_deepsets,45,1500,0.010006850535890698,0.012966760415227303,0.04257276654243469
loco_decay,capacity_matched_deepsets,45,1560,0.00981436392902273,0.012806713193825701,0.04348689317703247
loco_decay,capacity_matched_deepsets,45,1620,0.009613070076545783,0.012781204859483381,0.04019799828529358
loco_decay,capacity_matched_deepsets,45,1680,0.0106525508175909,0.013811926357541738,0.03891018033027649
loco_decay,capacity_matched_deepsets,45,1740,0.010705630336187582,0.014050406869930483,0.04240310192108154
loco_decay,capacity_matched_deepsets,45,1800,0.010843225285015275,0.014725317305065228,0.048109352588653564
loco_decay,capacity_matched_deepsets,45,1860,0.010858455458573536,0.0149984681017003,0.052529752254486084
loco_decay,capacity_matched_deepsets,45,1920,0.011005848118689208,0.015470150815532775,0.056344568729400635
loco_decay,capacity_matched_deepsets,45,1980,0.012129776509462205,0.016120487633728434,0.05977717041969299
loco_decay,capacity_matched_deepsets,45,2040,0.012141939417450828,0.015998286030600606,0.06332725286483765
loco_decay,capacity_matched_deepsets,45,2100,0.011909949832257972,0.01607128644782728,0.0677468478679657
loco_decay,capacity_matched_deepsets,45,2160,0.012749518704625358,0.016909015168171112,0.07112082839012146
loco_decay,capacity_matched_deepsets,45,2220,0.012789072188655886,0.0170447814095651,0.07321831583976746
loco_decay,capacity_matched_deepsets,45,2280,0.012562838012138299,0.01701905208142198,0.07464155554771423
loco_decay,capacity_matched_deepsets,45,2340,0.012658836435427707,0.01692602983440794,0.07294389605522156
loco_decay,capacity_matched_deepsets,45,2400,0.01315596673340924,0.017264765571068746,0.07128223776817322
loco_decay,capacity_matched_deepsets,45,2460,0.013636036784248014,0.017837462849223898,0.07053586840629578
loco_decay,capacity_matched_deepsets,45,2520,0.013871637329591058,0.0180482379071506,0.06984630227088928
loco_decay,capacity_matched_deepsets,45,2580,0.014585522555671962,0.018642964864688978,0.0694485604763031
loco_decay,capacity_matched_deepsets,45,2640,0.015568319938879097,0.019516435398722734,0.06999257206916809
loco_decay,capacity_matched_deepsets,45,2700,0.01638808312405527,0.020262190793680905,0.07037249207496643
loco_decay,capacity_matched_deepsets,45,2760,0.01694863988498671,0.021031998081112866,0.0710042417049408
loco_decay,capacity_matched_deepsets,45,2820,0.01762650933413379,0.021948022297026498,0.0717070996761322
loco_decay,capacity_matched_deepsets,45,2880,0.018619106142921785,0.022892253478877175,0.07195529341697693
loco_decay,capacity_matched_deepsets,45,2940,0.019388669360000475,0.02355790853211556,0.07134708762168884
loco_decay,capacity_matched_deepsets,45,3000,0.020075927200043097,0.02423877067351034,0.07058921456336975
loco_decay,capacity_matched_deepsets,45,3060,0.020631387697911896,0.02483073496535103,0.06965908408164978
loco_decay,capacity_matched_deepsets,45,3120,0.021156169935665298,0.025429307792299603,0.0685606300830841
loco_decay,capacity_matched_deepsets,45,3180,0.021661402641144474,0.02588134110666579,0.06778755784034729
loco_decay,capacity_matched_deepsets,45,3240,0.02200099614869177,0.026373316767662747,0.0671626627445221
loco_decay,capacity_matched_deepsets,45,3300,0.022439180222232784,0.026996055013379868,0.06611788272857666
loco_decay,capacity_matched_deepsets,45,3360,0.022935721462806768,0.02758366832859261,0.06548681855201721
loco_decay,capacity_matched_deepsets,45,3420,0.023367449443424698,0.02818082182282746,0.0660800039768219
loco_decay,capacity_matched_deepsets,45,3480,0.023983494568187578,0.028920230056896593,0.06672051548957825
loco_decay,capacity_matched_deepsets,45,3540,0.024518846542434355,0.02947202458320656,0.0677708089351654
loco_decay,capacity_matched_deepsets,45,3600,0.025183141099668183,0.030132030682867055,0.07028865814208984
loco_decay,capacity_matched_deepsets,46,0,0.002439611780959948,0.002446271348022095,0.0
loco_decay,capacity_matched_deepsets,46,60,0.009936192394357867,0.013592984252627087,0.03116530179977417
loco_decay,capacity_matched_deepsets,46,120,0.005154596493307468,0.0065702514213225255,0.02161937952041626
loco_decay,capacity_matched_deepsets,46,180,0.02631387615625837,0.033533510673093535,0.06804394721984863
loco_decay,capacity_matched_deepsets,46,240,0.011754090279604482,0.01521369267364804,0.045835912227630615
loco_decay,capacity_matched_deepsets,46,300,0.011641477589058665,0.015094584206404374,0.04327189922332764
loco_decay,capacity_matched_deepsets,46,360,0.011645192066125111,0.015216918711636813,0.044439613819122314
loco_decay,capacity_matched_deepsets,46,420,0.010197885268557388,0.013668884724514519,0.043343424797058105
loco_decay,capacity_matched_deepsets,46,480,0.009950072364469546,0.013244602932504453,0.03578430414199829
loco_decay,capacity_matched_deepsets,46,540,0.009334846407966276,0.012524300260033245,0.042927324771881104
loco_decay,capacity_matched_deepsets,46,600,0.009420212391203484,0.012716718660469901,0.04919993877410889
loco_decay,capacity_matched_deepsets,46,660,0.009039574492294176,0.01219806523764181,0.04525703191757202
loco_decay,capacity_matched_deepsets,46,720,0.009388208916756959,0.011856072012691858,0.044021010398864746
loco_decay,capacity_matched_deepsets,46,780,0.010843412538545321,0.013692454003694864,0.04858797788619995
loco_decay,capacity_matched_deepsets,46,840,0.011184479283020559,0.014798548532510608,0.052686870098114014
loco_decay,capacity_matched_deepsets,46,900,0.011714968533642523,0.01436382144893304,0.040873318910598755
loco_decay,capacity_matched_deepsets,46,960,0.009778714812962355,0.01257676800228309,0.029535651206970215
loco_decay,capacity_matched_deepsets,46,1020,0.0085766144030917,0.010845158173624319,0.028872907161712646
loco_decay,capacity_matched_deepsets,46,1080,0.009134623856671088,0.011413928746032182,0.03300893306732178
loco_decay,capacity_matched_deepsets,46,1140,0.009179295955506046,0.011593054018046582,0.03198763728141785
loco_decay,capacity_matched_deepsets,46,1200,0.009322085739237018,0.011953115904849893,0.03736963868141174
loco_decay,capacity_matched_deepsets,46,1260,0.008654246815537985,0.011302093892462456,0.03819555044174194
loco_decay,capacity_matched_deepsets,46,1320,0.009979287343742572,0.012755305981943584,0.040198177099227905
loco_decay,capacity_matched_deepsets,46,1380,0.009846015841560026,0.012631427758015644,0.03916090726852417
loco_decay,capacity_matched_deepsets,46,1440,0.010421368664344855,0.013215841898710756,0.037820011377334595
loco_decay,capacity_matched_deepsets,46,1500,0.010174902666986516,0.01314455398803589,0.039603203535079956
loco_decay,capacity_matched_deepsets,46,1560,0.010417234844866051,0.013213743657981203,0.04156261682510376
loco_decay,capacity_matched_deepsets,46,1620,0.01028798902984214,0.013147483809472749,0.03859609365463257
loco_decay,capacity_matched_deepsets,46,1680,0.011024978836025812,0.013956804742899238,0.03578326106071472
loco_decay,capacity_matched_deepsets,46,1740,0.011083153233063959,0.014246799150699827,0.03459402918815613
loco_decay,capacity_matched_deepsets,46,1800,0.011002428763735611,0.014637444726358141,0.033214882016181946
loco_decay,capacity_matched_deepsets,46,1860,0.011300870802550189,0.01473059276446453,0.03652063012123108
loco_decay,capacity_matched_deepsets,46,1920,0.010990234207263035,0.014785396731264496,0.040986910462379456
loco_decay,capacity_matched_deepsets,46,1980,0.012258357706323135,0.015486818727388389,0.03848011791706085
loco_decay,capacity_matched_deepsets,46,2040,0.011986077886767092,0.015434924040992075,0.037284597754478455
loco_decay,capacity_matched_deepsets,46,2100,0.01177492078426665,0.015553025855954368,0.03674420714378357
loco_decay,capacity_matched_deepsets,46,2160,0.012323768661085484,0.016177761079638323,0.03716224431991577
loco_decay,capacity_matched_deepsets,46,2220,0.012469521797863783,0.01619988043487754,0.03684362769126892
loco_decay,capacity_matched_deepsets,46,2280,0.012331467286675377,0.016196256944641683,0.04030013084411621
loco_decay,capacity_matched_deepsets,46,2340,0.012333035996529908,0.016228999248597907,0.04677993059158325
loco_decay,capacity_matched_deepsets,46,2400,0.012603052949483416,0.016700783054442305,0.055605679750442505
loco_decay,capacity_matched_deepsets,46,2460,0.012988650033959246,0.017513567998087017,0.06456664204597473
loco_decay,capacity_matched_deepsets,46,2520,0.013317523672517421,0.018122726441781915,0.07295301556587219
loco_decay,capacity_matched_deepsets,46,2580,0.014402920561554157,0.01927745483415864,0.08063694834709167
loco_decay,capacity_matched_deepsets,46,2640,0.015849443004194615,0.020855870665657635,0.08784487843513489
loco_decay,capacity_matched_deepsets,46,2700,0.017026496408259973,0.022360519718776336,0.09455755352973938
loco_decay,capacity_matched_deepsets,46,2760,0.0181004299526721,0.023919958623449214,0.10072740912437439
loco_decay,capacity_matched_deepsets,46,2820,0.019421690992549458,0.02560820768486818,0.10571607947349548
loco_decay,capacity_matched_deepsets,46,2880,0.0210267090428192,0.027378955411850238,0.11026188731193542
loco_decay,capacity_matched_deepsets,46,2940,0.02254185528881782,0.02898060400055098,0.11431989073753357
loco_decay,capacity_matched_deepsets,46,3000,0.023996384402291966,0.030617851812503656,0.11761501431465149
loco_decay,capacity_matched_deepsets,46,3060,0.025423842523477774,0.032219574170558506,0.12054088711738586
loco_decay,capacity_matched_deepsets,46,3120,0.02680821420080894,0.03378600858585832,0.12312033772468567
loco_decay,capacity_matched_deepsets,46,3180,0.02817427419719443,0.035235863629075125,0.12532392144203186
loco_decay,capacity_matched_deepsets,46,3240,0.029301249479825518,0.03661492667007732,0.12720462679862976
loco_decay,capacity_matched_deepsets,46,3300,0.030508608153436038,0.03808812115275541,0.12880071997642517
loco_decay,capacity_matched_deepsets,46,3360,0.03157159514659274,0.03950466456496328,0.13013377785682678
loco_decay,capacity_matched_deepsets,46,3420,0.03256007244365405,0.04083192871950921,0.13115307688713074
loco_decay,capacity_matched_deepsets,46,3480,0.03368039396220604,0.04220661229956789,0.13191953301429749
loco_decay,capacity_matched_deepsets,46,3540,0.034655736676887074,0.04352527694991314,0.13226529955863953
loco_decay,capacity_matched_deepsets,46,3600,0.0357253709725574,0.044847368223738956,0.13227972388267517
loco_decay,gnn,42,0,0.0022271032881947747,0.002237510525960457,0.0
loco_decay,gnn,42,60,0.010655676896593212,0.013061295152820541,0.02882760763168335
loco_decay,gnn,42,120,0.006186503752142982,0.007760614907330228,0.020458519458770752
loco_decay,gnn,42,180,0.02624856265245286,0.03334861502791227,0.060273587703704834
loco_decay,gnn,42,240,0.012835748427737076,0.016107914993243072,0.04259449243545532
loco_decay,gnn,42,300,0.012572752163473484,0.016207047668205448,0.03899198770523071
loco_decay,gnn,42,360,0.012563247068793373,0.01643114790116399,0.03791451454162598
loco_decay,gnn,42,420,0.011299254619969732,0.014736402487285949,0.03445929288864136
loco_decay,gnn,42,480,0.011285370957534926,0.01390381419703624,0.032562851905822754
loco_decay,gnn,42,540,0.00882255609056591,0.011483016411745128,0.03690212965011597
loco_decay,gnn,42,600,0.008884014809026128,0.01160493839028255,0.04428023099899292
loco_decay,gnn,42,660,0.008728475697272647,0.011378673032006225,0.04117393493652344
loco_decay,gnn,42,720,0.009234554999697525,0.011220194384081426,0.03871798515319824
loco_decay,gnn,42,780,0.010024886215682578,0.012436432315589385,0.041940510272979736
loco_decay,gnn,42,840,0.010061361093436721,0.012893377063071648,0.04568910598754883
loco_decay,gnn,42,900,0.01071724849464619,0.013031545757493143,0.03755733370780945
loco_decay,gnn,42,960,0.00837013389156983,0.011459511999689543,0.03182131052017212
loco_decay,gnn,42,1020,0.00814619475761346,0.01033117214116046,0.031295180320739746
loco_decay,gnn,42,1080,0.008602386554785534,0.01087584190678826,0.03145509958267212
loco_decay,gnn,42,1140,0.008705805097006063,0.010705808640172,0.03582429885864258
loco_decay,gnn,42,1200,0.00927744818999704,0.011363594841969782,0.04373621940612793
loco_decay,gnn,42,1260,0.00834714337787797,0.010647320834488808,0.04193487763404846
loco_decay,gnn,42,1320,0.008994897118711893,0.011374359906637209,0.040222764015197754
loco_decay,gnn,42,1380,0.00902411790020698,0.011447324272264196,0.03663140535354614
loco_decay,gnn,42,1440,0.009209667159392771,0.012001714451761061,0.033584535121917725
loco_decay,gnn,42,1500,0.009372267839127937,0.012131155492624088,0.03393423557281494
loco_decay,gnn,42,1560,0.009770414206833966,0.012127313035982823,0.038038283586502075
loco_decay,gnn,42,1620,0.00966773439297634,0.012228410213377105,0.04358482360839844
loco_decay,gnn,42,1680,0.010763160686577317,0.013507618032487739,0.04887491464614868
loco_decay,gnn,42,1740,0.011174925660665056,0.014234522914520684,0.05135431885719299
loco_decay,gnn,42,1800,0.01145299214177427,0.014787561271944237,0.051624178886413574
loco_decay,gnn,42,1860,0.010932920780857053,0.014598088243414976,0.05103960633277893
loco_decay,gnn,42,1920,0.01135682057490391,0.014965557683979667,0.05110219120979309
loco_decay,gnn,42,1980,0.011367907830044231,0.014961478313263792,0.05197286605834961
loco_decay,gnn,42,2040,0.011140179449478082,0.014474124547333935,0.053695082664489746
loco_decay,gnn,42,2100,0.011053036271998313,0.014494981677262302,0.055985212326049805
loco_decay,gnn,42,2160,0.011685536102911013,0.015240962283276,0.05862906575202942
loco_decay,gnn,42,2220,0.011559764236475515,0.015273676247888498,0.06147801876068115
loco_decay,gnn,42,2280,0.011377038153926882,0.015372271908560275,0.06317102909088135
loco_decay,gnn,42,2340,0.011388095079270084,0.01569264113753377,0.0649004578590393
loco_decay,gnn,42,2400,0.011631297326720922,0.015915969426722423,0.06657543778419495
loco_decay,gnn,42,2460,0.012088577436134878,0.01631181555706367,0.06822875142097473
loco_decay,gnn,42,2520,0.01228514524687708,0.016570443023448043,0.06814178824424744
loco_decay,gnn,42,2580,0.0129469187386268,0.017154443315367546,0.06772205233573914
loco_decay,gnn,42,2640,0.014044990449880076,0.018087628455754994,0.06705185770988464
loco_decay,gnn,42,2700,0.014284741364221656,0.018318454874835986,0.06620174646377563
loco_decay,gnn,42,2760,0.014504675778140009,0.018577971708897772,0.06523144245147705
loco_decay,gnn,42,2820,0.014639037438726004,0.018861402012255946,0.06447577476501465
loco_decay,gnn,42,2880,0.01495437884488992,0.0192498593354325,0.06389668583869934
loco_decay,gnn,42,2940,0.01532321080433584,0.019517118671642478,0.06356295943260193
loco_decay,gnn,42,3000,0.015714350988907097,0.019863185566712876,0.06333097815513611
loco_decay,gnn,42,3060,0.016062101233849484,0.02019798492529582,0.06319853663444519
loco_decay,gnn,42,3120,0.01643847944462194,0.020541858404820496,0.06316304206848145
loco_decay,gnn,42,3180,0.016721350099660654,0.020772675553970586,0.06322377920150757
loco_decay,gnn,42,3240,0.016975090896661302,0.021084286229881892,0.06338098645210266
loco_decay,gnn,42,3300,0.017325497372488004,0.02151921176097073,0.06363597512245178
loco_decay,gnn,42,3360,0.017819105392008757,0.022024779001995794,0.06399038434028625
loco_decay,gnn,42,3420,0.01821935255970575,0.022510171026650858,0.06444612145423889
loco_decay,gnn,42,3480,0.018666429725368465,0.02308346833487311,0.06500503420829773
loco_decay,gnn,42,3540,0.019178656284260538,0.023684170621822424,0.06566855311393738
loco_decay,gnn,42,3600,0.01969706563822991,0.024279461624616673,0.066409170627594
loco_decay,gnn,43,0,0.002021581725736635,0.002027012118137738,0.0
loco_decay,gnn,43,60,0.010127484798431396,0.014016221072265637,0.03116738796234131
loco_decay,gnn,43,120,0.006692895319609516,0.008615592720829493,0.02165067195892334
loco_decay,gnn,43,180,0.028772686435058054,0.03654745395290427,0.06305187940597534
loco_decay,gnn,43,240,0.014914319578525239,0.01895912195128674,0.04691672325134277
loco_decay,gnn,43,300,0.014476107812560765,0.01841826534636966,0.04155278205871582
loco_decay,gnn,43,360,0.014058616309039361,0.018051103227249832,0.04358792304992676
loco_decay,gnn,43,420,0.011913450418320377,0.015721279263196258,0.041139066219329834
loco_decay,gnn,43,480,0.011536668359705833,0.014348571194694572,0.03125721216201782
loco_decay,gnn,43,540,0.009816611762595387,0.012357592063153015,0.031339943408966064
loco_decay,gnn,43,600,0.008764146703534422,0.01167620165703199,0.03950297832489014
loco_decay,gnn,43,660,0.008645371525688509,0.011160465958738245,0.03401857614517212
loco_decay,gnn,43,720,0.008797112291893073,0.010951200497277984,0.032209038734436035
loco_decay,gnn,43,780,0.011015525433869489,0.013283165684821277,0.03741401433944702
loco_decay,gnn,43,840,0.010695949064946808,0.013339580530051017,0.04330170154571533
loco_decay,gnn,43,900,0.01098262525237767,0.013410388989988234,0.034635335206985474
loco_decay,gnn,43,960,0.009338307697161109,0.011837422989432984,0.036854177713394165
loco_decay,gnn,43,1020,0.00916246529174062,0.011053367859022398,0.026750385761260986
loco_decay,gnn,43,1080,0.00932062410675319,0.011995436196023612,0.04489833116531372
loco_decay,gnn,43,1140,0.009706737457123478,0.011935002894083713,0.03481993079185486
loco_decay,gnn,43,1200,0.010047370353631215,0.012252282751016688,0.032631248235702515
loco_decay,gnn,43,1260,0.009542618968845468,0.011741376173633798,0.03003329038619995
loco_decay,gnn,43,1320,0.01021094633414682,0.012859417757710555,0.02919900417327881
loco_decay,gnn,43,1380,0.010749978301799403,0.013056225580174583,0.037725478410720825
loco_decay,gnn,43,1440,0.011377010725240791,0.014191347134495847,0.052140116691589355
loco_decay,gnn,43,1500,0.011390353989812125,0.014425012563165467,0.059398651123046875
loco_decay,gnn,43,1560,0.011172986927285659,0.014272767262778726,0.06341102719306946
loco_decay,gnn,43,1620,0.010551216591775945,0.014383427482705408,0.07031020522117615
loco_decay,gnn,43,1680,0.01104832381273793,0.015383899497575775,0.0795954167842865
loco_decay,gnn,43,1740,0.01113005945112853,0.015826235043665753,0.08642378449440002
loco_decay,gnn,43,1800,0.011468543415575955,0.016427130513239494,0.09381517767906189
loco_decay,gnn,43,1860,0.011944845450662933,0.017139003689639037,0.10000845789909363
loco_decay,gnn,43,1920,0.013017387384861972,0.018531464208848387,0.10516968369483948
loco_decay,gnn,43,1980,0.014647889981227638,0.020334991613723607,0.10961762070655823
loco_decay,gnn,43,2040,0.014958088904355479,0.021112498066933553,0.11431071162223816
loco_decay,gnn,43,2100,0.015077770943135288,0.021817244506971176,0.11840477585792542
loco_decay,gnn,43,2160,0.01577135749095309,0.022958671395098575,0.1216680109500885
loco_decay,gnn,43,2220,0.016124662176697654,0.023781073144789652,0.12414112687110901
loco_decay,gnn,43,2280,0.01662811135823748,0.024698702359027123,0.12601956725120544
loco_decay,gnn,43,2340,0.017056400797008413,0.02550809797982234,0.1274522840976715
loco_decay,gnn,43,2400,0.01720048711363193,0.02608699089200576,0.12951156497001648
loco_decay,gnn,43,2460,0.0180175928151713,0.026896354916409987,0.1313958466053009
loco_decay,gnn,43,2520,0.01843058403614348,0.027529940432524866,0.13305947184562683
loco_decay,gnn,43,2580,0.01940493694448893,0.02866506549634127,0.1346554458141327
loco_decay,gnn,43,2640,0.020945110415990374,0.029968196249984244,0.13617369532585144
loco_decay,gnn,43,2700,0.02208534911670516,0.031061775047962516,0.13760879635810852
loco_decay,gnn,43,2760,0.02344863551907835,0.0321180777547692,0.1389589011669159
loco_decay,gnn,43,2820,0.024585665788798207,0.03314585345387042,0.14022615551948547
loco_decay,gnn,43,2880,0.02556913979021849,0.03410529994064793,0.14141669869422913
loco_decay,gnn,43,2940,0.026580580304154253,0.03497323933663482,0.1425401270389557
loco_decay,gnn,43,3000,0.027406852989070182,0.03582834023314296,0.14360961318016052
loco_decay,gnn,43,3060,0.028095389361930106,0.03656215185695744,0.1446409523487091
loco_decay,gnn,43,3120,0.02866013321728833,0.037228684180315795,0.14565184712409973
loco_decay,gnn,43,3180,0.029243228643868878,0.037802146022147744,0.1466609537601471
loco_decay,gnn,43,3240,0.029680924209873234,0.03837847274355958,0.14768818020820618
loco_decay,gnn,43,3300,0.030339043290741677,0.03912348374422549,0.14875271916389465
loco_decay,gnn,43,3360,0.030941122467011476,0.03983583871728418,0.14987382292747498
loco_decay,gnn,43,3420,0.03152788654629108,0.04050400874095221,0.1510695517063141
loco_decay,gnn,43,3480,0.03224242623664637,0.04130788761327677,0.15235719084739685
loco_decay,gnn,43,3540,0.032807185322837495,0.042071439624287464,0.15375229716300964
loco_decay,gnn,43,3600,0.03349825660739325,0.04291603616671889,0.15526941418647766
loco_decay,gnn,44,0,0.0024070934911744786,0.0024296495418344574,0.0
loco_decay,gnn,44,60,0.010236376154739244,0.013683908544946739,0.03060215711593628
loco_decay,gnn,44,120,0.005309823867494026,0.006787516938057474,0.0216902494430542
loco_decay,gnn,44,180,0.026277272574669493,0.03433146602779258,0.05555427074432373
loco_decay,gnn,44,240,0.012170009908422959,0.015256353748173534,0.04279756546020508
loco_decay,gnn,44,300,0.012376611739133311,0.015596458759593809,0.03983163833618164
loco_decay,gnn,44,360,0.012678022405742544,0.016214882657862122,0.03832137584686279
loco_decay,gnn,44,420,0.011039506545109032,0.01407370326366665,0.03468286991119385
loco_decay,gnn,44,480,0.011080965531610809,0.01384541802277255,0.026157617568969727
loco_decay,gnn,44,540,0.009020307950213947,0.011841807030387912,0.0333704948425293
loco_decay,gnn,44,600,0.008518325544036595,0.011256186851084747,0.04188799858093262
loco_decay,gnn,44,660,0.008341540805006448,0.010803349504882829,0.03940236568450928
loco_decay,gnn,44,720,0.008608865526925146,0.01054673701993954,0.03571242094039917
loco_decay,gnn,44,780,0.010728733729472202,0.013111968895780377,0.03703796863555908
loco_decay,gnn,44,840,0.010572733077327761,0.01327513874939583,0.039046525955200195
loco_decay,gnn,44,900,0.011502605623903527,0.014025940917351723,0.03460100293159485
loco_decay,gnn,44,960,0.008928149147371275,0.011727024044631556,0.029887676239013672
loco_decay,gnn,44,1020,0.00859259873364879,0.010550425810077523,0.027119964361190796
loco_decay,gnn,44,1080,0.008846262387469807,0.011263304652690966,0.03098893165588379
loco_decay,gnn,44,1140,0.008672855332889388,0.01077258412119439,0.031886130571365356
loco_decay,gnn,44,1200,0.00868215708606011,0.010806380476341249,0.036823540925979614
loco_decay,gnn,44,1260,0.008806667232935408,0.010943012867381793,0.03327503800392151
loco_decay,gnn,44,1320,0.0096243786073364,0.012438428816163527,0.03176647424697876
loco_decay,gnn,44,1380,0.010244395616835197,0.012837190730194716,0.03045174479484558
loco_decay,gnn,44,1440,0.010768643522684553,0.013613189008278409,0.03095144033432007
loco_decay,gnn,44,1500,0.010966140875774147,0.013895353429454456,0.03398129343986511
loco_decay,gnn,44,1560,0.0112943556983914,0.014002008452131218,0.037420839071273804
loco_decay,gnn,44,1620,0.010055206254520247,0.013167493269625822,0.03500485420227051
loco_decay,gnn,44,1680,0.010107172801431301,0.013185469945282493,0.033139944076538086
loco_decay,gnn,44,1740,0.009556110981291374,0.012773194481679843,0.03352925181388855
loco_decay,gnn,44,1800,0.009964119544071434,0.01291866140630438,0.0337999165058136
loco_decay,gnn,44,1860,0.009609366544580038,0.012533661011500516,0.034081995487213135
loco_decay,gnn,44,1920,0.010377347601198517,0.01310580579358812,0.03578563034534454
loco_decay,gnn,44,1980,0.010815549081405708,0.013588088368687669,0.03358800709247589
loco_decay,gnn,44,2040,0.010793830045556601,0.013434975202074019,0.037400662899017334
loco_decay,gnn,44,2100,0.010499349869458021,0.013420336714876099,0.04109296202659607
loco_decay,gnn,44,2160,0.01067239520824061,0.013730764207725515,0.04396304488182068
loco_decay,gnn,44,2220,0.010987202150631795,0.013944139944648782,0.046365827322006226
loco_decay,gnn,44,2280,0.01088104561894341,0.014082828700006994,0.04849126935005188
loco_decay,gnn,44,2340,0.011210487347788515,0.014296897964411808,0.05045023560523987
loco_decay,gnn,44,2400,0.011495943090556997,0.01457977262603729,0.052242279052734375
loco_decay,gnn,44,2460,0.012065305382804533,0.01517676549107494,0.05395105481147766
loco_decay,gnn,44,2520,0.012125382117465534,0.015409520105069413,0.05573359131813049
loco_decay,gnn,44,2580,0.012777324535150444,0.016158490442725604,0.057314157485961914
loco_decay,gnn,44,2640,0.013726296678053595,0.01716126523023393,0.059020280838012695
loco_decay,gnn,44,2700,0.014305706045268912,0.017762928553858328,0.06124576926231384
loco_decay,gnn,44,2760,0.014893431447248542,0.01838534347085861,0.06385263800621033
loco_decay,gnn,44,2820,0.015461516855037319,0.01897188840651767,0.06440415978431702
loco_decay,gnn,44,2880,0.016180771510157965,0.019750226915372544,0.06538724899291992
loco_decay,gnn,44,2940,0.016914046707406507,0.020493545374857727,0.06596788763999939
loco_decay,gnn,44,3000,0.01771183417434186,0.021259205295115838,0.0675446093082428
loco_decay,gnn,44,3060,0.01844785586658832,0.022101036152420563,0.07210877537727356
loco_decay,gnn,44,3120,0.019086812120095817,0.022885524720701052,0.07670542597770691
loco_decay,gnn,44,3180,0.019518749376313878,0.02297802355272824,0.06620728969573975
loco_decay,gnn,44,3240,0.019667680812093007,0.02302251898277561,0.05545574426651001
loco_decay,gnn,44,3300,0.020010456508767288,0.023358522148219228,0.052517831325531006
loco_decay,gnn,44,3360,0.020217556209690804,0.023654236830177967,0.05436927080154419
loco_decay,gnn,44,3420,0.02022245236202679,0.02361532782014045,0.04315999150276184
loco_decay,gnn,44,3480,0.02021055365294482,0.023683978651964255,0.03614124655723572
loco_decay,gnn,44,3540,0.02007869367314651,0.023610411628842504,0.03693222999572754
loco_decay,gnn,44,3600,0.020100603127374057,0.02374972483296614,0.03804817795753479
loco_decay,gnn,45,0,0.002323956616156924,0.0023340421696631634,0.0
loco_decay,gnn,45,60,0.009910350352261973,0.014198109217841195,0.0316849946975708
loco_decay,gnn,45,120,0.007620067723029483,0.009547370202475085,0.027734577655792236
loco_decay,gnn,45,180,0.02707618474960327,0.0340937653053925,0.06224393844604492
loco_decay,gnn,45,240,0.011892896837892785,0.015276592562727358,0.04653811454772949
loco_decay,gnn,45,300,0.012268165571499715,0.015610485156734263,0.04346489906311035
loco_decay,gnn,45,360,0.01272996758992693,0.016296495645520152,0.043280601501464844
loco_decay,gnn,45,420,0.010744137046611415,0.013847449468470403,0.04000043869018555
loco_decay,gnn,45,480,0.009475078730456598,0.012077616185334983,0.03168332576751709
loco_decay,gnn,45,540,0.008953698968465349,0.011629999604886032,0.03853029012680054
loco_decay,gnn,45,600,0.009611928884961964,0.012471864474392748,0.04510498046875
loco_decay,gnn,45,660,0.008759606728511574,0.011535368814932825,0.04274916648864746
loco_decay,gnn,45,720,0.008649439938300479,0.01099541614642655,0.04039633274078369
loco_decay,gnn,45,780,0.010445976151829272,0.01306417159589136,0.04262685775756836
loco_decay,gnn,45,840,0.011011227042274137,0.013658370412399213,0.043357014656066895
loco_decay,gnn,45,900,0.011939935452115219,0.014153720504432959,0.03460240364074707
loco_decay,gnn,45,960,0.009508938652224245,0.012107966107163554,0.030910462141036987
loco_decay,gnn,45,1020,0.008608774537533786,0.010576439433875796,0.025327980518341064
loco_decay,gnn,45,1080,0.008713193435584549,0.011116109200957684,0.03395244479179382
loco_decay,gnn,45,1140,0.008544398883802701,0.010649401888271523,0.02891525626182556
loco_decay,gnn,45,1200,0.009266376231623961,0.010941068801272177,0.034102559089660645
loco_decay,gnn,45,1260,0.008179244214454583,0.010144276611803114,0.03358560800552368
loco_decay,gnn,45,1320,0.008645534779118226,0.011232176789277055,0.03355371952056885
loco_decay,gnn,45,1380,0.00885553433831814,0.01153708248111129,0.03256648778915405
loco_decay,gnn,45,1440,0.009369127518307846,0.012195807091205574,0.03633853793144226
loco_decay,gnn,45,1500,0.009867217424696526,0.012636265185106828,0.0384598970413208
loco_decay,gnn,45,1560,0.010484343872661084,0.012959614408638498,0.04588797688484192
loco_decay,gnn,45,1620,0.010527105458014835,0.013370209919336887,0.05542603135108948
loco_decay,gnn,45,1680,0.011385455068233795,0.014523680674009172,0.06491217017173767
loco_decay,gnn,45,1740,0.01165581435228871,0.01549241628070107,0.07326897978782654
loco_decay,gnn,45,1800,0.011759564939853364,0.016245737896492418,0.07978889346122742
loco_decay,gnn,45,1860,0.011813442791457724,0.016570190895642805,0.08510324358940125
loco_decay,gnn,45,1920,0.011982610136006785,0.016935590225866035,0.08874168992042542
loco_decay,gnn,45,1980,0.012116015353034028,0.017350084750143505,0.09319648146629333
loco_decay,gnn,45,2040,0.01218245857584793,0.017341452840051057,0.09690532088279724
loco_decay,gnn,45,2100,0.012451064402023248,0.017839496040952064,0.1000506579875946
loco_decay,gnn,45,2160,0.013160976688418768,0.018732200567721072,0.10315462946891785
loco_decay,gnn,45,2220,0.013264845298454824,0.019177723476953523,0.10629233717918396
loco_decay,gnn,45,2280,0.013494894567844086,0.01968468949884921,0.10943016409873962
loco_decay,gnn,45,2340,0.013883098564316741,0.02031813277589265,0.11262771487236023
loco_decay,gnn,45,2400,0.014273144502555374,0.020903607738842818,0.11589410901069641
loco_decay,gnn,45,2460,0.01482304943873819,0.021677186471205537,0.11919376254081726
loco_decay,gnn,45,2520,0.015169856822596186,0.022398294232186873,0.12246778607368469
loco_decay,gnn,45,2580,0.016247676537100193,0.023467619576884008,0.12565544247627258
loco_decay,gnn,45,2640,0.017952821950996872,0.025100245587390862,0.12871083617210388
loco_decay,gnn,45,2700,0.019190660356420332,0.026602726100475087,0.1316070854663849
loco_decay,gnn,45,2760,0.020576862502942043,0.028180717198048114,0.1343311369419098
loco_decay,gnn,45,2820,0.02217959704916034,0.02991310507615813,0.13687631487846375
loco_decay,gnn,45,2880,0.024183346766286192,0.03176205708084728,0.13923373818397522
loco_decay,gnn,45,2940,0.02621067394461252,0.03353512506365097,0.14138582348823547
loco_decay,gnn,45,3000,0.028162742940198004,0.03528552990498469,0.14330169558525085
loco_decay,gnn,45,3060,0.03002015824339031,0.036950531059549124,0.14493557810783386
loco_decay,gnn,45,3120,0.0315981187519774,0.03842017903261459,0.14611956477165222
loco_decay,gnn,45,3180,0.03303705202003496,0.039593821642017926,0.14684507250785828
loco_decay,gnn,45,3240,0.03421090523489809,0.04064124441141186,0.14701202511787415
loco_decay,gnn,45,3300,0.035420074003987605,0.041705550107934704,0.14519044756889343
loco_decay,gnn,45,3360,0.03646434467714445,0.04266542630904175,0.1422659456729889
loco_decay,gnn,45,3420,0.03741031562068821,0.04352122506009641,0.1384342610836029
loco_decay,gnn,45,3480,0.03841306216421381,0.044448697910571405,0.134173184633255
loco_decay,gnn,45,3540,0.03925554091687751,0.045341690731857835,0.1317368447780609
loco_decay,gnn,45,3600,0.04022991472640924,0.04636010187920321,0.13028326630592346
loco_decay,gnn,46,0,0.0025629359008991614,0.002571472019267197,0.0
loco_decay,gnn,46,60,0.01010034938829135,0.014090418187360289,0.031437575817108154
loco_decay,gnn,46,120,0.007827552546442082,0.010080489666483063,0.01819545030593872
loco_decay,gnn,46,180,0.026199329743343117,0.0351443959008918,0.05812668800354004
loco_decay,gnn,46,240,0.011801917468552041,0.015438868656529011,0.047618865966796875
loco_decay,gnn,46,300,0.011861527915549489,0.015347548784972617,0.044978201389312744
loco_decay,gnn,46,360,0.012158711399652262,0.015796499786448367,0.045791566371917725
loco_decay,gnn,46,420,0.011725488489708015,0.015006918717692852,0.04168516397476196
loco_decay,gnn,46,480,0.01161948031028815,0.014650796271341072,0.03320866823196411
loco_decay,gnn,46,540,0.010654058076639092,0.013372563110238569,0.030415713787078857
loco_decay,gnn,46,600,0.009568433318517904,0.012213441840359752,0.04043078422546387
loco_decay,gnn,46,660,0.009446663666615444,0.011879658517814251,0.033924877643585205
loco_decay,gnn,46,720,0.009775335809825796,0.011760456636633523,0.031445205211639404
loco_decay,gnn,46,780,0.011527380584615521,0.014099919410171871,0.03454059362411499
loco_decay,gnn,46,840,0.01098182085341057,0.013895424003542139,0.0365411639213562
loco_decay,gnn,46,900,0.011307020102981973,0.014030501022233301,0.027230799198150635
loco_decay,gnn,46,960,0.009943143720120456,0.012560088679873703,0.029878944158554077
loco_decay,gnn,46,1020,0.009359016355160064,0.011486017195744533,0.020719081163406372
loco_decay,gnn,46,1080,0.009068557646422259,0.011455503151553475,0.030877113342285156
loco_decay,gnn,46,1140,0.00914833424365626,0.011419231524383825,0.02271619439125061
loco_decay,gnn,46,1200,0.009204913029628517,0.011337048698245719,0.02299162745475769
loco_decay,gnn,46,1260,0.008640937045612166,0.011059136616386347,0.018807977437973022
loco_decay,gnn,46,1320,0.009536539031341013,0.012497477713833072,0.023155540227890015
loco_decay,gnn,46,1380,0.009690912160198245,0.012476550218581885,0.030695736408233643
loco_decay,gnn,46,1440,0.009917474689736831,0.012741278742736593,0.03514963388442993
loco_decay,gnn,46,1500,0.00959877261018331,0.012448325293015056,0.029530227184295654
loco_decay,gnn,46,1560,0.009406374091595676,0.012063574285753345,0.027247369289398193
loco_decay,gnn,46,1620,0.008915588919040375,0.0118414611099325,0.03545144200325012
loco_decay,gnn,46,1680,0.009611478685277753,0.012807390724746077,0.044721513986587524
loco_decay,gnn,46,1740,0.010084789674893945,0.013523540083505283,0.0516490638256073
loco_decay,gnn,46,1800,0.01023181402577763,0.014099507281520835,0.04920247197151184
loco_decay,gnn,46,1860,0.010687341468524089,0.014548628716304147,0.0531383752822876
loco_decay,gnn,46,1920,0.010904266770962066,0.015417827097936605,0.05919367074966431
loco_decay,gnn,46,1980,0.012231023438208926,0.01708200304777961,0.06557998061180115
loco_decay,gnn,46,2040,0.012835440514361965,0.01791506988270995,0.07116851210594177
loco_decay,gnn,46,2100,0.013564845893235334,0.01891794766168241,0.0760330855846405
loco_decay,gnn,46,2160,0.015103272236553968,0.02016155475280239,0.08071848750114441
loco_decay,gnn,46,2220,0.01532961098493728,0.02055986916382793,0.0854775607585907
loco_decay,gnn,46,2280,0.015053311544182026,0.02077989095525058,0.08972945809364319
loco_decay,gnn,46,2340,0.015119519117659172,0.021201494032401774,0.0934649407863617
loco_decay,gnn,46,2400,0.01573941612665632,0.02196308570466896,0.09631374478340149
loco_decay,gnn,46,2460,0.016593777104816604,0.022892412845374698,0.09794697165489197
loco_decay,gnn,46,2520,0.017244873453030544,0.02363300662699909,0.09890148043632507
loco_decay,gnn,46,2580,0.018547615909998396,0.024778948661599826,0.09936776757240295
loco_decay,gnn,46,2640,0.02017216628367922,0.026141493170331792,0.09955146908760071
loco_decay,gnn,46,2700,0.021500737332137285,0.02749907911539449,0.09966787695884705
loco_decay,gnn,46,2760,0.022709412055205457,0.02877345692791929,0.09949812293052673
loco_decay,gnn,46,2820,0.024113159132214772,0.03002150442769123,0.09908708930015564
loco_decay,gnn,46,2880,0.025728882216246782,0.03130419719559332,0.09848591685295105
loco_decay,gnn,46,2940,0.027103285544213995,0.0322808314313679,0.09775945544242859
loco_decay,gnn,46,3000,0.028107372598837964,0.033052053626923796,0.09932148456573486
loco_decay,gnn,46,3060,0.028858549826968033,0.033791875387629865,0.1015438437461853
loco_decay,gnn,46,3120,0.02949244720218456,0.03459149491232858,0.1045721173286438
loco_decay,gnn,46,3180,0.029897323620002882,0.035225224806507284,0.10811835527420044
loco_decay,gnn,46,3240,0.02996894440292257,0.035804404654768904,0.11164778470993042
loco_decay,gnn,46,3300,0.03006587269823108,0.03646419655985807,0.11501747369766235
loco_decay,gnn,46,3360,0.030044027200314852,0.03711493233138686,0.11820995807647705
loco_decay,gnn,46,3420,0.029895139940544567,0.03775899336088339,0.12133252620697021
loco_decay,gnn,46,3480,0.02973797930552896,0.03842648766076042,0.12428170442581177
loco_decay,gnn,46,3540,0.029548564909306248,0.03908587141132903,0.126991868019104
loco_decay,gnn,46,3600,0.029427155720449127,0.039760099278976765,0.12948834896087646
loco_decay,gnn_zero_edge_features,42,0,0.003053308588213625,0.0030572128385374423,0.0
loco_decay,gnn_zero_edge_features,42,60,0.01057891666361716,0.01369728560839628,0.030067861080169678
loco_decay,gnn_zero_edge_features,42,120,0.005767069031706954,0.007226252409963964,0.019274115562438965
loco_decay,gnn_zero_edge_features,42,180,0.026404554865001578,0.03443209878117627,0.06473785638809204
loco_decay,gnn_zero_edge_features,42,240,0.012416833797387318,0.01613383141751836,0.04727107286453247
loco_decay,gnn_zero_edge_features,42,300,0.013100278588522852,0.017074072542668944,0.04192918539047241
loco_decay,gnn_zero_edge_features,42,360,0.01307445975531519,0.01702840783200004,0.041319847106933594
loco_decay,gnn_zero_edge_features,42,420,0.012126233725421197,0.0155399039541038,0.038425445556640625
loco_decay,gnn_zero_edge_features,42,480,0.012385863118467079,0.015544399985228581,0.0298498272895813
loco_decay,gnn_zero_edge_features,42,540,0.00986681628016244,0.012634183390292252,0.03939157724380493
loco_decay,gnn_zero_edge_features,42,600,0.009416381869695883,0.012548031196695938,0.04837369918823242
loco_decay,gnn_zero_edge_features,42,660,0.009343768115592213,0.012428416654323569,0.04747956991195679
loco_decay,gnn_zero_edge_features,42,720,0.009589536527616788,0.012050933738474597,0.04693657159805298
loco_decay,gnn_zero_edge_features,42,780,0.011417174233799487,0.014240373747968348,0.05034947395324707
loco_decay,gnn_zero_edge_features,42,840,0.010999000177974195,0.014227052216576256,0.05310487747192383
loco_decay,gnn_zero_edge_features,42,900,0.012294684363677439,0.014820112550354035,0.04098352789878845
loco_decay,gnn_zero_edge_features,42,960,0.0106530073469719,0.013327075723668187,0.027022063732147217
loco_decay,gnn_zero_edge_features,42,1020,0.009918758826973163,0.011980092224998306,0.02595946192741394
loco_decay,gnn_zero_edge_features,42,1080,0.00947528101701652,0.012255480419444305,0.03409495949745178
loco_decay,gnn_zero_edge_features,42,1140,0.009144854229108422,0.011191926281342083,0.03598445653915405
loco_decay,gnn_zero_edge_features,42,1200,0.009129781111151772,0.011276521000630372,0.03974077105522156
loco_decay,gnn_zero_edge_features,42,1260,0.008521601689600311,0.01099297958919178,0.03785046935081482
loco_decay,gnn_zero_edge_features,42,1320,0.009690958050499975,0.012690876191695663,0.03733357787132263
loco_decay,gnn_zero_edge_features,42,1380,0.010078333120430466,0.01330824789614804,0.04218927025794983
loco_decay,gnn_zero_edge_features,42,1440,0.010654443660668568,0.013854112883810865,0.036395519971847534
loco_decay,gnn_zero_edge_features,42,1500,0.010693899561873579,0.01398933880822864,0.03794136643409729
loco_decay,gnn_zero_edge_features,42,1560,0.010905052708313528,0.013967525880729498,0.04074320197105408
loco_decay,gnn_zero_edge_features,42,1620,0.010520533386584931,0.013770973244714648,0.044294923543930054
loco_decay,gnn_zero_edge_features,42,1680,0.011008219908824009,0.014358427711614583,0.047236114740371704
loco_decay,gnn_zero_edge_features,42,1740,0.010834235533148842,0.014289496210165079,0.047821223735809326
loco_decay,gnn_zero_edge_features,42,1800,0.010997031378535043,0.014235644202228457,0.04591056704521179
loco_decay,gnn_zero_edge_features,42,1860,0.010646510045085333,0.014000845023309021,0.04593285918235779
loco_decay,gnn_zero_edge_features,42,1920,0.010341834178013085,0.01422721290687709,0.05180826783180237
loco_decay,gnn_zero_edge_features,42,1980,0.010987683998799957,0.01471015843406191,0.05685994029045105
loco_decay,gnn_zero_edge_features,42,2040,0.01052273321995693,0.014577154506573889,0.06370770931243896
loco_decay,gnn_zero_edge_features,42,2100,0.010613669204500924,0.014927547333642367,0.07008436322212219
loco_decay,gnn_zero_edge_features,42,2160,0.011526588317567268,0.015914759690660866,0.07577130198478699
loco_decay,gnn_zero_edge_features,42,2220,0.011045269602167923,0.015576967841177151,0.0811663568019867
loco_decay,gnn_zero_edge_features,42,2280,0.01067841844221132,0.015565507331593025,0.08593860268592834
loco_decay,gnn_zero_edge_features,42,2340,0.010934357885765819,0.016033780356976418,0.09002909064292908
loco_decay,gnn_zero_edge_features,42,2400,0.0112566437605208,0.016853621627449637,0.09421095252037048
loco_decay,gnn_zero_edge_features,42,2460,0.011938363313674927,0.017984028312906367,0.09809437394142151
loco_decay,gnn_zero_edge_features,42,2520,0.012441794692942527,0.01887756006758288,0.10068729519844055
loco_decay,gnn_zero_edge_features,42,2580,0.0130780119020327,0.01980029492103454,0.10336962342262268
loco_decay,gnn_zero_edge_features,42,2640,0.013927575893106713,0.020749474696493166,0.10631737112998962
loco_decay,gnn_zero_edge_features,42,2700,0.014178492392586397,0.02121013190349285,0.10920462012290955
loco_decay,gnn_zero_edge_features,42,2760,0.014201384070700249,0.021644169126797536,0.1118757426738739
loco_decay,gnn_zero_edge_features,42,2820,0.014626454924587655,0.022168233317693662,0.11440739035606384
loco_decay,gnn_zero_edge_features,42,2880,0.01532367452056007,0.022878077171318702,0.11712571978569031
loco_decay,gnn_zero_edge_features,42,2940,0.015889084114965084,0.023618438483109107,0.11985328793525696
loco_decay,gnn_zero_edge_features,42,3000,0.01639558401255481,0.024408703005351536,0.12241587042808533
loco_decay,gnn_zero_edge_features,42,3060,0.017001728304719504,0.02521282264766969,0.12469813227653503
loco_decay,gnn_zero_edge_features,42,3120,0.01766026494777308,0.026081060876454232,0.12674865126609802
loco_decay,gnn_zero_edge_features,42,3180,0.0182780651787741,0.02680176557712286,0.12850651144981384
loco_decay,gnn_zero_edge_features,42,3240,0.018693108803930537,0.027586414564511007,0.12988802790641785
loco_decay,gnn_zero_edge_features,42,3300,0.0194861052838047,0.028455404435658267,0.13102158904075623
loco_decay,gnn_zero_edge_features,42,3360,0.020256218722963754,0.02932176511809355,0.13191232085227966
loco_decay,gnn_zero_edge_features,42,3420,0.020904737038422473,0.030106608050301242,0.13256970047950745
loco_decay,gnn_zero_edge_features,42,3480,0.021421648759757522,0.030834254869258594,0.1327345073223114
loco_decay,gnn_zero_edge_features,42,3540,0.021745280222555178,0.031445412822507735,0.13264349102973938
loco_decay,gnn_zero_edge_features,42,3600,0.02206021046216509,0.031996572998298604,0.13241419196128845
loco_decay,gnn_zero_edge_features,43,0,0.00215431704985357,0.0021582184260430562,0.0
loco_decay,gnn_zero_edge_features,43,60,0.01019760781684808,0.014252016956670584,0.03144264221191406
loco_decay,gnn_zero_edge_features,43,120,0.006650667274947715,0.00855251115997739,0.020181000232696533
loco_decay,gnn_zero_edge_features,43,180,0.02623720401156265,0.03376056364826817,0.07303065061569214
loco_decay,gnn_zero_edge_features,43,240,0.01268843686686153,0.016573025467137487,0.0567241907119751
loco_decay,gnn_zero_edge_features,43,300,0.013040343217090168,0.01687526227549337,0.05101233720779419
loco_decay,gnn_zero_edge_features,43,360,0.013681175961958624,0.017814688548057456,0.05007731914520264
loco_decay,gnn_zero_edge_features,43,420,0.011751341081298558,0.015287265067875623,0.046920061111450195
loco_decay,gnn_zero_edge_features,43,480,0.011366396351198179,0.014988661636829338,0.03604400157928467
loco_decay,gnn_zero_edge_features,43,540,0.009971715180219802,0.012935130301003635,0.044015467166900635
loco_decay,gnn_zero_edge_features,43,600,0.009154699544991013,0.012541367260757297,0.052011966705322266
loco_decay,gnn_zero_edge_features,43,660,0.009602785110473633,0.012533732890688681,0.050448060035705566
loco_decay,gnn_zero_edge_features,43,720,0.009915007954150174,0.012543434411024791,0.04868209362030029
loco_decay,gnn_zero_edge_features,43,780,0.011885156146192972,0.014621459933178598,0.05176752805709839
loco_decay,gnn_zero_edge_features,43,840,0.011229814153856935,0.014711725785588593,0.053279101848602295
loco_decay,gnn_zero_edge_features,43,900,0.011997552308361087,0.014825251034277993,0.04319283366203308
loco_decay,gnn_zero_edge_features,43,960,0.010235080676796161,0.013145018209098358,0.03522956371307373
loco_decay,gnn_zero_edge_features,43,1020,0.009413992409157542,0.011509496101671124,0.03245297074317932
loco_decay,gnn_zero_edge_features,43,1080,0.009745604696526992,0.012149807635051654,0.03492501378059387
loco_decay,gnn_zero_edge_features,43,1140,0.009484823562402642,0.011725976402381438,0.034282684326171875
loco_decay,gnn_zero_edge_features,43,1200,0.009213515351303912,0.01166029334680107,0.0399726927280426
loco_decay,gnn_zero_edge_features,43,1260,0.008770673675874693,0.011217862326529228,0.04055556654930115
loco_decay,gnn_zero_edge_features,43,1320,0.009481841484002308,0.012389985536889858,0.043400853872299194
loco_decay,gnn_zero_edge_features,43,1380,0.010342303366787665,0.013184658911894416,0.042536526918411255
loco_decay,gnn_zero_edge_features,43,1440,0.011334642899774872,0.014320358141428798,0.04904851317405701
loco_decay,gnn_zero_edge_features,43,1500,0.011224698440163536,0.014885577001012049,0.060592323541641235
loco_decay,gnn_zero_edge_features,43,1560,0.01127649566768545,0.01494014515212298,0.06470870971679688
loco_decay,gnn_zero_edge_features,43,1620,0.011330422838177302,0.015033500135420246,0.06461083889007568
loco_decay,gnn_zero_edge_features,43,1680,0.012189724012813737,0.01577139521850661,0.06333568692207336
loco_decay,gnn_zero_edge_features,43,1740,0.011830051124623391,0.015827523047426552,0.06326478719711304
loco_decay,gnn_zero_edge_features,43,1800,0.01189464422981296,0.01619811239158326,0.06577762961387634
loco_decay,gnn_zero_edge_features,43,1860,0.012142534013343068,0.016552110099900243,0.0692237913608551
loco_decay,gnn_zero_edge_features,43,1920,0.01228473302537361,0.01713060234623402,0.0731569230556488
loco_decay,gnn_zero_edge_features,43,1980,0.01314558906365285,0.017816673994168256,0.07713738083839417
loco_decay,gnn_zero_edge_features,43,2040,0.013459408441476063,0.018106656295430665,0.08133837580680847
loco_decay,gnn_zero_edge_features,43,2100,0.013738772246689923,0.01850346329673887,0.08539202809333801
loco_decay,gnn_zero_edge_features,43,2160,0.014982079246402841,0.019496713165322355,0.08932837843894958
loco_decay,gnn_zero_edge_features,43,2220,0.014749005436897278,0.01954753092217731,0.09244552254676819
loco_decay,gnn_zero_edge_features,43,2280,0.014590051717462792,0.019685361159658778,0.09493908286094666
loco_decay,gnn_zero_edge_features,43,2340,0.014320831778830131,0.019761086302312054,0.09694710373878479
loco_decay,gnn_zero_edge_features,43,2400,0.014243192509212325,0.019866621667540746,0.09858211874961853
loco_decay,gnn_zero_edge_features,43,2460,0.014097389789809168,0.020147596917815775,0.09993770718574524
loco_decay,gnn_zero_edge_features,43,2520,0.01414301463987975,0.020299195351126984,0.10202613472938538
loco_decay,gnn_zero_edge_features,43,2580,0.014720546988259375,0.02085475762122108,0.10402664542198181
loco_decay,gnn_zero_edge_features,43,2640,0.01582728359287819,0.021660262614177826,0.10587766766548157
loco_decay,gnn_zero_edge_features,43,2700,0.016698773521765145,0.022377712086106425,0.10762742161750793
loco_decay,gnn_zero_edge_features,43,2760,0.01756474481219739,0.02322622380639998,0.10929784178733826
loco_decay,gnn_zero_edge_features,43,2820,0.018411345120552366,0.024093928646412088,0.11091300845146179
loco_decay,gnn_zero_edge_features,43,2880,0.019328248514010844,0.024946116837591407,0.11252596974372864
loco_decay,gnn_zero_edge_features,43,2940,0.0201645972190705,0.02557495386369985,0.11415860056877136
loco_decay,gnn_zero_edge_features,43,3000,0.021011440495474147,0.026144179469774036,0.11582955718040466
loco_decay,gnn_zero_edge_features,43,3060,0.02159338859857711,0.02659546847413736,0.11755475401878357
loco_decay,gnn_zero_edge_features,43,3120,0.021944405362669346,0.02695492538660108,0.11934801936149597
loco_decay,gnn_zero_edge_features,43,3180,0.022158336652591166,0.027121103426256676,0.12122157216072083
loco_decay,gnn_zero_edge_features,43,3240,0.022090364478330696,0.027207677142197427,0.12318620085716248
loco_decay,gnn_zero_edge_features,43,3300,0.022093660074525175,0.02742540831252199,0.12525179982185364
loco_decay,gnn_zero_edge_features,43,3360,0.022013436376521017,0.02762322133627796,0.12742677330970764
loco_decay,gnn_zero_edge_features,43,3420,0.021860027998949573,0.027750985428455558,0.12971904873847961
loco_decay,gnn_zero_edge_features,43,3480,0.021836925594680076,0.02799385695940227,0.1321357786655426
loco_decay,gnn_zero_edge_features,43,3540,0.021747085900433297,0.02825621423970585,0.13468316197395325
loco_decay,gnn_zero_edge_features,43,3600,0.021864274500218113,0.028610337472099755,0.13736698031425476
loco_decay,gnn_zero_edge_features,44,0,0.001882946069261669,0.0018896890371161402,0.0
loco_decay,gnn_zero_edge_features,44,60,0.010173052285624816,0.013734332712094907,0.030877530574798584
loco_decay,gnn_zero_edge_features,44,120,0.005658286335194006,0.00717334118130757,0.01954585313796997
loco_decay,gnn_zero_edge_features,44,180,0.024390351983298243,0.030868815635843372,0.06193643808364868
loco_decay,gnn_zero_edge_features,44,240,0.012164391775046829,0.015511807501852179,0.04613608121871948
loco_decay,gnn_zero_edge_features,44,300,0.012115915264703531,0.01522158725771684,0.04337078332901001
loco_decay,gnn_zero_edge_features,44,360,0.012331089087292156,0.015410368032943348,0.043302178382873535
loco_decay,gnn_zero_edge_features,44,420,0.010306553503053378,0.013513317336550564,0.03857421875
loco_decay,gnn_zero_edge_features,44,480,0.010093421007679628,0.012906606108938299,0.03643310070037842
loco_decay,gnn_zero_edge_features,44,540,0.009005859362340607,0.011893396283623797,0.04472172260284424
loco_decay,gnn_zero_edge_features,44,600,0.009929528806061872,0.012827937236565673,0.05311506986618042
loco_decay,gnn_zero_edge_features,44,660,0.009653465410249423,0.012600649502115927,0.051238417625427246
loco_decay,gnn_zero_edge_features,44,720,0.009068289161783405,0.011958450342279955,0.048643290996551514
loco_decay,gnn_zero_edge_features,44,780,0.011221576580959083,0.014018568105580307,0.05051690340042114
loco_decay,gnn_zero_edge_features,44,840,0.0116083901540368,0.014751129678318872,0.05116945505142212
loco_decay,gnn_zero_edge_features,44,900,0.01202570495352281,0.01488491207551159,0.04085835814476013
loco_decay,gnn_zero_edge_features,44,960,0.0095829338626524,0.012817412150757792,0.03141406178474426
loco_decay,gnn_zero_edge_features,44,1020,0.008953663363920904,0.011291120199967974,0.02591446042060852
loco_decay,gnn_zero_edge_features,44,1080,0.00869957324677864,0.011230364346252294,0.032943010330200195
loco_decay,gnn_zero_edge_features,44,1140,0.008677709419115455,0.01083966315464516,0.03256005048751831
loco_decay,gnn_zero_edge_features,44,1200,0.008666469460040066,0.010944468933165787,0.03718602657318115
loco_decay,gnn_zero_edge_features,44,1260,0.00874783718480473,0.010930950428027393,0.03615766763687134
loco_decay,gnn_zero_edge_features,44,1320,0.009494337360415838,0.012107380163242606,0.03596189618110657
loco_decay,gnn_zero_edge_features,44,1380,0.010232505281414606,0.012692045339527724,0.034493058919906616
loco_decay,gnn_zero_edge_features,44,1440,0.011243935179921378,0.013827401540528533,0.0357913076877594
loco_decay,gnn_zero_edge_features,44,1500,0.010840375866510172,0.013521981078347341,0.03364703059196472
loco_decay,gnn_zero_edge_features,44,1560,0.010977094416069774,0.013519788812068083,0.03610789775848389
loco_decay,gnn_zero_edge_features,44,1620,0.010195163762674922,0.013036125523679503,0.033860474824905396
loco_decay,gnn_zero_edge_features,44,1680,0.010351273602088996,0.013362611076559169,0.03206852078437805
loco_decay,gnn_zero_edge_features,44,1740,0.009847905783526666,0.013057143902136852,0.03612533211708069
loco_decay,gnn_zero_edge_features,44,1800,0.009857681209007195,0.013125433230858317,0.03529083728790283
loco_decay,gnn_zero_edge_features,44,1860,0.010059969878829686,0.01329522037252305,0.04186007380485535
loco_decay,gnn_zero_edge_features,44,1920,0.010490895240707735,0.013930325489275032,0.04080016911029816
loco_decay,gnn_zero_edge_features,44,1980,0.010625802178298477,0.01421709465680441,0.03910605609416962
loco_decay,gnn_zero_edge_features,44,2040,0.010603917251645991,0.014112593843013018,0.038556069135665894
loco_decay,gnn_zero_edge_features,44,2100,0.011142101039928673,0.01459861998240258,0.03822481632232666
loco_decay,gnn_zero_edge_features,44,2160,0.012263113022905536,0.015569254666865226,0.0387360155582428
loco_decay,gnn_zero_edge_features,44,2220,0.012424750138173062,0.015731780356811616,0.037765562534332275
loco_decay,gnn_zero_edge_features,44,2280,0.01225362507115423,0.01567337042520903,0.03957021236419678
loco_decay,gnn_zero_edge_features,44,2340,0.012338359930873972,0.015905649444204136,0.04222646355628967
loco_decay,gnn_zero_edge_features,44,2400,0.012144083206632496,0.016058774093684256,0.045886069536209106
loco_decay,gnn_zero_edge_features,44,2460,0.012487576466746034,0.01656918000144503,0.05022871494293213
loco_decay,gnn_zero_edge_features,44,2520,0.01234565187344509,0.016712607862550143,0.052273958921432495
loco_decay,gnn_zero_edge_features,44,2580,0.012958959008740114,0.017214042460247755,0.05023917555809021
loco_decay,gnn_zero_edge_features,44,2640,0.01394297604539753,0.017996048112403205,0.048019230365753174
loco_decay,gnn_zero_edge_features,44,2700,0.014559614117694112,0.018496575152567602,0.04653081297874451
loco_decay,gnn_zero_edge_features,44,2760,0.015000184816596783,0.019037621522434805,0.04620921611785889
loco_decay,gnn_zero_edge_features,44,2820,0.01559446554268356,0.0196380339975961,0.04616272449493408
loco_decay,gnn_zero_edge_features,44,2880,0.016336635810084047,0.020318616355008604,0.04574316740036011
loco_decay,gnn_zero_edge_features,44,2940,0.01713180950785105,0.020908540524101488,0.0453626811504364
loco_decay,gnn_zero_edge_features,44,3000,0.017968688984360316,0.021603437966331466,0.04501351714134216
loco_decay,gnn_zero_edge_features,44,3060,0.018762494874211538,0.022257201999567013,0.044307857751846313
loco_decay,gnn_zero_edge_features,44,3120,0.019516633938899082,0.022917289532184172,0.04373493790626526
loco_decay,gnn_zero_edge_features,44,3180,0.020027848207845096,0.023280292752659474,0.04384499788284302
loco_decay,gnn_zero_edge_features,44,3240,0.020276490961555885,0.023577691509484803,0.0451492965221405
loco_decay,gnn_zero_edge_features,44,3300,0.020510676226257223,0.023899547194623186,0.04759758710861206
loco_decay,gnn_zero_edge_features,44,3360,0.020560863337158102,0.024053817272366107,0.049116700887680054
loco_decay,gnn_zero_edge_features,44,3420,0.020367460836351447,0.02392215501839598,0.047637760639190674
loco_decay,gnn_zero_edge_features,44,3480,0.020233736958651417,0.023820161330984958,0.046084702014923096
loco_decay,gnn_zero_edge_features,44,3540,0.020102135045865995,0.023706579137539912,0.045467108488082886
loco_decay,gnn_zero_edge_features,44,3600,0.020063700665414862,0.023583990236631273,0.04580482840538025
loco_decay,gnn_zero_edge_features,45,0,0.0020832429944941428,0.0020937826998865634,0.0
loco_decay,gnn_zero_edge_features,45,60,0.009797375286574912,0.01408828311996517,0.03179013729095459
loco_decay,gnn_zero_edge_features,45,120,0.005778100638262993,0.007467879933157842,0.02305525541305542
loco_decay,gnn_zero_edge_features,45,180,0.026669363532446127,0.03358205843247324,0.06948477029800415
loco_decay,gnn_zero_edge_features,45,240,0.012183022710074366,0.01565759299985568,0.05371946096420288
loco_decay,gnn_zero_edge_features,45,300,0.012414739722699191,0.015896806265377813,0.04960662126541138
loco_decay,gnn_zero_edge_features,45,360,0.012511932744389087,0.016024293454811617,0.048744022846221924
loco_decay,gnn_zero_edge_features,45,420,0.011203341779455674,0.0145545221962999,0.04627883434295654
loco_decay,gnn_zero_edge_features,45,480,0.010759574122133507,0.014038691931748611,0.03791320323944092
loco_decay,gnn_zero_edge_features,45,540,0.009783261117681992,0.012588430418795829,0.04228013753890991
loco_decay,gnn_zero_edge_features,45,600,0.009320777601900353,0.012462188187819292,0.050022661685943604
loco_decay,gnn_zero_edge_features,45,660,0.009185094221503334,0.012161461124230886,0.04846656322479248
loco_decay,gnn_zero_edge_features,45,720,0.009695419695525042,0.011969632611144698,0.04717123508453369
loco_decay,gnn_zero_edge_features,45,780,0.0110124054208266,0.013423204687912688,0.050394415855407715
loco_decay,gnn_zero_edge_features,45,840,0.010907975445806453,0.014062133657548796,0.05224341154098511
loco_decay,gnn_zero_edge_features,45,900,0.011701013134644094,0.014245447207962078,0.04015609622001648
loco_decay,gnn_zero_edge_features,45,960,0.009925764746370568,0.012491852897718883,0.029346078634262085
loco_decay,gnn_zero_edge_features,45,1020,0.008892769043424488,0.010809526946022968,0.03045332431793213
loco_decay,gnn_zero_edge_features,45,1080,0.008822092704013386,0.011223860648093702,0.03392225503921509
loco_decay,gnn_zero_edge_features,45,1140,0.008841756434567206,0.011014538702026594,0.035095155239105225
loco_decay,gnn_zero_edge_features,45,1200,0.009028173125950636,0.01126453199209952,0.04020798206329346
loco_decay,gnn_zero_edge_features,45,1260,0.0085460749347653,0.010926369097421097,0.04130476713180542
loco_decay,gnn_zero_edge_features,45,1320,0.009372864149313057,0.0122706917797571,0.04261043667793274
loco_decay,gnn_zero_edge_features,45,1380,0.009572171795684679,0.012462964977999189,0.04256248474121094
loco_decay,gnn_zero_edge_features,45,1440,0.010337071872390477,0.013166931428523834,0.04084005951881409
loco_decay,gnn_zero_edge_features,45,1500,0.01026237538430543,0.013167734604291192,0.04252520203590393
loco_decay,gnn_zero_edge_features,45,1560,0.010065150471915186,0.012892389761407094,0.044798970222473145
loco_decay,gnn_zero_edge_features,45,1620,0.009631884045305504,0.012746336804270382,0.04192492365837097
loco_decay,gnn_zero_edge_features,45,1680,0.010614380636046418,0.0133227761001597,0.03866004943847656
loco_decay,gnn_zero_edge_features,45,1740,0.01047046152891311,0.013401740005982257,0.037566542625427246
loco_decay,gnn_zero_edge_features,45,1800,0.010837728602696309,0.013914364527137936,0.036757633090019226
loco_decay,gnn_zero_edge_features,45,1860,0.011212856632418337,0.014342665847262116,0.039066314697265625
loco_decay,gnn_zero_edge_features,45,1920,0.01131993822291889,0.014786769866940669,0.04175947606563568
loco_decay,gnn_zero_edge_features,45,1980,0.012376458639592197,0.015396351887306188,0.03775958716869354
loco_decay,gnn_zero_edge_features,45,2040,0.012100952257097295,0.015105886670839317,0.0351233035326004
loco_decay,gnn_zero_edge_features,45,2100,0.011766133846434872,0.014939367715539952,0.03325924277305603
loco_decay,gnn_zero_edge_features,45,2160,0.012137043660720893,0.015267229760371868,0.03255543112754822
loco_decay,gnn_zero_edge_features,45,2220,0.012064479621110765,0.01506624217496786,0.0329422652721405
loco_decay,gnn_zero_edge_features,45,2280,0.01207005542463961,0.014992139575981335,0.03312259912490845
loco_decay,gnn_zero_edge_features,45,2340,0.012174786587732028,0.015136973715585733,0.03207802772521973
loco_decay,gnn_zero_edge_features,45,2400,0.012718435146112358,0.015574472067595787,0.035342633724212646
loco_decay,gnn_zero_edge_features,45,2460,0.013484445425261438,0.016558269727126027,0.03895401954650879
loco_decay,gnn_zero_edge_features,45,2520,0.013903038955367772,0.017189248547414007,0.04206883907318115
loco_decay,gnn_zero_edge_features,45,2580,0.014814470589688393,0.018190459823249988,0.044280946254730225
loco_decay,gnn_zero_edge_features,45,2640,0.0157605182148714,0.01914214803969947,0.04557037353515625
loco_decay,gnn_zero_edge_features,45,2700,0.01648445249395033,0.01975630886789736,0.04684486985206604
loco_decay,gnn_zero_edge_features,45,2760,0.01702324531774605,0.02028183360360948,0.04788258671760559
loco_decay,gnn_zero_edge_features,45,2820,0.01749928203304257,0.020759736956228323,0.04931342601776123
loco_decay,gnn_zero_edge_features,45,2880,0.017874863097625496,0.021163506327452827,0.05100417137145996
loco_decay,gnn_zero_edge_features,45,2940,0.01833467429454348,0.021548660146616088,0.05264800786972046
loco_decay,gnn_zero_edge_features,45,3000,0.01883834336711242,0.021972072859062372,0.054233431816101074
loco_decay,gnn_zero_edge_features,45,3060,0.019232452245412673,0.02231764827630458,0.055626511573791504
loco_decay,gnn_zero_edge_features,45,3120,0.01956213977748314,0.02273842589834599,0.0570945143699646
loco_decay,gnn_zero_edge_features,45,3180,0.01985750980345549,0.023120667425104626,0.05861520767211914
loco_decay,gnn_zero_edge_features,45,3240,0.020002909927769045,0.023538707545696202,0.058763742446899414
loco_decay,gnn_zero_edge_features,45,3300,0.020276764720942066,0.02413175631810387,0.05825752019882202
loco_decay,gnn_zero_edge_features,45,3360,0.02060183216776468,0.024793120894984918,0.05765426158905029
loco_decay,gnn_zero_edge_features,45,3420,0.020843286166148903,0.025420407465669495,0.05836185812950134
loco_decay,gnn_zero_edge_features,45,3480,0.02113120185326686,0.026156639398824524,0.059951186180114746
loco_decay,gnn_zero_edge_features,45,3540,0.021306786785083534,0.026882146817214393,0.06165561079978943
loco_decay,gnn_zero_edge_features,45,3600,0.021582140793315076,0.02763342263396308,0.06348159909248352
loco_decay,gnn_zero_edge_features,46,0,0.002392764640065421,0.002400308169327104,0.0
loco_decay,gnn_zero_edge_features,46,60,0.009801892052709529,0.014242303311339282,0.032046735286712646
loco_decay,gnn_zero_edge_features,46,120,0.005929692656592985,0.007661572580069562,0.022924482822418213
loco_decay,gnn_zero_edge_features,46,180,0.02707227721678472,0.032794092592210396,0.07023388147354126
loco_decay,gnn_zero_edge_features,46,240,0.013192190533190701,0.017107293659863246,0.05202770233154297
loco_decay,gnn_zero_edge_features,46,300,0.012344371956006616,0.01616650460001016,0.048804402351379395
loco_decay,gnn_zero_edge_features,46,360,0.012667335767661575,0.016505414177893203,0.04871422052383423
loco_decay,gnn_zero_edge_features,46,420,0.011335869806002727,0.015013693433314292,0.045626938343048096
loco_decay,gnn_zero_edge_features,46,480,0.010318661685538503,0.013559828454539732,0.03828471899032593
loco_decay,gnn_zero_edge_features,46,540,0.009729248760020839,0.012567146589014172,0.04528075456619263
loco_decay,gnn_zero_edge_features,46,600,0.009522940732736504,0.012861851416342709,0.051362454891204834
loco_decay,gnn_zero_edge_features,46,660,0.009362195972847728,0.012177567770516767,0.04773998260498047
loco_decay,gnn_zero_edge_features,46,720,0.009744307108684978,0.012040210818962725,0.044906675815582275
loco_decay,gnn_zero_edge_features,46,780,0.01090486914710661,0.013272960664281292,0.04821377992630005
loco_decay,gnn_zero_edge_features,46,840,0.010627305613154859,0.013641056753105528,0.05168020725250244
loco_decay,gnn_zero_edge_features,46,900,0.011317832016311915,0.014016136823611185,0.04073873162269592
loco_decay,gnn_zero_edge_features,46,960,0.010124499291445302,0.01290618467519293,0.030418574810028076
loco_decay,gnn_zero_edge_features,46,1020,0.009875918384146901,0.0119886608213008,0.03102022409439087
loco_decay,gnn_zero_edge_features,46,1080,0.010057230175068948,0.01270332521755074,0.03717347979545593
loco_decay,gnn_zero_edge_features,46,1140,0.00945164487425205,0.011758602904834376,0.038660526275634766
loco_decay,gnn_zero_edge_features,46,1200,0.009007841612385438,0.011243992943733823,0.044482797384262085
loco_decay,gnn_zero_edge_features,46,1260,0.008101579626049616,0.010488654589954838,0.041305720806121826
loco_decay,gnn_zero_edge_features,46,1320,0.008999046762432673,0.01192076476788669,0.03941759467124939
loco_decay,gnn_zero_edge_features,46,1380,0.009673612307658237,0.012507650113352186,0.03748682141304016
loco_decay,gnn_zero_edge_features,46,1440,0.010162587714406241,0.013098784121966524,0.03700810670852661
loco_decay,gnn_zero_edge_features,46,1500,0.010187015333006868,0.012935208220521712,0.04030004143714905
loco_decay,gnn_zero_edge_features,46,1560,0.010232177192130975,0.012921553507299541,0.041148602962493896
loco_decay,gnn_zero_edge_features,46,1620,0.00974184828521931,0.01273390555604775,0.03754672408103943
loco_decay,gnn_zero_edge_features,46,1680,0.01050331634757793,0.013423726351505821,0.034557729959487915
loco_decay,gnn_zero_edge_features,46,1740,0.01068640071733863,0.013949784250548661,0.035824477672576904
loco_decay,gnn_zero_edge_features,46,1800,0.011056092064992517,0.014665878775457969,0.03588816523551941
loco_decay,gnn_zero_edge_features,46,1860,0.011543534366430434,0.014995960500710255,0.04152512550354004
loco_decay,gnn_zero_edge_features,46,1920,0.01166654529824721,0.015343089080880876,0.04180501401424408
loco_decay,gnn_zero_edge_features,46,1980,0.012830734912273102,0.01593406474980896,0.03996814787387848
loco_decay,gnn_zero_edge_features,46,2040,0.012746201679769871,0.015738151011631417,0.03748723864555359
loco_decay,gnn_zero_edge_features,46,2100,0.012516217026035342,0.015551595519052315,0.03461290895938873
loco_decay,gnn_zero_edge_features,46,2160,0.012969347755465887,0.01591468326047189,0.03319390118122101
loco_decay,gnn_zero_edge_features,46,2220,0.012677489788131376,0.015880539481838287,0.03271740674972534
loco_decay,gnn_zero_edge_features,46,2280,0.012527313248246116,0.015805165495263524,0.037058353424072266
loco_decay,gnn_zero_edge_features,46,2340,0.012363600256168736,0.015749345828178354,0.04096296429634094
loco_decay,gnn_zero_edge_features,46,2400,0.012590414918629469,0.015968865611346184,0.04444405436515808
loco_decay,gnn_zero_edge_features,46,2460,0.012688332954339222,0.016405120513436944,0.047527968883514404
loco_decay,gnn_zero_edge_features,46,2520,0.012954544177097557,0.01664310056086122,0.05022537708282471
loco_decay,gnn_zero_edge_features,46,2580,0.013448949408742179,0.01734817243320018,0.05253303050994873
loco_decay,gnn_zero_edge_features,46,2640,0.014491329414654622,0.018488719679988053,0.054558396339416504
loco_decay,gnn_zero_edge_features,46,2700,0.015376024080061279,0.01951376082735229,0.0562899112701416
loco_decay,gnn_zero_edge_features,46,2760,0.01646310941571683,0.020584913111628446,0.05758357048034668
loco_decay,gnn_zero_edge_features,46,2820,0.017485955120187944,0.021669780125991505,0.05858790874481201
loco_decay,gnn_zero_edge_features,46,2880,0.018596013431000497,0.02282628550442215,0.059281110763549805
loco_decay,gnn_zero_edge_features,46,2940,0.019631156549517033,0.023792794570546148,0.05974835157394409
loco_decay,gnn_zero_edge_features,46,3000,0.020526395830432927,0.02469517572803473,0.05993819236755371
loco_decay,gnn_zero_edge_features,46,3060,0.021288967172128963,0.0255287645444791,0.06063002347946167
loco_decay,gnn_zero_edge_features,46,3120,0.021943160126694537,0.026270326205761203,0.06155627965927124
loco_decay,gnn_zero_edge_features,46,3180,0.02247113055360001,0.026758612306351997,0.06248772144317627
loco_decay,gnn_zero_edge_features,46,3240,0.022726022696073076,0.027088513293185887,0.06336343288421631
loco_decay,gnn_zero_edge_features,46,3300,0.023190610176694076,0.02763678932728855,0.06418776512145996
loco_decay,gnn_zero_edge_features,46,3360,0.023566126889359634,0.028148929887370076,0.06492483615875244
loco_decay,gnn_zero_edge_features,46,3420,0.023828401436320448,0.028508004664685546,0.06559807062149048
loco_decay,gnn_zero_edge_features,46,3480,0.024170988494843507,0.028895044623242678,0.06636583805084229
loco_decay,gnn_zero_edge_features,46,3540,0.024342153781810694,0.02913607712002305,0.06724345684051514
loco_decay,gnn_zero_edge_features,46,3600,0.02458336586709571,0.029376036133076364,0.0681145191192627
loco_decay,gnn_mean,42,0,0.002147218822377973,0.0021595667190372515,0.0
loco_decay,gnn_mean,42,60,0.01065245191607855,0.013155385735905425,0.028835594654083252
loco_decay,gnn_mean,42,120,0.00564637437330938,0.007139480140945354,0.017201483249664307
loco_decay,gnn_mean,42,180,0.02754279470021746,0.03453786824846357,0.06081885099411011
loco_decay,gnn_mean,42,240,0.01211975369833212,0.015283148899592735,0.044796109199523926
loco_decay,gnn_mean,42,300,0.01188245494808771,0.015149114852143757,0.04068094491958618
loco_decay,gnn_mean,42,360,0.012205361264996824,0.015879626887363135,0.03969079256057739
loco_decay,gnn_mean,42,420,0.010927366471923558,0.014445457629343026,0.03496676683425903
loco_decay,gnn_mean,42,480,0.010467251845165691,0.013401421431032878,0.031145989894866943
loco_decay,gnn_mean,42,540,0.009468501648016735,0.011919857501677109,0.02982032299041748
loco_decay,gnn_mean,42,600,0.008686840534210205,0.011167722014560108,0.036952435970306396
loco_decay,gnn_mean,42,660,0.008395171270961255,0.010843466204100797,0.03435707092285156
loco_decay,gnn_mean,42,720,0.008177076293303904,0.010423194536934022,0.03171384334564209
loco_decay,gnn_mean,42,780,0.01017589115463527,0.012315680603468304,0.034380972385406494
loco_decay,gnn_mean,42,840,0.00996604007957256,0.012671320962702771,0.037973880767822266
loco_decay,gnn_mean,42,900,0.010273250858340643,0.012645874435317473,0.03343987464904785
loco_decay,gnn_mean,42,960,0.009843535391630324,0.012370727894988009,0.036091357469558716
loco_decay,gnn_mean,42,1020,0.009888857866810487,0.011814201212899328,0.02228483557701111
loco_decay,gnn_mean,42,1080,0.009736715956071836,0.011965584245253324,0.032568514347076416
loco_decay,gnn_mean,42,1140,0.008698332098733007,0.010819253930284684,0.026596784591674805
loco_decay,gnn_mean,42,1200,0.009079433647932204,0.011234754502727632,0.028294861316680908
loco_decay,gnn_mean,42,1260,0.007925620121238507,0.010210112188497196,0.027565807104110718
loco_decay,gnn_mean,42,1320,0.009160374645638255,0.011605010394592797,0.026891261339187622
loco_decay,gnn_mean,42,1380,0.00966121638770652,0.012209890121800902,0.031674355268478394
loco_decay,gnn_mean,42,1440,0.009798941886530512,0.012674915029679448,0.03698340058326721
loco_decay,gnn_mean,42,1500,0.009861356125468701,0.012593364566293152,0.03998938202857971
loco_decay,gnn_mean,42,1560,0.010240139950693181,0.012982770707888735,0.046841561794281006
loco_decay,gnn_mean,42,1620,0.010227058577326547,0.013249334044646899,0.05631834268569946
loco_decay,gnn_mean,42,1680,0.010868488423592221,0.014493681357919386,0.06788566708564758
loco_decay,gnn_mean,42,1740,0.011019709363447882,0.015250507116111821,0.07871654629707336
loco_decay,gnn_mean,42,1800,0.01120074713124638,0.01585503349838513,0.08518978953361511
loco_decay,gnn_mean,42,1860,0.011350863670880815,0.016281399153343926,0.09063723683357239
loco_decay,gnn_mean,42,1920,0.011812390743103703,0.01692924050168957,0.09455534815788269
loco_decay,gnn_mean,42,1980,0.012853581425362984,0.0177232835826857,0.09772482514381409
loco_decay,gnn_mean,42,2040,0.012509577701577044,0.017610040956554638,0.10084608197212219
loco_decay,gnn_mean,42,2100,0.012208884268735362,0.01778740420283763,0.10409757494926453
loco_decay,gnn_mean,42,2160,0.012896446395764309,0.01869391295418232,0.10758623480796814
loco_decay,gnn_mean,42,2220,0.013662224586031078,0.019419080940465787,0.11154833436012268
loco_decay,gnn_mean,42,2280,0.014241283446286631,0.020389312436356753,0.11607244610786438
loco_decay,gnn_mean,42,2340,0.014959387415278275,0.02173083247845961,0.1192992627620697
loco_decay,gnn_mean,42,2400,0.016080291134066286,0.023294624518798508,0.12219730019569397
loco_decay,gnn_mean,42,2460,0.017697303036672878,0.0249491829425271,0.12486699223518372
loco_decay,gnn_mean,42,2520,0.018529159569107327,0.02615624862637187,0.1275082528591156
loco_decay,gnn_mean,42,2580,0.019649486758012688,0.027523385392358178,0.13133493065834045
loco_decay,gnn_mean,42,2640,0.020973941921132857,0.02897902459809994,0.13484713435173035
loco_decay,gnn_mean,42,2700,0.02173240469620291,0.02991006355281348,0.138024240732193
loco_decay,gnn_mean,42,2760,0.022414461899120195,0.03063172695563706,0.140853613615036
loco_decay,gnn_mean,42,2820,0.022912288068142612,0.03131659728381298,0.14344081282615662
loco_decay,gnn_mean,42,2880,0.02353664982107888,0.031983668118980936,0.1458711326122284
loco_decay,gnn_mean,42,2940,0.02399427740447289,0.03250029337697074,0.1479867398738861
loco_decay,gnn_mean,42,3000,0.024320974946022034,0.0329347444084384,0.1499544084072113
loco_decay,gnn_mean,42,3060,0.024517983725640628,0.033259052851530295,0.15168526768684387
loco_decay,gnn_mean,42,3120,0.024691615945997492,0.033544102060998865,0.15318897366523743
loco_decay,gnn_mean,42,3180,0.024750269817567505,0.03372118124374241,0.15448442101478577
loco_decay,gnn_mean,42,3240,0.02466131733582083,0.03386516436403726,0.15575876832008362
loco_decay,gnn_mean,42,3300,0.024679558928561423,0.033999149308798625,0.1557302176952362
loco_decay,gnn_mean,42,3360,0.024695545171214417,0.03416728625070264,0.15542444586753845
loco_decay,gnn_mean,42,3420,0.024646779143177304,0.03429585403079579,0.155011385679245
loco_decay,gnn_mean,42,3480,0.024689235914069994,0.03444122621812956,0.1545221507549286
loco_decay,gnn_mean,42,3540,0.024918666785269713,0.034617099816853646,0.15398874878883362
loco_decay,gnn_mean,42,3600,0.024916709656209016,0.0346625325356138,0.15356490015983582
loco_decay,gnn_mean,43,0,0.0021509628380294394,0.0021564552807748967,0.0
loco_decay,gnn_mean,43,60,0.01072316728861986,0.013459539841370636,0.02909672260284424
loco_decay,gnn_mean,43,120,0.005241558087610566,0.006887550898849217,0.024978339672088623
loco_decay,gnn_mean,43,180,0.02907224777525505,0.036310683504211266,0.0668485164642334
loco_decay,gnn_mean,43,240,0.012897952467994352,0.016331096831234633,0.05529087781906128
loco_decay,gnn_mean,43,300,0.012718836290646443,0.016552687361137835,0.049313127994537354
loco_decay,gnn_mean,43,360,0.013220306518858513,0.017313895012073716,0.04770439863204956
loco_decay,gnn_mean,43,420,0.011373638051801024,0.014705824319697918,0.04582619667053223
loco_decay,gnn_mean,43,480,0.010614134041608962,0.01362421315218812,0.033713459968566895
loco_decay,gnn_mean,43,540,0.009418587769027304,0.011772762198463961,0.030041813850402832
loco_decay,gnn_mean,43,600,0.008919415220750116,0.0116886327321065,0.03742098808288574
loco_decay,gnn_mean,43,660,0.008558122985130917,0.011404644383122189,0.035604238510131836
loco_decay,gnn_mean,43,720,0.008956127989608629,0.01125368273015444,0.03316563367843628
loco_decay,gnn_mean,43,780,0.01051721952657784,0.01303367976854873,0.03610432147979736
loco_decay,gnn_mean,43,840,0.010066489202786336,0.012615533855624186,0.0398215651512146
loco_decay,gnn_mean,43,900,0.010802479971826604,0.013081534493236078,0.03168541193008423
loco_decay,gnn_mean,43,960,0.009245170956164334,0.011560530972067674,0.03115728497505188
loco_decay,gnn_mean,43,1020,0.008143418658096178,0.01004861277765704,0.023115992546081543
loco_decay,gnn_mean,43,1080,0.009592593243691773,0.01212901970223172,0.037036627531051636
loco_decay,gnn_mean,43,1140,0.009789517759221844,0.012380640919874265,0.031199544668197632
loco_decay,gnn_mean,43,1200,0.010011206422231893,0.012063882595030944,0.033982932567596436
loco_decay,gnn_mean,43,1260,0.008697591524208542,0.010956886384305059,0.03149986267089844
loco_decay,gnn_mean,43,1320,0.009889257956395107,0.012429275465256356,0.03544953465461731
loco_decay,gnn_mean,43,1380,0.010233345548663519,0.01284704368080657,0.04918384552001953
loco_decay,gnn_mean,43,1440,0.010873402114463063,0.013989619168774814,0.0631684958934784
loco_decay,gnn_mean,43,1500,0.011037116293358592,0.014486701742429439,0.07168635725975037
loco_decay,gnn_mean,43,1560,0.01110061449287212,0.014269902239735592,0.06573301553726196
loco_decay,gnn_mean,43,1620,0.010584161872357395,0.013953970111315625,0.0650290846824646
loco_decay,gnn_mean,43,1680,0.011228278147435822,0.014933187715454462,0.06871053576469421
loco_decay,gnn_mean,43,1740,0.01096705103342512,0.015492606210433172,0.07540711760520935
loco_decay,gnn_mean,43,1800,0.011338056716243777,0.01611604061022357,0.08165863156318665
loco_decay,gnn_mean,43,1860,0.011098170834305011,0.015992773809365205,0.08604380488395691
loco_decay,gnn_mean,43,1920,0.011372546970316795,0.016611508910691596,0.09092584252357483
loco_decay,gnn_mean,43,1980,0.012203213651623347,0.01745339786131642,0.09477296471595764
loco_decay,gnn_mean,43,2040,0.012298506181851953,0.017668009348496362,0.09645727276802063
loco_decay,gnn_mean,43,2100,0.0124428791809926,0.018115530196661025,0.09803792834281921
loco_decay,gnn_mean,43,2160,0.013244679807561688,0.018831754769810017,0.10012122988700867
loco_decay,gnn_mean,43,2220,0.013434141478707305,0.01930770666511972,0.10361799597740173
loco_decay,gnn_mean,43,2280,0.013640001152468993,0.019868217623243496,0.1059097945690155
loco_decay,gnn_mean,43,2340,0.013854134926753761,0.02039894149564019,0.1080726683139801
loco_decay,gnn_mean,43,2400,0.014355426472900189,0.02091283334772736,0.11029723286628723
loco_decay,gnn_mean,43,2460,0.014993483250120045,0.021698559404092578,0.11224868893623352
loco_decay,gnn_mean,43,2520,0.01549995486187724,0.022333470671652398,0.11394175887107849
loco_decay,gnn_mean,43,2580,0.01627666615279375,0.02327301328221337,0.11555144190788269
loco_decay,gnn_mean,43,2640,0.017560360771892346,0.024313898509946738,0.11712929606437683
loco_decay,gnn_mean,43,2700,0.018684128876280997,0.025123751210992896,0.1187184751033783
loco_decay,gnn_mean,43,2760,0.019697334122868764,0.025819714535678877,0.12035349011421204
loco_decay,gnn_mean,43,2820,0.020491586058540682,0.02644951096209722,0.12205949425697327
loco_decay,gnn_mean,43,2880,0.02117158828583439,0.02701657528782982,0.12385424971580505
loco_decay,gnn_mean,43,2940,0.021760631715301917,0.027438571120620325,0.12574812769889832
loco_decay,gnn_mean,43,3000,0.022221039881748436,0.027785360944631,0.1277453601360321
loco_decay,gnn_mean,43,3060,0.022412509517332094,0.027988530636704135,0.12996038794517517
loco_decay,gnn_mean,43,3120,0.022435982274798167,0.028141126477445006,0.1322566568851471
loco_decay,gnn_mean,43,3180,0.022355921764289383,0.028181425756421616,0.13462349772453308
loco_decay,gnn_mean,43,3240,0.02204847975378543,0.02820063194846735,0.1370522677898407
loco_decay,gnn_mean,43,3300,0.021849784703381295,0.02837115563550902,0.13953325152397156
loco_decay,gnn_mean,43,3360,0.021559399907040384,0.028562342378982815,0.14205655455589294
loco_decay,gnn_mean,43,3420,0.0213693415301036,0.028784709115910426,0.14461269974708557
loco_decay,gnn_mean,43,3480,0.021373280117997027,0.029140112124293727,0.1471932828426361
loco_decay,gnn_mean,43,3540,0.02147997566292771,0.029579074226113916,0.14979180693626404
loco_decay,gnn_mean,43,3600,0.021654636920553392,0.030090258466337748,0.15240362286567688
loco_decay,gnn_mean,44,0,0.002388031609290469,0.0024038081636415017,0.0
loco_decay,gnn_mean,44,60,0.009887139354131918,0.014227812170239695,0.031781136989593506
loco_decay,gnn_mean,44,120,0.008623396400856761,0.010409739094448233,0.023287475109100342
loco_decay,gnn_mean,44,180,0.02711457752548488,0.034604975192431484,0.06198853254318237
loco_decay,gnn_mean,44,240,0.011637519418665794,0.014857652948511085,0.04410308599472046
loco_decay,gnn_mean,44,300,0.011895347485500099,0.015046565410880794,0.040566980838775635
loco_decay,gnn_mean,44,360,0.012153832785851132,0.01572817476384346,0.04035466909408569
loco_decay,gnn_mean,44,420,0.010305033848348973,0.01351724769285844,0.037660956382751465
loco_decay,gnn_mean,44,480,0.009684324264526367,0.012591347313753444,0.030704200267791748
loco_decay,gnn_mean,44,540,0.008449191540743398,0.011260831572291014,0.03450113534927368
loco_decay,gnn_mean,44,600,0.008214473724365234,0.010945841630838414,0.04069662094116211
loco_decay,gnn_mean,44,660,0.008152933247321475,0.010918763465334954,0.0365254282951355
loco_decay,gnn_mean,44,720,0.008827407275680947,0.011089574975290454,0.03277510404586792
loco_decay,gnn_mean,44,780,0.0099069159642785,0.012315514749154498,0.03637254238128662
loco_decay,gnn_mean,44,840,0.009681536033090236,0.012350398988806072,0.04014122486114502
loco_decay,gnn_mean,44,900,0.011051522419515965,0.013489181946087874,0.030957311391830444
loco_decay,gnn_mean,44,960,0.009547766594760186,0.012354752631505577,0.029238849878311157
loco_decay,gnn_mean,44,1020,0.009075070113207387,0.011375172001571563,0.019564539194107056
loco_decay,gnn_mean,44,1080,0.008857641863611947,0.01156293227059475,0.033704936504364014
loco_decay,gnn_mean,44,1140,0.008826007357740823,0.011196215642289417,0.024065077304840088
loco_decay,gnn_mean,44,1200,0.009514457884088027,0.011542795170203745,0.030424296855926514
loco_decay,gnn_mean,44,1260,0.008738293056994412,0.01130386363537604,0.03070572018623352
loco_decay,gnn_mean,44,1320,0.009848667457040432,0.013113884792132937,0.028717339038848877
loco_decay,gnn_mean,44,1380,0.010666187358113517,0.013924915516104914,0.03250238299369812
loco_decay,gnn_mean,44,1440,0.011107138300363997,0.014682145575589623,0.03563496470451355
loco_decay,gnn_mean,44,1500,0.011471969891438442,0.015276115513546917,0.03162828087806702
loco_decay,gnn_mean,44,1560,0.012042184055379006,0.01611852184458377,0.03374606370925903
loco_decay,gnn_mean,44,1620,0.01222235781956563,0.016396364310945443,0.028580844402313232
loco_decay,gnn_mean,44,1680,0.012636023285114659,0.016871830903016815,0.027212828397750854
loco_decay,gnn_mean,44,1740,0.012455546750431567,0.016969855342869353,0.024219751358032227
loco_decay,gnn_mean,44,1800,0.01290176558283578,0.01728492663967503,0.027044028043746948
loco_decay,gnn_mean,44,1860,0.013005252960508903,0.017222409940454556,0.026315927505493164
loco_decay,gnn_mean,44,1920,0.013140868296665428,0.017537464724911946,0.026196271181106567
loco_decay,gnn_mean,44,1980,0.013852743844015409,0.018078606113740327,0.026508614420890808
loco_decay,gnn_mean,44,2040,0.01367013960812999,0.018046351961043015,0.023077741265296936
loco_decay,gnn_mean,44,2100,0.013596509014610696,0.01814553225502472,0.02502235770225525
loco_decay,gnn_mean,44,2160,0.014205385362152505,0.018620125479829868,0.029416635632514954
loco_decay,gnn_mean,44,2220,0.014823028339748889,0.019081151296491954,0.02521491050720215
loco_decay,gnn_mean,44,2280,0.014689521188229587,0.019090430583789307,0.025166362524032593
loco_decay,gnn_mean,44,2340,0.014638873328149846,0.019094094473485416,0.028699278831481934
loco_decay,gnn_mean,44,2400,0.014845024299832572,0.019390997488992544,0.03213706612586975
loco_decay,gnn_mean,44,2460,0.015539852655039424,0.01980985257102664,0.03538620471954346
loco_decay,gnn_mean,44,2520,0.015725361166802128,0.020023893744674802,0.03853002190589905
loco_decay,gnn_mean,44,2580,0.01655729747978987,0.02071690395217691,0.04152959585189819
loco_decay,gnn_mean,44,2640,0.017623487299522466,0.021631874003964102,0.0445651113986969
loco_decay,gnn_mean,44,2700,0.01837520743102099,0.022297059125602505,0.047519803047180176
loco_decay,gnn_mean,44,2760,0.018853316726410285,0.02272610883903771,0.050308823585510254
loco_decay,gnn_mean,44,2820,0.019196824426144624,0.02317247091940717,0.053847163915634155
loco_decay,gnn_mean,44,2880,0.019590013190708327,0.0237104947852777,0.05626407265663147
loco_decay,gnn_mean,44,2940,0.01989559618245184,0.024108572755631434,0.05627378821372986
loco_decay,gnn_mean,44,3000,0.020201048756067732,0.024493849173804583,0.05586323142051697
loco_decay,gnn_mean,44,3060,0.020474544866422636,0.024829851295307404,0.05506041646003723
loco_decay,gnn_mean,44,3120,0.020806617045824507,0.025155685158998454,0.05420970916748047
loco_decay,gnn_mean,44,3180,0.021067656510699112,0.0252603556943407,0.05340734124183655
loco_decay,gnn_mean,44,3240,0.021164710542796988,0.02534857081092713,0.052720069885253906
loco_decay,gnn_mean,44,3300,0.02144147191954925,0.025575816212404897,0.05219385027885437
loco_decay,gnn_mean,44,3360,0.021638787821330857,0.02577804625815321,0.051647037267684937
loco_decay,gnn_mean,44,3420,0.021717340677185396,0.02581239464946562,0.05121868848800659
loco_decay,gnn_mean,44,3480,0.02188317543637436,0.025928074884097943,0.051025182008743286
loco_decay,gnn_mean,44,3540,0.021856426071804182,0.025876447846070846,0.051067858934402466
loco_decay,gnn_mean,44,3600,0.021876063692358744,0.025829160852593774,0.05122578144073486
loco_decay,gnn_mean,45,0,0.0021803975105285645,0.0021832590047474393,0.0
loco_decay,gnn_mean,45,60,0.009854795131008181,0.014442835359741649,0.03211557865142822
loco_decay,gnn_mean,45,120,0.009611878774862373,0.011484067363952449,0.02642267942428589
loco_decay,gnn_mean,45,180,0.02711538192445198,0.03316219586503842,0.06948423385620117
loco_decay,gnn_mean,45,240,0.012240282202188948,0.015635757535402906,0.05354428291320801
loco_decay,gnn_mean,45,300,0.011849752569620588,0.015333147842553562,0.04907083511352539
loco_decay,gnn_mean,45,360,0.012122351511389809,0.015861843778576655,0.04813355207443237
loco_decay,gnn_mean,45,420,0.010573890356890924,0.013995346159836048,0.04335343837738037
loco_decay,gnn_mean,45,480,0.010391205285502745,0.013560582190012358,0.03525763750076294
loco_decay,gnn_mean,45,540,0.009058344153176367,0.011982055943852474,0.04019218683242798
loco_decay,gnn_mean,45,600,0.008787173612982827,0.01185071095724397,0.04681813716888428
loco_decay,gnn_mean,45,660,0.00840660270336455,0.011408196950027887,0.0440821647644043
loco_decay,gnn_mean,45,720,0.008720681203150116,0.011226237119493434,0.04215431213378906
loco_decay,gnn_mean,45,780,0.009926072264139631,0.012461397609145008,0.04613673686981201
loco_decay,gnn_mean,45,840,0.009786984034344158,0.012985743182933242,0.049645960330963135
loco_decay,gnn_mean,45,900,0.010357448485045306,0.012935662477765609,0.03956058621406555
loco_decay,gnn_mean,45,960,0.009803727137303986,0.012064374093948525,0.03154841065406799
loco_decay,gnn_mean,45,1020,0.008695993539506355,0.010592126927121165,0.026929527521133423
loco_decay,gnn_mean,45,1080,0.00898477751596839,0.011542800476184565,0.03449040651321411
loco_decay,gnn_mean,45,1140,0.008842753625549047,0.01107168592777433,0.033626168966293335
loco_decay,gnn_mean,45,1200,0.009057857821472979,0.011162926150793897,0.04112696647644043
loco_decay,gnn_mean,45,1260,0.008244904532896735,0.010314397834380904,0.03845915198326111
loco_decay,gnn_mean,45,1320,0.009157043906439722,0.011531695985371293,0.03751331567764282
loco_decay,gnn_mean,45,1380,0.009459452291505526,0.011801900623202192,0.035481780767440796
loco_decay,gnn_mean,45,1440,0.01000361817072978,0.012510123505155592,0.034240782260894775
loco_decay,gnn_mean,45,1500,0.010162494351378584,0.01263958022418412,0.03560754656791687
loco_decay,gnn_mean,45,1560,0.010015090746162213,0.012624416848271359,0.03713133931159973
loco_decay,gnn_mean,45,1620,0.009759213544626152,0.012568967763770953,0.04456305503845215
loco_decay,gnn_mean,45,1680,0.010550966041277995,0.013675864931085975,0.05564776062965393
loco_decay,gnn_mean,45,1740,0.010677769384552947,0.014361895153645193,0.06470373272895813
loco_decay,gnn_mean,45,1800,0.01076706294464854,0.015178411340317813,0.07115325331687927
loco_decay,gnn_mean,45,1860,0.011120805302552418,0.015701367355800192,0.07597532868385315
loco_decay,gnn_mean,45,1920,0.011550741913044347,0.016531388132409116,0.0794781744480133
loco_decay,gnn_mean,45,1980,0.012358507751363568,0.017392196306579604,0.08205434679985046
loco_decay,gnn_mean,45,2040,0.01221669300467567,0.01748254772071399,0.0841093361377716
loco_decay,gnn_mean,45,2100,0.012248637138214787,0.017816364044620978,0.08595612645149231
loco_decay,gnn_mean,45,2160,0.012931701092593438,0.018491063290788697,0.08658769726753235
loco_decay,gnn_mean,45,2220,0.013381731325546197,0.018909699472754515,0.08684918284416199
loco_decay,gnn_mean,45,2280,0.01357100376513152,0.019343982575900816,0.08737662434577942
loco_decay,gnn_mean,45,2340,0.013965021588106072,0.019771288667401705,0.08815345168113708
loco_decay,gnn_mean,45,2400,0.014228335392158644,0.02014431742147053,0.089179128408432
loco_decay,gnn_mean,45,2460,0.014772771602183316,0.020690647409313805,0.09041288495063782
loco_decay,gnn_mean,45,2520,0.01487864962721293,0.021018120068863874,0.0919942557811737
loco_decay,gnn_mean,45,2580,0.015520337672360175,0.021649276084314734,0.09418407082557678
loco_decay,gnn_mean,45,2640,0.0165068312028868,0.022417653877665825,0.09616705775260925
loco_decay,gnn_mean,45,2700,0.017123850243808948,0.022941797095922905,0.09796884655952454
loco_decay,gnn_mean,45,2760,0.017663902809134626,0.023478696697196638,0.09983554482460022
loco_decay,gnn_mean,45,2820,0.0182323486140344,0.024051963261252075,0.10165604948997498
loco_decay,gnn_mean,45,2880,0.01903166430713856,0.024797391416064667,0.10344883799552917
loco_decay,gnn_mean,45,2940,0.019933809485055704,0.025556205186245677,0.10551312565803528
loco_decay,gnn_mean,45,3000,0.02087749811136617,0.026399206998563296,0.10766986012458801
loco_decay,gnn_mean,45,3060,0.021714469302544552,0.027238667688306486,0.10977980494499207
loco_decay,gnn_mean,45,3120,0.022516209928862815,0.02809828650971386,0.11166206002235413
loco_decay,gnn_mean,45,3180,0.023234025369175768,0.02881389003715366,0.11312618851661682
loco_decay,gnn_mean,45,3240,0.02375372459666919,0.02951291363388342,0.11457565426826477
loco_decay,gnn_mean,45,3300,0.024493567777418457,0.030388738917493736,0.11608573794364929
loco_decay,gnn_mean,45,3360,0.025293659847394553,0.03130078025332158,0.11770722270011902
loco_decay,gnn_mean,45,3420,0.02603501252895963,0.0321332011283282,0.11950024962425232
loco_decay,gnn_mean,45,3480,0.026852714870355825,0.033100386551174844,0.12155404686927795
loco_decay,gnn_mean,45,3540,0.027515315442486147,0.03403536623150015,0.12386879324913025
loco_decay,gnn_mean,45,3600,0.028352423908963666,0.03503810082359,0.12636855244636536
loco_decay,gnn_mean,46,0,0.002867388514290869,0.0028873732754444055,0.0
loco_decay,gnn_mean,46,60,0.010188957758709392,0.014432079963634107,0.031786203384399414
loco_decay,gnn_mean,46,120,0.0057646352632910805,0.007290311024508702,0.020691215991973877
loco_decay,gnn_mean,46,180,0.027813252094572624,0.03503404718851339,0.06333667039871216
loco_decay,gnn_mean,46,240,0.012857231418643377,0.016330552668761336,0.048379361629486084
loco_decay,gnn_mean,46,300,0.012624305961406337,0.01620834204923429,0.0475773811340332
loco_decay,gnn_mean,46,360,0.012976030332852254,0.016692150910304786,0.046912312507629395
loco_decay,gnn_mean,46,420,0.011348705903618736,0.014421914618260952,0.039673447608947754
loco_decay,gnn_mean,46,480,0.010707445376742203,0.013247137454040952,0.03123462200164795
loco_decay,gnn_mean,46,540,0.009388678369268906,0.011987843380730948,0.03805732727050781
loco_decay,gnn_mean,46,600,0.00955416565447782,0.012536925893580004,0.04951590299606323
loco_decay,gnn_mean,46,660,0.008905619646595643,0.011952438294728755,0.049144864082336426
loco_decay,gnn_mean,46,720,0.008852269797198541,0.011484171095923824,0.047533273696899414
loco_decay,gnn_mean,46,780,0.01026044746415805,0.012807398664924436,0.05020761489868164
loco_decay,gnn_mean,46,840,0.010296640142930292,0.013515545443293187,0.05148094892501831
loco_decay,gnn_mean,46,900,0.01157179712194257,0.013941392061415425,0.04051199555397034
loco_decay,gnn_mean,46,960,0.010426781610050033,0.012837957926088996,0.02992957830429077
loco_decay,gnn_mean,46,1020,0.009250288779756664,0.011534622595625666,0.02872490882873535
loco_decay,gnn_mean,46,1080,0.009365791504361988,0.01176139343309413,0.03223156929016113
loco_decay,gnn_mean,46,1140,0.009675227171551865,0.011877652456294033,0.029767334461212158
loco_decay,gnn_mean,46,1200,0.009593916150320948,0.011826311600515076,0.035720258951187134
loco_decay,gnn_mean,46,1260,0.009179511165196916,0.011440733606688592,0.03467822074890137
loco_decay,gnn_mean,46,1320,0.00988568827114274,0.012835531144476477,0.034128010272979736
loco_decay,gnn_mean,46,1380,0.009788591249854164,0.012515555432748087,0.032966554164886475
loco_decay,gnn_mean,46,1440,0.010220386021960098,0.012812325073490978,0.03296467661857605
loco_decay,gnn_mean,46,1500,0.010184448377221031,0.012541110318081469,0.03551727533340454
loco_decay,gnn_mean,46,1560,0.009895254289154458,0.012226611841849915,0.035873472690582275
loco_decay,gnn_mean,46,1620,0.009386296820851554,0.011761709748955419,0.031923383474349976
loco_decay,gnn_mean,46,1680,0.01011337326691214,0.01252366766685948,0.028776049613952637
loco_decay,gnn_mean,46,1740,0.009923524561181533,0.012856430463504761,0.027800649404525757
loco_decay,gnn_mean,46,1800,0.010413379532046022,0.013423257654685458,0.026772841811180115
loco_decay,gnn_mean,46,1860,0.010649127770314175,0.0136539173661341,0.030951648950576782
loco_decay,gnn_mean,46,1920,0.010616378050989809,0.013731603689930606,0.03617645800113678
loco_decay,gnn_mean,46,1980,0.011455416415644957,0.01436178332720332,0.03411756455898285
loco_decay,gnn_mean,46,2040,0.010996454848652392,0.013956723804406095,0.03285975754261017
loco_decay,gnn_mean,46,2100,0.011082827385547942,0.014124877405941332,0.03446066379547119
loco_decay,gnn_mean,46,2160,0.011514015561711471,0.014700116505853513,0.038016945123672485
loco_decay,gnn_mean,46,2220,0.012052377504585064,0.015276956350948287,0.041738808155059814
loco_decay,gnn_mean,46,2280,0.01237974309288295,0.015950217367052166,0.045792073011398315
loco_decay,gnn_mean,46,2340,0.013042584325359987,0.01693303648049646,0.049889445304870605
loco_decay,gnn_mean,46,2400,0.014082710299871664,0.018141761604626702,0.053672969341278076
loco_decay,gnn_mean,46,2460,0.015210615058915805,0.019615525013797822,0.05731692910194397
loco_decay,gnn_mean,46,2520,0.016029129381728385,0.0208276696708531,0.06119728088378906
loco_decay,gnn_mean,46,2580,0.01732792369032328,0.02237035121019596,0.06483423709869385
loco_decay,gnn_mean,46,2640,0.018769421804267748,0.02399755847692923,0.06853675842285156
loco_decay,gnn_mean,46,2700,0.020072754835133003,0.025512448183513066,0.07214081287384033
loco_decay,gnn_mean,46,2760,0.021171786880071184,0.02692681031320236,0.07574957609176636
loco_decay,gnn_mean,46,2820,0.022331969466357106,0.028391508498327302,0.07942646741867065
loco_decay,gnn_mean,46,2880,0.023643577982366614,0.029892586423653184,0.0831407904624939
loco_decay,gnn_mean,46,2940,0.0248215716101427,0.03126497831486192,0.08686935901641846
loco_decay,gnn_mean,46,3000,0.025912965623150885,0.0326529833079468,0.09060931205749512
loco_decay,gnn_mean,46,3060,0.026910790827422017,0.03408312143731764,0.09454751014709473
loco_decay,gnn_mean,46,3120,0.027796027670919366,0.035546252599687876,0.09861797094345093
loco_decay,gnn_mean,46,3180,0.02856527315040605,0.03687570634668846,0.10259217023849487
loco_decay,gnn_mean,46,3240,0.029057106547123564,0.038143028497049224,0.1064484715461731
loco_decay,gnn_mean,46,3300,0.029595962536018507,0.039435631206079125,0.11019283533096313
loco_decay,gnn_mean,46,3360,0.030059831991659857,0.040745926410935676,0.11395347118377686
loco_decay,gnn_mean,46,3420,0.03041442028716602,0.04206685853645516,0.11786830425262451
loco_decay,gnn_mean,46,3480,0.030724551561659416,0.04340012981155659,0.12183254957199097
loco_decay,gnn_mean,46,3540,0.031160548065615967,0.04479630334720798,0.12582308053970337
loco_decay,gnn_mean,46,3600,0.031646839351253175,0.046211584421716655,0.12982982397079468
