protocol,model,seed,sample_id,geometry_id,fire_family,crack_count,source_batch,legacy_final_id,flat_response,MAE,RMSE,maximum_overprediction
loco_plateau,fire_only,42,b004_0101,cb286dce3fb5e4de9ce7cd24a593b3729810700f461d4dea7e7e806081a6c243,plateau,7,batch_004,sample_0098,False,0.02116427020948441,0.02507549501918144,0.05586200952529907
loco_plateau,fire_only,42,b004_0106,68a631e45d1432b8c277623aa36bd14caa372804b8363ec96ef67ddc8eb20d1c,plateau,3,batch_004,sample_0102,False,0.011371695665551013,0.014850314466243382,0.04810434579849243
loco_plateau,fire_only,42,b004_0115,f799b5290dd4072521a7449c1abf33ff526f22f67b776e873628d3cbca0ba783,plateau,3,batch_004,sample_0107,False,0.017617052695790274,0.019891849426502378,0.018453240394592285
loco_plateau,fire_only,42,b004_0130,2188740cfe38cf9d440c67431f559d83d2a1ce7ae59ca2bedcf02bb69f466e50,plateau,8,batch_004,sample_0120,False,0.009028637506922737,0.012316327941248031,0.033070147037506104
loco_plateau,fire_only,42,b004_0136,04889ebdfb5784327f3b9088bf6df01afa628294490b202c173ef0b14838e962,plateau,2,batch_004,sample_0125,False,0.007804033575487919,0.01102007834830868,0.03709685802459717
loco_plateau,fire_only,42,b004_0147,1fa51a6e404fd88eb385d6766311d069515a32e28126ff01697c509152d5f502,plateau,7,batch_004,sample_0131,False,0.025244562718711915,0.027938266710882318,0.05513262748718262
loco_plateau,fire_only,42,b004_0154,aac35af72b9a33754898cad920897b67d2af68b9260ad250b7fcaebd06f32dcc,plateau,8,batch_004,sample_0136,False,0.010064314928699712,0.012628094455610545,0.029927045106887817
loco_plateau,fire_only,42,b004_0155,1d0a46c8f6e17a86034c6bb9d66c4b03d098b69ff514fc02f28ea63be0b42c7e,plateau,6,batch_004,sample_0137,False,0.00986042643179659,0.012198441347700949,0.02623283863067627
loco_plateau,fire_only,42,b004_0163,4873613114b6d71d3a19feac4e2a6cca6a1aea7cedee70e6461fcb308fcd40a1,plateau,8,batch_004,sample_0144,False,0.013588043509936724,0.015856425176142074,0.03113722801208496
loco_plateau,fire_only,42,b004_0166,8acc23b2c14cbb42c17a2dcc988fac65c64813d2829e3784719d447b5ed718b7,plateau,6,batch_004,sample_0146,False,0.007321653490672346,0.009575228248984097,0.026589035987854004
loco_plateau,fire_only,42,b004_0189,83c666a66b41c149f65ddc8bd970a7e25625b9d2da4a74aa495eb63512733e3d,plateau,1,batch_004,sample_0163,False,0.022630875716443923,0.025610152147220653,0.027421116828918457
loco_plateau,fire_only,42,b004_0192,e59076b7dd3091c6a35a126a9200a5d87d04f635db59270bb6abf483a0ca6b6b,plateau,3,batch_004,sample_0166,False,0.0073533974221495334,0.00950622307580311,0.028148174285888672
loco_plateau,fire_only,42,b004_0198,36b24bbee6d7a71d6d85eb0f4637e3435adb468ab33422dad8a99a2687c94a43,plateau,3,batch_004,sample_0172,False,0.009679233075165357,0.012416328982950578,0.024340808391571045
loco_plateau,fire_only,42,b004_0206,0f83d6a5c144dfa616333adc1bd57529c0d4b0a6391f6abd2b3df69ae12643d9,plateau,8,batch_004,sample_0176,False,0.01750428876915916,0.020510027575863114,0.0446171760559082
loco_plateau,fire_only,42,b004_0208,1e7355104cb1bc6623bb84e83c8b136fc6530491967649406726860c46d55882,plateau,3,batch_004,sample_0177,False,0.009110225761523013,0.013348835030580278,0.04047966003417969
loco_plateau,fire_only,42,b004_0209,440c0cdd2e0fa5883c06758ead647f3129254dd10b206bf0c4a01275bc82806b,plateau,7,batch_004,sample_0178,False,0.03218155732897461,0.036295483877723925,0.05490824580192566
loco_plateau,fire_only,42,b004_0226,61bdc1b24112322d60eb9bd84ba71d642a105873858653a3edd7bfe0a5c1b34e,plateau,7,batch_004,sample_0190,False,0.008104629203921458,0.010487473225300376,0.03844398260116577
loco_plateau,fire_only,42,b004_0229,af1d00f7a0b787f92bf6455e06a745c2e040b11b6d56cb70a91a0e9bbecca3e3,plateau,4,batch_004,sample_0193,False,0.008232486113661626,0.011185836573926012,0.04055994749069214
loco_plateau,fire_only,42,b004_0232,c19c313f6ced6796888a79b2f089c97c626a7f821d056d6da34ee52cdd9ede4e,plateau,2,batch_004,sample_0195,False,0.02133349488016035,0.02358015605541039,0.031468749046325684
loco_plateau,fire_only,42,b004_0238,ab344aa6b1603d38f985e697b8d5e23f92cabe2cfdec495cd63bf30832b339b7,plateau,3,batch_004,sample_0201,False,0.010376440391677325,0.012333369458677985,0.033589303493499756
loco_plateau,fire_only,42,b004_0269,4bc4fd552a3fec6bec5222fbe2344ba232c661859418bb0be167915721ee5291,plateau,5,batch_004,sample_0225,False,0.006942662303564978,0.008775519133093544,0.02154839038848877
loco_plateau,fire_only,42,b004_0270,6e734c0ce0d34a99ed4ad267e7228f80d1e1937ed9cfb2a2531b08dd05b3f9f4,plateau,2,batch_004,sample_0226,False,0.008786059793878774,0.011317644480865483,0.03488367795944214
loco_plateau,fire_only,42,b004_0276,7b18e593b02cd8067d1393f0e63f941e25eff1aa515facc3feca5d594c0b32f6,plateau,3,batch_004,sample_0231,False,0.010144331294005035,0.014236786181169886,0.041261136531829834
loco_plateau,fire_only,42,b004_0280,99c63bb4954aeef83d20697237d20468a2082dc550b92994ed9c8b0d2e53aeb4,plateau,3,batch_004,sample_0235,False,0.006567766187620945,0.009093524424096897,0.016292721033096313
loco_plateau,fire_only,42,b004_0284,315251daf704e2ddebf079b4618bac7ddc803651927693240201fda0ae19713e,plateau,7,batch_004,sample_0238,False,0.008129316030955706,0.01065535384015023,0.01200246810913086
loco_plateau,fire_only,42,b004_0285,538882c9fc437f403f576e9537afa2d0e9d19640d587ec09abf294580a7a5439,plateau,5,batch_004,sample_0239,False,0.009049430733821431,0.011160516372446612,0.03454554080963135
loco_plateau,fire_only,42,b004_0286,1f1d5a524d03753ee50cb34e15a725be31a3f16360c0873f815fa3617c634af9,plateau,2,batch_004,sample_0240,False,0.008755521757192299,0.011198850749709182,0.014708518981933594
loco_plateau,fire_only,42,b004_0291,5cb317353c4e3be13450815c4705cf51b35ccbcd7f9d37f0e177ea0c467b5f57,plateau,1,batch_004,sample_0243,False,0.007768322637335199,0.01058783571267667,0.02713005244731903
loco_plateau,fire_only,42,b004_0298,caa33739bb94bf3e4107ea13ebaefa854b1845ee09a860ac973faad33ffc7834,plateau,5,batch_004,sample_0250,False,0.009420296452084526,0.011037334644120354,0.025223493576049805
loco_plateau,fire_only,42,b004_0303,de67b515620baea3c5921d16c351e24f283039e6be0dbb711689e9c13ccfdcd8,plateau,7,batch_004,sample_0254,False,0.008677360708596276,0.011209057965801987,0.025507986545562744
loco_plateau,fire_only,42,b004_0312,aae428a0b7988c9a08ec2cd887e629b34ead9427365e120773f787d5e67957c1,plateau,8,batch_004,sample_0261,False,0.010823351193646916,0.012781467791434195,0.028537631034851074
loco_plateau,fire_only,42,b004_0328,230d653e29b05c6cac38da6d0de4c13e4f666cbcf2f18fd0f9301c8565cc11a3,plateau,4,batch_004,sample_0274,False,0.0108722558275598,0.015659631665091104,0.026534557342529297
loco_plateau,fire_only,42,b004_0335,3af73a16bdf592f38afc48342dd2996cc2332054b38bc004699cef76f2f2027c,plateau,4,batch_004,sample_0278,False,0.011836850008026499,0.014472194956647415,0.04485499858856201
loco_plateau,fire_only,42,b004_0336,b1a27cded5990829ff83324d88a32190c7c9723de6ef9887de3b888774969a57,plateau,1,batch_004,sample_0279,False,0.021315363831207402,0.025495432906083918,0.02005857229232788
loco_plateau,fire_only,42,b004_0367,c318564675cfb510af8b85e2c440c5474c6897ca4e9cdaf29a6217c1c607614e,plateau,5,batch_004,sample_0304,False,0.011423189376221329,0.013725994698147162,0.044365882873535156
loco_plateau,fire_only,42,b004_0378,b10baedc312e4d2d36427845a0f1a1cbffe556d2f64623a9674249752d97956c,plateau,8,batch_004,sample_0313,False,0.011792069148333346,0.01333309427486147,0.03036898374557495
loco_plateau,fire_only,42,b004_0379,c6e6ea944f341106836d770add03411f9b6a1a984c07c96bec5e68fdcf226108,plateau,6,batch_004,sample_0314,False,0.0060410107501217575,0.00790881430017469,0.025086164474487305
loco_plateau,fire_only,42,b004_0385,1669f1f0995158292efaccb221bf4e371f369d987f6008fc5bbb7afeb0d048df,plateau,7,batch_004,sample_0319,False,0.017778456211090088,0.01976187397429719,0.012431323528289795
loco_plateau,fire_only,42,b004_0387,09be75b148104dc8d00eb69fe791588c388b9ebb3038b53094e45349b135be7d,plateau,8,batch_004,sample_0321,False,0.010261671953513974,0.01138864337016882,0.0221102237701416
loco_plateau,fire_only,42,b005_0318,924387d745bc9120e456294ff4a08ad9a1d65425b1cd2775143ca2ab2f71ce55,plateau,7,batch_005,sample_0582,False,0.01077909523346385,0.013580242161898305,0.04063570499420166
loco_plateau,fire_only,42,b005_0319,800520051cbd61e759abc8ff464d9452f0af7501ab267ce886d3229fe3d764b4,plateau,2,batch_005,sample_0583,False,0.01459000687130162,0.01706086375812653,0.042370498180389404
loco_plateau,fire_only,42,b005_0320,ef3c4b806db3686e52b040856eeaa178271e38922d72178a07cfb1b60c5a9815,plateau,9,batch_005,sample_0584,False,0.008662340948816205,0.015697742858314694,0.04234147071838379
loco_plateau,fire_only,42,b005_0322,dfa2ca4229967a5ccb2b1248146a521a8c13b2c9123ed436514968a5b39c468b,plateau,12,batch_005,sample_0585,False,0.021529821098827926,0.02457470234764762,0.04521578550338745
loco_plateau,fire_only,42,b005_0323,cce3714177813b75d94654611ce899a21ca23c71fe16d59197e83af8d254e95f,plateau,11,batch_005,sample_0586,False,0.009637384141077761,0.014187972783128189,0.03100264072418213
loco_plateau,fire_only,42,b005_0324,27fb8c31fc60138ca610456685ff39808517e467177b4b76e23ad2cc9ef40e79,plateau,3,batch_005,sample_0587,False,0.009288720664430837,0.012660894728946371,0.03758507966995239
loco_plateau,fire_only,42,b005_0325,57c15407e4e74b16ef1107b3fd3d0f28bd18e2d5f422f8887bb3ae4f2ee71cfd,plateau,6,batch_005,sample_0588,False,0.0055191671994865915,0.007359413199275948,0.026839494705200195
loco_plateau,fire_only,42,b005_0326,e2760e685a5883648d6d91d72b6f825497ff6177a7ae51fd1d4a4f618192fbd3,plateau,4,batch_005,sample_0589,False,0.02006091398843488,0.022622714978773637,0.04746806621551514
loco_plateau,fire_only,42,b005_0327,c0f2d02506a33f5dad5fa8e5c65ba0f14cdafffb85f55797608be3df54e8cf61,plateau,1,batch_005,sample_0590,False,0.018076113990095795,0.020962517691532356,0.008234918117523193
loco_plateau,fire_only,42,b005_0328,55b4a6a2ff50fc37c4d86d31a2943c392e669602f37411c18ea7e0f718c7a49b,plateau,10,batch_005,sample_0591,False,0.02564285939834157,0.029003409842215513,0.0590817928314209
loco_plateau,fire_only,42,b005_0329,25396912ea3a078cfdcae941ea89787bb0803f1346b6c5c886e75f5af0e4014c,plateau,5,batch_005,sample_0592,False,0.0159452779859793,0.01858897821503403,0.03882861137390137
loco_plateau,fire_only,42,b005_0330,2d2987c8fa8b70de85851fccd3598561568f323c9bc1e48b9082c225851dca74,plateau,7,batch_005,sample_0593,False,0.011198810500199677,0.013115477785258935,0.03923434019088745
loco_plateau,fire_only,42,b005_0331,fe117b09b49c597131e2f6e1b8feb5a597f6b009e1fc51e947e1c4258965cb3a,plateau,8,batch_005,sample_0594,False,0.014478640111743426,0.019304272696600507,0.06321239471435547
loco_plateau,fire_only,42,b005_0332,8ef7167927072aa036a58c5f6faa4277ddbc7c3f91bcb16661ae1d24abac8490,plateau,8,batch_005,sample_0595,False,0.010644660621392922,0.012058588152987156,0.011181294918060303
loco_plateau,fire_only,42,b005_0333,c3c2056eaa15eef1a5f1836e18a193479b6f32b671a8a83de228a107692ada54,plateau,1,batch_005,sample_0596,False,0.012280718835650897,0.01388228283785413,0.028627604246139526
loco_plateau,fire_only,42,b005_0334,3bbd10db0ca1e022a95db792674aa00f019fd5856e68ce360feb007d0fe711f4,plateau,14,batch_005,sample_0597,False,0.011381711994038254,0.01596409059977174,0.03560596704483032
loco_plateau,fire_only,42,b005_0336,0747b020d2d22e1f5e7519b418cc9b8327b7656cbdb5b6a0c84c741abbc0e102,plateau,5,batch_005,sample_0598,False,0.01719181728167612,0.019568019310976684,0.03879594802856445
loco_plateau,fire_only,42,b005_0338,115982b394b483309f71c61baca7ee9f7623a932a8116d9e7603f0819aecb7ce,plateau,11,batch_005,sample_0599,False,0.017180527331399135,0.019970289092477472,0.02599334716796875
loco_plateau,fire_only,42,b005_0339,5a157ab2ed0b98a6d23ad8857e1765864193424d5249af315f29d82bd5969aec,plateau,1,batch_005,sample_0600,False,0.012328210179923011,0.015272752723804704,0.03221520781517029
loco_plateau,fire_only,42,b005_0341,aa391e2b07bdd6168406810253aa95ddc48980e3dc4f63b3df9c1ea6807dbc8e,plateau,9,batch_005,sample_0601,False,0.011328905332283895,0.01565473536188624,0.02332472801208496
loco_plateau,fire_only,42,b005_0344,6eb77d3cd6491920848da180bb4de9dc6bc0b37ef91bd1ab7ff630ab55038dfb,plateau,8,batch_005,sample_0602,False,0.021210616729298575,0.02325688188243431,0.048863768577575684
loco_plateau,fire_only,42,b005_0345,a300e398fad1a0e6431c0978a839d6f5ba716e8b388e8dda603311639de6f280,plateau,4,batch_005,sample_0603,False,0.007419021891765907,0.009805456236569877,0.04357510805130005
loco_plateau,fire_only,42,b005_0346,64090025074679c6ba642a06fb71e932babe2025b967ef6f2f6b1d8f5ad03bba,plateau,7,batch_005,sample_0604,False,0.017061822910289296,0.02050679513963891,0.0510525107383728
loco_plateau,fire_only,42,b005_0347,f351afe68d58358a3632f7f01ae10c313d89f47accf5981900e558140d1bfbff,plateau,8,batch_005,sample_0605,False,0.035338563752956076,0.03842981223996217,0.05538129806518555
loco_plateau,fire_only,42,b005_0348,9047f61e8be36c807011000fd79892f9747fc9f2b5d36e0905a12cc71cf27077,plateau,5,batch_005,sample_0606,False,0.007970697322829824,0.011837245778706465,0.04230180382728577
loco_plateau,fire_only,42,b005_0349,c30ce3c339ea2d458d6b92c6a2de60810ca4393b4b9c7acd9f3e78a68c60481d,plateau,8,batch_005,sample_0607,False,0.019989914795170066,0.022439162061110927,0.04711025953292847
loco_plateau,fire_only,42,b005_0350,1023f3a6c18df8c4890c9d45fa6b65adbbc9733ddc3561c3e25572947e28011e,plateau,4,batch_005,sample_0608,False,0.014721109852439067,0.01754229672613603,0.04243887960910797
loco_plateau,fire_only,42,b005_0351,f915d37994404288414823d1bbb6b5e3931c9ad94ae24b67272d3c8362d85400,plateau,9,batch_005,sample_0609,False,0.018700221767191025,0.022438282259331786,0.047348588705062866
loco_plateau,fire_only,42,b005_0352,5f0ae19a03996e46eda8c90413fc45b8985b85b82d4f47d4a22a10847efdc7d4,plateau,8,batch_005,sample_0610,False,0.020402846033455897,0.024031311235283,0.04224032163619995
loco_plateau,fire_only,42,b005_0353,05e5a33d12166760b02827e96c5a0446d2d46d0bac028f2a76145a206386e918,plateau,6,batch_005,sample_0611,False,0.011681659421959862,0.013311835038812937,0.03425955772399902
loco_plateau,fire_only,42,b005_0354,fadf7a0b5c1bc2a8d8355725a59dcbd92af98cb7514eabc127842f5c4b4bef47,plateau,8,batch_005,sample_0612,False,0.010249412450634066,0.014146574217551023,0.04575622081756592
loco_plateau,fire_only,42,b005_0355,4d85219246b5dad59cb85d9fa3c1936680c4c9ef047c5cef4218f3b15c1e939c,plateau,4,batch_005,sample_0613,False,0.014936997265112205,0.016923719953530654,0.028123319149017334
loco_plateau,fire_only,42,b005_0356,4d68bdd50ef81490f46d2a8e1897ab3bb663920d094e1cbb0b28ba7113382e88,plateau,2,batch_005,sample_0614,False,0.006361392189244755,0.008170778415529033,0.012913376092910767
loco_plateau,fire_only,42,b005_0359,4c1573f83055d1187f7f6cd3d9baae0038086645d81eee72897606cc9d5c570c,plateau,5,batch_005,sample_0615,False,0.01841878155093701,0.02031911144634365,0.04020380973815918
loco_plateau,fire_only,42,b005_0360,686bd58ef008dcf1a1a7c6f4d10f2f843038b4350a135434e4ccc66a580f0f5d,plateau,8,batch_005,sample_0616,False,0.007634505018836162,0.011303364320968873,0.03419137001037598
loco_plateau,fire_only,42,b005_0361,96f4761fc6c8f7f70f150f08d1184ebb6ce1b5aaa442426bf462bb08296c1a3b,plateau,8,batch_005,sample_0617,False,0.024041117886539367,0.02809388706231746,0.07981342077255249
loco_plateau,fire_only,42,b005_0362,1afc1c036950d3674b72ba96e3a3beaf89086ebc191f828798460411f6637095,plateau,14,batch_005,sample_0618,False,0.017211526143746297,0.021635539641713518,0.04614052176475525
loco_plateau,fire_only,42,b005_0363,c4e17a05dde40f17497a58db0f20c7fa3893089c99b4e61d2abb1683d73c2708,plateau,3,batch_005,sample_0619,False,0.010068613730493139,0.014133094425880318,0.04180413484573364
loco_plateau,fire_only,42,b005_0364,f789b385523cb681d859a20015bfbe6406d3d1a4e0993fd9931fc56524052232,plateau,7,batch_005,sample_0620,False,0.012928952081281631,0.015290938116661457,0.02798748016357422
loco_plateau,fire_only,42,b005_0365,bf0f2b2de55694fffbc786504dd644ea825c40182b9b220d53b89c8a37ed6c50,plateau,2,batch_005,sample_0621,False,0.010454385739858033,0.012470410968109124,0.02961607277393341
loco_plateau,fire_only,42,b005_0366,ff9baf0d1ecf79479db89955f4239351d1d12145c830cf12c7c6743740bef107,plateau,1,batch_005,sample_0622,False,0.012198384179443609,0.014804460365570276,0.022091209888458252
loco_plateau,fire_only,42,b005_0367,55ae06c4d49e4f4bca3994c646b4a4477cbe684a94491baec3ccacaf8913cdc4,plateau,6,batch_005,sample_0623,False,0.008700211761427707,0.01018745042237396,0.020100295543670654
loco_plateau,fire_only,42,b005_0369,3d7c1523d7f7a701ba8c8c8653f377b8bce5dcb75dd5e777fc37ea2547a10cd1,plateau,11,batch_005,sample_0624,False,0.014169028059380953,0.01654459130300947,0.01738286018371582
loco_plateau,fire_only,42,b005_0370,02430a0e963a0b380b2bc0d082219d1cf06081fa567fed08f912ffa7dfe10051,plateau,5,batch_005,sample_0625,False,0.0162179313722204,0.01749560504440678,0.006166219711303711
loco_plateau,fire_only,42,b005_0374,e78a3e8bf3a5373c93d1d439c82fbdadf0d6d220b3240b14bb5f3bc3f6e4f09a,plateau,1,batch_005,sample_0626,False,0.021124758681312937,0.02391936692667906,0.03183400630950928
loco_plateau,fire_only,42,b005_0376,e2cf5195bd63a11d9d1ca2e66c51888dcca34e1ae84251c784a18a3f37096e59,plateau,3,batch_005,sample_0627,False,0.009106211058917592,0.013485587338322285,0.03750413656234741
loco_plateau,fire_only,42,b005_0377,3f7f8648f1cca1b0bde98bd8dd3709da82b522777e245fb04f2e547d74fb458c,plateau,3,batch_005,sample_0628,False,0.007870326520966702,0.010284163698287895,0.032464444637298584
loco_plateau,fire_only,42,b005_0378,046e2b649304ef7368e59229d0d93e66e7a45cef80450c188bed4c2d3d1fdc8d,plateau,11,batch_005,sample_0629,False,0.016675274635924667,0.01972678507248686,0.03790074586868286
loco_plateau,fire_only,42,b005_0379,1f409b6e03f9441ff3c5c3fc66e0db956031025ffca1702ed23e99238b6229c9,plateau,15,batch_005,sample_0630,False,0.012882683120790075,0.020912027358877424,0.03577452898025513
loco_plateau,fire_only,42,b005_0380,9373bd39ad3438c8b68e44ed9913af85cc6aa4598a1d16ee56e8aa54d6b7e8ad,plateau,7,batch_005,sample_0631,False,0.009992030250733017,0.011920339343400187,0.028131350874900818
loco_plateau,fire_only,42,b005_0381,69369739915ea5865caaa0a97202deb36c3f5d9d99624a932280b9ccaec1ad7a,plateau,8,batch_005,sample_0632,False,0.02011379135436699,0.022757607945698578,0.0065451860427856445
loco_plateau,fire_only,42,b005_0382,2d2b38ecba4efd0196a13bbe391dd3bf0713ebf5519032458d2874f9b5b799ea,plateau,6,batch_005,sample_0633,False,0.0069654075825800665,0.009233084739982954,0.024830281734466553
loco_plateau,fire_only,42,b005_0383,c3f96572b536df535317375fdc5e4706ac369468646788bb728a81d80ebbf8cd,plateau,9,batch_005,sample_0634,False,0.04227245989881578,0.04574293382696837,0.09201528131961823
loco_plateau,fire_only,42,b005_0384,4f787d72c2991ce6d0932240e622e61affe479a7fa2dd35ab8bcdc5923ff28ed,plateau,13,batch_005,sample_0635,False,0.016340238393330184,0.0190008549120899,0.0366782546043396
loco_plateau,fire_only,42,b005_0386,301947d5dbc16fbb140de6b8a02a472b8129263d9f0a15b48f047dc956897100,plateau,8,batch_005,sample_0636,False,0.016158617666510285,0.018344916512746064,0.03757089376449585
loco_plateau,fire_only,42,b005_0387,8de22ed78a2ba566ad5d579cb268e029471143e2f0356e36c926f297c636ec17,plateau,1,batch_005,sample_0637,False,0.01145288778743783,0.015544583176983031,0.03539058566093445
loco_plateau,fire_only,42,b005_0388,7018dd5a29322b02c1632cd20271bff3ce888a19228aa52114aa77b9400eb91b,plateau,10,batch_005,sample_0638,False,0.010598930301236325,0.013979048786326808,0.028738677501678467
loco_plateau,fire_only,42,b005_0391,befff6f241f67d94d7753d00fbb0c58bb90217d18320366e8efddcc6b98d1cf6,plateau,7,batch_005,sample_0639,False,0.007888059513490708,0.010053016383263986,0.019798755645751953
loco_plateau,fire_only,42,b005_0392,c8557ed9f63b99ebd2c6c477e7131c72de41dc16fb5e94bfd97d94fa611c210b,plateau,10,batch_005,sample_0640,False,0.015301042404331144,0.01774958691952437,0.03143209218978882
loco_plateau,fire_only,42,b005_0393,93eb3bacea701426087e75941806b407760420360c2377bbc814db1682f2a1d4,plateau,5,batch_005,sample_0641,False,0.011878638726765992,0.015127005712456471,0.04414898157119751
loco_plateau,fire_only,42,b005_0394,df92d1d4b0476ec691828cb2651348409e75a7cc4379821060d4a774189be132,plateau,9,batch_005,sample_0642,False,0.019100863425458064,0.020903078356594433,0.04126006364822388
loco_plateau,fire_only,42,b005_0395,83ecfc111bb85fd355498ca7b8a4bb47c26e405c679f3515a1aafc4d7cefab6c,plateau,5,batch_005,sample_0643,False,0.015441855446237033,0.018223691893568966,0.03132188320159912
loco_plateau,fire_only,42,b005_0397,c8766140f84f514dc30d7035d42f2067f8e50cef0a1eee335dbb302ad43b3441,plateau,1,batch_005,sample_0644,False,0.016434847087156576,0.019662785654329166,0.0373455286026001
loco_plateau,fire_only,42,b005_0398,c5312b8757553a4ab6a18f87cd43e9086663093a1069e7c08549a0cd2de261d6,plateau,13,batch_005,sample_0645,False,0.015992187574261525,0.01889767402483778,0.032795488834381104
loco_plateau,fire_only,43,b004_0101,cb286dce3fb5e4de9ce7cd24a593b3729810700f461d4dea7e7e806081a6c243,plateau,7,batch_004,sample_0098,False,0.022837045007064693,0.026396166770570762,0.0544472336769104
loco_plateau,fire_only,43,b004_0106,68a631e45d1432b8c277623aa36bd14caa372804b8363ec96ef67ddc8eb20d1c,plateau,3,batch_004,sample_0102,False,0.011501884301666354,0.015095185625974812,0.0505824089050293
loco_plateau,fire_only,43,b004_0115,f799b5290dd4072521a7449c1abf33ff526f22f67b776e873628d3cbca0ba783,plateau,3,batch_004,sample_0107,False,0.016087639771524023,0.018362649654811776,0.02093130350112915
loco_plateau,fire_only,43,b004_0130,2188740cfe38cf9d440c67431f559d83d2a1ce7ae59ca2bedcf02bb69f466e50,plateau,8,batch_004,sample_0120,False,0.008391754671198423,0.011285867361645234,0.03280162811279297
loco_plateau,fire_only,43,b004_0136,04889ebdfb5784327f3b9088bf6df01afa628294490b202c173ef0b14838e962,plateau,2,batch_004,sample_0125,False,0.007389942153555448,0.010764937321266842,0.03957492113113403
loco_plateau,fire_only,43,b004_0147,1fa51a6e404fd88eb385d6766311d069515a32e28126ff01697c509152d5f502,plateau,7,batch_004,sample_0131,False,0.024373695498607198,0.02676741713312986,0.04550495743751526
loco_plateau,fire_only,43,b004_0154,aac35af72b9a33754898cad920897b67d2af68b9260ad250b7fcaebd06f32dcc,plateau,8,batch_004,sample_0136,False,0.009710162328403504,0.011909653476689874,0.02737608551979065
loco_plateau,fire_only,43,b004_0155,1d0a46c8f6e17a86034c6bb9d66c4b03d098b69ff514fc02f28ea63be0b42c7e,plateau,6,batch_004,sample_0137,False,0.009756559719804858,0.012582267956123978,0.02851921319961548
loco_plateau,fire_only,43,b004_0163,4873613114b6d71d3a19feac4e2a6cca6a1aea7cedee70e6461fcb308fcd40a1,plateau,8,batch_004,sample_0144,False,0.015299772385691033,0.017700327557514543,0.0283888578414917
loco_plateau,fire_only,43,b004_0166,8acc23b2c14cbb42c17a2dcc988fac65c64813d2829e3784719d447b5ed718b7,plateau,6,batch_004,sample_0146,False,0.006630558276274165,0.008965002947952947,0.02906709909439087
loco_plateau,fire_only,43,b004_0189,83c666a66b41c149f65ddc8bd970a7e25625b9d2da4a74aa495eb63512733e3d,plateau,1,batch_004,sample_0163,False,0.02116489972247452,0.024116309628588926,0.027987897396087646
loco_plateau,fire_only,43,b004_0192,e59076b7dd3091c6a35a126a9200a5d87d04f635db59270bb6abf483a0ca6b6b,plateau,3,batch_004,sample_0166,False,0.007330447191097697,0.009484053378154339,0.030626237392425537
loco_plateau,fire_only,43,b004_0198,36b24bbee6d7a71d6d85eb0f4637e3435adb468ab33422dad8a99a2687c94a43,plateau,3,batch_004,sample_0172,False,0.0105002794842251,0.013154648355431212,0.024997055530548096
loco_plateau,fire_only,43,b004_0206,0f83d6a5c144dfa616333adc1bd57529c0d4b0a6391f6abd2b3df69ae12643d9,plateau,8,batch_004,sample_0176,False,0.019125593490287907,0.021852288382810857,0.045882463455200195
loco_plateau,fire_only,43,b004_0208,1e7355104cb1bc6623bb84e83c8b136fc6530491967649406726860c46d55882,plateau,3,batch_004,sample_0177,False,0.008889249480161511,0.01323284568412249,0.04017329216003418
loco_plateau,fire_only,43,b004_0209,440c0cdd2e0fa5883c06758ead647f3129254dd10b206bf0c4a01275bc82806b,plateau,7,batch_004,sample_0178,False,0.03372169615792447,0.037992576237583654,0.05749940872192383
loco_plateau,fire_only,43,b004_0226,61bdc1b24112322d60eb9bd84ba71d642a105873858653a3edd7bfe0a5c1b34e,plateau,7,batch_004,sample_0190,False,0.006800842334012516,0.009683130005124135,0.04092204570770264
loco_plateau,fire_only,43,b004_0229,af1d00f7a0b787f92bf6455e06a745c2e040b11b6d56cb70a91a0e9bbecca3e3,plateau,4,batch_004,sample_0193,False,0.007861921227857714,0.010355091169242579,0.03340357542037964
loco_plateau,fire_only,43,b004_0232,c19c313f6ced6796888a79b2f089c97c626a7f821d056d6da34ee52cdd9ede4e,plateau,2,batch_004,sample_0195,False,0.01952346426541688,0.022180320052860927,0.03394681215286255
loco_plateau,fire_only,43,b004_0238,ab344aa6b1603d38f985e697b8d5e23f92cabe2cfdec495cd63bf30832b339b7,plateau,3,batch_004,sample_0201,False,0.01113084990714417,0.01311285403230302,0.03606736660003662
loco_plateau,fire_only,43,b004_0269,4bc4fd552a3fec6bec5222fbe2344ba232c661859418bb0be167915721ee5291,plateau,5,batch_004,sample_0225,False,0.007890276244429291,0.009620997546502726,0.020897269248962402
loco_plateau,fire_only,43,b004_0270,6e734c0ce0d34a99ed4ad267e7228f80d1e1937ed9cfb2a2531b08dd05b3f9f4,plateau,2,batch_004,sample_0226,False,0.00848046995577265,0.01121504220749972,0.037361741065979004
loco_plateau,fire_only,43,b004_0276,7b18e593b02cd8067d1393f0e63f941e25eff1aa515facc3feca5d594c0b32f6,plateau,3,batch_004,sample_0231,False,0.009509407105993052,0.013482031471500507,0.0437391996383667
loco_plateau,fire_only,43,b004_0280,99c63bb4954aeef83d20697237d20468a2082dc550b92994ed9c8b0d2e53aeb4,plateau,3,batch_004,sample_0235,False,0.005995219726054395,0.008583083903789583,0.01677989959716797
loco_plateau,fire_only,43,b004_0284,315251daf704e2ddebf079b4618bac7ddc803651927693240201fda0ae19713e,plateau,7,batch_004,sample_0238,False,0.009527907508318542,0.01140954158413774,0.014480531215667725
loco_plateau,fire_only,43,b004_0285,538882c9fc437f403f576e9537afa2d0e9d19640d587ec09abf294580a7a5439,plateau,5,batch_004,sample_0239,False,0.00942719886537458,0.011249551026488325,0.03272217512130737
loco_plateau,fire_only,43,b004_0286,1f1d5a524d03753ee50cb34e15a725be31a3f16360c0873f815fa3617c634af9,plateau,2,batch_004,sample_0240,False,0.008581512714507149,0.011266006705212628,0.014460325241088867
loco_plateau,fire_only,43,b004_0291,5cb317353c4e3be13450815c4705cf51b35ccbcd7f9d37f0e177ea0c467b5f57,plateau,1,batch_004,sample_0243,False,0.007430632644500889,0.010093827093368708,0.022700130939483643
loco_plateau,fire_only,43,b004_0298,caa33739bb94bf3e4107ea13ebaefa854b1845ee09a860ac973faad33ffc7834,plateau,5,batch_004,sample_0250,False,0.008893438538566965,0.010468705591378183,0.02770155668258667
loco_plateau,fire_only,43,b004_0303,de67b515620baea3c5921d16c351e24f283039e6be0dbb711689e9c13ccfdcd8,plateau,7,batch_004,sample_0254,False,0.009866217120749051,0.012546058751300507,0.0245017409324646
loco_plateau,fire_only,43,b004_0312,aae428a0b7988c9a08ec2cd887e629b34ead9427365e120773f787d5e67957c1,plateau,8,batch_004,sample_0261,False,0.010748279876396304,0.013145144391144963,0.027668476104736328
loco_plateau,fire_only,43,b004_0328,230d653e29b05c6cac38da6d0de4c13e4f666cbcf2f18fd0f9301c8565cc11a3,plateau,4,batch_004,sample_0274,False,0.011806092301353079,0.016509054941671007,0.029012620449066162
loco_plateau,fire_only,43,b004_0335,3af73a16bdf592f38afc48342dd2996cc2332054b38bc004699cef76f2f2027c,plateau,4,batch_004,sample_0278,False,0.010890610393930654,0.014155570658749134,0.04733306169509888
loco_plateau,fire_only,43,b004_0336,b1a27cded5990829ff83324d88a32190c7c9723de6ef9887de3b888774969a57,plateau,1,batch_004,sample_0279,False,0.019966164084731557,0.024433102025556253,0.022536635398864746
loco_plateau,fire_only,43,b004_0367,c318564675cfb510af8b85e2c440c5474c6897ca4e9cdaf29a6217c1c607614e,plateau,5,batch_004,sample_0304,False,0.010780863097456635,0.01319358384940899,0.04684394598007202
loco_plateau,fire_only,43,b004_0378,b10baedc312e4d2d36427845a0f1a1cbffe556d2f64623a9674249752d97956c,plateau,8,batch_004,sample_0313,False,0.01128959771795351,0.012630211426634437,0.03186500072479248
loco_plateau,fire_only,43,b004_0379,c6e6ea944f341106836d770add03411f9b6a1a984c07c96bec5e68fdcf226108,plateau,6,batch_004,sample_0314,False,0.006422561211664168,0.008175356699185418,0.02756422758102417
loco_plateau,fire_only,43,b004_0385,1669f1f0995158292efaccb221bf4e371f369d987f6008fc5bbb7afeb0d048df,plateau,7,batch_004,sample_0319,False,0.016358290783694534,0.018223661327847283,0.01490938663482666
loco_plateau,fire_only,43,b004_0387,09be75b148104dc8d00eb69fe791588c388b9ebb3038b53094e45349b135be7d,plateau,8,batch_004,sample_0321,False,0.011780175273535682,0.012911922935731675,0.020636022090911865
loco_plateau,fire_only,43,b005_0318,924387d745bc9120e456294ff4a08ad9a1d65425b1cd2775143ca2ab2f71ce55,plateau,7,batch_005,sample_0582,False,0.008935869961488442,0.01259312708005277,0.043113768100738525
loco_plateau,fire_only,43,b005_0319,800520051cbd61e759abc8ff464d9452f0af7501ab267ce886d3229fe3d764b4,plateau,2,batch_005,sample_0583,False,0.013883116059615964,0.01654717751997297,0.04484856128692627
loco_plateau,fire_only,43,b005_0320,ef3c4b806db3686e52b040856eeaa178271e38922d72178a07cfb1b60c5a9815,plateau,9,batch_005,sample_0584,False,0.008133370612488418,0.015171424154857973,0.04199337959289551
loco_plateau,fire_only,43,b005_0322,dfa2ca4229967a5ccb2b1248146a521a8c13b2c9123ed436514968a5b39c468b,plateau,12,batch_005,sample_0585,False,0.02161727100610733,0.024268266108539483,0.038714706897735596
loco_plateau,fire_only,43,b005_0323,cce3714177813b75d94654611ce899a21ca23c71fe16d59197e83af8d254e95f,plateau,11,batch_005,sample_0586,False,0.009998252401586439,0.013903252215862897,0.029179275035858154
loco_plateau,fire_only,43,b005_0324,27fb8c31fc60138ca610456685ff39808517e467177b4b76e23ad2cc9ef40e79,plateau,3,batch_005,sample_0587,False,0.009540778935932722,0.012387146173685363,0.04006314277648926
loco_plateau,fire_only,43,b005_0325,57c15407e4e74b16ef1107b3fd3d0f28bd18e2d5f422f8887bb3ae4f2ee71cfd,plateau,6,batch_005,sample_0588,False,0.006727057157969865,0.008193493371833211,0.022817939519882202
loco_plateau,fire_only,43,b005_0326,e2760e685a5883648d6d91d72b6f825497ff6177a7ae51fd1d4a4f618192fbd3,plateau,4,batch_005,sample_0589,False,0.010470324012710423,0.012992688981384906,0.02943776547908783
loco_plateau,fire_only,43,b005_0327,c0f2d02506a33f5dad5fa8e5c65ba0f14cdafffb85f55797608be3df54e8cf61,plateau,1,batch_005,sample_0590,False,0.016929910075469096,0.020210810580287206,0.010712981224060059
loco_plateau,fire_only,43,b005_0328,55b4a6a2ff50fc37c4d86d31a2943c392e669602f37411c18ea7e0f718c7a49b,plateau,10,batch_005,sample_0591,False,0.02801879874018372,0.030753945620673316,0.057258427143096924
loco_plateau,fire_only,43,b005_0329,25396912ea3a078cfdcae941ea89787bb0803f1346b6c5c886e75f5af0e4014c,plateau,5,batch_005,sample_0592,False,0.01871254991312496,0.020451982180197833,0.04130667448043823
loco_plateau,fire_only,43,b005_0330,2d2987c8fa8b70de85851fccd3598561568f323c9bc1e48b9082c225851dca74,plateau,7,batch_005,sample_0593,False,0.010524676960022723,0.01224670163613682,0.041712403297424316
loco_plateau,fire_only,43,b005_0331,fe117b09b49c597131e2f6e1b8feb5a597f6b009e1fc51e947e1c4258965cb3a,plateau,8,batch_005,sample_0594,False,0.011780101134151708,0.017608536626443856,0.06793498992919922
loco_plateau,fire_only,43,b005_0332,8ef7167927072aa036a58c5f6faa4277ddbc7c3f91bcb16661ae1d24abac8490,plateau,8,batch_005,sample_0595,False,0.009103472237704231,0.010935762384587678,0.013659358024597168
loco_plateau,fire_only,43,b005_0333,c3c2056eaa15eef1a5f1836e18a193479b6f32b671a8a83de228a107692ada54,plateau,1,batch_005,sample_0596,False,0.011450109423184003,0.013337104322383468,0.028499066829681396
loco_plateau,fire_only,43,b005_0334,3bbd10db0ca1e022a95db792674aa00f019fd5856e68ce360feb007d0fe711f4,plateau,14,batch_005,sample_0597,False,0.012410183421901016,0.0161994758862982,0.032746970653533936
loco_plateau,fire_only,43,b005_0336,0747b020d2d22e1f5e7519b418cc9b8327b7656cbdb5b6a0c84c741abbc0e102,plateau,5,batch_005,sample_0598,False,0.019248046347352325,0.021698916682115387,0.04127401113510132
loco_plateau,fire_only,43,b005_0338,115982b394b483309f71c61baca7ee9f7623a932a8116d9e7603f0819aecb7ce,plateau,11,batch_005,sample_0599,False,0.015345023303735451,0.01944108924130248,0.023134350776672363
loco_plateau,fire_only,43,b005_0339,5a157ab2ed0b98a6d23ad8857e1765864193424d5249af315f29d82bd5969aec,plateau,1,batch_005,sample_0600,False,0.01301496781286646,0.015889008250256995,0.02901005744934082
loco_plateau,fire_only,43,b005_0341,aa391e2b07bdd6168406810253aa95ddc48980e3dc4f63b3df9c1ea6807dbc8e,plateau,9,batch_005,sample_0601,False,0.011385266959178643,0.015239268445555567,0.021501362323760986
loco_plateau,fire_only,43,b005_0344,6eb77d3cd6491920848da180bb4de9dc6bc0b37ef91bd1ab7ff630ab55038dfb,plateau,8,batch_005,sample_0602,False,0.023732285030552597,0.025418139632810057,0.04908168315887451
loco_plateau,fire_only,43,b005_0345,a300e398fad1a0e6431c0978a839d6f5ba716e8b388e8dda603311639de6f280,plateau,4,batch_005,sample_0603,False,0.006449595338008443,0.00910522203046009,0.046053171157836914
loco_plateau,fire_only,43,b005_0346,64090025074679c6ba642a06fb71e932babe2025b967ef6f2f6b1d8f5ad03bba,plateau,7,batch_005,sample_0604,False,0.011359306510354652,0.016782612167077778,0.057832956314086914
loco_plateau,fire_only,43,b005_0347,f351afe68d58358a3632f7f01ae10c313d89f47accf5981900e558140d1bfbff,plateau,8,batch_005,sample_0605,False,0.03681889640503242,0.0401071097022275,0.05315984785556793
loco_plateau,fire_only,43,b005_0348,9047f61e8be36c807011000fd79892f9747fc9f2b5d36e0905a12cc71cf27077,plateau,5,batch_005,sample_0606,False,0.007242754346034566,0.011456883528957896,0.04319566488265991
loco_plateau,fire_only,43,b005_0349,c30ce3c339ea2d458d6b92c6a2de60810ca4393b4b9c7acd9f3e78a68c60481d,plateau,8,batch_005,sample_0607,False,0.010740738209398066,0.014551308443707792,0.03985673189163208
loco_plateau,fire_only,43,b005_0350,1023f3a6c18df8c4890c9d45fa6b65adbbc9733ddc3561c3e25572947e28011e,plateau,4,batch_005,sample_0608,False,0.010162340385503456,0.013582824059898592,0.0363030731678009
loco_plateau,fire_only,43,b005_0351,f915d37994404288414823d1bbb6b5e3931c9ad94ae24b67272d3c8362d85400,plateau,9,batch_005,sample_0609,False,0.01856310653393386,0.021811749904529536,0.047151416540145874
loco_plateau,fire_only,43,b005_0352,5f0ae19a03996e46eda8c90413fc45b8985b85b82d4f47d4a22a10847efdc7d4,plateau,8,batch_005,sample_0610,False,0.02231737238461854,0.025115652740323468,0.04024180769920349
loco_plateau,fire_only,43,b005_0353,05e5a33d12166760b02827e96c5a0446d2d46d0bac028f2a76145a206386e918,plateau,6,batch_005,sample_0611,False,0.010238366415266131,0.011928011701686258,0.0320279598236084
loco_plateau,fire_only,43,b005_0354,fadf7a0b5c1bc2a8d8355725a59dcbd92af98cb7514eabc127842f5c4b4bef47,plateau,8,batch_005,sample_0612,False,0.010432826690986509,0.014809923921814076,0.04684680700302124
loco_plateau,fire_only,43,b005_0355,4d85219246b5dad59cb85d9fa3c1936680c4c9ef047c5cef4218f3b15c1e939c,plateau,4,batch_005,sample_0613,False,0.013449063066576348,0.015598293265942302,0.0306013822555542
loco_plateau,fire_only,43,b005_0356,4d68bdd50ef81490f46d2a8e1897ab3bb663920d094e1cbb0b28ba7113382e88,plateau,2,batch_005,sample_0614,False,0.007455120809742662,0.009022493367751011,0.020181268453598022
loco_plateau,fire_only,43,b005_0359,4c1573f83055d1187f7f6cd3d9baae0038086645d81eee72897606cc9d5c570c,plateau,5,batch_005,sample_0615,False,0.01340341974110877,0.016024097721776497,0.042681872844696045
loco_plateau,fire_only,43,b005_0360,686bd58ef008dcf1a1a7c6f4d10f2f843038b4350a135434e4ccc66a580f0f5d,plateau,8,batch_005,sample_0616,False,0.007411730338315495,0.01105047268025987,0.032707035541534424
loco_plateau,fire_only,43,b005_0361,96f4761fc6c8f7f70f150f08d1184ebb6ce1b5aaa442426bf462bb08296c1a3b,plateau,8,batch_005,sample_0617,False,0.015331380924240488,0.022189841482850144,0.08657479286193848
loco_plateau,fire_only,43,b005_0362,1afc1c036950d3674b72ba96e3a3beaf89086ebc191f828798460411f6637095,plateau,14,batch_005,sample_0618,False,0.019475922477049906,0.022597372769480206,0.043634265661239624
loco_plateau,fire_only,43,b005_0363,c4e17a05dde40f17497a58db0f20c7fa3893089c99b4e61d2abb1683d73c2708,plateau,3,batch_005,sample_0619,False,0.009305755134488716,0.01360772811137724,0.04428219795227051
loco_plateau,fire_only,43,b005_0364,f789b385523cb681d859a20015bfbe6406d3d1a4e0993fd9931fc56524052232,plateau,7,batch_005,sample_0620,False,0.011368790366610542,0.014199377811851219,0.026469111442565918
loco_plateau,fire_only,43,b005_0365,bf0f2b2de55694fffbc786504dd644ea825c40182b9b220d53b89c8a37ed6c50,plateau,2,batch_005,sample_0621,False,0.00812540068978169,0.010151387048443258,0.02226768434047699
loco_plateau,fire_only,43,b005_0366,ff9baf0d1ecf79479db89955f4239351d1d12145c830cf12c7c6743740bef107,plateau,1,batch_005,sample_0622,False,0.011577911674976349,0.01392383515858185,0.016870439052581787
loco_plateau,fire_only,43,b005_0367,55ae06c4d49e4f4bca3994c646b4a4477cbe684a94491baec3ccacaf8913cdc4,plateau,6,batch_005,sample_0623,False,0.009502019916401535,0.01095469476984487,0.02257835865020752
loco_plateau,fire_only,43,b005_0369,3d7c1523d7f7a701ba8c8c8653f377b8bce5dcb75dd5e777fc37ea2547a10cd1,plateau,11,batch_005,sample_0624,False,0.012270126430714717,0.015610818122971704,0.01605820655822754
loco_plateau,fire_only,43,b005_0370,02430a0e963a0b380b2bc0d082219d1cf06081fa567fed08f912ffa7dfe10051,plateau,5,batch_005,sample_0625,False,0.014926270871865944,0.01635432255532077,0.0067330002784729
loco_plateau,fire_only,43,b005_0374,e78a3e8bf3a5373c93d1d439c82fbdadf0d6d220b3240b14bb5f3bc3f6e4f09a,plateau,1,batch_005,sample_0626,False,0.018765744127211024,0.022545986658994037,0.03431206941604614
loco_plateau,fire_only,43,b005_0376,e2cf5195bd63a11d9d1ca2e66c51888dcca34e1ae84251c784a18a3f37096e59,plateau,3,batch_005,sample_0627,False,0.00830683991557262,0.013022926273759058,0.037197768688201904
loco_plateau,fire_only,43,b005_0377,3f7f8648f1cca1b0bde98bd8dd3709da82b522777e245fb04f2e547d74fb458c,plateau,3,batch_005,sample_0628,False,0.011719903252163872,0.014123936381658323,0.03494250774383545
loco_plateau,fire_only,43,b005_0378,046e2b649304ef7368e59229d0d93e66e7a45cef80450c188bed4c2d3d1fdc8d,plateau,11,batch_005,sample_0629,False,0.017843829559498144,0.020180186524512204,0.03607738018035889
loco_plateau,fire_only,43,b005_0379,1f409b6e03f9441ff3c5c3fc66e0db956031025ffca1702ed23e99238b6229c9,plateau,15,batch_005,sample_0630,False,0.014292523997728943,0.021049980542572795,0.033221423625946045
loco_plateau,fire_only,43,b005_0380,9373bd39ad3438c8b68e44ed9913af85cc6aa4598a1d16ee56e8aa54d6b7e8ad,plateau,7,batch_005,sample_0631,False,0.007952893549790148,0.009763662538352497,0.020130261778831482
loco_plateau,fire_only,43,b005_0381,69369739915ea5865caaa0a97202deb36c3f5d9d99624a932280b9ccaec1ad7a,plateau,8,batch_005,sample_0632,False,0.018017555357979945,0.02176071407535619,0.008569717407226562
loco_plateau,fire_only,43,b005_0382,2d2b38ecba4efd0196a13bbe391dd3bf0713ebf5519032458d2874f9b5b799ea,plateau,6,batch_005,sample_0633,False,0.0078004554646914125,0.009644446448985504,0.02359241247177124
loco_plateau,fire_only,43,b005_0383,c3f96572b536df535317375fdc5e4706ac369468646788bb728a81d80ebbf8cd,plateau,9,batch_005,sample_0634,False,0.03575439403047327,0.03958434808299211,0.07824815809726715
loco_plateau,fire_only,43,b005_0384,4f787d72c2991ce6d0932240e622e61affe479a7fa2dd35ab8bcdc5923ff28ed,plateau,13,batch_005,sample_0635,False,0.013313429521732643,0.015823129524415006,0.03526347875595093
loco_plateau,fire_only,43,b005_0386,301947d5dbc16fbb140de6b8a02a472b8129263d9f0a15b48f047dc956897100,plateau,8,batch_005,sample_0636,False,0.017227332855834335,0.019077650850744577,0.035747528076171875
loco_plateau,fire_only,43,b005_0387,8de22ed78a2ba566ad5d579cb268e029471143e2f0356e36c926f297c636ec17,plateau,1,batch_005,sample_0637,False,0.011692490825643305,0.01574548981786018,0.029598712921142578
loco_plateau,fire_only,43,b005_0388,7018dd5a29322b02c1632cd20271bff3ce888a19228aa52114aa77b9400eb91b,plateau,10,batch_005,sample_0638,False,0.009682373067394633,0.013086041618182765,0.027220308780670166
loco_plateau,fire_only,43,b005_0391,befff6f241f67d94d7753d00fbb0c58bb90217d18320366e8efddcc6b98d1cf6,plateau,7,batch_005,sample_0639,False,0.008486687770632446,0.010510009163015623,0.018317580223083496
loco_plateau,fire_only,43,b005_0392,c8557ed9f63b99ebd2c6c477e7131c72de41dc16fb5e94bfd97d94fa611c210b,plateau,10,batch_005,sample_0640,False,0.0174797639006474,0.020119475844612884,0.031148716807365417
loco_plateau,fire_only,43,b005_0393,93eb3bacea701426087e75941806b407760420360c2377bbc814db1682f2a1d4,plateau,5,batch_005,sample_0641,False,0.013301919962539047,0.016815453706522588,0.04664522409439087
loco_plateau,fire_only,43,b005_0394,df92d1d4b0476ec691828cb2651348409e75a7cc4379821060d4a774189be132,plateau,9,batch_005,sample_0642,False,0.019883142265140034,0.02148802625282934,0.039847731590270996
loco_plateau,fire_only,43,b005_0395,83ecfc111bb85fd355498ca7b8a4bb47c26e405c679f3515a1aafc4d7cefab6c,plateau,5,batch_005,sample_0643,False,0.014092264849631513,0.016656677318498278,0.02889317274093628
loco_plateau,fire_only,43,b005_0397,c8766140f84f514dc30d7035d42f2067f8e50cef0a1eee335dbb302ad43b3441,plateau,1,batch_005,sample_0644,False,0.015298612049368561,0.018985669625925093,0.034144580364227295
loco_plateau,fire_only,43,b005_0398,c5312b8757553a4ab6a18f87cd43e9086663093a1069e7c08549a0cd2de261d6,plateau,13,batch_005,sample_0645,False,0.022248725422093125,0.02566228017878315,0.04486584663391113
loco_plateau,fire_only,44,b004_0101,cb286dce3fb5e4de9ce7cd24a593b3729810700f461d4dea7e7e806081a6c243,plateau,7,batch_004,sample_0098,False,0.021009827246431443,0.02461983122041604,0.05398935079574585
loco_plateau,fire_only,44,b004_0106,68a631e45d1432b8c277623aa36bd14caa372804b8363ec96ef67ddc8eb20d1c,plateau,3,batch_004,sample_0102,False,0.009707878664380214,0.013891605435433059,0.04971510171890259
loco_plateau,fire_only,44,b004_0115,f799b5290dd4072521a7449c1abf33ff526f22f67b776e873628d3cbca0ba783,plateau,3,batch_004,sample_0107,False,0.01780519768839977,0.020150974133444043,0.02006399631500244
loco_plateau,fire_only,44,b004_0130,2188740cfe38cf9d440c67431f559d83d2a1ce7ae59ca2bedcf02bb69f466e50,plateau,8,batch_004,sample_0120,False,0.010877408697956899,0.014188827333992087,0.03276890516281128
loco_plateau,fire_only,44,b004_0136,04889ebdfb5784327f3b9088bf6df01afa628294490b202c173ef0b14838e962,plateau,2,batch_004,sample_0125,False,0.008123610474047114,0.011445865897221614,0.038707613945007324
loco_plateau,fire_only,44,b004_0147,1fa51a6e404fd88eb385d6766311d069515a32e28126ff01697c509152d5f502,plateau,7,batch_004,sample_0131,False,0.02695575368697526,0.03021288314802187,0.052176594734191895
loco_plateau,fire_only,44,b004_0154,aac35af72b9a33754898cad920897b67d2af68b9260ad250b7fcaebd06f32dcc,plateau,8,batch_004,sample_0136,False,0.011827911570912501,0.014281780442717128,0.03218850493431091
loco_plateau,fire_only,44,b004_0155,1d0a46c8f6e17a86034c6bb9d66c4b03d098b69ff514fc02f28ea63be0b42c7e,plateau,6,batch_004,sample_0137,False,0.010038611585976647,0.012195557830292815,0.02765190601348877
loco_plateau,fire_only,44,b004_0163,4873613114b6d71d3a19feac4e2a6cca6a1aea7cedee70e6461fcb308fcd40a1,plateau,8,batch_004,sample_0144,False,0.013292341447267377,0.015426294464430562,0.028584003448486328
loco_plateau,fire_only,44,b004_0166,8acc23b2c14cbb42c17a2dcc988fac65c64813d2829e3784719d447b5ed718b7,plateau,6,batch_004,sample_0146,False,0.009043291027917236,0.01166635895180919,0.02819979190826416
loco_plateau,fire_only,44,b004_0189,83c666a66b41c149f65ddc8bd970a7e25625b9d2da4a74aa495eb63512733e3d,plateau,1,batch_004,sample_0163,False,0.022995057653208247,0.025935816665638742,0.029333889484405518
loco_plateau,fire_only,44,b004_0192,e59076b7dd3091c6a35a126a9200a5d87d04f635db59270bb6abf483a0ca6b6b,plateau,3,batch_004,sample_0166,False,0.008709663494688566,0.010792998250173312,0.029758930206298828
loco_plateau,fire_only,44,b004_0198,36b24bbee6d7a71d6d85eb0f4637e3435adb468ab33422dad8a99a2687c94a43,plateau,3,batch_004,sample_0172,False,0.009277302588595718,0.012275314194642832,0.024129748344421387
loco_plateau,fire_only,44,b004_0206,0f83d6a5c144dfa616333adc1bd57529c0d4b0a6391f6abd2b3df69ae12643d9,plateau,8,batch_004,sample_0176,False,0.01717277017773175,0.019970726375498654,0.04240742325782776
loco_plateau,fire_only,44,b004_0208,1e7355104cb1bc6623bb84e83c8b136fc6530491967649406726860c46d55882,plateau,3,batch_004,sample_0177,False,0.010688072833858553,0.014324038485686056,0.03906738758087158
loco_plateau,fire_only,44,b004_0209,440c0cdd2e0fa5883c06758ead647f3129254dd10b206bf0c4a01275bc82806b,plateau,7,batch_004,sample_0178,False,0.031894270269597166,0.03589390252586676,0.05479323863983154
loco_plateau,fire_only,44,b004_0226,61bdc1b24112322d60eb9bd84ba71d642a105873858653a3edd7bfe0a5c1b34e,plateau,7,batch_004,sample_0190,False,0.00817277587828089,0.010592413982069851,0.04005473852157593
loco_plateau,fire_only,44,b004_0229,af1d00f7a0b787f92bf6455e06a745c2e040b11b6d56cb70a91a0e9bbecca3e3,plateau,4,batch_004,sample_0193,False,0.01018466940913044,0.01294479547967387,0.03253626823425293
loco_plateau,fire_only,44,b004_0232,c19c313f6ced6796888a79b2f089c97c626a7f821d056d6da34ee52cdd9ede4e,plateau,2,batch_004,sample_0195,False,0.021387136617644888,0.02372892710105125,0.03307950496673584
loco_plateau,fire_only,44,b004_0238,ab344aa6b1603d38f985e697b8d5e23f92cabe2cfdec495cd63bf30832b339b7,plateau,3,batch_004,sample_0201,False,0.009447652724434118,0.01168019260145719,0.03520005941390991
loco_plateau,fire_only,44,b004_0269,4bc4fd552a3fec6bec5222fbe2344ba232c661859418bb0be167915721ee5291,plateau,5,batch_004,sample_0225,False,0.006807198045683689,0.008671351117818887,0.020029962062835693
loco_plateau,fire_only,44,b004_0270,6e734c0ce0d34a99ed4ad267e7228f80d1e1937ed9cfb2a2531b08dd05b3f9f4,plateau,2,batch_004,sample_0226,False,0.008466407534528951,0.011411080163186461,0.036494433879852295
loco_plateau,fire_only,44,b004_0276,7b18e593b02cd8067d1393f0e63f941e25eff1aa515facc3feca5d594c0b32f6,plateau,3,batch_004,sample_0231,False,0.011993287772428795,0.015828849718500813,0.04287189245223999
loco_plateau,fire_only,44,b004_0280,99c63bb4954aeef83d20697237d20468a2082dc550b92994ed9c8b0d2e53aeb4,plateau,3,batch_004,sample_0235,False,0.008078401328110303,0.010731417507188788,0.022586390376091003
loco_plateau,fire_only,44,b004_0284,315251daf704e2ddebf079b4618bac7ddc803651927693240201fda0ae19713e,plateau,7,batch_004,sample_0238,False,0.008525342970597939,0.011176563510697988,0.013613224029541016
loco_plateau,fire_only,44,b004_0285,538882c9fc437f403f576e9537afa2d0e9d19640d587ec09abf294580a7a5439,plateau,5,batch_004,sample_0239,False,0.009317734202400584,0.011348904721062434,0.033291518688201904
loco_plateau,fire_only,44,b004_0286,1f1d5a524d03753ee50cb34e15a725be31a3f16360c0873f815fa3617c634af9,plateau,2,batch_004,sample_0240,False,0.00829640012539801,0.011112860574628371,0.023408696055412292
loco_plateau,fire_only,44,b004_0291,5cb317353c4e3be13450815c4705cf51b35ccbcd7f9d37f0e177ea0c467b5f57,plateau,1,batch_004,sample_0243,False,0.008942410533056885,0.011936134654932444,0.03583022952079773
loco_plateau,fire_only,44,b004_0298,caa33739bb94bf3e4107ea13ebaefa854b1845ee09a860ac973faad33ffc7834,plateau,5,batch_004,sample_0250,False,0.00975344928561664,0.011335606962756884,0.02683424949645996
loco_plateau,fire_only,44,b004_0303,de67b515620baea3c5921d16c351e24f283039e6be0dbb711689e9c13ccfdcd8,plateau,7,batch_004,sample_0254,False,0.008581479797597791,0.010851348205855748,0.02347874641418457
loco_plateau,fire_only,44,b004_0312,aae428a0b7988c9a08ec2cd887e629b34ead9427365e120773f787d5e67957c1,plateau,8,batch_004,sample_0261,False,0.01114514738809867,0.013031007084868755,0.026804745197296143
loco_plateau,fire_only,44,b004_0328,230d653e29b05c6cac38da6d0de4c13e4f666cbcf2f18fd0f9301c8565cc11a3,plateau,4,batch_004,sample_0274,False,0.010092923509292915,0.015620560533873359,0.028145313262939453
loco_plateau,fire_only,44,b004_0335,3af73a16bdf592f38afc48342dd2996cc2332054b38bc004699cef76f2f2027c,plateau,4,batch_004,sample_0278,False,0.01160608280877598,0.014292127996754856,0.04646575450897217
loco_plateau,fire_only,44,b004_0336,b1a27cded5990829ff83324d88a32190c7c9723de6ef9887de3b888774969a57,plateau,1,batch_004,sample_0279,False,0.02167450770980022,0.02582715075830776,0.021669328212738037
loco_plateau,fire_only,44,b004_0367,c318564675cfb510af8b85e2c440c5474c6897ca4e9cdaf29a6217c1c607614e,plateau,5,batch_004,sample_0304,False,0.01188438910929883,0.014222414761766108,0.04597663879394531
loco_plateau,fire_only,44,b004_0378,b10baedc312e4d2d36427845a0f1a1cbffe556d2f64623a9674249752d97956c,plateau,8,batch_004,sample_0313,False,0.01376136386247932,0.01575172409276605,0.03099769353866577
loco_plateau,fire_only,44,b004_0379,c6e6ea944f341106836d770add03411f9b6a1a984c07c96bec5e68fdcf226108,plateau,6,batch_004,sample_0314,False,0.007147183794467176,0.00922080932221086,0.02669692039489746
loco_plateau,fire_only,44,b004_0385,1669f1f0995158292efaccb221bf4e371f369d987f6008fc5bbb7afeb0d048df,plateau,7,batch_004,sample_0319,False,0.018050021324001374,0.020179970179623034,0.014042079448699951
loco_plateau,fire_only,44,b004_0387,09be75b148104dc8d00eb69fe791588c388b9ebb3038b53094e45349b135be7d,plateau,8,batch_004,sample_0321,False,0.009917435098866948,0.011009838083145441,0.022297918796539307
loco_plateau,fire_only,44,b005_0318,924387d745bc9120e456294ff4a08ad9a1d65425b1cd2775143ca2ab2f71ce55,plateau,7,batch_005,sample_0582,False,0.011828897917856936,0.014495526311369746,0.042246460914611816
loco_plateau,fire_only,44,b005_0319,800520051cbd61e759abc8ff464d9452f0af7501ab267ce886d3229fe3d764b4,plateau,2,batch_005,sample_0583,False,0.016792450527675817,0.01902039534272668,0.04398125410079956
loco_plateau,fire_only,44,b005_0320,ef3c4b806db3686e52b040856eeaa178271e38922d72178a07cfb1b60c5a9815,plateau,9,batch_005,sample_0584,False,0.00847394245325542,0.01542384884778417,0.04112964868545532
loco_plateau,fire_only,44,b005_0322,dfa2ca4229967a5ccb2b1248146a521a8c13b2c9123ed436514968a5b39c468b,plateau,12,batch_005,sample_0585,False,0.022851116955280304,0.025587516011852194,0.041841283440589905
loco_plateau,fire_only,44,b005_0323,cce3714177813b75d94654611ce899a21ca23c71fe16d59197e83af8d254e95f,plateau,11,batch_005,sample_0586,False,0.010378757216891304,0.014220091178420288,0.029748618602752686
loco_plateau,fire_only,44,b005_0324,27fb8c31fc60138ca610456685ff39808517e467177b4b76e23ad2cc9ef40e79,plateau,3,batch_005,sample_0587,False,0.009677200043787722,0.013159398560986694,0.03919583559036255
loco_plateau,fire_only,44,b005_0325,57c15407e4e74b16ef1107b3fd3d0f28bd18e2d5f422f8887bb3ae4f2ee71cfd,plateau,6,batch_005,sample_0588,False,0.006213045755370719,0.0078018654890731265,0.02257201075553894
loco_plateau,fire_only,44,b005_0326,e2760e685a5883648d6d91d72b6f825497ff6177a7ae51fd1d4a4f618192fbd3,plateau,4,batch_005,sample_0589,False,0.011236647189762748,0.01428395768554724,0.03755512833595276
loco_plateau,fire_only,44,b005_0327,c0f2d02506a33f5dad5fa8e5c65ba0f14cdafffb85f55797608be3df54e8cf61,plateau,1,batch_005,sample_0590,False,0.018343821167945862,0.02121089684413073,0.00984567403793335
loco_plateau,fire_only,44,b005_0328,55b4a6a2ff50fc37c4d86d31a2943c392e669602f37411c18ea7e0f718c7a49b,plateau,10,batch_005,sample_0591,False,0.027614436921526174,0.030602036943343416,0.057827770709991455
loco_plateau,fire_only,44,b005_0329,25396912ea3a078cfdcae941ea89787bb0803f1346b6c5c886e75f5af0e4014c,plateau,5,batch_005,sample_0592,False,0.018064643027352504,0.019981194996772454,0.04043936729431152
loco_plateau,fire_only,44,b005_0330,2d2987c8fa8b70de85851fccd3598561568f323c9bc1e48b9082c225851dca74,plateau,7,batch_005,sample_0593,False,0.010080114617699483,0.01182624878426757,0.04084509611129761
loco_plateau,fire_only,44,b005_0331,fe117b09b49c597131e2f6e1b8feb5a597f6b009e1fc51e947e1c4258965cb3a,plateau,8,batch_005,sample_0594,False,0.011104307763400625,0.017415403334996103,0.06610578298568726
loco_plateau,fire_only,44,b005_0332,8ef7167927072aa036a58c5f6faa4277ddbc7c3f91bcb16661ae1d24abac8490,plateau,8,batch_005,sample_0595,False,0.011396208991769885,0.012842949213235075,0.012792050838470459
loco_plateau,fire_only,44,b005_0333,c3c2056eaa15eef1a5f1836e18a193479b6f32b671a8a83de228a107692ada54,plateau,1,batch_005,sample_0596,False,0.011113502940193552,0.013152113911124462,0.027631759643554688
loco_plateau,fire_only,44,b005_0334,3bbd10db0ca1e022a95db792674aa00f019fd5856e68ce360feb007d0fe711f4,plateau,14,batch_005,sample_0597,False,0.012935475247805236,0.016696817478269767,0.03310269117355347
loco_plateau,fire_only,44,b005_0336,0747b020d2d22e1f5e7519b418cc9b8327b7656cbdb5b6a0c84c741abbc0e102,plateau,5,batch_005,sample_0598,False,0.018621546567463485,0.021227382713113137,0.04040670394897461
loco_plateau,fire_only,44,b005_0338,115982b394b483309f71c61baca7ee9f7623a932a8116d9e7603f0819aecb7ce,plateau,11,batch_005,sample_0599,False,0.01910071319243947,0.021626060117502146,0.023440122604370117
loco_plateau,fire_only,44,b005_0339,5a157ab2ed0b98a6d23ad8857e1765864193424d5249af315f29d82bd5969aec,plateau,1,batch_005,sample_0600,False,0.012504654035705035,0.015738131392835666,0.02893659472465515
loco_plateau,fire_only,44,b005_0341,aa391e2b07bdd6168406810253aa95ddc48980e3dc4f63b3df9c1ea6807dbc8e,plateau,9,batch_005,sample_0601,False,0.0132865274294478,0.017034338822075504,0.024253323674201965
loco_plateau,fire_only,44,b005_0344,6eb77d3cd6491920848da180bb4de9dc6bc0b37ef91bd1ab7ff630ab55038dfb,plateau,8,batch_005,sample_0602,False,0.01956253095728452,0.021746995761222333,0.04856252670288086
loco_plateau,fire_only,44,b005_0345,a300e398fad1a0e6431c0978a839d6f5ba716e8b388e8dda603311639de6f280,plateau,4,batch_005,sample_0603,False,0.007450779686208631,0.010060451972072646,0.045185863971710205
loco_plateau,fire_only,44,b005_0346,64090025074679c6ba642a06fb71e932babe2025b967ef6f2f6b1d8f5ad03bba,plateau,7,batch_005,sample_0604,False,0.010539079054457242,0.016778679656506396,0.057067275047302246
loco_plateau,fire_only,44,b005_0347,f351afe68d58358a3632f7f01ae10c313d89f47accf5981900e558140d1bfbff,plateau,8,batch_005,sample_0605,False,0.03418166776661013,0.037370753047325005,0.05356194078922272
loco_plateau,fire_only,44,b005_0348,9047f61e8be36c807011000fd79892f9747fc9f2b5d36e0905a12cc71cf27077,plateau,5,batch_005,sample_0606,False,0.007619421745910019,0.01150860300597122,0.04204055666923523
loco_plateau,fire_only,44,b005_0349,c30ce3c339ea2d458d6b92c6a2de60810ca4393b4b9c7acd9f3e78a68c60481d,plateau,8,batch_005,sample_0607,False,0.011003694542851604,0.014364139653080234,0.04119288921356201
loco_plateau,fire_only,44,b005_0350,1023f3a6c18df8c4890c9d45fa6b65adbbc9733ddc3561c3e25572947e28011e,plateau,4,batch_005,sample_0608,False,0.01504220257772774,0.01845094772179775,0.04758825898170471
loco_plateau,fire_only,44,b005_0351,f915d37994404288414823d1bbb6b5e3931c9ad94ae24b67272d3c8362d85400,plateau,9,batch_005,sample_0609,False,0.017957805610093913,0.02144872077673147,0.045030564069747925
loco_plateau,fire_only,44,b005_0352,5f0ae19a03996e46eda8c90413fc45b8985b85b82d4f47d4a22a10847efdc7d4,plateau,8,batch_005,sample_0610,False,0.018644356214609303,0.02249087321266192,0.04183569550514221
loco_plateau,fire_only,44,b005_0353,05e5a33d12166760b02827e96c5a0446d2d46d0bac028f2a76145a206386e918,plateau,6,batch_005,sample_0611,False,0.01430663771805216,0.015585725642098073,0.027762413024902344
loco_plateau,fire_only,44,b005_0354,fadf7a0b5c1bc2a8d8355725a59dcbd92af98cb7514eabc127842f5c4b4bef47,plateau,8,batch_005,sample_0612,False,0.009796354125757686,0.013902968305383847,0.045983076095581055
loco_plateau,fire_only,44,b005_0355,4d85219246b5dad59cb85d9fa3c1936680c4c9ef047c5cef4218f3b15c1e939c,plateau,4,batch_005,sample_0613,False,0.014787794136610187,0.017113919019382515,0.02973407506942749
loco_plateau,fire_only,44,b005_0356,4d68bdd50ef81490f46d2a8e1897ab3bb663920d094e1cbb0b28ba7113382e88,plateau,2,batch_005,sample_0614,False,0.007431746994862791,0.009829436391736767,0.024576544761657715
loco_plateau,fire_only,44,b005_0359,4c1573f83055d1187f7f6cd3d9baae0038086645d81eee72897606cc9d5c570c,plateau,5,batch_005,sample_0615,False,0.01886362958027691,0.021655303755572293,0.04463064670562744
loco_plateau,fire_only,44,b005_0360,686bd58ef008dcf1a1a7c6f4d10f2f843038b4350a135434e4ccc66a580f0f5d,plateau,8,batch_005,sample_0616,False,0.007411154811499549,0.011097462270613782,0.03293734788894653
loco_plateau,fire_only,44,b005_0361,96f4761fc6c8f7f70f150f08d1184ebb6ce1b5aaa442426bf462bb08296c1a3b,plateau,8,batch_005,sample_0617,False,0.014592345865046392,0.021311005453562744,0.08246272802352905
loco_plateau,fire_only,44,b005_0362,1afc1c036950d3674b72ba96e3a3beaf89086ebc191f828798460411f6637095,plateau,14,batch_005,sample_0618,False,0.015387656503036374,0.02008202606202138,0.04406791925430298
loco_plateau,fire_only,44,b005_0363,c4e17a05dde40f17497a58db0f20c7fa3893089c99b4e61d2abb1683d73c2708,plateau,3,batch_005,sample_0619,False,0.011702432739930074,0.015124615808536026,0.0434148907661438
loco_plateau,fire_only,44,b005_0364,f789b385523cb681d859a20015bfbe6406d3d1a4e0993fd9931fc56524052232,plateau,7,batch_005,sample_0620,False,0.013737672665080086,0.015713257796690944,0.0281408429145813
loco_plateau,fire_only,44,b005_0365,bf0f2b2de55694fffbc786504dd644ea825c40182b9b220d53b89c8a37ed6c50,plateau,2,batch_005,sample_0621,False,0.011523456358518756,0.013683633415224735,0.03555262088775635
loco_plateau,fire_only,44,b005_0366,ff9baf0d1ecf79479db89955f4239351d1d12145c830cf12c7c6743740bef107,plateau,1,batch_005,sample_0622,False,0.01568813927349497,0.01918683022632069,0.023525655269622803
loco_plateau,fire_only,44,b005_0367,55ae06c4d49e4f4bca3994c646b4a4477cbe684a94491baec3ccacaf8913cdc4,plateau,6,batch_005,sample_0623,False,0.008474529705575256,0.010105579942201378,0.02171105146408081
loco_plateau,fire_only,44,b005_0369,3d7c1523d7f7a701ba8c8c8653f377b8bce5dcb75dd5e777fc37ea2547a10cd1,plateau,11,batch_005,sample_0624,False,0.015489043515236651,0.01763169074251402,0.017342597246170044
loco_plateau,fire_only,44,b005_0370,02430a0e963a0b380b2bc0d082219d1cf06081fa567fed08f912ffa7dfe10051,plateau,5,batch_005,sample_0625,False,0.016162095255539067,0.01761170560225318,0.008078992366790771
loco_plateau,fire_only,44,b005_0374,e78a3e8bf3a5373c93d1d439c82fbdadf0d6d220b3240b14bb5f3bc3f6e4f09a,plateau,1,batch_005,sample_0626,False,0.022769051008537166,0.025783992864795238,0.033444762229919434
loco_plateau,fire_only,44,b005_0376,e2cf5195bd63a11d9d1ca2e66c51888dcca34e1ae84251c784a18a3f37096e59,plateau,3,batch_005,sample_0627,False,0.01005125351128031,0.013823367376330458,0.03609186410903931
loco_plateau,fire_only,44,b005_0377,3f7f8648f1cca1b0bde98bd8dd3709da82b522777e245fb04f2e547d74fb458c,plateau,3,batch_005,sample_0628,False,0.009055291775797234,0.01183580815706248,0.03407520055770874
loco_plateau,fire_only,44,b005_0378,046e2b649304ef7368e59229d0d93e66e7a45cef80450c188bed4c2d3d1fdc8d,plateau,11,batch_005,sample_0629,False,0.017827046454929916,0.020608585126157493,0.03664672374725342
loco_plateau,fire_only,44,b005_0379,1f409b6e03f9441ff3c5c3fc66e0db956031025ffca1702ed23e99238b6229c9,plateau,15,batch_005,sample_0630,False,0.013182985733767024,0.020867691716801494,0.033221304416656494
loco_plateau,fire_only,44,b005_0380,9373bd39ad3438c8b68e44ed9913af85cc6aa4598a1d16ee56e8aa54d6b7e8ad,plateau,7,batch_005,sample_0631,False,0.008082622326299792,0.010134903672035423,0.02196986973285675
loco_plateau,fire_only,44,b005_0381,69369739915ea5865caaa0a97202deb36c3f5d9d99624a932280b9ccaec1ad7a,plateau,8,batch_005,sample_0632,False,0.021839105936347462,0.024658272721060862,0.008457958698272705
loco_plateau,fire_only,44,b005_0382,2d2b38ecba4efd0196a13bbe391dd3bf0713ebf5519032458d2874f9b5b799ea,plateau,6,batch_005,sample_0633,False,0.007145111678076572,0.009619441001813564,0.02357625961303711
loco_plateau,fire_only,44,b005_0383,c3f96572b536df535317375fdc5e4706ac369468646788bb728a81d80ebbf8cd,plateau,9,batch_005,sample_0634,False,0.0412587079479069,0.04555886858368474,0.08311423659324646
loco_plateau,fire_only,44,b005_0384,4f787d72c2991ce6d0932240e622e61affe479a7fa2dd35ab8bcdc5923ff28ed,plateau,13,batch_005,sample_0635,False,0.01652410357701974,0.01858899105945509,0.03534889221191406
loco_plateau,fire_only,44,b005_0386,301947d5dbc16fbb140de6b8a02a472b8129263d9f0a15b48f047dc956897100,plateau,8,batch_005,sample_0636,False,0.016055907138058396,0.018316222204605527,0.036316871643066406
loco_plateau,fire_only,44,b005_0387,8de22ed78a2ba566ad5d579cb268e029471143e2f0356e36c926f297c636ec17,plateau,1,batch_005,sample_0637,False,0.013004968431396563,0.01708440684836807,0.03093487024307251
loco_plateau,fire_only,44,b005_0388,7018dd5a29322b02c1632cd20271bff3ce888a19228aa52114aa77b9400eb91b,plateau,10,batch_005,sample_0638,False,0.010335922363351603,0.01339967541420494,0.028892040252685547
loco_plateau,fire_only,44,b005_0391,befff6f241f67d94d7753d00fbb0c58bb90217d18320366e8efddcc6b98d1cf6,plateau,7,batch_005,sample_0639,False,0.007371130964306534,0.01011617075552857,0.01995927095413208
loco_plateau,fire_only,44,b005_0392,c8557ed9f63b99ebd2c6c477e7131c72de41dc16fb5e94bfd97d94fa611c210b,plateau,10,batch_005,sample_0640,False,0.013047460161271642,0.015808746971196976,0.02884310483932495
loco_plateau,fire_only,44,b005_0393,93eb3bacea701426087e75941806b407760420360c2377bbc814db1682f2a1d4,plateau,5,batch_005,sample_0641,False,0.009919187573135877,0.013382773059042048,0.04576432704925537
loco_plateau,fire_only,44,b005_0394,df92d1d4b0476ec691828cb2651348409e75a7cc4379821060d4a774189be132,plateau,9,batch_005,sample_0642,False,0.019319926251153478,0.021062647523055394,0.03938096761703491
loco_plateau,fire_only,44,b005_0395,83ecfc111bb85fd355498ca7b8a4bb47c26e405c679f3515a1aafc4d7cefab6c,plateau,5,batch_005,sample_0643,False,0.014182485762189646,0.01708399262085345,0.029470860958099365
loco_plateau,fire_only,44,b005_0397,c8766140f84f514dc30d7035d42f2067f8e50cef0a1eee335dbb302ad43b3441,plateau,1,batch_005,sample_0644,False,0.01833719992246784,0.021082238696823304,0.034063637256622314
loco_plateau,fire_only,44,b005_0398,c5312b8757553a4ab6a18f87cd43e9086663093a1069e7c08549a0cd2de261d6,plateau,13,batch_005,sample_0645,False,0.02079252043708426,0.02377969142865853,0.03866136074066162
loco_plateau,fire_only,45,b004_0101,cb286dce3fb5e4de9ce7cd24a593b3729810700f461d4dea7e7e806081a6c243,plateau,7,batch_004,sample_0098,False,0.02170971573376265,0.025287846920160017,0.05733007192611694
loco_plateau,fire_only,45,b004_0106,68a631e45d1432b8c277623aa36bd14caa372804b8363ec96ef67ddc8eb20d1c,plateau,3,batch_004,sample_0102,False,0.01285507004769122,0.01599748296682421,0.0485767126083374
loco_plateau,fire_only,45,b004_0115,f799b5290dd4072521a7449c1abf33ff526f22f67b776e873628d3cbca0ba783,plateau,3,batch_004,sample_0107,False,0.017189360544329783,0.019650466652012408,0.018925607204437256
loco_plateau,fire_only,45,b004_0130,2188740cfe38cf9d440c67431f559d83d2a1ce7ae59ca2bedcf02bb69f466e50,plateau,8,batch_004,sample_0120,False,0.006945297915915974,0.010678099413648752,0.0343170166015625
loco_plateau,fire_only,45,b004_0136,04889ebdfb5784327f3b9088bf6df01afa628294490b202c173ef0b14838e962,plateau,2,batch_004,sample_0125,False,0.007863337326733793,0.010836693224206417,0.03756922483444214
loco_plateau,fire_only,45,b004_0147,1fa51a6e404fd88eb385d6766311d069515a32e28126ff01697c509152d5f502,plateau,7,batch_004,sample_0131,False,0.02301518148818954,0.025363988072520285,0.04439800977706909
loco_plateau,fire_only,45,b004_0154,aac35af72b9a33754898cad920897b67d2af68b9260ad250b7fcaebd06f32dcc,plateau,8,batch_004,sample_0136,False,0.008468634891705434,0.010779983376487268,0.024037420749664307
loco_plateau,fire_only,45,b004_0155,1d0a46c8f6e17a86034c6bb9d66c4b03d098b69ff514fc02f28ea63be0b42c7e,plateau,6,batch_004,sample_0137,False,0.010680198913714925,0.01283283292401679,0.026513516902923584
loco_plateau,fire_only,45,b004_0163,4873613114b6d71d3a19feac4e2a6cca6a1aea7cedee70e6461fcb308fcd40a1,plateau,8,batch_004,sample_0144,False,0.013580948114395142,0.015921953205927163,0.030539214611053467
loco_plateau,fire_only,45,b004_0166,8acc23b2c14cbb42c17a2dcc988fac65c64813d2829e3784719d447b5ed718b7,plateau,6,batch_004,sample_0146,False,0.0059858809729091455,0.008023119025213655,0.027061402797698975
loco_plateau,fire_only,45,b004_0189,83c666a66b41c149f65ddc8bd970a7e25625b9d2da4a74aa495eb63512733e3d,plateau,1,batch_004,sample_0163,False,0.022625933905116847,0.025501847642247187,0.031459152698516846
loco_plateau,fire_only,45,b004_0192,e59076b7dd3091c6a35a126a9200a5d87d04f635db59270bb6abf483a0ca6b6b,plateau,3,batch_004,sample_0166,False,0.0067554210908100255,0.008920307668284527,0.028620541095733643
loco_plateau,fire_only,45,b004_0198,36b24bbee6d7a71d6d85eb0f4637e3435adb468ab33422dad8a99a2687c94a43,plateau,3,batch_004,sample_0172,False,0.011926517684440145,0.013762888872686032,0.0229913592338562
loco_plateau,fire_only,45,b004_0206,0f83d6a5c144dfa616333adc1bd57529c0d4b0a6391f6abd2b3df69ae12643d9,plateau,8,batch_004,sample_0176,False,0.017528163360767676,0.02036689175752058,0.04495704174041748
loco_plateau,fire_only,45,b004_0208,1e7355104cb1bc6623bb84e83c8b136fc6530491967649406726860c46d55882,plateau,3,batch_004,sample_0177,False,0.008667528201810649,0.01267647344814647,0.040516674518585205
loco_plateau,fire_only,45,b004_0209,440c0cdd2e0fa5883c06758ead647f3129254dd10b206bf0c4a01275bc82806b,plateau,7,batch_004,sample_0178,False,0.032481519658057414,0.03635697320081132,0.055433452129364014
loco_plateau,fire_only,45,b004_0226,61bdc1b24112322d60eb9bd84ba71d642a105873858653a3edd7bfe0a5c1b34e,plateau,7,batch_004,sample_0190,False,0.008298152782877937,0.010749220417373436,0.03891634941101074
loco_plateau,fire_only,45,b004_0229,af1d00f7a0b787f92bf6455e06a745c2e040b11b6d56cb70a91a0e9bbecca3e3,plateau,4,batch_004,sample_0193,False,0.00668737451072599,0.009435718675637769,0.031397879123687744
loco_plateau,fire_only,45,b004_0232,c19c313f6ced6796888a79b2f089c97c626a7f821d056d6da34ee52cdd9ede4e,plateau,2,batch_004,sample_0195,False,0.021034145208655812,0.023473052779030588,0.031941115856170654
loco_plateau,fire_only,45,b004_0238,ab344aa6b1603d38f985e697b8d5e23f92cabe2cfdec495cd63bf30832b339b7,plateau,3,batch_004,sample_0201,False,0.012315319820505674,0.014098393472825667,0.03406167030334473
loco_plateau,fire_only,45,b004_0269,4bc4fd552a3fec6bec5222fbe2344ba232c661859418bb0be167915721ee5291,plateau,5,batch_004,sample_0225,False,0.007330452076724318,0.009064173704135982,0.022692501544952393
loco_plateau,fire_only,45,b004_0270,6e734c0ce0d34a99ed4ad267e7228f80d1e1937ed9cfb2a2531b08dd05b3f9f4,plateau,2,batch_004,sample_0226,False,0.009428575085323364,0.01197984845003018,0.03535604476928711
loco_plateau,fire_only,45,b004_0276,7b18e593b02cd8067d1393f0e63f941e25eff1aa515facc3feca5d594c0b32f6,plateau,3,batch_004,sample_0231,False,0.008805732196960294,0.01251909031186502,0.041733503341674805
loco_plateau,fire_only,45,b004_0280,99c63bb4954aeef83d20697237d20468a2082dc550b92994ed9c8b0d2e53aeb4,plateau,3,batch_004,sample_0235,False,0.006207790714306909,0.008649839714624862,0.01573723554611206
loco_plateau,fire_only,45,b004_0284,315251daf704e2ddebf079b4618bac7ddc803651927693240201fda0ae19713e,plateau,7,batch_004,sample_0238,False,0.008537087528432002,0.010761135319036682,0.01247483491897583
loco_plateau,fire_only,45,b004_0285,538882c9fc437f403f576e9537afa2d0e9d19640d587ec09abf294580a7a5439,plateau,5,batch_004,sample_0239,False,0.01031501371352399,0.012215417267183996,0.035901010036468506
loco_plateau,fire_only,45,b004_0286,1f1d5a524d03753ee50cb34e15a725be31a3f16360c0873f815fa3617c634af9,plateau,2,batch_004,sample_0240,False,0.010185677008550675,0.01233948589118312,0.012454628944396973
loco_plateau,fire_only,45,b004_0291,5cb317353c4e3be13450815c4705cf51b35ccbcd7f9d37f0e177ea0c467b5f57,plateau,1,batch_004,sample_0243,False,0.007659577688232797,0.009874209653094403,0.0195733904838562
loco_plateau,fire_only,45,b004_0298,caa33739bb94bf3e4107ea13ebaefa854b1845ee09a860ac973faad33ffc7834,plateau,5,batch_004,sample_0250,False,0.009517497947958649,0.011252165674453344,0.025695860385894775
loco_plateau,fire_only,45,b004_0303,de67b515620baea3c5921d16c351e24f283039e6be0dbb711689e9c13ccfdcd8,plateau,7,batch_004,sample_0254,False,0.009018106294459984,0.011967609299497157,0.026652097702026367
loco_plateau,fire_only,45,b004_0312,aae428a0b7988c9a08ec2cd887e629b34ead9427365e120773f787d5e67957c1,plateau,8,batch_004,sample_0261,False,0.01091210886103208,0.012960010284009001,0.02781444787979126
loco_plateau,fire_only,45,b004_0328,230d653e29b05c6cac38da6d0de4c13e4f666cbcf2f18fd0f9301c8565cc11a3,plateau,4,batch_004,sample_0274,False,0.013411270485061114,0.017012948512368193,0.027006924152374268
loco_plateau,fire_only,45,b004_0335,3af73a16bdf592f38afc48342dd2996cc2332054b38bc004699cef76f2f2027c,plateau,4,batch_004,sample_0278,False,0.011194428703824028,0.013961787541372778,0.04532736539840698
loco_plateau,fire_only,45,b004_0336,b1a27cded5990829ff83324d88a32190c7c9723de6ef9887de3b888774969a57,plateau,1,batch_004,sample_0279,False,0.021259813767964722,0.025641162128715818,0.0224703848361969
loco_plateau,fire_only,45,b004_0367,c318564675cfb510af8b85e2c440c5474c6897ca4e9cdaf29a6217c1c607614e,plateau,5,batch_004,sample_0304,False,0.011512118040538226,0.013686077164705397,0.04483824968338013
loco_plateau,fire_only,45,b004_0378,b10baedc312e4d2d36427845a0f1a1cbffe556d2f64623a9674249752d97956c,plateau,8,batch_004,sample_0313,False,0.009500090338167597,0.010696501379053563,0.029859304428100586
loco_plateau,fire_only,45,b004_0379,c6e6ea944f341106836d770add03411f9b6a1a984c07c96bec5e68fdcf226108,plateau,6,batch_004,sample_0314,False,0.0064342441495324745,0.008292529815919918,0.025558531284332275
loco_plateau,fire_only,45,b004_0385,1669f1f0995158292efaccb221bf4e371f369d987f6008fc5bbb7afeb0d048df,plateau,7,batch_004,sample_0319,False,0.01760307931509174,0.01961682459246863,0.012903690338134766
loco_plateau,fire_only,45,b004_0387,09be75b148104dc8d00eb69fe791588c388b9ebb3038b53094e45349b135be7d,plateau,8,batch_004,sample_0321,False,0.01023742214578097,0.011266775891820726,0.022938132286071777
loco_plateau,fire_only,45,b005_0318,924387d745bc9120e456294ff4a08ad9a1d65425b1cd2775143ca2ab2f71ce55,plateau,7,batch_005,sample_0582,False,0.011537913294112096,0.014088006924401654,0.04110807180404663
loco_plateau,fire_only,45,b005_0319,800520051cbd61e759abc8ff464d9452f0af7501ab267ce886d3229fe3d764b4,plateau,2,batch_005,sample_0583,False,0.015203697271034365,0.017730112761353146,0.042842864990234375
loco_plateau,fire_only,45,b005_0320,ef3c4b806db3686e52b040856eeaa178271e38922d72178a07cfb1b60c5a9815,plateau,9,batch_005,sample_0584,False,0.007719654895243098,0.015432203778662343,0.04213935136795044
loco_plateau,fire_only,45,b005_0322,dfa2ca4229967a5ccb2b1248146a521a8c13b2c9123ed436514968a5b39c468b,plateau,12,batch_005,sample_0585,False,0.0206518362535805,0.023708749394313562,0.03738626837730408
loco_plateau,fire_only,45,b005_0323,cce3714177813b75d94654611ce899a21ca23c71fe16d59197e83af8d254e95f,plateau,11,batch_005,sample_0586,False,0.010562960974505691,0.014641186904495552,0.03235810995101929
loco_plateau,fire_only,45,b005_0324,27fb8c31fc60138ca610456685ff39808517e467177b4b76e23ad2cc9ef40e79,plateau,3,batch_005,sample_0587,False,0.009152881678987722,0.012035673971452015,0.03805744647979736
loco_plateau,fire_only,45,b005_0325,57c15407e4e74b16ef1107b3fd3d0f28bd18e2d5f422f8887bb3ae4f2ee71cfd,plateau,6,batch_005,sample_0588,False,0.006497035383201036,0.008160581628207259,0.024261474609375
loco_plateau,fire_only,45,b005_0326,e2760e685a5883648d6d91d72b6f825497ff6177a7ae51fd1d4a4f618192fbd3,plateau,4,batch_005,sample_0589,False,0.01127322636483634,0.013802006800332705,0.02959925401955843
loco_plateau,fire_only,45,b005_0327,c0f2d02506a33f5dad5fa8e5c65ba0f14cdafffb85f55797608be3df54e8cf61,plateau,1,batch_005,sample_0590,False,0.017727172277012808,0.020541274772107057,0.008707284927368164
loco_plateau,fire_only,45,b005_0328,55b4a6a2ff50fc37c4d86d31a2943c392e669602f37411c18ea7e0f718c7a49b,plateau,10,batch_005,sample_0591,False,0.025663751803460668,0.02901259032481575,0.06043726205825806
loco_plateau,fire_only,45,b005_0329,25396912ea3a078cfdcae941ea89787bb0803f1346b6c5c886e75f5af0e4014c,plateau,5,batch_005,sample_0592,False,0.015285586724515821,0.017745267858044877,0.03930097818374634
loco_plateau,fire_only,45,b005_0330,2d2987c8fa8b70de85851fccd3598561568f323c9bc1e48b9082c225851dca74,plateau,7,batch_005,sample_0593,False,0.01178085193282268,0.013635285193341999,0.03970670700073242
loco_plateau,fire_only,45,b005_0331,fe117b09b49c597131e2f6e1b8feb5a597f6b009e1fc51e947e1c4258965cb3a,plateau,8,batch_005,sample_0594,False,0.012738110650269712,0.0177412259774562,0.055328190326690674
loco_plateau,fire_only,45,b005_0332,8ef7167927072aa036a58c5f6faa4277ddbc7c3f91bcb16661ae1d24abac8490,plateau,8,batch_005,sample_0595,False,0.012017078086978099,0.0133182192137568,0.011653661727905273
loco_plateau,fire_only,45,b005_0333,c3c2056eaa15eef1a5f1836e18a193479b6f32b671a8a83de228a107692ada54,plateau,1,batch_005,sample_0596,False,0.012750486125711535,0.014501474649008793,0.02888360619544983
loco_plateau,fire_only,45,b005_0334,3bbd10db0ca1e022a95db792674aa00f019fd5856e68ce360feb007d0fe711f4,plateau,14,batch_005,sample_0597,False,0.01083427252339535,0.01585944322957503,0.03450512886047363
loco_plateau,fire_only,45,b005_0336,0747b020d2d22e1f5e7519b418cc9b8327b7656cbdb5b6a0c84c741abbc0e102,plateau,5,batch_005,sample_0598,False,0.019775562354775726,0.022627736789292033,0.039268314838409424
loco_plateau,fire_only,45,b005_0338,115982b394b483309f71c61baca7ee9f7623a932a8116d9e7603f0819aecb7ce,plateau,11,batch_005,sample_0599,False,0.01852979669805433,0.021269697113764495,0.02489250898361206
loco_plateau,fire_only,45,b005_0339,5a157ab2ed0b98a6d23ad8857e1765864193424d5249af315f29d82bd5969aec,plateau,1,batch_005,sample_0600,False,0.014881186492618968,0.01759307633789676,0.030608057975769043
loco_plateau,fire_only,45,b005_0341,aa391e2b07bdd6168406810253aa95ddc48980e3dc4f63b3df9c1ea6807dbc8e,plateau,9,batch_005,sample_0601,False,0.010150028606418704,0.014950416944813581,0.02468019723892212
loco_plateau,fire_only,45,b005_0344,6eb77d3cd6491920848da180bb4de9dc6bc0b37ef91bd1ab7ff630ab55038dfb,plateau,8,batch_005,sample_0602,False,0.02029818980420222,0.022567683244156915,0.05011063814163208
loco_plateau,fire_only,45,b005_0345,a300e398fad1a0e6431c0978a839d6f5ba716e8b388e8dda603311639de6f280,plateau,4,batch_005,sample_0603,False,0.007309535732034777,0.010070649386161269,0.04404747486114502
loco_plateau,fire_only,45,b005_0346,64090025074679c6ba642a06fb71e932babe2025b967ef6f2f6b1d8f5ad03bba,plateau,7,batch_005,sample_0604,False,0.012603898822772698,0.017943640583715063,0.050987303256988525
loco_plateau,fire_only,45,b005_0347,f351afe68d58358a3632f7f01ae10c313d89f47accf5981900e558140d1bfbff,plateau,8,batch_005,sample_0605,False,0.034270705991104,0.03741036459583664,0.05428045988082886
loco_plateau,fire_only,45,b005_0348,9047f61e8be36c807011000fd79892f9747fc9f2b5d36e0905a12cc71cf27077,plateau,5,batch_005,sample_0606,False,0.00791848511969457,0.011919878779871966,0.04297390580177307
loco_plateau,fire_only,45,b005_0349,c30ce3c339ea2d458d6b92c6a2de60810ca4393b4b9c7acd9f3e78a68c60481d,plateau,8,batch_005,sample_0607,False,0.011257461134771832,0.014768388475421392,0.042072296142578125
loco_plateau,fire_only,45,b005_0350,1023f3a6c18df8c4890c9d45fa6b65adbbc9733ddc3561c3e25572947e28011e,plateau,4,batch_005,sample_0608,False,0.010604201709149315,0.01330357468518285,0.03738510608673096
loco_plateau,fire_only,45,b005_0351,f915d37994404288414823d1bbb6b5e3931c9ad94ae24b67272d3c8362d85400,plateau,9,batch_005,sample_0609,False,0.0171704392452709,0.0210309361258737,0.044850826263427734
loco_plateau,fire_only,45,b005_0352,5f0ae19a03996e46eda8c90413fc45b8985b85b82d4f47d4a22a10847efdc7d4,plateau,8,batch_005,sample_0610,False,0.019223579251375356,0.02300982265299928,0.04037433862686157
loco_plateau,fire_only,45,b005_0353,05e5a33d12166760b02827e96c5a0446d2d46d0bac028f2a76145a206386e918,plateau,6,batch_005,sample_0611,False,0.01261149994173988,0.014431049002127166,0.03169208765029907
loco_plateau,fire_only,45,b005_0354,fadf7a0b5c1bc2a8d8355725a59dcbd92af98cb7514eabc127842f5c4b4bef47,plateau,8,batch_005,sample_0612,False,0.009826768128598323,0.013493333731571555,0.04699277877807617
loco_plateau,fire_only,45,b005_0355,4d85219246b5dad59cb85d9fa3c1936680c4c9ef047c5cef4218f3b15c1e939c,plateau,4,batch_005,sample_0613,False,0.014718690367995715,0.01681174634155137,0.028595685958862305
loco_plateau,fire_only,45,b005_0356,4d68bdd50ef81490f46d2a8e1897ab3bb663920d094e1cbb0b28ba7113382e88,plateau,2,batch_005,sample_0614,False,0.010021952820605919,0.011559034950921003,0.014648199081420898
loco_plateau,fire_only,45,b005_0359,4c1573f83055d1187f7f6cd3d9baae0038086645d81eee72897606cc9d5c570c,plateau,5,batch_005,sample_0615,False,0.012930887919224676,0.015549529076737022,0.04067617654800415
loco_plateau,fire_only,45,b005_0360,686bd58ef008dcf1a1a7c6f4d10f2f843038b4350a135434e4ccc66a580f0f5d,plateau,8,batch_005,sample_0616,False,0.0077024540695987765,0.011393632206101897,0.035546839237213135
loco_plateau,fire_only,45,b005_0361,96f4761fc6c8f7f70f150f08d1184ebb6ce1b5aaa442426bf462bb08296c1a3b,plateau,8,batch_005,sample_0617,False,0.01777229677946841,0.022695175522662207,0.0704735517501831
loco_plateau,fire_only,45,b005_0362,1afc1c036950d3674b72ba96e3a3beaf89086ebc191f828798460411f6637095,plateau,14,batch_005,sample_0618,False,0.016248263052252472,0.020855953364041183,0.04352205991744995
loco_plateau,fire_only,45,b005_0363,c4e17a05dde40f17497a58db0f20c7fa3893089c99b4e61d2abb1683d73c2708,plateau,3,batch_005,sample_0619,False,0.011447718886078382,0.014807952231321479,0.04227650165557861
loco_plateau,fire_only,45,b005_0364,f789b385523cb681d859a20015bfbe6406d3d1a4e0993fd9931fc56524052232,plateau,7,batch_005,sample_0620,False,0.013920608480445674,0.015741105824418865,0.027537941932678223
loco_plateau,fire_only,45,b005_0365,bf0f2b2de55694fffbc786504dd644ea825c40182b9b220d53b89c8a37ed6c50,plateau,2,batch_005,sample_0621,False,0.00912583368967791,0.011139164040091533,0.02232658863067627
loco_plateau,fire_only,45,b005_0366,ff9baf0d1ecf79479db89955f4239351d1d12145c830cf12c7c6743740bef107,plateau,1,batch_005,sample_0622,False,0.013235667689901883,0.01576083166004659,0.015206575393676758
loco_plateau,fire_only,45,b005_0367,55ae06c4d49e4f4bca3994c646b4a4477cbe684a94491baec3ccacaf8913cdc4,plateau,6,batch_005,sample_0623,False,0.01093114973580251,0.012398606801356302,0.020572662353515625
loco_plateau,fire_only,45,b005_0369,3d7c1523d7f7a701ba8c8c8653f377b8bce5dcb75dd5e777fc37ea2547a10cd1,plateau,11,batch_005,sample_0624,False,0.014894144456894671,0.017266505328354494,0.01885092258453369
loco_plateau,fire_only,45,b005_0370,02430a0e963a0b380b2bc0d082219d1cf06081fa567fed08f912ffa7dfe10051,plateau,5,batch_005,sample_0625,False,0.015832732935420802,0.017296747149540787,0.0102042555809021
loco_plateau,fire_only,45,b005_0374,e78a3e8bf3a5373c93d1d439c82fbdadf0d6d220b3240b14bb5f3bc3f6e4f09a,plateau,1,batch_005,sample_0626,False,0.021811871010749065,0.0250575478141378,0.03230637311935425
loco_plateau,fire_only,45,b005_0376,e2cf5195bd63a11d9d1ca2e66c51888dcca34e1ae84251c784a18a3f37096e59,plateau,3,batch_005,sample_0627,False,0.00894267270799543,0.013036135127404173,0.03754115104675293
loco_plateau,fire_only,45,b005_0377,3f7f8648f1cca1b0bde98bd8dd3709da82b522777e245fb04f2e547d74fb458c,plateau,3,batch_005,sample_0628,False,0.0110519142424474,0.013278623873063791,0.032936811447143555
loco_plateau,fire_only,45,b005_0378,046e2b649304ef7368e59229d0d93e66e7a45cef80450c188bed4c2d3d1fdc8d,plateau,11,batch_005,sample_0629,False,0.017378720836561234,0.020294720164436224,0.03925621509552002
loco_plateau,fire_only,45,b005_0379,1f409b6e03f9441ff3c5c3fc66e0db956031025ffca1702ed23e99238b6229c9,plateau,15,batch_005,sample_0630,False,0.013567690233715245,0.021377465482430226,0.03467369079589844
loco_plateau,fire_only,45,b005_0380,9373bd39ad3438c8b68e44ed9913af85cc6aa4598a1d16ee56e8aa54d6b7e8ad,plateau,7,batch_005,sample_0631,False,0.006855528801679611,0.008611733610923971,0.013469874858856201
loco_plateau,fire_only,45,b005_0381,69369739915ea5865caaa0a97202deb36c3f5d9d99624a932280b9ccaec1ad7a,plateau,8,batch_005,sample_0632,False,0.021346013565532496,0.024036813715138307,0.010583221912384033
loco_plateau,fire_only,45,b005_0382,2d2b38ecba4efd0196a13bbe391dd3bf0713ebf5519032458d2874f9b5b799ea,plateau,6,batch_005,sample_0633,False,0.007043454246442826,0.009461009066849917,0.02618575096130371
loco_plateau,fire_only,45,b005_0383,c3f96572b536df535317375fdc5e4706ac369468646788bb728a81d80ebbf8cd,plateau,9,batch_005,sample_0634,False,0.03627227790287284,0.03969482246326209,0.07838745415210724
loco_plateau,fire_only,45,b005_0384,4f787d72c2991ce6d0932240e622e61affe479a7fa2dd35ab8bcdc5923ff28ed,plateau,13,batch_005,sample_0635,False,0.011739572296377088,0.015112932904036723,0.03814631700515747
loco_plateau,fire_only,45,b005_0386,301947d5dbc16fbb140de6b8a02a472b8129263d9f0a15b48f047dc956897100,plateau,8,batch_005,sample_0636,False,0.015273980918477793,0.017912958863855404,0.03892636299133301
loco_plateau,fire_only,45,b005_0387,8de22ed78a2ba566ad5d579cb268e029471143e2f0356e36c926f297c636ec17,plateau,1,batch_005,sample_0637,False,0.012876739786540876,0.01654653637598381,0.03181427717208862
loco_plateau,fire_only,45,b005_0388,7018dd5a29322b02c1632cd20271bff3ce888a19228aa52114aa77b9400eb91b,plateau,10,batch_005,sample_0638,False,0.011659072803669289,0.01460451098358916,0.02828913927078247
loco_plateau,fire_only,45,b005_0391,befff6f241f67d94d7753d00fbb0c58bb90217d18320366e8efddcc6b98d1cf6,plateau,7,batch_005,sample_0639,False,0.01006445044376811,0.011933231389922978,0.02061396837234497
loco_plateau,fire_only,45,b005_0392,c8557ed9f63b99ebd2c6c477e7131c72de41dc16fb5e94bfd97d94fa611c210b,plateau,10,batch_005,sample_0640,False,0.014076955005770823,0.017149017108521257,0.030331134796142578
loco_plateau,fire_only,45,b005_0393,93eb3bacea701426087e75941806b407760420360c2377bbc814db1682f2a1d4,plateau,5,batch_005,sample_0641,False,0.011363326526079022,0.015025536259341091,0.044634103775024414
loco_plateau,fire_only,45,b005_0394,df92d1d4b0476ec691828cb2651348409e75a7cc4379821060d4a774189be132,plateau,9,batch_005,sample_0642,False,0.01794140101944814,0.020067756982413247,0.042733848094940186
loco_plateau,fire_only,45,b005_0395,83ecfc111bb85fd355498ca7b8a4bb47c26e405c679f3515a1aafc4d7cefab6c,plateau,5,batch_005,sample_0643,False,0.01230599157145766,0.014283876796621473,0.026882052421569824
loco_plateau,fire_only,45,b005_0397,c8766140f84f514dc30d7035d42f2067f8e50cef0a1eee335dbb302ad43b3441,plateau,1,batch_005,sample_0644,False,0.0170532653077704,0.02023460354680822,0.035757601261138916
loco_plateau,fire_only,45,b005_0398,c5312b8757553a4ab6a18f87cd43e9086663093a1069e7c08549a0cd2de261d6,plateau,13,batch_005,sample_0645,False,0.01187583266711626,0.01616197767319652,0.034151673316955566
loco_plateau,fire_only,46,b004_0101,cb286dce3fb5e4de9ce7cd24a593b3729810700f461d4dea7e7e806081a6c243,plateau,7,batch_004,sample_0098,False,0.02128272466972226,0.02516755403571716,0.05550915002822876
loco_plateau,fire_only,46,b004_0106,68a631e45d1432b8c277623aa36bd14caa372804b8363ec96ef67ddc8eb20d1c,plateau,3,batch_004,sample_0102,False,0.009187118806799904,0.014025323383868487,0.05199092626571655
loco_plateau,fire_only,46,b004_0115,f799b5290dd4072521a7449c1abf33ff526f22f67b776e873628d3cbca0ba783,plateau,3,batch_004,sample_0107,False,0.01768098942569045,0.019943346406963824,0.022339820861816406
loco_plateau,fire_only,46,b004_0130,2188740cfe38cf9d440c67431f559d83d2a1ce7ae59ca2bedcf02bb69f466e50,plateau,8,batch_004,sample_0120,False,0.011637175241943265,0.01444774076183581,0.03561598062515259
loco_plateau,fire_only,46,b004_0136,04889ebdfb5784327f3b9088bf6df01afa628294490b202c173ef0b14838e962,plateau,2,batch_004,sample_0125,False,0.008231925488006874,0.01152230182248994,0.04098343849182129
loco_plateau,fire_only,46,b004_0147,1fa51a6e404fd88eb385d6766311d069515a32e28126ff01697c509152d5f502,plateau,7,batch_004,sample_0131,False,0.027392534386427678,0.030142460777037434,0.05071365833282471
loco_plateau,fire_only,46,b004_0154,aac35af72b9a33754898cad920897b67d2af68b9260ad250b7fcaebd06f32dcc,plateau,8,batch_004,sample_0136,False,0.012658628161813392,0.014622176254376368,0.02973499894142151
loco_plateau,fire_only,46,b004_0155,1d0a46c8f6e17a86034c6bb9d66c4b03d098b69ff514fc02f28ea63be0b42c7e,plateau,6,batch_004,sample_0137,False,0.009555688891254488,0.01246436107846453,0.029927730560302734
loco_plateau,fire_only,46,b004_0163,4873613114b6d71d3a19feac4e2a6cca6a1aea7cedee70e6461fcb308fcd40a1,plateau,8,batch_004,sample_0144,False,0.013617981164181819,0.015993052726240804,0.029588162899017334
loco_plateau,fire_only,46,b004_0166,8acc23b2c14cbb42c17a2dcc988fac65c64813d2829e3784719d447b5ed718b7,plateau,6,batch_004,sample_0146,False,0.00947254334316879,0.01171183242356349,0.030475616455078125
loco_plateau,fire_only,46,b004_0189,83c666a66b41c149f65ddc8bd970a7e25625b9d2da4a74aa495eb63512733e3d,plateau,1,batch_004,sample_0163,False,0.022973520833937847,0.025715832279925264,0.033147454261779785
loco_plateau,fire_only,46,b004_0192,e59076b7dd3091c6a35a126a9200a5d87d04f635db59270bb6abf483a0ca6b6b,plateau,3,batch_004,sample_0166,False,0.008945102635465685,0.010815041585044231,0.03203475475311279
loco_plateau,fire_only,46,b004_0198,36b24bbee6d7a71d6d85eb0f4637e3435adb468ab33422dad8a99a2687c94a43,plateau,3,batch_004,sample_0172,False,0.009108723125985412,0.012476069455571226,0.02640557289123535
loco_plateau,fire_only,46,b004_0206,0f83d6a5c144dfa616333adc1bd57529c0d4b0a6391f6abd2b3df69ae12643d9,plateau,8,batch_004,sample_0176,False,0.01742879460092451,0.020358835742402288,0.04355037212371826
loco_plateau,fire_only,46,b004_0208,1e7355104cb1bc6623bb84e83c8b136fc6530491967649406726860c46d55882,plateau,3,batch_004,sample_0177,False,0.011232399854992256,0.014905745293205309,0.042797744274139404
loco_plateau,fire_only,46,b004_0209,440c0cdd2e0fa5883c06758ead647f3129254dd10b206bf0c4a01275bc82806b,plateau,7,batch_004,sample_0178,False,0.03252734585863645,0.03628687507980941,0.055007487535476685
loco_plateau,fire_only,46,b004_0226,61bdc1b24112322d60eb9bd84ba71d642a105873858653a3edd7bfe0a5c1b34e,plateau,7,batch_004,sample_0190,False,0.008429757395728689,0.011026775579851556,0.04233056306838989
loco_plateau,fire_only,46,b004_0229,af1d00f7a0b787f92bf6455e06a745c2e040b11b6d56cb70a91a0e9bbecca3e3,plateau,4,batch_004,sample_0193,False,0.010674558824203054,0.013047724980923459,0.034812092781066895
loco_plateau,fire_only,46,b004_0232,c19c313f6ced6796888a79b2f089c97c626a7f821d056d6da34ee52cdd9ede4e,plateau,2,batch_004,sample_0195,False,0.021598909966281204,0.023804016331226367,0.035355329513549805
loco_plateau,fire_only,46,b004_0238,ab344aa6b1603d38f985e697b8d5e23f92cabe2cfdec495cd63bf30832b339b7,plateau,3,batch_004,sample_0201,False,0.009289717210120842,0.011782621406442444,0.03747588396072388
loco_plateau,fire_only,46,b004_0269,4bc4fd552a3fec6bec5222fbe2344ba232c661859418bb0be167915721ee5291,plateau,5,batch_004,sample_0225,False,0.007401825218904214,0.009310423202105409,0.022305786609649658
loco_plateau,fire_only,46,b004_0270,6e734c0ce0d34a99ed4ad267e7228f80d1e1937ed9cfb2a2531b08dd05b3f9f4,plateau,2,batch_004,sample_0226,False,0.008535144697935855,0.011820147972008328,0.03877025842666626
loco_plateau,fire_only,46,b004_0276,7b18e593b02cd8067d1393f0e63f941e25eff1aa515facc3feca5d594c0b32f6,plateau,3,batch_004,sample_0231,False,0.01242879869752243,0.01619018488533562,0.045147716999053955
loco_plateau,fire_only,46,b004_0280,99c63bb4954aeef83d20697237d20468a2082dc550b92994ed9c8b0d2e53aeb4,plateau,3,batch_004,sample_0235,False,0.007795611671248421,0.010538493397059577,0.020422637462615967
loco_plateau,fire_only,46,b004_0284,315251daf704e2ddebf079b4618bac7ddc803651927693240201fda0ae19713e,plateau,7,batch_004,sample_0238,False,0.008670162226332993,0.010691510970310372,0.01588904857635498
loco_plateau,fire_only,46,b004_0285,538882c9fc437f403f576e9537afa2d0e9d19640d587ec09abf294580a7a5439,plateau,5,batch_004,sample_0239,False,0.00909496428536587,0.011254251149147193,0.03423571586608887
loco_plateau,fire_only,46,b004_0286,1f1d5a524d03753ee50cb34e15a725be31a3f16360c0873f815fa3617c634af9,plateau,2,batch_004,sample_0240,False,0.00755888260290271,0.010649301548876805,0.021244943141937256
loco_plateau,fire_only,46,b004_0291,5cb317353c4e3be13450815c4705cf51b35ccbcd7f9d37f0e177ea0c467b5f57,plateau,1,batch_004,sample_0243,False,0.009234629937859833,0.0117808277250184,0.03366647660732269
loco_plateau,fire_only,46,b004_0298,caa33739bb94bf3e4107ea13ebaefa854b1845ee09a860ac973faad33ffc7834,plateau,5,batch_004,sample_0250,False,0.010052413481180786,0.011752817472701052,0.029110074043273926
loco_plateau,fire_only,46,b004_0303,de67b515620baea3c5921d16c351e24f283039e6be0dbb711689e9c13ccfdcd8,plateau,7,batch_004,sample_0254,False,0.009456971385439888,0.011786753964630288,0.025226056575775146
loco_plateau,fire_only,46,b004_0312,aae428a0b7988c9a08ec2cd887e629b34ead9427365e120773f787d5e67957c1,plateau,8,batch_004,sample_0261,False,0.011314707457042132,0.01310463821051305,0.027589857578277588
loco_plateau,fire_only,46,b004_0328,230d653e29b05c6cac38da6d0de4c13e4f666cbcf2f18fd0f9301c8565cc11a3,plateau,4,batch_004,sample_0274,False,0.00957350096985942,0.01526038752905108,0.030421137809753418
loco_plateau,fire_only,46,b004_0335,3af73a16bdf592f38afc48342dd2996cc2332054b38bc004699cef76f2f2027c,plateau,4,batch_004,sample_0278,False,0.011583822916765681,0.014639612888298334,0.04874157905578613
loco_plateau,fire_only,46,b004_0336,b1a27cded5990829ff83324d88a32190c7c9723de6ef9887de3b888774969a57,plateau,1,batch_004,sample_0279,False,0.021479332789045867,0.025491234265283942,0.023945152759552002
loco_plateau,fire_only,46,b004_0367,c318564675cfb510af8b85e2c440c5474c6897ca4e9cdaf29a6217c1c607614e,plateau,5,batch_004,sample_0304,False,0.011695877206130106,0.014103722861232564,0.04825246334075928
loco_plateau,fire_only,46,b004_0378,b10baedc312e4d2d36427845a0f1a1cbffe556d2f64623a9674249752d97956c,plateau,8,batch_004,sample_0313,False,0.014573173078357196,0.016340902408109117,0.033273518085479736
loco_plateau,fire_only,46,b004_0379,c6e6ea944f341106836d770add03411f9b6a1a984c07c96bec5e68fdcf226108,plateau,6,batch_004,sample_0314,False,0.007806015246715702,0.009672210267407182,0.028972744941711426
loco_plateau,fire_only,46,b004_0385,1669f1f0995158292efaccb221bf4e371f369d987f6008fc5bbb7afeb0d048df,plateau,7,batch_004,sample_0319,False,0.017895189953632044,0.019767538035359643,0.016317903995513916
loco_plateau,fire_only,46,b004_0387,09be75b148104dc8d00eb69fe791588c388b9ebb3038b53094e45349b135be7d,plateau,8,batch_004,sample_0321,False,0.009993195533752441,0.011318485738748182,0.022043883800506592
loco_plateau,fire_only,46,b005_0318,924387d745bc9120e456294ff4a08ad9a1d65425b1cd2775143ca2ab2f71ce55,plateau,7,batch_005,sample_0582,False,0.011603087919657348,0.014705477483233146,0.04452228546142578
loco_plateau,fire_only,46,b005_0319,800520051cbd61e759abc8ff464d9452f0af7501ab267ce886d3229fe3d764b4,plateau,2,batch_005,sample_0583,False,0.015229193890681033,0.017711321673348508,0.046257078647613525
loco_plateau,fire_only,46,b005_0320,ef3c4b806db3686e52b040856eeaa178271e38922d72178a07cfb1b60c5a9815,plateau,9,batch_005,sample_0584,False,0.008662033642901749,0.015623890068824949,0.04191476106643677
loco_plateau,fire_only,46,b005_0322,dfa2ca4229967a5ccb2b1248146a521a8c13b2c9123ed436514968a5b39c468b,plateau,12,batch_005,sample_0585,False,0.023309835889300363,0.025882703506511572,0.0410802960395813
loco_plateau,fire_only,46,b005_0323,cce3714177813b75d94654611ce899a21ca23c71fe16d59197e83af8d254e95f,plateau,11,batch_005,sample_0586,False,0.010660937086480563,0.014454663634498906,0.03069281578063965
loco_plateau,fire_only,46,b005_0324,27fb8c31fc60138ca610456685ff39808517e467177b4b76e23ad2cc9ef40e79,plateau,3,batch_005,sample_0587,False,0.009202898770082192,0.012927670623255902,0.041471660137176514
loco_plateau,fire_only,46,b005_0325,57c15407e4e74b16ef1107b3fd3d0f28bd18e2d5f422f8887bb3ae4f2ee71cfd,plateau,6,batch_005,sample_0588,False,0.005566403758330423,0.007645341089461664,0.024261146783828735
loco_plateau,fire_only,46,b005_0326,e2760e685a5883648d6d91d72b6f825497ff6177a7ae51fd1d4a4f618192fbd3,plateau,4,batch_005,sample_0589,False,0.011676690510672624,0.015232239688387574,0.03729313611984253
loco_plateau,fire_only,46,b005_0327,c0f2d02506a33f5dad5fa8e5c65ba0f14cdafffb85f55797608be3df54e8cf61,plateau,1,batch_005,sample_0590,False,0.018344095740161957,0.021322735497095773,0.012121498584747314
loco_plateau,fire_only,46,b005_0328,55b4a6a2ff50fc37c4d86d31a2943c392e669602f37411c18ea7e0f718c7a49b,plateau,10,batch_005,sample_0591,False,0.026816366393058025,0.029609825761269203,0.05877196788787842
loco_plateau,fire_only,46,b005_0329,25396912ea3a078cfdcae941ea89787bb0803f1346b6c5c886e75f5af0e4014c,plateau,5,batch_005,sample_0592,False,0.01759199773679014,0.01968061869369072,0.04271519184112549
loco_plateau,fire_only,46,b005_0330,2d2987c8fa8b70de85851fccd3598561568f323c9bc1e48b9082c225851dca74,plateau,7,batch_005,sample_0593,False,0.010406533469919299,0.012518801873735445,0.04312092065811157
loco_plateau,fire_only,46,b005_0331,fe117b09b49c597131e2f6e1b8feb5a597f6b009e1fc51e947e1c4258965cb3a,plateau,8,batch_005,sample_0594,False,0.014369931926981348,0.02068357851284788,0.07932054996490479
loco_plateau,fire_only,46,b005_0332,8ef7167927072aa036a58c5f6faa4277ddbc7c3f91bcb16661ae1d24abac8490,plateau,8,batch_005,sample_0595,False,0.012287600973590475,0.01358709766836576,0.015067875385284424
loco_plateau,fire_only,46,b005_0333,c3c2056eaa15eef1a5f1836e18a193479b6f32b671a8a83de228a107692ada54,plateau,1,batch_005,sample_0596,False,0.011996344831146177,0.013838748347462838,0.029907584190368652
loco_plateau,fire_only,46,b005_0334,3bbd10db0ca1e022a95db792674aa00f019fd5856e68ce360feb007d0fe711f4,plateau,14,batch_005,sample_0597,False,0.012200182212180779,0.016350233714130052,0.034056901931762695
loco_plateau,fire_only,46,b005_0336,0747b020d2d22e1f5e7519b418cc9b8327b7656cbdb5b6a0c84c741abbc0e102,plateau,5,batch_005,sample_0598,False,0.018742885990220993,0.02160087654213545,0.042682528495788574
loco_plateau,fire_only,46,b005_0338,115982b394b483309f71c61baca7ee9f7623a932a8116d9e7603f0819aecb7ce,plateau,11,batch_005,sample_0599,False,0.01740585291971926,0.021015371085769764,0.024444282054901123
loco_plateau,fire_only,46,b005_0339,5a157ab2ed0b98a6d23ad8857e1765864193424d5249af315f29d82bd5969aec,plateau,1,batch_005,sample_0600,False,0.011359763438584374,0.014813967423418933,0.02918151021003723
loco_plateau,fire_only,46,b005_0341,aa391e2b07bdd6168406810253aa95ddc48980e3dc4f63b3df9c1ea6807dbc8e,plateau,9,batch_005,sample_0601,False,0.013799505949508949,0.017181619931764085,0.02524411678314209
loco_plateau,fire_only,46,b005_0344,6eb77d3cd6491920848da180bb4de9dc6bc0b37ef91bd1ab7ff630ab55038dfb,plateau,8,batch_005,sample_0602,False,0.02186454050853604,0.023702479966617455,0.05140960216522217
loco_plateau,fire_only,46,b005_0345,a300e398fad1a0e6431c0978a839d6f5ba716e8b388e8dda603311639de6f280,plateau,4,batch_005,sample_0603,False,0.006367910592282405,0.009425646083923453,0.04746168851852417
loco_plateau,fire_only,46,b005_0346,64090025074679c6ba642a06fb71e932babe2025b967ef6f2f6b1d8f5ad03bba,plateau,7,batch_005,sample_0604,False,0.011855034127098615,0.0184627659589048,0.0762602686882019
loco_plateau,fire_only,46,b005_0347,f351afe68d58358a3632f7f01ae10c313d89f47accf5981900e558140d1bfbff,plateau,8,batch_005,sample_0605,False,0.03353644992972984,0.036494688350907585,0.05383223295211792
loco_plateau,fire_only,46,b005_0348,9047f61e8be36c807011000fd79892f9747fc9f2b5d36e0905a12cc71cf27077,plateau,5,batch_005,sample_0606,False,0.007857465353168424,0.011604049594776462,0.042691826820373535
loco_plateau,fire_only,46,b005_0349,c30ce3c339ea2d458d6b92c6a2de60810ca4393b4b9c7acd9f3e78a68c60481d,plateau,8,batch_005,sample_0607,False,0.01137061609474362,0.015495664520479924,0.05176320672035217
loco_plateau,fire_only,46,b005_0350,1023f3a6c18df8c4890c9d45fa6b65adbbc9733ddc3561c3e25572947e28011e,plateau,4,batch_005,sample_0608,False,0.011811521331794927,0.01657257805353848,0.045952364802360535
loco_plateau,fire_only,46,b005_0351,f915d37994404288414823d1bbb6b5e3931c9ad94ae24b67272d3c8362d85400,plateau,9,batch_005,sample_0609,False,0.020183712488315145,0.02362244916898985,0.0455363392829895
loco_plateau,fire_only,46,b005_0352,5f0ae19a03996e46eda8c90413fc45b8985b85b82d4f47d4a22a10847efdc7d4,plateau,8,batch_005,sample_0610,False,0.01871045202505393,0.022315590373573935,0.03985592722892761
loco_plateau,fire_only,46,b005_0353,05e5a33d12166760b02827e96c5a0446d2d46d0bac028f2a76145a206386e918,plateau,6,batch_005,sample_0611,False,0.013718132967831658,0.015585184124033096,0.033968567848205566
loco_plateau,fire_only,46,b005_0354,fadf7a0b5c1bc2a8d8355725a59dcbd92af98cb7514eabc127842f5c4b4bef47,plateau,8,batch_005,sample_0612,False,0.010496087005881012,0.014144108290828888,0.0467681884765625
loco_plateau,fire_only,46,b005_0355,4d85219246b5dad59cb85d9fa3c1936680c4c9ef047c5cef4218f3b15c1e939c,plateau,4,batch_005,sample_0613,False,0.015301853906912882,0.017636402893823403,0.032009899616241455
loco_plateau,fire_only,46,b005_0356,4d68bdd50ef81490f46d2a8e1897ab3bb663920d094e1cbb0b28ba7113382e88,plateau,2,batch_005,sample_0614,False,0.008579410979005157,0.010303886152408142,0.022217601537704468
loco_plateau,fire_only,46,b005_0359,4c1573f83055d1187f7f6cd3d9baae0038086645d81eee72897606cc9d5c570c,plateau,5,batch_005,sample_0615,False,0.015127393401792793,0.01894735469042882,0.0440903902053833
loco_plateau,fire_only,46,b005_0360,686bd58ef008dcf1a1a7c6f4d10f2f843038b4350a135434e4ccc66a580f0f5d,plateau,8,batch_005,sample_0616,False,0.008038102725490194,0.011544591019317797,0.033881545066833496
loco_plateau,fire_only,46,b005_0361,96f4761fc6c8f7f70f150f08d1184ebb6ce1b5aaa442426bf462bb08296c1a3b,plateau,8,batch_005,sample_0617,False,0.016999880493175787,0.02667150024830332,0.10089898109436035
loco_plateau,fire_only,46,b005_0362,1afc1c036950d3674b72ba96e3a3beaf89086ebc191f828798460411f6637095,plateau,14,batch_005,sample_0618,False,0.017209894100173574,0.020686100692566493,0.041512876749038696
loco_plateau,fire_only,46,b005_0363,c4e17a05dde40f17497a58db0f20c7fa3893089c99b4e61d2abb1683d73c2708,plateau,3,batch_005,sample_0619,False,0.01164827898877566,0.01535300682710693,0.045690715312957764
loco_plateau,fire_only,46,b005_0364,f789b385523cb681d859a20015bfbe6406d3d1a4e0993fd9931fc56524052232,plateau,7,batch_005,sample_0620,False,0.014691875728427386,0.016728927392307108,0.0281410813331604
loco_plateau,fire_only,46,b005_0365,bf0f2b2de55694fffbc786504dd644ea825c40182b9b220d53b89c8a37ed6c50,plateau,2,batch_005,sample_0621,False,0.009731020106643926,0.012504606801876395,0.035330384969711304
loco_plateau,fire_only,46,b005_0366,ff9baf0d1ecf79479db89955f4239351d1d12145c830cf12c7c6743740bef107,plateau,1,batch_005,sample_0622,False,0.013608311654114332,0.016391567340332813,0.03481113910675049
loco_plateau,fire_only,46,b005_0367,55ae06c4d49e4f4bca3994c646b4a4477cbe684a94491baec3ccacaf8913cdc4,plateau,6,batch_005,sample_0623,False,0.0080677971365999,0.009854287163775075,0.023986876010894775
loco_plateau,fire_only,46,b005_0369,3d7c1523d7f7a701ba8c8c8653f377b8bce5dcb75dd5e777fc37ea2547a10cd1,plateau,11,batch_005,sample_0624,False,0.01386342918286558,0.016437571368381684,0.017030000686645508
loco_plateau,fire_only,46,b005_0370,02430a0e963a0b380b2bc0d082219d1cf06081fa567fed08f912ffa7dfe10051,plateau,5,batch_005,sample_0625,False,0.016346201300621033,0.017857608397763663,0.011892557144165039
loco_plateau,fire_only,46,b005_0374,e78a3e8bf3a5373c93d1d439c82fbdadf0d6d220b3240b14bb5f3bc3f6e4f09a,plateau,1,batch_005,sample_0626,False,0.021034862662925095,0.02514186920048516,0.0357205867767334
loco_plateau,fire_only,46,b005_0376,e2cf5195bd63a11d9d1ca2e66c51888dcca34e1ae84251c784a18a3f37096e59,plateau,3,batch_005,sample_0627,False,0.010119713903939138,0.014275151665270915,0.03982222080230713
loco_plateau,fire_only,46,b005_0377,3f7f8648f1cca1b0bde98bd8dd3709da82b522777e245fb04f2e547d74fb458c,plateau,3,batch_005,sample_0628,False,0.009684154244719958,0.012054347693889364,0.036351025104522705
loco_plateau,fire_only,46,b005_0378,046e2b649304ef7368e59229d0d93e66e7a45cef80450c188bed4c2d3d1fdc8d,plateau,11,batch_005,sample_0629,False,0.016779709302011083,0.01921345365189853,0.03759092092514038
loco_plateau,fire_only,46,b005_0379,1f409b6e03f9441ff3c5c3fc66e0db956031025ffca1702ed23e99238b6229c9,plateau,15,batch_005,sample_0630,False,0.014389851054207224,0.02090830623314095,0.0342254638671875
loco_plateau,fire_only,46,b005_0380,9373bd39ad3438c8b68e44ed9913af85cc6aa4598a1d16ee56e8aa54d6b7e8ad,plateau,7,batch_005,sample_0631,False,0.007526012351278399,0.009637739448267076,0.023391708731651306
loco_plateau,fire_only,46,b005_0381,69369739915ea5865caaa0a97202deb36c3f5d9d99624a932280b9ccaec1ad7a,plateau,8,batch_005,sample_0632,False,0.02111593743816751,0.02456791734958019,0.012271523475646973
loco_plateau,fire_only,46,b005_0382,2d2b38ecba4efd0196a13bbe391dd3bf0713ebf5519032458d2874f9b5b799ea,plateau,6,batch_005,sample_0633,False,0.007384286796460386,0.009736557683865388,0.025000929832458496
loco_plateau,fire_only,46,b005_0383,c3f96572b536df535317375fdc5e4706ac369468646788bb728a81d80ebbf8cd,plateau,9,batch_005,sample_0634,False,0.03751137211430268,0.04254274401521744,0.09257511794567108
loco_plateau,fire_only,46,b005_0384,4f787d72c2991ce6d0932240e622e61affe479a7fa2dd35ab8bcdc5923ff28ed,plateau,13,batch_005,sample_0635,False,0.01482959433657224,0.016985348369826406,0.03632539510726929
loco_plateau,fire_only,46,b005_0386,301947d5dbc16fbb140de6b8a02a472b8129263d9f0a15b48f047dc956897100,plateau,8,batch_005,sample_0636,False,0.015065352691978704,0.017630679234332026,0.03726106882095337
loco_plateau,fire_only,46,b005_0387,8de22ed78a2ba566ad5d579cb268e029471143e2f0356e36c926f297c636ec17,plateau,1,batch_005,sample_0637,False,0.014735026895755628,0.018444081596397054,0.029000788927078247
loco_plateau,fire_only,46,b005_0388,7018dd5a29322b02c1632cd20271bff3ce888a19228aa52114aa77b9400eb91b,plateau,10,batch_005,sample_0638,False,0.010724033244320603,0.013542051368116592,0.02889227867126465
loco_plateau,fire_only,46,b005_0391,befff6f241f67d94d7753d00fbb0c58bb90217d18320366e8efddcc6b98d1cf6,plateau,7,batch_005,sample_0639,False,0.007742671265465314,0.010063875219988557,0.019704222679138184
loco_plateau,fire_only,46,b005_0392,c8557ed9f63b99ebd2c6c477e7131c72de41dc16fb5e94bfd97d94fa611c210b,plateau,10,batch_005,sample_0640,False,0.015194380381068245,0.018381243894787118,0.03208182752132416
loco_plateau,fire_only,46,b005_0393,93eb3bacea701426087e75941806b407760420360c2377bbc814db1682f2a1d4,plateau,5,batch_005,sample_0641,False,0.012464686495358826,0.016473363573953004,0.04802823066711426
loco_plateau,fire_only,46,b005_0394,df92d1d4b0476ec691828cb2651348409e75a7cc4379821060d4a774189be132,plateau,9,batch_005,sample_0642,False,0.018714032090101085,0.02056877614948465,0.0409054160118103
loco_plateau,fire_only,46,b005_0395,83ecfc111bb85fd355498ca7b8a4bb47c26e405c679f3515a1aafc4d7cefab6c,plateau,5,batch_005,sample_0643,False,0.013939055995862992,0.01632307337611843,0.030276179313659668
loco_plateau,fire_only,46,b005_0397,c8766140f84f514dc30d7035d42f2067f8e50cef0a1eee335dbb302ad43b3441,plateau,1,batch_005,sample_0644,False,0.016768056593957494,0.02071986459335033,0.03431752324104309
loco_plateau,fire_only,46,b005_0398,c5312b8757553a4ab6a18f87cd43e9086663093a1069e7c08549a0cd2de261d6,plateau,13,batch_005,sample_0645,False,0.01905865698564248,0.021528938427769036,0.03247368335723877
loco_plateau,global_stats,42,b004_0101,cb286dce3fb5e4de9ce7cd24a593b3729810700f461d4dea7e7e806081a6c243,plateau,7,batch_004,sample_0098,False,0.01916010531245685,0.02234214497090542,0.046125948429107666
loco_plateau,global_stats,42,b004_0106,68a631e45d1432b8c277623aa36bd14caa372804b8363ec96ef67ddc8eb20d1c,plateau,3,batch_004,sample_0102,False,0.009493615050784877,0.011606242642000037,0.030660808086395264
loco_plateau,global_stats,42,b004_0115,f799b5290dd4072521a7449c1abf33ff526f22f67b776e873628d3cbca0ba783,plateau,3,batch_004,sample_0107,False,0.0061478116473213575,0.008447324476659078,0.007305845618247986
loco_plateau,global_stats,42,b004_0130,2188740cfe38cf9d440c67431f559d83d2a1ce7ae59ca2bedcf02bb69f466e50,plateau,8,batch_004,sample_0120,False,0.007672520507065976,0.009652584052925522,0.023782432079315186
loco_plateau,global_stats,42,b004_0136,04889ebdfb5784327f3b9088bf6df01afa628294490b202c173ef0b14838e962,plateau,2,batch_004,sample_0125,False,0.007348808841627153,0.009394283889721607,0.024487823247909546
loco_plateau,global_stats,42,b004_0147,1fa51a6e404fd88eb385d6766311d069515a32e28126ff01697c509152d5f502,plateau,7,batch_004,sample_0131,False,0.022145040455411692,0.024666613977401924,0.042307376861572266
loco_plateau,global_stats,42,b004_0154,aac35af72b9a33754898cad920897b67d2af68b9260ad250b7fcaebd06f32dcc,plateau,8,batch_004,sample_0136,False,0.0103749511305426,0.012876979283477167,0.028176963329315186
loco_plateau,global_stats,42,b004_0155,1d0a46c8f6e17a86034c6bb9d66c4b03d098b69ff514fc02f28ea63be0b42c7e,plateau,6,batch_004,sample_0137,False,0.008471507518017878,0.010928912177106601,0.023437201976776123
loco_plateau,global_stats,42,b004_0163,4873613114b6d71d3a19feac4e2a6cca6a1aea7cedee70e6461fcb308fcd40a1,plateau,8,batch_004,sample_0144,False,0.01085138662916715,0.012841796585597207,0.024721205234527588
loco_plateau,global_stats,42,b004_0166,8acc23b2c14cbb42c17a2dcc988fac65c64813d2829e3784719d447b5ed718b7,plateau,6,batch_004,sample_0146,False,0.00978483394032619,0.012027677747448052,0.029345929622650146
loco_plateau,global_stats,42,b004_0189,83c666a66b41c149f65ddc8bd970a7e25625b9d2da4a74aa495eb63512733e3d,plateau,1,batch_004,sample_0163,False,0.009700601218176669,0.012141024615943357,0.028600335121154785
loco_plateau,global_stats,42,b004_0192,e59076b7dd3091c6a35a126a9200a5d87d04f635db59270bb6abf483a0ca6b6b,plateau,3,batch_004,sample_0166,False,0.008101501181477407,0.009713846050634207,0.02061563730239868
loco_plateau,global_stats,42,b004_0198,36b24bbee6d7a71d6d85eb0f4637e3435adb468ab33422dad8a99a2687c94a43,plateau,3,batch_004,sample_0172,False,0.006064658892936394,0.007838707333802875,0.010965347290039062
loco_plateau,global_stats,42,b004_0206,0f83d6a5c144dfa616333adc1bd57529c0d4b0a6391f6abd2b3df69ae12643d9,plateau,8,batch_004,sample_0176,False,0.015067236833885068,0.01855600095826852,0.04707282781600952
loco_plateau,global_stats,42,b004_0208,1e7355104cb1bc6623bb84e83c8b136fc6530491967649406726860c46d55882,plateau,3,batch_004,sample_0177,False,0.007926167217922992,0.010094152630152127,0.02513408660888672
loco_plateau,global_stats,42,b004_0209,440c0cdd2e0fa5883c06758ead647f3129254dd10b206bf0c4a01275bc82806b,plateau,7,batch_004,sample_0178,False,0.02933526039123535,0.03383728909484183,0.05822038650512695
loco_plateau,global_stats,42,b004_0226,61bdc1b24112322d60eb9bd84ba71d642a105873858653a3edd7bfe0a5c1b34e,plateau,7,batch_004,sample_0190,False,0.007822800610886246,0.010196817551028163,0.028563499450683594
loco_plateau,global_stats,42,b004_0229,af1d00f7a0b787f92bf6455e06a745c2e040b11b6d56cb70a91a0e9bbecca3e3,plateau,4,batch_004,sample_0193,False,0.008391910339476632,0.010827470077245634,0.030567586421966553
loco_plateau,global_stats,42,b004_0232,c19c313f6ced6796888a79b2f089c97c626a7f821d056d6da34ee52cdd9ede4e,plateau,2,batch_004,sample_0195,False,0.008872173848699351,0.010750628210740357,0.02363792061805725
loco_plateau,global_stats,42,b004_0238,ab344aa6b1603d38f985e697b8d5e23f92cabe2cfdec495cd63bf30832b339b7,plateau,3,batch_004,sample_0201,False,0.005942099590281971,0.007404299457552957,0.018782317638397217
loco_plateau,global_stats,42,b004_0269,4bc4fd552a3fec6bec5222fbe2344ba232c661859418bb0be167915721ee5291,plateau,5,batch_004,sample_0225,False,0.00811502923730944,0.010109578818369262,0.02633240818977356
loco_plateau,global_stats,42,b004_0270,6e734c0ce0d34a99ed4ad267e7228f80d1e1937ed9cfb2a2531b08dd05b3f9f4,plateau,2,batch_004,sample_0226,False,0.010095867221472694,0.013697630861112007,0.039275288581848145
loco_plateau,global_stats,42,b004_0276,7b18e593b02cd8067d1393f0e63f941e25eff1aa515facc3feca5d594c0b32f6,plateau,3,batch_004,sample_0231,False,0.009811780491813284,0.012605213544997503,0.033828020095825195
loco_plateau,global_stats,42,b004_0280,99c63bb4954aeef83d20697237d20468a2082dc550b92994ed9c8b0d2e53aeb4,plateau,3,batch_004,sample_0235,False,0.010329847147718806,0.012508274298973809,0.027132704854011536
loco_plateau,global_stats,42,b004_0284,315251daf704e2ddebf079b4618bac7ddc803651927693240201fda0ae19713e,plateau,7,batch_004,sample_0238,False,0.009896078070656199,0.013396236460606002,0.007750332355499268
loco_plateau,global_stats,42,b004_0285,538882c9fc437f403f576e9537afa2d0e9d19640d587ec09abf294580a7a5439,plateau,5,batch_004,sample_0239,False,0.00923028392869918,0.011484242206292499,0.03699225187301636
loco_plateau,global_stats,42,b004_0286,1f1d5a524d03753ee50cb34e15a725be31a3f16360c0873f815fa3617c634af9,plateau,2,batch_004,sample_0240,False,0.0074184601057748325,0.010075084735456524,0.0294552743434906
loco_plateau,global_stats,42,b004_0291,5cb317353c4e3be13450815c4705cf51b35ccbcd7f9d37f0e177ea0c467b5f57,plateau,1,batch_004,sample_0243,False,0.00903821626647574,0.011101389032023333,0.036161646246910095
loco_plateau,global_stats,42,b004_0298,caa33739bb94bf3e4107ea13ebaefa854b1845ee09a860ac973faad33ffc7834,plateau,5,batch_004,sample_0250,False,0.007088068567338537,0.008415033546013705,0.017393529415130615
loco_plateau,global_stats,42,b004_0303,de67b515620baea3c5921d16c351e24f283039e6be0dbb711689e9c13ccfdcd8,plateau,7,batch_004,sample_0254,False,0.007751834685685205,0.009429949100402658,0.020245611667633057
loco_plateau,global_stats,42,b004_0312,aae428a0b7988c9a08ec2cd887e629b34ead9427365e120773f787d5e67957c1,plateau,8,batch_004,sample_0261,False,0.0108230324065099,0.012140642592994482,0.016764596104621887
loco_plateau,global_stats,42,b004_0328,230d653e29b05c6cac38da6d0de4c13e4f666cbcf2f18fd0f9301c8565cc11a3,plateau,4,batch_004,sample_0274,False,0.008300305939600116,0.012717315836323016,0.009708791971206665
loco_plateau,global_stats,42,b004_0335,3af73a16bdf592f38afc48342dd2996cc2332054b38bc004699cef76f2f2027c,plateau,4,batch_004,sample_0278,False,0.012915632763846975,0.015173801663176811,0.037477731704711914
loco_plateau,global_stats,42,b004_0336,b1a27cded5990829ff83324d88a32190c7c9723de6ef9887de3b888774969a57,plateau,1,batch_004,sample_0279,False,0.010195031762123108,0.012983358711602387,0.029648929834365845
loco_plateau,global_stats,42,b004_0367,c318564675cfb510af8b85e2c440c5474c6897ca4e9cdaf29a6217c1c607614e,plateau,5,batch_004,sample_0304,False,0.00977876684704765,0.011452579551777304,0.02690654993057251
loco_plateau,global_stats,42,b004_0378,b10baedc312e4d2d36427845a0f1a1cbffe556d2f64623a9674249752d97956c,plateau,8,batch_004,sample_0313,False,0.012281640692323934,0.013714734564057892,0.030737638473510742
loco_plateau,global_stats,42,b004_0379,c6e6ea944f341106836d770add03411f9b6a1a984c07c96bec5e68fdcf226108,plateau,6,batch_004,sample_0314,False,0.006349303988648243,0.008077603498181924,0.019778519868850708
loco_plateau,global_stats,42,b004_0385,1669f1f0995158292efaccb221bf4e371f369d987f6008fc5bbb7afeb0d048df,plateau,7,batch_004,sample_0319,False,0.015598849194948791,0.017589498977097065,0.002373993396759033
loco_plateau,global_stats,42,b004_0387,09be75b148104dc8d00eb69fe791588c388b9ebb3038b53094e45349b135be7d,plateau,8,batch_004,sample_0321,False,0.009596476300818021,0.011352465824133406,0.02121150493621826
loco_plateau,global_stats,42,b005_0318,924387d745bc9120e456294ff4a08ad9a1d65425b1cd2775143ca2ab2f71ce55,plateau,7,batch_005,sample_0582,False,0.009015121909438586,0.012102679251092846,0.031177401542663574
loco_plateau,global_stats,42,b005_0319,800520051cbd61e759abc8ff464d9452f0af7501ab267ce886d3229fe3d764b4,plateau,2,batch_005,sample_0583,False,0.007462753624212546,0.009416767974763273,0.02633151412010193
loco_plateau,global_stats,42,b005_0320,ef3c4b806db3686e52b040856eeaa178271e38922d72178a07cfb1b60c5a9815,plateau,9,batch_005,sample_0584,False,0.007092614887190647,0.011915565420017833,0.024817436933517456
loco_plateau,global_stats,42,b005_0322,dfa2ca4229967a5ccb2b1248146a521a8c13b2c9123ed436514968a5b39c468b,plateau,12,batch_005,sample_0585,False,0.009268560187249888,0.011452269464690046,0.027669072151184082
loco_plateau,global_stats,42,b005_0323,cce3714177813b75d94654611ce899a21ca23c71fe16d59197e83af8d254e95f,plateau,11,batch_005,sample_0586,False,0.012303420266167063,0.014665094562236016,0.02987062931060791
loco_plateau,global_stats,42,b005_0324,27fb8c31fc60138ca610456685ff39808517e467177b4b76e23ad2cc9ef40e79,plateau,3,batch_005,sample_0587,False,0.008397713303565979,0.010246626847906611,0.032892972230911255
loco_plateau,global_stats,42,b005_0325,57c15407e4e74b16ef1107b3fd3d0f28bd18e2d5f422f8887bb3ae4f2ee71cfd,plateau,6,batch_005,sample_0588,False,0.005476757395462912,0.007174687535644974,0.0227544903755188
loco_plateau,global_stats,42,b005_0326,e2760e685a5883648d6d91d72b6f825497ff6177a7ae51fd1d4a4f618192fbd3,plateau,4,batch_005,sample_0589,False,0.014507670092900268,0.017820038524610022,0.0445740669965744
loco_plateau,global_stats,42,b005_0327,c0f2d02506a33f5dad5fa8e5c65ba0f14cdafffb85f55797608be3df54e8cf61,plateau,1,batch_005,sample_0590,False,0.008891361170127744,0.010314370217564265,0.009855568408966064
loco_plateau,global_stats,42,b005_0328,55b4a6a2ff50fc37c4d86d31a2943c392e669602f37411c18ea7e0f718c7a49b,plateau,10,batch_005,sample_0591,False,0.020894364011092265,0.02420468011713105,0.04968857765197754
loco_plateau,global_stats,42,b005_0329,25396912ea3a078cfdcae941ea89787bb0803f1346b6c5c886e75f5af0e4014c,plateau,5,batch_005,sample_0592,False,0.018458735747415512,0.02063344485195623,0.03544741868972778
loco_plateau,global_stats,42,b005_0330,2d2987c8fa8b70de85851fccd3598561568f323c9bc1e48b9082c225851dca74,plateau,7,batch_005,sample_0593,False,0.008279476497994095,0.010114840312710888,0.029245495796203613
loco_plateau,global_stats,42,b005_0331,fe117b09b49c597131e2f6e1b8feb5a597f6b009e1fc51e947e1c4258965cb3a,plateau,8,batch_005,sample_0594,False,0.0063292348116147715,0.012807323838826403,0.03961312770843506
loco_plateau,global_stats,42,b005_0332,8ef7167927072aa036a58c5f6faa4277ddbc7c3f91bcb16661ae1d24abac8490,plateau,8,batch_005,sample_0595,False,0.01262189399023525,0.014031675945778088,0.012649238109588623
loco_plateau,global_stats,42,b005_0333,c3c2056eaa15eef1a5f1836e18a193479b6f32b671a8a83de228a107692ada54,plateau,1,batch_005,sample_0596,False,0.007379786523639179,0.010312678649614063,0.03287911415100098
loco_plateau,global_stats,42,b005_0334,3bbd10db0ca1e022a95db792674aa00f019fd5856e68ce360feb007d0fe711f4,plateau,14,batch_005,sample_0597,False,0.011381245477766287,0.012528278043613566,0.023324668407440186
loco_plateau,global_stats,42,b005_0336,0747b020d2d22e1f5e7519b418cc9b8327b7656cbdb5b6a0c84c741abbc0e102,plateau,5,batch_005,sample_0598,False,0.005851836478123899,0.007861808145319883,0.02232307195663452
loco_plateau,global_stats,42,b005_0338,115982b394b483309f71c61baca7ee9f7623a932a8116d9e7603f0819aecb7ce,plateau,11,batch_005,sample_0599,False,0.021717931159207077,0.024376441900606192,0.04025787115097046
loco_plateau,global_stats,42,b005_0339,5a157ab2ed0b98a6d23ad8857e1765864193424d5249af315f29d82bd5969aec,plateau,1,batch_005,sample_0600,False,0.0072335421916891315,0.009676566670070474,0.034626007080078125
loco_plateau,global_stats,42,b005_0341,aa391e2b07bdd6168406810253aa95ddc48980e3dc4f63b3df9c1ea6807dbc8e,plateau,9,batch_005,sample_0601,False,0.0075757330069776445,0.011332679782914187,0.02014213800430298
loco_plateau,global_stats,42,b005_0344,6eb77d3cd6491920848da180bb4de9dc6bc0b37ef91bd1ab7ff630ab55038dfb,plateau,8,batch_005,sample_0602,False,0.01872988802487733,0.01995876167088081,0.03630751371383667
loco_plateau,global_stats,42,b005_0345,a300e398fad1a0e6431c0978a839d6f5ba716e8b388e8dda603311639de6f280,plateau,4,batch_005,sample_0603,False,0.006949227120055527,0.008854269848876042,0.021819651126861572
loco_plateau,global_stats,42,b005_0346,64090025074679c6ba642a06fb71e932babe2025b967ef6f2f6b1d8f5ad03bba,plateau,7,batch_005,sample_0604,False,0.008226117394009575,0.01547827144606052,0.03315621614456177
loco_plateau,global_stats,42,b005_0347,f351afe68d58358a3632f7f01ae10c313d89f47accf5981900e558140d1bfbff,plateau,8,batch_005,sample_0605,False,0.030537496214030218,0.033431731768293824,0.048053011298179626
loco_plateau,global_stats,42,b005_0348,9047f61e8be36c807011000fd79892f9747fc9f2b5d36e0905a12cc71cf27077,plateau,5,batch_005,sample_0606,False,0.010516175969702298,0.014148116436073707,0.044783055782318115
loco_plateau,global_stats,42,b005_0349,c30ce3c339ea2d458d6b92c6a2de60810ca4393b4b9c7acd9f3e78a68c60481d,plateau,8,batch_005,sample_0607,False,0.011937797771858388,0.015617668782151145,0.04155087471008301
loco_plateau,global_stats,42,b005_0350,1023f3a6c18df8c4890c9d45fa6b65adbbc9733ddc3561c3e25572947e28011e,plateau,4,batch_005,sample_0608,False,0.01624773845809405,0.01916819228979016,0.04710894823074341
loco_plateau,global_stats,42,b005_0351,f915d37994404288414823d1bbb6b5e3931c9ad94ae24b67272d3c8362d85400,plateau,9,batch_005,sample_0609,False,0.013468413690074545,0.017024348943501025,0.045633524656295776
loco_plateau,global_stats,42,b005_0352,5f0ae19a03996e46eda8c90413fc45b8985b85b82d4f47d4a22a10847efdc7d4,plateau,8,batch_005,sample_0610,False,0.016714636419640213,0.019942932265796163,0.03706783056259155
loco_plateau,global_stats,42,b005_0353,05e5a33d12166760b02827e96c5a0446d2d46d0bac028f2a76145a206386e918,plateau,6,batch_005,sample_0611,False,0.012163766705598987,0.013467012153886841,0.020524203777313232
loco_plateau,global_stats,42,b005_0354,fadf7a0b5c1bc2a8d8355725a59dcbd92af98cb7514eabc127842f5c4b4bef47,plateau,8,batch_005,sample_0612,False,0.011114972048118467,0.013550595737935385,0.03722217679023743
loco_plateau,global_stats,42,b005_0355,4d85219246b5dad59cb85d9fa3c1936680c4c9ef047c5cef4218f3b15c1e939c,plateau,4,batch_005,sample_0613,False,0.00788376907833287,0.009628771917073488,0.014536380767822266
loco_plateau,global_stats,42,b005_0356,4d68bdd50ef81490f46d2a8e1897ab3bb663920d094e1cbb0b28ba7113382e88,plateau,2,batch_005,sample_0614,False,0.007193058240609091,0.00993497699933998,0.03081613779067993
loco_plateau,global_stats,42,b005_0359,4c1573f83055d1187f7f6cd3d9baae0038086645d81eee72897606cc9d5c570c,plateau,5,batch_005,sample_0615,False,0.01671056000546354,0.019000740383923923,0.039894893765449524
loco_plateau,global_stats,42,b005_0360,686bd58ef008dcf1a1a7c6f4d10f2f843038b4350a135434e4ccc66a580f0f5d,plateau,8,batch_005,sample_0616,False,0.0054176476646642215,0.006959700966045264,0.018118202686309814
loco_plateau,global_stats,42,b005_0361,96f4761fc6c8f7f70f150f08d1184ebb6ce1b5aaa442426bf462bb08296c1a3b,plateau,8,batch_005,sample_0617,False,0.00829230334426536,0.015094172344857455,0.054299235343933105
loco_plateau,global_stats,42,b005_0362,1afc1c036950d3674b72ba96e3a3beaf89086ebc191f828798460411f6637095,plateau,14,batch_005,sample_0618,False,0.008102514460438588,0.010778616613733045,0.026963621377944946
loco_plateau,global_stats,42,b005_0363,c4e17a05dde40f17497a58db0f20c7fa3893089c99b4e61d2abb1683d73c2708,plateau,3,batch_005,sample_0619,False,0.008921007885307562,0.010590130358079574,0.022035181522369385
loco_plateau,global_stats,42,b005_0364,f789b385523cb681d859a20015bfbe6406d3d1a4e0993fd9931fc56524052232,plateau,7,batch_005,sample_0620,False,0.016199156397678813,0.01906014155234585,0.025046825408935547
loco_plateau,global_stats,42,b005_0365,bf0f2b2de55694fffbc786504dd644ea825c40182b9b220d53b89c8a37ed6c50,plateau,2,batch_005,sample_0621,False,0.015723648190986914,0.018495089656272824,0.046417236328125
loco_plateau,global_stats,42,b005_0366,ff9baf0d1ecf79479db89955f4239351d1d12145c830cf12c7c6743740bef107,plateau,1,batch_005,sample_0622,False,0.010806814691082377,0.01424030686725194,0.04504173994064331
loco_plateau,global_stats,42,b005_0367,55ae06c4d49e4f4bca3994c646b4a4477cbe684a94491baec3ccacaf8913cdc4,plateau,6,batch_005,sample_0623,False,0.007012124127540432,0.009759632664943922,0.026864752173423767
loco_plateau,global_stats,42,b005_0369,3d7c1523d7f7a701ba8c8c8653f377b8bce5dcb75dd5e777fc37ea2547a10cd1,plateau,11,batch_005,sample_0624,False,0.017113297689156454,0.019342355303503003,0.04308438301086426
loco_plateau,global_stats,42,b005_0370,02430a0e963a0b380b2bc0d082219d1cf06081fa567fed08f912ffa7dfe10051,plateau,5,batch_005,sample_0625,False,0.007588282471797506,0.0099204345394929,0.011902809143066406
loco_plateau,global_stats,42,b005_0374,e78a3e8bf3a5373c93d1d439c82fbdadf0d6d220b3240b14bb5f3bc3f6e4f09a,plateau,1,batch_005,sample_0626,False,0.011564732819307045,0.014000415157463425,0.030277103185653687
loco_plateau,global_stats,42,b005_0376,e2cf5195bd63a11d9d1ca2e66c51888dcca34e1ae84251c784a18a3f37096e59,plateau,3,batch_005,sample_0627,False,0.011697640062355604,0.013696839175237648,0.029581844806671143
loco_plateau,global_stats,42,b005_0377,3f7f8648f1cca1b0bde98bd8dd3709da82b522777e245fb04f2e547d74fb458c,plateau,3,batch_005,sample_0628,False,0.00738237871498358,0.009063804740940635,0.01736965775489807
loco_plateau,global_stats,42,b005_0378,046e2b649304ef7368e59229d0d93e66e7a45cef80450c188bed4c2d3d1fdc8d,plateau,11,batch_005,sample_0629,False,0.009637194090202207,0.011271289869389,0.023599088191986084
loco_plateau,global_stats,42,b005_0379,1f409b6e03f9441ff3c5c3fc66e0db956031025ffca1702ed23e99238b6229c9,plateau,15,batch_005,sample_0630,False,0.011885778337228493,0.015097551574857645,0.01870262622833252
loco_plateau,global_stats,42,b005_0380,9373bd39ad3438c8b68e44ed9913af85cc6aa4598a1d16ee56e8aa54d6b7e8ad,plateau,7,batch_005,sample_0631,False,0.010725123349760399,0.013142367290311836,0.030752703547477722
loco_plateau,global_stats,42,b005_0381,69369739915ea5865caaa0a97202deb36c3f5d9d99624a932280b9ccaec1ad7a,plateau,8,batch_005,sample_0632,False,0.021262785206075576,0.025389423135212304,0.007330536842346191
loco_plateau,global_stats,42,b005_0382,2d2b38ecba4efd0196a13bbe391dd3bf0713ebf5519032458d2874f9b5b799ea,plateau,6,batch_005,sample_0633,False,0.006904679487963192,0.00843447546584854,0.019199371337890625
loco_plateau,global_stats,42,b005_0383,c3f96572b536df535317375fdc5e4706ac369468646788bb728a81d80ebbf8cd,plateau,9,batch_005,sample_0634,False,0.03358578895691965,0.037258922756881606,0.07148663699626923
loco_plateau,global_stats,42,b005_0384,4f787d72c2991ce6d0932240e622e61affe479a7fa2dd35ab8bcdc5923ff28ed,plateau,13,batch_005,sample_0635,False,0.007134169095852336,0.011652400873164808,0.06793475151062012
loco_plateau,global_stats,42,b005_0386,301947d5dbc16fbb140de6b8a02a472b8129263d9f0a15b48f047dc956897100,plateau,8,batch_005,sample_0636,False,0.011555866872678037,0.013095646177181999,0.025555923581123352
loco_plateau,global_stats,42,b005_0387,8de22ed78a2ba566ad5d579cb268e029471143e2f0356e36c926f297c636ec17,plateau,1,batch_005,sample_0637,False,0.012080654959942474,0.015770535991945594,0.03935942053794861
loco_plateau,global_stats,42,b005_0388,7018dd5a29322b02c1632cd20271bff3ce888a19228aa52114aa77b9400eb91b,plateau,10,batch_005,sample_0638,False,0.015239268052773397,0.017999994923500615,0.024613797664642334
loco_plateau,global_stats,42,b005_0391,befff6f241f67d94d7753d00fbb0c58bb90217d18320366e8efddcc6b98d1cf6,plateau,7,batch_005,sample_0639,False,0.007916401583151739,0.010090797770810735,0.01434856653213501
loco_plateau,global_stats,42,b005_0392,c8557ed9f63b99ebd2c6c477e7131c72de41dc16fb5e94bfd97d94fa611c210b,plateau,10,batch_005,sample_0640,False,0.01254346917887203,0.014501950192906938,0.02794039249420166
loco_plateau,global_stats,42,b005_0393,93eb3bacea701426087e75941806b407760420360c2377bbc814db1682f2a1d4,plateau,5,batch_005,sample_0641,False,0.013724990066934804,0.01631365701373975,0.04247617721557617
loco_plateau,global_stats,42,b005_0394,df92d1d4b0476ec691828cb2651348409e75a7cc4379821060d4a774189be132,plateau,9,batch_005,sample_0642,False,0.014930374309664866,0.01596816520540549,0.03711479902267456
loco_plateau,global_stats,42,b005_0395,83ecfc111bb85fd355498ca7b8a4bb47c26e405c679f3515a1aafc4d7cefab6c,plateau,5,batch_005,sample_0643,False,0.015360488510522687,0.018792885911430832,0.0338444709777832
loco_plateau,global_stats,42,b005_0397,c8766140f84f514dc30d7035d42f2067f8e50cef0a1eee335dbb302ad43b3441,plateau,1,batch_005,sample_0644,False,0.009955641187605311,0.011723485433386166,0.035057634115219116
loco_plateau,global_stats,42,b005_0398,c5312b8757553a4ab6a18f87cd43e9086663093a1069e7c08549a0cd2de261d6,plateau,13,batch_005,sample_0645,False,0.008786434032877937,0.01272482258040648,0.018899857997894287
loco_plateau,global_stats,43,b004_0101,cb286dce3fb5e4de9ce7cd24a593b3729810700f461d4dea7e7e806081a6c243,plateau,7,batch_004,sample_0098,False,0.019634437854172754,0.022677443051477432,0.04666620492935181
loco_plateau,global_stats,43,b004_0106,68a631e45d1432b8c277623aa36bd14caa372804b8363ec96ef67ddc8eb20d1c,plateau,3,batch_004,sample_0102,False,0.008519624772130465,0.010849465421409077,0.02890324592590332
loco_plateau,global_stats,43,b004_0115,f799b5290dd4072521a7449c1abf33ff526f22f67b776e873628d3cbca0ba783,plateau,3,batch_004,sample_0107,False,0.006118890936257409,0.008480781234957484,0.009548604488372803
loco_plateau,global_stats,43,b004_0130,2188740cfe38cf9d440c67431f559d83d2a1ce7ae59ca2bedcf02bb69f466e50,plateau,8,batch_004,sample_0120,False,0.006359548903391009,0.00869468426760955,0.02216428518295288
loco_plateau,global_stats,43,b004_0136,04889ebdfb5784327f3b9088bf6df01afa628294490b202c173ef0b14838e962,plateau,2,batch_004,sample_0125,False,0.006506909051390945,0.00845430522299909,0.0241243839263916
loco_plateau,global_stats,43,b004_0147,1fa51a6e404fd88eb385d6766311d069515a32e28126ff01697c509152d5f502,plateau,7,batch_004,sample_0131,False,0.02009353359214595,0.022756212135116385,0.041139304637908936
loco_plateau,global_stats,43,b004_0154,aac35af72b9a33754898cad920897b67d2af68b9260ad250b7fcaebd06f32dcc,plateau,8,batch_004,sample_0136,False,0.009082509235280459,0.01162777112123647,0.028015434741973877
loco_plateau,global_stats,43,b004_0155,1d0a46c8f6e17a86034c6bb9d66c4b03d098b69ff514fc02f28ea63be0b42c7e,plateau,6,batch_004,sample_0137,False,0.009477174184361442,0.011765661534267136,0.024217218160629272
loco_plateau,global_stats,43,b004_0163,4873613114b6d71d3a19feac4e2a6cca6a1aea7cedee70e6461fcb308fcd40a1,plateau,8,batch_004,sample_0144,False,0.01166790919225724,0.013279749101299126,0.0299069881439209
loco_plateau,global_stats,43,b004_0166,8acc23b2c14cbb42c17a2dcc988fac65c64813d2829e3784719d447b5ed718b7,plateau,6,batch_004,sample_0146,False,0.007891113152269457,0.010001549965570533,0.02495807409286499
loco_plateau,global_stats,43,b004_0189,83c666a66b41c149f65ddc8bd970a7e25625b9d2da4a74aa495eb63512733e3d,plateau,1,batch_004,sample_0163,False,0.010212408226044451,0.012639545581957075,0.03127843141555786
loco_plateau,global_stats,43,b004_0192,e59076b7dd3091c6a35a126a9200a5d87d04f635db59270bb6abf483a0ca6b6b,plateau,3,batch_004,sample_0166,False,0.00668082777105394,0.008321835942720826,0.020019590854644775
loco_plateau,global_stats,43,b004_0198,36b24bbee6d7a71d6d85eb0f4637e3435adb468ab33422dad8a99a2687c94a43,plateau,3,batch_004,sample_0172,False,0.006372002243507104,0.007945497201797984,0.012745559215545654
loco_plateau,global_stats,43,b004_0206,0f83d6a5c144dfa616333adc1bd57529c0d4b0a6391f6abd2b3df69ae12643d9,plateau,8,batch_004,sample_0176,False,0.015337861219390493,0.01825377253405261,0.04412078857421875
loco_plateau,global_stats,43,b004_0208,1e7355104cb1bc6623bb84e83c8b136fc6530491967649406726860c46d55882,plateau,3,batch_004,sample_0177,False,0.006710254816246815,0.00959053553850277,0.02855217456817627
loco_plateau,global_stats,43,b004_0209,440c0cdd2e0fa5883c06758ead647f3129254dd10b206bf0c4a01275bc82806b,plateau,7,batch_004,sample_0178,False,0.02996046206013101,0.03431362254449852,0.055095404386520386
loco_plateau,global_stats,43,b004_0226,61bdc1b24112322d60eb9bd84ba71d642a105873858653a3edd7bfe0a5c1b34e,plateau,7,batch_004,sample_0190,False,0.008228234824587087,0.010672922798271858,0.03328067064285278
loco_plateau,global_stats,43,b004_0229,af1d00f7a0b787f92bf6455e06a745c2e040b11b6d56cb70a91a0e9bbecca3e3,plateau,4,batch_004,sample_0193,False,0.006777145334931671,0.009694952689278136,0.03242558240890503
loco_plateau,global_stats,43,b004_0232,c19c313f6ced6796888a79b2f089c97c626a7f821d056d6da34ee52cdd9ede4e,plateau,2,batch_004,sample_0195,False,0.009490506326565977,0.011727311235082872,0.021956175565719604
loco_plateau,global_stats,43,b004_0238,ab344aa6b1603d38f985e697b8d5e23f92cabe2cfdec495cd63bf30832b339b7,plateau,3,batch_004,sample_0201,False,0.006981666581552537,0.008369984616802535,0.019604384899139404
loco_plateau,global_stats,43,b004_0269,4bc4fd552a3fec6bec5222fbe2344ba232c661859418bb0be167915721ee5291,plateau,5,batch_004,sample_0225,False,0.008036134917227948,0.009832304938803892,0.02416825294494629
loco_plateau,global_stats,43,b004_0270,6e734c0ce0d34a99ed4ad267e7228f80d1e1937ed9cfb2a2531b08dd05b3f9f4,plateau,2,batch_004,sample_0226,False,0.009138317626030719,0.013016818038294421,0.04073953628540039
loco_plateau,global_stats,43,b004_0276,7b18e593b02cd8067d1393f0e63f941e25eff1aa515facc3feca5d594c0b32f6,plateau,3,batch_004,sample_0231,False,0.008986765427179024,0.011962624073257757,0.028978019952774048
loco_plateau,global_stats,43,b004_0280,99c63bb4954aeef83d20697237d20468a2082dc550b92994ed9c8b0d2e53aeb4,plateau,3,batch_004,sample_0235,False,0.00900395263413914,0.011069792891632518,0.022988498210906982
loco_plateau,global_stats,43,b004_0284,315251daf704e2ddebf079b4618bac7ddc803651927693240201fda0ae19713e,plateau,7,batch_004,sample_0238,False,0.009540953841365751,0.013175096922455722,0.0069054365158081055
loco_plateau,global_stats,43,b004_0285,538882c9fc437f403f576e9537afa2d0e9d19640d587ec09abf294580a7a5439,plateau,5,batch_004,sample_0239,False,0.009147466450441078,0.011524923801291505,0.03693807125091553
loco_plateau,global_stats,43,b004_0286,1f1d5a524d03753ee50cb34e15a725be31a3f16360c0873f815fa3617c634af9,plateau,2,batch_004,sample_0240,False,0.00715137065434065,0.009189070542451314,0.024464011192321777
loco_plateau,global_stats,43,b004_0291,5cb317353c4e3be13450815c4705cf51b35ccbcd7f9d37f0e177ea0c467b5f57,plateau,1,batch_004,sample_0243,False,0.007531296889312932,0.009582238189166243,0.0280437171459198
loco_plateau,global_stats,43,b004_0298,caa33739bb94bf3e4107ea13ebaefa854b1845ee09a860ac973faad33ffc7834,plateau,5,batch_004,sample_0250,False,0.007134079688885173,0.008686939079251417,0.01916402578353882
loco_plateau,global_stats,43,b004_0303,de67b515620baea3c5921d16c351e24f283039e6be0dbb711689e9c13ccfdcd8,plateau,7,batch_004,sample_0254,False,0.008113457286944155,0.010042367183612698,0.021130472421646118
loco_plateau,global_stats,43,b004_0312,aae428a0b7988c9a08ec2cd887e629b34ead9427365e120773f787d5e67957c1,plateau,8,batch_004,sample_0261,False,0.010401556237799222,0.011819686809099035,0.015378877520561218
loco_plateau,global_stats,43,b004_0328,230d653e29b05c6cac38da6d0de4c13e4f666cbcf2f18fd0f9301c8565cc11a3,plateau,4,batch_004,sample_0274,False,0.009395015349642176,0.012956720925299578,0.009365975856781006
loco_plateau,global_stats,43,b004_0335,3af73a16bdf592f38afc48342dd2996cc2332054b38bc004699cef76f2f2027c,plateau,4,batch_004,sample_0278,False,0.012104897714052045,0.014656251489701516,0.036308884620666504
loco_plateau,global_stats,43,b004_0336,b1a27cded5990829ff83324d88a32190c7c9723de6ef9887de3b888774969a57,plateau,1,batch_004,sample_0279,False,0.010430125916590456,0.014207009628996082,0.029067546129226685
loco_plateau,global_stats,43,b004_0367,c318564675cfb510af8b85e2c440c5474c6897ca4e9cdaf29a6217c1c607614e,plateau,5,batch_004,sample_0304,False,0.009306261773969307,0.011420598818588644,0.030729949474334717
loco_plateau,global_stats,43,b004_0378,b10baedc312e4d2d36427845a0f1a1cbffe556d2f64623a9674249752d97956c,plateau,8,batch_004,sample_0313,False,0.01009971355317069,0.012067535338190919,0.03693854808807373
loco_plateau,global_stats,43,b004_0379,c6e6ea944f341106836d770add03411f9b6a1a984c07c96bec5e68fdcf226108,plateau,6,batch_004,sample_0314,False,0.005910016413106293,0.007673953382023249,0.018413454294204712
loco_plateau,global_stats,43,b004_0385,1669f1f0995158292efaccb221bf4e371f369d987f6008fc5bbb7afeb0d048df,plateau,7,batch_004,sample_0319,False,0.015687402154578537,0.017446667079062474,0.00787210464477539
loco_plateau,global_stats,43,b004_0387,09be75b148104dc8d00eb69fe791588c388b9ebb3038b53094e45349b135be7d,plateau,8,batch_004,sample_0321,False,0.009722692800349876,0.011268680271006805,0.02099156379699707
loco_plateau,global_stats,43,b005_0318,924387d745bc9120e456294ff4a08ad9a1d65425b1cd2775143ca2ab2f71ce55,plateau,7,batch_005,sample_0582,False,0.008368071962575444,0.012168040215074987,0.038185954093933105
loco_plateau,global_stats,43,b005_0319,800520051cbd61e759abc8ff464d9452f0af7501ab267ce886d3229fe3d764b4,plateau,2,batch_005,sample_0583,False,0.008512873630054662,0.010485061645094627,0.02625402808189392
loco_plateau,global_stats,43,b005_0320,ef3c4b806db3686e52b040856eeaa178271e38922d72178a07cfb1b60c5a9815,plateau,9,batch_005,sample_0584,False,0.008920883057547397,0.012348800406177047,0.02316102385520935
loco_plateau,global_stats,43,b005_0322,dfa2ca4229967a5ccb2b1248146a521a8c13b2c9123ed436514968a5b39c468b,plateau,12,batch_005,sample_0585,False,0.008519276243741394,0.011114400859584343,0.02848571538925171
loco_plateau,global_stats,43,b005_0323,cce3714177813b75d94654611ce899a21ca23c71fe16d59197e83af8d254e95f,plateau,11,batch_005,sample_0586,False,0.01494940309250941,0.017272236458108527,0.029653847217559814
loco_plateau,global_stats,43,b005_0324,27fb8c31fc60138ca610456685ff39808517e467177b4b76e23ad2cc9ef40e79,plateau,3,batch_005,sample_0587,False,0.009959849666376582,0.011865649827631575,0.033732861280441284
loco_plateau,global_stats,43,b005_0325,57c15407e4e74b16ef1107b3fd3d0f28bd18e2d5f422f8887bb3ae4f2ee71cfd,plateau,6,batch_005,sample_0588,False,0.005846519694953668,0.007515324821139586,0.021186530590057373
loco_plateau,global_stats,43,b005_0326,e2760e685a5883648d6d91d72b6f825497ff6177a7ae51fd1d4a4f618192fbd3,plateau,4,batch_005,sample_0589,False,0.012223607341407752,0.014968541892702966,0.034940510988235474
loco_plateau,global_stats,43,b005_0327,c0f2d02506a33f5dad5fa8e5c65ba0f14cdafffb85f55797608be3df54e8cf61,plateau,1,batch_005,sample_0590,False,0.009446215434152572,0.011131658008203073,0.008202224969863892
loco_plateau,global_stats,43,b005_0328,55b4a6a2ff50fc37c4d86d31a2943c392e669602f37411c18ea7e0f718c7a49b,plateau,10,batch_005,sample_0591,False,0.022381336718309122,0.025506081037076148,0.05333364009857178
loco_plateau,global_stats,43,b005_0329,25396912ea3a078cfdcae941ea89787bb0803f1346b6c5c886e75f5af0e4014c,plateau,5,batch_005,sample_0592,False,0.022374934348903718,0.023987321452458008,0.03689122200012207
loco_plateau,global_stats,43,b005_0330,2d2987c8fa8b70de85851fccd3598561568f323c9bc1e48b9082c225851dca74,plateau,7,batch_005,sample_0593,False,0.008193908778370404,0.010381288680365225,0.03619009256362915
loco_plateau,global_stats,43,b005_0331,fe117b09b49c597131e2f6e1b8feb5a597f6b009e1fc51e947e1c4258965cb3a,plateau,8,batch_005,sample_0594,False,0.008927094887514583,0.014295871762788171,0.048021912574768066
loco_plateau,global_stats,43,b005_0332,8ef7167927072aa036a58c5f6faa4277ddbc7c3f91bcb16661ae1d24abac8490,plateau,8,batch_005,sample_0595,False,0.012216180685113688,0.013739223168577583,0.01864105463027954
loco_plateau,global_stats,43,b005_0333,c3c2056eaa15eef1a5f1836e18a193479b6f32b671a8a83de228a107692ada54,plateau,1,batch_005,sample_0596,False,0.007309973728461343,0.01004112659616347,0.030038267374038696
loco_plateau,global_stats,43,b005_0334,3bbd10db0ca1e022a95db792674aa00f019fd5856e68ce360feb007d0fe711f4,plateau,14,batch_005,sample_0597,False,0.010137179958038643,0.01191623044459854,0.024684250354766846
loco_plateau,global_stats,43,b005_0336,0747b020d2d22e1f5e7519b418cc9b8327b7656cbdb5b6a0c84c741abbc0e102,plateau,5,batch_005,sample_0598,False,0.00949219211203153,0.010979806556593044,0.027642488479614258
loco_plateau,global_stats,43,b005_0338,115982b394b483309f71c61baca7ee9f7623a932a8116d9e7603f0819aecb7ce,plateau,11,batch_005,sample_0599,False,0.025876917311402618,0.028393004472064522,0.04246801137924194
loco_plateau,global_stats,43,b005_0339,5a157ab2ed0b98a6d23ad8857e1765864193424d5249af315f29d82bd5969aec,plateau,1,batch_005,sample_0600,False,0.006773654737922012,0.009029234424494926,0.032326698303222656
loco_plateau,global_stats,43,b005_0341,aa391e2b07bdd6168406810253aa95ddc48980e3dc4f63b3df9c1ea6807dbc8e,plateau,9,batch_005,sample_0601,False,0.006127135064758238,0.009986506687188989,0.021352052688598633
loco_plateau,global_stats,43,b005_0344,6eb77d3cd6491920848da180bb4de9dc6bc0b37ef91bd1ab7ff630ab55038dfb,plateau,8,batch_005,sample_0602,False,0.01729112277265455,0.018489775532228848,0.03497534990310669
loco_plateau,global_stats,43,b005_0345,a300e398fad1a0e6431c0978a839d6f5ba716e8b388e8dda603311639de6f280,plateau,4,batch_005,sample_0603,False,0.006457384492530197,0.008274207560189189,0.026034057140350342
loco_plateau,global_stats,43,b005_0346,64090025074679c6ba642a06fb71e932babe2025b967ef6f2f6b1d8f5ad03bba,plateau,7,batch_005,sample_0604,False,0.009526299282175596,0.01611704484895109,0.040970563888549805
loco_plateau,global_stats,43,b005_0347,f351afe68d58358a3632f7f01ae10c313d89f47accf5981900e558140d1bfbff,plateau,8,batch_005,sample_0605,False,0.03070074551906742,0.03346085114604652,0.04500435292720795
loco_plateau,global_stats,43,b005_0348,9047f61e8be36c807011000fd79892f9747fc9f2b5d36e0905a12cc71cf27077,plateau,5,batch_005,sample_0606,False,0.009801554386733009,0.013686030222097694,0.04430049657821655
loco_plateau,global_stats,43,b005_0349,c30ce3c339ea2d458d6b92c6a2de60810ca4393b4b9c7acd9f3e78a68c60481d,plateau,8,batch_005,sample_0607,False,0.010704486249167412,0.014915298658575946,0.0424862802028656
loco_plateau,global_stats,43,b005_0350,1023f3a6c18df8c4890c9d45fa6b65adbbc9733ddc3561c3e25572947e28011e,plateau,4,batch_005,sample_0608,False,0.01234568295175912,0.016052508338454632,0.037340208888053894
loco_plateau,global_stats,43,b005_0351,f915d37994404288414823d1bbb6b5e3931c9ad94ae24b67272d3c8362d85400,plateau,9,batch_005,sample_0609,False,0.012769542512346486,0.017003758063470473,0.0465569794178009
loco_plateau,global_stats,43,b005_0352,5f0ae19a03996e46eda8c90413fc45b8985b85b82d4f47d4a22a10847efdc7d4,plateau,8,batch_005,sample_0610,False,0.016286896633320166,0.019132269798598413,0.03639301657676697
loco_plateau,global_stats,43,b005_0353,05e5a33d12166760b02827e96c5a0446d2d46d0bac028f2a76145a206386e918,plateau,6,batch_005,sample_0611,False,0.010781528031239744,0.012645265536917282,0.02277660369873047
loco_plateau,global_stats,43,b005_0354,fadf7a0b5c1bc2a8d8355725a59dcbd92af98cb7514eabc127842f5c4b4bef47,plateau,8,batch_005,sample_0612,False,0.011454078994813512,0.014508361453307403,0.04004630446434021
loco_plateau,global_stats,43,b005_0355,4d85219246b5dad59cb85d9fa3c1936680c4c9ef047c5cef4218f3b15c1e939c,plateau,4,batch_005,sample_0613,False,0.008754631779232963,0.010286054912474911,0.016488254070281982
loco_plateau,global_stats,43,b005_0356,4d68bdd50ef81490f46d2a8e1897ab3bb663920d094e1cbb0b28ba7113382e88,plateau,2,batch_005,sample_0614,False,0.009085144664420456,0.010837648430770556,0.03302711248397827
loco_plateau,global_stats,43,b005_0359,4c1573f83055d1187f7f6cd3d9baae0038086645d81eee72897606cc9d5c570c,plateau,5,batch_005,sample_0615,False,0.013447272148532946,0.015780872746806823,0.030894696712493896
loco_plateau,global_stats,43,b005_0360,686bd58ef008dcf1a1a7c6f4d10f2f843038b4350a135434e4ccc66a580f0f5d,plateau,8,batch_005,sample_0616,False,0.0057463825481836915,0.007479547371372006,0.021527528762817383
loco_plateau,global_stats,43,b005_0361,96f4761fc6c8f7f70f150f08d1184ebb6ce1b5aaa442426bf462bb08296c1a3b,plateau,8,batch_005,sample_0617,False,0.012842123320356745,0.01915732423803564,0.06564843654632568
loco_plateau,global_stats,43,b005_0362,1afc1c036950d3674b72ba96e3a3beaf89086ebc191f828798460411f6637095,plateau,14,batch_005,sample_0618,False,0.00822674641843702,0.010445867607430725,0.025829285383224487
loco_plateau,global_stats,43,b005_0363,c4e17a05dde40f17497a58db0f20c7fa3893089c99b4e61d2abb1683d73c2708,plateau,3,batch_005,sample_0619,False,0.00848698176321436,0.010609572371412546,0.02556520700454712
loco_plateau,global_stats,43,b005_0364,f789b385523cb681d859a20015bfbe6406d3d1a4e0993fd9931fc56524052232,plateau,7,batch_005,sample_0620,False,0.015599268870275528,0.018561273127595063,0.02912318706512451
loco_plateau,global_stats,43,b005_0365,bf0f2b2de55694fffbc786504dd644ea825c40182b9b220d53b89c8a37ed6c50,plateau,2,batch_005,sample_0621,False,0.013494764134043553,0.016438165884139887,0.04695868492126465
loco_plateau,global_stats,43,b005_0366,ff9baf0d1ecf79479db89955f4239351d1d12145c830cf12c7c6743740bef107,plateau,1,batch_005,sample_0622,False,0.013122190095362116,0.015876088005389328,0.049476444721221924
loco_plateau,global_stats,43,b005_0367,55ae06c4d49e4f4bca3994c646b4a4477cbe684a94491baec3ccacaf8913cdc4,plateau,6,batch_005,sample_0623,False,0.006580932951364361,0.008413934556681204,0.019419759511947632
loco_plateau,global_stats,43,b005_0369,3d7c1523d7f7a701ba8c8c8653f377b8bce5dcb75dd5e777fc37ea2547a10cd1,plateau,11,batch_005,sample_0624,False,0.02017928659915924,0.02252675162896433,0.045432329177856445
loco_plateau,global_stats,43,b005_0370,02430a0e963a0b380b2bc0d082219d1cf06081fa567fed08f912ffa7dfe10051,plateau,5,batch_005,sample_0625,False,0.007496746104271685,0.009594209433149354,0.011901021003723145
loco_plateau,global_stats,43,b005_0374,e78a3e8bf3a5373c93d1d439c82fbdadf0d6d220b3240b14bb5f3bc3f6e4f09a,plateau,1,batch_005,sample_0626,False,0.010808789583503222,0.013440425283408962,0.03001706302165985
loco_plateau,global_stats,43,b005_0376,e2cf5195bd63a11d9d1ca2e66c51888dcca34e1ae84251c784a18a3f37096e59,plateau,3,batch_005,sample_0627,False,0.011009064487746505,0.013585479832657716,0.032542288303375244
loco_plateau,global_stats,43,b005_0377,3f7f8648f1cca1b0bde98bd8dd3709da82b522777e245fb04f2e547d74fb458c,plateau,3,batch_005,sample_0628,False,0.009159264994449303,0.010911281375953577,0.01682266592979431
loco_plateau,global_stats,43,b005_0378,046e2b649304ef7368e59229d0d93e66e7a45cef80450c188bed4c2d3d1fdc8d,plateau,11,batch_005,sample_0629,False,0.009743242723042847,0.011425674480587168,0.028626084327697754
loco_plateau,global_stats,43,b005_0379,1f409b6e03f9441ff3c5c3fc66e0db956031025ffca1702ed23e99238b6229c9,plateau,15,batch_005,sample_0630,False,0.01713382513796697,0.01952970317361832,0.023893296718597412
loco_plateau,global_stats,43,b005_0380,9373bd39ad3438c8b68e44ed9913af85cc6aa4598a1d16ee56e8aa54d6b7e8ad,plateau,7,batch_005,sample_0631,False,0.00754717303836932,0.010335560261057435,0.02398696541786194
loco_plateau,global_stats,43,b005_0381,69369739915ea5865caaa0a97202deb36c3f5d9d99624a932280b9ccaec1ad7a,plateau,8,batch_005,sample_0632,False,0.022411376726431925,0.027239398141118993,0.013528645038604736
loco_plateau,global_stats,43,b005_0382,2d2b38ecba4efd0196a13bbe391dd3bf0713ebf5519032458d2874f9b5b799ea,plateau,6,batch_005,sample_0633,False,0.0061486527079441505,0.007681468388923543,0.020054399967193604
loco_plateau,global_stats,43,b005_0383,c3f96572b536df535317375fdc5e4706ac369468646788bb728a81d80ebbf8cd,plateau,9,batch_005,sample_0634,False,0.030532356656965663,0.03384086048386897,0.07044319808483124
loco_plateau,global_stats,43,b005_0384,4f787d72c2991ce6d0932240e622e61affe479a7fa2dd35ab8bcdc5923ff28ed,plateau,13,batch_005,sample_0635,False,0.0067940354347229,0.01134658006529386,0.06974035501480103
loco_plateau,global_stats,43,b005_0386,301947d5dbc16fbb140de6b8a02a472b8129263d9f0a15b48f047dc956897100,plateau,8,batch_005,sample_0636,False,0.011864956895836064,0.01318278725109324,0.025593847036361694
loco_plateau,global_stats,43,b005_0387,8de22ed78a2ba566ad5d579cb268e029471143e2f0356e36c926f297c636ec17,plateau,1,batch_005,sample_0637,False,0.010412663679386749,0.014127502722217194,0.039380788803100586
loco_plateau,global_stats,43,b005_0388,7018dd5a29322b02c1632cd20271bff3ce888a19228aa52114aa77b9400eb91b,plateau,10,batch_005,sample_0638,False,0.016038469237382294,0.01858334640815852,0.029334068298339844
loco_plateau,global_stats,43,b005_0391,befff6f241f67d94d7753d00fbb0c58bb90217d18320366e8efddcc6b98d1cf6,plateau,7,batch_005,sample_0639,False,0.00917970694479395,0.010899061570108655,0.016267597675323486
loco_plateau,global_stats,43,b005_0392,c8557ed9f63b99ebd2c6c477e7131c72de41dc16fb5e94bfd97d94fa611c210b,plateau,10,batch_005,sample_0640,False,0.009493516605408465,0.01217822940327672,0.028860270977020264
loco_plateau,global_stats,43,b005_0393,93eb3bacea701426087e75941806b407760420360c2377bbc814db1682f2a1d4,plateau,5,batch_005,sample_0641,False,0.012265225170088595,0.015837991236363348,0.044640421867370605
loco_plateau,global_stats,43,b005_0394,df92d1d4b0476ec691828cb2651348409e75a7cc4379821060d4a774189be132,plateau,9,batch_005,sample_0642,False,0.014605417969774027,0.015845858396456306,0.04111248254776001
loco_plateau,global_stats,43,b005_0395,83ecfc111bb85fd355498ca7b8a4bb47c26e405c679f3515a1aafc4d7cefab6c,plateau,5,batch_005,sample_0643,False,0.01499868733961074,0.01769459317353149,0.02963736653327942
loco_plateau,global_stats,43,b005_0397,c8766140f84f514dc30d7035d42f2067f8e50cef0a1eee335dbb302ad43b3441,plateau,1,batch_005,sample_0644,False,0.010670156263914264,0.01235754216122653,0.032973796129226685
loco_plateau,global_stats,43,b005_0398,c5312b8757553a4ab6a18f87cd43e9086663093a1069e7c08549a0cd2de261d6,plateau,13,batch_005,sample_0645,False,0.010360114887112477,0.013732080244551076,0.02431333065032959
loco_plateau,global_stats,44,b004_0101,cb286dce3fb5e4de9ce7cd24a593b3729810700f461d4dea7e7e806081a6c243,plateau,7,batch_004,sample_0098,False,0.02238557206802681,0.025469786562391687,0.04952085018157959
loco_plateau,global_stats,44,b004_0106,68a631e45d1432b8c277623aa36bd14caa372804b8363ec96ef67ddc8eb20d1c,plateau,3,batch_004,sample_0102,False,0.00876166378376914,0.011150441790843062,0.024980664253234863
loco_plateau,global_stats,44,b004_0115,f799b5290dd4072521a7449c1abf33ff526f22f67b776e873628d3cbca0ba783,plateau,3,batch_004,sample_0107,False,0.006342386613126661,0.008684135842889181,0.013599276542663574
loco_plateau,global_stats,44,b004_0130,2188740cfe38cf9d440c67431f559d83d2a1ce7ae59ca2bedcf02bb69f466e50,plateau,8,batch_004,sample_0120,False,0.007001258249654144,0.009273644716417062,0.02384084463119507
loco_plateau,global_stats,44,b004_0136,04889ebdfb5784327f3b9088bf6df01afa628294490b202c173ef0b14838e962,plateau,2,batch_004,sample_0125,False,0.007376470648851551,0.009070782806757499,0.026247352361679077
loco_plateau,global_stats,44,b004_0147,1fa51a6e404fd88eb385d6766311d069515a32e28126ff01697c509152d5f502,plateau,7,batch_004,sample_0131,False,0.022049208950312413,0.024644179959104,0.04420676827430725
loco_plateau,global_stats,44,b004_0154,aac35af72b9a33754898cad920897b67d2af68b9260ad250b7fcaebd06f32dcc,plateau,8,batch_004,sample_0136,False,0.01010375482137086,0.012784524886168012,0.02904832363128662
loco_plateau,global_stats,44,b004_0155,1d0a46c8f6e17a86034c6bb9d66c4b03d098b69ff514fc02f28ea63be0b42c7e,plateau,6,batch_004,sample_0137,False,0.009717071154078499,0.012040071423837027,0.02240157127380371
loco_plateau,global_stats,44,b004_0163,4873613114b6d71d3a19feac4e2a6cca6a1aea7cedee70e6461fcb308fcd40a1,plateau,8,batch_004,sample_0144,False,0.014061041054178457,0.016070698386656885,0.030974864959716797
loco_plateau,global_stats,44,b004_0166,8acc23b2c14cbb42c17a2dcc988fac65c64813d2829e3784719d447b5ed718b7,plateau,6,batch_004,sample_0146,False,0.00840362204147167,0.010585960738410232,0.025571554899215698
loco_plateau,global_stats,44,b004_0189,83c666a66b41c149f65ddc8bd970a7e25625b9d2da4a74aa495eb63512733e3d,plateau,1,batch_004,sample_0163,False,0.00861875835012217,0.011553643046866152,0.02756369113922119
loco_plateau,global_stats,44,b004_0192,e59076b7dd3091c6a35a126a9200a5d87d04f635db59270bb6abf483a0ca6b6b,plateau,3,batch_004,sample_0166,False,0.007222478934487358,0.008970575163396754,0.02110275626182556
loco_plateau,global_stats,44,b004_0198,36b24bbee6d7a71d6d85eb0f4637e3435adb468ab33422dad8a99a2687c94a43,plateau,3,batch_004,sample_0172,False,0.006163330534931089,0.007969827258522353,0.014211118221282959
loco_plateau,global_stats,44,b004_0206,0f83d6a5c144dfa616333adc1bd57529c0d4b0a6391f6abd2b3df69ae12643d9,plateau,8,batch_004,sample_0176,False,0.017840204180264083,0.020783611566086994,0.04730740189552307
loco_plateau,global_stats,44,b004_0208,1e7355104cb1bc6623bb84e83c8b136fc6530491967649406726860c46d55882,plateau,3,batch_004,sample_0177,False,0.008855875215080918,0.011465209478444684,0.02958548069000244
loco_plateau,global_stats,44,b004_0209,440c0cdd2e0fa5883c06758ead647f3129254dd10b206bf0c4a01275bc82806b,plateau,7,batch_004,sample_0178,False,0.03297732648302297,0.037576447027700285,0.05843964219093323
loco_plateau,global_stats,44,b004_0226,61bdc1b24112322d60eb9bd84ba71d642a105873858653a3edd7bfe0a5c1b34e,plateau,7,batch_004,sample_0190,False,0.006674292634745113,0.009621366071421968,0.0367046594619751
loco_plateau,global_stats,44,b004_0229,af1d00f7a0b787f92bf6455e06a745c2e040b11b6d56cb70a91a0e9bbecca3e3,plateau,4,batch_004,sample_0193,False,0.009178779103228302,0.011411589343321848,0.033519864082336426
loco_plateau,global_stats,44,b004_0232,c19c313f6ced6796888a79b2f089c97c626a7f821d056d6da34ee52cdd9ede4e,plateau,2,batch_004,sample_0195,False,0.008589356649117391,0.010833412395898946,0.017817974090576172
loco_plateau,global_stats,44,b004_0238,ab344aa6b1603d38f985e697b8d5e23f92cabe2cfdec495cd63bf30832b339b7,plateau,3,batch_004,sample_0201,False,0.006381124196971049,0.007916518232022786,0.018129944801330566
loco_plateau,global_stats,44,b004_0269,4bc4fd552a3fec6bec5222fbe2344ba232c661859418bb0be167915721ee5291,plateau,5,batch_004,sample_0225,False,0.010316478912947609,0.01183418081084285,0.0257718563079834
loco_plateau,global_stats,44,b004_0270,6e734c0ce0d34a99ed4ad267e7228f80d1e1937ed9cfb2a2531b08dd05b3f9f4,plateau,2,batch_004,sample_0226,False,0.00932355731969974,0.012430379499343157,0.036733031272888184
loco_plateau,global_stats,44,b004_0276,7b18e593b02cd8067d1393f0e63f941e25eff1aa515facc3feca5d594c0b32f6,plateau,3,batch_004,sample_0231,False,0.010615484819549029,0.013082848577789234,0.02744811773300171
loco_plateau,global_stats,44,b004_0280,99c63bb4954aeef83d20697237d20468a2082dc550b92994ed9c8b0d2e53aeb4,plateau,3,batch_004,sample_0235,False,0.009639805213349764,0.011019892223413501,0.02574068307876587
loco_plateau,global_stats,44,b004_0284,315251daf704e2ddebf079b4618bac7ddc803651927693240201fda0ae19713e,plateau,7,batch_004,sample_0238,False,0.00985865978921046,0.012662363125170226,0.010882318019866943
loco_plateau,global_stats,44,b004_0285,538882c9fc437f403f576e9537afa2d0e9d19640d587ec09abf294580a7a5439,plateau,5,batch_004,sample_0239,False,0.01112751760443703,0.013788075333761514,0.03779977560043335
loco_plateau,global_stats,44,b004_0286,1f1d5a524d03753ee50cb34e15a725be31a3f16360c0873f815fa3617c634af9,plateau,2,batch_004,sample_0240,False,0.006878005798722877,0.009050336233979878,0.027058184146881104
loco_plateau,global_stats,44,b004_0291,5cb317353c4e3be13450815c4705cf51b35ccbcd7f9d37f0e177ea0c467b5f57,plateau,1,batch_004,sample_0243,False,0.008398710582099978,0.010026995493536011,0.02677658200263977
loco_plateau,global_stats,44,b004_0298,caa33739bb94bf3e4107ea13ebaefa854b1845ee09a860ac973faad33ffc7834,plateau,5,batch_004,sample_0250,False,0.006972406975558547,0.008649423807840147,0.019247978925704956
loco_plateau,global_stats,44,b004_0303,de67b515620baea3c5921d16c351e24f283039e6be0dbb711689e9c13ccfdcd8,plateau,7,batch_004,sample_0254,False,0.010039720378938268,0.012208976448529729,0.024126306176185608
loco_plateau,global_stats,44,b004_0312,aae428a0b7988c9a08ec2cd887e629b34ead9427365e120773f787d5e67957c1,plateau,8,batch_004,sample_0261,False,0.009269707515591481,0.010962871331407175,0.02157779037952423
loco_plateau,global_stats,44,b004_0328,230d653e29b05c6cac38da6d0de4c13e4f666cbcf2f18fd0f9301c8565cc11a3,plateau,4,batch_004,sample_0274,False,0.007655037170062299,0.011995677497912503,0.006944775581359863
loco_plateau,global_stats,44,b004_0335,3af73a16bdf592f38afc48342dd2996cc2332054b38bc004699cef76f2f2027c,plateau,4,batch_004,sample_0278,False,0.013732056637279322,0.01603770878999496,0.03551945090293884
loco_plateau,global_stats,44,b004_0336,b1a27cded5990829ff83324d88a32190c7c9723de6ef9887de3b888774969a57,plateau,1,batch_004,sample_0279,False,0.01043023901884673,0.013977509596578602,0.026296555995941162
loco_plateau,global_stats,44,b004_0367,c318564675cfb510af8b85e2c440c5474c6897ca4e9cdaf29a6217c1c607614e,plateau,5,batch_004,sample_0304,False,0.008654467639375905,0.010676093680114523,0.029088914394378662
loco_plateau,global_stats,44,b004_0378,b10baedc312e4d2d36427845a0f1a1cbffe556d2f64623a9674249752d97956c,plateau,8,batch_004,sample_0313,False,0.01109815651520354,0.01294123694419824,0.036801278591156006
loco_plateau,global_stats,44,b004_0379,c6e6ea944f341106836d770add03411f9b6a1a984c07c96bec5e68fdcf226108,plateau,6,batch_004,sample_0314,False,0.0059621269952078336,0.0072414441611672094,0.01499447226524353
loco_plateau,global_stats,44,b004_0385,1669f1f0995158292efaccb221bf4e371f369d987f6008fc5bbb7afeb0d048df,plateau,7,batch_004,sample_0319,False,0.013166342113838821,0.015286294673801217,0.010518193244934082
loco_plateau,global_stats,44,b004_0387,09be75b148104dc8d00eb69fe791588c388b9ebb3038b53094e45349b135be7d,plateau,8,batch_004,sample_0321,False,0.011551758304971163,0.013126339440205985,0.023106157779693604
loco_plateau,global_stats,44,b005_0318,924387d745bc9120e456294ff4a08ad9a1d65425b1cd2775143ca2ab2f71ce55,plateau,7,batch_005,sample_0582,False,0.010859907161994059,0.013982150170035571,0.03817903995513916
loco_plateau,global_stats,44,b005_0319,800520051cbd61e759abc8ff464d9452f0af7501ab267ce886d3229fe3d764b4,plateau,2,batch_005,sample_0583,False,0.009258268065139895,0.011573623631674109,0.028008073568344116
loco_plateau,global_stats,44,b005_0320,ef3c4b806db3686e52b040856eeaa178271e38922d72178a07cfb1b60c5a9815,plateau,9,batch_005,sample_0584,False,0.006793960989987264,0.011500660337795857,0.023391634225845337
loco_plateau,global_stats,44,b005_0322,dfa2ca4229967a5ccb2b1248146a521a8c13b2c9123ed436514968a5b39c468b,plateau,12,batch_005,sample_0585,False,0.009259643307963356,0.011900782245930514,0.027806967496871948
loco_plateau,global_stats,44,b005_0323,cce3714177813b75d94654611ce899a21ca23c71fe16d59197e83af8d254e95f,plateau,11,batch_005,sample_0586,False,0.011571638896817067,0.01417596173904379,0.028769493103027344
loco_plateau,global_stats,44,b005_0324,27fb8c31fc60138ca610456685ff39808517e467177b4b76e23ad2cc9ef40e79,plateau,3,batch_005,sample_0587,False,0.012669211039777662,0.014870069245758157,0.03422650694847107
loco_plateau,global_stats,44,b005_0325,57c15407e4e74b16ef1107b3fd3d0f28bd18e2d5f422f8887bb3ae4f2ee71cfd,plateau,6,batch_005,sample_0588,False,0.008828554729946324,0.010504991254778722,0.02019648253917694
loco_plateau,global_stats,44,b005_0326,e2760e685a5883648d6d91d72b6f825497ff6177a7ae51fd1d4a4f618192fbd3,plateau,4,batch_005,sample_0589,False,0.013502453514909158,0.01605601495560207,0.04348266124725342
loco_plateau,global_stats,44,b005_0327,c0f2d02506a33f5dad5fa8e5c65ba0f14cdafffb85f55797608be3df54e8cf61,plateau,1,batch_005,sample_0590,False,0.008594582559632474,0.010438542909186575,0.008139073848724365
loco_plateau,global_stats,44,b005_0328,55b4a6a2ff50fc37c4d86d31a2943c392e669602f37411c18ea7e0f718c7a49b,plateau,10,batch_005,sample_0591,False,0.022335612627326466,0.025829640409823388,0.05093872547149658
loco_plateau,global_stats,44,b005_0329,25396912ea3a078cfdcae941ea89787bb0803f1346b6c5c886e75f5af0e4014c,plateau,5,batch_005,sample_0592,False,0.02108287371572901,0.02320029456383312,0.03830862045288086
loco_plateau,global_stats,44,b005_0330,2d2987c8fa8b70de85851fccd3598561568f323c9bc1e48b9082c225851dca74,plateau,7,batch_005,sample_0593,False,0.008892599798616816,0.01111389801191747,0.036905765533447266
loco_plateau,global_stats,44,b005_0331,fe117b09b49c597131e2f6e1b8feb5a597f6b009e1fc51e947e1c4258965cb3a,plateau,8,batch_005,sample_0594,False,0.010625621334451144,0.014888483941364864,0.043519020080566406
loco_plateau,global_stats,44,b005_0332,8ef7167927072aa036a58c5f6faa4277ddbc7c3f91bcb16661ae1d24abac8490,plateau,8,batch_005,sample_0595,False,0.008813488556713354,0.010661272677732704,0.018724441528320312
loco_plateau,global_stats,44,b005_0333,c3c2056eaa15eef1a5f1836e18a193479b6f32b671a8a83de228a107692ada54,plateau,1,batch_005,sample_0596,False,0.007285522877192888,0.010220516642749903,0.034015804529190063
loco_plateau,global_stats,44,b005_0334,3bbd10db0ca1e022a95db792674aa00f019fd5856e68ce360feb007d0fe711f4,plateau,14,batch_005,sample_0597,False,0.009175784153039337,0.0108661530793134,0.025655806064605713
loco_plateau,global_stats,44,b005_0336,0747b020d2d22e1f5e7519b418cc9b8327b7656cbdb5b6a0c84c741abbc0e102,plateau,5,batch_005,sample_0598,False,0.0053126220820380035,0.0067826956183472415,0.021883785724639893
loco_plateau,global_stats,44,b005_0338,115982b394b483309f71c61baca7ee9f7623a932a8116d9e7603f0819aecb7ce,plateau,11,batch_005,sample_0599,False,0.020291019414292007,0.023148564653792406,0.03969818353652954
loco_plateau,global_stats,44,b005_0339,5a157ab2ed0b98a6d23ad8857e1765864193424d5249af315f29d82bd5969aec,plateau,1,batch_005,sample_0600,False,0.006686645758445146,0.00891102510426737,0.03563818335533142
loco_plateau,global_stats,44,b005_0341,aa391e2b07bdd6168406810253aa95ddc48980e3dc4f63b3df9c1ea6807dbc8e,plateau,9,batch_005,sample_0601,False,0.006412244478210074,0.010303854465679623,0.020679354667663574
loco_plateau,global_stats,44,b005_0344,6eb77d3cd6491920848da180bb4de9dc6bc0b37ef91bd1ab7ff630ab55038dfb,plateau,8,batch_005,sample_0602,False,0.022318927235290654,0.02346781378809879,0.03710275888442993
loco_plateau,global_stats,44,b005_0345,a300e398fad1a0e6431c0978a839d6f5ba716e8b388e8dda603311639de6f280,plateau,4,batch_005,sample_0603,False,0.008892688839161982,0.010823676605044314,0.0241696834564209
loco_plateau,global_stats,44,b005_0346,64090025074679c6ba642a06fb71e932babe2025b967ef6f2f6b1d8f5ad03bba,plateau,7,batch_005,sample_0604,False,0.014111733522082939,0.017850291866003915,0.03537571430206299
loco_plateau,global_stats,44,b005_0347,f351afe68d58358a3632f7f01ae10c313d89f47accf5981900e558140d1bfbff,plateau,8,batch_005,sample_0605,False,0.03479905499786627,0.03820326104569439,0.05112899839878082
loco_plateau,global_stats,44,b005_0348,9047f61e8be36c807011000fd79892f9747fc9f2b5d36e0905a12cc71cf27077,plateau,5,batch_005,sample_0606,False,0.013810335856969239,0.016362012153042754,0.046037137508392334
loco_plateau,global_stats,44,b005_0349,c30ce3c339ea2d458d6b92c6a2de60810ca4393b4b9c7acd9f3e78a68c60481d,plateau,8,batch_005,sample_0607,False,0.012113033045755058,0.01587772485756337,0.043807923793792725
loco_plateau,global_stats,44,b005_0350,1023f3a6c18df8c4890c9d45fa6b65adbbc9733ddc3561c3e25572947e28011e,plateau,4,batch_005,sample_0608,False,0.014972404134078104,0.017752431797999235,0.044748663902282715
loco_plateau,global_stats,44,b005_0351,f915d37994404288414823d1bbb6b5e3931c9ad94ae24b67272d3c8362d85400,plateau,9,batch_005,sample_0609,False,0.013095562453152703,0.016889064301790085,0.04719105362892151
loco_plateau,global_stats,44,b005_0352,5f0ae19a03996e46eda8c90413fc45b8985b85b82d4f47d4a22a10847efdc7d4,plateau,8,batch_005,sample_0610,False,0.021655331869594386,0.024612158838601583,0.04076194763183594
loco_plateau,global_stats,44,b005_0353,05e5a33d12166760b02827e96c5a0446d2d46d0bac028f2a76145a206386e918,plateau,6,batch_005,sample_0611,False,0.007462158310608786,0.009223337146376345,0.022793889045715332
loco_plateau,global_stats,44,b005_0354,fadf7a0b5c1bc2a8d8355725a59dcbd92af98cb7514eabc127842f5c4b4bef47,plateau,8,batch_005,sample_0612,False,0.011126272746774017,0.014877664982860885,0.03822469711303711
loco_plateau,global_stats,44,b005_0355,4d85219246b5dad59cb85d9fa3c1936680c4c9ef047c5cef4218f3b15c1e939c,plateau,4,batch_005,sample_0613,False,0.00657235598954998,0.00864739119314714,0.016271591186523438
loco_plateau,global_stats,44,b005_0356,4d68bdd50ef81490f46d2a8e1897ab3bb663920d094e1cbb0b28ba7113382e88,plateau,2,batch_005,sample_0614,False,0.009610782392689438,0.011362978747572536,0.03238177299499512
loco_plateau,global_stats,44,b005_0359,4c1573f83055d1187f7f6cd3d9baae0038086645d81eee72897606cc9d5c570c,plateau,5,batch_005,sample_0615,False,0.014677444106486977,0.016616322805054623,0.03646174073219299
loco_plateau,global_stats,44,b005_0360,686bd58ef008dcf1a1a7c6f4d10f2f843038b4350a135434e4ccc66a580f0f5d,plateau,8,batch_005,sample_0616,False,0.005777669978923485,0.007764496862269569,0.022380173206329346
loco_plateau,global_stats,44,b005_0361,96f4761fc6c8f7f70f150f08d1184ebb6ce1b5aaa442426bf462bb08296c1a3b,plateau,8,batch_005,sample_0617,False,0.019353375083110372,0.022533057831458116,0.058132290840148926
loco_plateau,global_stats,44,b005_0362,1afc1c036950d3674b72ba96e3a3beaf89086ebc191f828798460411f6637095,plateau,14,batch_005,sample_0618,False,0.009851136657058215,0.012345048376037702,0.03207021951675415
loco_plateau,global_stats,44,b005_0363,c4e17a05dde40f17497a58db0f20c7fa3893089c99b4e61d2abb1683d73c2708,plateau,3,batch_005,sample_0619,False,0.012287799696453282,0.014464981742494935,0.027275562286376953
loco_plateau,global_stats,44,b005_0364,f789b385523cb681d859a20015bfbe6406d3d1a4e0993fd9931fc56524052232,plateau,7,batch_005,sample_0620,False,0.012639522552490234,0.01571190237760894,0.028197765350341797
loco_plateau,global_stats,44,b005_0365,bf0f2b2de55694fffbc786504dd644ea825c40182b9b220d53b89c8a37ed6c50,plateau,2,batch_005,sample_0621,False,0.012263851942586118,0.015033828801171602,0.04266613721847534
loco_plateau,global_stats,44,b005_0366,ff9baf0d1ecf79479db89955f4239351d1d12145c830cf12c7c6743740bef107,plateau,1,batch_005,sample_0622,False,0.013176825935723351,0.016178521660407705,0.047632038593292236
loco_plateau,global_stats,44,b005_0367,55ae06c4d49e4f4bca3994c646b4a4477cbe684a94491baec3ccacaf8913cdc4,plateau,6,batch_005,sample_0623,False,0.005620209958221092,0.007276088174752717,0.016890883445739746
loco_plateau,global_stats,44,b005_0369,3d7c1523d7f7a701ba8c8c8653f377b8bce5dcb75dd5e777fc37ea2547a10cd1,plateau,11,batch_005,sample_0624,False,0.015919468686228892,0.01822943283232555,0.04243439435958862
loco_plateau,global_stats,44,b005_0370,02430a0e963a0b380b2bc0d082219d1cf06081fa567fed08f912ffa7dfe10051,plateau,5,batch_005,sample_0625,False,0.007378920912742615,0.009691051192585703,0.010545313358306885
loco_plateau,global_stats,44,b005_0374,e78a3e8bf3a5373c93d1d439c82fbdadf0d6d220b3240b14bb5f3bc3f6e4f09a,plateau,1,batch_005,sample_0626,False,0.013940534630759817,0.016596523586741026,0.03722676634788513
loco_plateau,global_stats,44,b005_0376,e2cf5195bd63a11d9d1ca2e66c51888dcca34e1ae84251c784a18a3f37096e59,plateau,3,batch_005,sample_0627,False,0.012012181834119265,0.014244406351350096,0.030773282051086426
loco_plateau,global_stats,44,b005_0377,3f7f8648f1cca1b0bde98bd8dd3709da82b522777e245fb04f2e547d74fb458c,plateau,3,batch_005,sample_0628,False,0.005849639900395128,0.007313936817225748,0.019006550312042236
loco_plateau,global_stats,44,b005_0378,046e2b649304ef7368e59229d0d93e66e7a45cef80450c188bed4c2d3d1fdc8d,plateau,11,batch_005,sample_0629,False,0.01121202160100468,0.013128457287884445,0.027790069580078125
loco_plateau,global_stats,44,b005_0379,1f409b6e03f9441ff3c5c3fc66e0db956031025ffca1702ed23e99238b6229c9,plateau,15,batch_005,sample_0630,False,0.009552409902947848,0.012529750218847684,0.0225372314453125
loco_plateau,global_stats,44,b005_0380,9373bd39ad3438c8b68e44ed9913af85cc6aa4598a1d16ee56e8aa54d6b7e8ad,plateau,7,batch_005,sample_0631,False,0.0095748919077584,0.0119920062265541,0.02543260157108307
loco_plateau,global_stats,44,b005_0381,69369739915ea5865caaa0a97202deb36c3f5d9d99624a932280b9ccaec1ad7a,plateau,8,batch_005,sample_0632,False,0.0171012211529935,0.02179102545741301,0.013516366481781006
loco_plateau,global_stats,44,b005_0382,2d2b38ecba4efd0196a13bbe391dd3bf0713ebf5519032458d2874f9b5b799ea,plateau,6,batch_005,sample_0633,False,0.008694482387089338,0.010728740898953908,0.02616843581199646
loco_plateau,global_stats,44,b005_0383,c3f96572b536df535317375fdc5e4706ac369468646788bb728a81d80ebbf8cd,plateau,9,batch_005,sample_0634,False,0.029257803972138733,0.03251159527653717,0.07034115493297577
loco_plateau,global_stats,44,b005_0384,4f787d72c2991ce6d0932240e622e61affe479a7fa2dd35ab8bcdc5923ff28ed,plateau,13,batch_005,sample_0635,False,0.008041367423338969,0.011787020815780584,0.06661075353622437
loco_plateau,global_stats,44,b005_0386,301947d5dbc16fbb140de6b8a02a472b8129263d9f0a15b48f047dc956897100,plateau,8,batch_005,sample_0636,False,0.014344807408872198,0.015742620782122994,0.031304165720939636
loco_plateau,global_stats,44,b005_0387,8de22ed78a2ba566ad5d579cb268e029471143e2f0356e36c926f297c636ec17,plateau,1,batch_005,sample_0637,False,0.013889449450080513,0.016700262082106704,0.04267069697380066
loco_plateau,global_stats,44,b005_0388,7018dd5a29322b02c1632cd20271bff3ce888a19228aa52114aa77b9400eb91b,plateau,10,batch_005,sample_0638,False,0.015801643738981155,0.01850107867896482,0.02864295244216919
loco_plateau,global_stats,44,b005_0391,befff6f241f67d94d7753d00fbb0c58bb90217d18320366e8efddcc6b98d1cf6,plateau,7,batch_005,sample_0639,False,0.008481121148730888,0.010235965362672184,0.013342618942260742
loco_plateau,global_stats,44,b005_0392,c8557ed9f63b99ebd2c6c477e7131c72de41dc16fb5e94bfd97d94fa611c210b,plateau,10,batch_005,sample_0640,False,0.01387793631827245,0.01576053947347997,0.02690112590789795
loco_plateau,global_stats,44,b005_0393,93eb3bacea701426087e75941806b407760420360c2377bbc814db1682f2a1d4,plateau,5,batch_005,sample_0641,False,0.017871303880800965,0.020903620007040633,0.04625421762466431
loco_plateau,global_stats,44,b005_0394,df92d1d4b0476ec691828cb2651348409e75a7cc4379821060d4a774189be132,plateau,9,batch_005,sample_0642,False,0.015365089793674281,0.016545321684912333,0.04077494144439697
loco_plateau,global_stats,44,b005_0395,83ecfc111bb85fd355498ca7b8a4bb47c26e405c679f3515a1aafc4d7cefab6c,plateau,5,batch_005,sample_0643,False,0.017887915499874802,0.021698851310544384,0.03853669762611389
loco_plateau,global_stats,44,b005_0397,c8766140f84f514dc30d7035d42f2067f8e50cef0a1eee335dbb302ad43b3441,plateau,1,batch_005,sample_0644,False,0.010987211934855728,0.0139751407120954,0.03579902648925781
loco_plateau,global_stats,44,b005_0398,c5312b8757553a4ab6a18f87cd43e9086663093a1069e7c08549a0cd2de261d6,plateau,13,batch_005,sample_0645,False,0.009963026300805514,0.01316866158234056,0.023132503032684326
loco_plateau,global_stats,45,b004_0101,cb286dce3fb5e4de9ce7cd24a593b3729810700f461d4dea7e7e806081a6c243,plateau,7,batch_004,sample_0098,False,0.018236250173850138,0.021096698469564596,0.04635423421859741
loco_plateau,global_stats,45,b004_0106,68a631e45d1432b8c277623aa36bd14caa372804b8363ec96ef67ddc8eb20d1c,plateau,3,batch_004,sample_0102,False,0.008922690372975146,0.011474935906064859,0.026299983263015747
loco_plateau,global_stats,45,b004_0115,f799b5290dd4072521a7449c1abf33ff526f22f67b776e873628d3cbca0ba783,plateau,3,batch_004,sample_0107,False,0.006221294647357503,0.008115364122200321,0.005779072642326355
loco_plateau,global_stats,45,b004_0130,2188740cfe38cf9d440c67431f559d83d2a1ce7ae59ca2bedcf02bb69f466e50,plateau,8,batch_004,sample_0120,False,0.006606028644276447,0.008947754490290614,0.02341139316558838
loco_plateau,global_stats,45,b004_0136,04889ebdfb5784327f3b9088bf6df01afa628294490b202c173ef0b14838e962,plateau,2,batch_004,sample_0125,False,0.00615916236257944,0.00819514987680761,0.022328972816467285
loco_plateau,global_stats,45,b004_0147,1fa51a6e404fd88eb385d6766311d069515a32e28126ff01697c509152d5f502,plateau,7,batch_004,sample_0131,False,0.02035667350301977,0.02311545136635233,0.040578991174697876
loco_plateau,global_stats,45,b004_0154,aac35af72b9a33754898cad920897b67d2af68b9260ad250b7fcaebd06f32dcc,plateau,8,batch_004,sample_0136,False,0.009344285934186373,0.011798604833873766,0.028690040111541748
loco_plateau,global_stats,45,b004_0155,1d0a46c8f6e17a86034c6bb9d66c4b03d098b69ff514fc02f28ea63be0b42c7e,plateau,6,batch_004,sample_0137,False,0.009772390860026,0.011697293210628108,0.02324536442756653
loco_plateau,global_stats,45,b004_0163,4873613114b6d71d3a19feac4e2a6cca6a1aea7cedee70e6461fcb308fcd40a1,plateau,8,batch_004,sample_0144,False,0.010251805919115661,0.01144943956308231,0.02853536605834961
loco_plateau,global_stats,45,b004_0166,8acc23b2c14cbb42c17a2dcc988fac65c64813d2829e3784719d447b5ed718b7,plateau,6,batch_004,sample_0146,False,0.008392632374020874,0.010923841834650111,0.027183949947357178
loco_plateau,global_stats,45,b004_0189,83c666a66b41c149f65ddc8bd970a7e25625b9d2da4a74aa495eb63512733e3d,plateau,1,batch_004,sample_0163,False,0.010772005456392883,0.013109111925988404,0.031081795692443848
loco_plateau,global_stats,45,b004_0192,e59076b7dd3091c6a35a126a9200a5d87d04f635db59270bb6abf483a0ca6b6b,plateau,3,batch_004,sample_0166,False,0.006671560164846358,0.008240328163818153,0.017500221729278564
loco_plateau,global_stats,45,b004_0198,36b24bbee6d7a71d6d85eb0f4637e3435adb468ab33422dad8a99a2687c94a43,plateau,3,batch_004,sample_0172,False,0.0066576621449384536,0.008110050054808937,0.01223146915435791
loco_plateau,global_stats,45,b004_0206,0f83d6a5c144dfa616333adc1bd57529c0d4b0a6391f6abd2b3df69ae12643d9,plateau,8,batch_004,sample_0176,False,0.014322252791435992,0.01698099873241009,0.040546149015426636
loco_plateau,global_stats,45,b004_0208,1e7355104cb1bc6623bb84e83c8b136fc6530491967649406726860c46d55882,plateau,3,batch_004,sample_0177,False,0.006909663559960537,0.00957518758202101,0.02760910987854004
loco_plateau,global_stats,45,b004_0209,440c0cdd2e0fa5883c06758ead647f3129254dd10b206bf0c4a01275bc82806b,plateau,7,batch_004,sample_0178,False,0.028169158785069575,0.032308651009960436,0.05056247115135193
loco_plateau,global_stats,45,b004_0226,61bdc1b24112322d60eb9bd84ba71d642a105873858653a3edd7bfe0a5c1b34e,plateau,7,batch_004,sample_0190,False,0.00862573160499823,0.010989878273457602,0.033449769020080566
loco_plateau,global_stats,45,b004_0229,af1d00f7a0b787f92bf6455e06a745c2e040b11b6d56cb70a91a0e9bbecca3e3,plateau,4,batch_004,sample_0193,False,0.006611751239807879,0.009453796999298844,0.029861509799957275
loco_plateau,global_stats,45,b004_0232,c19c313f6ced6796888a79b2f089c97c626a7f821d056d6da34ee52cdd9ede4e,plateau,2,batch_004,sample_0195,False,0.009775825699821848,0.011640114781406452,0.018699854612350464
loco_plateau,global_stats,45,b004_0238,ab344aa6b1603d38f985e697b8d5e23f92cabe2cfdec495cd63bf30832b339b7,plateau,3,batch_004,sample_0201,False,0.006742650490315234,0.007969937728365099,0.018127143383026123
loco_plateau,global_stats,45,b004_0269,4bc4fd552a3fec6bec5222fbe2344ba232c661859418bb0be167915721ee5291,plateau,5,batch_004,sample_0225,False,0.007035198514578772,0.008445122282770242,0.022841453552246094
loco_plateau,global_stats,45,b004_0270,6e734c0ce0d34a99ed4ad267e7228f80d1e1937ed9cfb2a2531b08dd05b3f9f4,plateau,2,batch_004,sample_0226,False,0.009529474695197871,0.013324581877296515,0.04188942909240723
loco_plateau,global_stats,45,b004_0276,7b18e593b02cd8067d1393f0e63f941e25eff1aa515facc3feca5d594c0b32f6,plateau,3,batch_004,sample_0231,False,0.008977874075291587,0.012114880328044737,0.03008793294429779
loco_plateau,global_stats,45,b004_0280,99c63bb4954aeef83d20697237d20468a2082dc550b92994ed9c8b0d2e53aeb4,plateau,3,batch_004,sample_0235,False,0.008628406119151194,0.010617933748340509,0.023867487907409668
loco_plateau,global_stats,45,b004_0284,315251daf704e2ddebf079b4618bac7ddc803651927693240201fda0ae19713e,plateau,7,batch_004,sample_0238,False,0.010256831030376622,0.013871581263566185,0.007542788982391357
loco_plateau,global_stats,45,b004_0285,538882c9fc437f403f576e9537afa2d0e9d19640d587ec09abf294580a7a5439,plateau,5,batch_004,sample_0239,False,0.009629954812956637,0.011371903604574497,0.03465127944946289
loco_plateau,global_stats,45,b004_0286,1f1d5a524d03753ee50cb34e15a725be31a3f16360c0873f815fa3617c634af9,plateau,2,batch_004,sample_0240,False,0.006987928183840923,0.009186222054896404,0.025183245539665222
loco_plateau,global_stats,45,b004_0291,5cb317353c4e3be13450815c4705cf51b35ccbcd7f9d37f0e177ea0c467b5f57,plateau,1,batch_004,sample_0243,False,0.00799933759892573,0.010250305574343983,0.03310181200504303
loco_plateau,global_stats,45,b004_0298,caa33739bb94bf3e4107ea13ebaefa854b1845ee09a860ac973faad33ffc7834,plateau,5,batch_004,sample_0250,False,0.0072565081178164875,0.008635853013710506,0.02162301540374756
loco_plateau,global_stats,45,b004_0303,de67b515620baea3c5921d16c351e24f283039e6be0dbb711689e9c13ccfdcd8,plateau,7,batch_004,sample_0254,False,0.00729564980405276,0.009085406052960337,0.019244372844696045
loco_plateau,global_stats,45,b004_0312,aae428a0b7988c9a08ec2cd887e629b34ead9427365e120773f787d5e67957c1,plateau,8,batch_004,sample_0261,False,0.011422772387989232,0.012544452848854989,0.014848411083221436
loco_plateau,global_stats,45,b004_0328,230d653e29b05c6cac38da6d0de4c13e4f666cbcf2f18fd0f9301c8565cc11a3,plateau,4,batch_004,sample_0274,False,0.009082416530515327,0.012913212439572663,0.00676649808883667
loco_plateau,global_stats,45,b004_0335,3af73a16bdf592f38afc48342dd2996cc2332054b38bc004699cef76f2f2027c,plateau,4,batch_004,sample_0278,False,0.0118515281403651,0.014268811289448458,0.03464284539222717
loco_plateau,global_stats,45,b004_0336,b1a27cded5990829ff83324d88a32190c7c9723de6ef9887de3b888774969a57,plateau,1,batch_004,sample_0279,False,0.009462757921609723,0.012133458916658867,0.024743229150772095
loco_plateau,global_stats,45,b004_0367,c318564675cfb510af8b85e2c440c5474c6897ca4e9cdaf29a6217c1c607614e,plateau,5,batch_004,sample_0304,False,0.01058793556494791,0.012464681579558134,0.027701497077941895
loco_plateau,global_stats,45,b004_0378,b10baedc312e4d2d36427845a0f1a1cbffe556d2f64623a9674249752d97956c,plateau,8,batch_004,sample_0313,False,0.010099293572492287,0.011834250841753035,0.033925652503967285
loco_plateau,global_stats,45,b004_0379,c6e6ea944f341106836d770add03411f9b6a1a984c07c96bec5e68fdcf226108,plateau,6,batch_004,sample_0314,False,0.005540133133286335,0.007501797718791157,0.019562453031539917
loco_plateau,global_stats,45,b004_0385,1669f1f0995158292efaccb221bf4e371f369d987f6008fc5bbb7afeb0d048df,plateau,7,batch_004,sample_0319,False,0.016286509203129126,0.01831653709857629,0.006918668746948242
loco_plateau,global_stats,45,b004_0387,09be75b148104dc8d00eb69fe791588c388b9ebb3038b53094e45349b135be7d,plateau,8,batch_004,sample_0321,False,0.00883619487285614,0.009969224260471754,0.01808112859725952
loco_plateau,global_stats,45,b005_0318,924387d745bc9120e456294ff4a08ad9a1d65425b1cd2775143ca2ab2f71ce55,plateau,7,batch_005,sample_0582,False,0.008246445020691294,0.01201467180766396,0.034232139587402344
loco_plateau,global_stats,45,b005_0319,800520051cbd61e759abc8ff464d9452f0af7501ab267ce886d3229fe3d764b4,plateau,2,batch_005,sample_0583,False,0.009244678206131106,0.011141040033281526,0.027984946966171265
loco_plateau,global_stats,45,b005_0320,ef3c4b806db3686e52b040856eeaa178271e38922d72178a07cfb1b60c5a9815,plateau,9,batch_005,sample_0584,False,0.009847205315457016,0.012596245801665377,0.021664977073669434
loco_plateau,global_stats,45,b005_0322,dfa2ca4229967a5ccb2b1248146a521a8c13b2c9123ed436514968a5b39c468b,plateau,12,batch_005,sample_0585,False,0.008844226476598958,0.011161817882282245,0.03046676516532898
loco_plateau,global_stats,45,b005_0323,cce3714177813b75d94654611ce899a21ca23c71fe16d59197e83af8d254e95f,plateau,11,batch_005,sample_0586,False,0.014796815934728404,0.016451473223138793,0.029353797435760498
loco_plateau,global_stats,45,b005_0324,27fb8c31fc60138ca610456685ff39808517e467177b4b76e23ad2cc9ef40e79,plateau,3,batch_005,sample_0587,False,0.009273153103765894,0.011238144716672652,0.031669437885284424
loco_plateau,global_stats,45,b005_0325,57c15407e4e74b16ef1107b3fd3d0f28bd18e2d5f422f8887bb3ae4f2ee71cfd,plateau,6,batch_005,sample_0588,False,0.005710450107934045,0.007458583347742361,0.022671639919281006
loco_plateau,global_stats,45,b005_0326,e2760e685a5883648d6d91d72b6f825497ff6177a7ae51fd1d4a4f618192fbd3,plateau,4,batch_005,sample_0589,False,0.014517339236545758,0.017467144764413228,0.04350590705871582
loco_plateau,global_stats,45,b005_0327,c0f2d02506a33f5dad5fa8e5c65ba0f14cdafffb85f55797608be3df54e8cf61,plateau,1,batch_005,sample_0590,False,0.010028080617795225,0.011216768290809802,0.005444079637527466
loco_plateau,global_stats,45,b005_0328,55b4a6a2ff50fc37c4d86d31a2943c392e669602f37411c18ea7e0f718c7a49b,plateau,10,batch_005,sample_0591,False,0.020316175750044525,0.023547183778711168,0.05728346109390259
loco_plateau,global_stats,45,b005_0329,25396912ea3a078cfdcae941ea89787bb0803f1346b6c5c886e75f5af0e4014c,plateau,5,batch_005,sample_0592,False,0.019258159105894995,0.021044836459187994,0.03537428379058838
loco_plateau,global_stats,45,b005_0330,2d2987c8fa8b70de85851fccd3598561568f323c9bc1e48b9082c225851dca74,plateau,7,batch_005,sample_0593,False,0.007790539841182897,0.010109172354060055,0.03280079364776611
loco_plateau,global_stats,45,b005_0331,fe117b09b49c597131e2f6e1b8feb5a597f6b009e1fc51e947e1c4258965cb3a,plateau,8,batch_005,sample_0594,False,0.006655948328190163,0.012889345831266517,0.04218262434005737
loco_plateau,global_stats,45,b005_0332,8ef7167927072aa036a58c5f6faa4277ddbc7c3f91bcb16661ae1d24abac8490,plateau,8,batch_005,sample_0595,False,0.011649604581418584,0.012949288568533272,0.015954673290252686
loco_plateau,global_stats,45,b005_0333,c3c2056eaa15eef1a5f1836e18a193479b6f32b671a8a83de228a107692ada54,plateau,1,batch_005,sample_0596,False,0.007259914620977933,0.0105331050580125,0.0328407883644104
loco_plateau,global_stats,45,b005_0334,3bbd10db0ca1e022a95db792674aa00f019fd5856e68ce360feb007d0fe711f4,plateau,14,batch_005,sample_0597,False,0.009146103360613838,0.010953695294520768,0.024836361408233643
loco_plateau,global_stats,45,b005_0336,0747b020d2d22e1f5e7519b418cc9b8327b7656cbdb5b6a0c84c741abbc0e102,plateau,5,batch_005,sample_0598,False,0.0063142390524754755,0.007835773679888434,0.021441936492919922
loco_plateau,global_stats,45,b005_0338,115982b394b483309f71c61baca7ee9f7623a932a8116d9e7603f0819aecb7ce,plateau,11,batch_005,sample_0599,False,0.025885190387241176,0.02773185180403782,0.04799395799636841
loco_plateau,global_stats,45,b005_0339,5a157ab2ed0b98a6d23ad8857e1765864193424d5249af315f29d82bd5969aec,plateau,1,batch_005,sample_0600,False,0.0062887567843570085,0.009010309140746443,0.03573635220527649
loco_plateau,global_stats,45,b005_0341,aa391e2b07bdd6168406810253aa95ddc48980e3dc4f63b3df9c1ea6807dbc8e,plateau,9,batch_005,sample_0601,False,0.005954161164213399,0.009607853418000321,0.012326657772064209
loco_plateau,global_stats,45,b005_0344,6eb77d3cd6491920848da180bb4de9dc6bc0b37ef91bd1ab7ff630ab55038dfb,plateau,8,batch_005,sample_0602,False,0.016501530516343038,0.017796875544788735,0.03477507829666138
loco_plateau,global_stats,45,b005_0345,a300e398fad1a0e6431c0978a839d6f5ba716e8b388e8dda603311639de6f280,plateau,4,batch_005,sample_0603,False,0.006723418343262595,0.0085927893145603,0.022502660751342773
loco_plateau,global_stats,45,b005_0346,64090025074679c6ba642a06fb71e932babe2025b967ef6f2f6b1d8f5ad03bba,plateau,7,batch_005,sample_0604,False,0.007397684894624303,0.015004393571826181,0.0343589186668396
loco_plateau,global_stats,45,b005_0347,f351afe68d58358a3632f7f01ae10c313d89f47accf5981900e558140d1bfbff,plateau,8,batch_005,sample_0605,False,0.031172200304562928,0.03417729458049074,0.04827560484409332
loco_plateau,global_stats,45,b005_0348,9047f61e8be36c807011000fd79892f9747fc9f2b5d36e0905a12cc71cf27077,plateau,5,batch_005,sample_0606,False,0.009325552670682063,0.01375071004352695,0.0447101891040802
loco_plateau,global_stats,45,b005_0349,c30ce3c339ea2d458d6b92c6a2de60810ca4393b4b9c7acd9f3e78a68c60481d,plateau,8,batch_005,sample_0607,False,0.01106326126295035,0.01528138245829555,0.04036170244216919
loco_plateau,global_stats,45,b005_0350,1023f3a6c18df8c4890c9d45fa6b65adbbc9733ddc3561c3e25572947e28011e,plateau,4,batch_005,sample_0608,False,0.013967542557931338,0.017375084597619474,0.042425185441970825
loco_plateau,global_stats,45,b005_0351,f915d37994404288414823d1bbb6b5e3931c9ad94ae24b67272d3c8362d85400,plateau,9,batch_005,sample_0609,False,0.012169206606560066,0.016143788109287092,0.043284714221954346
loco_plateau,global_stats,45,b005_0352,5f0ae19a03996e46eda8c90413fc45b8985b85b82d4f47d4a22a10847efdc7d4,plateau,8,batch_005,sample_0610,False,0.016582409622239284,0.01982695504484919,0.0374317467212677
loco_plateau,global_stats,45,b005_0353,05e5a33d12166760b02827e96c5a0446d2d46d0bac028f2a76145a206386e918,plateau,6,batch_005,sample_0611,False,0.011393749323047575,0.01294790641863961,0.02020549774169922
loco_plateau,global_stats,45,b005_0354,fadf7a0b5c1bc2a8d8355725a59dcbd92af98cb7514eabc127842f5c4b4bef47,plateau,8,batch_005,sample_0612,False,0.010852566507996106,0.013301137384641887,0.03304624557495117
loco_plateau,global_stats,45,b005_0355,4d85219246b5dad59cb85d9fa3c1936680c4c9ef047c5cef4218f3b15c1e939c,plateau,4,batch_005,sample_0613,False,0.008273759582003609,0.00988443155168793,0.013829052448272705
loco_plateau,global_stats,45,b005_0356,4d68bdd50ef81490f46d2a8e1897ab3bb663920d094e1cbb0b28ba7113382e88,plateau,2,batch_005,sample_0614,False,0.006416518180096736,0.009214315994303826,0.032011449337005615
loco_plateau,global_stats,45,b005_0359,4c1573f83055d1187f7f6cd3d9baae0038086645d81eee72897606cc9d5c570c,plateau,5,batch_005,sample_0615,False,0.014615914036260277,0.016866905510036986,0.032846853137016296
loco_plateau,global_stats,45,b005_0360,686bd58ef008dcf1a1a7c6f4d10f2f843038b4350a135434e4ccc66a580f0f5d,plateau,8,batch_005,sample_0616,False,0.0058009552418208515,0.007576233068524674,0.020018339157104492
loco_plateau,global_stats,45,b005_0361,96f4761fc6c8f7f70f150f08d1184ebb6ce1b5aaa442426bf462bb08296c1a3b,plateau,8,batch_005,sample_0617,False,0.00926716332552863,0.01596073715651711,0.05724692344665527
loco_plateau,global_stats,45,b005_0362,1afc1c036950d3674b72ba96e3a3beaf89086ebc191f828798460411f6637095,plateau,14,batch_005,sample_0618,False,0.008960222367380486,0.011147363352228108,0.026923716068267822
loco_plateau,global_stats,45,b005_0363,c4e17a05dde40f17497a58db0f20c7fa3893089c99b4e61d2abb1683d73c2708,plateau,3,batch_005,sample_0619,False,0.007250378854939195,0.00950680041928526,0.02530086040496826
loco_plateau,global_stats,45,b005_0364,f789b385523cb681d859a20015bfbe6406d3d1a4e0993fd9931fc56524052232,plateau,7,batch_005,sample_0620,False,0.014887014861966743,0.017705206017811715,0.02407151460647583
loco_plateau,global_stats,45,b005_0365,bf0f2b2de55694fffbc786504dd644ea825c40182b9b220d53b89c8a37ed6c50,plateau,2,batch_005,sample_0621,False,0.013478697384478615,0.016590798671822546,0.04944390058517456
loco_plateau,global_stats,45,b005_0366,ff9baf0d1ecf79479db89955f4239351d1d12145c830cf12c7c6743740bef107,plateau,1,batch_005,sample_0622,False,0.010844379052764079,0.01394986943474121,0.051041245460510254
loco_plateau,global_stats,45,b005_0367,55ae06c4d49e4f4bca3994c646b4a4477cbe684a94491baec3ccacaf8913cdc4,plateau,6,batch_005,sample_0623,False,0.006867163982547698,0.008814002278445759,0.0242730975151062
loco_plateau,global_stats,45,b005_0369,3d7c1523d7f7a701ba8c8c8653f377b8bce5dcb75dd5e777fc37ea2547a10cd1,plateau,11,batch_005,sample_0624,False,0.021404490607683777,0.023804382833724737,0.050753891468048096
loco_plateau,global_stats,45,b005_0370,02430a0e963a0b380b2bc0d082219d1cf06081fa567fed08f912ffa7dfe10051,plateau,5,batch_005,sample_0625,False,0.006819284597381217,0.009052889231535991,0.01064145565032959
loco_plateau,global_stats,45,b005_0374,e78a3e8bf3a5373c93d1d439c82fbdadf0d6d220b3240b14bb5f3bc3f6e4f09a,plateau,1,batch_005,sample_0626,False,0.009614602219863017,0.011621762080341989,0.029315829277038574
loco_plateau,global_stats,45,b005_0376,e2cf5195bd63a11d9d1ca2e66c51888dcca34e1ae84251c784a18a3f37096e59,plateau,3,batch_005,sample_0627,False,0.01061888833026417,0.013196137192344281,0.028695404529571533
loco_plateau,global_stats,45,b005_0377,3f7f8648f1cca1b0bde98bd8dd3709da82b522777e245fb04f2e547d74fb458c,plateau,3,batch_005,sample_0628,False,0.006604559597421865,0.007831229336129177,0.01658967137336731
loco_plateau,global_stats,45,b005_0378,046e2b649304ef7368e59229d0d93e66e7a45cef80450c188bed4c2d3d1fdc8d,plateau,11,batch_005,sample_0629,False,0.008980549994062205,0.010294778405753668,0.019416391849517822
loco_plateau,global_stats,45,b005_0379,1f409b6e03f9441ff3c5c3fc66e0db956031025ffca1702ed23e99238b6229c9,plateau,15,batch_005,sample_0630,False,0.01703080876928861,0.019052999047489177,0.0055342912673950195
loco_plateau,global_stats,45,b005_0380,9373bd39ad3438c8b68e44ed9913af85cc6aa4598a1d16ee56e8aa54d6b7e8ad,plateau,7,batch_005,sample_0631,False,0.007984653909186849,0.011069108283629111,0.02721668779850006
loco_plateau,global_stats,45,b005_0381,69369739915ea5865caaa0a97202deb36c3f5d9d99624a932280b9ccaec1ad7a,plateau,8,batch_005,sample_0632,False,0.021793503253186335,0.025590282983340124,0.010524749755859375
loco_plateau,global_stats,45,b005_0382,2d2b38ecba4efd0196a13bbe391dd3bf0713ebf5519032458d2874f9b5b799ea,plateau,6,batch_005,sample_0633,False,0.0051447114006417695,0.0069273809498260844,0.01963251829147339
loco_plateau,global_stats,45,b005_0383,c3f96572b536df535317375fdc5e4706ac369468646788bb728a81d80ebbf8cd,plateau,9,batch_005,sample_0634,False,0.030987299429100067,0.034303692684947526,0.07025279104709625
loco_plateau,global_stats,45,b005_0384,4f787d72c2991ce6d0932240e622e61affe479a7fa2dd35ab8bcdc5923ff28ed,plateau,13,batch_005,sample_0635,False,0.008062052433608009,0.012885339788640865,0.07450854778289795
loco_plateau,global_stats,45,b005_0386,301947d5dbc16fbb140de6b8a02a472b8129263d9f0a15b48f047dc956897100,plateau,8,batch_005,sample_0636,False,0.012706609534435585,0.014003800793538171,0.027219176292419434
loco_plateau,global_stats,45,b005_0387,8de22ed78a2ba566ad5d579cb268e029471143e2f0356e36c926f297c636ec17,plateau,1,batch_005,sample_0637,False,0.0118941600877242,0.015633634072885573,0.03997194766998291
loco_plateau,global_stats,45,b005_0388,7018dd5a29322b02c1632cd20271bff3ce888a19228aa52114aa77b9400eb91b,plateau,10,batch_005,sample_0638,False,0.01602281581182949,0.018359011990444714,0.018104135990142822
loco_plateau,global_stats,45,b005_0391,befff6f241f67d94d7753d00fbb0c58bb90217d18320366e8efddcc6b98d1cf6,plateau,7,batch_005,sample_0639,False,0.009504524288607425,0.011062502501197193,0.01684713363647461
loco_plateau,global_stats,45,b005_0392,c8557ed9f63b99ebd2c6c477e7131c72de41dc16fb5e94bfd97d94fa611c210b,plateau,10,batch_005,sample_0640,False,0.007978840685281598,0.010423189606835533,0.02694845199584961
loco_plateau,global_stats,45,b005_0393,93eb3bacea701426087e75941806b407760420360c2377bbc814db1682f2a1d4,plateau,5,batch_005,sample_0641,False,0.011311246723425194,0.014349153930394553,0.0432819128036499
loco_plateau,global_stats,45,b005_0394,df92d1d4b0476ec691828cb2651348409e75a7cc4379821060d4a774189be132,plateau,9,batch_005,sample_0642,False,0.014985772063497637,0.01617949634281853,0.04285711050033569
loco_plateau,global_stats,45,b005_0395,83ecfc111bb85fd355498ca7b8a4bb47c26e405c679f3515a1aafc4d7cefab6c,plateau,5,batch_005,sample_0643,False,0.014518522092553436,0.017005629427847193,0.028939396142959595
loco_plateau,global_stats,45,b005_0397,c8766140f84f514dc30d7035d42f2067f8e50cef0a1eee335dbb302ad43b3441,plateau,1,batch_005,sample_0644,False,0.009150720522051951,0.011493130792308301,0.03603813052177429
loco_plateau,global_stats,45,b005_0398,c5312b8757553a4ab6a18f87cd43e9086663093a1069e7c08549a0cd2de261d6,plateau,13,batch_005,sample_0645,False,0.009950708658968816,0.014751353551926846,0.018302857875823975
loco_plateau,global_stats,46,b004_0101,cb286dce3fb5e4de9ce7cd24a593b3729810700f461d4dea7e7e806081a6c243,plateau,7,batch_004,sample_0098,False,0.021010521005411616,0.024077978247315595,0.04769015312194824
loco_plateau,global_stats,46,b004_0106,68a631e45d1432b8c277623aa36bd14caa372804b8363ec96ef67ddc8eb20d1c,plateau,3,batch_004,sample_0102,False,0.009608933121943082,0.011551836155824668,0.028056025505065918
loco_plateau,global_stats,46,b004_0115,f799b5290dd4072521a7449c1abf33ff526f22f67b776e873628d3cbca0ba783,plateau,3,batch_004,sample_0107,False,0.006636399714673152,0.008738113254889315,0.013194143772125244
loco_plateau,global_stats,46,b004_0130,2188740cfe38cf9d440c67431f559d83d2a1ce7ae59ca2bedcf02bb69f466e50,plateau,8,batch_004,sample_0120,False,0.007601831963316339,0.009528070080182334,0.022119581699371338
loco_plateau,global_stats,46,b004_0136,04889ebdfb5784327f3b9088bf6df01afa628294490b202c173ef0b14838e962,plateau,2,batch_004,sample_0125,False,0.007728444870378151,0.009389266162217271,0.020878642797470093
loco_plateau,global_stats,46,b004_0147,1fa51a6e404fd88eb385d6766311d069515a32e28126ff01697c509152d5f502,plateau,7,batch_004,sample_0131,False,0.022458613407416422,0.02477352951792559,0.04219627380371094
loco_plateau,global_stats,46,b004_0154,aac35af72b9a33754898cad920897b67d2af68b9260ad250b7fcaebd06f32dcc,plateau,8,batch_004,sample_0136,False,0.01025151070512709,0.012624514016256165,0.02799302339553833
loco_plateau,global_stats,46,b004_0155,1d0a46c8f6e17a86034c6bb9d66c4b03d098b69ff514fc02f28ea63be0b42c7e,plateau,6,batch_004,sample_0137,False,0.009756009109684678,0.012668700529050957,0.02455177903175354
loco_plateau,global_stats,46,b004_0163,4873613114b6d71d3a19feac4e2a6cca6a1aea7cedee70e6461fcb308fcd40a1,plateau,8,batch_004,sample_0144,False,0.011815855493311022,0.01368723009206588,0.027842223644256592
loco_plateau,global_stats,46,b004_0166,8acc23b2c14cbb42c17a2dcc988fac65c64813d2829e3784719d447b5ed718b7,plateau,6,batch_004,sample_0146,False,0.00990594251722586,0.012100798225214914,0.030232101678848267
loco_plateau,global_stats,46,b004_0189,83c666a66b41c149f65ddc8bd970a7e25625b9d2da4a74aa495eb63512733e3d,plateau,1,batch_004,sample_0163,False,0.008993922931249024,0.01148438082339194,0.029241621494293213
loco_plateau,global_stats,46,b004_0192,e59076b7dd3091c6a35a126a9200a5d87d04f635db59270bb6abf483a0ca6b6b,plateau,3,batch_004,sample_0166,False,0.008314571175418917,0.010082371876589719,0.02005404233932495
loco_plateau,global_stats,46,b004_0198,36b24bbee6d7a71d6d85eb0f4637e3435adb468ab33422dad8a99a2687c94a43,plateau,3,batch_004,sample_0172,False,0.00613977210443528,0.007796444920461082,0.012938439846038818
loco_plateau,global_stats,46,b004_0206,0f83d6a5c144dfa616333adc1bd57529c0d4b0a6391f6abd2b3df69ae12643d9,plateau,8,batch_004,sample_0176,False,0.015744970225896993,0.018548266854416438,0.044658929109573364
loco_plateau,global_stats,46,b004_0208,1e7355104cb1bc6623bb84e83c8b136fc6530491967649406726860c46d55882,plateau,3,batch_004,sample_0177,False,0.008660339918292936,0.010821883673406335,0.028512775897979736
loco_plateau,global_stats,46,b004_0209,440c0cdd2e0fa5883c06758ead647f3129254dd10b206bf0c4a01275bc82806b,plateau,7,batch_004,sample_0178,False,0.03154214508220798,0.03575379900015348,0.057359129190444946
loco_plateau,global_stats,46,b004_0226,61bdc1b24112322d60eb9bd84ba71d642a105873858653a3edd7bfe0a5c1b34e,plateau,7,batch_004,sample_0190,False,0.007827601471885305,0.010344681352588089,0.035826683044433594
loco_plateau,global_stats,46,b004_0229,af1d00f7a0b787f92bf6455e06a745c2e040b11b6d56cb70a91a0e9bbecca3e3,plateau,4,batch_004,sample_0193,False,0.00806688737185275,0.01008951271398581,0.025091886520385742
loco_plateau,global_stats,46,b004_0232,c19c313f6ced6796888a79b2f089c97c626a7f821d056d6da34ee52cdd9ede4e,plateau,2,batch_004,sample_0195,False,0.00877093047392173,0.010844485357261463,0.01977682113647461
loco_plateau,global_stats,46,b004_0238,ab344aa6b1603d38f985e697b8d5e23f92cabe2cfdec495cd63bf30832b339b7,plateau,3,batch_004,sample_0201,False,0.006383228863849014,0.007783932081947761,0.020238280296325684
loco_plateau,global_stats,46,b004_0269,4bc4fd552a3fec6bec5222fbe2344ba232c661859418bb0be167915721ee5291,plateau,5,batch_004,sample_0225,False,0.009613840306391482,0.011534636056052252,0.024675190448760986
loco_plateau,global_stats,46,b004_0270,6e734c0ce0d34a99ed4ad267e7228f80d1e1937ed9cfb2a2531b08dd05b3f9f4,plateau,2,batch_004,sample_0226,False,0.010575293761784912,0.013881754255043056,0.040634095668792725
loco_plateau,global_stats,46,b004_0276,7b18e593b02cd8067d1393f0e63f941e25eff1aa515facc3feca5d594c0b32f6,plateau,3,batch_004,sample_0231,False,0.010877873626400213,0.013535140415046625,0.02982248365879059
loco_plateau,global_stats,46,b004_0280,99c63bb4954aeef83d20697237d20468a2082dc550b92994ed9c8b0d2e53aeb4,plateau,3,batch_004,sample_0235,False,0.010597763186106916,0.012169684465639735,0.023335158824920654
loco_plateau,global_stats,46,b004_0284,315251daf704e2ddebf079b4618bac7ddc803651927693240201fda0ae19713e,plateau,7,batch_004,sample_0238,False,0.010185704612341083,0.013094056321650909,0.009833991527557373
loco_plateau,global_stats,46,b004_0285,538882c9fc437f403f576e9537afa2d0e9d19640d587ec09abf294580a7a5439,plateau,5,batch_004,sample_0239,False,0.010506600874369262,0.013190817959554214,0.036159515380859375
loco_plateau,global_stats,46,b004_0286,1f1d5a524d03753ee50cb34e15a725be31a3f16360c0873f815fa3617c634af9,plateau,2,batch_004,sample_0240,False,0.0074740731325305875,0.0097234526930398,0.02475684881210327
loco_plateau,global_stats,46,b004_0291,5cb317353c4e3be13450815c4705cf51b35ccbcd7f9d37f0e177ea0c467b5f57,plateau,1,batch_004,sample_0243,False,0.008060772704784988,0.009957649681375701,0.030851125717163086
loco_plateau,global_stats,46,b004_0298,caa33739bb94bf3e4107ea13ebaefa854b1845ee09a860ac973faad33ffc7834,plateau,5,batch_004,sample_0250,False,0.008513958239164508,0.009893057238267286,0.020811140537261963
loco_plateau,global_stats,46,b004_0303,de67b515620baea3c5921d16c351e24f283039e6be0dbb711689e9c13ccfdcd8,plateau,7,batch_004,sample_0254,False,0.009269057482969566,0.01137481724883758,0.024546563625335693
loco_plateau,global_stats,46,b004_0312,aae428a0b7988c9a08ec2cd887e629b34ead9427365e120773f787d5e67957c1,plateau,8,batch_004,sample_0261,False,0.009712663830303754,0.011093203049673858,0.015493348240852356
loco_plateau,global_stats,46,b004_0328,230d653e29b05c6cac38da6d0de4c13e4f666cbcf2f18fd0f9301c8565cc11a3,plateau,4,batch_004,sample_0274,False,0.00804556991721763,0.012597940879575952,0.0077787041664123535
loco_plateau,global_stats,46,b004_0335,3af73a16bdf592f38afc48342dd2996cc2332054b38bc004699cef76f2f2027c,plateau,4,batch_004,sample_0278,False,0.013257257029658458,0.01507767818921194,0.03482586145401001
loco_plateau,global_stats,46,b004_0336,b1a27cded5990829ff83324d88a32190c7c9723de6ef9887de3b888774969a57,plateau,1,batch_004,sample_0279,False,0.010518549895677411,0.013758549661047958,0.02630731463432312
loco_plateau,global_stats,46,b004_0367,c318564675cfb510af8b85e2c440c5474c6897ca4e9cdaf29a6217c1c607614e,plateau,5,batch_004,sample_0304,False,0.008726371849169497,0.010465839573077673,0.02913200855255127
loco_plateau,global_stats,46,b004_0378,b10baedc312e4d2d36427845a0f1a1cbffe556d2f64623a9674249752d97956c,plateau,8,batch_004,sample_0313,False,0.011832562015681971,0.013408461556585686,0.03312551975250244
loco_plateau,global_stats,46,b004_0379,c6e6ea944f341106836d770add03411f9b6a1a984c07c96bec5e68fdcf226108,plateau,6,batch_004,sample_0314,False,0.0064344700486933595,0.008051011899551902,0.01958698034286499
loco_plateau,global_stats,46,b004_0385,1669f1f0995158292efaccb221bf4e371f369d987f6008fc5bbb7afeb0d048df,plateau,7,batch_004,sample_0319,False,0.014658771333147268,0.016483414360625517,0.00935208797454834
loco_plateau,global_stats,46,b004_0387,09be75b148104dc8d00eb69fe791588c388b9ebb3038b53094e45349b135be7d,plateau,8,batch_004,sample_0321,False,0.01000197280625828,0.011438176650182525,0.022193551063537598
loco_plateau,global_stats,46,b005_0318,924387d745bc9120e456294ff4a08ad9a1d65425b1cd2775143ca2ab2f71ce55,plateau,7,batch_005,sample_0582,False,0.008603773156150442,0.012027405468989468,0.035768747329711914
loco_plateau,global_stats,46,b005_0319,800520051cbd61e759abc8ff464d9452f0af7501ab267ce886d3229fe3d764b4,plateau,2,batch_005,sample_0583,False,0.009249607559110298,0.011141479145709166,0.02708536386489868
loco_plateau,global_stats,46,b005_0320,ef3c4b806db3686e52b040856eeaa178271e38922d72178a07cfb1b60c5a9815,plateau,9,batch_005,sample_0584,False,0.009151311194310422,0.012294476838744324,0.022477716207504272
loco_plateau,global_stats,46,b005_0322,dfa2ca4229967a5ccb2b1248146a521a8c13b2c9123ed436514968a5b39c468b,plateau,12,batch_005,sample_0585,False,0.00866575471934725,0.01078775130960953,0.026627719402313232
loco_plateau,global_stats,46,b005_0323,cce3714177813b75d94654611ce899a21ca23c71fe16d59197e83af8d254e95f,plateau,11,batch_005,sample_0586,False,0.015293114986576017,0.016893656544579663,0.02708256244659424
loco_plateau,global_stats,46,b005_0324,27fb8c31fc60138ca610456685ff39808517e467177b4b76e23ad2cc9ef40e79,plateau,3,batch_005,sample_0587,False,0.008012992314627914,0.009822738558262588,0.031623631715774536
loco_plateau,global_stats,46,b005_0325,57c15407e4e74b16ef1107b3fd3d0f28bd18e2d5f422f8887bb3ae4f2ee71cfd,plateau,6,batch_005,sample_0588,False,0.005567609164558473,0.007490914410817866,0.022410929203033447
loco_plateau,global_stats,46,b005_0326,e2760e685a5883648d6d91d72b6f825497ff6177a7ae51fd1d4a4f618192fbd3,plateau,4,batch_005,sample_0589,False,0.014892679211668303,0.017704401318759697,0.041921600699424744
loco_plateau,global_stats,46,b005_0327,c0f2d02506a33f5dad5fa8e5c65ba0f14cdafffb85f55797608be3df54e8cf61,plateau,1,batch_005,sample_0590,False,0.00882078414080573,0.01046798373963169,0.007548093795776367
loco_plateau,global_stats,46,b005_0328,55b4a6a2ff50fc37c4d86d31a2943c392e669602f37411c18ea7e0f718c7a49b,plateau,10,batch_005,sample_0591,False,0.017099192885101817,0.019882240778884508,0.0547756552696228
loco_plateau,global_stats,46,b005_0329,25396912ea3a078cfdcae941ea89787bb0803f1346b6c5c886e75f5af0e4014c,plateau,5,batch_005,sample_0592,False,0.01616577193385265,0.01822217623088195,0.03686213493347168
loco_plateau,global_stats,46,b005_0330,2d2987c8fa8b70de85851fccd3598561568f323c9bc1e48b9082c225851dca74,plateau,7,batch_005,sample_0593,False,0.008406937610907633,0.010393635389393944,0.034449636936187744
loco_plateau,global_stats,46,b005_0331,fe117b09b49c597131e2f6e1b8feb5a597f6b009e1fc51e947e1c4258965cb3a,plateau,8,batch_005,sample_0594,False,0.008388859021370529,0.013672930554954603,0.04387331008911133
loco_plateau,global_stats,46,b005_0332,8ef7167927072aa036a58c5f6faa4277ddbc7c3f91bcb16661ae1d24abac8490,plateau,8,batch_005,sample_0595,False,0.013150094107526248,0.014227771714773518,0.015168905258178711
loco_plateau,global_stats,46,b005_0333,c3c2056eaa15eef1a5f1836e18a193479b6f32b671a8a83de228a107692ada54,plateau,1,batch_005,sample_0596,False,0.007240038792617986,0.010022253165937026,0.032697707414627075
loco_plateau,global_stats,46,b005_0334,3bbd10db0ca1e022a95db792674aa00f019fd5856e68ce360feb007d0fe711f4,plateau,14,batch_005,sample_0597,False,0.010865675132782733,0.012040725042278664,0.020381927490234375
loco_plateau,global_stats,46,b005_0336,0747b020d2d22e1f5e7519b418cc9b8327b7656cbdb5b6a0c84c741abbc0e102,plateau,5,batch_005,sample_0598,False,0.007021863440998265,0.008409876611427803,0.021025002002716064
loco_plateau,global_stats,46,b005_0338,115982b394b483309f71c61baca7ee9f7623a932a8116d9e7603f0819aecb7ce,plateau,11,batch_005,sample_0599,False,0.02631026628564616,0.02806422933556516,0.04720354080200195
loco_plateau,global_stats,46,b005_0339,5a157ab2ed0b98a6d23ad8857e1765864193424d5249af315f29d82bd5969aec,plateau,1,batch_005,sample_0600,False,0.007327356055134632,0.009625424948970226,0.035420507192611694
loco_plateau,global_stats,46,b005_0341,aa391e2b07bdd6168406810253aa95ddc48980e3dc4f63b3df9c1ea6807dbc8e,plateau,9,batch_005,sample_0601,False,0.006605710345702094,0.010296212428745195,0.017933562397956848
loco_plateau,global_stats,46,b005_0344,6eb77d3cd6491920848da180bb4de9dc6bc0b37ef91bd1ab7ff630ab55038dfb,plateau,8,batch_005,sample_0602,False,0.018206290290003917,0.019940436599263194,0.03509396314620972
loco_plateau,global_stats,46,b005_0345,a300e398fad1a0e6431c0978a839d6f5ba716e8b388e8dda603311639de6f280,plateau,4,batch_005,sample_0603,False,0.008944037263510658,0.011052533373245275,0.029375553131103516
loco_plateau,global_stats,46,b005_0346,64090025074679c6ba642a06fb71e932babe2025b967ef6f2f6b1d8f5ad03bba,plateau,7,batch_005,sample_0604,False,0.009370039843144964,0.015464926907332146,0.04047715663909912
loco_plateau,global_stats,46,b005_0347,f351afe68d58358a3632f7f01ae10c313d89f47accf5981900e558140d1bfbff,plateau,8,batch_005,sample_0605,False,0.029829081819682825,0.032783802927384816,0.04685632884502411
loco_plateau,global_stats,46,b005_0348,9047f61e8be36c807011000fd79892f9747fc9f2b5d36e0905a12cc71cf27077,plateau,5,batch_005,sample_0606,False,0.012025213388145948,0.014939171311996464,0.04323232173919678
loco_plateau,global_stats,46,b005_0349,c30ce3c339ea2d458d6b92c6a2de60810ca4393b4b9c7acd9f3e78a68c60481d,plateau,8,batch_005,sample_0607,False,0.011381459865169447,0.015188528115042038,0.04213649034500122
loco_plateau,global_stats,46,b005_0350,1023f3a6c18df8c4890c9d45fa6b65adbbc9733ddc3561c3e25572947e28011e,plateau,4,batch_005,sample_0608,False,0.017133031345781733,0.01977307895307142,0.04238623380661011
loco_plateau,global_stats,46,b005_0351,f915d37994404288414823d1bbb6b5e3931c9ad94ae24b67272d3c8362d85400,plateau,9,batch_005,sample_0609,False,0.012716509829290578,0.016296625956560385,0.04311677813529968
loco_plateau,global_stats,46,b005_0352,5f0ae19a03996e46eda8c90413fc45b8985b85b82d4f47d4a22a10847efdc7d4,plateau,8,batch_005,sample_0610,False,0.015972407992746008,0.01959251232214058,0.03895410895347595
loco_plateau,global_stats,46,b005_0353,05e5a33d12166760b02827e96c5a0446d2d46d0bac028f2a76145a206386e918,plateau,6,batch_005,sample_0611,False,0.012822132618700872,0.014329030576993989,0.024247407913208008
loco_plateau,global_stats,46,b005_0354,fadf7a0b5c1bc2a8d8355725a59dcbd92af98cb7514eabc127842f5c4b4bef47,plateau,8,batch_005,sample_0612,False,0.010773348026588315,0.01267632874592057,0.03205069899559021
loco_plateau,global_stats,46,b005_0355,4d85219246b5dad59cb85d9fa3c1936680c4c9ef047c5cef4218f3b15c1e939c,plateau,4,batch_005,sample_0613,False,0.008169228669072761,0.010138986412338189,0.01487046480178833
loco_plateau,global_stats,46,b005_0356,4d68bdd50ef81490f46d2a8e1897ab3bb663920d094e1cbb0b28ba7113382e88,plateau,2,batch_005,sample_0614,False,0.00783952630934168,0.01084588167464471,0.03297007083892822
loco_plateau,global_stats,46,b005_0359,4c1573f83055d1187f7f6cd3d9baae0038086645d81eee72897606cc9d5c570c,plateau,5,batch_005,sample_0615,False,0.018004833033583204,0.019808198451495708,0.03450062870979309
loco_plateau,global_stats,46,b005_0360,686bd58ef008dcf1a1a7c6f4d10f2f843038b4350a135434e4ccc66a580f0f5d,plateau,8,batch_005,sample_0616,False,0.00643760796453132,0.007964808021213467,0.020171523094177246
loco_plateau,global_stats,46,b005_0361,96f4761fc6c8f7f70f150f08d1184ebb6ce1b5aaa442426bf462bb08296c1a3b,plateau,8,batch_005,sample_0617,False,0.012637101724499562,0.01803319716786023,0.05955296754837036
loco_plateau,global_stats,46,b005_0362,1afc1c036950d3674b72ba96e3a3beaf89086ebc191f828798460411f6637095,plateau,14,batch_005,sample_0618,False,0.010095288763280775,0.01177172740151501,0.024514853954315186
loco_plateau,global_stats,46,b005_0363,c4e17a05dde40f17497a58db0f20c7fa3893089c99b4e61d2abb1683d73c2708,plateau,3,batch_005,sample_0619,False,0.010358087107783458,0.01274118577994266,0.030284151434898376
loco_plateau,global_stats,46,b005_0364,f789b385523cb681d859a20015bfbe6406d3d1a4e0993fd9931fc56524052232,plateau,7,batch_005,sample_0620,False,0.016034514933335978,0.01816801394310908,0.02428412437438965
loco_plateau,global_stats,46,b005_0365,bf0f2b2de55694fffbc786504dd644ea825c40182b9b220d53b89c8a37ed6c50,plateau,2,batch_005,sample_0621,False,0.01693545581131685,0.01913407837157186,0.04682660102844238
loco_plateau,global_stats,46,b005_0366,ff9baf0d1ecf79479db89955f4239351d1d12145c830cf12c7c6743740bef107,plateau,1,batch_005,sample_0622,False,0.008984762259194107,0.013110136544963003,0.05168640613555908
loco_plateau,global_stats,46,b005_0367,55ae06c4d49e4f4bca3994c646b4a4477cbe684a94491baec3ccacaf8913cdc4,plateau,6,batch_005,sample_0623,False,0.006940688449339789,0.009296680648601634,0.02349191904067993
loco_plateau,global_stats,46,b005_0369,3d7c1523d7f7a701ba8c8c8653f377b8bce5dcb75dd5e777fc37ea2547a10cd1,plateau,11,batch_005,sample_0624,False,0.01989477457570248,0.022056960284977275,0.04999774694442749
loco_plateau,global_stats,46,b005_0370,02430a0e963a0b380b2bc0d082219d1cf06081fa567fed08f912ffa7dfe10051,plateau,5,batch_005,sample_0625,False,0.008774121276667862,0.01108521047669528,0.00996774435043335
loco_plateau,global_stats,46,b005_0374,e78a3e8bf3a5373c93d1d439c82fbdadf0d6d220b3240b14bb5f3bc3f6e4f09a,plateau,1,batch_005,sample_0626,False,0.013317319457648231,0.01723428095380017,0.038964465260505676
loco_plateau,global_stats,46,b005_0376,e2cf5195bd63a11d9d1ca2e66c51888dcca34e1ae84251c784a18a3f37096e59,plateau,3,batch_005,sample_0627,False,0.01313564761495981,0.014833255794309238,0.030603647232055664
loco_plateau,global_stats,46,b005_0377,3f7f8648f1cca1b0bde98bd8dd3709da82b522777e245fb04f2e547d74fb458c,plateau,3,batch_005,sample_0628,False,0.0068688470809186095,0.008419991875736561,0.01792609691619873
loco_plateau,global_stats,46,b005_0378,046e2b649304ef7368e59229d0d93e66e7a45cef80450c188bed4c2d3d1fdc8d,plateau,11,batch_005,sample_0629,False,0.00743189625075606,0.008944749845971548,0.021590590476989746
loco_plateau,global_stats,46,b005_0379,1f409b6e03f9441ff3c5c3fc66e0db956031025ffca1702ed23e99238b6229c9,plateau,15,batch_005,sample_0630,False,0.016688017327277385,0.019021887891746764,0.01615673303604126
loco_plateau,global_stats,46,b005_0380,9373bd39ad3438c8b68e44ed9913af85cc6aa4598a1d16ee56e8aa54d6b7e8ad,plateau,7,batch_005,sample_0631,False,0.009803921839252848,0.012253898966472804,0.027987942099571228
loco_plateau,global_stats,46,b005_0381,69369739915ea5865caaa0a97202deb36c3f5d9d99624a932280b9ccaec1ad7a,plateau,8,batch_005,sample_0632,False,0.02225159035354364,0.025678427098210155,0.010196805000305176
loco_plateau,global_stats,46,b005_0382,2d2b38ecba4efd0196a13bbe391dd3bf0713ebf5519032458d2874f9b5b799ea,plateau,6,batch_005,sample_0633,False,0.007428058102482655,0.009068235400462378,0.019490957260131836
loco_plateau,global_stats,46,b005_0383,c3f96572b536df535317375fdc5e4706ac369468646788bb728a81d80ebbf8cd,plateau,9,batch_005,sample_0634,False,0.03419020582662254,0.03716350808182513,0.0664282888174057
loco_plateau,global_stats,46,b005_0384,4f787d72c2991ce6d0932240e622e61affe479a7fa2dd35ab8bcdc5923ff28ed,plateau,13,batch_005,sample_0635,False,0.0075289873314685505,0.012240111277263162,0.07587432861328125
loco_plateau,global_stats,46,b005_0386,301947d5dbc16fbb140de6b8a02a472b8129263d9f0a15b48f047dc956897100,plateau,8,batch_005,sample_0636,False,0.011040932941632192,0.013140165613618877,0.0287286639213562
loco_plateau,global_stats,46,b005_0387,8de22ed78a2ba566ad5d579cb268e029471143e2f0356e36c926f297c636ec17,plateau,1,batch_005,sample_0637,False,0.011728935401703491,0.015820616545393795,0.041616201400756836
loco_plateau,global_stats,46,b005_0388,7018dd5a29322b02c1632cd20271bff3ce888a19228aa52114aa77b9400eb91b,plateau,10,batch_005,sample_0638,False,0.01711143834180519,0.01952194670475999,0.022825956344604492
loco_plateau,global_stats,46,b005_0391,befff6f241f67d94d7753d00fbb0c58bb90217d18320366e8efddcc6b98d1cf6,plateau,7,batch_005,sample_0639,False,0.007537452290292646,0.009910777559972763,0.01767575740814209
loco_plateau,global_stats,46,b005_0392,c8557ed9f63b99ebd2c6c477e7131c72de41dc16fb5e94bfd97d94fa611c210b,plateau,10,batch_005,sample_0640,False,0.008579524814105425,0.010830755561063147,0.025593042373657227
loco_plateau,global_stats,46,b005_0393,93eb3bacea701426087e75941806b407760420360c2377bbc814db1682f2a1d4,plateau,5,batch_005,sample_0641,False,0.013293370604515076,0.016145554008251534,0.0451962947845459
loco_plateau,global_stats,46,b005_0394,df92d1d4b0476ec691828cb2651348409e75a7cc4379821060d4a774189be132,plateau,9,batch_005,sample_0642,False,0.013595371217024131,0.015068702650252699,0.041479289531707764
loco_plateau,global_stats,46,b005_0395,83ecfc111bb85fd355498ca7b8a4bb47c26e405c679f3515a1aafc4d7cefab6c,plateau,5,batch_005,sample_0643,False,0.013483482550402156,0.016163156910545665,0.03358843922615051
loco_plateau,global_stats,46,b005_0397,c8766140f84f514dc30d7035d42f2067f8e50cef0a1eee335dbb302ad43b3441,plateau,1,batch_005,sample_0644,False,0.01229875888980803,0.01464436326467961,0.03527382016181946
loco_plateau,global_stats,46,b005_0398,c5312b8757553a4ab6a18f87cd43e9086663093a1069e7c08549a0cd2de261d6,plateau,13,batch_005,sample_0645,False,0.010841021283728177,0.01492849660671487,0.016643047332763672
loco_plateau,deepsets,42,b004_0101,cb286dce3fb5e4de9ce7cd24a593b3729810700f461d4dea7e7e806081a6c243,plateau,7,batch_004,sample_0098,False,0.01267726230816763,0.014854683402455918,0.03755223751068115
loco_plateau,deepsets,42,b004_0106,68a631e45d1432b8c277623aa36bd14caa372804b8363ec96ef67ddc8eb20d1c,plateau,3,batch_004,sample_0102,False,0.005533183207277392,0.007782479313003728,0.01974278688430786
loco_plateau,deepsets,42,b004_0115,f799b5290dd4072521a7449c1abf33ff526f22f67b776e873628d3cbca0ba783,plateau,3,batch_004,sample_0107,False,0.00676387255309058,0.009498627350172408,0.013332456350326538
loco_plateau,deepsets,42,b004_0130,2188740cfe38cf9d440c67431f559d83d2a1ce7ae59ca2bedcf02bb69f466e50,plateau,8,batch_004,sample_0120,False,0.005462863528337635,0.007564800123893971,0.017367511987686157
loco_plateau,deepsets,42,b004_0136,04889ebdfb5784327f3b9088bf6df01afa628294490b202c173ef0b14838e962,plateau,2,batch_004,sample_0125,False,0.006476173452177986,0.008650255135805557,0.025667577981948853
loco_plateau,deepsets,42,b004_0147,1fa51a6e404fd88eb385d6766311d069515a32e28126ff01697c509152d5f502,plateau,7,batch_004,sample_0131,False,0.008198740296676511,0.010619167847716977,0.015493139624595642
loco_plateau,deepsets,42,b004_0154,aac35af72b9a33754898cad920897b67d2af68b9260ad250b7fcaebd06f32dcc,plateau,8,batch_004,sample_0136,False,0.008084250766722883,0.010997644661900036,0.027701139450073242
loco_plateau,deepsets,42,b004_0155,1d0a46c8f6e17a86034c6bb9d66c4b03d098b69ff514fc02f28ea63be0b42c7e,plateau,6,batch_004,sample_0137,False,0.00949292691027532,0.011214140037921181,0.02025488018989563
loco_plateau,deepsets,42,b004_0163,4873613114b6d71d3a19feac4e2a6cca6a1aea7cedee70e6461fcb308fcd40a1,plateau,8,batch_004,sample_0144,False,0.018232360726497213,0.020776071487679758,0.03188115358352661
loco_plateau,deepsets,42,b004_0166,8acc23b2c14cbb42c17a2dcc988fac65c64813d2829e3784719d447b5ed718b7,plateau,6,batch_004,sample_0146,False,0.008514334798836317,0.010648012936568533,0.023157626390457153
loco_plateau,deepsets,42,b004_0189,83c666a66b41c149f65ddc8bd970a7e25625b9d2da4a74aa495eb63512733e3d,plateau,1,batch_004,sample_0163,False,0.007848171181366092,0.010636339208410266,0.023691624402999878
loco_plateau,deepsets,42,b004_0192,e59076b7dd3091c6a35a126a9200a5d87d04f635db59270bb6abf483a0ca6b6b,plateau,3,batch_004,sample_0166,False,0.009144400536525444,0.010970911569404513,0.024638891220092773
loco_plateau,deepsets,42,b004_0198,36b24bbee6d7a71d6d85eb0f4637e3435adb468ab33422dad8a99a2687c94a43,plateau,3,batch_004,sample_0172,False,0.0066145342759421615,0.007789653465179719,0.013756871223449707
loco_plateau,deepsets,42,b004_0206,0f83d6a5c144dfa616333adc1bd57529c0d4b0a6391f6abd2b3df69ae12643d9,plateau,8,batch_004,sample_0176,False,0.01767670302117457,0.020124636055943987,0.0426865816116333
loco_plateau,deepsets,42,b004_0208,1e7355104cb1bc6623bb84e83c8b136fc6530491967649406726860c46d55882,plateau,3,batch_004,sample_0177,False,0.0063576041186442145,0.008051720823254286,0.014796614646911621
loco_plateau,deepsets,42,b004_0209,440c0cdd2e0fa5883c06758ead647f3129254dd10b206bf0c4a01275bc82806b,plateau,7,batch_004,sample_0178,False,0.01185480981576638,0.013063606575097343,0.023451805114746094
loco_plateau,deepsets,42,b004_0226,61bdc1b24112322d60eb9bd84ba71d642a105873858653a3edd7bfe0a5c1b34e,plateau,7,batch_004,sample_0190,False,0.008613655313116605,0.010469187755915564,0.02650076150894165
loco_plateau,deepsets,42,b004_0229,af1d00f7a0b787f92bf6455e06a745c2e040b11b6d56cb70a91a0e9bbecca3e3,plateau,4,batch_004,sample_0193,False,0.008743994365461537,0.011016321701815093,0.03349617123603821
loco_plateau,deepsets,42,b004_0232,c19c313f6ced6796888a79b2f089c97c626a7f821d056d6da34ee52cdd9ede4e,plateau,2,batch_004,sample_0195,False,0.008214525512007416,0.010100464384645718,0.021711915731430054
loco_plateau,deepsets,42,b004_0238,ab344aa6b1603d38f985e697b8d5e23f92cabe2cfdec495cd63bf30832b339b7,plateau,3,batch_004,sample_0201,False,0.0058771127560099615,0.0092989342511326,0.04121917486190796
loco_plateau,deepsets,42,b004_0269,4bc4fd552a3fec6bec5222fbe2344ba232c661859418bb0be167915721ee5291,plateau,5,batch_004,sample_0225,False,0.007013445262049065,0.008836202288306394,0.02299964427947998
loco_plateau,deepsets,42,b004_0270,6e734c0ce0d34a99ed4ad267e7228f80d1e1937ed9cfb2a2531b08dd05b3f9f4,plateau,2,batch_004,sample_0226,False,0.007662696794408267,0.009516362394952632,0.017335444688796997
loco_plateau,deepsets,42,b004_0276,7b18e593b02cd8067d1393f0e63f941e25eff1aa515facc3feca5d594c0b32f6,plateau,3,batch_004,sample_0231,False,0.008510553751324043,0.011393590702480659,0.03370475769042969
loco_plateau,deepsets,42,b004_0280,99c63bb4954aeef83d20697237d20468a2082dc550b92994ed9c8b0d2e53aeb4,plateau,3,batch_004,sample_0235,False,0.007981223649665957,0.009584501767124656,0.02010190486907959
loco_plateau,deepsets,42,b004_0284,315251daf704e2ddebf079b4618bac7ddc803651927693240201fda0ae19713e,plateau,7,batch_004,sample_0238,False,0.010689376074759687,0.012433551539362112,0.019761905074119568
loco_plateau,deepsets,42,b004_0285,538882c9fc437f403f576e9537afa2d0e9d19640d587ec09abf294580a7a5439,plateau,5,batch_004,sample_0239,False,0.011412895116649691,0.015082050741969775,0.01990330219268799
loco_plateau,deepsets,42,b004_0286,1f1d5a524d03753ee50cb34e15a725be31a3f16360c0873f815fa3617c634af9,plateau,2,batch_004,sample_0240,False,0.007708789994482134,0.01004453309596943,0.027195870876312256
loco_plateau,deepsets,42,b004_0291,5cb317353c4e3be13450815c4705cf51b35ccbcd7f9d37f0e177ea0c467b5f57,plateau,1,batch_004,sample_0243,False,0.006641617319622978,0.009068250925469484,0.025184646248817444
loco_plateau,deepsets,42,b004_0298,caa33739bb94bf3e4107ea13ebaefa854b1845ee09a860ac973faad33ffc7834,plateau,5,batch_004,sample_0250,False,0.01330941426949423,0.015821236874546604,0.011169448494911194
loco_plateau,deepsets,42,b004_0303,de67b515620baea3c5921d16c351e24f283039e6be0dbb711689e9c13ccfdcd8,plateau,7,batch_004,sample_0254,False,0.007445655885289927,0.008695106298318581,0.015004172921180725
loco_plateau,deepsets,42,b004_0312,aae428a0b7988c9a08ec2cd887e629b34ead9427365e120773f787d5e67957c1,plateau,8,batch_004,sample_0261,False,0.011628752604859774,0.01313369212606896,0.018814966082572937
loco_plateau,deepsets,42,b004_0328,230d653e29b05c6cac38da6d0de4c13e4f666cbcf2f18fd0f9301c8565cc11a3,plateau,4,batch_004,sample_0274,False,0.005533447397536919,0.008140592302067757,0.01527249813079834
loco_plateau,deepsets,42,b004_0335,3af73a16bdf592f38afc48342dd2996cc2332054b38bc004699cef76f2f2027c,plateau,4,batch_004,sample_0278,False,0.009233564138412476,0.011583103820209745,0.02470576763153076
loco_plateau,deepsets,42,b004_0336,b1a27cded5990829ff83324d88a32190c7c9723de6ef9887de3b888774969a57,plateau,1,batch_004,sample_0279,False,0.013511426868985911,0.017446846291969544,0.015075266361236572
loco_plateau,deepsets,42,b004_0367,c318564675cfb510af8b85e2c440c5474c6897ca4e9cdaf29a6217c1c607614e,plateau,5,batch_004,sample_0304,False,0.007375728888589827,0.008951569109393424,0.030920326709747314
loco_plateau,deepsets,42,b004_0378,b10baedc312e4d2d36427845a0f1a1cbffe556d2f64623a9674249752d97956c,plateau,8,batch_004,sample_0313,False,0.009079624028479467,0.010525126100523263,0.034083008766174316
loco_plateau,deepsets,42,b004_0379,c6e6ea944f341106836d770add03411f9b6a1a984c07c96bec5e68fdcf226108,plateau,6,batch_004,sample_0314,False,0.006142283499729438,0.00781373048771435,0.017114251852035522
loco_plateau,deepsets,42,b004_0385,1669f1f0995158292efaccb221bf4e371f369d987f6008fc5bbb7afeb0d048df,plateau,7,batch_004,sample_0319,False,0.010499846739847152,0.011769593861137491,0.014272034168243408
loco_plateau,deepsets,42,b004_0387,09be75b148104dc8d00eb69fe791588c388b9ebb3038b53094e45349b135be7d,plateau,8,batch_004,sample_0321,False,0.013280716587285527,0.015045802826064492,0.024076610803604126
loco_plateau,deepsets,42,b005_0318,924387d745bc9120e456294ff4a08ad9a1d65425b1cd2775143ca2ab2f71ce55,plateau,7,batch_005,sample_0582,False,0.01106620714312694,0.013404783393237946,0.029485926032066345
loco_plateau,deepsets,42,b005_0319,800520051cbd61e759abc8ff464d9452f0af7501ab267ce886d3229fe3d764b4,plateau,2,batch_005,sample_0583,False,0.009383859693026934,0.011777960709755727,0.02636134624481201
loco_plateau,deepsets,42,b005_0320,ef3c4b806db3686e52b040856eeaa178271e38922d72178a07cfb1b60c5a9815,plateau,9,batch_005,sample_0584,False,0.006195387940426342,0.01094703656226746,0.025897294282913208
loco_plateau,deepsets,42,b005_0322,dfa2ca4229967a5ccb2b1248146a521a8c13b2c9123ed436514968a5b39c468b,plateau,12,batch_005,sample_0585,False,0.0108535570687935,0.013824068334685793,0.020570695400238037
loco_plateau,deepsets,42,b005_0323,cce3714177813b75d94654611ce899a21ca23c71fe16d59197e83af8d254e95f,plateau,11,batch_005,sample_0586,False,0.009529962891437968,0.01227623417386378,0.029465913772583008
loco_plateau,deepsets,42,b005_0324,27fb8c31fc60138ca610456685ff39808517e467177b4b76e23ad2cc9ef40e79,plateau,3,batch_005,sample_0587,False,0.011335408223457024,0.013549557727435498,0.03315088152885437
loco_plateau,deepsets,42,b005_0325,57c15407e4e74b16ef1107b3fd3d0f28bd18e2d5f422f8887bb3ae4f2ee71cfd,plateau,6,batch_005,sample_0588,False,0.007844760891844015,0.010550125504169835,0.012385189533233643
loco_plateau,deepsets,42,b005_0326,e2760e685a5883648d6d91d72b6f825497ff6177a7ae51fd1d4a4f618192fbd3,plateau,4,batch_005,sample_0589,False,0.010778751025800823,0.014666985525943586,0.03879508376121521
loco_plateau,deepsets,42,b005_0327,c0f2d02506a33f5dad5fa8e5c65ba0f14cdafffb85f55797608be3df54e8cf61,plateau,1,batch_005,sample_0590,False,0.006252909292940234,0.0075382985223804225,0.012272089719772339
loco_plateau,deepsets,42,b005_0328,55b4a6a2ff50fc37c4d86d31a2943c392e669602f37411c18ea7e0f718c7a49b,plateau,10,batch_005,sample_0591,False,0.016186071956743958,0.019370384340400525,0.04465019702911377
loco_plateau,deepsets,42,b005_0329,25396912ea3a078cfdcae941ea89787bb0803f1346b6c5c886e75f5af0e4014c,plateau,5,batch_005,sample_0592,False,0.017905413127336345,0.020781542428086802,0.036309510469436646
loco_plateau,deepsets,42,b005_0330,2d2987c8fa8b70de85851fccd3598561568f323c9bc1e48b9082c225851dca74,plateau,7,batch_005,sample_0593,False,0.00601351615346846,0.007892477095241815,0.023621976375579834
loco_plateau,deepsets,42,b005_0331,fe117b09b49c597131e2f6e1b8feb5a597f6b009e1fc51e947e1c4258965cb3a,plateau,8,batch_005,sample_0594,False,0.00855814665555954,0.013198134174969713,0.03928261995315552
loco_plateau,deepsets,42,b005_0332,8ef7167927072aa036a58c5f6faa4277ddbc7c3f91bcb16661ae1d24abac8490,plateau,8,batch_005,sample_0595,False,0.005356303614671113,0.007173926952462842,0.01145482063293457
loco_plateau,deepsets,42,b005_0333,c3c2056eaa15eef1a5f1836e18a193479b6f32b671a8a83de228a107692ada54,plateau,1,batch_005,sample_0596,False,0.0065586769678553595,0.00864164540140221,0.02576574683189392
loco_plateau,deepsets,42,b005_0334,3bbd10db0ca1e022a95db792674aa00f019fd5856e68ce360feb007d0fe711f4,plateau,14,batch_005,sample_0597,False,0.013896148712908635,0.01662185402204567,0.03294670581817627
loco_plateau,deepsets,42,b005_0336,0747b020d2d22e1f5e7519b418cc9b8327b7656cbdb5b6a0c84c741abbc0e102,plateau,5,batch_005,sample_0598,False,0.009737394872258921,0.011612011588369463,0.026430100202560425
loco_plateau,deepsets,42,b005_0338,115982b394b483309f71c61baca7ee9f7623a932a8116d9e7603f0819aecb7ce,plateau,11,batch_005,sample_0599,False,0.018185277942751276,0.021004566203803084,0.043035805225372314
loco_plateau,deepsets,42,b005_0339,5a157ab2ed0b98a6d23ad8857e1765864193424d5249af315f29d82bd5969aec,plateau,1,batch_005,sample_0600,False,0.007291251824038928,0.009314153808435739,0.02718806266784668
loco_plateau,deepsets,42,b005_0341,aa391e2b07bdd6168406810253aa95ddc48980e3dc4f63b3df9c1ea6807dbc8e,plateau,9,batch_005,sample_0601,False,0.00657496271563358,0.010129231413719469,0.017109930515289307
loco_plateau,deepsets,42,b005_0344,6eb77d3cd6491920848da180bb4de9dc6bc0b37ef91bd1ab7ff630ab55038dfb,plateau,8,batch_005,sample_0602,False,0.01349530430113683,0.015174698589849982,0.03639817237854004
loco_plateau,deepsets,42,b005_0345,a300e398fad1a0e6431c0978a839d6f5ba716e8b388e8dda603311639de6f280,plateau,4,batch_005,sample_0603,False,0.00667397677898407,0.008126858733969896,0.020407021045684814
loco_plateau,deepsets,42,b005_0346,64090025074679c6ba642a06fb71e932babe2025b967ef6f2f6b1d8f5ad03bba,plateau,7,batch_005,sample_0604,False,0.010602179426150243,0.015833480708376334,0.025197625160217285
loco_plateau,deepsets,42,b005_0347,f351afe68d58358a3632f7f01ae10c313d89f47accf5981900e558140d1bfbff,plateau,8,batch_005,sample_0605,False,0.027819151394679897,0.030738229530488163,0.042044058442115784
loco_plateau,deepsets,42,b005_0348,9047f61e8be36c807011000fd79892f9747fc9f2b5d36e0905a12cc71cf27077,plateau,5,batch_005,sample_0606,False,0.014462808605100288,0.01739716583195795,0.04668352007865906
loco_plateau,deepsets,42,b005_0349,c30ce3c339ea2d458d6b92c6a2de60810ca4393b4b9c7acd9f3e78a68c60481d,plateau,8,batch_005,sample_0607,False,0.00896666446303735,0.013414236318787472,0.03735342621803284
loco_plateau,deepsets,42,b005_0350,1023f3a6c18df8c4890c9d45fa6b65adbbc9733ddc3561c3e25572947e28011e,plateau,4,batch_005,sample_0608,False,0.008279829240236127,0.011335976247743178,0.03498947620391846
loco_plateau,deepsets,42,b005_0351,f915d37994404288414823d1bbb6b5e3931c9ad94ae24b67272d3c8362d85400,plateau,9,batch_005,sample_0609,False,0.00971393458178786,0.011039576951610489,0.027244091033935547
loco_plateau,deepsets,42,b005_0352,5f0ae19a03996e46eda8c90413fc45b8985b85b82d4f47d4a22a10847efdc7d4,plateau,8,batch_005,sample_0610,False,0.007630339045016492,0.010220117651730198,0.024814456701278687
loco_plateau,deepsets,42,b005_0353,05e5a33d12166760b02827e96c5a0446d2d46d0bac028f2a76145a206386e918,plateau,6,batch_005,sample_0611,False,0.006984387387017735,0.009386550897095386,0.027829349040985107
loco_plateau,deepsets,42,b005_0354,fadf7a0b5c1bc2a8d8355725a59dcbd92af98cb7514eabc127842f5c4b4bef47,plateau,8,batch_005,sample_0612,False,0.013643244495157336,0.01744209641730819,0.04529532790184021
loco_plateau,deepsets,42,b005_0355,4d85219246b5dad59cb85d9fa3c1936680c4c9ef047c5cef4218f3b15c1e939c,plateau,4,batch_005,sample_0613,False,0.008519204669311399,0.010732538420471345,0.012410074472427368
loco_plateau,deepsets,42,b005_0356,4d68bdd50ef81490f46d2a8e1897ab3bb663920d094e1cbb0b28ba7113382e88,plateau,2,batch_005,sample_0614,False,0.02228127884083107,0.02528134535255797,0.03875342011451721
loco_plateau,deepsets,42,b005_0359,4c1573f83055d1187f7f6cd3d9baae0038086645d81eee72897606cc9d5c570c,plateau,5,batch_005,sample_0615,False,0.007431281913743645,0.009687315707193209,0.02576965093612671
loco_plateau,deepsets,42,b005_0360,686bd58ef008dcf1a1a7c6f4d10f2f843038b4350a135434e4ccc66a580f0f5d,plateau,8,batch_005,sample_0616,False,0.005303729142321915,0.006891339192792132,0.017247796058654785
loco_plateau,deepsets,42,b005_0361,96f4761fc6c8f7f70f150f08d1184ebb6ce1b5aaa442426bf462bb08296c1a3b,plateau,8,batch_005,sample_0617,False,0.018642507615636607,0.02163236158175525,0.05590617656707764
loco_plateau,deepsets,42,b005_0362,1afc1c036950d3674b72ba96e3a3beaf89086ebc191f828798460411f6637095,plateau,14,batch_005,sample_0618,False,0.007823893525561348,0.010981724683430807,0.028958499431610107
loco_plateau,deepsets,42,b005_0363,c4e17a05dde40f17497a58db0f20c7fa3893089c99b4e61d2abb1683d73c2708,plateau,3,batch_005,sample_0619,False,0.008639783400004028,0.010654621959687598,0.02210162580013275
loco_plateau,deepsets,42,b005_0364,f789b385523cb681d859a20015bfbe6406d3d1a4e0993fd9931fc56524052232,plateau,7,batch_005,sample_0620,False,0.012637385457265572,0.015535701199680332,0.02520012855529785
loco_plateau,deepsets,42,b005_0365,bf0f2b2de55694fffbc786504dd644ea825c40182b9b220d53b89c8a37ed6c50,plateau,2,batch_005,sample_0621,False,0.010950960768539398,0.0148429537739601,0.04818934202194214
loco_plateau,deepsets,42,b005_0366,ff9baf0d1ecf79479db89955f4239351d1d12145c830cf12c7c6743740bef107,plateau,1,batch_005,sample_0622,False,0.013495069791059026,0.01640197760848268,0.05098855495452881
loco_plateau,deepsets,42,b005_0367,55ae06c4d49e4f4bca3994c646b4a4477cbe684a94491baec3ccacaf8913cdc4,plateau,6,batch_005,sample_0623,False,0.0070315937160468495,0.009867567885361455,0.023670122027397156
loco_plateau,deepsets,42,b005_0369,3d7c1523d7f7a701ba8c8c8653f377b8bce5dcb75dd5e777fc37ea2547a10cd1,plateau,11,batch_005,sample_0624,False,0.009626433986132263,0.0121680909223675,0.04621779918670654
loco_plateau,deepsets,42,b005_0370,02430a0e963a0b380b2bc0d082219d1cf06081fa567fed08f912ffa7dfe10051,plateau,5,batch_005,sample_0625,False,0.008250753166245633,0.01055651927683751,0.014883875846862793
loco_plateau,deepsets,42,b005_0374,e78a3e8bf3a5373c93d1d439c82fbdadf0d6d220b3240b14bb5f3bc3f6e4f09a,plateau,1,batch_005,sample_0626,False,0.012877038267792249,0.014759388028654874,0.02139747142791748
loco_plateau,deepsets,42,b005_0376,e2cf5195bd63a11d9d1ca2e66c51888dcca34e1ae84251c784a18a3f37096e59,plateau,3,batch_005,sample_0627,False,0.008347683998404956,0.010464301960078951,0.021516859531402588
loco_plateau,deepsets,42,b005_0377,3f7f8648f1cca1b0bde98bd8dd3709da82b522777e245fb04f2e547d74fb458c,plateau,3,batch_005,sample_0628,False,0.006236629407913958,0.007370808696883587,0.016091585159301758
loco_plateau,deepsets,42,b005_0378,046e2b649304ef7368e59229d0d93e66e7a45cef80450c188bed4c2d3d1fdc8d,plateau,11,batch_005,sample_0629,False,0.007569671654310383,0.009054165624361737,0.022271394729614258
loco_plateau,deepsets,42,b005_0379,1f409b6e03f9441ff3c5c3fc66e0db956031025ffca1702ed23e99238b6229c9,plateau,15,batch_005,sample_0630,False,0.019721313578183533,0.021262139765259175,0.012948453426361084
loco_plateau,deepsets,42,b005_0380,9373bd39ad3438c8b68e44ed9913af85cc6aa4598a1d16ee56e8aa54d6b7e8ad,plateau,7,batch_005,sample_0631,False,0.006657375725077801,0.008230441657073593,0.018497750163078308
loco_plateau,deepsets,42,b005_0381,69369739915ea5865caaa0a97202deb36c3f5d9d99624a932280b9ccaec1ad7a,plateau,8,batch_005,sample_0632,False,0.012114889797617177,0.014424434883539748,0.014015436172485352
loco_plateau,deepsets,42,b005_0382,2d2b38ecba4efd0196a13bbe391dd3bf0713ebf5519032458d2874f9b5b799ea,plateau,6,batch_005,sample_0633,False,0.006207043763066902,0.007932865062812036,0.020770490169525146
loco_plateau,deepsets,42,b005_0383,c3f96572b536df535317375fdc5e4706ac369468646788bb728a81d80ebbf8cd,plateau,9,batch_005,sample_0634,False,0.02468074580318615,0.02798241855636584,0.05690516531467438
loco_plateau,deepsets,42,b005_0384,4f787d72c2991ce6d0932240e622e61affe479a7fa2dd35ab8bcdc5923ff28ed,plateau,13,batch_005,sample_0635,False,0.025839079843192805,0.029925668127858858,0.07183873653411865
loco_plateau,deepsets,42,b005_0386,301947d5dbc16fbb140de6b8a02a472b8129263d9f0a15b48f047dc956897100,plateau,8,batch_005,sample_0636,False,0.0075008400150986965,0.009176876979106338,0.02017335593700409
loco_plateau,deepsets,42,b005_0387,8de22ed78a2ba566ad5d579cb268e029471143e2f0356e36c926f297c636ec17,plateau,1,batch_005,sample_0637,False,0.011471442053796814,0.014086336098303766,0.0362115204334259
loco_plateau,deepsets,42,b005_0388,7018dd5a29322b02c1632cd20271bff3ce888a19228aa52114aa77b9400eb91b,plateau,10,batch_005,sample_0638,False,0.008763685333924215,0.010780538415507586,0.02492225170135498
loco_plateau,deepsets,42,b005_0391,befff6f241f67d94d7753d00fbb0c58bb90217d18320366e8efddcc6b98d1cf6,plateau,7,batch_005,sample_0639,False,0.00783619687694018,0.009804804292332074,0.014694631099700928
loco_plateau,deepsets,42,b005_0392,c8557ed9f63b99ebd2c6c477e7131c72de41dc16fb5e94bfd97d94fa611c210b,plateau,10,batch_005,sample_0640,False,0.010915713964915667,0.013639112033497628,0.024336397647857666
loco_plateau,deepsets,42,b005_0393,93eb3bacea701426087e75941806b407760420360c2377bbc814db1682f2a1d4,plateau,5,batch_005,sample_0641,False,0.00991024492216892,0.013187420059937702,0.03785550594329834
loco_plateau,deepsets,42,b005_0394,df92d1d4b0476ec691828cb2651348409e75a7cc4379821060d4a774189be132,plateau,9,batch_005,sample_0642,False,0.0071527862646540655,0.009427123264837826,0.036507368087768555
loco_plateau,deepsets,42,b005_0395,83ecfc111bb85fd355498ca7b8a4bb47c26e405c679f3515a1aafc4d7cefab6c,plateau,5,batch_005,sample_0643,False,0.017484269914079885,0.02043872013211078,0.03402706980705261
loco_plateau,deepsets,42,b005_0397,c8766140f84f514dc30d7035d42f2067f8e50cef0a1eee335dbb302ad43b3441,plateau,1,batch_005,sample_0644,False,0.011160364649334892,0.013109133466192304,0.028227627277374268
loco_plateau,deepsets,42,b005_0398,c5312b8757553a4ab6a18f87cd43e9086663093a1069e7c08549a0cd2de261d6,plateau,13,batch_005,sample_0645,False,0.014970148195985888,0.01803988578015289,0.02209395170211792
loco_plateau,deepsets,43,b004_0101,cb286dce3fb5e4de9ce7cd24a593b3729810700f461d4dea7e7e806081a6c243,plateau,7,batch_004,sample_0098,False,0.021149093743230474,0.023860073925909688,0.044423580169677734
loco_plateau,deepsets,43,b004_0106,68a631e45d1432b8c277623aa36bd14caa372804b8363ec96ef67ddc8eb20d1c,plateau,3,batch_004,sample_0102,False,0.005186919916848667,0.007807637361077261,0.024493694305419922
loco_plateau,deepsets,43,b004_0115,f799b5290dd4072521a7449c1abf33ff526f22f67b776e873628d3cbca0ba783,plateau,3,batch_004,sample_0107,False,0.00669899582862854,0.009061743287525001,0.006824284791946411
loco_plateau,deepsets,43,b004_0130,2188740cfe38cf9d440c67431f559d83d2a1ce7ae59ca2bedcf02bb69f466e50,plateau,8,batch_004,sample_0120,False,0.007766596972942352,0.009486758398719103,0.02391548454761505
loco_plateau,deepsets,43,b004_0136,04889ebdfb5784327f3b9088bf6df01afa628294490b202c173ef0b14838e962,plateau,2,batch_004,sample_0125,False,0.0052474384791538365,0.007356111027322136,0.02001670002937317
loco_plateau,deepsets,43,b004_0147,1fa51a6e404fd88eb385d6766311d069515a32e28126ff01697c509152d5f502,plateau,7,batch_004,sample_0131,False,0.008132235009650716,0.010995698571058164,0.0157584547996521
loco_plateau,deepsets,43,b004_0154,aac35af72b9a33754898cad920897b67d2af68b9260ad250b7fcaebd06f32dcc,plateau,8,batch_004,sample_0136,False,0.008825918506892001,0.011243889647776704,0.025108397006988525
loco_plateau,deepsets,43,b004_0155,1d0a46c8f6e17a86034c6bb9d66c4b03d098b69ff514fc02f28ea63be0b42c7e,plateau,6,batch_004,sample_0137,False,0.00928050401757975,0.01202219825357552,0.024292945861816406
loco_plateau,deepsets,43,b004_0163,4873613114b6d71d3a19feac4e2a6cca6a1aea7cedee70e6461fcb308fcd40a1,plateau,8,batch_004,sample_0144,False,0.01908598156248937,0.022013832777291145,0.032029569149017334
loco_plateau,deepsets,43,b004_0166,8acc23b2c14cbb42c17a2dcc988fac65c64813d2829e3784719d447b5ed718b7,plateau,6,batch_004,sample_0146,False,0.010599242798129066,0.012953525151158765,0.02977767586708069
loco_plateau,deepsets,43,b004_0189,83c666a66b41c149f65ddc8bd970a7e25625b9d2da4a74aa495eb63512733e3d,plateau,1,batch_004,sample_0163,False,0.007905822552618434,0.01182909893775849,0.027610331773757935
loco_plateau,deepsets,43,b004_0192,e59076b7dd3091c6a35a126a9200a5d87d04f635db59270bb6abf483a0ca6b6b,plateau,3,batch_004,sample_0166,False,0.010128464977272222,0.012141359200197176,0.02547582983970642
loco_plateau,deepsets,43,b004_0198,36b24bbee6d7a71d6d85eb0f4637e3435adb468ab33422dad8a99a2687c94a43,plateau,3,batch_004,sample_0172,False,0.008059872161658084,0.00932946541194538,0.018641680479049683
loco_plateau,deepsets,43,b004_0206,0f83d6a5c144dfa616333adc1bd57529c0d4b0a6391f6abd2b3df69ae12643d9,plateau,8,batch_004,sample_0176,False,0.014899092619536354,0.017734633729562146,0.04454585909843445
loco_plateau,deepsets,43,b004_0208,1e7355104cb1bc6623bb84e83c8b136fc6530491967649406726860c46d55882,plateau,3,batch_004,sample_0177,False,0.009204246653396576,0.010731568368502618,0.02202342450618744
loco_plateau,deepsets,43,b004_0209,440c0cdd2e0fa5883c06758ead647f3129254dd10b206bf0c4a01275bc82806b,plateau,7,batch_004,sample_0178,False,0.012627886211285825,0.014776742808343124,0.029206126928329468
loco_plateau,deepsets,43,b004_0226,61bdc1b24112322d60eb9bd84ba71d642a105873858653a3edd7bfe0a5c1b34e,plateau,7,batch_004,sample_0190,False,0.007750489916957793,0.009766058527980397,0.03319960832595825
loco_plateau,deepsets,43,b004_0229,af1d00f7a0b787f92bf6455e06a745c2e040b11b6d56cb70a91a0e9bbecca3e3,plateau,4,batch_004,sample_0193,False,0.007989092989534628,0.010359471161432493,0.028435349464416504
loco_plateau,deepsets,43,b004_0232,c19c313f6ced6796888a79b2f089c97c626a7f821d056d6da34ee52cdd9ede4e,plateau,2,batch_004,sample_0195,False,0.007953823589887775,0.01034789388618043,0.028587788343429565
loco_plateau,deepsets,43,b004_0238,ab344aa6b1603d38f985e697b8d5e23f92cabe2cfdec495cd63bf30832b339b7,plateau,3,batch_004,sample_0201,False,0.008485995355199595,0.011272985248171321,0.037332892417907715
loco_plateau,deepsets,43,b004_0269,4bc4fd552a3fec6bec5222fbe2344ba232c661859418bb0be167915721ee5291,plateau,5,batch_004,sample_0225,False,0.007495812216743094,0.009396062255340383,0.01818019151687622
loco_plateau,deepsets,43,b004_0270,6e734c0ce0d34a99ed4ad267e7228f80d1e1937ed9cfb2a2531b08dd05b3f9f4,plateau,2,batch_004,sample_0226,False,0.007144476851967514,0.009590896752569873,0.023439332842826843
loco_plateau,deepsets,43,b004_0276,7b18e593b02cd8067d1393f0e63f941e25eff1aa515facc3feca5d594c0b32f6,plateau,3,batch_004,sample_0231,False,0.007643799312779161,0.01029842699479892,0.02833595871925354
loco_plateau,deepsets,43,b004_0280,99c63bb4954aeef83d20697237d20468a2082dc550b92994ed9c8b0d2e53aeb4,plateau,3,batch_004,sample_0235,False,0.009127588240338153,0.010951453185080293,0.02487659454345703
loco_plateau,deepsets,43,b004_0284,315251daf704e2ddebf079b4618bac7ddc803651927693240201fda0ae19713e,plateau,7,batch_004,sample_0238,False,0.012491812471483574,0.014690260378441431,0.024129122495651245
loco_plateau,deepsets,43,b004_0285,538882c9fc437f403f576e9537afa2d0e9d19640d587ec09abf294580a7a5439,plateau,5,batch_004,sample_0239,False,0.009876575626310755,0.012572753806676778,0.017819225788116455
loco_plateau,deepsets,43,b004_0286,1f1d5a524d03753ee50cb34e15a725be31a3f16360c0873f815fa3617c634af9,plateau,2,batch_004,sample_0240,False,0.007643830092226873,0.010350616264124105,0.02581256628036499
loco_plateau,deepsets,43,b004_0291,5cb317353c4e3be13450815c4705cf51b35ccbcd7f9d37f0e177ea0c467b5f57,plateau,1,batch_004,sample_0243,False,0.006151157019079708,0.008223870361227029,0.02222597599029541
loco_plateau,deepsets,43,b004_0298,caa33739bb94bf3e4107ea13ebaefa854b1845ee09a860ac973faad33ffc7834,plateau,5,batch_004,sample_0250,False,0.012767790770921552,0.015293810903524087,0.008917927742004395
loco_plateau,deepsets,43,b004_0303,de67b515620baea3c5921d16c351e24f283039e6be0dbb711689e9c13ccfdcd8,plateau,7,batch_004,sample_0254,False,0.006879273740971675,0.008030753433969102,0.01683908700942993
loco_plateau,deepsets,43,b004_0312,aae428a0b7988c9a08ec2cd887e629b34ead9427365e120773f787d5e67957c1,plateau,8,batch_004,sample_0261,False,0.01338591609821945,0.015015615962998934,0.016792312264442444
loco_plateau,deepsets,43,b004_0328,230d653e29b05c6cac38da6d0de4c13e4f666cbcf2f18fd0f9301c8565cc11a3,plateau,4,batch_004,sample_0274,False,0.00686762622389637,0.01006654716669107,0.015238523483276367
loco_plateau,deepsets,43,b004_0335,3af73a16bdf592f38afc48342dd2996cc2332054b38bc004699cef76f2f2027c,plateau,4,batch_004,sample_0278,False,0.009916559594576477,0.011722108634834727,0.029288023710250854
loco_plateau,deepsets,43,b004_0336,b1a27cded5990829ff83324d88a32190c7c9723de6ef9887de3b888774969a57,plateau,1,batch_004,sample_0279,False,0.012338547921571576,0.01639262844565365,0.021369189023971558
loco_plateau,deepsets,43,b004_0367,c318564675cfb510af8b85e2c440c5474c6897ca4e9cdaf29a6217c1c607614e,plateau,5,batch_004,sample_0304,False,0.00759971703662247,0.010434631227081529,0.03758209943771362
loco_plateau,deepsets,43,b004_0378,b10baedc312e4d2d36427845a0f1a1cbffe556d2f64623a9674249752d97956c,plateau,8,batch_004,sample_0313,False,0.010192687210978055,0.011110163192997098,0.022296249866485596
loco_plateau,deepsets,43,b004_0379,c6e6ea944f341106836d770add03411f9b6a1a984c07c96bec5e68fdcf226108,plateau,6,batch_004,sample_0314,False,0.007990778103226522,0.00948505607970424,0.022442713379859924
loco_plateau,deepsets,43,b004_0385,1669f1f0995158292efaccb221bf4e371f369d987f6008fc5bbb7afeb0d048df,plateau,7,batch_004,sample_0319,False,0.0049065581110657236,0.0064774866884875605,0.010656297206878662
loco_plateau,deepsets,43,b004_0387,09be75b148104dc8d00eb69fe791588c388b9ebb3038b53094e45349b135be7d,plateau,8,batch_004,sample_0321,False,0.012290684414691612,0.013986676082688679,0.023467659950256348
loco_plateau,deepsets,43,b005_0318,924387d745bc9120e456294ff4a08ad9a1d65425b1cd2775143ca2ab2f71ce55,plateau,7,batch_005,sample_0582,False,0.01186715530567482,0.013624611871568429,0.025921553373336792
loco_plateau,deepsets,43,b005_0319,800520051cbd61e759abc8ff464d9452f0af7501ab267ce886d3229fe3d764b4,plateau,2,batch_005,sample_0583,False,0.006977670993961272,0.009363030397836498,0.02901369333267212
loco_plateau,deepsets,43,b005_0320,ef3c4b806db3686e52b040856eeaa178271e38922d72178a07cfb1b60c5a9815,plateau,9,batch_005,sample_0584,False,0.00656483383452306,0.011852643510085562,0.025866568088531494
loco_plateau,deepsets,43,b005_0322,dfa2ca4229967a5ccb2b1248146a521a8c13b2c9123ed436514968a5b39c468b,plateau,12,batch_005,sample_0585,False,0.016688100382929942,0.020079211421580506,0.01231008768081665
loco_plateau,deepsets,43,b005_0323,cce3714177813b75d94654611ce899a21ca23c71fe16d59197e83af8d254e95f,plateau,11,batch_005,sample_0586,False,0.007681923567271623,0.010775151494021801,0.033450961112976074
loco_plateau,deepsets,43,b005_0324,27fb8c31fc60138ca610456685ff39808517e467177b4b76e23ad2cc9ef40e79,plateau,3,batch_005,sample_0587,False,0.00975585545672745,0.012015379120806656,0.035695940256118774
loco_plateau,deepsets,43,b005_0325,57c15407e4e74b16ef1107b3fd3d0f28bd18e2d5f422f8887bb3ae4f2ee71cfd,plateau,6,batch_005,sample_0588,False,0.0076915218693311095,0.010592344571515705,0.016700953245162964
loco_plateau,deepsets,43,b005_0326,e2760e685a5883648d6d91d72b6f825497ff6177a7ae51fd1d4a4f618192fbd3,plateau,4,batch_005,sample_0589,False,0.010490738237123997,0.013944124036962706,0.0375179648399353
loco_plateau,deepsets,43,b005_0327,c0f2d02506a33f5dad5fa8e5c65ba0f14cdafffb85f55797608be3df54e8cf61,plateau,1,batch_005,sample_0590,False,0.006316069941051671,0.007692547635995765,0.00980609655380249
loco_plateau,deepsets,43,b005_0328,55b4a6a2ff50fc37c4d86d31a2943c392e669602f37411c18ea7e0f718c7a49b,plateau,10,batch_005,sample_0591,False,0.00767711977489659,0.0099621806734628,0.03854864835739136
loco_plateau,deepsets,43,b005_0329,25396912ea3a078cfdcae941ea89787bb0803f1346b6c5c886e75f5af0e4014c,plateau,5,batch_005,sample_0592,False,0.014684084497514318,0.016260552234013684,0.027812719345092773
loco_plateau,deepsets,43,b005_0330,2d2987c8fa8b70de85851fccd3598561568f323c9bc1e48b9082c225851dca74,plateau,7,batch_005,sample_0593,False,0.007748225062596994,0.009700436954728687,0.02841287851333618
loco_plateau,deepsets,43,b005_0331,fe117b09b49c597131e2f6e1b8feb5a597f6b009e1fc51e947e1c4258965cb3a,plateau,8,batch_005,sample_0594,False,0.008209389985584821,0.013203141225529121,0.03888016939163208
loco_plateau,deepsets,43,b005_0332,8ef7167927072aa036a58c5f6faa4277ddbc7c3f91bcb16661ae1d24abac8490,plateau,8,batch_005,sample_0595,False,0.006086984618765409,0.008256148388787065,0.006534487009048462
loco_plateau,deepsets,43,b005_0333,c3c2056eaa15eef1a5f1836e18a193479b6f32b671a8a83de228a107692ada54,plateau,1,batch_005,sample_0596,False,0.006645291432982586,0.00857661865857008,0.025864779949188232
loco_plateau,deepsets,43,b005_0334,3bbd10db0ca1e022a95db792674aa00f019fd5856e68ce360feb007d0fe711f4,plateau,14,batch_005,sample_0597,False,0.014507524913451711,0.01657987318050121,0.031575873494148254
loco_plateau,deepsets,43,b005_0336,0747b020d2d22e1f5e7519b418cc9b8327b7656cbdb5b6a0c84c741abbc0e102,plateau,5,batch_005,sample_0598,False,0.005093145565908464,0.007254810806974487,0.02416449785232544
loco_plateau,deepsets,43,b005_0338,115982b394b483309f71c61baca7ee9f7623a932a8116d9e7603f0819aecb7ce,plateau,11,batch_005,sample_0599,False,0.013839084349694799,0.015924077843327764,0.02856653928756714
loco_plateau,deepsets,43,b005_0339,5a157ab2ed0b98a6d23ad8857e1765864193424d5249af315f29d82bd5969aec,plateau,1,batch_005,sample_0600,False,0.008043218404054642,0.010092946642273977,0.02705317735671997
loco_plateau,deepsets,43,b005_0341,aa391e2b07bdd6168406810253aa95ddc48980e3dc4f63b3df9c1ea6807dbc8e,plateau,9,batch_005,sample_0601,False,0.0085312656325395,0.012244994961156318,0.01811012625694275
loco_plateau,deepsets,43,b005_0344,6eb77d3cd6491920848da180bb4de9dc6bc0b37ef91bd1ab7ff630ab55038dfb,plateau,8,batch_005,sample_0602,False,0.008801379653274035,0.011731710521610787,0.033547043800354004
loco_plateau,deepsets,43,b005_0345,a300e398fad1a0e6431c0978a839d6f5ba716e8b388e8dda603311639de6f280,plateau,4,batch_005,sample_0603,False,0.00644087058598878,0.008170926117191177,0.023234248161315918
loco_plateau,deepsets,43,b005_0346,64090025074679c6ba642a06fb71e932babe2025b967ef6f2f6b1d8f5ad03bba,plateau,7,batch_005,sample_0604,False,0.01299573719257214,0.017599332825257892,0.03976845741271973
loco_plateau,deepsets,43,b005_0347,f351afe68d58358a3632f7f01ae10c313d89f47accf5981900e558140d1bfbff,plateau,8,batch_005,sample_0605,False,0.03172956968917221,0.034939684228361315,0.04803495109081268
loco_plateau,deepsets,43,b005_0348,9047f61e8be36c807011000fd79892f9747fc9f2b5d36e0905a12cc71cf27077,plateau,5,batch_005,sample_0606,False,0.01161253134735295,0.015255122486643617,0.0475422739982605
loco_plateau,deepsets,43,b005_0349,c30ce3c339ea2d458d6b92c6a2de60810ca4393b4b9c7acd9f3e78a68c60481d,plateau,8,batch_005,sample_0607,False,0.010854194612532366,0.013630474860762286,0.0370977520942688
loco_plateau,deepsets,43,b005_0350,1023f3a6c18df8c4890c9d45fa6b65adbbc9733ddc3561c3e25572947e28011e,plateau,4,batch_005,sample_0608,False,0.009205948378218979,0.012069528729600891,0.035745590925216675
loco_plateau,deepsets,43,b005_0351,f915d37994404288414823d1bbb6b5e3931c9ad94ae24b67272d3c8362d85400,plateau,9,batch_005,sample_0609,False,0.007812133028370435,0.009548014352143275,0.027455031871795654
loco_plateau,deepsets,43,b005_0352,5f0ae19a03996e46eda8c90413fc45b8985b85b82d4f47d4a22a10847efdc7d4,plateau,8,batch_005,sample_0610,False,0.010081465737741501,0.01251062731919318,0.027216285467147827
loco_plateau,deepsets,43,b005_0353,05e5a33d12166760b02827e96c5a0446d2d46d0bac028f2a76145a206386e918,plateau,6,batch_005,sample_0611,False,0.006403034339185621,0.00919301619915082,0.028586983680725098
loco_plateau,deepsets,43,b005_0354,fadf7a0b5c1bc2a8d8355725a59dcbd92af98cb7514eabc127842f5c4b4bef47,plateau,8,batch_005,sample_0612,False,0.010853294222081294,0.014866474122447558,0.042284101247787476
loco_plateau,deepsets,43,b005_0355,4d85219246b5dad59cb85d9fa3c1936680c4c9ef047c5cef4218f3b15c1e939c,plateau,4,batch_005,sample_0613,False,0.008696042611950734,0.010862438503422996,0.014803886413574219
loco_plateau,deepsets,43,b005_0356,4d68bdd50ef81490f46d2a8e1897ab3bb663920d094e1cbb0b28ba7113382e88,plateau,2,batch_005,sample_0614,False,0.009853116312965017,0.012896184095556814,0.04048806428909302
loco_plateau,deepsets,43,b005_0359,4c1573f83055d1187f7f6cd3d9baae0038086645d81eee72897606cc9d5c570c,plateau,5,batch_005,sample_0615,False,0.011528921512062432,0.013267158271542014,0.03386455774307251
loco_plateau,deepsets,43,b005_0360,686bd58ef008dcf1a1a7c6f4d10f2f843038b4350a135434e4ccc66a580f0f5d,plateau,8,batch_005,sample_0616,False,0.00508826482491415,0.006572340508026035,0.015244364738464355
loco_plateau,deepsets,43,b005_0361,96f4761fc6c8f7f70f150f08d1184ebb6ce1b5aaa442426bf462bb08296c1a3b,plateau,8,batch_005,sample_0617,False,0.017191270946479233,0.021351254497947354,0.05957233905792236
loco_plateau,deepsets,43,b005_0362,1afc1c036950d3674b72ba96e3a3beaf89086ebc191f828798460411f6637095,plateau,14,batch_005,sample_0618,False,0.009228399298230156,0.012225415280112714,0.02958020567893982
loco_plateau,deepsets,43,b005_0363,c4e17a05dde40f17497a58db0f20c7fa3893089c99b4e61d2abb1683d73c2708,plateau,3,batch_005,sample_0619,False,0.00732305890224019,0.008918426335290478,0.018444746732711792
loco_plateau,deepsets,43,b005_0364,f789b385523cb681d859a20015bfbe6406d3d1a4e0993fd9931fc56524052232,plateau,7,batch_005,sample_0620,False,0.009136889923791417,0.01386164230059138,0.026937484741210938
loco_plateau,deepsets,43,b005_0365,bf0f2b2de55694fffbc786504dd644ea825c40182b9b220d53b89c8a37ed6c50,plateau,2,batch_005,sample_0621,False,0.012508018888899537,0.014839161826866383,0.03813201189041138
loco_plateau,deepsets,43,b005_0366,ff9baf0d1ecf79479db89955f4239351d1d12145c830cf12c7c6743740bef107,plateau,1,batch_005,sample_0622,False,0.011241821236297732,0.015262229768319138,0.055462539196014404
loco_plateau,deepsets,43,b005_0367,55ae06c4d49e4f4bca3994c646b4a4477cbe684a94491baec3ccacaf8913cdc4,plateau,6,batch_005,sample_0623,False,0.010612640407730321,0.013146584412238477,0.03282785415649414
loco_plateau,deepsets,43,b005_0369,3d7c1523d7f7a701ba8c8c8653f377b8bce5dcb75dd5e777fc37ea2547a10cd1,plateau,11,batch_005,sample_0624,False,0.014110146731626793,0.01619082827814715,0.032091736793518066
loco_plateau,deepsets,43,b005_0370,02430a0e963a0b380b2bc0d082219d1cf06081fa567fed08f912ffa7dfe10051,plateau,5,batch_005,sample_0625,False,0.007259798343064355,0.009690338611803035,0.018602490425109863
loco_plateau,deepsets,43,b005_0374,e78a3e8bf3a5373c93d1d439c82fbdadf0d6d220b3240b14bb5f3bc3f6e4f09a,plateau,1,batch_005,sample_0626,False,0.008848865989778862,0.011699217258480625,0.01302248239517212
loco_plateau,deepsets,43,b005_0376,e2cf5195bd63a11d9d1ca2e66c51888dcca34e1ae84251c784a18a3f37096e59,plateau,3,batch_005,sample_0627,False,0.01673413226838972,0.018520534437825812,0.03233981132507324
loco_plateau,deepsets,43,b005_0377,3f7f8648f1cca1b0bde98bd8dd3709da82b522777e245fb04f2e547d74fb458c,plateau,3,batch_005,sample_0628,False,0.007418290513460753,0.009671438600055598,0.024313658475875854
loco_plateau,deepsets,43,b005_0378,046e2b649304ef7368e59229d0d93e66e7a45cef80450c188bed4c2d3d1fdc8d,plateau,11,batch_005,sample_0629,False,0.007097636089950311,0.00877567644663871,0.01885700225830078
loco_plateau,deepsets,43,b005_0379,1f409b6e03f9441ff3c5c3fc66e0db956031025ffca1702ed23e99238b6229c9,plateau,15,batch_005,sample_0630,False,0.012198674141383562,0.013956371838527512,0.012992143630981445
loco_plateau,deepsets,43,b005_0380,9373bd39ad3438c8b68e44ed9913af85cc6aa4598a1d16ee56e8aa54d6b7e8ad,plateau,7,batch_005,sample_0631,False,0.007336703541337467,0.009938011802390402,0.018070533871650696
loco_plateau,deepsets,43,b005_0381,69369739915ea5865caaa0a97202deb36c3f5d9d99624a932280b9ccaec1ad7a,plateau,8,batch_005,sample_0632,False,0.0114195745010845,0.01417018948231265,0.00939875841140747
loco_plateau,deepsets,43,b005_0382,2d2b38ecba4efd0196a13bbe391dd3bf0713ebf5519032458d2874f9b5b799ea,plateau,6,batch_005,sample_0633,False,0.005000516527988871,0.006149818654573688,0.011127293109893799
loco_plateau,deepsets,43,b005_0383,c3f96572b536df535317375fdc5e4706ac369468646788bb728a81d80ebbf8cd,plateau,9,batch_005,sample_0634,False,0.02344978109124254,0.02647647927015444,0.05395342409610748
loco_plateau,deepsets,43,b005_0384,4f787d72c2991ce6d0932240e622e61affe479a7fa2dd35ab8bcdc5923ff28ed,plateau,13,batch_005,sample_0635,False,0.018360518774048228,0.020092912777449165,0.05478733777999878
loco_plateau,deepsets,43,b005_0386,301947d5dbc16fbb140de6b8a02a472b8129263d9f0a15b48f047dc956897100,plateau,8,batch_005,sample_0636,False,0.004793955165831769,0.00689792524059059,0.010561972856521606
loco_plateau,deepsets,43,b005_0387,8de22ed78a2ba566ad5d579cb268e029471143e2f0356e36c926f297c636ec17,plateau,1,batch_005,sample_0637,False,0.014128717395370124,0.017528328722653717,0.042107731103897095
loco_plateau,deepsets,43,b005_0388,7018dd5a29322b02c1632cd20271bff3ce888a19228aa52114aa77b9400eb91b,plateau,10,batch_005,sample_0638,False,0.008715670616900335,0.011741963846442703,0.02479100227355957
loco_plateau,deepsets,43,b005_0391,befff6f241f67d94d7753d00fbb0c58bb90217d18320366e8efddcc6b98d1cf6,plateau,7,batch_005,sample_0639,False,0.007615916492020498,0.009998850481200932,0.02132469415664673
loco_plateau,deepsets,43,b005_0392,c8557ed9f63b99ebd2c6c477e7131c72de41dc16fb5e94bfd97d94fa611c210b,plateau,10,batch_005,sample_0640,False,0.007928294236542748,0.010778676122071373,0.016608476638793945
loco_plateau,deepsets,43,b005_0393,93eb3bacea701426087e75941806b407760420360c2377bbc814db1682f2a1d4,plateau,5,batch_005,sample_0641,False,0.008896743176413363,0.011459451293222022,0.035199522972106934
loco_plateau,deepsets,43,b005_0394,df92d1d4b0476ec691828cb2651348409e75a7cc4379821060d4a774189be132,plateau,9,batch_005,sample_0642,False,0.005756274232121765,0.007828505250953618,0.031852900981903076
loco_plateau,deepsets,43,b005_0395,83ecfc111bb85fd355498ca7b8a4bb47c26e405c679f3515a1aafc4d7cefab6c,plateau,5,batch_005,sample_0643,False,0.012552517359374,0.01405037906272533,0.02293887734413147
loco_plateau,deepsets,43,b005_0397,c8766140f84f514dc30d7035d42f2067f8e50cef0a1eee335dbb302ad43b3441,plateau,1,batch_005,sample_0644,False,0.009922751637755847,0.012547446776383446,0.026295393705368042
loco_plateau,deepsets,43,b005_0398,c5312b8757553a4ab6a18f87cd43e9086663093a1069e7c08549a0cd2de261d6,plateau,13,batch_005,sample_0645,False,0.009527616813534596,0.013094110062350842,0.018792331218719482
loco_plateau,deepsets,44,b004_0101,cb286dce3fb5e4de9ce7cd24a593b3729810700f461d4dea7e7e806081a6c243,plateau,7,batch_004,sample_0098,False,0.021270719463707972,0.024006620428955985,0.046037137508392334
loco_plateau,deepsets,44,b004_0106,68a631e45d1432b8c277623aa36bd14caa372804b8363ec96ef67ddc8eb20d1c,plateau,3,batch_004,sample_0102,False,0.007522606092398284,0.009306611400715339,0.01737576723098755
loco_plateau,deepsets,44,b004_0115,f799b5290dd4072521a7449c1abf33ff526f22f67b776e873628d3cbca0ba783,plateau,3,batch_004,sample_0107,False,0.006412089359564859,0.008772050504555488,0.00765758752822876
loco_plateau,deepsets,44,b004_0130,2188740cfe38cf9d440c67431f559d83d2a1ce7ae59ca2bedcf02bb69f466e50,plateau,8,batch_004,sample_0120,False,0.005694726146146899,0.006872412860470084,0.015067100524902344
loco_plateau,deepsets,44,b004_0136,04889ebdfb5784327f3b9088bf6df01afa628294490b202c173ef0b14838e962,plateau,2,batch_004,sample_0125,False,0.005287662759178974,0.006780178516571518,0.015663564205169678
loco_plateau,deepsets,44,b004_0147,1fa51a6e404fd88eb385d6766311d069515a32e28126ff01697c509152d5f502,plateau,7,batch_004,sample_0131,False,0.005296232697905087,0.008494284504625301,0.011354595422744751
loco_plateau,deepsets,44,b004_0154,aac35af72b9a33754898cad920897b67d2af68b9260ad250b7fcaebd06f32dcc,plateau,8,batch_004,sample_0136,False,0.00830072311104321,0.011055873591795835,0.03223830461502075
loco_plateau,deepsets,44,b004_0155,1d0a46c8f6e17a86034c6bb9d66c4b03d098b69ff514fc02f28ea63be0b42c7e,plateau,6,batch_004,sample_0137,False,0.009565151861456574,0.01203093607466369,0.02577786147594452
loco_plateau,deepsets,44,b004_0163,4873613114b6d71d3a19feac4e2a6cca6a1aea7cedee70e6461fcb308fcd40a1,plateau,8,batch_004,sample_0144,False,0.017699559448195287,0.019759621480800117,0.033300697803497314
loco_plateau,deepsets,44,b004_0166,8acc23b2c14cbb42c17a2dcc988fac65c64813d2829e3784719d447b5ed718b7,plateau,6,batch_004,sample_0146,False,0.006950552285206122,0.008784303443229119,0.021083056926727295
loco_plateau,deepsets,44,b004_0189,83c666a66b41c149f65ddc8bd970a7e25625b9d2da4a74aa495eb63512733e3d,plateau,1,batch_004,sample_0163,False,0.007186414521248614,0.009981869664301951,0.02860313653945923
loco_plateau,deepsets,44,b004_0192,e59076b7dd3091c6a35a126a9200a5d87d04f635db59270bb6abf483a0ca6b6b,plateau,3,batch_004,sample_0166,False,0.004953508372189569,0.0060780649106663386,0.012011706829071045
loco_plateau,deepsets,44,b004_0198,36b24bbee6d7a71d6d85eb0f4637e3435adb468ab33422dad8a99a2687c94a43,plateau,3,batch_004,sample_0172,False,0.005515425236987286,0.00673776915625302,0.009559690952301025
loco_plateau,deepsets,44,b004_0206,0f83d6a5c144dfa616333adc1bd57529c0d4b0a6391f6abd2b3df69ae12643d9,plateau,8,batch_004,sample_0176,False,0.01699641151506393,0.019586470983226568,0.04488292336463928
loco_plateau,deepsets,44,b004_0208,1e7355104cb1bc6623bb84e83c8b136fc6530491967649406726860c46d55882,plateau,3,batch_004,sample_0177,False,0.007075745978804886,0.009525736086657613,0.026931941509246826
loco_plateau,deepsets,44,b004_0209,440c0cdd2e0fa5883c06758ead647f3129254dd10b206bf0c4a01275bc82806b,plateau,7,batch_004,sample_0178,False,0.012588063712979927,0.014531743172563128,0.026210933923721313
loco_plateau,deepsets,44,b004_0226,61bdc1b24112322d60eb9bd84ba71d642a105873858653a3edd7bfe0a5c1b34e,plateau,7,batch_004,sample_0190,False,0.009747874297079493,0.011520056407270727,0.03607302904129028
loco_plateau,deepsets,44,b004_0229,af1d00f7a0b787f92bf6455e06a745c2e040b11b6d56cb70a91a0e9bbecca3e3,plateau,4,batch_004,sample_0193,False,0.00615185053377855,0.008679793226187418,0.02641350030899048
loco_plateau,deepsets,44,b004_0232,c19c313f6ced6796888a79b2f089c97c626a7f821d056d6da34ee52cdd9ede4e,plateau,2,batch_004,sample_0195,False,0.0077611327659888344,0.009846576760950477,0.023853003978729248
loco_plateau,deepsets,44,b004_0238,ab344aa6b1603d38f985e697b8d5e23f92cabe2cfdec495cd63bf30832b339b7,plateau,3,batch_004,sample_0201,False,0.006920756741625364,0.009452971448258459,0.03383743762969971
loco_plateau,deepsets,44,b004_0269,4bc4fd552a3fec6bec5222fbe2344ba232c661859418bb0be167915721ee5291,plateau,5,batch_004,sample_0225,False,0.010309182229589244,0.01193205068219673,0.025732755661010742
loco_plateau,deepsets,44,b004_0270,6e734c0ce0d34a99ed4ad267e7228f80d1e1937ed9cfb2a2531b08dd05b3f9f4,plateau,2,batch_004,sample_0226,False,0.006632160334313502,0.008337577839390169,0.019031822681427002
loco_plateau,deepsets,44,b004_0276,7b18e593b02cd8067d1393f0e63f941e25eff1aa515facc3feca5d594c0b32f6,plateau,3,batch_004,sample_0231,False,0.008218440547829768,0.010567755495388883,0.024997442960739136
loco_plateau,deepsets,44,b004_0280,99c63bb4954aeef83d20697237d20468a2082dc550b92994ed9c8b0d2e53aeb4,plateau,3,batch_004,sample_0235,False,0.006605747110042416,0.00860716165185886,0.031538307666778564
loco_plateau,deepsets,44,b004_0284,315251daf704e2ddebf079b4618bac7ddc803651927693240201fda0ae19713e,plateau,7,batch_004,sample_0238,False,0.013763671038580722,0.015661379659310623,0.024343550205230713
loco_plateau,deepsets,44,b004_0285,538882c9fc437f403f576e9537afa2d0e9d19640d587ec09abf294580a7a5439,plateau,5,batch_004,sample_0239,False,0.00940317379646614,0.011668582508781162,0.027081429958343506
loco_plateau,deepsets,44,b004_0286,1f1d5a524d03753ee50cb34e15a725be31a3f16360c0873f815fa3617c634af9,plateau,2,batch_004,sample_0240,False,0.008032948206194112,0.010052647080131835,0.028599441051483154
loco_plateau,deepsets,44,b004_0291,5cb317353c4e3be13450815c4705cf51b35ccbcd7f9d37f0e177ea0c467b5f57,plateau,1,batch_004,sample_0243,False,0.006754652703883218,0.00871010634910052,0.011844158172607422
loco_plateau,deepsets,44,b004_0298,caa33739bb94bf3e4107ea13ebaefa854b1845ee09a860ac973faad33ffc7834,plateau,5,batch_004,sample_0250,False,0.014555238553735077,0.016011121074989934,0.012630283832550049
loco_plateau,deepsets,44,b004_0303,de67b515620baea3c5921d16c351e24f283039e6be0dbb711689e9c13ccfdcd8,plateau,7,batch_004,sample_0254,False,0.0063415262542787145,0.007604244150338374,0.013097763061523438
loco_plateau,deepsets,44,b004_0312,aae428a0b7988c9a08ec2cd887e629b34ead9427365e120773f787d5e67957c1,plateau,8,batch_004,sample_0261,False,0.011798112851674439,0.013547613147383885,0.012004673480987549
loco_plateau,deepsets,44,b004_0328,230d653e29b05c6cac38da6d0de4c13e4f666cbcf2f18fd0f9301c8565cc11a3,plateau,4,batch_004,sample_0274,False,0.0063981761331440975,0.008234711528156035,0.019954025745391846
loco_plateau,deepsets,44,b004_0335,3af73a16bdf592f38afc48342dd2996cc2332054b38bc004699cef76f2f2027c,plateau,4,batch_004,sample_0278,False,0.012343858109145869,0.01460860746232081,0.035941869020462036
loco_plateau,deepsets,44,b004_0336,b1a27cded5990829ff83324d88a32190c7c9723de6ef9887de3b888774969a57,plateau,1,batch_004,sample_0279,False,0.010802118993196332,0.013940958262832112,0.02122551202774048
loco_plateau,deepsets,44,b004_0367,c318564675cfb510af8b85e2c440c5474c6897ca4e9cdaf29a6217c1c607614e,plateau,5,batch_004,sample_0304,False,0.010616857497418513,0.012415315541068955,0.03193432092666626
loco_plateau,deepsets,44,b004_0378,b10baedc312e4d2d36427845a0f1a1cbffe556d2f64623a9674249752d97956c,plateau,8,batch_004,sample_0313,False,0.007624328197514425,0.009966019579730541,0.03934353590011597
loco_plateau,deepsets,44,b004_0379,c6e6ea944f341106836d770add03411f9b6a1a984c07c96bec5e68fdcf226108,plateau,6,batch_004,sample_0314,False,0.0050525948038843815,0.006564880206501202,0.019742727279663086
loco_plateau,deepsets,44,b004_0385,1669f1f0995158292efaccb221bf4e371f369d987f6008fc5bbb7afeb0d048df,plateau,7,batch_004,sample_0319,False,0.0057917022314227995,0.008139364170348459,0.017684996128082275
loco_plateau,deepsets,44,b004_0387,09be75b148104dc8d00eb69fe791588c388b9ebb3038b53094e45349b135be7d,plateau,8,batch_004,sample_0321,False,0.01227604145886468,0.013620855630605718,0.022057607769966125
loco_plateau,deepsets,44,b005_0318,924387d745bc9120e456294ff4a08ad9a1d65425b1cd2775143ca2ab2f71ce55,plateau,7,batch_005,sample_0582,False,0.010226683782749489,0.013288899803880509,0.03300356864929199
loco_plateau,deepsets,44,b005_0319,800520051cbd61e759abc8ff464d9452f0af7501ab267ce886d3229fe3d764b4,plateau,2,batch_005,sample_0583,False,0.007837084717437869,0.010048686857150164,0.02850821614265442
loco_plateau,deepsets,44,b005_0320,ef3c4b806db3686e52b040856eeaa178271e38922d72178a07cfb1b60c5a9815,plateau,9,batch_005,sample_0584,False,0.009653522770424357,0.012857033638601214,0.025281846523284912
loco_plateau,deepsets,44,b005_0322,dfa2ca4229967a5ccb2b1248146a521a8c13b2c9123ed436514968a5b39c468b,plateau,12,batch_005,sample_0585,False,0.015859940379369455,0.017925280927984184,0.02357691526412964
loco_plateau,deepsets,44,b005_0323,cce3714177813b75d94654611ce899a21ca23c71fe16d59197e83af8d254e95f,plateau,11,batch_005,sample_0586,False,0.008798568707997681,0.010874318147662218,0.02424752712249756
loco_plateau,deepsets,44,b005_0324,27fb8c31fc60138ca610456685ff39808517e467177b4b76e23ad2cc9ef40e79,plateau,3,batch_005,sample_0587,False,0.011693401414839948,0.01382549822218738,0.03787466883659363
loco_plateau,deepsets,44,b005_0325,57c15407e4e74b16ef1107b3fd3d0f28bd18e2d5f422f8887bb3ae4f2ee71cfd,plateau,6,batch_005,sample_0588,False,0.0068666345027626535,0.00924358143150028,0.015992403030395508
loco_plateau,deepsets,44,b005_0326,e2760e685a5883648d6d91d72b6f825497ff6177a7ae51fd1d4a4f618192fbd3,plateau,4,batch_005,sample_0589,False,0.010020221980502371,0.012913010978172277,0.028905251063406467
loco_plateau,deepsets,44,b005_0327,c0f2d02506a33f5dad5fa8e5c65ba0f14cdafffb85f55797608be3df54e8cf61,plateau,1,batch_005,sample_0590,False,0.00672955786595579,0.007597149142527658,0.009639263153076172
loco_plateau,deepsets,44,b005_0328,55b4a6a2ff50fc37c4d86d31a2943c392e669602f37411c18ea7e0f718c7a49b,plateau,10,batch_005,sample_0591,False,0.010370078145480547,0.012211786694420693,0.04116123914718628
loco_plateau,deepsets,44,b005_0329,25396912ea3a078cfdcae941ea89787bb0803f1346b6c5c886e75f5af0e4014c,plateau,5,batch_005,sample_0592,False,0.01643803764562138,0.018843309450743553,0.0346832275390625
loco_plateau,deepsets,44,b005_0330,2d2987c8fa8b70de85851fccd3598561568f323c9bc1e48b9082c225851dca74,plateau,7,batch_005,sample_0593,False,0.007966305388778936,0.01033933508288675,0.028516113758087158
loco_plateau,deepsets,44,b005_0331,fe117b09b49c597131e2f6e1b8feb5a597f6b009e1fc51e947e1c4258965cb3a,plateau,8,batch_005,sample_0594,False,0.009744004880795713,0.014817535334046224,0.04822355508804321
loco_plateau,deepsets,44,b005_0332,8ef7167927072aa036a58c5f6faa4277ddbc7c3f91bcb16661ae1d24abac8490,plateau,8,batch_005,sample_0595,False,0.005248882853593983,0.007626107691916534,0.012595832347869873
loco_plateau,deepsets,44,b005_0333,c3c2056eaa15eef1a5f1836e18a193479b6f32b671a8a83de228a107692ada54,plateau,1,batch_005,sample_0596,False,0.008061436233950442,0.009903090934238402,0.027371078729629517
loco_plateau,deepsets,44,b005_0334,3bbd10db0ca1e022a95db792674aa00f019fd5856e68ce360feb007d0fe711f4,plateau,14,batch_005,sample_0597,False,0.015521703929197593,0.018141373541600912,0.03564681112766266
loco_plateau,deepsets,44,b005_0336,0747b020d2d22e1f5e7519b418cc9b8327b7656cbdb5b6a0c84c741abbc0e102,plateau,5,batch_005,sample_0598,False,0.0066651770325957755,0.009299267747791677,0.025495052337646484
loco_plateau,deepsets,44,b005_0338,115982b394b483309f71c61baca7ee9f7623a932a8116d9e7603f0819aecb7ce,plateau,11,batch_005,sample_0599,False,0.011153126349214648,0.013657991978631332,0.035904526710510254
loco_plateau,deepsets,44,b005_0339,5a157ab2ed0b98a6d23ad8857e1765864193424d5249af315f29d82bd5969aec,plateau,1,batch_005,sample_0600,False,0.006191081016278657,0.00873165255994601,0.03354048728942871
loco_plateau,deepsets,44,b005_0341,aa391e2b07bdd6168406810253aa95ddc48980e3dc4f63b3df9c1ea6807dbc8e,plateau,9,batch_005,sample_0601,False,0.005285176036299252,0.009415118152616695,0.018317222595214844
loco_plateau,deepsets,44,b005_0344,6eb77d3cd6491920848da180bb4de9dc6bc0b37ef91bd1ab7ff630ab55038dfb,plateau,8,batch_005,sample_0602,False,0.007860218892331983,0.011092974126154577,0.031856417655944824
loco_plateau,deepsets,44,b005_0345,a300e398fad1a0e6431c0978a839d6f5ba716e8b388e8dda603311639de6f280,plateau,4,batch_005,sample_0603,False,0.00624726981413169,0.007808697255126512,0.019960343837738037
loco_plateau,deepsets,44,b005_0346,64090025074679c6ba642a06fb71e932babe2025b967ef6f2f6b1d8f5ad03bba,plateau,7,batch_005,sample_0604,False,0.009657982981107274,0.01581166563717569,0.047781288623809814
loco_plateau,deepsets,44,b005_0347,f351afe68d58358a3632f7f01ae10c313d89f47accf5981900e558140d1bfbff,plateau,8,batch_005,sample_0605,False,0.029979989543312886,0.032716503860913564,0.04288661479949951
loco_plateau,deepsets,44,b005_0348,9047f61e8be36c807011000fd79892f9747fc9f2b5d36e0905a12cc71cf27077,plateau,5,batch_005,sample_0606,False,0.011968493217327555,0.015602944322625984,0.04786914587020874
loco_plateau,deepsets,44,b005_0349,c30ce3c339ea2d458d6b92c6a2de60810ca4393b4b9c7acd9f3e78a68c60481d,plateau,8,batch_005,sample_0607,False,0.014033929887609403,0.016288969542913895,0.0392727255821228
loco_plateau,deepsets,44,b005_0350,1023f3a6c18df8c4890c9d45fa6b65adbbc9733ddc3561c3e25572947e28011e,plateau,4,batch_005,sample_0608,False,0.0075696675625980874,0.009396687241634588,0.02717849612236023
loco_plateau,deepsets,44,b005_0351,f915d37994404288414823d1bbb6b5e3931c9ad94ae24b67272d3c8362d85400,plateau,9,batch_005,sample_0609,False,0.012497153255294581,0.014614115652352122,0.03716486692428589
loco_plateau,deepsets,44,b005_0352,5f0ae19a03996e46eda8c90413fc45b8985b85b82d4f47d4a22a10847efdc7d4,plateau,8,batch_005,sample_0610,False,0.01399259220381252,0.01729087497330806,0.035216301679611206
loco_plateau,deepsets,44,b005_0353,05e5a33d12166760b02827e96c5a0446d2d46d0bac028f2a76145a206386e918,plateau,6,batch_005,sample_0611,False,0.0068714595476134874,0.009758226982657551,0.03460860252380371
loco_plateau,deepsets,44,b005_0354,fadf7a0b5c1bc2a8d8355725a59dcbd92af98cb7514eabc127842f5c4b4bef47,plateau,8,batch_005,sample_0612,False,0.012568332621308624,0.017954270194232295,0.04761272668838501
loco_plateau,deepsets,44,b005_0355,4d85219246b5dad59cb85d9fa3c1936680c4c9ef047c5cef4218f3b15c1e939c,plateau,4,batch_005,sample_0613,False,0.008444761643644239,0.010380441995697234,0.01088106632232666
loco_plateau,deepsets,44,b005_0356,4d68bdd50ef81490f46d2a8e1897ab3bb663920d094e1cbb0b28ba7113382e88,plateau,2,batch_005,sample_0614,False,0.013696634378589567,0.016193732030113532,0.040612757205963135
loco_plateau,deepsets,44,b005_0359,4c1573f83055d1187f7f6cd3d9baae0038086645d81eee72897606cc9d5c570c,plateau,5,batch_005,sample_0615,False,0.007666787560113141,0.009816247537627144,0.02899765968322754
loco_plateau,deepsets,44,b005_0360,686bd58ef008dcf1a1a7c6f4d10f2f843038b4350a135434e4ccc66a580f0f5d,plateau,8,batch_005,sample_0616,False,0.006729817537010693,0.008023921946462875,0.02003258466720581
loco_plateau,deepsets,44,b005_0361,96f4761fc6c8f7f70f150f08d1184ebb6ce1b5aaa442426bf462bb08296c1a3b,plateau,8,batch_005,sample_0617,False,0.01730892019437962,0.0219071996749511,0.06373375654220581
loco_plateau,deepsets,44,b005_0362,1afc1c036950d3674b72ba96e3a3beaf89086ebc191f828798460411f6637095,plateau,14,batch_005,sample_0618,False,0.009495197016684736,0.012100660645072337,0.033910393714904785
loco_plateau,deepsets,44,b005_0363,c4e17a05dde40f17497a58db0f20c7fa3893089c99b4e61d2abb1683d73c2708,plateau,3,batch_005,sample_0619,False,0.007888757058831512,0.0101296439727699,0.025791585445404053
loco_plateau,deepsets,44,b005_0364,f789b385523cb681d859a20015bfbe6406d3d1a4e0993fd9931fc56524052232,plateau,7,batch_005,sample_0620,False,0.010237271668481046,0.01311025492703551,0.025863289833068848
loco_plateau,deepsets,44,b005_0365,bf0f2b2de55694fffbc786504dd644ea825c40182b9b220d53b89c8a37ed6c50,plateau,2,batch_005,sample_0621,False,0.00953045560688269,0.01229348892126321,0.042040228843688965
loco_plateau,deepsets,44,b005_0366,ff9baf0d1ecf79479db89955f4239351d1d12145c830cf12c7c6743740bef107,plateau,1,batch_005,sample_0622,False,0.01367633398927626,0.016973006059063805,0.04909282922744751
loco_plateau,deepsets,44,b005_0367,55ae06c4d49e4f4bca3994c646b4a4477cbe684a94491baec3ccacaf8913cdc4,plateau,6,batch_005,sample_0623,False,0.007348514726904572,0.008911153404610527,0.022127747535705566
loco_plateau,deepsets,44,b005_0369,3d7c1523d7f7a701ba8c8c8653f377b8bce5dcb75dd5e777fc37ea2547a10cd1,plateau,11,batch_005,sample_0624,False,0.016270534914047993,0.018567368172243116,0.03871673345565796
loco_plateau,deepsets,44,b005_0370,02430a0e963a0b380b2bc0d082219d1cf06081fa567fed08f912ffa7dfe10051,plateau,5,batch_005,sample_0625,False,0.008588774526705508,0.011719565670024877,0.017148613929748535
loco_plateau,deepsets,44,b005_0374,e78a3e8bf3a5373c93d1d439c82fbdadf0d6d220b3240b14bb5f3bc3f6e4f09a,plateau,1,batch_005,sample_0626,False,0.00827525116381098,0.010382007410737665,0.01996976137161255
loco_plateau,deepsets,44,b005_0376,e2cf5195bd63a11d9d1ca2e66c51888dcca34e1ae84251c784a18a3f37096e59,plateau,3,batch_005,sample_0627,False,0.009141200756440397,0.012625251234808533,0.03173363208770752
loco_plateau,deepsets,44,b005_0377,3f7f8648f1cca1b0bde98bd8dd3709da82b522777e245fb04f2e547d74fb458c,plateau,3,batch_005,sample_0628,False,0.007703361941165611,0.009396979221071107,0.02551114559173584
loco_plateau,deepsets,44,b005_0378,046e2b649304ef7368e59229d0d93e66e7a45cef80450c188bed4c2d3d1fdc8d,plateau,11,batch_005,sample_0629,False,0.007061393778832232,0.009098835062293661,0.025075197219848633
loco_plateau,deepsets,44,b005_0379,1f409b6e03f9441ff3c5c3fc66e0db956031025ffca1702ed23e99238b6229c9,plateau,15,batch_005,sample_0630,False,0.011804634430369393,0.01412451368322011,0.01837289333343506
loco_plateau,deepsets,44,b005_0380,9373bd39ad3438c8b68e44ed9913af85cc6aa4598a1d16ee56e8aa54d6b7e8ad,plateau,7,batch_005,sample_0631,False,0.005621598331166096,0.006914672387922248,0.013429909944534302
loco_plateau,deepsets,44,b005_0381,69369739915ea5865caaa0a97202deb36c3f5d9d99624a932280b9ccaec1ad7a,plateau,8,batch_005,sample_0632,False,0.00790144112266478,0.01002518413545353,0.0210532546043396
loco_plateau,deepsets,44,b005_0382,2d2b38ecba4efd0196a13bbe391dd3bf0713ebf5519032458d2874f9b5b799ea,plateau,6,batch_005,sample_0633,False,0.00927525514461955,0.010912792971878478,0.02472350001335144
loco_plateau,deepsets,44,b005_0383,c3f96572b536df535317375fdc5e4706ac369468646788bb728a81d80ebbf8cd,plateau,9,batch_005,sample_0634,False,0.01960012396095229,0.02155166627362743,0.04031910002231598
loco_plateau,deepsets,44,b005_0384,4f787d72c2991ce6d0932240e622e61affe479a7fa2dd35ab8bcdc5923ff28ed,plateau,13,batch_005,sample_0635,False,0.015456492050749357,0.01833820724811299,0.06944984197616577
loco_plateau,deepsets,44,b005_0386,301947d5dbc16fbb140de6b8a02a472b8129263d9f0a15b48f047dc956897100,plateau,8,batch_005,sample_0636,False,0.009495139976993937,0.010857385600031768,0.02481842041015625
loco_plateau,deepsets,44,b005_0387,8de22ed78a2ba566ad5d579cb268e029471143e2f0356e36c926f297c636ec17,plateau,1,batch_005,sample_0637,False,0.009987908155947436,0.0131868342649795,0.03889462351799011
loco_plateau,deepsets,44,b005_0388,7018dd5a29322b02c1632cd20271bff3ce888a19228aa52114aa77b9400eb91b,plateau,10,batch_005,sample_0638,False,0.005866259458612223,0.008205705478430804,0.02568751573562622
loco_plateau,deepsets,44,b005_0391,befff6f241f67d94d7753d00fbb0c58bb90217d18320366e8efddcc6b98d1cf6,plateau,7,batch_005,sample_0639,False,0.009627650446090543,0.011352492480648131,0.016410410404205322
loco_plateau,deepsets,44,b005_0392,c8557ed9f63b99ebd2c6c477e7131c72de41dc16fb5e94bfd97d94fa611c210b,plateau,10,batch_005,sample_0640,False,0.009212297250012883,0.011733324609312616,0.025111854076385498
loco_plateau,deepsets,44,b005_0393,93eb3bacea701426087e75941806b407760420360c2377bbc814db1682f2a1d4,plateau,5,batch_005,sample_0641,False,0.008932965945024959,0.01180043491653889,0.0370708703994751
loco_plateau,deepsets,44,b005_0394,df92d1d4b0476ec691828cb2651348409e75a7cc4379821060d4a774189be132,plateau,9,batch_005,sample_0642,False,0.004631541058665417,0.007065961803793078,0.03432804346084595
loco_plateau,deepsets,44,b005_0395,83ecfc111bb85fd355498ca7b8a4bb47c26e405c679f3515a1aafc4d7cefab6c,plateau,5,batch_005,sample_0643,False,0.015723329342779566,0.017948322190210787,0.03100714087486267
loco_plateau,deepsets,44,b005_0397,c8766140f84f514dc30d7035d42f2067f8e50cef0a1eee335dbb302ad43b3441,plateau,1,batch_005,sample_0644,False,0.009954430529328644,0.012419512243476821,0.030346274375915527
loco_plateau,deepsets,44,b005_0398,c5312b8757553a4ab6a18f87cd43e9086663093a1069e7c08549a0cd2de261d6,plateau,13,batch_005,sample_0645,False,0.010579512256090759,0.015509473988656923,0.01932215690612793
loco_plateau,deepsets,45,b004_0101,cb286dce3fb5e4de9ce7cd24a593b3729810700f461d4dea7e7e806081a6c243,plateau,7,batch_004,sample_0098,False,0.019560165825437327,0.021791623203418483,0.0400887131690979
loco_plateau,deepsets,45,b004_0106,68a631e45d1432b8c277623aa36bd14caa372804b8363ec96ef67ddc8eb20d1c,plateau,3,batch_004,sample_0102,False,0.0061310667727814344,0.008106165152149866,0.020754635334014893
loco_plateau,deepsets,45,b004_0115,f799b5290dd4072521a7449c1abf33ff526f22f67b776e873628d3cbca0ba783,plateau,3,batch_004,sample_0107,False,0.007116877641834197,0.009321945104966551,0.00968015193939209
loco_plateau,deepsets,45,b004_0130,2188740cfe38cf9d440c67431f559d83d2a1ce7ae59ca2bedcf02bb69f466e50,plateau,8,batch_004,sample_0120,False,0.004773485184204383,0.0066544531788093825,0.02090400457382202
loco_plateau,deepsets,45,b004_0136,04889ebdfb5784327f3b9088bf6df01afa628294490b202c173ef0b14838e962,plateau,2,batch_004,sample_0125,False,0.005564800967447093,0.007103620723185341,0.013253659009933472
loco_plateau,deepsets,45,b004_0147,1fa51a6e404fd88eb385d6766311d069515a32e28126ff01697c509152d5f502,plateau,7,batch_004,sample_0131,False,0.008892991015168487,0.012226693282736912,0.01595890522003174
loco_plateau,deepsets,45,b004_0154,aac35af72b9a33754898cad920897b67d2af68b9260ad250b7fcaebd06f32dcc,plateau,8,batch_004,sample_0136,False,0.007237808809417193,0.009885904105132496,0.02324199676513672
loco_plateau,deepsets,45,b004_0155,1d0a46c8f6e17a86034c6bb9d66c4b03d098b69ff514fc02f28ea63be0b42c7e,plateau,6,batch_004,sample_0137,False,0.008649366068058327,0.011633922975472933,0.023394852876663208
loco_plateau,deepsets,45,b004_0163,4873613114b6d71d3a19feac4e2a6cca6a1aea7cedee70e6461fcb308fcd40a1,plateau,8,batch_004,sample_0144,False,0.015196949732108195,0.01748177509501636,0.0267828106880188
loco_plateau,deepsets,45,b004_0166,8acc23b2c14cbb42c17a2dcc988fac65c64813d2829e3784719d447b5ed718b7,plateau,6,batch_004,sample_0146,False,0.00605706656809713,0.007872974569088203,0.018695473670959473
loco_plateau,deepsets,45,b004_0189,83c666a66b41c149f65ddc8bd970a7e25625b9d2da4a74aa495eb63512733e3d,plateau,1,batch_004,sample_0163,False,0.007261791923007027,0.010128425426207486,0.02849477529525757
loco_plateau,deepsets,45,b004_0192,e59076b7dd3091c6a35a126a9200a5d87d04f635db59270bb6abf483a0ca6b6b,plateau,3,batch_004,sample_0166,False,0.007396990280659472,0.008774032053006905,0.019390970468521118
loco_plateau,deepsets,45,b004_0198,36b24bbee6d7a71d6d85eb0f4637e3435adb468ab33422dad8a99a2687c94a43,plateau,3,batch_004,sample_0172,False,0.0048448916097156335,0.00572587721056945,0.00891837477684021
loco_plateau,deepsets,45,b004_0206,0f83d6a5c144dfa616333adc1bd57529c0d4b0a6391f6abd2b3df69ae12643d9,plateau,8,batch_004,sample_0176,False,0.014666139590935628,0.017434519933047954,0.04322180151939392
loco_plateau,deepsets,45,b004_0208,1e7355104cb1bc6623bb84e83c8b136fc6530491967649406726860c46d55882,plateau,3,batch_004,sample_0177,False,0.00961839474859785,0.011181021096148287,0.023068010807037354
loco_plateau,deepsets,45,b004_0209,440c0cdd2e0fa5883c06758ead647f3129254dd10b206bf0c4a01275bc82806b,plateau,7,batch_004,sample_0178,False,0.013963100851559248,0.015796050468654493,0.026893556118011475
loco_plateau,deepsets,45,b004_0226,61bdc1b24112322d60eb9bd84ba71d642a105873858653a3edd7bfe0a5c1b34e,plateau,7,batch_004,sample_0190,False,0.006058299883467252,0.008240338871296115,0.03473246097564697
loco_plateau,deepsets,45,b004_0229,af1d00f7a0b787f92bf6455e06a745c2e040b11b6d56cb70a91a0e9bbecca3e3,plateau,4,batch_004,sample_0193,False,0.006107088422677556,0.008325249995835659,0.02200111746788025
loco_plateau,deepsets,45,b004_0232,c19c313f6ced6796888a79b2f089c97c626a7f821d056d6da34ee52cdd9ede4e,plateau,2,batch_004,sample_0195,False,0.008451886597226878,0.010651689204888628,0.02598288655281067
loco_plateau,deepsets,45,b004_0238,ab344aa6b1603d38f985e697b8d5e23f92cabe2cfdec495cd63bf30832b339b7,plateau,3,batch_004,sample_0201,False,0.007007897633020995,0.010069768379701022,0.03686511516571045
loco_plateau,deepsets,45,b004_0269,4bc4fd552a3fec6bec5222fbe2344ba232c661859418bb0be167915721ee5291,plateau,5,batch_004,sample_0225,False,0.007161092807034977,0.008906813775742407,0.019489943981170654
loco_plateau,deepsets,45,b004_0270,6e734c0ce0d34a99ed4ad267e7228f80d1e1937ed9cfb2a2531b08dd05b3f9f4,plateau,2,batch_004,sample_0226,False,0.006614452136344597,0.008467597291287795,0.023190855979919434
loco_plateau,deepsets,45,b004_0276,7b18e593b02cd8067d1393f0e63f941e25eff1aa515facc3feca5d594c0b32f6,plateau,3,batch_004,sample_0231,False,0.0071139414413053485,0.009248493984282706,0.027856260538101196
loco_plateau,deepsets,45,b004_0280,99c63bb4954aeef83d20697237d20468a2082dc550b92994ed9c8b0d2e53aeb4,plateau,3,batch_004,sample_0235,False,0.008319157007776324,0.010140223393887366,0.02085292339324951
loco_plateau,deepsets,45,b004_0284,315251daf704e2ddebf079b4618bac7ddc803651927693240201fda0ae19713e,plateau,7,batch_004,sample_0238,False,0.012618177982627368,0.014903057122353788,0.018035322427749634
loco_plateau,deepsets,45,b004_0285,538882c9fc437f403f576e9537afa2d0e9d19640d587ec09abf294580a7a5439,plateau,5,batch_004,sample_0239,False,0.009601365103096258,0.012090742813014812,0.02028059959411621
loco_plateau,deepsets,45,b004_0286,1f1d5a524d03753ee50cb34e15a725be31a3f16360c0873f815fa3617c634af9,plateau,2,batch_004,sample_0240,False,0.00825157529506527,0.011597894168268782,0.022775709629058838
loco_plateau,deepsets,45,b004_0291,5cb317353c4e3be13450815c4705cf51b35ccbcd7f9d37f0e177ea0c467b5f57,plateau,1,batch_004,sample_0243,False,0.007471710504567037,0.009317951875237068,0.0162532776594162
loco_plateau,deepsets,45,b004_0298,caa33739bb94bf3e4107ea13ebaefa854b1845ee09a860ac973faad33ffc7834,plateau,5,batch_004,sample_0250,False,0.012160322460971896,0.014454257654488356,0.009636282920837402
loco_plateau,deepsets,45,b004_0303,de67b515620baea3c5921d16c351e24f283039e6be0dbb711689e9c13ccfdcd8,plateau,7,batch_004,sample_0254,False,0.007591034300991746,0.008672580577518291,0.011822313070297241
loco_plateau,deepsets,45,b004_0312,aae428a0b7988c9a08ec2cd887e629b34ead9427365e120773f787d5e67957c1,plateau,8,batch_004,sample_0261,False,0.01244343719521507,0.014438233407732724,0.014833405613899231
loco_plateau,deepsets,45,b004_0328,230d653e29b05c6cac38da6d0de4c13e4f666cbcf2f18fd0f9301c8565cc11a3,plateau,4,batch_004,sample_0274,False,0.0069192232655697185,0.008998021622629027,0.0067102015018463135
loco_plateau,deepsets,45,b004_0335,3af73a16bdf592f38afc48342dd2996cc2332054b38bc004699cef76f2f2027c,plateau,4,batch_004,sample_0278,False,0.01202109260637252,0.01433520565611324,0.038683414459228516
loco_plateau,deepsets,45,b004_0336,b1a27cded5990829ff83324d88a32190c7c9723de6ef9887de3b888774969a57,plateau,1,batch_004,sample_0279,False,0.012095109116835673,0.01602788501125943,0.0258844792842865
loco_plateau,deepsets,45,b004_0367,c318564675cfb510af8b85e2c440c5474c6897ca4e9cdaf29a6217c1c607614e,plateau,5,batch_004,sample_0304,False,0.006607130902712462,0.00847303665804529,0.023289084434509277
loco_plateau,deepsets,45,b004_0378,b10baedc312e4d2d36427845a0f1a1cbffe556d2f64623a9674249752d97956c,plateau,8,batch_004,sample_0313,False,0.007746903805947694,0.009366638433836397,0.03411513566970825
loco_plateau,deepsets,45,b004_0379,c6e6ea944f341106836d770add03411f9b6a1a984c07c96bec5e68fdcf226108,plateau,6,batch_004,sample_0314,False,0.00590010304920009,0.0075662584545324735,0.025761127471923828
loco_plateau,deepsets,45,b004_0385,1669f1f0995158292efaccb221bf4e371f369d987f6008fc5bbb7afeb0d048df,plateau,7,batch_004,sample_0319,False,0.0076391320736681825,0.009444336796094814,0.013879358768463135
loco_plateau,deepsets,45,b004_0387,09be75b148104dc8d00eb69fe791588c388b9ebb3038b53094e45349b135be7d,plateau,8,batch_004,sample_0321,False,0.01245853744569372,0.013869131331356484,0.021478593349456787
loco_plateau,deepsets,45,b005_0318,924387d745bc9120e456294ff4a08ad9a1d65425b1cd2775143ca2ab2f71ce55,plateau,7,batch_005,sample_0582,False,0.011710234597081044,0.013667527641093333,0.028289005160331726
loco_plateau,deepsets,45,b005_0319,800520051cbd61e759abc8ff464d9452f0af7501ab267ce886d3229fe3d764b4,plateau,2,batch_005,sample_0583,False,0.006398764301518925,0.008099667400126277,0.025773584842681885
loco_plateau,deepsets,45,b005_0320,ef3c4b806db3686e52b040856eeaa178271e38922d72178a07cfb1b60c5a9815,plateau,9,batch_005,sample_0584,False,0.009708408144165258,0.01332211896636386,0.02789941430091858
loco_plateau,deepsets,45,b005_0322,dfa2ca4229967a5ccb2b1248146a521a8c13b2c9123ed436514968a5b39c468b,plateau,12,batch_005,sample_0585,False,0.012425166356270431,0.015313227078820215,0.02741682529449463
loco_plateau,deepsets,45,b005_0323,cce3714177813b75d94654611ce899a21ca23c71fe16d59197e83af8d254e95f,plateau,11,batch_005,sample_0586,False,0.007389877907565383,0.00965893054619024,0.021683692932128906
loco_plateau,deepsets,45,b005_0324,27fb8c31fc60138ca610456685ff39808517e467177b4b76e23ad2cc9ef40e79,plateau,3,batch_005,sample_0587,False,0.01025700923360762,0.012565146919036737,0.033426254987716675
loco_plateau,deepsets,45,b005_0325,57c15407e4e74b16ef1107b3fd3d0f28bd18e2d5f422f8887bb3ae4f2ee71cfd,plateau,6,batch_005,sample_0588,False,0.007458750097478022,0.010988288601987233,0.015362560749053955
loco_plateau,deepsets,45,b005_0326,e2760e685a5883648d6d91d72b6f825497ff6177a7ae51fd1d4a4f618192fbd3,plateau,4,batch_005,sample_0589,False,0.013824214349638243,0.016512670963403905,0.031543880701065063
loco_plateau,deepsets,45,b005_0327,c0f2d02506a33f5dad5fa8e5c65ba0f14cdafffb85f55797608be3df54e8cf61,plateau,1,batch_005,sample_0590,False,0.00733454843036464,0.008647422772212783,0.007429927587509155
loco_plateau,deepsets,45,b005_0328,55b4a6a2ff50fc37c4d86d31a2943c392e669602f37411c18ea7e0f718c7a49b,plateau,10,batch_005,sample_0591,False,0.011318814803342351,0.01338186549010376,0.04319983720779419
loco_plateau,deepsets,45,b005_0329,25396912ea3a078cfdcae941ea89787bb0803f1346b6c5c886e75f5af0e4014c,plateau,5,batch_005,sample_0592,False,0.015897468465273498,0.019007352907233627,0.03517511487007141
loco_plateau,deepsets,45,b005_0330,2d2987c8fa8b70de85851fccd3598561568f323c9bc1e48b9082c225851dca74,plateau,7,batch_005,sample_0593,False,0.007113252018318802,0.009215952700243996,0.02299666404724121
loco_plateau,deepsets,45,b005_0331,fe117b09b49c597131e2f6e1b8feb5a597f6b009e1fc51e947e1c4258965cb3a,plateau,8,batch_005,sample_0594,False,0.006809006582518093,0.012893240081480784,0.04127383232116699
loco_plateau,deepsets,45,b005_0332,8ef7167927072aa036a58c5f6faa4277ddbc7c3f91bcb16661ae1d24abac8490,plateau,8,batch_005,sample_0595,False,0.00876861077840211,0.011715128378710736,0.005144238471984863
loco_plateau,deepsets,45,b005_0333,c3c2056eaa15eef1a5f1836e18a193479b6f32b671a8a83de228a107692ada54,plateau,1,batch_005,sample_0596,False,0.006733827659341156,0.009372311943350973,0.0337500274181366
loco_plateau,deepsets,45,b005_0334,3bbd10db0ca1e022a95db792674aa00f019fd5856e68ce360feb007d0fe711f4,plateau,14,batch_005,sample_0597,False,0.011523248841528033,0.013165669940852387,0.022263243794441223
loco_plateau,deepsets,45,b005_0336,0747b020d2d22e1f5e7519b418cc9b8327b7656cbdb5b6a0c84c741abbc0e102,plateau,5,batch_005,sample_0598,False,0.007668809812577044,0.010157132898418113,0.026342928409576416
loco_plateau,deepsets,45,b005_0338,115982b394b483309f71c61baca7ee9f7623a932a8116d9e7603f0819aecb7ce,plateau,11,batch_005,sample_0599,False,0.019833054454600225,0.022479806762472188,0.034680724143981934
loco_plateau,deepsets,45,b005_0339,5a157ab2ed0b98a6d23ad8857e1765864193424d5249af315f29d82bd5969aec,plateau,1,batch_005,sample_0600,False,0.006697389617806576,0.008927342891456996,0.03279295563697815
loco_plateau,deepsets,45,b005_0341,aa391e2b07bdd6168406810253aa95ddc48980e3dc4f63b3df9c1ea6807dbc8e,plateau,9,batch_005,sample_0601,False,0.00642715620457149,0.010338668069659317,0.020771920680999756
loco_plateau,deepsets,45,b005_0344,6eb77d3cd6491920848da180bb4de9dc6bc0b37ef91bd1ab7ff630ab55038dfb,plateau,8,batch_005,sample_0602,False,0.007682903135409121,0.01029927905512237,0.028272509574890137
loco_plateau,deepsets,45,b005_0345,a300e398fad1a0e6431c0978a839d6f5ba716e8b388e8dda603311639de6f280,plateau,4,batch_005,sample_0603,False,0.006718885947446354,0.008633227111038835,0.020779281854629517
loco_plateau,deepsets,45,b005_0346,64090025074679c6ba642a06fb71e932babe2025b967ef6f2f6b1d8f5ad03bba,plateau,7,batch_005,sample_0604,False,0.009422035490880247,0.016832234480223744,0.04522913694381714
loco_plateau,deepsets,45,b005_0347,f351afe68d58358a3632f7f01ae10c313d89f47accf5981900e558140d1bfbff,plateau,8,batch_005,sample_0605,False,0.030463705663798284,0.03361342265433838,0.0448085218667984
loco_plateau,deepsets,45,b005_0348,9047f61e8be36c807011000fd79892f9747fc9f2b5d36e0905a12cc71cf27077,plateau,5,batch_005,sample_0606,False,0.011552598388468633,0.013324975551153797,0.03719031810760498
loco_plateau,deepsets,45,b005_0349,c30ce3c339ea2d458d6b92c6a2de60810ca4393b4b9c7acd9f3e78a68c60481d,plateau,8,batch_005,sample_0607,False,0.008969842502083934,0.012700487758752186,0.03497594594955444
loco_plateau,deepsets,45,b005_0350,1023f3a6c18df8c4890c9d45fa6b65adbbc9733ddc3561c3e25572947e28011e,plateau,4,batch_005,sample_0608,False,0.007694835606657091,0.010514286773516122,0.035100311040878296
loco_plateau,deepsets,45,b005_0351,f915d37994404288414823d1bbb6b5e3931c9ad94ae24b67272d3c8362d85400,plateau,9,batch_005,sample_0609,False,0.008455393011452721,0.010274422763150094,0.03002256155014038
loco_plateau,deepsets,45,b005_0352,5f0ae19a03996e46eda8c90413fc45b8985b85b82d4f47d4a22a10847efdc7d4,plateau,8,batch_005,sample_0610,False,0.013769046449270404,0.016821044290648787,0.03382235765457153
loco_plateau,deepsets,45,b005_0353,05e5a33d12166760b02827e96c5a0446d2d46d0bac028f2a76145a206386e918,plateau,6,batch_005,sample_0611,False,0.006707625555210426,0.0099225661373719,0.03126448392868042
loco_plateau,deepsets,45,b005_0354,fadf7a0b5c1bc2a8d8355725a59dcbd92af98cb7514eabc127842f5c4b4bef47,plateau,8,batch_005,sample_0612,False,0.01235807406120613,0.01638591982323189,0.04520675539970398
loco_plateau,deepsets,45,b005_0355,4d85219246b5dad59cb85d9fa3c1936680c4c9ef047c5cef4218f3b15c1e939c,plateau,4,batch_005,sample_0613,False,0.008542354478210699,0.010454434781731437,0.017406940460205078
loco_plateau,deepsets,45,b005_0356,4d68bdd50ef81490f46d2a8e1897ab3bb663920d094e1cbb0b28ba7113382e88,plateau,2,batch_005,sample_0614,False,0.015207389827634468,0.017878785847174637,0.03303724527359009
loco_plateau,deepsets,45,b005_0359,4c1573f83055d1187f7f6cd3d9baae0038086645d81eee72897606cc9d5c570c,plateau,5,batch_005,sample_0615,False,0.008724937032236427,0.010263415883739453,0.022225379943847656
loco_plateau,deepsets,45,b005_0360,686bd58ef008dcf1a1a7c6f4d10f2f843038b4350a135434e4ccc66a580f0f5d,plateau,8,batch_005,sample_0616,False,0.004744803319211866,0.0059083870866663375,0.014360159635543823
loco_plateau,deepsets,45,b005_0361,96f4761fc6c8f7f70f150f08d1184ebb6ce1b5aaa442426bf462bb08296c1a3b,plateau,8,batch_005,sample_0617,False,0.014459260663048167,0.018840784151230836,0.05918532609939575
loco_plateau,deepsets,45,b005_0362,1afc1c036950d3674b72ba96e3a3beaf89086ebc191f828798460411f6637095,plateau,14,batch_005,sample_0618,False,0.007835540370862992,0.010887357333353671,0.027753978967666626
loco_plateau,deepsets,45,b005_0363,c4e17a05dde40f17497a58db0f20c7fa3893089c99b4e61d2abb1683d73c2708,plateau,3,batch_005,sample_0619,False,0.007806763785784362,0.009313857535997252,0.019048616290092468
loco_plateau,deepsets,45,b005_0364,f789b385523cb681d859a20015bfbe6406d3d1a4e0993fd9931fc56524052232,plateau,7,batch_005,sample_0620,False,0.012322588533651634,0.015407668383070554,0.028417348861694336
loco_plateau,deepsets,45,b005_0365,bf0f2b2de55694fffbc786504dd644ea825c40182b9b220d53b89c8a37ed6c50,plateau,2,batch_005,sample_0621,False,0.011801070671101085,0.01432577281821282,0.041628360748291016
loco_plateau,deepsets,45,b005_0366,ff9baf0d1ecf79479db89955f4239351d1d12145c830cf12c7c6743740bef107,plateau,1,batch_005,sample_0622,False,0.010743029049185455,0.01451388309780403,0.05184715986251831
loco_plateau,deepsets,45,b005_0367,55ae06c4d49e4f4bca3994c646b4a4477cbe684a94491baec3ccacaf8913cdc4,plateau,6,batch_005,sample_0623,False,0.00673557207232616,0.009194969355854316,0.022728055715560913
loco_plateau,deepsets,45,b005_0369,3d7c1523d7f7a701ba8c8c8653f377b8bce5dcb75dd5e777fc37ea2547a10cd1,plateau,11,batch_005,sample_0624,False,0.01676913363034608,0.018736616266539715,0.03055405616760254
loco_plateau,deepsets,45,b005_0370,02430a0e963a0b380b2bc0d082219d1cf06081fa567fed08f912ffa7dfe10051,plateau,5,batch_005,sample_0625,False,0.010027861008878614,0.013277474834805363,0.016181230545043945
loco_plateau,deepsets,45,b005_0374,e78a3e8bf3a5373c93d1d439c82fbdadf0d6d220b3240b14bb5f3bc3f6e4f09a,plateau,1,batch_005,sample_0626,False,0.01107305899018147,0.014043896189296318,0.02688223123550415
loco_plateau,deepsets,45,b005_0376,e2cf5195bd63a11d9d1ca2e66c51888dcca34e1ae84251c784a18a3f37096e59,plateau,3,batch_005,sample_0627,False,0.012355760839141782,0.01416101241851448,0.029325783252716064
loco_plateau,deepsets,45,b005_0377,3f7f8648f1cca1b0bde98bd8dd3709da82b522777e245fb04f2e547d74fb458c,plateau,3,batch_005,sample_0628,False,0.013890124246722362,0.015923638885690483,0.02881687879562378
loco_plateau,deepsets,45,b005_0378,046e2b649304ef7368e59229d0d93e66e7a45cef80450c188bed4c2d3d1fdc8d,plateau,11,batch_005,sample_0629,False,0.009370543184827586,0.011121804280637727,0.027716457843780518
loco_plateau,deepsets,45,b005_0379,1f409b6e03f9441ff3c5c3fc66e0db956031025ffca1702ed23e99238b6229c9,plateau,15,batch_005,sample_0630,False,0.01735575497150421,0.01928515726803943,0.022779345512390137
loco_plateau,deepsets,45,b005_0380,9373bd39ad3438c8b68e44ed9913af85cc6aa4598a1d16ee56e8aa54d6b7e8ad,plateau,7,batch_005,sample_0631,False,0.007590031465057467,0.01065024844414805,0.013025522232055664
loco_plateau,deepsets,45,b005_0381,69369739915ea5865caaa0a97202deb36c3f5d9d99624a932280b9ccaec1ad7a,plateau,8,batch_005,sample_0632,False,0.011209288092910266,0.013507232634804611,0.012251675128936768
loco_plateau,deepsets,45,b005_0382,2d2b38ecba4efd0196a13bbe391dd3bf0713ebf5519032458d2874f9b5b799ea,plateau,6,batch_005,sample_0633,False,0.0063658525220683364,0.007993147508667208,0.020725786685943604
loco_plateau,deepsets,45,b005_0383,c3f96572b536df535317375fdc5e4706ac369468646788bb728a81d80ebbf8cd,plateau,9,batch_005,sample_0634,False,0.02516023588717961,0.028150230901885287,0.05158676207065582
loco_plateau,deepsets,45,b005_0384,4f787d72c2991ce6d0932240e622e61affe479a7fa2dd35ab8bcdc5923ff28ed,plateau,13,batch_005,sample_0635,False,0.021114237728666087,0.025484869247378084,0.0613284707069397
loco_plateau,deepsets,45,b005_0386,301947d5dbc16fbb140de6b8a02a472b8129263d9f0a15b48f047dc956897100,plateau,8,batch_005,sample_0636,False,0.007496226151458552,0.009798386041016963,0.01657843589782715
loco_plateau,deepsets,45,b005_0387,8de22ed78a2ba566ad5d579cb268e029471143e2f0356e36c926f297c636ec17,plateau,1,batch_005,sample_0637,False,0.010943393940564062,0.013122240880026365,0.03839007019996643
loco_plateau,deepsets,45,b005_0388,7018dd5a29322b02c1632cd20271bff3ce888a19228aa52114aa77b9400eb91b,plateau,10,batch_005,sample_0638,False,0.008078765307293564,0.010410049810516315,0.028628110885620117
loco_plateau,deepsets,45,b005_0391,befff6f241f67d94d7753d00fbb0c58bb90217d18320366e8efddcc6b98d1cf6,plateau,7,batch_005,sample_0639,False,0.006268907155169815,0.009296933691029782,0.017395734786987305
loco_plateau,deepsets,45,b005_0392,c8557ed9f63b99ebd2c6c477e7131c72de41dc16fb5e94bfd97d94fa611c210b,plateau,10,batch_005,sample_0640,False,0.006652394034823433,0.008363809762550174,0.017695248126983643
loco_plateau,deepsets,45,b005_0393,93eb3bacea701426087e75941806b407760420360c2377bbc814db1682f2a1d4,plateau,5,batch_005,sample_0641,False,0.013424745348633313,0.016200474313685483,0.0398944616317749
loco_plateau,deepsets,45,b005_0394,df92d1d4b0476ec691828cb2651348409e75a7cc4379821060d4a774189be132,plateau,9,batch_005,sample_0642,False,0.00627830197088054,0.00855018722379682,0.04012799263000488
loco_plateau,deepsets,45,b005_0395,83ecfc111bb85fd355498ca7b8a4bb47c26e405c679f3515a1aafc4d7cefab6c,plateau,5,batch_005,sample_0643,False,0.020527154940073608,0.025943521959494596,0.05299711227416992
loco_plateau,deepsets,45,b005_0397,c8766140f84f514dc30d7035d42f2067f8e50cef0a1eee335dbb302ad43b3441,plateau,1,batch_005,sample_0644,False,0.008933877602952426,0.01132241906162063,0.03571644425392151
loco_plateau,deepsets,45,b005_0398,c5312b8757553a4ab6a18f87cd43e9086663093a1069e7c08549a0cd2de261d6,plateau,13,batch_005,sample_0645,False,0.01312729374307101,0.01831094293576441,0.02338087558746338
loco_plateau,deepsets,46,b004_0101,cb286dce3fb5e4de9ce7cd24a593b3729810700f461d4dea7e7e806081a6c243,plateau,7,batch_004,sample_0098,False,0.013846431843570022,0.01621266293982628,0.03850942850112915
loco_plateau,deepsets,46,b004_0106,68a631e45d1432b8c277623aa36bd14caa372804b8363ec96ef67ddc8eb20d1c,plateau,3,batch_004,sample_0102,False,0.006281001279588605,0.00852053285158576,0.02228984236717224
loco_plateau,deepsets,46,b004_0115,f799b5290dd4072521a7449c1abf33ff526f22f67b776e873628d3cbca0ba783,plateau,3,batch_004,sample_0107,False,0.0055840601686571465,0.007875186137509822,0.00711667537689209
loco_plateau,deepsets,46,b004_0130,2188740cfe38cf9d440c67431f559d83d2a1ce7ae59ca2bedcf02bb69f466e50,plateau,8,batch_004,sample_0120,False,0.005285488899613991,0.007058031178572681,0.0167371928691864
loco_plateau,deepsets,46,b004_0136,04889ebdfb5784327f3b9088bf6df01afa628294490b202c173ef0b14838e962,plateau,2,batch_004,sample_0125,False,0.00585088494126914,0.007251561445450955,0.020777225494384766
loco_plateau,deepsets,46,b004_0147,1fa51a6e404fd88eb385d6766311d069515a32e28126ff01697c509152d5f502,plateau,7,batch_004,sample_0131,False,0.0074444032716946525,0.01103521465326705,0.014605611562728882
loco_plateau,deepsets,46,b004_0154,aac35af72b9a33754898cad920897b67d2af68b9260ad250b7fcaebd06f32dcc,plateau,8,batch_004,sample_0136,False,0.00794553707857601,0.010383622311185281,0.02642601728439331
loco_plateau,deepsets,46,b004_0155,1d0a46c8f6e17a86034c6bb9d66c4b03d098b69ff514fc02f28ea63be0b42c7e,plateau,6,batch_004,sample_0137,False,0.008254676080140912,0.010300427469121454,0.017941594123840332
loco_plateau,deepsets,46,b004_0163,4873613114b6d71d3a19feac4e2a6cca6a1aea7cedee70e6461fcb308fcd40a1,plateau,8,batch_004,sample_0144,False,0.012723470809029752,0.014436699188873019,0.02977728843688965
loco_plateau,deepsets,46,b004_0166,8acc23b2c14cbb42c17a2dcc988fac65c64813d2829e3784719d447b5ed718b7,plateau,6,batch_004,sample_0146,False,0.009228474536880117,0.012086210909125822,0.03093770146369934
loco_plateau,deepsets,46,b004_0189,83c666a66b41c149f65ddc8bd970a7e25625b9d2da4a74aa495eb63512733e3d,plateau,1,batch_004,sample_0163,False,0.006814527218459082,0.009493664591548087,0.01967674493789673
loco_plateau,deepsets,46,b004_0192,e59076b7dd3091c6a35a126a9200a5d87d04f635db59270bb6abf483a0ca6b6b,plateau,3,batch_004,sample_0166,False,0.007223000108707147,0.00940885912848564,0.024349212646484375
loco_plateau,deepsets,46,b004_0198,36b24bbee6d7a71d6d85eb0f4637e3435adb468ab33422dad8a99a2687c94a43,plateau,3,batch_004,sample_0172,False,0.009332430961190677,0.011048681015237016,0.010370969772338867
loco_plateau,deepsets,46,b004_0206,0f83d6a5c144dfa616333adc1bd57529c0d4b0a6391f6abd2b3df69ae12643d9,plateau,8,batch_004,sample_0176,False,0.0160581999626316,0.01932636572641096,0.04465475678443909
loco_plateau,deepsets,46,b004_0208,1e7355104cb1bc6623bb84e83c8b136fc6530491967649406726860c46d55882,plateau,3,batch_004,sample_0177,False,0.00615146707315914,0.00829496489960564,0.020977377891540527
loco_plateau,deepsets,46,b004_0209,440c0cdd2e0fa5883c06758ead647f3129254dd10b206bf0c4a01275bc82806b,plateau,7,batch_004,sample_0178,False,0.011706815391290383,0.013141096348723997,0.02368888258934021
loco_plateau,deepsets,46,b004_0226,61bdc1b24112322d60eb9bd84ba71d642a105873858653a3edd7bfe0a5c1b34e,plateau,7,batch_004,sample_0190,False,0.0067364759132510325,0.008551875314156855,0.026512622833251953
loco_plateau,deepsets,46,b004_0229,af1d00f7a0b787f92bf6455e06a745c2e040b11b6d56cb70a91a0e9bbecca3e3,plateau,4,batch_004,sample_0193,False,0.007201631843555169,0.010499194931409973,0.032798588275909424
loco_plateau,deepsets,46,b004_0232,c19c313f6ced6796888a79b2f089c97c626a7f821d056d6da34ee52cdd9ede4e,plateau,2,batch_004,sample_0195,False,0.007784022415270571,0.010886707111330919,0.016716957092285156
loco_plateau,deepsets,46,b004_0238,ab344aa6b1603d38f985e697b8d5e23f92cabe2cfdec495cd63bf30832b339b7,plateau,3,batch_004,sample_0201,False,0.005531808086594597,0.007558586127340337,0.02820754051208496
loco_plateau,deepsets,46,b004_0269,4bc4fd552a3fec6bec5222fbe2344ba232c661859418bb0be167915721ee5291,plateau,5,batch_004,sample_0225,False,0.008177750911868986,0.010189492470776147,0.022609740495681763
loco_plateau,deepsets,46,b004_0270,6e734c0ce0d34a99ed4ad267e7228f80d1e1937ed9cfb2a2531b08dd05b3f9f4,plateau,2,batch_004,sample_0226,False,0.006821454731655903,0.009144999808075836,0.02407318353652954
loco_plateau,deepsets,46,b004_0276,7b18e593b02cd8067d1393f0e63f941e25eff1aa515facc3feca5d594c0b32f6,plateau,3,batch_004,sample_0231,False,0.00772551129587361,0.009942017057875547,0.028914690017700195
loco_plateau,deepsets,46,b004_0280,99c63bb4954aeef83d20697237d20468a2082dc550b92994ed9c8b0d2e53aeb4,plateau,3,batch_004,sample_0235,False,0.006676689950657673,0.00852932437223568,0.018564939498901367
loco_plateau,deepsets,46,b004_0284,315251daf704e2ddebf079b4618bac7ddc803651927693240201fda0ae19713e,plateau,7,batch_004,sample_0238,False,0.012582349484084083,0.014499619244552625,0.021942049264907837
loco_plateau,deepsets,46,b004_0285,538882c9fc437f403f576e9537afa2d0e9d19640d587ec09abf294580a7a5439,plateau,5,batch_004,sample_0239,False,0.010920906408888395,0.014051489947898699,0.02072608470916748
loco_plateau,deepsets,46,b004_0286,1f1d5a524d03753ee50cb34e15a725be31a3f16360c0873f815fa3617c634af9,plateau,2,batch_004,sample_0240,False,0.007070189922070894,0.009377453999041566,0.028100430965423584
loco_plateau,deepsets,46,b004_0291,5cb317353c4e3be13450815c4705cf51b35ccbcd7f9d37f0e177ea0c467b5f57,plateau,1,batch_004,sample_0243,False,0.007908173210796763,0.010066644057564625,0.027662605047225952
loco_plateau,deepsets,46,b004_0298,caa33739bb94bf3e4107ea13ebaefa854b1845ee09a860ac973faad33ffc7834,plateau,5,batch_004,sample_0250,False,0.013768889376374542,0.01570007396314083,0.010831892490386963
loco_plateau,deepsets,46,b004_0303,de67b515620baea3c5921d16c351e24f283039e6be0dbb711689e9c13ccfdcd8,plateau,7,batch_004,sample_0254,False,0.006108653838517236,0.00732073935172744,0.015567034482955933
loco_plateau,deepsets,46,b004_0312,aae428a0b7988c9a08ec2cd887e629b34ead9427365e120773f787d5e67957c1,plateau,8,batch_004,sample_0261,False,0.013413529171318304,0.014626380835892745,0.014042824506759644
loco_plateau,deepsets,46,b004_0328,230d653e29b05c6cac38da6d0de4c13e4f666cbcf2f18fd0f9301c8565cc11a3,plateau,4,batch_004,sample_0274,False,0.007338408747168838,0.010254180514505098,0.011933356523513794
loco_plateau,deepsets,46,b004_0335,3af73a16bdf592f38afc48342dd2996cc2332054b38bc004699cef76f2f2027c,plateau,4,batch_004,sample_0278,False,0.009023982726159643,0.011433426230343866,0.026710212230682373
loco_plateau,deepsets,46,b004_0336,b1a27cded5990829ff83324d88a32190c7c9723de6ef9887de3b888774969a57,plateau,1,batch_004,sample_0279,False,0.011325021503401584,0.014825017194122258,0.01600828766822815
loco_plateau,deepsets,46,b004_0367,c318564675cfb510af8b85e2c440c5474c6897ca4e9cdaf29a6217c1c607614e,plateau,5,batch_004,sample_0304,False,0.00728008322051314,0.009575605205203971,0.030582010746002197
loco_plateau,deepsets,46,b004_0378,b10baedc312e4d2d36427845a0f1a1cbffe556d2f64623a9674249752d97956c,plateau,8,batch_004,sample_0313,False,0.008897794441121524,0.010754218369987033,0.03231996297836304
loco_plateau,deepsets,46,b004_0379,c6e6ea944f341106836d770add03411f9b6a1a984c07c96bec5e68fdcf226108,plateau,6,batch_004,sample_0314,False,0.005208363726002271,0.006935930036183692,0.01819288730621338
loco_plateau,deepsets,46,b004_0385,1669f1f0995158292efaccb221bf4e371f369d987f6008fc5bbb7afeb0d048df,plateau,7,batch_004,sample_0319,False,0.006925020305836787,0.008857098912333937,0.02076876163482666
loco_plateau,deepsets,46,b004_0387,09be75b148104dc8d00eb69fe791588c388b9ebb3038b53094e45349b135be7d,plateau,8,batch_004,sample_0321,False,0.0124953030074229,0.014388764510297766,0.025741279125213623
loco_plateau,deepsets,46,b005_0318,924387d745bc9120e456294ff4a08ad9a1d65425b1cd2775143ca2ab2f71ce55,plateau,7,batch_005,sample_0582,False,0.010748350229419645,0.013321631501238025,0.02906423807144165
loco_plateau,deepsets,46,b005_0319,800520051cbd61e759abc8ff464d9452f0af7501ab267ce886d3229fe3d764b4,plateau,2,batch_005,sample_0583,False,0.008257678053418144,0.010323241663887256,0.02594137191772461
loco_plateau,deepsets,46,b005_0320,ef3c4b806db3686e52b040856eeaa178271e38922d72178a07cfb1b60c5a9815,plateau,9,batch_005,sample_0584,False,0.00848640721352374,0.011710398957017972,0.026395857334136963
loco_plateau,deepsets,46,b005_0322,dfa2ca4229967a5ccb2b1248146a521a8c13b2c9123ed436514968a5b39c468b,plateau,12,batch_005,sample_0585,False,0.0120187837203018,0.015083551385413013,0.021227359771728516
loco_plateau,deepsets,46,b005_0323,cce3714177813b75d94654611ce899a21ca23c71fe16d59197e83af8d254e95f,plateau,11,batch_005,sample_0586,False,0.007511135984639652,0.010190685127463411,0.02910470962524414
loco_plateau,deepsets,46,b005_0324,27fb8c31fc60138ca610456685ff39808517e467177b4b76e23ad2cc9ef40e79,plateau,3,batch_005,sample_0587,False,0.007657725425040136,0.009985348796247328,0.032776087522506714
loco_plateau,deepsets,46,b005_0325,57c15407e4e74b16ef1107b3fd3d0f28bd18e2d5f422f8887bb3ae4f2ee71cfd,plateau,6,batch_005,sample_0588,False,0.009505608531295276,0.011295158008042955,0.018061518669128418
loco_plateau,deepsets,46,b005_0326,e2760e685a5883648d6d91d72b6f825497ff6177a7ae51fd1d4a4f618192fbd3,plateau,4,batch_005,sample_0589,False,0.010942532558788041,0.014358195548375634,0.03891091048717499
loco_plateau,deepsets,46,b005_0327,c0f2d02506a33f5dad5fa8e5c65ba0f14cdafffb85f55797608be3df54e8cf61,plateau,1,batch_005,sample_0590,False,0.005442975485911135,0.006405112248166541,0.009779810905456543
loco_plateau,deepsets,46,b005_0328,55b4a6a2ff50fc37c4d86d31a2943c392e669602f37411c18ea7e0f718c7a49b,plateau,10,batch_005,sample_0591,False,0.014928303781102915,0.01776814754772929,0.05157119035720825
loco_plateau,deepsets,46,b005_0329,25396912ea3a078cfdcae941ea89787bb0803f1346b6c5c886e75f5af0e4014c,plateau,5,batch_005,sample_0592,False,0.0121330662828977,0.013222596632197388,0.023815453052520752
loco_plateau,deepsets,46,b005_0330,2d2987c8fa8b70de85851fccd3598561568f323c9bc1e48b9082c225851dca74,plateau,7,batch_005,sample_0593,False,0.006784964536057144,0.008842792790398391,0.02132144570350647
loco_plateau,deepsets,46,b005_0331,fe117b09b49c597131e2f6e1b8feb5a597f6b009e1fc51e947e1c4258965cb3a,plateau,8,batch_005,sample_0594,False,0.005983629554021554,0.011949790910716665,0.04278486967086792
loco_plateau,deepsets,46,b005_0332,8ef7167927072aa036a58c5f6faa4277ddbc7c3f91bcb16661ae1d24abac8490,plateau,8,batch_005,sample_0595,False,0.00736360032050336,0.008966472492026343,0.020136773586273193
loco_plateau,deepsets,46,b005_0333,c3c2056eaa15eef1a5f1836e18a193479b6f32b671a8a83de228a107692ada54,plateau,1,batch_005,sample_0596,False,0.006907122911976986,0.008926308756566864,0.026534169912338257
loco_plateau,deepsets,46,b005_0334,3bbd10db0ca1e022a95db792674aa00f019fd5856e68ce360feb007d0fe711f4,plateau,14,batch_005,sample_0597,False,0.014450532735371198,0.01663063565060402,0.03260204195976257
loco_plateau,deepsets,46,b005_0336,0747b020d2d22e1f5e7519b418cc9b8327b7656cbdb5b6a0c84c741abbc0e102,plateau,5,batch_005,sample_0598,False,0.0053927165562989285,0.007236209142801741,0.022593379020690918
loco_plateau,deepsets,46,b005_0338,115982b394b483309f71c61baca7ee9f7623a932a8116d9e7603f0819aecb7ce,plateau,11,batch_005,sample_0599,False,0.019224944173312577,0.02121119073901688,0.05302858352661133
loco_plateau,deepsets,46,b005_0339,5a157ab2ed0b98a6d23ad8857e1765864193424d5249af315f29d82bd5969aec,plateau,1,batch_005,sample_0600,False,0.0068196080869338555,0.009290560137444798,0.030995965003967285
loco_plateau,deepsets,46,b005_0341,aa391e2b07bdd6168406810253aa95ddc48980e3dc4f63b3df9c1ea6807dbc8e,plateau,9,batch_005,sample_0601,False,0.008235044044549347,0.01221833149949116,0.018141865730285645
loco_plateau,deepsets,46,b005_0344,6eb77d3cd6491920848da180bb4de9dc6bc0b37ef91bd1ab7ff630ab55038dfb,plateau,8,batch_005,sample_0602,False,0.006803341576310455,0.011371483942621252,0.042149364948272705
loco_plateau,deepsets,46,b005_0345,a300e398fad1a0e6431c0978a839d6f5ba716e8b388e8dda603311639de6f280,plateau,4,batch_005,sample_0603,False,0.007037822828918207,0.008979164636823628,0.022739171981811523
loco_plateau,deepsets,46,b005_0346,64090025074679c6ba642a06fb71e932babe2025b967ef6f2f6b1d8f5ad03bba,plateau,7,batch_005,sample_0604,False,0.00880078311826362,0.01594521179179064,0.03199660778045654
loco_plateau,deepsets,46,b005_0347,f351afe68d58358a3632f7f01ae10c313d89f47accf5981900e558140d1bfbff,plateau,8,batch_005,sample_0605,False,0.03124413346169425,0.03397323730724435,0.04945202171802521
loco_plateau,deepsets,46,b005_0348,9047f61e8be36c807011000fd79892f9747fc9f2b5d36e0905a12cc71cf27077,plateau,5,batch_005,sample_0606,False,0.009148374199867249,0.013283796111727088,0.045263320207595825
loco_plateau,deepsets,46,b005_0349,c30ce3c339ea2d458d6b92c6a2de60810ca4393b4b9c7acd9f3e78a68c60481d,plateau,8,batch_005,sample_0607,False,0.011071266606450081,0.015671055647181444,0.04304051399230957
loco_plateau,deepsets,46,b005_0350,1023f3a6c18df8c4890c9d45fa6b65adbbc9733ddc3561c3e25572947e28011e,plateau,4,batch_005,sample_0608,False,0.009564780004200388,0.012935134168971869,0.03776337206363678
loco_plateau,deepsets,46,b005_0351,f915d37994404288414823d1bbb6b5e3931c9ad94ae24b67272d3c8362d85400,plateau,9,batch_005,sample_0609,False,0.00880864561825502,0.010733916369849512,0.029770195484161377
loco_plateau,deepsets,46,b005_0352,5f0ae19a03996e46eda8c90413fc45b8985b85b82d4f47d4a22a10847efdc7d4,plateau,8,batch_005,sample_0610,False,0.007767557242854697,0.010208732885336648,0.021931618452072144
loco_plateau,deepsets,46,b005_0353,05e5a33d12166760b02827e96c5a0446d2d46d0bac028f2a76145a206386e918,plateau,6,batch_005,sample_0611,False,0.008289825720865219,0.009693403565859042,0.027452468872070312
loco_plateau,deepsets,46,b005_0354,fadf7a0b5c1bc2a8d8355725a59dcbd92af98cb7514eabc127842f5c4b4bef47,plateau,8,batch_005,sample_0612,False,0.016493613846966477,0.020493241996282892,0.04960900545120239
loco_plateau,deepsets,46,b005_0355,4d85219246b5dad59cb85d9fa3c1936680c4c9ef047c5cef4218f3b15c1e939c,plateau,4,batch_005,sample_0613,False,0.010599567020525698,0.012724060479718137,0.009007573127746582
loco_plateau,deepsets,46,b005_0356,4d68bdd50ef81490f46d2a8e1897ab3bb663920d094e1cbb0b28ba7113382e88,plateau,2,batch_005,sample_0614,False,0.013353669741114632,0.015639689830395456,0.037417829036712646
loco_plateau,deepsets,46,b005_0359,4c1573f83055d1187f7f6cd3d9baae0038086645d81eee72897606cc9d5c570c,plateau,5,batch_005,sample_0615,False,0.006260929201714328,0.008283099294322199,0.02061253786087036
loco_plateau,deepsets,46,b005_0360,686bd58ef008dcf1a1a7c6f4d10f2f843038b4350a135434e4ccc66a580f0f5d,plateau,8,batch_005,sample_0616,False,0.009030795366060539,0.01033724767514792,0.010218977928161621
loco_plateau,deepsets,46,b005_0361,96f4761fc6c8f7f70f150f08d1184ebb6ce1b5aaa442426bf462bb08296c1a3b,plateau,8,batch_005,sample_0617,False,0.010276895138572474,0.01654561897816113,0.0576171875
loco_plateau,deepsets,46,b005_0362,1afc1c036950d3674b72ba96e3a3beaf89086ebc191f828798460411f6637095,plateau,14,batch_005,sample_0618,False,0.009375369451085075,0.011739851729062535,0.03010845184326172
loco_plateau,deepsets,46,b005_0363,c4e17a05dde40f17497a58db0f20c7fa3893089c99b4e61d2abb1683d73c2708,plateau,3,batch_005,sample_0619,False,0.0075089809347371585,0.009213384865745364,0.018323123455047607
loco_plateau,deepsets,46,b005_0364,f789b385523cb681d859a20015bfbe6406d3d1a4e0993fd9931fc56524052232,plateau,7,batch_005,sample_0620,False,0.008915955903100186,0.013254953315811717,0.027149200439453125
loco_plateau,deepsets,46,b005_0365,bf0f2b2de55694fffbc786504dd644ea825c40182b9b220d53b89c8a37ed6c50,plateau,2,batch_005,sample_0621,False,0.010751417059390271,0.013838596864966982,0.0353432297706604
loco_plateau,deepsets,46,b005_0366,ff9baf0d1ecf79479db89955f4239351d1d12145c830cf12c7c6743740bef107,plateau,1,batch_005,sample_0622,False,0.0074158197299378815,0.009952211318119353,0.03816354274749756
loco_plateau,deepsets,46,b005_0367,55ae06c4d49e4f4bca3994c646b4a4477cbe684a94491baec3ccacaf8913cdc4,plateau,6,batch_005,sample_0623,False,0.006454362793535483,0.00862170581305775,0.022821694612503052
loco_plateau,deepsets,46,b005_0369,3d7c1523d7f7a701ba8c8c8653f377b8bce5dcb75dd5e777fc37ea2547a10cd1,plateau,11,batch_005,sample_0624,False,0.013004626162716599,0.015685931513609308,0.05449169874191284
loco_plateau,deepsets,46,b005_0370,02430a0e963a0b380b2bc0d082219d1cf06081fa567fed08f912ffa7dfe10051,plateau,5,batch_005,sample_0625,False,0.008046806591456054,0.011535562636940142,0.015208601951599121
loco_plateau,deepsets,46,b005_0374,e78a3e8bf3a5373c93d1d439c82fbdadf0d6d220b3240b14bb5f3bc3f6e4f09a,plateau,1,batch_005,sample_0626,False,0.00803717164719691,0.009746159799035457,0.01697048544883728
loco_plateau,deepsets,46,b005_0376,e2cf5195bd63a11d9d1ca2e66c51888dcca34e1ae84251c784a18a3f37096e59,plateau,3,batch_005,sample_0627,False,0.008994523680112401,0.011345665980614258,0.027306973934173584
loco_plateau,deepsets,46,b005_0377,3f7f8648f1cca1b0bde98bd8dd3709da82b522777e245fb04f2e547d74fb458c,plateau,3,batch_005,sample_0628,False,0.007328771665448048,0.009150952666670526,0.02134573459625244
loco_plateau,deepsets,46,b005_0378,046e2b649304ef7368e59229d0d93e66e7a45cef80450c188bed4c2d3d1fdc8d,plateau,11,batch_005,sample_0629,False,0.010592605491153529,0.01236052398156124,0.02457362413406372
loco_plateau,deepsets,46,b005_0379,1f409b6e03f9441ff3c5c3fc66e0db956031025ffca1702ed23e99238b6229c9,plateau,15,batch_005,sample_0630,False,0.01704086485456248,0.018633216077488225,0.018918097019195557
loco_plateau,deepsets,46,b005_0380,9373bd39ad3438c8b68e44ed9913af85cc6aa4598a1d16ee56e8aa54d6b7e8ad,plateau,7,batch_005,sample_0631,False,0.007080345307705832,0.009637749889456038,0.02355937659740448
loco_plateau,deepsets,46,b005_0381,69369739915ea5865caaa0a97202deb36c3f5d9d99624a932280b9ccaec1ad7a,plateau,8,batch_005,sample_0632,False,0.00950261046651934,0.011211401761499859,0.0071416497230529785
loco_plateau,deepsets,46,b005_0382,2d2b38ecba4efd0196a13bbe391dd3bf0713ebf5519032458d2874f9b5b799ea,plateau,6,batch_005,sample_0633,False,0.005597083783540569,0.00713421846202293,0.01793655753135681
loco_plateau,deepsets,46,b005_0383,c3f96572b536df535317375fdc5e4706ac369468646788bb728a81d80ebbf8cd,plateau,9,batch_005,sample_0634,False,0.0271197398361124,0.0303980724746322,0.05796222388744354
loco_plateau,deepsets,46,b005_0384,4f787d72c2991ce6d0932240e622e61affe479a7fa2dd35ab8bcdc5923ff28ed,plateau,13,batch_005,sample_0635,False,0.023393836422044723,0.02673970383688797,0.07709181308746338
loco_plateau,deepsets,46,b005_0386,301947d5dbc16fbb140de6b8a02a472b8129263d9f0a15b48f047dc956897100,plateau,8,batch_005,sample_0636,False,0.007093625234775856,0.008490548934654051,0.01866018772125244
loco_plateau,deepsets,46,b005_0387,8de22ed78a2ba566ad5d579cb268e029471143e2f0356e36c926f297c636ec17,plateau,1,batch_005,sample_0637,False,0.008092109022326157,0.01125579568582367,0.03495106101036072
loco_plateau,deepsets,46,b005_0388,7018dd5a29322b02c1632cd20271bff3ce888a19228aa52114aa77b9400eb91b,plateau,10,batch_005,sample_0638,False,0.005846099653204933,0.007720881811685782,0.025451064109802246
loco_plateau,deepsets,46,b005_0391,befff6f241f67d94d7753d00fbb0c58bb90217d18320366e8efddcc6b98d1cf6,plateau,7,batch_005,sample_0639,False,0.0065231710428097205,0.008364124901295834,0.022348225116729736
loco_plateau,deepsets,46,b005_0392,c8557ed9f63b99ebd2c6c477e7131c72de41dc16fb5e94bfd97d94fa611c210b,plateau,10,batch_005,sample_0640,False,0.00772210955619812,0.010191087497344764,0.029707729816436768
loco_plateau,deepsets,46,b005_0393,93eb3bacea701426087e75941806b407760420360c2377bbc814db1682f2a1d4,plateau,5,batch_005,sample_0641,False,0.008862472459918162,0.011324670243632281,0.035286784172058105
loco_plateau,deepsets,46,b005_0394,df92d1d4b0476ec691828cb2651348409e75a7cc4379821060d4a774189be132,plateau,9,batch_005,sample_0642,False,0.004944058471038694,0.007743407215459591,0.03560858964920044
loco_plateau,deepsets,46,b005_0395,83ecfc111bb85fd355498ca7b8a4bb47c26e405c679f3515a1aafc4d7cefab6c,plateau,5,batch_005,sample_0643,False,0.015174650510803599,0.017398911287690534,0.031053602695465088
loco_plateau,deepsets,46,b005_0397,c8766140f84f514dc30d7035d42f2067f8e50cef0a1eee335dbb302ad43b3441,plateau,1,batch_005,sample_0644,False,0.008067562199029767,0.009875012500018722,0.02708461880683899
loco_plateau,deepsets,46,b005_0398,c5312b8757553a4ab6a18f87cd43e9086663093a1069e7c08549a0cd2de261d6,plateau,13,batch_005,sample_0645,False,0.013295726209390358,0.019010658167408837,0.02349570393562317
loco_plateau,capacity_matched_deepsets,42,b004_0101,cb286dce3fb5e4de9ce7cd24a593b3729810700f461d4dea7e7e806081a6c243,plateau,7,batch_004,sample_0098,False,0.01911181773318619,0.021782948183856177,0.04523015022277832
loco_plateau,capacity_matched_deepsets,42,b004_0106,68a631e45d1432b8c277623aa36bd14caa372804b8363ec96ef67ddc8eb20d1c,plateau,3,batch_004,sample_0102,False,0.006296161928626358,0.008890029284705139,0.0197029709815979
loco_plateau,capacity_matched_deepsets,42,b004_0115,f799b5290dd4072521a7449c1abf33ff526f22f67b776e873628d3cbca0ba783,plateau,3,batch_004,sample_0107,False,0.008918406289131915,0.011561204335800082,0.015381693840026855
loco_plateau,capacity_matched_deepsets,42,b004_0130,2188740cfe38cf9d440c67431f559d83d2a1ce7ae59ca2bedcf02bb69f466e50,plateau,8,batch_004,sample_0120,False,0.005829117764703563,0.007708004486531557,0.026843369007110596
loco_plateau,capacity_matched_deepsets,42,b004_0136,04889ebdfb5784327f3b9088bf6df01afa628294490b202c173ef0b14838e962,plateau,2,batch_004,sample_0125,False,0.005994423002493186,0.008128120647655305,0.023338913917541504
loco_plateau,capacity_matched_deepsets,42,b004_0147,1fa51a6e404fd88eb385d6766311d069515a32e28126ff01697c509152d5f502,plateau,7,batch_004,sample_0131,False,0.0090721636766293,0.011854876163077017,0.019372642040252686
loco_plateau,capacity_matched_deepsets,42,b004_0154,aac35af72b9a33754898cad920897b67d2af68b9260ad250b7fcaebd06f32dcc,plateau,8,batch_004,sample_0136,False,0.007470074491422685,0.010409113700193647,0.02606368064880371
loco_plateau,capacity_matched_deepsets,42,b004_0155,1d0a46c8f6e17a86034c6bb9d66c4b03d098b69ff514fc02f28ea63be0b42c7e,plateau,6,batch_004,sample_0137,False,0.01024360930333372,0.012768826439749978,0.027509957551956177
loco_plateau,capacity_matched_deepsets,42,b004_0163,4873613114b6d71d3a19feac4e2a6cca6a1aea7cedee70e6461fcb308fcd40a1,plateau,8,batch_004,sample_0144,False,0.01671656428790483,0.019602543171948643,0.04447740316390991
loco_plateau,capacity_matched_deepsets,42,b004_0166,8acc23b2c14cbb42c17a2dcc988fac65c64813d2829e3784719d447b5ed718b7,plateau,6,batch_004,sample_0146,False,0.005818774404584385,0.0077065852811264825,0.023896753787994385
loco_plateau,capacity_matched_deepsets,42,b004_0189,83c666a66b41c149f65ddc8bd970a7e25625b9d2da4a74aa495eb63512733e3d,plateau,1,batch_004,sample_0163,False,0.007621830115552808,0.010695453811154932,0.02852952480316162
loco_plateau,capacity_matched_deepsets,42,b004_0192,e59076b7dd3091c6a35a126a9200a5d87d04f635db59270bb6abf483a0ca6b6b,plateau,3,batch_004,sample_0166,False,0.007558896221586915,0.008572237020811087,0.016050182282924652
loco_plateau,capacity_matched_deepsets,42,b004_0198,36b24bbee6d7a71d6d85eb0f4637e3435adb468ab33422dad8a99a2687c94a43,plateau,3,batch_004,sample_0172,False,0.006597576510222232,0.008520981519766069,0.012232065200805664
loco_plateau,capacity_matched_deepsets,42,b004_0206,0f83d6a5c144dfa616333adc1bd57529c0d4b0a6391f6abd2b3df69ae12643d9,plateau,8,batch_004,sample_0176,False,0.015733948740802826,0.018400208822591503,0.039973556995391846
loco_plateau,capacity_matched_deepsets,42,b004_0208,1e7355104cb1bc6623bb84e83c8b136fc6530491967649406726860c46d55882,plateau,3,batch_004,sample_0177,False,0.008304982033909345,0.011303188940486573,0.03355926275253296
loco_plateau,capacity_matched_deepsets,42,b004_0209,440c0cdd2e0fa5883c06758ead647f3129254dd10b206bf0c4a01275bc82806b,plateau,7,batch_004,sample_0178,False,0.014558290848966505,0.01602490963590275,0.02708694338798523
loco_plateau,capacity_matched_deepsets,42,b004_0226,61bdc1b24112322d60eb9bd84ba71d642a105873858653a3edd7bfe0a5c1b34e,plateau,7,batch_004,sample_0190,False,0.008463727890468035,0.01011356523551268,0.03397291898727417
loco_plateau,capacity_matched_deepsets,42,b004_0229,af1d00f7a0b787f92bf6455e06a745c2e040b11b6d56cb70a91a0e9bbecca3e3,plateau,4,batch_004,sample_0193,False,0.007594650641816561,0.009205223162418523,0.021298646926879883
loco_plateau,capacity_matched_deepsets,42,b004_0232,c19c313f6ced6796888a79b2f089c97c626a7f821d056d6da34ee52cdd9ede4e,plateau,2,batch_004,sample_0195,False,0.008886945052225082,0.011673299224834042,0.019296377897262573
loco_plateau,capacity_matched_deepsets,42,b004_0238,ab344aa6b1603d38f985e697b8d5e23f92cabe2cfdec495cd63bf30832b339b7,plateau,3,batch_004,sample_0201,False,0.005271079965302202,0.007718368554297928,0.030733942985534668
loco_plateau,capacity_matched_deepsets,42,b004_0269,4bc4fd552a3fec6bec5222fbe2344ba232c661859418bb0be167915721ee5291,plateau,5,batch_004,sample_0225,False,0.007638706291308169,0.009765301539204903,0.01706463098526001
loco_plateau,capacity_matched_deepsets,42,b004_0270,6e734c0ce0d34a99ed4ad267e7228f80d1e1937ed9cfb2a2531b08dd05b3f9f4,plateau,2,batch_004,sample_0226,False,0.006310114850763415,0.007903268841967043,0.01918858289718628
loco_plateau,capacity_matched_deepsets,42,b004_0276,7b18e593b02cd8067d1393f0e63f941e25eff1aa515facc3feca5d594c0b32f6,plateau,3,batch_004,sample_0231,False,0.0072017078150491244,0.009679898657707164,0.0288427472114563
loco_plateau,capacity_matched_deepsets,42,b004_0280,99c63bb4954aeef83d20697237d20468a2082dc550b92994ed9c8b0d2e53aeb4,plateau,3,batch_004,sample_0235,False,0.006853016062838132,0.008701040615460006,0.02342468500137329
loco_plateau,capacity_matched_deepsets,42,b004_0284,315251daf704e2ddebf079b4618bac7ddc803651927693240201fda0ae19713e,plateau,7,batch_004,sample_0238,False,0.015278406074789704,0.01747882981311512,0.02914261817932129
loco_plateau,capacity_matched_deepsets,42,b004_0285,538882c9fc437f403f576e9537afa2d0e9d19640d587ec09abf294580a7a5439,plateau,5,batch_004,sample_0239,False,0.010023202808176885,0.012814559569372991,0.02653634548187256
loco_plateau,capacity_matched_deepsets,42,b004_0286,1f1d5a524d03753ee50cb34e15a725be31a3f16360c0873f815fa3617c634af9,plateau,2,batch_004,sample_0240,False,0.007336912401875511,0.009691526684445666,0.02222651243209839
loco_plateau,capacity_matched_deepsets,42,b004_0291,5cb317353c4e3be13450815c4705cf51b35ccbcd7f9d37f0e177ea0c467b5f57,plateau,1,batch_004,sample_0243,False,0.007202845433207809,0.0092323666393416,0.01659204065799713
loco_plateau,capacity_matched_deepsets,42,b004_0298,caa33739bb94bf3e4107ea13ebaefa854b1845ee09a860ac973faad33ffc7834,plateau,5,batch_004,sample_0250,False,0.010709222711500575,0.012205521836803013,0.015925198793411255
loco_plateau,capacity_matched_deepsets,42,b004_0303,de67b515620baea3c5921d16c351e24f283039e6be0dbb711689e9c13ccfdcd8,plateau,7,batch_004,sample_0254,False,0.008216564772558993,0.00957313867565467,0.015957415103912354
loco_plateau,capacity_matched_deepsets,42,b004_0312,aae428a0b7988c9a08ec2cd887e629b34ead9427365e120773f787d5e67957c1,plateau,8,batch_004,sample_0261,False,0.010909786234136487,0.012583763699498304,0.02442145347595215
loco_plateau,capacity_matched_deepsets,42,b004_0328,230d653e29b05c6cac38da6d0de4c13e4f666cbcf2f18fd0f9301c8565cc11a3,plateau,4,batch_004,sample_0274,False,0.006934192886606592,0.009566115519377081,0.008765459060668945
loco_plateau,capacity_matched_deepsets,42,b004_0335,3af73a16bdf592f38afc48342dd2996cc2332054b38bc004699cef76f2f2027c,plateau,4,batch_004,sample_0278,False,0.0118500504825936,0.013882198243671037,0.03231742978096008
loco_plateau,capacity_matched_deepsets,42,b004_0336,b1a27cded5990829ff83324d88a32190c7c9723de6ef9887de3b888774969a57,plateau,1,batch_004,sample_0279,False,0.010091351192505633,0.013965683504636266,0.019971132278442383
loco_plateau,capacity_matched_deepsets,42,b004_0367,c318564675cfb510af8b85e2c440c5474c6897ca4e9cdaf29a6217c1c607614e,plateau,5,batch_004,sample_0304,False,0.008703527636215335,0.010742274465644706,0.02801114320755005
loco_plateau,capacity_matched_deepsets,42,b004_0378,b10baedc312e4d2d36427845a0f1a1cbffe556d2f64623a9674249752d97956c,plateau,8,batch_004,sample_0313,False,0.00950224605984375,0.01121098253116134,0.03723704814910889
loco_plateau,capacity_matched_deepsets,42,b004_0379,c6e6ea944f341106836d770add03411f9b6a1a984c07c96bec5e68fdcf226108,plateau,6,batch_004,sample_0314,False,0.005990501798567225,0.007572684025560552,0.020101547241210938
loco_plateau,capacity_matched_deepsets,42,b004_0385,1669f1f0995158292efaccb221bf4e371f369d987f6008fc5bbb7afeb0d048df,plateau,7,batch_004,sample_0319,False,0.005912303191716554,0.00862944524255487,0.010972321033477783
loco_plateau,capacity_matched_deepsets,42,b004_0387,09be75b148104dc8d00eb69fe791588c388b9ebb3038b53094e45349b135be7d,plateau,8,batch_004,sample_0321,False,0.012010551622656525,0.013806422075539965,0.027002692222595215
loco_plateau,capacity_matched_deepsets,42,b005_0318,924387d745bc9120e456294ff4a08ad9a1d65425b1cd2775143ca2ab2f71ce55,plateau,7,batch_005,sample_0582,False,0.007613470319841728,0.0110516374370953,0.03708070516586304
loco_plateau,capacity_matched_deepsets,42,b005_0319,800520051cbd61e759abc8ff464d9452f0af7501ab267ce886d3229fe3d764b4,plateau,2,batch_005,sample_0583,False,0.008013151952477753,0.010538094432363603,0.022421061992645264
loco_plateau,capacity_matched_deepsets,42,b005_0320,ef3c4b806db3686e52b040856eeaa178271e38922d72178a07cfb1b60c5a9815,plateau,9,batch_005,sample_0584,False,0.006545406567757247,0.010963334076568958,0.019769489765167236
loco_plateau,capacity_matched_deepsets,42,b005_0322,dfa2ca4229967a5ccb2b1248146a521a8c13b2c9123ed436514968a5b39c468b,plateau,12,batch_005,sample_0585,False,0.013061949219860014,0.015615825180573627,0.02517104148864746
loco_plateau,capacity_matched_deepsets,42,b005_0323,cce3714177813b75d94654611ce899a21ca23c71fe16d59197e83af8d254e95f,plateau,11,batch_005,sample_0586,False,0.0084662100330728,0.01120066980936181,0.029652416706085205
loco_plateau,capacity_matched_deepsets,42,b005_0324,27fb8c31fc60138ca610456685ff39808517e467177b4b76e23ad2cc9ef40e79,plateau,3,batch_005,sample_0587,False,0.009792461502747457,0.012140178334694059,0.028575778007507324
loco_plateau,capacity_matched_deepsets,42,b005_0325,57c15407e4e74b16ef1107b3fd3d0f28bd18e2d5f422f8887bb3ae4f2ee71cfd,plateau,6,batch_005,sample_0588,False,0.007787940077117232,0.01082953529084122,0.010666519403457642
loco_plateau,capacity_matched_deepsets,42,b005_0326,e2760e685a5883648d6d91d72b6f825497ff6177a7ae51fd1d4a4f618192fbd3,plateau,4,batch_005,sample_0589,False,0.009510983102267882,0.011663653535810007,0.025566237047314644
loco_plateau,capacity_matched_deepsets,42,b005_0327,c0f2d02506a33f5dad5fa8e5c65ba0f14cdafffb85f55797608be3df54e8cf61,plateau,1,batch_005,sample_0590,False,0.006854597173753332,0.008705204991634866,0.014034181833267212
loco_plateau,capacity_matched_deepsets,42,b005_0328,55b4a6a2ff50fc37c4d86d31a2943c392e669602f37411c18ea7e0f718c7a49b,plateau,10,batch_005,sample_0591,False,0.01071775179417407,0.012922377154957983,0.04876762628555298
loco_plateau,capacity_matched_deepsets,42,b005_0329,25396912ea3a078cfdcae941ea89787bb0803f1346b6c5c886e75f5af0e4014c,plateau,5,batch_005,sample_0592,False,0.018752033593224696,0.020610397184455218,0.03210356831550598
loco_plateau,capacity_matched_deepsets,42,b005_0330,2d2987c8fa8b70de85851fccd3598561568f323c9bc1e48b9082c225851dca74,plateau,7,batch_005,sample_0593,False,0.0064554252341145375,0.008540697105904068,0.03164029121398926
loco_plateau,capacity_matched_deepsets,42,b005_0331,fe117b09b49c597131e2f6e1b8feb5a597f6b009e1fc51e947e1c4258965cb3a,plateau,8,batch_005,sample_0594,False,0.009775909244037066,0.014727040512894916,0.048342108726501465
loco_plateau,capacity_matched_deepsets,42,b005_0332,8ef7167927072aa036a58c5f6faa4277ddbc7c3f91bcb16661ae1d24abac8490,plateau,8,batch_005,sample_0595,False,0.006689019012646597,0.00849754418727505,0.019657909870147705
loco_plateau,capacity_matched_deepsets,42,b005_0333,c3c2056eaa15eef1a5f1836e18a193479b6f32b671a8a83de228a107692ada54,plateau,1,batch_005,sample_0596,False,0.00836299591865696,0.009911196337977799,0.02468511462211609
loco_plateau,capacity_matched_deepsets,42,b005_0334,3bbd10db0ca1e022a95db792674aa00f019fd5856e68ce360feb007d0fe711f4,plateau,14,batch_005,sample_0597,False,0.0058499213124884935,0.008441902766023645,0.025774121284484863
loco_plateau,capacity_matched_deepsets,42,b005_0336,0747b020d2d22e1f5e7519b418cc9b8327b7656cbdb5b6a0c84c741abbc0e102,plateau,5,batch_005,sample_0598,False,0.005335461409365545,0.007310351986276862,0.02097982168197632
loco_plateau,capacity_matched_deepsets,42,b005_0338,115982b394b483309f71c61baca7ee9f7623a932a8116d9e7603f0819aecb7ce,plateau,11,batch_005,sample_0599,False,0.012735497511801173,0.015184222866517326,0.034767866134643555
loco_plateau,capacity_matched_deepsets,42,b005_0339,5a157ab2ed0b98a6d23ad8857e1765864193424d5249af315f29d82bd5969aec,plateau,1,batch_005,sample_0600,False,0.006021251749308383,0.008603646051878014,0.031547725200653076
loco_plateau,capacity_matched_deepsets,42,b005_0341,aa391e2b07bdd6168406810253aa95ddc48980e3dc4f63b3df9c1ea6807dbc8e,plateau,9,batch_005,sample_0601,False,0.005795870159493118,0.009737289511075114,0.019195377826690674
loco_plateau,capacity_matched_deepsets,42,b005_0344,6eb77d3cd6491920848da180bb4de9dc6bc0b37ef91bd1ab7ff630ab55038dfb,plateau,8,batch_005,sample_0602,False,0.007004795992960696,0.010327181523571606,0.03329116106033325
loco_plateau,capacity_matched_deepsets,42,b005_0345,a300e398fad1a0e6431c0978a839d6f5ba716e8b388e8dda603311639de6f280,plateau,4,batch_005,sample_0603,False,0.005684376007220784,0.007624435360137063,0.031548261642456055
loco_plateau,capacity_matched_deepsets,42,b005_0346,64090025074679c6ba642a06fb71e932babe2025b967ef6f2f6b1d8f5ad03bba,plateau,7,batch_005,sample_0604,False,0.015431169054058731,0.018872819773473676,0.04861462116241455
loco_plateau,capacity_matched_deepsets,42,b005_0347,f351afe68d58358a3632f7f01ae10c313d89f47accf5981900e558140d1bfbff,plateau,8,batch_005,sample_0605,False,0.0300772810568575,0.03334406954511163,0.047492608428001404
loco_plateau,capacity_matched_deepsets,42,b005_0348,9047f61e8be36c807011000fd79892f9747fc9f2b5d36e0905a12cc71cf27077,plateau,5,batch_005,sample_0606,False,0.010314275006778905,0.013286172458425307,0.04388093948364258
loco_plateau,capacity_matched_deepsets,42,b005_0349,c30ce3c339ea2d458d6b92c6a2de60810ca4393b4b9c7acd9f3e78a68c60481d,plateau,8,batch_005,sample_0607,False,0.009990075419916481,0.013557299541487548,0.04082024097442627
loco_plateau,capacity_matched_deepsets,42,b005_0350,1023f3a6c18df8c4890c9d45fa6b65adbbc9733ddc3561c3e25572947e28011e,plateau,4,batch_005,sample_0608,False,0.01019006265235729,0.012682196167979566,0.03650408983230591
loco_plateau,capacity_matched_deepsets,42,b005_0351,f915d37994404288414823d1bbb6b5e3931c9ad94ae24b67272d3c8362d85400,plateau,9,batch_005,sample_0609,False,0.010278211631735817,0.011946304426952646,0.0400884747505188
loco_plateau,capacity_matched_deepsets,42,b005_0352,5f0ae19a03996e46eda8c90413fc45b8985b85b82d4f47d4a22a10847efdc7d4,plateau,8,batch_005,sample_0610,False,0.009661206212200102,0.01234911387270067,0.02702575922012329
loco_plateau,capacity_matched_deepsets,42,b005_0353,05e5a33d12166760b02827e96c5a0446d2d46d0bac028f2a76145a206386e918,plateau,6,batch_005,sample_0611,False,0.006800028510758134,0.00926748354132946,0.03360617160797119
loco_plateau,capacity_matched_deepsets,42,b005_0354,fadf7a0b5c1bc2a8d8355725a59dcbd92af98cb7514eabc127842f5c4b4bef47,plateau,8,batch_005,sample_0612,False,0.013404948545283958,0.016993519923369,0.04386371374130249
loco_plateau,capacity_matched_deepsets,42,b005_0355,4d85219246b5dad59cb85d9fa3c1936680c4c9ef047c5cef4218f3b15c1e939c,plateau,4,batch_005,sample_0613,False,0.0066321216157225315,0.009027720757882376,0.014311641454696655
loco_plateau,capacity_matched_deepsets,42,b005_0356,4d68bdd50ef81490f46d2a8e1897ab3bb663920d094e1cbb0b28ba7113382e88,plateau,2,batch_005,sample_0614,False,0.00596719931383602,0.008060907427935894,0.024109363555908203
loco_plateau,capacity_matched_deepsets,42,b005_0359,4c1573f83055d1187f7f6cd3d9baae0038086645d81eee72897606cc9d5c570c,plateau,5,batch_005,sample_0615,False,0.00838098787992704,0.010345385261380027,0.03111785650253296
loco_plateau,capacity_matched_deepsets,42,b005_0360,686bd58ef008dcf1a1a7c6f4d10f2f843038b4350a135434e4ccc66a580f0f5d,plateau,8,batch_005,sample_0616,False,0.005874515801179605,0.007786855920023658,0.02321869134902954
loco_plateau,capacity_matched_deepsets,42,b005_0361,96f4761fc6c8f7f70f150f08d1184ebb6ce1b5aaa442426bf462bb08296c1a3b,plateau,8,batch_005,sample_0617,False,0.021657982566317575,0.025099472474762893,0.0645553469657898
loco_plateau,capacity_matched_deepsets,42,b005_0362,1afc1c036950d3674b72ba96e3a3beaf89086ebc191f828798460411f6637095,plateau,14,batch_005,sample_0618,False,0.0077943408586939825,0.010680825640905955,0.027133911848068237
loco_plateau,capacity_matched_deepsets,42,b005_0363,c4e17a05dde40f17497a58db0f20c7fa3893089c99b4e61d2abb1683d73c2708,plateau,3,batch_005,sample_0619,False,0.01245395863642458,0.014775529534237856,0.0321924090385437
loco_plateau,capacity_matched_deepsets,42,b005_0364,f789b385523cb681d859a20015bfbe6406d3d1a4e0993fd9931fc56524052232,plateau,7,batch_005,sample_0620,False,0.008184383516428901,0.011516058741685148,0.027724087238311768
loco_plateau,capacity_matched_deepsets,42,b005_0365,bf0f2b2de55694fffbc786504dd644ea825c40182b9b220d53b89c8a37ed6c50,plateau,2,batch_005,sample_0621,False,0.013042010977619985,0.015502050280782753,0.0428767204284668
loco_plateau,capacity_matched_deepsets,42,b005_0366,ff9baf0d1ecf79479db89955f4239351d1d12145c830cf12c7c6743740bef107,plateau,1,batch_005,sample_0622,False,0.010188970775877843,0.013356048505344054,0.03916138410568237
loco_plateau,capacity_matched_deepsets,42,b005_0367,55ae06c4d49e4f4bca3994c646b4a4477cbe684a94491baec3ccacaf8913cdc4,plateau,6,batch_005,sample_0623,False,0.006768712193750945,0.00851618084886051,0.015019267797470093
loco_plateau,capacity_matched_deepsets,42,b005_0369,3d7c1523d7f7a701ba8c8c8653f377b8bce5dcb75dd5e777fc37ea2547a10cd1,plateau,11,batch_005,sample_0624,False,0.014376084335514756,0.017044966484817663,0.045651018619537354
loco_plateau,capacity_matched_deepsets,42,b005_0370,02430a0e963a0b380b2bc0d082219d1cf06081fa567fed08f912ffa7dfe10051,plateau,5,batch_005,sample_0625,False,0.009469985717632731,0.011251964812480385,0.01676994562149048
loco_plateau,capacity_matched_deepsets,42,b005_0374,e78a3e8bf3a5373c93d1d439c82fbdadf0d6d220b3240b14bb5f3bc3f6e4f09a,plateau,1,batch_005,sample_0626,False,0.010683441015540576,0.013120880784914244,0.030831322073936462
loco_plateau,capacity_matched_deepsets,42,b005_0376,e2cf5195bd63a11d9d1ca2e66c51888dcca34e1ae84251c784a18a3f37096e59,plateau,3,batch_005,sample_0627,False,0.008255949763000989,0.011083714706586641,0.026257097721099854
loco_plateau,capacity_matched_deepsets,42,b005_0377,3f7f8648f1cca1b0bde98bd8dd3709da82b522777e245fb04f2e547d74fb458c,plateau,3,batch_005,sample_0628,False,0.00810451048319457,0.00975415529483203,0.013160526752471924
loco_plateau,capacity_matched_deepsets,42,b005_0378,046e2b649304ef7368e59229d0d93e66e7a45cef80450c188bed4c2d3d1fdc8d,plateau,11,batch_005,sample_0629,False,0.005194704796447128,0.0073228720850912615,0.026039838790893555
loco_plateau,capacity_matched_deepsets,42,b005_0379,1f409b6e03f9441ff3c5c3fc66e0db956031025ffca1702ed23e99238b6229c9,plateau,15,batch_005,sample_0630,False,0.01267136022692821,0.01633423183689774,0.02095550298690796
loco_plateau,capacity_matched_deepsets,42,b005_0380,9373bd39ad3438c8b68e44ed9913af85cc6aa4598a1d16ee56e8aa54d6b7e8ad,plateau,7,batch_005,sample_0631,False,0.006766822128022303,0.008996882889570589,0.00904354453086853
loco_plateau,capacity_matched_deepsets,42,b005_0381,69369739915ea5865caaa0a97202deb36c3f5d9d99624a932280b9ccaec1ad7a,plateau,8,batch_005,sample_0632,False,0.00958333176667573,0.012105069016813895,0.014100909233093262
loco_plateau,capacity_matched_deepsets,42,b005_0382,2d2b38ecba4efd0196a13bbe391dd3bf0713ebf5519032458d2874f9b5b799ea,plateau,6,batch_005,sample_0633,False,0.004502930602089303,0.006123874922029654,0.018013477325439453
loco_plateau,capacity_matched_deepsets,42,b005_0383,c3f96572b536df535317375fdc5e4706ac369468646788bb728a81d80ebbf8cd,plateau,9,batch_005,sample_0634,False,0.018054464923553778,0.020372544677726475,0.04005514085292816
loco_plateau,capacity_matched_deepsets,42,b005_0384,4f787d72c2991ce6d0932240e622e61affe479a7fa2dd35ab8bcdc5923ff28ed,plateau,13,batch_005,sample_0635,False,0.014714402009229192,0.01778444015632221,0.06087559461593628
loco_plateau,capacity_matched_deepsets,42,b005_0386,301947d5dbc16fbb140de6b8a02a472b8129263d9f0a15b48f047dc956897100,plateau,8,batch_005,sample_0636,False,0.005543140480752851,0.008014131267069697,0.02565741539001465
loco_plateau,capacity_matched_deepsets,42,b005_0387,8de22ed78a2ba566ad5d579cb268e029471143e2f0356e36c926f297c636ec17,plateau,1,batch_005,sample_0637,False,0.012453604214748398,0.014753174610958696,0.03609707951545715
loco_plateau,capacity_matched_deepsets,42,b005_0388,7018dd5a29322b02c1632cd20271bff3ce888a19228aa52114aa77b9400eb91b,plateau,10,batch_005,sample_0638,False,0.009568789699038521,0.011827503313343217,0.027209222316741943
loco_plateau,capacity_matched_deepsets,42,b005_0391,befff6f241f67d94d7753d00fbb0c58bb90217d18320366e8efddcc6b98d1cf6,plateau,7,batch_005,sample_0639,False,0.007664621242734253,0.009734657377225802,0.016099870204925537
loco_plateau,capacity_matched_deepsets,42,b005_0392,c8557ed9f63b99ebd2c6c477e7131c72de41dc16fb5e94bfd97d94fa611c210b,plateau,10,batch_005,sample_0640,False,0.010331888179310033,0.01258623274572351,0.025521695613861084
loco_plateau,capacity_matched_deepsets,42,b005_0393,93eb3bacea701426087e75941806b407760420360c2377bbc814db1682f2a1d4,plateau,5,batch_005,sample_0641,False,0.009732328233171682,0.01349043633692672,0.03957873582839966
loco_plateau,capacity_matched_deepsets,42,b005_0394,df92d1d4b0476ec691828cb2651348409e75a7cc4379821060d4a774189be132,plateau,9,batch_005,sample_0642,False,0.005893938731951791,0.008494633456733852,0.040835559368133545
loco_plateau,capacity_matched_deepsets,42,b005_0395,83ecfc111bb85fd355498ca7b8a4bb47c26e405c679f3515a1aafc4d7cefab6c,plateau,5,batch_005,sample_0643,False,0.015436478569859365,0.018320297781808777,0.03231099247932434
loco_plateau,capacity_matched_deepsets,42,b005_0397,c8766140f84f514dc30d7035d42f2067f8e50cef0a1eee335dbb302ad43b3441,plateau,1,batch_005,sample_0644,False,0.009323304061029778,0.011901755072500034,0.029099076986312866
loco_plateau,capacity_matched_deepsets,42,b005_0398,c5312b8757553a4ab6a18f87cd43e9086663093a1069e7c08549a0cd2de261d6,plateau,13,batch_005,sample_0645,False,0.01278006444211866,0.018052431348507373,0.021524012088775635
loco_plateau,capacity_matched_deepsets,43,b004_0101,cb286dce3fb5e4de9ce7cd24a593b3729810700f461d4dea7e7e806081a6c243,plateau,7,batch_004,sample_0098,False,0.018261261162210683,0.021140102863905934,0.042871713638305664
loco_plateau,capacity_matched_deepsets,43,b004_0106,68a631e45d1432b8c277623aa36bd14caa372804b8363ec96ef67ddc8eb20d1c,plateau,3,batch_004,sample_0102,False,0.00916357863633359,0.010956014072296965,0.027303844690322876
loco_plateau,capacity_matched_deepsets,43,b004_0115,f799b5290dd4072521a7449c1abf33ff526f22f67b776e873628d3cbca0ba783,plateau,3,batch_004,sample_0107,False,0.007663028406315163,0.009730689875422862,0.015259712934494019
loco_plateau,capacity_matched_deepsets,43,b004_0130,2188740cfe38cf9d440c67431f559d83d2a1ce7ae59ca2bedcf02bb69f466e50,plateau,8,batch_004,sample_0120,False,0.007009099069677415,0.00892351012103529,0.022991538047790527
loco_plateau,capacity_matched_deepsets,43,b004_0136,04889ebdfb5784327f3b9088bf6df01afa628294490b202c173ef0b14838e962,plateau,2,batch_004,sample_0125,False,0.007534156629785163,0.009371370786512978,0.018507421016693115
loco_plateau,capacity_matched_deepsets,43,b004_0147,1fa51a6e404fd88eb385d6766311d069515a32e28126ff01697c509152d5f502,plateau,7,batch_004,sample_0131,False,0.012485310923857768,0.014511973071619924,0.024597778916358948
loco_plateau,capacity_matched_deepsets,43,b004_0154,aac35af72b9a33754898cad920897b67d2af68b9260ad250b7fcaebd06f32dcc,plateau,8,batch_004,sample_0136,False,0.010410908976050674,0.012736144293762148,0.026339411735534668
loco_plateau,capacity_matched_deepsets,43,b004_0155,1d0a46c8f6e17a86034c6bb9d66c4b03d098b69ff514fc02f28ea63be0b42c7e,plateau,6,batch_004,sample_0137,False,0.011159306422608798,0.013776792311858996,0.027344971895217896
loco_plateau,capacity_matched_deepsets,43,b004_0163,4873613114b6d71d3a19feac4e2a6cca6a1aea7cedee70e6461fcb308fcd40a1,plateau,8,batch_004,sample_0144,False,0.01437807131986149,0.016823905564734568,0.02858138084411621
loco_plateau,capacity_matched_deepsets,43,b004_0166,8acc23b2c14cbb42c17a2dcc988fac65c64813d2829e3784719d447b5ed718b7,plateau,6,batch_004,sample_0146,False,0.007499124671592087,0.009139287003411403,0.01956048607826233
loco_plateau,capacity_matched_deepsets,43,b004_0189,83c666a66b41c149f65ddc8bd970a7e25625b9d2da4a74aa495eb63512733e3d,plateau,1,batch_004,sample_0163,False,0.007513197474792356,0.010952761470414647,0.02851921319961548
loco_plateau,capacity_matched_deepsets,43,b004_0192,e59076b7dd3091c6a35a126a9200a5d87d04f635db59270bb6abf483a0ca6b6b,plateau,3,batch_004,sample_0166,False,0.00932957751096272,0.011035667841083209,0.020804226398468018
loco_plateau,capacity_matched_deepsets,43,b004_0198,36b24bbee6d7a71d6d85eb0f4637e3435adb468ab33422dad8a99a2687c94a43,plateau,3,batch_004,sample_0172,False,0.0074880306960129345,0.008877439225725292,0.01680809259414673
loco_plateau,capacity_matched_deepsets,43,b004_0206,0f83d6a5c144dfa616333adc1bd57529c0d4b0a6391f6abd2b3df69ae12643d9,plateau,8,batch_004,sample_0176,False,0.014841976712961665,0.017410047022443424,0.041406989097595215
loco_plateau,capacity_matched_deepsets,43,b004_0208,1e7355104cb1bc6623bb84e83c8b136fc6530491967649406726860c46d55882,plateau,3,batch_004,sample_0177,False,0.010057674446066872,0.012127134842126087,0.028525471687316895
loco_plateau,capacity_matched_deepsets,43,b004_0209,440c0cdd2e0fa5883c06758ead647f3129254dd10b206bf0c4a01275bc82806b,plateau,7,batch_004,sample_0178,False,0.016345625773805085,0.01865789371263135,0.03358584642410278
loco_plateau,capacity_matched_deepsets,43,b004_0226,61bdc1b24112322d60eb9bd84ba71d642a105873858653a3edd7bfe0a5c1b34e,plateau,7,batch_004,sample_0190,False,0.0069138209839336206,0.009202606603349761,0.03171342611312866
loco_plateau,capacity_matched_deepsets,43,b004_0229,af1d00f7a0b787f92bf6455e06a745c2e040b11b6d56cb70a91a0e9bbecca3e3,plateau,4,batch_004,sample_0193,False,0.009051311883281489,0.01113493686584668,0.031993210315704346
loco_plateau,capacity_matched_deepsets,43,b004_0232,c19c313f6ced6796888a79b2f089c97c626a7f821d056d6da34ee52cdd9ede4e,plateau,2,batch_004,sample_0195,False,0.00903853163367412,0.01180252232867005,0.02466517686843872
loco_plateau,capacity_matched_deepsets,43,b004_0238,ab344aa6b1603d38f985e697b8d5e23f92cabe2cfdec495cd63bf30832b339b7,plateau,3,batch_004,sample_0201,False,0.009966234813948146,0.012496916841782103,0.03965198993682861
loco_plateau,capacity_matched_deepsets,43,b004_0269,4bc4fd552a3fec6bec5222fbe2344ba232c661859418bb0be167915721ee5291,plateau,5,batch_004,sample_0225,False,0.007420925331897423,0.009397085847168755,0.01394549012184143
loco_plateau,capacity_matched_deepsets,43,b004_0270,6e734c0ce0d34a99ed4ad267e7228f80d1e1937ed9cfb2a2531b08dd05b3f9f4,plateau,2,batch_004,sample_0226,False,0.010176754694004527,0.012094740241122741,0.028966307640075684
loco_plateau,capacity_matched_deepsets,43,b004_0276,7b18e593b02cd8067d1393f0e63f941e25eff1aa515facc3feca5d594c0b32f6,plateau,3,batch_004,sample_0231,False,0.008537560640299906,0.010639289487578203,0.025502309203147888
loco_plateau,capacity_matched_deepsets,43,b004_0280,99c63bb4954aeef83d20697237d20468a2082dc550b92994ed9c8b0d2e53aeb4,plateau,3,batch_004,sample_0235,False,0.009136948551310867,0.010620779246420589,0.019165515899658203
loco_plateau,capacity_matched_deepsets,43,b004_0284,315251daf704e2ddebf079b4618bac7ddc803651927693240201fda0ae19713e,plateau,7,batch_004,sample_0238,False,0.012026605791732913,0.013552108323885294,0.020820945501327515
loco_plateau,capacity_matched_deepsets,43,b004_0285,538882c9fc437f403f576e9537afa2d0e9d19640d587ec09abf294580a7a5439,plateau,5,batch_004,sample_0239,False,0.009541061813714074,0.011948046821206726,0.02012455463409424
loco_plateau,capacity_matched_deepsets,43,b004_0286,1f1d5a524d03753ee50cb34e15a725be31a3f16360c0873f815fa3617c634af9,plateau,2,batch_004,sample_0240,False,0.00888157806924132,0.011052106825172532,0.028813436627388
loco_plateau,capacity_matched_deepsets,43,b004_0291,5cb317353c4e3be13450815c4705cf51b35ccbcd7f9d37f0e177ea0c467b5f57,plateau,1,batch_004,sample_0243,False,0.006417002162483872,0.008269896661418192,0.02364450693130493
loco_plateau,capacity_matched_deepsets,43,b004_0298,caa33739bb94bf3e4107ea13ebaefa854b1845ee09a860ac973faad33ffc7834,plateau,5,batch_004,sample_0250,False,0.0092695558168849,0.011003714563992144,0.014943897724151611
loco_plateau,capacity_matched_deepsets,43,b004_0303,de67b515620baea3c5921d16c351e24f283039e6be0dbb711689e9c13ccfdcd8,plateau,7,batch_004,sample_0254,False,0.007983680875574956,0.009264901309278888,0.012170866131782532
loco_plateau,capacity_matched_deepsets,43,b004_0312,aae428a0b7988c9a08ec2cd887e629b34ead9427365e120773f787d5e67957c1,plateau,8,batch_004,sample_0261,False,0.010141081253036123,0.012127373101730433,0.025225907564163208
loco_plateau,capacity_matched_deepsets,43,b004_0328,230d653e29b05c6cac38da6d0de4c13e4f666cbcf2f18fd0f9301c8565cc11a3,plateau,4,batch_004,sample_0274,False,0.007188581052373667,0.009063809979335253,0.019905447959899902
loco_plateau,capacity_matched_deepsets,43,b004_0335,3af73a16bdf592f38afc48342dd2996cc2332054b38bc004699cef76f2f2027c,plateau,4,batch_004,sample_0278,False,0.012701708029528132,0.014955298352433699,0.0388360321521759
loco_plateau,capacity_matched_deepsets,43,b004_0336,b1a27cded5990829ff83324d88a32190c7c9723de6ef9887de3b888774969a57,plateau,1,batch_004,sample_0279,False,0.012370811134088234,0.01599696568487939,0.025896281003952026
loco_plateau,capacity_matched_deepsets,43,b004_0367,c318564675cfb510af8b85e2c440c5474c6897ca4e9cdaf29a6217c1c607614e,plateau,5,batch_004,sample_0304,False,0.007615154639619296,0.009611849568603115,0.021796226501464844
loco_plateau,capacity_matched_deepsets,43,b004_0378,b10baedc312e4d2d36427845a0f1a1cbffe556d2f64623a9674249752d97956c,plateau,8,batch_004,sample_0313,False,0.01147368660227197,0.012888008200297346,0.03623461723327637
loco_plateau,capacity_matched_deepsets,43,b004_0379,c6e6ea944f341106836d770add03411f9b6a1a984c07c96bec5e68fdcf226108,plateau,6,batch_004,sample_0314,False,0.007562936085169432,0.009064232063210718,0.022176593542099
loco_plateau,capacity_matched_deepsets,43,b004_0385,1669f1f0995158292efaccb221bf4e371f369d987f6008fc5bbb7afeb0d048df,plateau,7,batch_004,sample_0319,False,0.005575878209755069,0.007252869710679038,0.017021775245666504
loco_plateau,capacity_matched_deepsets,43,b004_0387,09be75b148104dc8d00eb69fe791588c388b9ebb3038b53094e45349b135be7d,plateau,8,batch_004,sample_0321,False,0.014391251274796783,0.01639645248607207,0.026385456323623657
loco_plateau,capacity_matched_deepsets,43,b005_0318,924387d745bc9120e456294ff4a08ad9a1d65425b1cd2775143ca2ab2f71ce55,plateau,7,batch_005,sample_0582,False,0.009900398185995758,0.01283597540579531,0.0370326042175293
loco_plateau,capacity_matched_deepsets,43,b005_0319,800520051cbd61e759abc8ff464d9452f0af7501ab267ce886d3229fe3d764b4,plateau,2,batch_005,sample_0583,False,0.008669411061240024,0.010472517200424329,0.021788716316223145
loco_plateau,capacity_matched_deepsets,43,b005_0320,ef3c4b806db3686e52b040856eeaa178271e38922d72178a07cfb1b60c5a9815,plateau,9,batch_005,sample_0584,False,0.006685826866353144,0.011949281623013522,0.022276073694229126
loco_plateau,capacity_matched_deepsets,43,b005_0322,dfa2ca4229967a5ccb2b1248146a521a8c13b2c9123ed436514968a5b39c468b,plateau,12,batch_005,sample_0585,False,0.011995770403596222,0.015122849890999341,0.02344125509262085
loco_plateau,capacity_matched_deepsets,43,b005_0323,cce3714177813b75d94654611ce899a21ca23c71fe16d59197e83af8d254e95f,plateau,11,batch_005,sample_0586,False,0.008075354773490155,0.01094450750376829,0.03031843900680542
loco_plateau,capacity_matched_deepsets,43,b005_0324,27fb8c31fc60138ca610456685ff39808517e467177b4b76e23ad2cc9ef40e79,plateau,3,batch_005,sample_0587,False,0.007121144992406251,0.008846267789910258,0.027718931436538696
loco_plateau,capacity_matched_deepsets,43,b005_0325,57c15407e4e74b16ef1107b3fd3d0f28bd18e2d5f422f8887bb3ae4f2ee71cfd,plateau,6,batch_005,sample_0588,False,0.007270679488533833,0.009945257184799765,0.015196353197097778
loco_plateau,capacity_matched_deepsets,43,b005_0326,e2760e685a5883648d6d91d72b6f825497ff6177a7ae51fd1d4a4f618192fbd3,plateau,4,batch_005,sample_0589,False,0.009300249720328167,0.012049240407108407,0.032735347747802734
loco_plateau,capacity_matched_deepsets,43,b005_0327,c0f2d02506a33f5dad5fa8e5c65ba0f14cdafffb85f55797608be3df54e8cf61,plateau,1,batch_005,sample_0590,False,0.0061146643806676395,0.0076518267637263075,0.013608872890472412
loco_plateau,capacity_matched_deepsets,43,b005_0328,55b4a6a2ff50fc37c4d86d31a2943c392e669602f37411c18ea7e0f718c7a49b,plateau,10,batch_005,sample_0591,False,0.00961835340398257,0.011424526932499318,0.045321643352508545
loco_plateau,capacity_matched_deepsets,43,b005_0329,25396912ea3a078cfdcae941ea89787bb0803f1346b6c5c886e75f5af0e4014c,plateau,5,batch_005,sample_0592,False,0.014952958607282794,0.016818935514035342,0.030133187770843506
loco_plateau,capacity_matched_deepsets,43,b005_0330,2d2987c8fa8b70de85851fccd3598561568f323c9bc1e48b9082c225851dca74,plateau,7,batch_005,sample_0593,False,0.007334349463220502,0.010044689615234375,0.033648550510406494
loco_plateau,capacity_matched_deepsets,43,b005_0331,fe117b09b49c597131e2f6e1b8feb5a597f6b009e1fc51e947e1c4258965cb3a,plateau,8,batch_005,sample_0594,False,0.009617657141118754,0.013847932749818576,0.041612446308135986
loco_plateau,capacity_matched_deepsets,43,b005_0332,8ef7167927072aa036a58c5f6faa4277ddbc7c3f91bcb16661ae1d24abac8490,plateau,8,batch_005,sample_0595,False,0.006093158829407614,0.008013892743126404,0.015622437000274658
loco_plateau,capacity_matched_deepsets,43,b005_0333,c3c2056eaa15eef1a5f1836e18a193479b6f32b671a8a83de228a107692ada54,plateau,1,batch_005,sample_0596,False,0.007331265167134707,0.009614266237181358,0.03138735890388489
loco_plateau,capacity_matched_deepsets,43,b005_0334,3bbd10db0ca1e022a95db792674aa00f019fd5856e68ce360feb007d0fe711f4,plateau,14,batch_005,sample_0597,False,0.00941693330885934,0.01147770673029464,0.02289515733718872
loco_plateau,capacity_matched_deepsets,43,b005_0336,0747b020d2d22e1f5e7519b418cc9b8327b7656cbdb5b6a0c84c741abbc0e102,plateau,5,batch_005,sample_0598,False,0.005113543057050861,0.007573903177454976,0.024603307247161865
loco_plateau,capacity_matched_deepsets,43,b005_0338,115982b394b483309f71c61baca7ee9f7623a932a8116d9e7603f0819aecb7ce,plateau,11,batch_005,sample_0599,False,0.011514768737261413,0.014134898368348572,0.02924102544784546
loco_plateau,capacity_matched_deepsets,43,b005_0339,5a157ab2ed0b98a6d23ad8857e1765864193424d5249af315f29d82bd5969aec,plateau,1,batch_005,sample_0600,False,0.007794217557692137,0.010052938543641999,0.031371623277664185
loco_plateau,capacity_matched_deepsets,43,b005_0341,aa391e2b07bdd6168406810253aa95ddc48980e3dc4f63b3df9c1ea6807dbc8e,plateau,9,batch_005,sample_0601,False,0.007086061857274321,0.010883997641701297,0.018790602684020996
loco_plateau,capacity_matched_deepsets,43,b005_0344,6eb77d3cd6491920848da180bb4de9dc6bc0b37ef91bd1ab7ff630ab55038dfb,plateau,8,batch_005,sample_0602,False,0.0073219493764345766,0.010114432628498126,0.031098783016204834
loco_plateau,capacity_matched_deepsets,43,b005_0345,a300e398fad1a0e6431c0978a839d6f5ba716e8b388e8dda603311639de6f280,plateau,4,batch_005,sample_0603,False,0.005557462817332784,0.006880101284276646,0.022677242755889893
loco_plateau,capacity_matched_deepsets,43,b005_0346,64090025074679c6ba642a06fb71e932babe2025b967ef6f2f6b1d8f5ad03bba,plateau,7,batch_005,sample_0604,False,0.013269679407115842,0.01723987648923814,0.034211933612823486
loco_plateau,capacity_matched_deepsets,43,b005_0347,f351afe68d58358a3632f7f01ae10c313d89f47accf5981900e558140d1bfbff,plateau,8,batch_005,sample_0605,False,0.02607623267857755,0.02932230244159864,0.04177580773830414
loco_plateau,capacity_matched_deepsets,43,b005_0348,9047f61e8be36c807011000fd79892f9747fc9f2b5d36e0905a12cc71cf27077,plateau,5,batch_005,sample_0606,False,0.010498219093338389,0.01286471255326891,0.038264721632003784
loco_plateau,capacity_matched_deepsets,43,b005_0349,c30ce3c339ea2d458d6b92c6a2de60810ca4393b4b9c7acd9f3e78a68c60481d,plateau,8,batch_005,sample_0607,False,0.009564364695402443,0.013116631414977601,0.03893685340881348
loco_plateau,capacity_matched_deepsets,43,b005_0350,1023f3a6c18df8c4890c9d45fa6b65adbbc9733ddc3561c3e25572947e28011e,plateau,4,batch_005,sample_0608,False,0.009797731933535123,0.012378811022444515,0.035893529653549194
loco_plateau,capacity_matched_deepsets,43,b005_0351,f915d37994404288414823d1bbb6b5e3931c9ad94ae24b67272d3c8362d85400,plateau,9,batch_005,sample_0609,False,0.007560104681331603,0.00914831613696901,0.029117465019226074
loco_plateau,capacity_matched_deepsets,43,b005_0352,5f0ae19a03996e46eda8c90413fc45b8985b85b82d4f47d4a22a10847efdc7d4,plateau,8,batch_005,sample_0610,False,0.010622190403156593,0.013533065185675732,0.03290340304374695
loco_plateau,capacity_matched_deepsets,43,b005_0353,05e5a33d12166760b02827e96c5a0446d2d46d0bac028f2a76145a206386e918,plateau,6,batch_005,sample_0611,False,0.007479527568230863,0.010343436244955175,0.042020559310913086
loco_plateau,capacity_matched_deepsets,43,b005_0354,fadf7a0b5c1bc2a8d8355725a59dcbd92af98cb7514eabc127842f5c4b4bef47,plateau,8,batch_005,sample_0612,False,0.011186028845974656,0.015863820409033922,0.0471917986869812
loco_plateau,capacity_matched_deepsets,43,b005_0355,4d85219246b5dad59cb85d9fa3c1936680c4c9ef047c5cef4218f3b15c1e939c,plateau,4,batch_005,sample_0613,False,0.007152233211720576,0.00947857364964173,0.018973171710968018
loco_plateau,capacity_matched_deepsets,43,b005_0356,4d68bdd50ef81490f46d2a8e1897ab3bb663920d094e1cbb0b28ba7113382e88,plateau,2,batch_005,sample_0614,False,0.007026772518626979,0.009633418851189908,0.03104478120803833
loco_plateau,capacity_matched_deepsets,43,b005_0359,4c1573f83055d1187f7f6cd3d9baae0038086645d81eee72897606cc9d5c570c,plateau,5,batch_005,sample_0615,False,0.010401968676291529,0.01232460355176466,0.027789384126663208
loco_plateau,capacity_matched_deepsets,43,b005_0360,686bd58ef008dcf1a1a7c6f4d10f2f843038b4350a135434e4ccc66a580f0f5d,plateau,8,batch_005,sample_0616,False,0.005192775951057184,0.006815518711122192,0.022037923336029053
loco_plateau,capacity_matched_deepsets,43,b005_0361,96f4761fc6c8f7f70f150f08d1184ebb6ce1b5aaa442426bf462bb08296c1a3b,plateau,8,batch_005,sample_0617,False,0.019166982809051138,0.022472723075134458,0.059682607650756836
loco_plateau,capacity_matched_deepsets,43,b005_0362,1afc1c036950d3674b72ba96e3a3beaf89086ebc191f828798460411f6637095,plateau,14,batch_005,sample_0618,False,0.008311274843137772,0.011350182066530946,0.030566424131393433
loco_plateau,capacity_matched_deepsets,43,b005_0363,c4e17a05dde40f17497a58db0f20c7fa3893089c99b4e61d2abb1683d73c2708,plateau,3,batch_005,sample_0619,False,0.012297422915208535,0.014487393614289211,0.02843557298183441
loco_plateau,capacity_matched_deepsets,43,b005_0364,f789b385523cb681d859a20015bfbe6406d3d1a4e0993fd9931fc56524052232,plateau,7,batch_005,sample_0620,False,0.008908171756345718,0.012523958958387567,0.027365922927856445
loco_plateau,capacity_matched_deepsets,43,b005_0365,bf0f2b2de55694fffbc786504dd644ea825c40182b9b220d53b89c8a37ed6c50,plateau,2,batch_005,sample_0621,False,0.013591684706386973,0.016028442596799645,0.03839424252510071
loco_plateau,capacity_matched_deepsets,43,b005_0366,ff9baf0d1ecf79479db89955f4239351d1d12145c830cf12c7c6743740bef107,plateau,1,batch_005,sample_0622,False,0.01068098647672622,0.014171177815305252,0.0509486198425293
loco_plateau,capacity_matched_deepsets,43,b005_0367,55ae06c4d49e4f4bca3994c646b4a4477cbe684a94491baec3ccacaf8913cdc4,plateau,6,batch_005,sample_0623,False,0.00807543159996877,0.010296881476864327,0.02643011510372162
loco_plateau,capacity_matched_deepsets,43,b005_0369,3d7c1523d7f7a701ba8c8c8653f377b8bce5dcb75dd5e777fc37ea2547a10cd1,plateau,11,batch_005,sample_0624,False,0.013336164052369164,0.015579230780917653,0.036822378635406494
loco_plateau,capacity_matched_deepsets,43,b005_0370,02430a0e963a0b380b2bc0d082219d1cf06081fa567fed08f912ffa7dfe10051,plateau,5,batch_005,sample_0625,False,0.008175367458921964,0.0101547693676807,0.016110897064208984
loco_plateau,capacity_matched_deepsets,43,b005_0374,e78a3e8bf3a5373c93d1d439c82fbdadf0d6d220b3240b14bb5f3bc3f6e4f09a,plateau,1,batch_005,sample_0626,False,0.01105983091182396,0.012947223175018256,0.025852248072624207
loco_plateau,capacity_matched_deepsets,43,b005_0376,e2cf5195bd63a11d9d1ca2e66c51888dcca34e1ae84251c784a18a3f37096e59,plateau,3,batch_005,sample_0627,False,0.012768607342340907,0.014523403480941461,0.03211832046508789
loco_plateau,capacity_matched_deepsets,43,b005_0377,3f7f8648f1cca1b0bde98bd8dd3709da82b522777e245fb04f2e547d74fb458c,plateau,3,batch_005,sample_0628,False,0.0067191006707363445,0.008107761632350441,0.013364791870117188
loco_plateau,capacity_matched_deepsets,43,b005_0378,046e2b649304ef7368e59229d0d93e66e7a45cef80450c188bed4c2d3d1fdc8d,plateau,11,batch_005,sample_0629,False,0.00606749243423587,0.00799536409141471,0.0249825119972229
loco_plateau,capacity_matched_deepsets,43,b005_0379,1f409b6e03f9441ff3c5c3fc66e0db956031025ffca1702ed23e99238b6229c9,plateau,15,batch_005,sample_0630,False,0.009353478423884658,0.012510672390608522,0.01978665590286255
loco_plateau,capacity_matched_deepsets,43,b005_0380,9373bd39ad3438c8b68e44ed9913af85cc6aa4598a1d16ee56e8aa54d6b7e8ad,plateau,7,batch_005,sample_0631,False,0.0074688380614655915,0.009273333371771301,0.015592426061630249
loco_plateau,capacity_matched_deepsets,43,b005_0381,69369739915ea5865caaa0a97202deb36c3f5d9d99624a932280b9ccaec1ad7a,plateau,8,batch_005,sample_0632,False,0.009198100596177773,0.011431611291595378,0.011006414890289307
loco_plateau,capacity_matched_deepsets,43,b005_0382,2d2b38ecba4efd0196a13bbe391dd3bf0713ebf5519032458d2874f9b5b799ea,plateau,6,batch_005,sample_0633,False,0.004278632949610226,0.005260127244024708,0.011406302452087402
loco_plateau,capacity_matched_deepsets,43,b005_0383,c3f96572b536df535317375fdc5e4706ac369468646788bb728a81d80ebbf8cd,plateau,9,batch_005,sample_0634,False,0.01736236583502566,0.020426607546130814,0.0416826456785202
loco_plateau,capacity_matched_deepsets,43,b005_0384,4f787d72c2991ce6d0932240e622e61affe479a7fa2dd35ab8bcdc5923ff28ed,plateau,13,batch_005,sample_0635,False,0.01369982298280372,0.01592089779744951,0.055837392807006836
loco_plateau,capacity_matched_deepsets,43,b005_0386,301947d5dbc16fbb140de6b8a02a472b8129263d9f0a15b48f047dc956897100,plateau,8,batch_005,sample_0636,False,0.007149500192188826,0.009093646982982552,0.020132288336753845
loco_plateau,capacity_matched_deepsets,43,b005_0387,8de22ed78a2ba566ad5d579cb268e029471143e2f0356e36c926f297c636ec17,plateau,1,batch_005,sample_0637,False,0.014345208121860614,0.018828282154641423,0.05133020877838135
loco_plateau,capacity_matched_deepsets,43,b005_0388,7018dd5a29322b02c1632cd20271bff3ce888a19228aa52114aa77b9400eb91b,plateau,10,batch_005,sample_0638,False,0.007549358440227196,0.010143965799192292,0.027117431163787842
loco_plateau,capacity_matched_deepsets,43,b005_0391,befff6f241f67d94d7753d00fbb0c58bb90217d18320366e8efddcc6b98d1cf6,plateau,7,batch_005,sample_0639,False,0.0064751990139484406,0.008693413923461759,0.021405696868896484
loco_plateau,capacity_matched_deepsets,43,b005_0392,c8557ed9f63b99ebd2c6c477e7131c72de41dc16fb5e94bfd97d94fa611c210b,plateau,10,batch_005,sample_0640,False,0.01014620309970418,0.012680218143063401,0.023673951625823975
loco_plateau,capacity_matched_deepsets,43,b005_0393,93eb3bacea701426087e75941806b407760420360c2377bbc814db1682f2a1d4,plateau,5,batch_005,sample_0641,False,0.009618415451440656,0.012995542098236858,0.03650456666946411
loco_plateau,capacity_matched_deepsets,43,b005_0394,df92d1d4b0476ec691828cb2651348409e75a7cc4379821060d4a774189be132,plateau,9,batch_005,sample_0642,False,0.006191249509326747,0.008474643180945556,0.03809833526611328
loco_plateau,capacity_matched_deepsets,43,b005_0395,83ecfc111bb85fd355498ca7b8a4bb47c26e405c679f3515a1aafc4d7cefab6c,plateau,5,batch_005,sample_0643,False,0.014230526128753286,0.016979390488942366,0.030621260404586792
loco_plateau,capacity_matched_deepsets,43,b005_0397,c8766140f84f514dc30d7035d42f2067f8e50cef0a1eee335dbb302ad43b3441,plateau,1,batch_005,sample_0644,False,0.009963782595806435,0.011443363618356548,0.029824882745742798
loco_plateau,capacity_matched_deepsets,43,b005_0398,c5312b8757553a4ab6a18f87cd43e9086663093a1069e7c08549a0cd2de261d6,plateau,13,batch_005,sample_0645,False,0.013740161891843452,0.01760498928045925,0.0194704532623291
loco_plateau,capacity_matched_deepsets,44,b004_0101,cb286dce3fb5e4de9ce7cd24a593b3729810700f461d4dea7e7e806081a6c243,plateau,7,batch_004,sample_0098,False,0.02462748035055692,0.027782979350128873,0.051890432834625244
loco_plateau,capacity_matched_deepsets,44,b004_0106,68a631e45d1432b8c277623aa36bd14caa372804b8363ec96ef67ddc8eb20d1c,plateau,3,batch_004,sample_0102,False,0.007259435951709747,0.010161428100259112,0.023787856101989746
loco_plateau,capacity_matched_deepsets,44,b004_0115,f799b5290dd4072521a7449c1abf33ff526f22f67b776e873628d3cbca0ba783,plateau,3,batch_004,sample_0107,False,0.008219711360384206,0.010951998483197528,0.016077041625976562
loco_plateau,capacity_matched_deepsets,44,b004_0130,2188740cfe38cf9d440c67431f559d83d2a1ce7ae59ca2bedcf02bb69f466e50,plateau,8,batch_004,sample_0120,False,0.006082005249183686,0.008339386649496312,0.023872017860412598
loco_plateau,capacity_matched_deepsets,44,b004_0136,04889ebdfb5784327f3b9088bf6df01afa628294490b202c173ef0b14838e962,plateau,2,batch_004,sample_0125,False,0.006367535070806253,0.008913202369652476,0.01970130205154419
loco_plateau,capacity_matched_deepsets,44,b004_0147,1fa51a6e404fd88eb385d6766311d069515a32e28126ff01697c509152d5f502,plateau,7,batch_004,sample_0131,False,0.009374052957921732,0.011391237742420788,0.019107341766357422
loco_plateau,capacity_matched_deepsets,44,b004_0154,aac35af72b9a33754898cad920897b67d2af68b9260ad250b7fcaebd06f32dcc,plateau,8,batch_004,sample_0136,False,0.008075970789936722,0.011073540965075353,0.02888667583465576
loco_plateau,capacity_matched_deepsets,44,b004_0155,1d0a46c8f6e17a86034c6bb9d66c4b03d098b69ff514fc02f28ea63be0b42c7e,plateau,6,batch_004,sample_0137,False,0.013560508606863803,0.015508933361781167,0.03072492778301239
loco_plateau,capacity_matched_deepsets,44,b004_0163,4873613114b6d71d3a19feac4e2a6cca6a1aea7cedee70e6461fcb308fcd40a1,plateau,8,batch_004,sample_0144,False,0.016517406115766433,0.01951396188147353,0.029788464307785034
loco_plateau,capacity_matched_deepsets,44,b004_0166,8acc23b2c14cbb42c17a2dcc988fac65c64813d2829e3784719d447b5ed718b7,plateau,6,batch_004,sample_0146,False,0.006961753439219271,0.008832188158376246,0.020676791667938232
loco_plateau,capacity_matched_deepsets,44,b004_0189,83c666a66b41c149f65ddc8bd970a7e25625b9d2da4a74aa495eb63512733e3d,plateau,1,batch_004,sample_0163,False,0.009523959677727496,0.013511474216108245,0.03706333041191101
loco_plateau,capacity_matched_deepsets,44,b004_0192,e59076b7dd3091c6a35a126a9200a5d87d04f635db59270bb6abf483a0ca6b6b,plateau,3,batch_004,sample_0166,False,0.007067078144335356,0.00871763697103748,0.014678210020065308
loco_plateau,capacity_matched_deepsets,44,b004_0198,36b24bbee6d7a71d6d85eb0f4637e3435adb468ab33422dad8a99a2687c94a43,plateau,3,batch_004,sample_0172,False,0.006782509569750458,0.009080495166905055,0.011639595031738281
loco_plateau,capacity_matched_deepsets,44,b004_0206,0f83d6a5c144dfa616333adc1bd57529c0d4b0a6391f6abd2b3df69ae12643d9,plateau,8,batch_004,sample_0176,False,0.017367177566543955,0.020384284350177376,0.04715564846992493
loco_plateau,capacity_matched_deepsets,44,b004_0208,1e7355104cb1bc6623bb84e83c8b136fc6530491967649406726860c46d55882,plateau,3,batch_004,sample_0177,False,0.007763753232897305,0.0103786168040679,0.025950729846954346
loco_plateau,capacity_matched_deepsets,44,b004_0209,440c0cdd2e0fa5883c06758ead647f3129254dd10b206bf0c4a01275bc82806b,plateau,7,batch_004,sample_0178,False,0.015951643957466375,0.017895340669398338,0.03271999955177307
loco_plateau,capacity_matched_deepsets,44,b004_0226,61bdc1b24112322d60eb9bd84ba71d642a105873858653a3edd7bfe0a5c1b34e,plateau,7,batch_004,sample_0190,False,0.008834801003581187,0.01098945633993815,0.038849055767059326
loco_plateau,capacity_matched_deepsets,44,b004_0229,af1d00f7a0b787f92bf6455e06a745c2e040b11b6d56cb70a91a0e9bbecca3e3,plateau,4,batch_004,sample_0193,False,0.006310411164017975,0.008959148752301724,0.025365114212036133
loco_plateau,capacity_matched_deepsets,44,b004_0232,c19c313f6ced6796888a79b2f089c97c626a7f821d056d6da34ee52cdd9ede4e,plateau,2,batch_004,sample_0195,False,0.009463934136218712,0.012766616047532653,0.03225567936897278
loco_plateau,capacity_matched_deepsets,44,b004_0238,ab344aa6b1603d38f985e697b8d5e23f92cabe2cfdec495cd63bf30832b339b7,plateau,3,batch_004,sample_0201,False,0.007673964515084126,0.009956136425528435,0.0274466872215271
loco_plateau,capacity_matched_deepsets,44,b004_0269,4bc4fd552a3fec6bec5222fbe2344ba232c661859418bb0be167915721ee5291,plateau,5,batch_004,sample_0225,False,0.009219401439682383,0.01117915097146653,0.02040398120880127
loco_plateau,capacity_matched_deepsets,44,b004_0270,6e734c0ce0d34a99ed4ad267e7228f80d1e1937ed9cfb2a2531b08dd05b3f9f4,plateau,2,batch_004,sample_0226,False,0.007364510207391176,0.008975603220495766,0.019343793392181396
loco_plateau,capacity_matched_deepsets,44,b004_0276,7b18e593b02cd8067d1393f0e63f941e25eff1aa515facc3feca5d594c0b32f6,plateau,3,batch_004,sample_0231,False,0.007724165122528545,0.010526454264393838,0.029509007930755615
loco_plateau,capacity_matched_deepsets,44,b004_0280,99c63bb4954aeef83d20697237d20468a2082dc550b92994ed9c8b0d2e53aeb4,plateau,3,batch_004,sample_0235,False,0.008441944285982945,0.010963796557066812,0.025149047374725342
loco_plateau,capacity_matched_deepsets,44,b004_0284,315251daf704e2ddebf079b4618bac7ddc803651927693240201fda0ae19713e,plateau,7,batch_004,sample_0238,False,0.01456693474386559,0.01649367774177873,0.02719104290008545
loco_plateau,capacity_matched_deepsets,44,b004_0285,538882c9fc437f403f576e9537afa2d0e9d19640d587ec09abf294580a7a5439,plateau,5,batch_004,sample_0239,False,0.009938651665312345,0.013204671842915622,0.0264928936958313
loco_plateau,capacity_matched_deepsets,44,b004_0286,1f1d5a524d03753ee50cb34e15a725be31a3f16360c0873f815fa3617c634af9,plateau,2,batch_004,sample_0240,False,0.007901320997320238,0.010445823262501657,0.022332727909088135
loco_plateau,capacity_matched_deepsets,44,b004_0291,5cb317353c4e3be13450815c4705cf51b35ccbcd7f9d37f0e177ea0c467b5f57,plateau,1,batch_004,sample_0243,False,0.006650409371149344,0.009200046663102443,0.020281746983528137
loco_plateau,capacity_matched_deepsets,44,b004_0298,caa33739bb94bf3e4107ea13ebaefa854b1845ee09a860ac973faad33ffc7834,plateau,5,batch_004,sample_0250,False,0.007920686583049962,0.009627881895966205,0.011699661612510681
loco_plateau,capacity_matched_deepsets,44,b004_0303,de67b515620baea3c5921d16c351e24f283039e6be0dbb711689e9c13ccfdcd8,plateau,7,batch_004,sample_0254,False,0.007971553528895144,0.00980499414237907,0.02190592885017395
loco_plateau,capacity_matched_deepsets,44,b004_0312,aae428a0b7988c9a08ec2cd887e629b34ead9427365e120773f787d5e67957c1,plateau,8,batch_004,sample_0261,False,0.0088420319752615,0.011155798872111908,0.02547137439250946
loco_plateau,capacity_matched_deepsets,44,b004_0328,230d653e29b05c6cac38da6d0de4c13e4f666cbcf2f18fd0f9301c8565cc11a3,plateau,4,batch_004,sample_0274,False,0.005217535146435753,0.00747393272540954,0.011729836463928223
loco_plateau,capacity_matched_deepsets,44,b004_0335,3af73a16bdf592f38afc48342dd2996cc2332054b38bc004699cef76f2f2027c,plateau,4,batch_004,sample_0278,False,0.012394330052078748,0.014704675325759692,0.03598982095718384
loco_plateau,capacity_matched_deepsets,44,b004_0336,b1a27cded5990829ff83324d88a32190c7c9723de6ef9887de3b888774969a57,plateau,1,batch_004,sample_0279,False,0.012673838216750348,0.016746129034826782,0.0342068076133728
loco_plateau,capacity_matched_deepsets,44,b004_0367,c318564675cfb510af8b85e2c440c5474c6897ca4e9cdaf29a6217c1c607614e,plateau,5,batch_004,sample_0304,False,0.009435780957096913,0.012133396698896489,0.032193005084991455
loco_plateau,capacity_matched_deepsets,44,b004_0378,b10baedc312e4d2d36427845a0f1a1cbffe556d2f64623a9674249752d97956c,plateau,8,batch_004,sample_0313,False,0.009105762497323458,0.011395521104425668,0.038147807121276855
loco_plateau,capacity_matched_deepsets,44,b004_0379,c6e6ea944f341106836d770add03411f9b6a1a984c07c96bec5e68fdcf226108,plateau,6,batch_004,sample_0314,False,0.0059399126616657754,0.007715659031010744,0.023560166358947754
loco_plateau,capacity_matched_deepsets,44,b004_0385,1669f1f0995158292efaccb221bf4e371f369d987f6008fc5bbb7afeb0d048df,plateau,7,batch_004,sample_0319,False,0.0052779956919247984,0.006897863892122937,0.011721432209014893
loco_plateau,capacity_matched_deepsets,44,b004_0387,09be75b148104dc8d00eb69fe791588c388b9ebb3038b53094e45349b135be7d,plateau,8,batch_004,sample_0321,False,0.01652923372925305,0.019126761732877987,0.03255784511566162
loco_plateau,capacity_matched_deepsets,44,b005_0318,924387d745bc9120e456294ff4a08ad9a1d65425b1cd2775143ca2ab2f71ce55,plateau,7,batch_005,sample_0582,False,0.01363010362523501,0.016691276312958702,0.040827274322509766
loco_plateau,capacity_matched_deepsets,44,b005_0319,800520051cbd61e759abc8ff464d9452f0af7501ab267ce886d3229fe3d764b4,plateau,2,batch_005,sample_0583,False,0.008928544452933014,0.011627471413295327,0.03277096152305603
loco_plateau,capacity_matched_deepsets,44,b005_0320,ef3c4b806db3686e52b040856eeaa178271e38922d72178a07cfb1b60c5a9815,plateau,9,batch_005,sample_0584,False,0.006188388181025865,0.010819923026666883,0.023463696241378784
loco_plateau,capacity_matched_deepsets,44,b005_0322,dfa2ca4229967a5ccb2b1248146a521a8c13b2c9123ed436514968a5b39c468b,plateau,12,batch_005,sample_0585,False,0.013291108315108253,0.016254757767176362,0.024706482887268066
loco_plateau,capacity_matched_deepsets,44,b005_0323,cce3714177813b75d94654611ce899a21ca23c71fe16d59197e83af8d254e95f,plateau,11,batch_005,sample_0586,False,0.012085229646964152,0.014683753088188563,0.02604728937149048
loco_plateau,capacity_matched_deepsets,44,b005_0324,27fb8c31fc60138ca610456685ff39808517e467177b4b76e23ad2cc9ef40e79,plateau,3,batch_005,sample_0587,False,0.015397500185692897,0.01754824685419126,0.033941805362701416
loco_plateau,capacity_matched_deepsets,44,b005_0325,57c15407e4e74b16ef1107b3fd3d0f28bd18e2d5f422f8887bb3ae4f2ee71cfd,plateau,6,batch_005,sample_0588,False,0.008349413021666105,0.010326506261130367,0.018255621194839478
loco_plateau,capacity_matched_deepsets,44,b005_0326,e2760e685a5883648d6d91d72b6f825497ff6177a7ae51fd1d4a4f618192fbd3,plateau,4,batch_005,sample_0589,False,0.015266138525893454,0.017578114841524793,0.03778578341007233
loco_plateau,capacity_matched_deepsets,44,b005_0327,c0f2d02506a33f5dad5fa8e5c65ba0f14cdafffb85f55797608be3df54e8cf61,plateau,1,batch_005,sample_0590,False,0.007729837884668444,0.010081913930841454,0.021363139152526855
loco_plateau,capacity_matched_deepsets,44,b005_0328,55b4a6a2ff50fc37c4d86d31a2943c392e669602f37411c18ea7e0f718c7a49b,plateau,10,batch_005,sample_0591,False,0.011233039811009267,0.013423955308660048,0.04812711477279663
loco_plateau,capacity_matched_deepsets,44,b005_0329,25396912ea3a078cfdcae941ea89787bb0803f1346b6c5c886e75f5af0e4014c,plateau,5,batch_005,sample_0592,False,0.015492468583779256,0.017111953524730158,0.03305536508560181
loco_plateau,capacity_matched_deepsets,44,b005_0330,2d2987c8fa8b70de85851fccd3598561568f323c9bc1e48b9082c225851dca74,plateau,7,batch_005,sample_0593,False,0.005697056162552756,0.008282796476038953,0.036030352115631104
loco_plateau,capacity_matched_deepsets,44,b005_0331,fe117b09b49c597131e2f6e1b8feb5a597f6b009e1fc51e947e1c4258965cb3a,plateau,8,batch_005,sample_0594,False,0.01082725456503571,0.015523455885566534,0.05810201168060303
loco_plateau,capacity_matched_deepsets,44,b005_0332,8ef7167927072aa036a58c5f6faa4277ddbc7c3f91bcb16661ae1d24abac8490,plateau,8,batch_005,sample_0595,False,0.006547847854309395,0.008609021540691745,0.02010504901409149
loco_plateau,capacity_matched_deepsets,44,b005_0333,c3c2056eaa15eef1a5f1836e18a193479b6f32b671a8a83de228a107692ada54,plateau,1,batch_005,sample_0596,False,0.00720413688753472,0.009287933172922687,0.03234279155731201
loco_plateau,capacity_matched_deepsets,44,b005_0334,3bbd10db0ca1e022a95db792674aa00f019fd5856e68ce360feb007d0fe711f4,plateau,14,batch_005,sample_0597,False,0.00926250536910823,0.011027523838213737,0.023297667503356934
loco_plateau,capacity_matched_deepsets,44,b005_0336,0747b020d2d22e1f5e7519b418cc9b8327b7656cbdb5b6a0c84c741abbc0e102,plateau,5,batch_005,sample_0598,False,0.006588008071555466,0.008859959219858445,0.023295938968658447
loco_plateau,capacity_matched_deepsets,44,b005_0338,115982b394b483309f71c61baca7ee9f7623a932a8116d9e7603f0819aecb7ce,plateau,11,batch_005,sample_0599,False,0.011336424311653513,0.014501689729553572,0.031902432441711426
loco_plateau,capacity_matched_deepsets,44,b005_0339,5a157ab2ed0b98a6d23ad8857e1765864193424d5249af315f29d82bd5969aec,plateau,1,batch_005,sample_0600,False,0.008440325800024096,0.011937841274036149,0.042900800704956055
loco_plateau,capacity_matched_deepsets,44,b005_0341,aa391e2b07bdd6168406810253aa95ddc48980e3dc4f63b3df9c1ea6807dbc8e,plateau,9,batch_005,sample_0601,False,0.006053070247661872,0.00976030377277682,0.018886446952819824
loco_plateau,capacity_matched_deepsets,44,b005_0344,6eb77d3cd6491920848da180bb4de9dc6bc0b37ef91bd1ab7ff630ab55038dfb,plateau,8,batch_005,sample_0602,False,0.010730067237478788,0.013078468003853339,0.031156599521636963
loco_plateau,capacity_matched_deepsets,44,b005_0345,a300e398fad1a0e6431c0978a839d6f5ba716e8b388e8dda603311639de6f280,plateau,4,batch_005,sample_0603,False,0.005770507406015865,0.007596026587605555,0.03088998794555664
loco_plateau,capacity_matched_deepsets,44,b005_0346,64090025074679c6ba642a06fb71e932babe2025b967ef6f2f6b1d8f5ad03bba,plateau,7,batch_005,sample_0604,False,0.015235394666917989,0.0193153460210434,0.053036272525787354
loco_plateau,capacity_matched_deepsets,44,b005_0347,f351afe68d58358a3632f7f01ae10c313d89f47accf5981900e558140d1bfbff,plateau,8,batch_005,sample_0605,False,0.03546097215081825,0.03972857288736312,0.05326300114393234
loco_plateau,capacity_matched_deepsets,44,b005_0348,9047f61e8be36c807011000fd79892f9747fc9f2b5d36e0905a12cc71cf27077,plateau,5,batch_005,sample_0606,False,0.009004857452189336,0.011721106231013943,0.03411439061164856
loco_plateau,capacity_matched_deepsets,44,b005_0349,c30ce3c339ea2d458d6b92c6a2de60810ca4393b4b9c7acd9f3e78a68c60481d,plateau,8,batch_005,sample_0607,False,0.01175423109995537,0.01454728390550174,0.03973132371902466
loco_plateau,capacity_matched_deepsets,44,b005_0350,1023f3a6c18df8c4890c9d45fa6b65adbbc9733ddc3561c3e25572947e28011e,plateau,4,batch_005,sample_0608,False,0.00829638088824319,0.010609000256080229,0.02779810130596161
loco_plateau,capacity_matched_deepsets,44,b005_0351,f915d37994404288414823d1bbb6b5e3931c9ad94ae24b67272d3c8362d85400,plateau,9,batch_005,sample_0609,False,0.007083579287177227,0.009266869449351213,0.034947097301483154
loco_plateau,capacity_matched_deepsets,44,b005_0352,5f0ae19a03996e46eda8c90413fc45b8985b85b82d4f47d4a22a10847efdc7d4,plateau,8,batch_005,sample_0610,False,0.01624895754407664,0.018554904650031113,0.03106778860092163
loco_plateau,capacity_matched_deepsets,44,b005_0353,05e5a33d12166760b02827e96c5a0446d2d46d0bac028f2a76145a206386e918,plateau,6,batch_005,sample_0611,False,0.01053219349657903,0.012676316547589456,0.037577033042907715
loco_plateau,capacity_matched_deepsets,44,b005_0354,fadf7a0b5c1bc2a8d8355725a59dcbd92af98cb7514eabc127842f5c4b4bef47,plateau,8,batch_005,sample_0612,False,0.013375663855036751,0.01826026167934253,0.049051254987716675
loco_plateau,capacity_matched_deepsets,44,b005_0355,4d85219246b5dad59cb85d9fa3c1936680c4c9ef047c5cef4218f3b15c1e939c,plateau,4,batch_005,sample_0613,False,0.006570004293175995,0.008634726029444722,0.019489586353302002
loco_plateau,capacity_matched_deepsets,44,b005_0356,4d68bdd50ef81490f46d2a8e1897ab3bb663920d094e1cbb0b28ba7113382e88,plateau,2,batch_005,sample_0614,False,0.01143839711048564,0.013016292420919244,0.03133058547973633
loco_plateau,capacity_matched_deepsets,44,b005_0359,4c1573f83055d1187f7f6cd3d9baae0038086645d81eee72897606cc9d5c570c,plateau,5,batch_005,sample_0615,False,0.009436632735563106,0.011981343139998423,0.03582483530044556
loco_plateau,capacity_matched_deepsets,44,b005_0360,686bd58ef008dcf1a1a7c6f4d10f2f843038b4350a135434e4ccc66a580f0f5d,plateau,8,batch_005,sample_0616,False,0.006872399786456687,0.00939678204146501,0.025309503078460693
loco_plateau,capacity_matched_deepsets,44,b005_0361,96f4761fc6c8f7f70f150f08d1184ebb6ce1b5aaa442426bf462bb08296c1a3b,plateau,8,batch_005,sample_0617,False,0.024959954692692052,0.028706087405948582,0.08187931776046753
loco_plateau,capacity_matched_deepsets,44,b005_0362,1afc1c036950d3674b72ba96e3a3beaf89086ebc191f828798460411f6637095,plateau,14,batch_005,sample_0618,False,0.011375746277512097,0.01314168359489881,0.02983725070953369
loco_plateau,capacity_matched_deepsets,44,b005_0363,c4e17a05dde40f17497a58db0f20c7fa3893089c99b4e61d2abb1683d73c2708,plateau,3,batch_005,sample_0619,False,0.013901654814110428,0.016453069482860086,0.029168322682380676
loco_plateau,capacity_matched_deepsets,44,b005_0364,f789b385523cb681d859a20015bfbe6406d3d1a4e0993fd9931fc56524052232,plateau,7,batch_005,sample_0620,False,0.009470823846879552,0.01351487086903004,0.026601850986480713
loco_plateau,capacity_matched_deepsets,44,b005_0365,bf0f2b2de55694fffbc786504dd644ea825c40182b9b220d53b89c8a37ed6c50,plateau,2,batch_005,sample_0621,False,0.011712336882216031,0.014241576184621114,0.02773367427289486
loco_plateau,capacity_matched_deepsets,44,b005_0366,ff9baf0d1ecf79479db89955f4239351d1d12145c830cf12c7c6743740bef107,plateau,1,batch_005,sample_0622,False,0.013591051712387898,0.01711145036340968,0.04103153944015503
loco_plateau,capacity_matched_deepsets,44,b005_0367,55ae06c4d49e4f4bca3994c646b4a4477cbe684a94491baec3ccacaf8913cdc4,plateau,6,batch_005,sample_0623,False,0.006626176968461178,0.008493525304408295,0.023196041584014893
loco_plateau,capacity_matched_deepsets,44,b005_0369,3d7c1523d7f7a701ba8c8c8653f377b8bce5dcb75dd5e777fc37ea2547a10cd1,plateau,11,batch_005,sample_0624,False,0.014318115154250723,0.017690305396296506,0.03848278522491455
loco_plateau,capacity_matched_deepsets,44,b005_0370,02430a0e963a0b380b2bc0d082219d1cf06081fa567fed08f912ffa7dfe10051,plateau,5,batch_005,sample_0625,False,0.008644093988371676,0.010895803109564605,0.01821357011795044
loco_plateau,capacity_matched_deepsets,44,b005_0374,e78a3e8bf3a5373c93d1d439c82fbdadf0d6d220b3240b14bb5f3bc3f6e4f09a,plateau,1,batch_005,sample_0626,False,0.01151997950233397,0.014284355001106735,0.032163143157958984
loco_plateau,capacity_matched_deepsets,44,b005_0376,e2cf5195bd63a11d9d1ca2e66c51888dcca34e1ae84251c784a18a3f37096e59,plateau,3,batch_005,sample_0627,False,0.010706124002816246,0.012912721310152572,0.03142732381820679
loco_plateau,capacity_matched_deepsets,44,b005_0377,3f7f8648f1cca1b0bde98bd8dd3709da82b522777e245fb04f2e547d74fb458c,plateau,3,batch_005,sample_0628,False,0.007719278824133951,0.009389801138132448,0.009174764156341553
loco_plateau,capacity_matched_deepsets,44,b005_0378,046e2b649304ef7368e59229d0d93e66e7a45cef80450c188bed4c2d3d1fdc8d,plateau,11,batch_005,sample_0629,False,0.009161765458153897,0.010636965815642664,0.02560478448867798
loco_plateau,capacity_matched_deepsets,44,b005_0379,1f409b6e03f9441ff3c5c3fc66e0db956031025ffca1702ed23e99238b6229c9,plateau,15,batch_005,sample_0630,False,0.009201459464479665,0.013122649432261423,0.020391225814819336
loco_plateau,capacity_matched_deepsets,44,b005_0380,9373bd39ad3438c8b68e44ed9913af85cc6aa4598a1d16ee56e8aa54d6b7e8ad,plateau,7,batch_005,sample_0631,False,0.00671575633717365,0.008691831631334334,0.012993082404136658
loco_plateau,capacity_matched_deepsets,44,b005_0381,69369739915ea5865caaa0a97202deb36c3f5d9d99624a932280b9ccaec1ad7a,plateau,8,batch_005,sample_0632,False,0.008445908788774834,0.010057897478504989,0.018364742398262024
loco_plateau,capacity_matched_deepsets,44,b005_0382,2d2b38ecba4efd0196a13bbe391dd3bf0713ebf5519032458d2874f9b5b799ea,plateau,6,batch_005,sample_0633,False,0.006789763442805556,0.008126078348632089,0.019649803638458252
loco_plateau,capacity_matched_deepsets,44,b005_0383,c3f96572b536df535317375fdc5e4706ac369468646788bb728a81d80ebbf8cd,plateau,9,batch_005,sample_0634,False,0.020766946868818314,0.02335553566310676,0.04542006552219391
loco_plateau,capacity_matched_deepsets,44,b005_0384,4f787d72c2991ce6d0932240e622e61affe479a7fa2dd35ab8bcdc5923ff28ed,plateau,13,batch_005,sample_0635,False,0.012431425882167503,0.015479389202866473,0.060311198234558105
loco_plateau,capacity_matched_deepsets,44,b005_0386,301947d5dbc16fbb140de6b8a02a472b8129263d9f0a15b48f047dc956897100,plateau,8,batch_005,sample_0636,False,0.011083105548483426,0.012596739314966349,0.02577883005142212
loco_plateau,capacity_matched_deepsets,44,b005_0387,8de22ed78a2ba566ad5d579cb268e029471143e2f0356e36c926f297c636ec17,plateau,1,batch_005,sample_0637,False,0.01384935909729512,0.017026198455451325,0.048437416553497314
loco_plateau,capacity_matched_deepsets,44,b005_0388,7018dd5a29322b02c1632cd20271bff3ce888a19228aa52114aa77b9400eb91b,plateau,10,batch_005,sample_0638,False,0.007135376456331034,0.009750355660992749,0.027108371257781982
loco_plateau,capacity_matched_deepsets,44,b005_0391,befff6f241f67d94d7753d00fbb0c58bb90217d18320366e8efddcc6b98d1cf6,plateau,7,batch_005,sample_0639,False,0.007166047259920933,0.009094005400234993,0.020864367485046387
loco_plateau,capacity_matched_deepsets,44,b005_0392,c8557ed9f63b99ebd2c6c477e7131c72de41dc16fb5e94bfd97d94fa611c210b,plateau,10,batch_005,sample_0640,False,0.010905785394496605,0.01350421907112171,0.02449619770050049
loco_plateau,capacity_matched_deepsets,44,b005_0393,93eb3bacea701426087e75941806b407760420360c2377bbc814db1682f2a1d4,plateau,5,batch_005,sample_0641,False,0.015973769006181936,0.019183747275412142,0.04653722047805786
loco_plateau,capacity_matched_deepsets,44,b005_0394,df92d1d4b0476ec691828cb2651348409e75a7cc4379821060d4a774189be132,plateau,9,batch_005,sample_0642,False,0.009649685171783948,0.011490022613230384,0.040032148361206055
loco_plateau,capacity_matched_deepsets,44,b005_0395,83ecfc111bb85fd355498ca7b8a4bb47c26e405c679f3515a1aafc4d7cefab6c,plateau,5,batch_005,sample_0643,False,0.01978610797983701,0.02412277443000745,0.040104418992996216
loco_plateau,capacity_matched_deepsets,44,b005_0397,c8766140f84f514dc30d7035d42f2067f8e50cef0a1eee335dbb302ad43b3441,plateau,1,batch_005,sample_0644,False,0.01130540180401724,0.014872915682282209,0.04237458109855652
loco_plateau,capacity_matched_deepsets,44,b005_0398,c5312b8757553a4ab6a18f87cd43e9086663093a1069e7c08549a0cd2de261d6,plateau,13,batch_005,sample_0645,False,0.010287110922766513,0.016277752602645402,0.020657718181610107
loco_plateau,capacity_matched_deepsets,45,b004_0101,cb286dce3fb5e4de9ce7cd24a593b3729810700f461d4dea7e7e806081a6c243,plateau,7,batch_004,sample_0098,False,0.02351997670580129,0.026483786340155097,0.0505681037902832
loco_plateau,capacity_matched_deepsets,45,b004_0106,68a631e45d1432b8c277623aa36bd14caa372804b8363ec96ef67ddc8eb20d1c,plateau,3,batch_004,sample_0102,False,0.006895403759401353,0.009535998896146453,0.025976181030273438
loco_plateau,capacity_matched_deepsets,45,b004_0115,f799b5290dd4072521a7449c1abf33ff526f22f67b776e873628d3cbca0ba783,plateau,3,batch_004,sample_0107,False,0.005556509143016378,0.008025333037931395,0.013540327548980713
loco_plateau,capacity_matched_deepsets,45,b004_0130,2188740cfe38cf9d440c67431f559d83d2a1ce7ae59ca2bedcf02bb69f466e50,plateau,8,batch_004,sample_0120,False,0.005215873056259312,0.007245646657510681,0.020355403423309326
loco_plateau,capacity_matched_deepsets,45,b004_0136,04889ebdfb5784327f3b9088bf6df01afa628294490b202c173ef0b14838e962,plateau,2,batch_004,sample_0125,False,0.006556864644660324,0.009050505370983938,0.03719758987426758
loco_plateau,capacity_matched_deepsets,45,b004_0147,1fa51a6e404fd88eb385d6766311d069515a32e28126ff01697c509152d5f502,plateau,7,batch_004,sample_0131,False,0.010442489971880053,0.012534593404432297,0.020022213459014893
loco_plateau,capacity_matched_deepsets,45,b004_0154,aac35af72b9a33754898cad920897b67d2af68b9260ad250b7fcaebd06f32dcc,plateau,8,batch_004,sample_0136,False,0.007996973749555525,0.010315942162963321,0.025328338146209717
loco_plateau,capacity_matched_deepsets,45,b004_0155,1d0a46c8f6e17a86034c6bb9d66c4b03d098b69ff514fc02f28ea63be0b42c7e,plateau,6,batch_004,sample_0137,False,0.00872089750454074,0.011416351801308018,0.02479894459247589
loco_plateau,capacity_matched_deepsets,45,b004_0163,4873613114b6d71d3a19feac4e2a6cca6a1aea7cedee70e6461fcb308fcd40a1,plateau,8,batch_004,sample_0144,False,0.01782230055723034,0.020397006688495273,0.042896389961242676
loco_plateau,capacity_matched_deepsets,45,b004_0166,8acc23b2c14cbb42c17a2dcc988fac65c64813d2829e3784719d447b5ed718b7,plateau,6,batch_004,sample_0146,False,0.008670094865755956,0.011045242753867084,0.02638453245162964
loco_plateau,capacity_matched_deepsets,45,b004_0189,83c666a66b41c149f65ddc8bd970a7e25625b9d2da4a74aa495eb63512733e3d,plateau,1,batch_004,sample_0163,False,0.009965268559143191,0.012653764398489144,0.029730618000030518
loco_plateau,capacity_matched_deepsets,45,b004_0192,e59076b7dd3091c6a35a126a9200a5d87d04f635db59270bb6abf483a0ca6b6b,plateau,3,batch_004,sample_0166,False,0.006946482741441883,0.008465654215813025,0.02258417010307312
loco_plateau,capacity_matched_deepsets,45,b004_0198,36b24bbee6d7a71d6d85eb0f4637e3435adb468ab33422dad8a99a2687c94a43,plateau,3,batch_004,sample_0172,False,0.006065170418043606,0.007296194698300107,0.015259623527526855
loco_plateau,capacity_matched_deepsets,45,b004_0206,0f83d6a5c144dfa616333adc1bd57529c0d4b0a6391f6abd2b3df69ae12643d9,plateau,8,batch_004,sample_0176,False,0.016313296361047714,0.01951773088355335,0.04584053158760071
loco_plateau,capacity_matched_deepsets,45,b004_0208,1e7355104cb1bc6623bb84e83c8b136fc6530491967649406726860c46d55882,plateau,3,batch_004,sample_0177,False,0.008025006253699788,0.011005432496717002,0.03160679340362549
loco_plateau,capacity_matched_deepsets,45,b004_0209,440c0cdd2e0fa5883c06758ead647f3129254dd10b206bf0c4a01275bc82806b,plateau,7,batch_004,sample_0178,False,0.018676565074529805,0.021250974123576027,0.03588604927062988
loco_plateau,capacity_matched_deepsets,45,b004_0226,61bdc1b24112322d60eb9bd84ba71d642a105873858653a3edd7bfe0a5c1b34e,plateau,7,batch_004,sample_0190,False,0.006512493872251667,0.009333885132850227,0.03980320692062378
loco_plateau,capacity_matched_deepsets,45,b004_0229,af1d00f7a0b787f92bf6455e06a745c2e040b11b6d56cb70a91a0e9bbecca3e3,plateau,4,batch_004,sample_0193,False,0.0075710161787564635,0.01006987061575444,0.027341008186340332
loco_plateau,capacity_matched_deepsets,45,b004_0232,c19c313f6ced6796888a79b2f089c97c626a7f821d056d6da34ee52cdd9ede4e,plateau,2,batch_004,sample_0195,False,0.008238915048661779,0.010720022764218332,0.02364206314086914
loco_plateau,capacity_matched_deepsets,45,b004_0238,ab344aa6b1603d38f985e697b8d5e23f92cabe2cfdec495cd63bf30832b339b7,plateau,3,batch_004,sample_0201,False,0.008401597376729622,0.011293647311029914,0.03519958257675171
loco_plateau,capacity_matched_deepsets,45,b004_0269,4bc4fd552a3fec6bec5222fbe2344ba232c661859418bb0be167915721ee5291,plateau,5,batch_004,sample_0225,False,0.0076199330267359,0.009645118734444503,0.01933962106704712
loco_plateau,capacity_matched_deepsets,45,b004_0270,6e734c0ce0d34a99ed4ad267e7228f80d1e1937ed9cfb2a2531b08dd05b3f9f4,plateau,2,batch_004,sample_0226,False,0.006934779345012102,0.009399098620533492,0.025165840983390808
loco_plateau,capacity_matched_deepsets,45,b004_0276,7b18e593b02cd8067d1393f0e63f941e25eff1aa515facc3feca5d594c0b32f6,plateau,3,batch_004,sample_0231,False,0.008692624932918393,0.01324428705423582,0.04475778341293335
loco_plateau,capacity_matched_deepsets,45,b004_0280,99c63bb4954aeef83d20697237d20468a2082dc550b92994ed9c8b0d2e53aeb4,plateau,3,batch_004,sample_0235,False,0.007491323180863115,0.009516677531174963,0.019693076610565186
loco_plateau,capacity_matched_deepsets,45,b004_0284,315251daf704e2ddebf079b4618bac7ddc803651927693240201fda0ae19713e,plateau,7,batch_004,sample_0238,False,0.013750072141162684,0.01524927501918381,0.023513972759246826
loco_plateau,capacity_matched_deepsets,45,b004_0285,538882c9fc437f403f576e9537afa2d0e9d19640d587ec09abf294580a7a5439,plateau,5,batch_004,sample_0239,False,0.009422817191139597,0.0121619009226365,0.025298595428466797
loco_plateau,capacity_matched_deepsets,45,b004_0286,1f1d5a524d03753ee50cb34e15a725be31a3f16360c0873f815fa3617c634af9,plateau,2,batch_004,sample_0240,False,0.006490745505348581,0.00877106558439583,0.028065085411071777
loco_plateau,capacity_matched_deepsets,45,b004_0291,5cb317353c4e3be13450815c4705cf51b35ccbcd7f9d37f0e177ea0c467b5f57,plateau,1,batch_004,sample_0243,False,0.008950925569553844,0.010719849556153113,0.016676485538482666
loco_plateau,capacity_matched_deepsets,45,b004_0298,caa33739bb94bf3e4107ea13ebaefa854b1845ee09a860ac973faad33ffc7834,plateau,5,batch_004,sample_0250,False,0.008421451830473102,0.009992380045863215,0.011547327041625977
loco_plateau,capacity_matched_deepsets,45,b004_0303,de67b515620baea3c5921d16c351e24f283039e6be0dbb711689e9c13ccfdcd8,plateau,7,batch_004,sample_0254,False,0.00722800537210996,0.008580327836859048,0.019263029098510742
loco_plateau,capacity_matched_deepsets,45,b004_0312,aae428a0b7988c9a08ec2cd887e629b34ead9427365e120773f787d5e67957c1,plateau,8,batch_004,sample_0261,False,0.00993221607364592,0.011989175812090878,0.019788309931755066
loco_plateau,capacity_matched_deepsets,45,b004_0328,230d653e29b05c6cac38da6d0de4c13e4f666cbcf2f18fd0f9301c8565cc11a3,plateau,4,batch_004,sample_0274,False,0.005704408908476595,0.008464046284181813,0.010208070278167725
loco_plateau,capacity_matched_deepsets,45,b004_0335,3af73a16bdf592f38afc48342dd2996cc2332054b38bc004699cef76f2f2027c,plateau,4,batch_004,sample_0278,False,0.010738846219953944,0.013323109107146828,0.03290879726409912
loco_plateau,capacity_matched_deepsets,45,b004_0336,b1a27cded5990829ff83324d88a32190c7c9723de6ef9887de3b888774969a57,plateau,1,batch_004,sample_0279,False,0.011589331460780785,0.014488910324906372,0.027577131986618042
loco_plateau,capacity_matched_deepsets,45,b004_0367,c318564675cfb510af8b85e2c440c5474c6897ca4e9cdaf29a6217c1c607614e,plateau,5,batch_004,sample_0304,False,0.01094497471559243,0.012977894276996698,0.033463120460510254
loco_plateau,capacity_matched_deepsets,45,b004_0378,b10baedc312e4d2d36427845a0f1a1cbffe556d2f64623a9674249752d97956c,plateau,8,batch_004,sample_0313,False,0.01091983645665841,0.013159873275645452,0.04135489463806152
loco_plateau,capacity_matched_deepsets,45,b004_0379,c6e6ea944f341106836d770add03411f9b6a1a984c07c96bec5e68fdcf226108,plateau,6,batch_004,sample_0314,False,0.0060072944911777,0.007288750067887869,0.016520142555236816
loco_plateau,capacity_matched_deepsets,45,b004_0385,1669f1f0995158292efaccb221bf4e371f369d987f6008fc5bbb7afeb0d048df,plateau,7,batch_004,sample_0319,False,0.00501581000500038,0.00763245014606653,0.020618975162506104
loco_plateau,capacity_matched_deepsets,45,b004_0387,09be75b148104dc8d00eb69fe791588c388b9ebb3038b53094e45349b135be7d,plateau,8,batch_004,sample_0321,False,0.014139545745536929,0.015951355307842623,0.028534293174743652
loco_plateau,capacity_matched_deepsets,45,b005_0318,924387d745bc9120e456294ff4a08ad9a1d65425b1cd2775143ca2ab2f71ce55,plateau,7,batch_005,sample_0582,False,0.015244567003406461,0.017675737536532673,0.041636884212493896
loco_plateau,capacity_matched_deepsets,45,b005_0319,800520051cbd61e759abc8ff464d9452f0af7501ab267ce886d3229fe3d764b4,plateau,2,batch_005,sample_0583,False,0.012010828637685931,0.013639414814246853,0.03026282787322998
loco_plateau,capacity_matched_deepsets,45,b005_0320,ef3c4b806db3686e52b040856eeaa178271e38922d72178a07cfb1b60c5a9815,plateau,9,batch_005,sample_0584,False,0.006662322788453493,0.011470898640026142,0.024654150009155273
loco_plateau,capacity_matched_deepsets,45,b005_0322,dfa2ca4229967a5ccb2b1248146a521a8c13b2c9123ed436514968a5b39c468b,plateau,12,batch_005,sample_0585,False,0.006925447553884787,0.010122665304742262,0.023928046226501465
loco_plateau,capacity_matched_deepsets,45,b005_0323,cce3714177813b75d94654611ce899a21ca23c71fe16d59197e83af8d254e95f,plateau,11,batch_005,sample_0586,False,0.010801312376241216,0.014205483066451367,0.03649669885635376
loco_plateau,capacity_matched_deepsets,45,b005_0324,27fb8c31fc60138ca610456685ff39808517e467177b4b76e23ad2cc9ef40e79,plateau,3,batch_005,sample_0587,False,0.009456855596088972,0.011818883736665682,0.03237459063529968
loco_plateau,capacity_matched_deepsets,45,b005_0325,57c15407e4e74b16ef1107b3fd3d0f28bd18e2d5f422f8887bb3ae4f2ee71cfd,plateau,6,batch_005,sample_0588,False,0.007470464486567701,0.010235941340776959,0.02308732271194458
loco_plateau,capacity_matched_deepsets,45,b005_0326,e2760e685a5883648d6d91d72b6f825497ff6177a7ae51fd1d4a4f618192fbd3,plateau,4,batch_005,sample_0589,False,0.008253449986337638,0.011151111096978415,0.02340283989906311
loco_plateau,capacity_matched_deepsets,45,b005_0327,c0f2d02506a33f5dad5fa8e5c65ba0f14cdafffb85f55797608be3df54e8cf61,plateau,1,batch_005,sample_0590,False,0.005491065441584978,0.006675625711515199,0.013732552528381348
loco_plateau,capacity_matched_deepsets,45,b005_0328,55b4a6a2ff50fc37c4d86d31a2943c392e669602f37411c18ea7e0f718c7a49b,plateau,10,batch_005,sample_0591,False,0.010146008163202004,0.012008542755905202,0.044668376445770264
loco_plateau,capacity_matched_deepsets,45,b005_0329,25396912ea3a078cfdcae941ea89787bb0803f1346b6c5c886e75f5af0e4014c,plateau,5,batch_005,sample_0592,False,0.020300121092405476,0.023208339400944838,0.03970974683761597
loco_plateau,capacity_matched_deepsets,45,b005_0330,2d2987c8fa8b70de85851fccd3598561568f323c9bc1e48b9082c225851dca74,plateau,7,batch_005,sample_0593,False,0.006281064792734678,0.008359638050524152,0.026514053344726562
loco_plateau,capacity_matched_deepsets,45,b005_0331,fe117b09b49c597131e2f6e1b8feb5a597f6b009e1fc51e947e1c4258965cb3a,plateau,8,batch_005,sample_0594,False,0.007529741427937492,0.012926380737557372,0.04874175786972046
loco_plateau,capacity_matched_deepsets,45,b005_0332,8ef7167927072aa036a58c5f6faa4277ddbc7c3f91bcb16661ae1d24abac8490,plateau,8,batch_005,sample_0595,False,0.005594043335953697,0.007807959713835069,0.010714709758758545
loco_plateau,capacity_matched_deepsets,45,b005_0333,c3c2056eaa15eef1a5f1836e18a193479b6f32b671a8a83de228a107692ada54,plateau,1,batch_005,sample_0596,False,0.006797094814112929,0.008743413549738597,0.028081953525543213
loco_plateau,capacity_matched_deepsets,45,b005_0334,3bbd10db0ca1e022a95db792674aa00f019fd5856e68ce360feb007d0fe711f4,plateau,14,batch_005,sample_0597,False,0.014184556046470266,0.016757900062530317,0.03222465515136719
loco_plateau,capacity_matched_deepsets,45,b005_0336,0747b020d2d22e1f5e7519b418cc9b8327b7656cbdb5b6a0c84c741abbc0e102,plateau,5,batch_005,sample_0598,False,0.006354600191116333,0.00848702489830874,0.022616565227508545
loco_plateau,capacity_matched_deepsets,45,b005_0338,115982b394b483309f71c61baca7ee9f7623a932a8116d9e7603f0819aecb7ce,plateau,11,batch_005,sample_0599,False,0.011404982111493095,0.014408826663142714,0.03252768516540527
loco_plateau,capacity_matched_deepsets,45,b005_0339,5a157ab2ed0b98a6d23ad8857e1765864193424d5249af315f29d82bd5969aec,plateau,1,batch_005,sample_0600,False,0.006807065461991263,0.009325208973499945,0.029706060886383057
loco_plateau,capacity_matched_deepsets,45,b005_0341,aa391e2b07bdd6168406810253aa95ddc48980e3dc4f63b3df9c1ea6807dbc8e,plateau,9,batch_005,sample_0601,False,0.010154673127365893,0.012452556030944766,0.022346079349517822
loco_plateau,capacity_matched_deepsets,45,b005_0344,6eb77d3cd6491920848da180bb4de9dc6bc0b37ef91bd1ab7ff630ab55038dfb,plateau,8,batch_005,sample_0602,False,0.008670947590812307,0.012552557231777858,0.04018831253051758
loco_plateau,capacity_matched_deepsets,45,b005_0345,a300e398fad1a0e6431c0978a839d6f5ba716e8b388e8dda603311639de6f280,plateau,4,batch_005,sample_0603,False,0.008738752027026942,0.010744568551861296,0.029134809970855713
loco_plateau,capacity_matched_deepsets,45,b005_0346,64090025074679c6ba642a06fb71e932babe2025b967ef6f2f6b1d8f5ad03bba,plateau,7,batch_005,sample_0604,False,0.00918889222819297,0.015346882792464996,0.04221820831298828
loco_plateau,capacity_matched_deepsets,45,b005_0347,f351afe68d58358a3632f7f01ae10c313d89f47accf5981900e558140d1bfbff,plateau,8,batch_005,sample_0605,False,0.03377272298590082,0.036612819276504414,0.0524674654006958
loco_plateau,capacity_matched_deepsets,45,b005_0348,9047f61e8be36c807011000fd79892f9747fc9f2b5d36e0905a12cc71cf27077,plateau,5,batch_005,sample_0606,False,0.010995695581201647,0.014104312624371841,0.0439361035823822
loco_plateau,capacity_matched_deepsets,45,b005_0349,c30ce3c339ea2d458d6b92c6a2de60810ca4393b4b9c7acd9f3e78a68c60481d,plateau,8,batch_005,sample_0607,False,0.00973758910645227,0.015167719242989196,0.0483020544052124
loco_plateau,capacity_matched_deepsets,45,b005_0350,1023f3a6c18df8c4890c9d45fa6b65adbbc9733ddc3561c3e25572947e28011e,plateau,4,batch_005,sample_0608,False,0.0063445734806725235,0.008546364500223384,0.02615813910961151
loco_plateau,capacity_matched_deepsets,45,b005_0351,f915d37994404288414823d1bbb6b5e3931c9ad94ae24b67272d3c8362d85400,plateau,9,batch_005,sample_0609,False,0.008718869969493052,0.012680726447618742,0.04446089267730713
loco_plateau,capacity_matched_deepsets,45,b005_0352,5f0ae19a03996e46eda8c90413fc45b8985b85b82d4f47d4a22a10847efdc7d4,plateau,8,batch_005,sample_0610,False,0.014139405650193573,0.017786978366650084,0.03498616814613342
loco_plateau,capacity_matched_deepsets,45,b005_0353,05e5a33d12166760b02827e96c5a0446d2d46d0bac028f2a76145a206386e918,plateau,6,batch_005,sample_0611,False,0.006574358852183233,0.009710066511006228,0.036493778228759766
loco_plateau,capacity_matched_deepsets,45,b005_0354,fadf7a0b5c1bc2a8d8355725a59dcbd92af98cb7514eabc127842f5c4b4bef47,plateau,8,batch_005,sample_0612,False,0.014407476196523572,0.0180590578570173,0.04449719190597534
loco_plateau,capacity_matched_deepsets,45,b005_0355,4d85219246b5dad59cb85d9fa3c1936680c4c9ef047c5cef4218f3b15c1e939c,plateau,4,batch_005,sample_0613,False,0.007023841875498412,0.009406065273770199,0.01287841796875
loco_plateau,capacity_matched_deepsets,45,b005_0356,4d68bdd50ef81490f46d2a8e1897ab3bb663920d094e1cbb0b28ba7113382e88,plateau,2,batch_005,sample_0614,False,0.007240252905204648,0.010482433178296117,0.035303711891174316
loco_plateau,capacity_matched_deepsets,45,b005_0359,4c1573f83055d1187f7f6cd3d9baae0038086645d81eee72897606cc9d5c570c,plateau,5,batch_005,sample_0615,False,0.008816853074021027,0.010496922468818498,0.024692296981811523
loco_plateau,capacity_matched_deepsets,45,b005_0360,686bd58ef008dcf1a1a7c6f4d10f2f843038b4350a135434e4ccc66a580f0f5d,plateau,8,batch_005,sample_0616,False,0.006573726529957818,0.008814753684632777,0.022943615913391113
loco_plateau,capacity_matched_deepsets,45,b005_0361,96f4761fc6c8f7f70f150f08d1184ebb6ce1b5aaa442426bf462bb08296c1a3b,plateau,8,batch_005,sample_0617,False,0.021143220731469452,0.02483727796640353,0.07215189933776855
loco_plateau,capacity_matched_deepsets,45,b005_0362,1afc1c036950d3674b72ba96e3a3beaf89086ebc191f828798460411f6637095,plateau,14,batch_005,sample_0618,False,0.010165570456473554,0.014190834684898544,0.03752812743186951
loco_plateau,capacity_matched_deepsets,45,b005_0363,c4e17a05dde40f17497a58db0f20c7fa3893089c99b4e61d2abb1683d73c2708,plateau,3,batch_005,sample_0619,False,0.011548006632288948,0.013620023572870505,0.025499939918518066
loco_plateau,capacity_matched_deepsets,45,b005_0364,f789b385523cb681d859a20015bfbe6406d3d1a4e0993fd9931fc56524052232,plateau,7,batch_005,sample_0620,False,0.009810086034360479,0.013261933403918598,0.028380393981933594
loco_plateau,capacity_matched_deepsets,45,b005_0365,bf0f2b2de55694fffbc786504dd644ea825c40182b9b220d53b89c8a37ed6c50,plateau,2,batch_005,sample_0621,False,0.012322819684861137,0.014626629076140558,0.03923320770263672
loco_plateau,capacity_matched_deepsets,45,b005_0366,ff9baf0d1ecf79479db89955f4239351d1d12145c830cf12c7c6743740bef107,plateau,1,batch_005,sample_0622,False,0.011225127782977995,0.015006866941378387,0.05097997188568115
loco_plateau,capacity_matched_deepsets,45,b005_0367,55ae06c4d49e4f4bca3994c646b4a4477cbe684a94491baec3ccacaf8913cdc4,plateau,6,batch_005,sample_0623,False,0.0070910903884739175,0.00947396085052349,0.02568550407886505
loco_plateau,capacity_matched_deepsets,45,b005_0369,3d7c1523d7f7a701ba8c8c8653f377b8bce5dcb75dd5e777fc37ea2547a10cd1,plateau,11,batch_005,sample_0624,False,0.010726764065320374,0.01321441289188704,0.04767662286758423
loco_plateau,capacity_matched_deepsets,45,b005_0370,02430a0e963a0b380b2bc0d082219d1cf06081fa567fed08f912ffa7dfe10051,plateau,5,batch_005,sample_0625,False,0.005904319589255286,0.007122783705444316,0.013724565505981445
loco_plateau,capacity_matched_deepsets,45,b005_0374,e78a3e8bf3a5373c93d1d439c82fbdadf0d6d220b3240b14bb5f3bc3f6e4f09a,plateau,1,batch_005,sample_0626,False,0.008360708834695035,0.009787531603867387,0.024763405323028564
loco_plateau,capacity_matched_deepsets,45,b005_0376,e2cf5195bd63a11d9d1ca2e66c51888dcca34e1ae84251c784a18a3f37096e59,plateau,3,batch_005,sample_0627,False,0.009556554746432383,0.012039020110153889,0.03045254945755005
loco_plateau,capacity_matched_deepsets,45,b005_0377,3f7f8648f1cca1b0bde98bd8dd3709da82b522777e245fb04f2e547d74fb458c,plateau,3,batch_005,sample_0628,False,0.009668853439268519,0.01147933130723746,0.00915449857711792
loco_plateau,capacity_matched_deepsets,45,b005_0378,046e2b649304ef7368e59229d0d93e66e7a45cef80450c188bed4c2d3d1fdc8d,plateau,11,batch_005,sample_0629,False,0.005795483462146071,0.008336564095883424,0.025802552700042725
loco_plateau,capacity_matched_deepsets,45,b005_0379,1f409b6e03f9441ff3c5c3fc66e0db956031025ffca1702ed23e99238b6229c9,plateau,15,batch_005,sample_0630,False,0.007240855791529671,0.010070098423597898,0.018900513648986816
loco_plateau,capacity_matched_deepsets,45,b005_0380,9373bd39ad3438c8b68e44ed9913af85cc6aa4598a1d16ee56e8aa54d6b7e8ad,plateau,7,batch_005,sample_0631,False,0.004986072844657742,0.006283082788670681,0.014307856559753418
loco_plateau,capacity_matched_deepsets,45,b005_0381,69369739915ea5865caaa0a97202deb36c3f5d9d99624a932280b9ccaec1ad7a,plateau,8,batch_005,sample_0632,False,0.006785487298105583,0.00861382075302551,0.014773905277252197
loco_plateau,capacity_matched_deepsets,45,b005_0382,2d2b38ecba4efd0196a13bbe391dd3bf0713ebf5519032458d2874f9b5b799ea,plateau,6,batch_005,sample_0633,False,0.006280370423051178,0.007634199046262614,0.021079957485198975
loco_plateau,capacity_matched_deepsets,45,b005_0383,c3f96572b536df535317375fdc5e4706ac369468646788bb728a81d80ebbf8cd,plateau,9,batch_005,sample_0634,False,0.026499230292488317,0.028765713738043566,0.053293630480766296
loco_plateau,capacity_matched_deepsets,45,b005_0384,4f787d72c2991ce6d0932240e622e61affe479a7fa2dd35ab8bcdc5923ff28ed,plateau,13,batch_005,sample_0635,False,0.01803472369420724,0.020819761808557963,0.06550067663192749
loco_plateau,capacity_matched_deepsets,45,b005_0386,301947d5dbc16fbb140de6b8a02a472b8129263d9f0a15b48f047dc956897100,plateau,8,batch_005,sample_0636,False,0.005633770442399822,0.008163962824690566,0.03279298543930054
loco_plateau,capacity_matched_deepsets,45,b005_0387,8de22ed78a2ba566ad5d579cb268e029471143e2f0356e36c926f297c636ec17,plateau,1,batch_005,sample_0637,False,0.00920024761533151,0.01163020558800865,0.03349924087524414
loco_plateau,capacity_matched_deepsets,45,b005_0388,7018dd5a29322b02c1632cd20271bff3ce888a19228aa52114aa77b9400eb91b,plateau,10,batch_005,sample_0638,False,0.006100694542048407,0.008949838424924781,0.028877735137939453
loco_plateau,capacity_matched_deepsets,45,b005_0391,befff6f241f67d94d7753d00fbb0c58bb90217d18320366e8efddcc6b98d1cf6,plateau,7,batch_005,sample_0639,False,0.005807343931471715,0.008169673369851435,0.020469844341278076
loco_plateau,capacity_matched_deepsets,45,b005_0392,c8557ed9f63b99ebd2c6c477e7131c72de41dc16fb5e94bfd97d94fa611c210b,plateau,10,batch_005,sample_0640,False,0.0077388826452317785,0.010827003379880901,0.030325889587402344
loco_plateau,capacity_matched_deepsets,45,b005_0393,93eb3bacea701426087e75941806b407760420360c2377bbc814db1682f2a1d4,plateau,5,batch_005,sample_0641,False,0.011649810877002653,0.014540811009170197,0.04243731498718262
loco_plateau,capacity_matched_deepsets,45,b005_0394,df92d1d4b0476ec691828cb2651348409e75a7cc4379821060d4a774189be132,plateau,9,batch_005,sample_0642,False,0.007462922300471634,0.009211304374686318,0.03577691316604614
loco_plateau,capacity_matched_deepsets,45,b005_0395,83ecfc111bb85fd355498ca7b8a4bb47c26e405c679f3515a1aafc4d7cefab6c,plateau,5,batch_005,sample_0643,False,0.017009278057051488,0.019983555630267935,0.03550347685813904
loco_plateau,capacity_matched_deepsets,45,b005_0397,c8766140f84f514dc30d7035d42f2067f8e50cef0a1eee335dbb302ad43b3441,plateau,1,batch_005,sample_0644,False,0.01030808687210083,0.012091539199802505,0.025801360607147217
loco_plateau,capacity_matched_deepsets,45,b005_0398,c5312b8757553a4ab6a18f87cd43e9086663093a1069e7c08549a0cd2de261d6,plateau,13,batch_005,sample_0645,False,0.012536362057826558,0.016598877957668543,0.01993662118911743
loco_plateau,capacity_matched_deepsets,46,b004_0101,cb286dce3fb5e4de9ce7cd24a593b3729810700f461d4dea7e7e806081a6c243,plateau,7,batch_004,sample_0098,False,0.01840935794056439,0.020748721787132756,0.04462844133377075
loco_plateau,capacity_matched_deepsets,46,b004_0106,68a631e45d1432b8c277623aa36bd14caa372804b8363ec96ef67ddc8eb20d1c,plateau,3,batch_004,sample_0102,False,0.007763675612504365,0.010213391507139503,0.023909449577331543
loco_plateau,capacity_matched_deepsets,46,b004_0115,f799b5290dd4072521a7449c1abf33ff526f22f67b776e873628d3cbca0ba783,plateau,3,batch_004,sample_0107,False,0.00656205171444377,0.009040378367426863,0.011554703116416931
loco_plateau,capacity_matched_deepsets,46,b004_0130,2188740cfe38cf9d440c67431f559d83d2a1ce7ae59ca2bedcf02bb69f466e50,plateau,8,batch_004,sample_0120,False,0.005839367931494947,0.008156311886712753,0.020658433437347412
loco_plateau,capacity_matched_deepsets,46,b004_0136,04889ebdfb5784327f3b9088bf6df01afa628294490b202c173ef0b14838e962,plateau,2,batch_004,sample_0125,False,0.00626087029937838,0.008645179697967137,0.03357118368148804
loco_plateau,capacity_matched_deepsets,46,b004_0147,1fa51a6e404fd88eb385d6766311d069515a32e28126ff01697c509152d5f502,plateau,7,batch_004,sample_0131,False,0.008604791565019577,0.011028682184561933,0.01681533455848694
loco_plateau,capacity_matched_deepsets,46,b004_0154,aac35af72b9a33754898cad920897b67d2af68b9260ad250b7fcaebd06f32dcc,plateau,8,batch_004,sample_0136,False,0.008198601911302473,0.010999456938776122,0.0275498628616333
loco_plateau,capacity_matched_deepsets,46,b004_0155,1d0a46c8f6e17a86034c6bb9d66c4b03d098b69ff514fc02f28ea63be0b42c7e,plateau,6,batch_004,sample_0137,False,0.010908469069199483,0.013441764883010408,0.026482433080673218
loco_plateau,capacity_matched_deepsets,46,b004_0163,4873613114b6d71d3a19feac4e2a6cca6a1aea7cedee70e6461fcb308fcd40a1,plateau,8,batch_004,sample_0144,False,0.018024806360729406,0.02026551952414616,0.036761701107025146
loco_plateau,capacity_matched_deepsets,46,b004_0166,8acc23b2c14cbb42c17a2dcc988fac65c64813d2829e3784719d447b5ed718b7,plateau,6,batch_004,sample_0146,False,0.0066794993691757076,0.008659431916291071,0.0242384672164917
loco_plateau,capacity_matched_deepsets,46,b004_0189,83c666a66b41c149f65ddc8bd970a7e25625b9d2da4a74aa495eb63512733e3d,plateau,1,batch_004,sample_0163,False,0.009033276653680646,0.012169354809118429,0.02955186367034912
loco_plateau,capacity_matched_deepsets,46,b004_0192,e59076b7dd3091c6a35a126a9200a5d87d04f635db59270bb6abf483a0ca6b6b,plateau,3,batch_004,sample_0166,False,0.006733131518618005,0.008186664575344723,0.01936548948287964
loco_plateau,capacity_matched_deepsets,46,b004_0198,36b24bbee6d7a71d6d85eb0f4637e3435adb468ab33422dad8a99a2687c94a43,plateau,3,batch_004,sample_0172,False,0.005439688985953565,0.006753329480030142,0.009850859642028809
loco_plateau,capacity_matched_deepsets,46,b004_0206,0f83d6a5c144dfa616333adc1bd57529c0d4b0a6391f6abd2b3df69ae12643d9,plateau,8,batch_004,sample_0176,False,0.012456730496687968,0.015168461592754916,0.03723075985908508
loco_plateau,capacity_matched_deepsets,46,b004_0208,1e7355104cb1bc6623bb84e83c8b136fc6530491967649406726860c46d55882,plateau,3,batch_004,sample_0177,False,0.011773905548893038,0.013583333446841279,0.02915215492248535
loco_plateau,capacity_matched_deepsets,46,b004_0209,440c0cdd2e0fa5883c06758ead647f3129254dd10b206bf0c4a01275bc82806b,plateau,7,batch_004,sample_0178,False,0.01043775140262041,0.011647550745184976,0.022313565015792847
loco_plateau,capacity_matched_deepsets,46,b004_0226,61bdc1b24112322d60eb9bd84ba71d642a105873858653a3edd7bfe0a5c1b34e,plateau,7,batch_004,sample_0190,False,0.00634994345610259,0.009244999665256532,0.04402369260787964
loco_plateau,capacity_matched_deepsets,46,b004_0229,af1d00f7a0b787f92bf6455e06a745c2e040b11b6d56cb70a91a0e9bbecca3e3,plateau,4,batch_004,sample_0193,False,0.007523867072629147,0.009424338258313583,0.025895535945892334
loco_plateau,capacity_matched_deepsets,46,b004_0232,c19c313f6ced6796888a79b2f089c97c626a7f821d056d6da34ee52cdd9ede4e,plateau,2,batch_004,sample_0195,False,0.007403537631034851,0.009708577641702467,0.02662259340286255
loco_plateau,capacity_matched_deepsets,46,b004_0238,ab344aa6b1603d38f985e697b8d5e23f92cabe2cfdec495cd63bf30832b339b7,plateau,3,batch_004,sample_0201,False,0.006714910635205566,0.009340719564088903,0.03354787826538086
loco_plateau,capacity_matched_deepsets,46,b004_0269,4bc4fd552a3fec6bec5222fbe2344ba232c661859418bb0be167915721ee5291,plateau,5,batch_004,sample_0225,False,0.00893644353405374,0.010904963958642402,0.013973653316497803
loco_plateau,capacity_matched_deepsets,46,b004_0270,6e734c0ce0d34a99ed4ad267e7228f80d1e1937ed9cfb2a2531b08dd05b3f9f4,plateau,2,batch_004,sample_0226,False,0.006181172721210073,0.008121110850792798,0.024381637573242188
loco_plateau,capacity_matched_deepsets,46,b004_0276,7b18e593b02cd8067d1393f0e63f941e25eff1aa515facc3feca5d594c0b32f6,plateau,3,batch_004,sample_0231,False,0.007294250804869855,0.009223182612595332,0.024831056594848633
loco_plateau,capacity_matched_deepsets,46,b004_0280,99c63bb4954aeef83d20697237d20468a2082dc550b92994ed9c8b0d2e53aeb4,plateau,3,batch_004,sample_0235,False,0.00699284880376253,0.00887741477936828,0.0186765193939209
loco_plateau,capacity_matched_deepsets,46,b004_0284,315251daf704e2ddebf079b4618bac7ddc803651927693240201fda0ae19713e,plateau,7,batch_004,sample_0238,False,0.011906542494648793,0.013647785763680744,0.018663406372070312
loco_plateau,capacity_matched_deepsets,46,b004_0285,538882c9fc437f403f576e9537afa2d0e9d19640d587ec09abf294580a7a5439,plateau,5,batch_004,sample_0239,False,0.009752059324842985,0.012508789688767601,0.02377617359161377
loco_plateau,capacity_matched_deepsets,46,b004_0286,1f1d5a524d03753ee50cb34e15a725be31a3f16360c0873f815fa3617c634af9,plateau,2,batch_004,sample_0240,False,0.007192987215812089,0.009525825454669859,0.025095880031585693
loco_plateau,capacity_matched_deepsets,46,b004_0291,5cb317353c4e3be13450815c4705cf51b35ccbcd7f9d37f0e177ea0c467b5f57,plateau,1,batch_004,sample_0243,False,0.006572588789658469,0.008539384943349305,0.02087816596031189
loco_plateau,capacity_matched_deepsets,46,b004_0298,caa33739bb94bf3e4107ea13ebaefa854b1845ee09a860ac973faad33ffc7834,plateau,5,batch_004,sample_0250,False,0.008029228595436597,0.00925001899890488,0.013542532920837402
loco_plateau,capacity_matched_deepsets,46,b004_0303,de67b515620baea3c5921d16c351e24f283039e6be0dbb711689e9c13ccfdcd8,plateau,7,batch_004,sample_0254,False,0.005904089720522771,0.007079187555407935,0.014443278312683105
loco_plateau,capacity_matched_deepsets,46,b004_0312,aae428a0b7988c9a08ec2cd887e629b34ead9427365e120773f787d5e67957c1,plateau,8,batch_004,sample_0261,False,0.0100459380716574,0.011390929227248556,0.01578843593597412
loco_plateau,capacity_matched_deepsets,46,b004_0328,230d653e29b05c6cac38da6d0de4c13e4f666cbcf2f18fd0f9301c8565cc11a3,plateau,4,batch_004,sample_0274,False,0.006443507969379425,0.008812129117993556,0.015043854713439941
loco_plateau,capacity_matched_deepsets,46,b004_0335,3af73a16bdf592f38afc48342dd2996cc2332054b38bc004699cef76f2f2027c,plateau,4,batch_004,sample_0278,False,0.01127808455561028,0.013473953075031964,0.033782392740249634
loco_plateau,capacity_matched_deepsets,46,b004_0336,b1a27cded5990829ff83324d88a32190c7c9723de6ef9887de3b888774969a57,plateau,1,batch_004,sample_0279,False,0.011141125295982986,0.014614873346936952,0.02767297625541687
loco_plateau,capacity_matched_deepsets,46,b004_0367,c318564675cfb510af8b85e2c440c5474c6897ca4e9cdaf29a6217c1c607614e,plateau,5,batch_004,sample_0304,False,0.007004058263340935,0.009477429500513475,0.03343677520751953
loco_plateau,capacity_matched_deepsets,46,b004_0378,b10baedc312e4d2d36427845a0f1a1cbffe556d2f64623a9674249752d97956c,plateau,8,batch_004,sample_0313,False,0.009206035342372831,0.010996094430191455,0.03712373971939087
loco_plateau,capacity_matched_deepsets,46,b004_0379,c6e6ea944f341106836d770add03411f9b6a1a984c07c96bec5e68fdcf226108,plateau,6,batch_004,sample_0314,False,0.0061505708049555295,0.007554393696235041,0.022115349769592285
loco_plateau,capacity_matched_deepsets,46,b004_0385,1669f1f0995158292efaccb221bf4e371f369d987f6008fc5bbb7afeb0d048df,plateau,7,batch_004,sample_0319,False,0.0072077036392493325,0.00885974241464058,0.013470709323883057
loco_plateau,capacity_matched_deepsets,46,b004_0387,09be75b148104dc8d00eb69fe791588c388b9ebb3038b53094e45349b135be7d,plateau,8,batch_004,sample_0321,False,0.013178247408788712,0.01443849921666508,0.02215239405632019
loco_plateau,capacity_matched_deepsets,46,b005_0318,924387d745bc9120e456294ff4a08ad9a1d65425b1cd2775143ca2ab2f71ce55,plateau,7,batch_005,sample_0582,False,0.008499429851281838,0.012357436131199113,0.04100877046585083
loco_plateau,capacity_matched_deepsets,46,b005_0319,800520051cbd61e759abc8ff464d9452f0af7501ab267ce886d3229fe3d764b4,plateau,2,batch_005,sample_0583,False,0.009611165670097852,0.01187169380332535,0.031523823738098145
loco_plateau,capacity_matched_deepsets,46,b005_0320,ef3c4b806db3686e52b040856eeaa178271e38922d72178a07cfb1b60c5a9815,plateau,9,batch_005,sample_0584,False,0.006531236113094893,0.011197801765495462,0.024564236402511597
loco_plateau,capacity_matched_deepsets,46,b005_0322,dfa2ca4229967a5ccb2b1248146a521a8c13b2c9123ed436514968a5b39c468b,plateau,12,batch_005,sample_0585,False,0.008693543125371465,0.011525975642518395,0.02746427059173584
loco_plateau,capacity_matched_deepsets,46,b005_0323,cce3714177813b75d94654611ce899a21ca23c71fe16d59197e83af8d254e95f,plateau,11,batch_005,sample_0586,False,0.0075852313979727325,0.010777189962912145,0.028916239738464355
loco_plateau,capacity_matched_deepsets,46,b005_0324,27fb8c31fc60138ca610456685ff39808517e467177b4b76e23ad2cc9ef40e79,plateau,3,batch_005,sample_0587,False,0.009038258649286677,0.011147643293916052,0.028029680252075195
loco_plateau,capacity_matched_deepsets,46,b005_0325,57c15407e4e74b16ef1107b3fd3d0f28bd18e2d5f422f8887bb3ae4f2ee71cfd,plateau,6,batch_005,sample_0588,False,0.007738914890367476,0.009728667732163616,0.017126470804214478
loco_plateau,capacity_matched_deepsets,46,b005_0326,e2760e685a5883648d6d91d72b6f825497ff6177a7ae51fd1d4a4f618192fbd3,plateau,4,batch_005,sample_0589,False,0.014433231891789397,0.016831931717079182,0.03952611982822418
loco_plateau,capacity_matched_deepsets,46,b005_0327,c0f2d02506a33f5dad5fa8e5c65ba0f14cdafffb85f55797608be3df54e8cf61,plateau,1,batch_005,sample_0590,False,0.0064668569897041945,0.007739827591017379,0.02143251895904541
loco_plateau,capacity_matched_deepsets,46,b005_0328,55b4a6a2ff50fc37c4d86d31a2943c392e669602f37411c18ea7e0f718c7a49b,plateau,10,batch_005,sample_0591,False,0.008399225405005158,0.011398679340161791,0.04795926809310913
loco_plateau,capacity_matched_deepsets,46,b005_0329,25396912ea3a078cfdcae941ea89787bb0803f1346b6c5c886e75f5af0e4014c,plateau,5,batch_005,sample_0592,False,0.01665674711837143,0.018696838942633943,0.030484139919281006
loco_plateau,capacity_matched_deepsets,46,b005_0330,2d2987c8fa8b70de85851fccd3598561568f323c9bc1e48b9082c225851dca74,plateau,7,batch_005,sample_0593,False,0.006049125653798463,0.008807993082616658,0.030597448348999023
loco_plateau,capacity_matched_deepsets,46,b005_0331,fe117b09b49c597131e2f6e1b8feb5a597f6b009e1fc51e947e1c4258965cb3a,plateau,8,batch_005,sample_0594,False,0.006015733800462035,0.012135830928250378,0.040810346603393555
loco_plateau,capacity_matched_deepsets,46,b005_0332,8ef7167927072aa036a58c5f6faa4277ddbc7c3f91bcb16661ae1d24abac8490,plateau,8,batch_005,sample_0595,False,0.005963487825432762,0.008101382881256804,0.015867948532104492
loco_plateau,capacity_matched_deepsets,46,b005_0333,c3c2056eaa15eef1a5f1836e18a193479b6f32b671a8a83de228a107692ada54,plateau,1,batch_005,sample_0596,False,0.007932833227954928,0.010375920329130855,0.03521648049354553
loco_plateau,capacity_matched_deepsets,46,b005_0334,3bbd10db0ca1e022a95db792674aa00f019fd5856e68ce360feb007d0fe711f4,plateau,14,batch_005,sample_0597,False,0.011235831580201134,0.012939930477504845,0.024036407470703125
loco_plateau,capacity_matched_deepsets,46,b005_0336,0747b020d2d22e1f5e7519b418cc9b8327b7656cbdb5b6a0c84c741abbc0e102,plateau,5,batch_005,sample_0598,False,0.006407178816248159,0.008542972502636506,0.0233839750289917
loco_plateau,capacity_matched_deepsets,46,b005_0338,115982b394b483309f71c61baca7ee9f7623a932a8116d9e7603f0819aecb7ce,plateau,11,batch_005,sample_0599,False,0.00919665738207395,0.011943642621058504,0.03371959924697876
loco_plateau,capacity_matched_deepsets,46,b005_0339,5a157ab2ed0b98a6d23ad8857e1765864193424d5249af315f29d82bd5969aec,plateau,1,batch_005,sample_0600,False,0.0070544903884168534,0.01040406316876836,0.042105406522750854
loco_plateau,capacity_matched_deepsets,46,b005_0341,aa391e2b07bdd6168406810253aa95ddc48980e3dc4f63b3df9c1ea6807dbc8e,plateau,9,batch_005,sample_0601,False,0.005154616458982718,0.009008985220927895,0.020708858966827393
loco_plateau,capacity_matched_deepsets,46,b005_0344,6eb77d3cd6491920848da180bb4de9dc6bc0b37ef91bd1ab7ff630ab55038dfb,plateau,8,batch_005,sample_0602,False,0.007494518502813871,0.011044699223389997,0.03162813186645508
loco_plateau,capacity_matched_deepsets,46,b005_0345,a300e398fad1a0e6431c0978a839d6f5ba716e8b388e8dda603311639de6f280,plateau,4,batch_005,sample_0603,False,0.006217780416129065,0.008021869757697867,0.03102266788482666
loco_plateau,capacity_matched_deepsets,46,b005_0346,64090025074679c6ba642a06fb71e932babe2025b967ef6f2f6b1d8f5ad03bba,plateau,7,batch_005,sample_0604,False,0.011203237000058909,0.01571713964386398,0.03214806318283081
loco_plateau,capacity_matched_deepsets,46,b005_0347,f351afe68d58358a3632f7f01ae10c313d89f47accf5981900e558140d1bfbff,plateau,8,batch_005,sample_0605,False,0.028677789769211752,0.031185898985485058,0.04316599667072296
loco_plateau,capacity_matched_deepsets,46,b005_0348,9047f61e8be36c807011000fd79892f9747fc9f2b5d36e0905a12cc71cf27077,plateau,5,batch_005,sample_0606,False,0.010611836783221511,0.013601931268029043,0.046194225549697876
loco_plateau,capacity_matched_deepsets,46,b005_0349,c30ce3c339ea2d458d6b92c6a2de60810ca4393b4b9c7acd9f3e78a68c60481d,plateau,8,batch_005,sample_0607,False,0.010157767835943425,0.014203651083620058,0.043889760971069336
loco_plateau,capacity_matched_deepsets,46,b005_0350,1023f3a6c18df8c4890c9d45fa6b65adbbc9733ddc3561c3e25572947e28011e,plateau,4,batch_005,sample_0608,False,0.007508307451107463,0.009938945278392732,0.02809329330921173
loco_plateau,capacity_matched_deepsets,46,b005_0351,f915d37994404288414823d1bbb6b5e3931c9ad94ae24b67272d3c8362d85400,plateau,9,batch_005,sample_0609,False,0.008117885618913369,0.010107191045803468,0.03279399871826172
loco_plateau,capacity_matched_deepsets,46,b005_0352,5f0ae19a03996e46eda8c90413fc45b8985b85b82d4f47d4a22a10847efdc7d4,plateau,8,batch_005,sample_0610,False,0.011546893564404035,0.015060911984286902,0.03251895308494568
loco_plateau,capacity_matched_deepsets,46,b005_0353,05e5a33d12166760b02827e96c5a0446d2d46d0bac028f2a76145a206386e918,plateau,6,batch_005,sample_0611,False,0.005738344226704269,0.008562046640895818,0.030529320240020752
loco_plateau,capacity_matched_deepsets,46,b005_0354,fadf7a0b5c1bc2a8d8355725a59dcbd92af98cb7514eabc127842f5c4b4bef47,plateau,8,batch_005,sample_0612,False,0.012817933178338849,0.017321137465898636,0.044145047664642334
loco_plateau,capacity_matched_deepsets,46,b005_0355,4d85219246b5dad59cb85d9fa3c1936680c4c9ef047c5cef4218f3b15c1e939c,plateau,4,batch_005,sample_0613,False,0.007059724848778521,0.008913707858842122,0.017235100269317627
loco_plateau,capacity_matched_deepsets,46,b005_0356,4d68bdd50ef81490f46d2a8e1897ab3bb663920d094e1cbb0b28ba7113382e88,plateau,2,batch_005,sample_0614,False,0.012307873026269381,0.014130874368418509,0.031910717487335205
loco_plateau,capacity_matched_deepsets,46,b005_0359,4c1573f83055d1187f7f6cd3d9baae0038086645d81eee72897606cc9d5c570c,plateau,5,batch_005,sample_0615,False,0.009265411248216863,0.010808164262072189,0.02318580448627472
loco_plateau,capacity_matched_deepsets,46,b005_0360,686bd58ef008dcf1a1a7c6f4d10f2f843038b4350a135434e4ccc66a580f0f5d,plateau,8,batch_005,sample_0616,False,0.0052771062635984575,0.007223218003567573,0.02415686845779419
loco_plateau,capacity_matched_deepsets,46,b005_0361,96f4761fc6c8f7f70f150f08d1184ebb6ce1b5aaa442426bf462bb08296c1a3b,plateau,8,batch_005,sample_0617,False,0.017870268066886994,0.02132236805197905,0.05965787172317505
loco_plateau,capacity_matched_deepsets,46,b005_0362,1afc1c036950d3674b72ba96e3a3beaf89086ebc191f828798460411f6637095,plateau,14,batch_005,sample_0618,False,0.008388891816139221,0.011667282791516279,0.03368270397186279
loco_plateau,capacity_matched_deepsets,46,b005_0363,c4e17a05dde40f17497a58db0f20c7fa3893089c99b4e61d2abb1683d73c2708,plateau,3,batch_005,sample_0619,False,0.008046496598446955,0.009765715635162087,0.019654929637908936
loco_plateau,capacity_matched_deepsets,46,b005_0364,f789b385523cb681d859a20015bfbe6406d3d1a4e0993fd9931fc56524052232,plateau,7,batch_005,sample_0620,False,0.008550188091934705,0.011980480329056003,0.027888119220733643
loco_plateau,capacity_matched_deepsets,46,b005_0365,bf0f2b2de55694fffbc786504dd644ea825c40182b9b220d53b89c8a37ed6c50,plateau,2,batch_005,sample_0621,False,0.010909799425328364,0.013589315853459568,0.032400429248809814
loco_plateau,capacity_matched_deepsets,46,b005_0366,ff9baf0d1ecf79479db89955f4239351d1d12145c830cf12c7c6743740bef107,plateau,1,batch_005,sample_0622,False,0.009452181517100726,0.012192125559826971,0.0397830605506897
loco_plateau,capacity_matched_deepsets,46,b005_0367,55ae06c4d49e4f4bca3994c646b4a4477cbe684a94491baec3ccacaf8913cdc4,plateau,6,batch_005,sample_0623,False,0.006687971228947405,0.009162275357958051,0.023413807153701782
loco_plateau,capacity_matched_deepsets,46,b005_0369,3d7c1523d7f7a701ba8c8c8653f377b8bce5dcb75dd5e777fc37ea2547a10cd1,plateau,11,batch_005,sample_0624,False,0.013795047265584351,0.016073161238229806,0.04353165626525879
loco_plateau,capacity_matched_deepsets,46,b005_0370,02430a0e963a0b380b2bc0d082219d1cf06081fa567fed08f912ffa7dfe10051,plateau,5,batch_005,sample_0625,False,0.006636605643835224,0.009047390164965141,0.013548731803894043
loco_plateau,capacity_matched_deepsets,46,b005_0374,e78a3e8bf3a5373c93d1d439c82fbdadf0d6d220b3240b14bb5f3bc3f6e4f09a,plateau,1,batch_005,sample_0626,False,0.008198624263044263,0.010020897453396328,0.02139422297477722
loco_plateau,capacity_matched_deepsets,46,b005_0376,e2cf5195bd63a11d9d1ca2e66c51888dcca34e1ae84251c784a18a3f37096e59,plateau,3,batch_005,sample_0627,False,0.0116037518152448,0.013790738480456149,0.03087550401687622
loco_plateau,capacity_matched_deepsets,46,b005_0377,3f7f8648f1cca1b0bde98bd8dd3709da82b522777e245fb04f2e547d74fb458c,plateau,3,batch_005,sample_0628,False,0.007119342440464457,0.00881301749637335,0.019615113735198975
loco_plateau,capacity_matched_deepsets,46,b005_0378,046e2b649304ef7368e59229d0d93e66e7a45cef80450c188bed4c2d3d1fdc8d,plateau,11,batch_005,sample_0629,False,0.005307419378249372,0.0076228138563167545,0.027768731117248535
loco_plateau,capacity_matched_deepsets,46,b005_0379,1f409b6e03f9441ff3c5c3fc66e0db956031025ffca1702ed23e99238b6229c9,plateau,15,batch_005,sample_0630,False,0.010925798386823936,0.013384209588547993,0.023178458213806152
loco_plateau,capacity_matched_deepsets,46,b005_0380,9373bd39ad3438c8b68e44ed9913af85cc6aa4598a1d16ee56e8aa54d6b7e8ad,plateau,7,batch_005,sample_0631,False,0.006506200085897915,0.00868647905592662,0.015226483345031738
loco_plateau,capacity_matched_deepsets,46,b005_0381,69369739915ea5865caaa0a97202deb36c3f5d9d99624a932280b9ccaec1ad7a,plateau,8,batch_005,sample_0632,False,0.008910121487789467,0.01136710821795293,0.01535487174987793
loco_plateau,capacity_matched_deepsets,46,b005_0382,2d2b38ecba4efd0196a13bbe391dd3bf0713ebf5519032458d2874f9b5b799ea,plateau,6,batch_005,sample_0633,False,0.006362928718817038,0.007607433782506662,0.01898014545440674
loco_plateau,capacity_matched_deepsets,46,b005_0383,c3f96572b536df535317375fdc5e4706ac369468646788bb728a81d80ebbf8cd,plateau,9,batch_005,sample_0634,False,0.02173582983554387,0.02485771344584715,0.04634854197502136
loco_plateau,capacity_matched_deepsets,46,b005_0384,4f787d72c2991ce6d0932240e622e61affe479a7fa2dd35ab8bcdc5923ff28ed,plateau,13,batch_005,sample_0635,False,0.017615531067379186,0.02014634835330017,0.06979590654373169
loco_plateau,capacity_matched_deepsets,46,b005_0386,301947d5dbc16fbb140de6b8a02a472b8129263d9f0a15b48f047dc956897100,plateau,8,batch_005,sample_0636,False,0.004459641140992524,0.006813420000853847,0.023863255977630615
loco_plateau,capacity_matched_deepsets,46,b005_0387,8de22ed78a2ba566ad5d579cb268e029471143e2f0356e36c926f297c636ec17,plateau,1,batch_005,sample_0637,False,0.013464240662631442,0.016677769313882953,0.047818392515182495
loco_plateau,capacity_matched_deepsets,46,b005_0388,7018dd5a29322b02c1632cd20271bff3ce888a19228aa52114aa77b9400eb91b,plateau,10,batch_005,sample_0638,False,0.006865198006395434,0.009240333622114565,0.028657972812652588
loco_plateau,capacity_matched_deepsets,46,b005_0391,befff6f241f67d94d7753d00fbb0c58bb90217d18320366e8efddcc6b98d1cf6,plateau,7,batch_005,sample_0639,False,0.005854302620301481,0.008173349273178419,0.02013641595840454
loco_plateau,capacity_matched_deepsets,46,b005_0392,c8557ed9f63b99ebd2c6c477e7131c72de41dc16fb5e94bfd97d94fa611c210b,plateau,10,batch_005,sample_0640,False,0.01001643108539894,0.012301102357659452,0.02605491876602173
loco_plateau,capacity_matched_deepsets,46,b005_0393,93eb3bacea701426087e75941806b407760420360c2377bbc814db1682f2a1d4,plateau,5,batch_005,sample_0641,False,0.009181311873138929,0.011873867655982698,0.03925502300262451
loco_plateau,capacity_matched_deepsets,46,b005_0394,df92d1d4b0476ec691828cb2651348409e75a7cc4379821060d4a774189be132,plateau,9,batch_005,sample_0642,False,0.00690562876521564,0.009164480152702489,0.03837054967880249
loco_plateau,capacity_matched_deepsets,46,b005_0395,83ecfc111bb85fd355498ca7b8a4bb47c26e405c679f3515a1aafc4d7cefab6c,plateau,5,batch_005,sample_0643,False,0.015329826317849706,0.0178559837690917,0.029675275087356567
loco_plateau,capacity_matched_deepsets,46,b005_0397,c8766140f84f514dc30d7035d42f2067f8e50cef0a1eee335dbb302ad43b3441,plateau,1,batch_005,sample_0644,False,0.008336791982416247,0.01116194266858954,0.03837355971336365
loco_plateau,capacity_matched_deepsets,46,b005_0398,c5312b8757553a4ab6a18f87cd43e9086663093a1069e7c08549a0cd2de261d6,plateau,13,batch_005,sample_0645,False,0.013021704603414067,0.016985249276569813,0.02350616455078125
loco_plateau,gnn,42,b004_0101,cb286dce3fb5e4de9ce7cd24a593b3729810700f461d4dea7e7e806081a6c243,plateau,7,batch_004,sample_0098,False,0.013931753938315345,0.016060184874654018,0.0324062705039978
loco_plateau,gnn,42,b004_0106,68a631e45d1432b8c277623aa36bd14caa372804b8363ec96ef67ddc8eb20d1c,plateau,3,batch_004,sample_0102,False,0.008063007634682734,0.010069727823150717,0.026201069355010986
loco_plateau,gnn,42,b004_0115,f799b5290dd4072521a7449c1abf33ff526f22f67b776e873628d3cbca0ba783,plateau,3,batch_004,sample_0107,False,0.00653562560433247,0.009287005468336877,0.013733252882957458
loco_plateau,gnn,42,b004_0130,2188740cfe38cf9d440c67431f559d83d2a1ce7ae59ca2bedcf02bb69f466e50,plateau,8,batch_004,sample_0120,False,0.008614334842709244,0.011232718100457631,0.02905052900314331
loco_plateau,gnn,42,b004_0136,04889ebdfb5784327f3b9088bf6df01afa628294490b202c173ef0b14838e962,plateau,2,batch_004,sample_0125,False,0.005208044083880596,0.006848466414180476,0.016201555728912354
loco_plateau,gnn,42,b004_0147,1fa51a6e404fd88eb385d6766311d069515a32e28126ff01697c509152d5f502,plateau,7,batch_004,sample_0131,False,0.011728631729473834,0.014295119211547637,0.023413315415382385
loco_plateau,gnn,42,b004_0154,aac35af72b9a33754898cad920897b67d2af68b9260ad250b7fcaebd06f32dcc,plateau,8,batch_004,sample_0136,False,0.010983981680674632,0.013911062823279752,0.03201034665107727
loco_plateau,gnn,42,b004_0155,1d0a46c8f6e17a86034c6bb9d66c4b03d098b69ff514fc02f28ea63be0b42c7e,plateau,6,batch_004,sample_0137,False,0.007926571076033546,0.011172435637788646,0.025326400995254517
loco_plateau,gnn,42,b004_0163,4873613114b6d71d3a19feac4e2a6cca6a1aea7cedee70e6461fcb308fcd40a1,plateau,8,batch_004,sample_0144,False,0.015969423241302617,0.0188927220732308,0.03514307737350464
loco_plateau,gnn,42,b004_0166,8acc23b2c14cbb42c17a2dcc988fac65c64813d2829e3784719d447b5ed718b7,plateau,6,batch_004,sample_0146,False,0.009278651510105759,0.011862500515408306,0.02771654725074768
loco_plateau,gnn,42,b004_0189,83c666a66b41c149f65ddc8bd970a7e25625b9d2da4a74aa495eb63512733e3d,plateau,1,batch_004,sample_0163,False,0.009843945258953532,0.01342874548022898,0.03823038935661316
loco_plateau,gnn,42,b004_0192,e59076b7dd3091c6a35a126a9200a5d87d04f635db59270bb6abf483a0ca6b6b,plateau,3,batch_004,sample_0166,False,0.008315039523800865,0.01083381600079149,0.02519667148590088
loco_plateau,gnn,42,b004_0198,36b24bbee6d7a71d6d85eb0f4637e3435adb468ab33422dad8a99a2687c94a43,plateau,3,batch_004,sample_0172,False,0.006315176298872369,0.007873242882065194,0.016955196857452393
loco_plateau,gnn,42,b004_0206,0f83d6a5c144dfa616333adc1bd57529c0d4b0a6391f6abd2b3df69ae12643d9,plateau,8,batch_004,sample_0176,False,0.018730689267643163,0.021823876164572004,0.04901513457298279
loco_plateau,gnn,42,b004_0208,1e7355104cb1bc6623bb84e83c8b136fc6530491967649406726860c46d55882,plateau,3,batch_004,sample_0177,False,0.006009152861403637,0.007258721521551196,0.015381202101707458
loco_plateau,gnn,42,b004_0209,440c0cdd2e0fa5883c06758ead647f3129254dd10b206bf0c4a01275bc82806b,plateau,7,batch_004,sample_0178,False,0.012425580718478218,0.014351628920691152,0.02364259958267212
loco_plateau,gnn,42,b004_0226,61bdc1b24112322d60eb9bd84ba71d642a105873858653a3edd7bfe0a5c1b34e,plateau,7,batch_004,sample_0190,False,0.006228097393864491,0.008597207265082233,0.038684844970703125
loco_plateau,gnn,42,b004_0229,af1d00f7a0b787f92bf6455e06a745c2e040b11b6d56cb70a91a0e9bbecca3e3,plateau,4,batch_004,sample_0193,False,0.007441068587244534,0.009147764731605645,0.022954225540161133
loco_plateau,gnn,42,b004_0232,c19c313f6ced6796888a79b2f089c97c626a7f821d056d6da34ee52cdd9ede4e,plateau,2,batch_004,sample_0195,False,0.007928710980493515,0.00996000150269432,0.027956992387771606
loco_plateau,gnn,42,b004_0238,ab344aa6b1603d38f985e697b8d5e23f92cabe2cfdec495cd63bf30832b339b7,plateau,3,batch_004,sample_0201,False,0.009220458994634816,0.011818446771627873,0.035705626010894775
loco_plateau,gnn,42,b004_0269,4bc4fd552a3fec6bec5222fbe2344ba232c661859418bb0be167915721ee5291,plateau,5,batch_004,sample_0225,False,0.012411388705988399,0.014779958170854302,0.029658854007720947
loco_plateau,gnn,42,b004_0270,6e734c0ce0d34a99ed4ad267e7228f80d1e1937ed9cfb2a2531b08dd05b3f9f4,plateau,2,batch_004,sample_0226,False,0.009020458051904302,0.011876970662232339,0.02828514575958252
loco_plateau,gnn,42,b004_0276,7b18e593b02cd8067d1393f0e63f941e25eff1aa515facc3feca5d594c0b32f6,plateau,3,batch_004,sample_0231,False,0.010168418105019898,0.014720373302072215,0.05075734853744507
loco_plateau,gnn,42,b004_0280,99c63bb4954aeef83d20697237d20468a2082dc550b92994ed9c8b0d2e53aeb4,plateau,3,batch_004,sample_0235,False,0.007081235041383837,0.00952719217490602,0.016726195812225342
loco_plateau,gnn,42,b004_0284,315251daf704e2ddebf079b4618bac7ddc803651927693240201fda0ae19713e,plateau,7,batch_004,sample_0238,False,0.016015808357567083,0.01892556975864529,0.03287145495414734
loco_plateau,gnn,42,b004_0285,538882c9fc437f403f576e9537afa2d0e9d19640d587ec09abf294580a7a5439,plateau,5,batch_004,sample_0239,False,0.00910843298083446,0.0118310009542275,0.020318984985351562
loco_plateau,gnn,42,b004_0286,1f1d5a524d03753ee50cb34e15a725be31a3f16360c0873f815fa3617c634af9,plateau,2,batch_004,sample_0240,False,0.01008865811297151,0.013986814300095856,0.02342084050178528
loco_plateau,gnn,42,b004_0291,5cb317353c4e3be13450815c4705cf51b35ccbcd7f9d37f0e177ea0c467b5f57,plateau,1,batch_004,sample_0243,False,0.00798861450347744,0.010329093104681787,0.03596384823322296
loco_plateau,gnn,42,b004_0298,caa33739bb94bf3e4107ea13ebaefa854b1845ee09a860ac973faad33ffc7834,plateau,5,batch_004,sample_0250,False,0.007959539528752937,0.009748961407819891,0.02087932825088501
loco_plateau,gnn,42,b004_0303,de67b515620baea3c5921d16c351e24f283039e6be0dbb711689e9c13ccfdcd8,plateau,7,batch_004,sample_0254,False,0.010782315594251038,0.013258262408845369,0.027874529361724854
loco_plateau,gnn,42,b004_0312,aae428a0b7988c9a08ec2cd887e629b34ead9427365e120773f787d5e67957c1,plateau,8,batch_004,sample_0261,False,0.010937250784186066,0.013129547446891291,0.026430487632751465
loco_plateau,gnn,42,b004_0328,230d653e29b05c6cac38da6d0de4c13e4f666cbcf2f18fd0f9301c8565cc11a3,plateau,4,batch_004,sample_0274,False,0.005673171982901995,0.0075135956537491135,0.014440923929214478
loco_plateau,gnn,42,b004_0335,3af73a16bdf592f38afc48342dd2996cc2332054b38bc004699cef76f2f2027c,plateau,4,batch_004,sample_0278,False,0.010267394732256404,0.013005634897841355,0.03358837962150574
loco_plateau,gnn,42,b004_0336,b1a27cded5990829ff83324d88a32190c7c9723de6ef9887de3b888774969a57,plateau,1,batch_004,sample_0279,False,0.012463912856383402,0.015763051263379697,0.022274792194366455
loco_plateau,gnn,42,b004_0367,c318564675cfb510af8b85e2c440c5474c6897ca4e9cdaf29a6217c1c607614e,plateau,5,batch_004,sample_0304,False,0.01303952419366993,0.0156958747390414,0.04534447193145752
loco_plateau,gnn,42,b004_0378,b10baedc312e4d2d36427845a0f1a1cbffe556d2f64623a9674249752d97956c,plateau,8,batch_004,sample_0313,False,0.010050337700570216,0.011548558333695199,0.032644808292388916
loco_plateau,gnn,42,b004_0379,c6e6ea944f341106836d770add03411f9b6a1a984c07c96bec5e68fdcf226108,plateau,6,batch_004,sample_0314,False,0.006538086677672433,0.007983007772015938,0.019760459661483765
loco_plateau,gnn,42,b004_0385,1669f1f0995158292efaccb221bf4e371f369d987f6008fc5bbb7afeb0d048df,plateau,7,batch_004,sample_0319,False,0.006732356108602931,0.00916726486024828,0.02593165636062622
loco_plateau,gnn,42,b004_0387,09be75b148104dc8d00eb69fe791588c388b9ebb3038b53094e45349b135be7d,plateau,8,batch_004,sample_0321,False,0.014016563286546801,0.0162461829853829,0.028646200895309448
loco_plateau,gnn,42,b005_0318,924387d745bc9120e456294ff4a08ad9a1d65425b1cd2775143ca2ab2f71ce55,plateau,7,batch_005,sample_0582,False,0.009110606596118113,0.011832493511569517,0.027016282081604004
loco_plateau,gnn,42,b005_0319,800520051cbd61e759abc8ff464d9452f0af7501ab267ce886d3229fe3d764b4,plateau,2,batch_005,sample_0583,False,0.007623187098346773,0.009028166292829305,0.024351656436920166
loco_plateau,gnn,42,b005_0320,ef3c4b806db3686e52b040856eeaa178271e38922d72178a07cfb1b60c5a9815,plateau,9,batch_005,sample_0584,False,0.006178154564294659,0.010459587351146918,0.025774210691452026
loco_plateau,gnn,42,b005_0322,dfa2ca4229967a5ccb2b1248146a521a8c13b2c9123ed436514968a5b39c468b,plateau,12,batch_005,sample_0585,False,0.00737360272495473,0.010113754572837896,0.02844870090484619
loco_plateau,gnn,42,b005_0323,cce3714177813b75d94654611ce899a21ca23c71fe16d59197e83af8d254e95f,plateau,11,batch_005,sample_0586,False,0.006565248868504509,0.009861721694465144,0.023711085319519043
loco_plateau,gnn,42,b005_0324,27fb8c31fc60138ca610456685ff39808517e467177b4b76e23ad2cc9ef40e79,plateau,3,batch_005,sample_0587,False,0.007115454336658853,0.009817401118474735,0.03630074858665466
loco_plateau,gnn,42,b005_0325,57c15407e4e74b16ef1107b3fd3d0f28bd18e2d5f422f8887bb3ae4f2ee71cfd,plateau,6,batch_005,sample_0588,False,0.007290019363653464,0.009449769944578839,0.01616722345352173
loco_plateau,gnn,42,b005_0326,e2760e685a5883648d6d91d72b6f825497ff6177a7ae51fd1d4a4f618192fbd3,plateau,4,batch_005,sample_0589,False,0.015475112288335308,0.019030057987913344,0.04807373881340027
loco_plateau,gnn,42,b005_0327,c0f2d02506a33f5dad5fa8e5c65ba0f14cdafffb85f55797608be3df54e8cf61,plateau,1,batch_005,sample_0590,False,0.005638697108284372,0.006716081032154474,0.01471787691116333
loco_plateau,gnn,42,b005_0328,55b4a6a2ff50fc37c4d86d31a2943c392e669602f37411c18ea7e0f718c7a49b,plateau,10,batch_005,sample_0591,False,0.00903584038624998,0.011346634360594696,0.043165385723114014
loco_plateau,gnn,42,b005_0329,25396912ea3a078cfdcae941ea89787bb0803f1346b6c5c886e75f5af0e4014c,plateau,5,batch_005,sample_0592,False,0.009958757484545474,0.01137462647010522,0.02152124047279358
loco_plateau,gnn,42,b005_0330,2d2987c8fa8b70de85851fccd3598561568f323c9bc1e48b9082c225851dca74,plateau,7,batch_005,sample_0593,False,0.006104685732575714,0.007837870453267934,0.02041846513748169
loco_plateau,gnn,42,b005_0331,fe117b09b49c597131e2f6e1b8feb5a597f6b009e1fc51e947e1c4258965cb3a,plateau,8,batch_005,sample_0594,False,0.012912977914341161,0.01795316298073741,0.055646300315856934
loco_plateau,gnn,42,b005_0332,8ef7167927072aa036a58c5f6faa4277ddbc7c3f91bcb16661ae1d24abac8490,plateau,8,batch_005,sample_0595,False,0.005317868267903562,0.007425304729740886,0.03145039081573486
loco_plateau,gnn,42,b005_0333,c3c2056eaa15eef1a5f1836e18a193479b6f32b671a8a83de228a107692ada54,plateau,1,batch_005,sample_0596,False,0.006385424830874458,0.008663188504826542,0.024737238883972168
loco_plateau,gnn,42,b005_0334,3bbd10db0ca1e022a95db792674aa00f019fd5856e68ce360feb007d0fe711f4,plateau,14,batch_005,sample_0597,False,0.012306871839234085,0.013466132198686621,0.028585493564605713
loco_plateau,gnn,42,b005_0336,0747b020d2d22e1f5e7519b418cc9b8327b7656cbdb5b6a0c84c741abbc0e102,plateau,5,batch_005,sample_0598,False,0.009465840019163538,0.010846584700673347,0.02010101079940796
loco_plateau,gnn,42,b005_0338,115982b394b483309f71c61baca7ee9f7623a932a8116d9e7603f0819aecb7ce,plateau,11,batch_005,sample_0599,False,0.009311670406920011,0.012494927823720872,0.04047876596450806
loco_plateau,gnn,42,b005_0339,5a157ab2ed0b98a6d23ad8857e1765864193424d5249af315f29d82bd5969aec,plateau,1,batch_005,sample_0600,False,0.006634368942897828,0.00983943074406507,0.03586646914482117
loco_plateau,gnn,42,b005_0341,aa391e2b07bdd6168406810253aa95ddc48980e3dc4f63b3df9c1ea6807dbc8e,plateau,9,batch_005,sample_0601,False,0.005847162765557649,0.010525123870657611,0.021883785724639893
loco_plateau,gnn,42,b005_0344,6eb77d3cd6491920848da180bb4de9dc6bc0b37ef91bd1ab7ff630ab55038dfb,plateau,8,batch_005,sample_0602,False,0.011800926239764104,0.014780505615031487,0.0408744215965271
loco_plateau,gnn,42,b005_0345,a300e398fad1a0e6431c0978a839d6f5ba716e8b388e8dda603311639de6f280,plateau,4,batch_005,sample_0603,False,0.005759714079684898,0.0079948992009505,0.03630495071411133
loco_plateau,gnn,42,b005_0346,64090025074679c6ba642a06fb71e932babe2025b967ef6f2f6b1d8f5ad03bba,plateau,7,batch_005,sample_0604,False,0.012815673698167333,0.016785761240006705,0.048615872859954834
loco_plateau,gnn,42,b005_0347,f351afe68d58358a3632f7f01ae10c313d89f47accf5981900e558140d1bfbff,plateau,8,batch_005,sample_0605,False,0.022109267897293217,0.02491367410733077,0.035405173897743225
loco_plateau,gnn,42,b005_0348,9047f61e8be36c807011000fd79892f9747fc9f2b5d36e0905a12cc71cf27077,plateau,5,batch_005,sample_0606,False,0.007338521177651452,0.010205728879648648,0.03533405065536499
loco_plateau,gnn,42,b005_0349,c30ce3c339ea2d458d6b92c6a2de60810ca4393b4b9c7acd9f3e78a68c60481d,plateau,8,batch_005,sample_0607,False,0.009985097027460083,0.015286000411054525,0.05504477024078369
loco_plateau,gnn,42,b005_0350,1023f3a6c18df8c4890c9d45fa6b65adbbc9733ddc3561c3e25572947e28011e,plateau,4,batch_005,sample_0608,False,0.009400347522536262,0.012452311984678645,0.03634524345397949
loco_plateau,gnn,42,b005_0351,f915d37994404288414823d1bbb6b5e3931c9ad94ae24b67272d3c8362d85400,plateau,9,batch_005,sample_0609,False,0.01049999373613811,0.013608950874377971,0.05772054195404053
loco_plateau,gnn,42,b005_0352,5f0ae19a03996e46eda8c90413fc45b8985b85b82d4f47d4a22a10847efdc7d4,plateau,8,batch_005,sample_0610,False,0.013898721117465223,0.017663312101624938,0.036218106746673584
loco_plateau,gnn,42,b005_0353,05e5a33d12166760b02827e96c5a0446d2d46d0bac028f2a76145a206386e918,plateau,6,batch_005,sample_0611,False,0.009634768376584913,0.012594029767545289,0.04325038194656372
loco_plateau,gnn,42,b005_0354,fadf7a0b5c1bc2a8d8355725a59dcbd92af98cb7514eabc127842f5c4b4bef47,plateau,8,batch_005,sample_0612,False,0.01214175072849774,0.015485830412221447,0.041230469942092896
loco_plateau,gnn,42,b005_0355,4d85219246b5dad59cb85d9fa3c1936680c4c9ef047c5cef4218f3b15c1e939c,plateau,4,batch_005,sample_0613,False,0.011589446517287707,0.013845947596486836,0.018808960914611816
loco_plateau,gnn,42,b005_0356,4d68bdd50ef81490f46d2a8e1897ab3bb663920d094e1cbb0b28ba7113382e88,plateau,2,batch_005,sample_0614,False,0.0073663919675545616,0.010613412383279239,0.03157252073287964
loco_plateau,gnn,42,b005_0359,4c1573f83055d1187f7f6cd3d9baae0038086645d81eee72897606cc9d5c570c,plateau,5,batch_005,sample_0615,False,0.01090346102709653,0.014298183264687766,0.04666447639465332
loco_plateau,gnn,42,b005_0360,686bd58ef008dcf1a1a7c6f4d10f2f843038b4350a135434e4ccc66a580f0f5d,plateau,8,batch_005,sample_0616,False,0.00838999877699086,0.010499568059583474,0.025021493434906006
loco_plateau,gnn,42,b005_0361,96f4761fc6c8f7f70f150f08d1184ebb6ce1b5aaa442426bf462bb08296c1a3b,plateau,8,batch_005,sample_0617,False,0.016071012274163667,0.019091305058574513,0.05683541297912598
loco_plateau,gnn,42,b005_0362,1afc1c036950d3674b72ba96e3a3beaf89086ebc191f828798460411f6637095,plateau,14,batch_005,sample_0618,False,0.008198061438857531,0.010749815214018132,0.022984951734542847
loco_plateau,gnn,42,b005_0363,c4e17a05dde40f17497a58db0f20c7fa3893089c99b4e61d2abb1683d73c2708,plateau,3,batch_005,sample_0619,False,0.00766944347834978,0.00939479578534249,0.020958006381988525
loco_plateau,gnn,42,b005_0364,f789b385523cb681d859a20015bfbe6406d3d1a4e0993fd9931fc56524052232,plateau,7,batch_005,sample_0620,False,0.012479128285509641,0.015283935091865703,0.029807567596435547
loco_plateau,gnn,42,b005_0365,bf0f2b2de55694fffbc786504dd644ea825c40182b9b220d53b89c8a37ed6c50,plateau,2,batch_005,sample_0621,False,0.011359079023365115,0.014587587558932446,0.04105600714683533
loco_plateau,gnn,42,b005_0366,ff9baf0d1ecf79479db89955f4239351d1d12145c830cf12c7c6743740bef107,plateau,1,batch_005,sample_0622,False,0.01283485271403047,0.017530564370589707,0.05652904510498047
loco_plateau,gnn,42,b005_0367,55ae06c4d49e4f4bca3994c646b4a4477cbe684a94491baec3ccacaf8913cdc4,plateau,6,batch_005,sample_0623,False,0.0073045225294887045,0.010109401562030449,0.02838219702243805
loco_plateau,gnn,42,b005_0369,3d7c1523d7f7a701ba8c8c8653f377b8bce5dcb75dd5e777fc37ea2547a10cd1,plateau,11,batch_005,sample_0624,False,0.007043443009501598,0.011351851334614861,0.048873186111450195
loco_plateau,gnn,42,b005_0370,02430a0e963a0b380b2bc0d082219d1cf06081fa567fed08f912ffa7dfe10051,plateau,5,batch_005,sample_0625,False,0.009472952514398293,0.01184898501062434,0.015072822570800781
loco_plateau,gnn,42,b005_0374,e78a3e8bf3a5373c93d1d439c82fbdadf0d6d220b3240b14bb5f3bc3f6e4f09a,plateau,1,batch_005,sample_0626,False,0.010277061433088585,0.01264575220370523,0.02473658323287964
loco_plateau,gnn,42,b005_0376,e2cf5195bd63a11d9d1ca2e66c51888dcca34e1ae84251c784a18a3f37096e59,plateau,3,batch_005,sample_0627,False,0.006611700368220689,0.008703388883565593,0.0252227783203125
loco_plateau,gnn,42,b005_0377,3f7f8648f1cca1b0bde98bd8dd3709da82b522777e245fb04f2e547d74fb458c,plateau,3,batch_005,sample_0628,False,0.007911122724658153,0.010725052925189153,0.043182551860809326
loco_plateau,gnn,42,b005_0378,046e2b649304ef7368e59229d0d93e66e7a45cef80450c188bed4c2d3d1fdc8d,plateau,11,batch_005,sample_0629,False,0.010269212673922053,0.012916741873663774,0.028670430183410645
loco_plateau,gnn,42,b005_0379,1f409b6e03f9441ff3c5c3fc66e0db956031025ffca1702ed23e99238b6229c9,plateau,15,batch_005,sample_0630,False,0.008986583498657727,0.01228578019597856,0.02419865131378174
loco_plateau,gnn,42,b005_0380,9373bd39ad3438c8b68e44ed9913af85cc6aa4598a1d16ee56e8aa54d6b7e8ad,plateau,7,batch_005,sample_0631,False,0.005603551620342692,0.007701530833452459,0.0265272855758667
loco_plateau,gnn,42,b005_0381,69369739915ea5865caaa0a97202deb36c3f5d9d99624a932280b9ccaec1ad7a,plateau,8,batch_005,sample_0632,False,0.005909841568743596,0.007636352145980932,0.022358477115631104
loco_plateau,gnn,42,b005_0382,2d2b38ecba4efd0196a13bbe391dd3bf0713ebf5519032458d2874f9b5b799ea,plateau,6,batch_005,sample_0633,False,0.005124402095059879,0.006501806690197789,0.0160524845123291
loco_plateau,gnn,42,b005_0383,c3f96572b536df535317375fdc5e4706ac369468646788bb728a81d80ebbf8cd,plateau,9,batch_005,sample_0634,False,0.01969292140031447,0.02306304852095481,0.04948104918003082
loco_plateau,gnn,42,b005_0384,4f787d72c2991ce6d0932240e622e61affe479a7fa2dd35ab8bcdc5923ff28ed,plateau,13,batch_005,sample_0635,False,0.016024508681453643,0.018365088793213958,0.05858737230300903
loco_plateau,gnn,42,b005_0386,301947d5dbc16fbb140de6b8a02a472b8129263d9f0a15b48f047dc956897100,plateau,8,batch_005,sample_0636,False,0.012312049626326952,0.014398772558323674,0.04928779602050781
loco_plateau,gnn,42,b005_0387,8de22ed78a2ba566ad5d579cb268e029471143e2f0356e36c926f297c636ec17,plateau,1,batch_005,sample_0637,False,0.012975678183749074,0.01591710986180333,0.037327080965042114
loco_plateau,gnn,42,b005_0388,7018dd5a29322b02c1632cd20271bff3ce888a19228aa52114aa77b9400eb91b,plateau,10,batch_005,sample_0638,False,0.007552263800237999,0.011352737826153942,0.030334055423736572
loco_plateau,gnn,42,b005_0391,befff6f241f67d94d7753d00fbb0c58bb90217d18320366e8efddcc6b98d1cf6,plateau,7,batch_005,sample_0639,False,0.007584530676974625,0.01006889941706062,0.02982574701309204
loco_plateau,gnn,42,b005_0392,c8557ed9f63b99ebd2c6c477e7131c72de41dc16fb5e94bfd97d94fa611c210b,plateau,10,batch_005,sample_0640,False,0.013721286029112144,0.016372534136404073,0.03654658794403076
loco_plateau,gnn,42,b005_0393,93eb3bacea701426087e75941806b407760420360c2377bbc814db1682f2a1d4,plateau,5,batch_005,sample_0641,False,0.008484949342540054,0.010327992323104798,0.02812516689300537
loco_plateau,gnn,42,b005_0394,df92d1d4b0476ec691828cb2651348409e75a7cc4379821060d4a774189be132,plateau,9,batch_005,sample_0642,False,0.016646859342934656,0.018888299506537032,0.06228119134902954
loco_plateau,gnn,42,b005_0395,83ecfc111bb85fd355498ca7b8a4bb47c26e405c679f3515a1aafc4d7cefab6c,plateau,5,batch_005,sample_0643,False,0.015941092469653147,0.01853441526655707,0.03214791417121887
loco_plateau,gnn,42,b005_0397,c8766140f84f514dc30d7035d42f2067f8e50cef0a1eee335dbb302ad43b3441,plateau,1,batch_005,sample_0644,False,0.009591938286531166,0.011001310352258811,0.026907384395599365
loco_plateau,gnn,42,b005_0398,c5312b8757553a4ab6a18f87cd43e9086663093a1069e7c08549a0cd2de261d6,plateau,13,batch_005,sample_0645,False,0.016868243940541,0.02014348468590731,0.026074230670928955
loco_plateau,gnn,43,b004_0101,cb286dce3fb5e4de9ce7cd24a593b3729810700f461d4dea7e7e806081a6c243,plateau,7,batch_004,sample_0098,False,0.00603774971649295,0.00795850617631648,0.03577625751495361
loco_plateau,gnn,43,b004_0106,68a631e45d1432b8c277623aa36bd14caa372804b8363ec96ef67ddc8eb20d1c,plateau,3,batch_004,sample_0102,False,0.006022706933197428,0.008434137576776793,0.021961867809295654
loco_plateau,gnn,43,b004_0115,f799b5290dd4072521a7449c1abf33ff526f22f67b776e873628d3cbca0ba783,plateau,3,batch_004,sample_0107,False,0.005988596404185061,0.008422507731863212,0.014568328857421875
loco_plateau,gnn,43,b004_0130,2188740cfe38cf9d440c67431f559d83d2a1ce7ae59ca2bedcf02bb69f466e50,plateau,8,batch_004,sample_0120,False,0.00795873620959579,0.01082385240137827,0.04139930009841919
loco_plateau,gnn,43,b004_0136,04889ebdfb5784327f3b9088bf6df01afa628294490b202c173ef0b14838e962,plateau,2,batch_004,sample_0125,False,0.006286550068952998,0.007791193794500986,0.018890485167503357
loco_plateau,gnn,43,b004_0147,1fa51a6e404fd88eb385d6766311d069515a32e28126ff01697c509152d5f502,plateau,7,batch_004,sample_0131,False,0.011344283147424947,0.013645464926063,0.023711323738098145
loco_plateau,gnn,43,b004_0154,aac35af72b9a33754898cad920897b67d2af68b9260ad250b7fcaebd06f32dcc,plateau,8,batch_004,sample_0136,False,0.010121789806690372,0.012839867922531502,0.029268264770507812
loco_plateau,gnn,43,b004_0155,1d0a46c8f6e17a86034c6bb9d66c4b03d098b69ff514fc02f28ea63be0b42c7e,plateau,6,batch_004,sample_0137,False,0.008099258190295736,0.010623443125985768,0.02551242709159851
loco_plateau,gnn,43,b004_0163,4873613114b6d71d3a19feac4e2a6cca6a1aea7cedee70e6461fcb308fcd40a1,plateau,8,batch_004,sample_0144,False,0.012152212809343806,0.014126857295580237,0.02382102608680725
loco_plateau,gnn,43,b004_0166,8acc23b2c14cbb42c17a2dcc988fac65c64813d2829e3784719d447b5ed718b7,plateau,6,batch_004,sample_0146,False,0.010093455065469274,0.012427441211137685,0.032052814960479736
loco_plateau,gnn,43,b004_0189,83c666a66b41c149f65ddc8bd970a7e25625b9d2da4a74aa495eb63512733e3d,plateau,1,batch_004,sample_0163,False,0.008816388053972214,0.012247575088755082,0.03452673554420471
loco_plateau,gnn,43,b004_0192,e59076b7dd3091c6a35a126a9200a5d87d04f635db59270bb6abf483a0ca6b6b,plateau,3,batch_004,sample_0166,False,0.0076728676308373935,0.010083981235970207,0.029405534267425537
loco_plateau,gnn,43,b004_0198,36b24bbee6d7a71d6d85eb0f4637e3435adb468ab33422dad8a99a2687c94a43,plateau,3,batch_004,sample_0172,False,0.006446163429588568,0.007912667043691072,0.015427947044372559
loco_plateau,gnn,43,b004_0206,0f83d6a5c144dfa616333adc1bd57529c0d4b0a6391f6abd2b3df69ae12643d9,plateau,8,batch_004,sample_0176,False,0.018635739557078628,0.021880063089650386,0.050998181104660034
loco_plateau,gnn,43,b004_0208,1e7355104cb1bc6623bb84e83c8b136fc6530491967649406726860c46d55882,plateau,3,batch_004,sample_0177,False,0.00686096076349743,0.008655382451378833,0.023959040641784668
loco_plateau,gnn,43,b004_0209,440c0cdd2e0fa5883c06758ead647f3129254dd10b206bf0c4a01275bc82806b,plateau,7,batch_004,sample_0178,False,0.010226489090528644,0.012009395215217156,0.023873090744018555
loco_plateau,gnn,43,b004_0226,61bdc1b24112322d60eb9bd84ba71d642a105873858653a3edd7bfe0a5c1b34e,plateau,7,batch_004,sample_0190,False,0.009073611898500412,0.010624905227406764,0.03157079219818115
loco_plateau,gnn,43,b004_0229,af1d00f7a0b787f92bf6455e06a745c2e040b11b6d56cb70a91a0e9bbecca3e3,plateau,4,batch_004,sample_0193,False,0.008066305676933195,0.009172779533318898,0.01492995023727417
loco_plateau,gnn,43,b004_0232,c19c313f6ced6796888a79b2f089c97c626a7f821d056d6da34ee52cdd9ede4e,plateau,2,batch_004,sample_0195,False,0.006717013775325212,0.008278858919379763,0.021133989095687866
loco_plateau,gnn,43,b004_0238,ab344aa6b1603d38f985e697b8d5e23f92cabe2cfdec495cd63bf30832b339b7,plateau,3,batch_004,sample_0201,False,0.008389569452551544,0.012499908561907209,0.045892953872680664
loco_plateau,gnn,43,b004_0269,4bc4fd552a3fec6bec5222fbe2344ba232c661859418bb0be167915721ee5291,plateau,5,batch_004,sample_0225,False,0.00867259551267155,0.011095678850490651,0.02521371841430664
loco_plateau,gnn,43,b004_0270,6e734c0ce0d34a99ed4ad267e7228f80d1e1937ed9cfb2a2531b08dd05b3f9f4,plateau,2,batch_004,sample_0226,False,0.007053779224391843,0.009020884513491813,0.025797605514526367
loco_plateau,gnn,43,b004_0276,7b18e593b02cd8067d1393f0e63f941e25eff1aa515facc3feca5d594c0b32f6,plateau,3,batch_004,sample_0231,False,0.009989245504629417,0.014889161648986897,0.04582697153091431
loco_plateau,gnn,43,b004_0280,99c63bb4954aeef83d20697237d20468a2082dc550b92994ed9c8b0d2e53aeb4,plateau,3,batch_004,sample_0235,False,0.009475360761900416,0.011281711100889715,0.020608797669410706
loco_plateau,gnn,43,b004_0284,315251daf704e2ddebf079b4618bac7ddc803651927693240201fda0ae19713e,plateau,7,batch_004,sample_0238,False,0.013651084460195948,0.01589385545886512,0.02560371160507202
loco_plateau,gnn,43,b004_0285,538882c9fc437f403f576e9537afa2d0e9d19640d587ec09abf294580a7a5439,plateau,5,batch_004,sample_0239,False,0.008588584720111285,0.01139779049895219,0.021855473518371582
loco_plateau,gnn,43,b004_0286,1f1d5a524d03753ee50cb34e15a725be31a3f16360c0873f815fa3617c634af9,plateau,2,batch_004,sample_0240,False,0.009178714612956907,0.011869940820012278,0.027167677879333496
loco_plateau,gnn,43,b004_0291,5cb317353c4e3be13450815c4705cf51b35ccbcd7f9d37f0e177ea0c467b5f57,plateau,1,batch_004,sample_0243,False,0.006844383710231937,0.009118876756555087,0.02998882532119751
loco_plateau,gnn,43,b004_0298,caa33739bb94bf3e4107ea13ebaefa854b1845ee09a860ac973faad33ffc7834,plateau,5,batch_004,sample_0250,False,0.006386584190071606,0.007975592192830469,0.015574932098388672
loco_plateau,gnn,43,b004_0303,de67b515620baea3c5921d16c351e24f283039e6be0dbb711689e9c13ccfdcd8,plateau,7,batch_004,sample_0254,False,0.006558388227322062,0.00827268229669049,0.011611461639404297
loco_plateau,gnn,43,b004_0312,aae428a0b7988c9a08ec2cd887e629b34ead9427365e120773f787d5e67957c1,plateau,8,batch_004,sample_0261,False,0.008960390432936246,0.011482359920789345,0.025403380393981934
loco_plateau,gnn,43,b004_0328,230d653e29b05c6cac38da6d0de4c13e4f666cbcf2f18fd0f9301c8565cc11a3,plateau,4,batch_004,sample_0274,False,0.005886527847071163,0.0077856747053581645,0.008157283067703247
loco_plateau,gnn,43,b004_0335,3af73a16bdf592f38afc48342dd2996cc2332054b38bc004699cef76f2f2027c,plateau,4,batch_004,sample_0278,False,0.009746883003438105,0.012303214748602064,0.03124937415122986
loco_plateau,gnn,43,b004_0336,b1a27cded5990829ff83324d88a32190c7c9723de6ef9887de3b888774969a57,plateau,1,batch_004,sample_0279,False,0.012545304953074847,0.016186762467094728,0.02155354619026184
loco_plateau,gnn,43,b004_0367,c318564675cfb510af8b85e2c440c5474c6897ca4e9cdaf29a6217c1c607614e,plateau,5,batch_004,sample_0304,False,0.007501163443581003,0.009947458913699022,0.039840102195739746
loco_plateau,gnn,43,b004_0378,b10baedc312e4d2d36427845a0f1a1cbffe556d2f64623a9674249752d97956c,plateau,8,batch_004,sample_0313,False,0.009522946032344317,0.0135663996771198,0.059282660484313965
loco_plateau,gnn,43,b004_0379,c6e6ea944f341106836d770add03411f9b6a1a984c07c96bec5e68fdcf226108,plateau,6,batch_004,sample_0314,False,0.00678023170740878,0.008134035725509178,0.010785281658172607
loco_plateau,gnn,43,b004_0385,1669f1f0995158292efaccb221bf4e371f369d987f6008fc5bbb7afeb0d048df,plateau,7,batch_004,sample_0319,False,0.0065489279442146175,0.008320372482106247,0.022676169872283936
loco_plateau,gnn,43,b004_0387,09be75b148104dc8d00eb69fe791588c388b9ebb3038b53094e45349b135be7d,plateau,8,batch_004,sample_0321,False,0.011277653887623647,0.013024727987717581,0.026043295860290527
loco_plateau,gnn,43,b005_0318,924387d745bc9120e456294ff4a08ad9a1d65425b1cd2775143ca2ab2f71ce55,plateau,7,batch_005,sample_0582,False,0.009001267738029605,0.011108480653350126,0.025531798601150513
loco_plateau,gnn,43,b005_0319,800520051cbd61e759abc8ff464d9452f0af7501ab267ce886d3229fe3d764b4,plateau,2,batch_005,sample_0583,False,0.005338018790620272,0.007286924956941028,0.023481100797653198
loco_plateau,gnn,43,b005_0320,ef3c4b806db3686e52b040856eeaa178271e38922d72178a07cfb1b60c5a9815,plateau,9,batch_005,sample_0584,False,0.009234021433064194,0.012133448873591395,0.03679150342941284
loco_plateau,gnn,43,b005_0322,dfa2ca4229967a5ccb2b1248146a521a8c13b2c9123ed436514968a5b39c468b,plateau,12,batch_005,sample_0585,False,0.010017343659381398,0.013260435177966807,0.024671733379364014
loco_plateau,gnn,43,b005_0323,cce3714177813b75d94654611ce899a21ca23c71fe16d59197e83af8d254e95f,plateau,11,batch_005,sample_0586,False,0.008245542889735738,0.010640560188433264,0.031577467918395996
loco_plateau,gnn,43,b005_0324,27fb8c31fc60138ca610456685ff39808517e467177b4b76e23ad2cc9ef40e79,plateau,3,batch_005,sample_0587,False,0.009628786171068911,0.01157723287875173,0.03205862641334534
loco_plateau,gnn,43,b005_0325,57c15407e4e74b16ef1107b3fd3d0f28bd18e2d5f422f8887bb3ae4f2ee71cfd,plateau,6,batch_005,sample_0588,False,0.006357994480211226,0.008107820519823155,0.015447229146957397
loco_plateau,gnn,43,b005_0326,e2760e685a5883648d6d91d72b6f825497ff6177a7ae51fd1d4a4f618192fbd3,plateau,4,batch_005,sample_0589,False,0.013129178236131786,0.016356951831298497,0.04096008837223053
loco_plateau,gnn,43,b005_0327,c0f2d02506a33f5dad5fa8e5c65ba0f14cdafffb85f55797608be3df54e8cf61,plateau,1,batch_005,sample_0590,False,0.0068875656264727235,0.008070294791698605,0.015096575021743774
loco_plateau,gnn,43,b005_0328,55b4a6a2ff50fc37c4d86d31a2943c392e669602f37411c18ea7e0f718c7a49b,plateau,10,batch_005,sample_0591,False,0.009592457384359642,0.011631162238606134,0.03603076934814453
loco_plateau,gnn,43,b005_0329,25396912ea3a078cfdcae941ea89787bb0803f1346b6c5c886e75f5af0e4014c,plateau,5,batch_005,sample_0592,False,0.0054431037336099344,0.0072266514548199,0.02460181713104248
loco_plateau,gnn,43,b005_0330,2d2987c8fa8b70de85851fccd3598561568f323c9bc1e48b9082c225851dca74,plateau,7,batch_005,sample_0593,False,0.005654207751399181,0.007662295615459363,0.022329390048980713
loco_plateau,gnn,43,b005_0331,fe117b09b49c597131e2f6e1b8feb5a597f6b009e1fc51e947e1c4258965cb3a,plateau,8,batch_005,sample_0594,False,0.01335549360660256,0.016543572471225322,0.04743713140487671
loco_plateau,gnn,43,b005_0332,8ef7167927072aa036a58c5f6faa4277ddbc7c3f91bcb16661ae1d24abac8490,plateau,8,batch_005,sample_0595,False,0.006977996498834891,0.008673164338033171,0.021080374717712402
loco_plateau,gnn,43,b005_0333,c3c2056eaa15eef1a5f1836e18a193479b6f32b671a8a83de228a107692ada54,plateau,1,batch_005,sample_0596,False,0.006706428698828963,0.009112489284017979,0.029640555381774902
loco_plateau,gnn,43,b005_0334,3bbd10db0ca1e022a95db792674aa00f019fd5856e68ce360feb007d0fe711f4,plateau,14,batch_005,sample_0597,False,0.012015374224694049,0.01417965604547131,0.027991056442260742
loco_plateau,gnn,43,b005_0336,0747b020d2d22e1f5e7519b418cc9b8327b7656cbdb5b6a0c84c741abbc0e102,plateau,5,batch_005,sample_0598,False,0.005607932806015015,0.007135785825101951,0.012697577476501465
loco_plateau,gnn,43,b005_0338,115982b394b483309f71c61baca7ee9f7623a932a8116d9e7603f0819aecb7ce,plateau,11,batch_005,sample_0599,False,0.008419142150488055,0.012959012496314506,0.056627094745635986
loco_plateau,gnn,43,b005_0339,5a157ab2ed0b98a6d23ad8857e1765864193424d5249af315f29d82bd5969aec,plateau,1,batch_005,sample_0600,False,0.007101630517205254,0.009724832876064123,0.035742729902267456
loco_plateau,gnn,43,b005_0341,aa391e2b07bdd6168406810253aa95ddc48980e3dc4f63b3df9c1ea6807dbc8e,plateau,9,batch_005,sample_0601,False,0.008759117334103976,0.014057152482904652,0.018448233604431152
loco_plateau,gnn,43,b005_0344,6eb77d3cd6491920848da180bb4de9dc6bc0b37ef91bd1ab7ff630ab55038dfb,plateau,8,batch_005,sample_0602,False,0.008977462766600436,0.011449334802115562,0.028510332107543945
loco_plateau,gnn,43,b005_0345,a300e398fad1a0e6431c0978a839d6f5ba716e8b388e8dda603311639de6f280,plateau,4,batch_005,sample_0603,False,0.0066089835323271204,0.008470946637674696,0.023596346378326416
loco_plateau,gnn,43,b005_0346,64090025074679c6ba642a06fb71e932babe2025b967ef6f2f6b1d8f5ad03bba,plateau,7,batch_005,sample_0604,False,0.009548254433225413,0.013605860371832802,0.04351198673248291
loco_plateau,gnn,43,b005_0347,f351afe68d58358a3632f7f01ae10c313d89f47accf5981900e558140d1bfbff,plateau,8,batch_005,sample_0605,False,0.014280589633300656,0.01808966296203058,0.025520384311676025
loco_plateau,gnn,43,b005_0348,9047f61e8be36c807011000fd79892f9747fc9f2b5d36e0905a12cc71cf27077,plateau,5,batch_005,sample_0606,False,0.009991289162244952,0.013100875270453826,0.04607728123664856
loco_plateau,gnn,43,b005_0349,c30ce3c339ea2d458d6b92c6a2de60810ca4393b4b9c7acd9f3e78a68c60481d,plateau,8,batch_005,sample_0607,False,0.013843276797503721,0.017735985119060913,0.04713410139083862
loco_plateau,gnn,43,b005_0350,1023f3a6c18df8c4890c9d45fa6b65adbbc9733ddc3561c3e25572947e28011e,plateau,4,batch_005,sample_0608,False,0.01032001115992421,0.012952949892515912,0.034779682755470276
loco_plateau,gnn,43,b005_0351,f915d37994404288414823d1bbb6b5e3931c9ad94ae24b67272d3c8362d85400,plateau,9,batch_005,sample_0609,False,0.012649198413872327,0.01598775158494981,0.05414104461669922
loco_plateau,gnn,43,b005_0352,5f0ae19a03996e46eda8c90413fc45b8985b85b82d4f47d4a22a10847efdc7d4,plateau,8,batch_005,sample_0610,False,0.010555929947094839,0.01291944695687532,0.024844050407409668
loco_plateau,gnn,43,b005_0353,05e5a33d12166760b02827e96c5a0446d2d46d0bac028f2a76145a206386e918,plateau,6,batch_005,sample_0611,False,0.006867710806307246,0.010603529852724412,0.041158974170684814
loco_plateau,gnn,43,b005_0354,fadf7a0b5c1bc2a8d8355725a59dcbd92af98cb7514eabc127842f5c4b4bef47,plateau,8,batch_005,sample_0612,False,0.012608067178335345,0.017569606139633157,0.04499974846839905
loco_plateau,gnn,43,b005_0355,4d85219246b5dad59cb85d9fa3c1936680c4c9ef047c5cef4218f3b15c1e939c,plateau,4,batch_005,sample_0613,False,0.013458519441182495,0.015865388114352525,0.017146050930023193
loco_plateau,gnn,43,b005_0356,4d68bdd50ef81490f46d2a8e1897ab3bb663920d094e1cbb0b28ba7113382e88,plateau,2,batch_005,sample_0614,False,0.011430066628534286,0.015489976975671458,0.038697242736816406
loco_plateau,gnn,43,b005_0359,4c1573f83055d1187f7f6cd3d9baae0038086645d81eee72897606cc9d5c570c,plateau,5,batch_005,sample_0615,False,0.0063324614931814,0.007944533414397997,0.023520946502685547
loco_plateau,gnn,43,b005_0360,686bd58ef008dcf1a1a7c6f4d10f2f843038b4350a135434e4ccc66a580f0f5d,plateau,8,batch_005,sample_0616,False,0.007687537274399742,0.00984666276857943,0.02715367078781128
loco_plateau,gnn,43,b005_0361,96f4761fc6c8f7f70f150f08d1184ebb6ce1b5aaa442426bf462bb08296c1a3b,plateau,8,batch_005,sample_0617,False,0.018298603655373464,0.02251770610705126,0.056406259536743164
loco_plateau,gnn,43,b005_0362,1afc1c036950d3674b72ba96e3a3beaf89086ebc191f828798460411f6637095,plateau,14,batch_005,sample_0618,False,0.00845451726288092,0.01172762633759725,0.026981055736541748
loco_plateau,gnn,43,b005_0363,c4e17a05dde40f17497a58db0f20c7fa3893089c99b4e61d2abb1683d73c2708,plateau,3,batch_005,sample_0619,False,0.007906636009450818,0.00942509139176697,0.021008849143981934
loco_plateau,gnn,43,b005_0364,f789b385523cb681d859a20015bfbe6406d3d1a4e0993fd9931fc56524052232,plateau,7,batch_005,sample_0620,False,0.011886742149220138,0.015075308062652932,0.02772235870361328
loco_plateau,gnn,43,b005_0365,bf0f2b2de55694fffbc786504dd644ea825c40182b9b220d53b89c8a37ed6c50,plateau,2,batch_005,sample_0621,False,0.009211255084784304,0.012000063148857019,0.030135273933410645
loco_plateau,gnn,43,b005_0366,ff9baf0d1ecf79479db89955f4239351d1d12145c830cf12c7c6743740bef107,plateau,1,batch_005,sample_0622,False,0.011313278777677505,0.015638530844600426,0.05643439292907715
loco_plateau,gnn,43,b005_0367,55ae06c4d49e4f4bca3994c646b4a4477cbe684a94491baec3ccacaf8913cdc4,plateau,6,batch_005,sample_0623,False,0.005580735133319604,0.0076655495911305445,0.021432235836982727
loco_plateau,gnn,43,b005_0369,3d7c1523d7f7a701ba8c8c8653f377b8bce5dcb75dd5e777fc37ea2547a10cd1,plateau,11,batch_005,sample_0624,False,0.012505705239342862,0.01465879219623881,0.03611809015274048
loco_plateau,gnn,43,b005_0370,02430a0e963a0b380b2bc0d082219d1cf06081fa567fed08f912ffa7dfe10051,plateau,5,batch_005,sample_0625,False,0.006869458517090219,0.008843402207113275,0.014205634593963623
loco_plateau,gnn,43,b005_0374,e78a3e8bf3a5373c93d1d439c82fbdadf0d6d220b3240b14bb5f3bc3f6e4f09a,plateau,1,batch_005,sample_0626,False,0.007953829941202382,0.009978875502149662,0.0225430428981781
loco_plateau,gnn,43,b005_0376,e2cf5195bd63a11d9d1ca2e66c51888dcca34e1ae84251c784a18a3f37096e59,plateau,3,batch_005,sample_0627,False,0.0099770864624469,0.012141794066149993,0.028269469738006592
loco_plateau,gnn,43,b005_0377,3f7f8648f1cca1b0bde98bd8dd3709da82b522777e245fb04f2e547d74fb458c,plateau,3,batch_005,sample_0628,False,0.0075944017191402246,0.009399597048445753,0.02471601963043213
loco_plateau,gnn,43,b005_0378,046e2b649304ef7368e59229d0d93e66e7a45cef80450c188bed4c2d3d1fdc8d,plateau,11,batch_005,sample_0629,False,0.012970885780991101,0.014329139055209899,0.027517616748809814
loco_plateau,gnn,43,b005_0379,1f409b6e03f9441ff3c5c3fc66e0db956031025ffca1702ed23e99238b6229c9,plateau,15,batch_005,sample_0630,False,0.00889870964112829,0.011941435247116826,0.020799875259399414
loco_plateau,gnn,43,b005_0380,9373bd39ad3438c8b68e44ed9913af85cc6aa4598a1d16ee56e8aa54d6b7e8ad,plateau,7,batch_005,sample_0631,False,0.009119965929965505,0.011113808236079551,0.025590762495994568
loco_plateau,gnn,43,b005_0381,69369739915ea5865caaa0a97202deb36c3f5d9d99624a932280b9ccaec1ad7a,plateau,8,batch_005,sample_0632,False,0.008706897008614461,0.010377930257714605,0.017292499542236328
loco_plateau,gnn,43,b005_0382,2d2b38ecba4efd0196a13bbe391dd3bf0713ebf5519032458d2874f9b5b799ea,plateau,6,batch_005,sample_0633,False,0.007030041979961708,0.00890222363703576,0.020237237215042114
loco_plateau,gnn,43,b005_0383,c3f96572b536df535317375fdc5e4706ac369468646788bb728a81d80ebbf8cd,plateau,9,batch_005,sample_0634,False,0.012648576290392484,0.016448449461053984,0.03202396631240845
loco_plateau,gnn,43,b005_0384,4f787d72c2991ce6d0932240e622e61affe479a7fa2dd35ab8bcdc5923ff28ed,plateau,13,batch_005,sample_0635,False,0.014126564391323777,0.016360273891460244,0.06251668930053711
loco_plateau,gnn,43,b005_0386,301947d5dbc16fbb140de6b8a02a472b8129263d9f0a15b48f047dc956897100,plateau,8,batch_005,sample_0636,False,0.007337009809056267,0.009445893146841052,0.04099583625793457
loco_plateau,gnn,43,b005_0387,8de22ed78a2ba566ad5d579cb268e029471143e2f0356e36c926f297c636ec17,plateau,1,batch_005,sample_0637,False,0.012758738529242452,0.015353713513563051,0.04094967246055603
loco_plateau,gnn,43,b005_0388,7018dd5a29322b02c1632cd20271bff3ce888a19228aa52114aa77b9400eb91b,plateau,10,batch_005,sample_0638,False,0.0074454605823657555,0.01007420051525452,0.02746206521987915
loco_plateau,gnn,43,b005_0391,befff6f241f67d94d7753d00fbb0c58bb90217d18320366e8efddcc6b98d1cf6,plateau,7,batch_005,sample_0639,False,0.006613261509137076,0.008895922836356296,0.024212777614593506
loco_plateau,gnn,43,b005_0392,c8557ed9f63b99ebd2c6c477e7131c72de41dc16fb5e94bfd97d94fa611c210b,plateau,10,batch_005,sample_0640,False,0.010310189401517149,0.013327194594780316,0.043502986431121826
loco_plateau,gnn,43,b005_0393,93eb3bacea701426087e75941806b407760420360c2377bbc814db1682f2a1d4,plateau,5,batch_005,sample_0641,False,0.007799286334241023,0.010590598531426099,0.04111802577972412
loco_plateau,gnn,43,b005_0394,df92d1d4b0476ec691828cb2651348409e75a7cc4379821060d4a774189be132,plateau,9,batch_005,sample_0642,False,0.01180202782642646,0.015312770147456987,0.06655216217041016
loco_plateau,gnn,43,b005_0395,83ecfc111bb85fd355498ca7b8a4bb47c26e405c679f3515a1aafc4d7cefab6c,plateau,5,batch_005,sample_0643,False,0.014207025776143934,0.016296509939162793,0.02768254280090332
loco_plateau,gnn,43,b005_0397,c8766140f84f514dc30d7035d42f2067f8e50cef0a1eee335dbb302ad43b3441,plateau,1,batch_005,sample_0644,False,0.009324442412032456,0.011769395066271733,0.023648768663406372
loco_plateau,gnn,43,b005_0398,c5312b8757553a4ab6a18f87cd43e9086663093a1069e7c08549a0cd2de261d6,plateau,13,batch_005,sample_0645,False,0.013576070304776802,0.017447433931294384,0.020430564880371094
loco_plateau,gnn,44,b004_0101,cb286dce3fb5e4de9ce7cd24a593b3729810700f461d4dea7e7e806081a6c243,plateau,7,batch_004,sample_0098,False,0.00815349597422803,0.009815031019481682,0.02513432502746582
loco_plateau,gnn,44,b004_0106,68a631e45d1432b8c277623aa36bd14caa372804b8363ec96ef67ddc8eb20d1c,plateau,3,batch_004,sample_0102,False,0.006345118411251756,0.008087763348771548,0.01869693398475647
loco_plateau,gnn,44,b004_0115,f799b5290dd4072521a7449c1abf33ff526f22f67b776e873628d3cbca0ba783,plateau,3,batch_004,sample_0107,False,0.006538698174914375,0.009325082999252656,0.014895588159561157
loco_plateau,gnn,44,b004_0130,2188740cfe38cf9d440c67431f559d83d2a1ce7ae59ca2bedcf02bb69f466e50,plateau,8,batch_004,sample_0120,False,0.006235342045299342,0.007825042264249935,0.01954108476638794
loco_plateau,gnn,44,b004_0136,04889ebdfb5784327f3b9088bf6df01afa628294490b202c173ef0b14838e962,plateau,2,batch_004,sample_0125,False,0.006730170951026385,0.008296263253988783,0.019416064023971558
loco_plateau,gnn,44,b004_0147,1fa51a6e404fd88eb385d6766311d069515a32e28126ff01697c509152d5f502,plateau,7,batch_004,sample_0131,False,0.011499006667586624,0.013290532781781857,0.020204082131385803
loco_plateau,gnn,44,b004_0154,aac35af72b9a33754898cad920897b67d2af68b9260ad250b7fcaebd06f32dcc,plateau,8,batch_004,sample_0136,False,0.008615917052890434,0.010700658467924121,0.02315884828567505
loco_plateau,gnn,44,b004_0155,1d0a46c8f6e17a86034c6bb9d66c4b03d098b69ff514fc02f28ea63be0b42c7e,plateau,6,batch_004,sample_0137,False,0.008453466120313426,0.011020248327322239,0.02242887020111084
loco_plateau,gnn,44,b004_0163,4873613114b6d71d3a19feac4e2a6cca6a1aea7cedee70e6461fcb308fcd40a1,plateau,8,batch_004,sample_0144,False,0.00895265917308995,0.010718086252074483,0.036599576473236084
loco_plateau,gnn,44,b004_0166,8acc23b2c14cbb42c17a2dcc988fac65c64813d2829e3784719d447b5ed718b7,plateau,6,batch_004,sample_0146,False,0.0063719597385555014,0.008216452300098518,0.02198052406311035
loco_plateau,gnn,44,b004_0189,83c666a66b41c149f65ddc8bd970a7e25625b9d2da4a74aa495eb63512733e3d,plateau,1,batch_004,sample_0163,False,0.007902924643188227,0.01070210056171526,0.027019858360290527
loco_plateau,gnn,44,b004_0192,e59076b7dd3091c6a35a126a9200a5d87d04f635db59270bb6abf483a0ca6b6b,plateau,3,batch_004,sample_0166,False,0.00903948933863249,0.010415155674959733,0.018819153308868408
loco_plateau,gnn,44,b004_0198,36b24bbee6d7a71d6d85eb0f4637e3435adb468ab33422dad8a99a2687c94a43,plateau,3,batch_004,sample_0172,False,0.0074187307084193,0.009588806120140375,0.01109611988067627
loco_plateau,gnn,44,b004_0206,0f83d6a5c144dfa616333adc1bd57529c0d4b0a6391f6abd2b3df69ae12643d9,plateau,8,batch_004,sample_0176,False,0.01724204445471529,0.019921091395726433,0.042942196130752563
loco_plateau,gnn,44,b004_0208,1e7355104cb1bc6623bb84e83c8b136fc6530491967649406726860c46d55882,plateau,3,batch_004,sample_0177,False,0.008802258027870147,0.010811924241042773,0.011356532573699951
loco_plateau,gnn,44,b004_0209,440c0cdd2e0fa5883c06758ead647f3129254dd10b206bf0c4a01275bc82806b,plateau,7,batch_004,sample_0178,False,0.010632657613910612,0.012586366675071865,0.02195078134536743
loco_plateau,gnn,44,b004_0226,61bdc1b24112322d60eb9bd84ba71d642a105873858653a3edd7bfe0a5c1b34e,plateau,7,batch_004,sample_0190,False,0.008140221482417623,0.009951981088287442,0.029980361461639404
loco_plateau,gnn,44,b004_0229,af1d00f7a0b787f92bf6455e06a745c2e040b11b6d56cb70a91a0e9bbecca3e3,plateau,4,batch_004,sample_0193,False,0.007087036845136861,0.008688074110701577,0.021144777536392212
loco_plateau,gnn,44,b004_0232,c19c313f6ced6796888a79b2f089c97c626a7f821d056d6da34ee52cdd9ede4e,plateau,2,batch_004,sample_0195,False,0.00858473997624194,0.010822123008513387,0.02034074068069458
loco_plateau,gnn,44,b004_0238,ab344aa6b1603d38f985e697b8d5e23f92cabe2cfdec495cd63bf30832b339b7,plateau,3,batch_004,sample_0201,False,0.008086764177338022,0.010037831491346044,0.03217226266860962
loco_plateau,gnn,44,b004_0269,4bc4fd552a3fec6bec5222fbe2344ba232c661859418bb0be167915721ee5291,plateau,5,batch_004,sample_0225,False,0.011582548256780281,0.013600132705298284,0.027337640523910522
loco_plateau,gnn,44,b004_0270,6e734c0ce0d34a99ed4ad267e7228f80d1e1937ed9cfb2a2531b08dd05b3f9f4,plateau,2,batch_004,sample_0226,False,0.00816696863926825,0.010341424865056771,0.0270540714263916
loco_plateau,gnn,44,b004_0276,7b18e593b02cd8067d1393f0e63f941e25eff1aa515facc3feca5d594c0b32f6,plateau,3,batch_004,sample_0231,False,0.009975299972002624,0.013612039681060714,0.03616690635681152
loco_plateau,gnn,44,b004_0280,99c63bb4954aeef83d20697237d20468a2082dc550b92994ed9c8b0d2e53aeb4,plateau,3,batch_004,sample_0235,False,0.009126722385160258,0.010577784041411775,0.021832823753356934
loco_plateau,gnn,44,b004_0284,315251daf704e2ddebf079b4618bac7ddc803651927693240201fda0ae19713e,plateau,7,batch_004,sample_0238,False,0.015421943342099424,0.017854752213696624,0.03187784552574158
loco_plateau,gnn,44,b004_0285,538882c9fc437f403f576e9537afa2d0e9d19640d587ec09abf294580a7a5439,plateau,5,batch_004,sample_0239,False,0.010891595824820096,0.012980229936123727,0.025438368320465088
loco_plateau,gnn,44,b004_0286,1f1d5a524d03753ee50cb34e15a725be31a3f16360c0873f815fa3617c634af9,plateau,2,batch_004,sample_0240,False,0.007833232034425267,0.009609477926707933,0.02512282133102417
loco_plateau,gnn,44,b004_0291,5cb317353c4e3be13450815c4705cf51b35ccbcd7f9d37f0e177ea0c467b5f57,plateau,1,batch_004,sample_0243,False,0.006815574757876943,0.008642766390302372,0.03018432855606079
loco_plateau,gnn,44,b004_0298,caa33739bb94bf3e4107ea13ebaefa854b1845ee09a860ac973faad33ffc7834,plateau,5,batch_004,sample_0250,False,0.008824351625364334,0.010176984012678298,0.019127607345581055
loco_plateau,gnn,44,b004_0303,de67b515620baea3c5921d16c351e24f283039e6be0dbb711689e9c13ccfdcd8,plateau,7,batch_004,sample_0254,False,0.008501398025966082,0.010268022882716003,0.021376147866249084
loco_plateau,gnn,44,b004_0312,aae428a0b7988c9a08ec2cd887e629b34ead9427365e120773f787d5e67957c1,plateau,8,batch_004,sample_0261,False,0.011084383872688794,0.013159139850435363,0.02514377236366272
loco_plateau,gnn,44,b004_0328,230d653e29b05c6cac38da6d0de4c13e4f666cbcf2f18fd0f9301c8565cc11a3,plateau,4,batch_004,sample_0274,False,0.006996573178006,0.009388061964023187,0.013866126537322998
loco_plateau,gnn,44,b004_0335,3af73a16bdf592f38afc48342dd2996cc2332054b38bc004699cef76f2f2027c,plateau,4,batch_004,sample_0278,False,0.011226476948769366,0.013479088831378603,0.030540674924850464
loco_plateau,gnn,44,b004_0336,b1a27cded5990829ff83324d88a32190c7c9723de6ef9887de3b888774969a57,plateau,1,batch_004,sample_0279,False,0.012144518435978498,0.015812837550611712,0.019189834594726562
loco_plateau,gnn,44,b004_0367,c318564675cfb510af8b85e2c440c5474c6897ca4e9cdaf29a6217c1c607614e,plateau,5,batch_004,sample_0304,False,0.007874868443754852,0.00997967899161848,0.023300856351852417
loco_plateau,gnn,44,b004_0378,b10baedc312e4d2d36427845a0f1a1cbffe556d2f64623a9674249752d97956c,plateau,8,batch_004,sample_0313,False,0.010911877465541245,0.012033733847567618,0.02392435073852539
loco_plateau,gnn,44,b004_0379,c6e6ea944f341106836d770add03411f9b6a1a984c07c96bec5e68fdcf226108,plateau,6,batch_004,sample_0314,False,0.007575378615836628,0.009078881757419667,0.017706014215946198
loco_plateau,gnn,44,b004_0385,1669f1f0995158292efaccb221bf4e371f369d987f6008fc5bbb7afeb0d048df,plateau,7,batch_004,sample_0319,False,0.007320119953546368,0.010383432376319009,0.009906470775604248
loco_plateau,gnn,44,b004_0387,09be75b148104dc8d00eb69fe791588c388b9ebb3038b53094e45349b135be7d,plateau,8,batch_004,sample_0321,False,0.012847012427986646,0.014440689571236771,0.023957371711730957
loco_plateau,gnn,44,b005_0318,924387d745bc9120e456294ff4a08ad9a1d65425b1cd2775143ca2ab2f71ce55,plateau,7,batch_005,sample_0582,False,0.007598530806478907,0.009675658558227872,0.02026638388633728
loco_plateau,gnn,44,b005_0319,800520051cbd61e759abc8ff464d9452f0af7501ab267ce886d3229fe3d764b4,plateau,2,batch_005,sample_0583,False,0.011059319875279411,0.01233727561751392,0.030122458934783936
loco_plateau,gnn,44,b005_0320,ef3c4b806db3686e52b040856eeaa178271e38922d72178a07cfb1b60c5a9815,plateau,9,batch_005,sample_0584,False,0.0065358849089653765,0.011407328647153991,0.027272790670394897
loco_plateau,gnn,44,b005_0322,dfa2ca4229967a5ccb2b1248146a521a8c13b2c9123ed436514968a5b39c468b,plateau,12,batch_005,sample_0585,False,0.007772817597037456,0.011165865226494254,0.028508484363555908
loco_plateau,gnn,44,b005_0323,cce3714177813b75d94654611ce899a21ca23c71fe16d59197e83af8d254e95f,plateau,11,batch_005,sample_0586,False,0.00798577045808073,0.010595404102560485,0.02234417200088501
loco_plateau,gnn,44,b005_0324,27fb8c31fc60138ca610456685ff39808517e467177b4b76e23ad2cc9ef40e79,plateau,3,batch_005,sample_0587,False,0.009324256636080195,0.01117664748599373,0.032180339097976685
loco_plateau,gnn,44,b005_0325,57c15407e4e74b16ef1107b3fd3d0f28bd18e2d5f422f8887bb3ae4f2ee71cfd,plateau,6,batch_005,sample_0588,False,0.006153676597798457,0.008058681800333013,0.016874879598617554
loco_plateau,gnn,44,b005_0326,e2760e685a5883648d6d91d72b6f825497ff6177a7ae51fd1d4a4f618192fbd3,plateau,4,batch_005,sample_0589,False,0.01117823207292889,0.014522183284140391,0.038872748613357544
loco_plateau,gnn,44,b005_0327,c0f2d02506a33f5dad5fa8e5c65ba0f14cdafffb85f55797608be3df54e8cf61,plateau,1,batch_005,sample_0590,False,0.0060415092061777585,0.007155699662148711,0.01452299952507019
loco_plateau,gnn,44,b005_0328,55b4a6a2ff50fc37c4d86d31a2943c392e669602f37411c18ea7e0f718c7a49b,plateau,10,batch_005,sample_0591,False,0.007815738193324356,0.009467729202520307,0.03128689527511597
loco_plateau,gnn,44,b005_0329,25396912ea3a078cfdcae941ea89787bb0803f1346b6c5c886e75f5af0e4014c,plateau,5,batch_005,sample_0592,False,0.007999697425326363,0.009743561603069993,0.023778975009918213
loco_plateau,gnn,44,b005_0330,2d2987c8fa8b70de85851fccd3598561568f323c9bc1e48b9082c225851dca74,plateau,7,batch_005,sample_0593,False,0.00622098233367576,0.007892363946998968,0.015468239784240723
loco_plateau,gnn,44,b005_0331,fe117b09b49c597131e2f6e1b8feb5a597f6b009e1fc51e947e1c4258965cb3a,plateau,8,batch_005,sample_0594,False,0.0077362060546875,0.01347394367552279,0.03913801908493042
loco_plateau,gnn,44,b005_0332,8ef7167927072aa036a58c5f6faa4277ddbc7c3f91bcb16661ae1d24abac8490,plateau,8,batch_005,sample_0595,False,0.005029184896437848,0.006822839835337347,0.02102142572402954
loco_plateau,gnn,44,b005_0333,c3c2056eaa15eef1a5f1836e18a193479b6f32b671a8a83de228a107692ada54,plateau,1,batch_005,sample_0596,False,0.006049648049424906,0.008007282628077955,0.023647457361221313
loco_plateau,gnn,44,b005_0334,3bbd10db0ca1e022a95db792674aa00f019fd5856e68ce360feb007d0fe711f4,plateau,14,batch_005,sample_0597,False,0.009072488815080925,0.010513210091793972,0.023847520351409912
loco_plateau,gnn,44,b005_0336,0747b020d2d22e1f5e7519b418cc9b8327b7656cbdb5b6a0c84c741abbc0e102,plateau,5,batch_005,sample_0598,False,0.0071663333744299215,0.009042734578348286,0.021676182746887207
loco_plateau,gnn,44,b005_0338,115982b394b483309f71c61baca7ee9f7623a932a8116d9e7603f0819aecb7ce,plateau,11,batch_005,sample_0599,False,0.014419512914829567,0.017366553588718425,0.04409259557723999
loco_plateau,gnn,44,b005_0339,5a157ab2ed0b98a6d23ad8857e1765864193424d5249af315f29d82bd5969aec,plateau,1,batch_005,sample_0600,False,0.00745183027914313,0.00947458449776496,0.0274355411529541
loco_plateau,gnn,44,b005_0341,aa391e2b07bdd6168406810253aa95ddc48980e3dc4f63b3df9c1ea6807dbc8e,plateau,9,batch_005,sample_0601,False,0.007831781430811178,0.011954231754040414,0.021487653255462646
loco_plateau,gnn,44,b005_0344,6eb77d3cd6491920848da180bb4de9dc6bc0b37ef91bd1ab7ff630ab55038dfb,plateau,8,batch_005,sample_0602,False,0.007541939616203308,0.010669056607705982,0.03041815757751465
loco_plateau,gnn,44,b005_0345,a300e398fad1a0e6431c0978a839d6f5ba716e8b388e8dda603311639de6f280,plateau,4,batch_005,sample_0603,False,0.007756974609171758,0.009472026359119288,0.014724254608154297
loco_plateau,gnn,44,b005_0346,64090025074679c6ba642a06fb71e932babe2025b967ef6f2f6b1d8f5ad03bba,plateau,7,batch_005,sample_0604,False,0.011795361877464857,0.017208048963626276,0.042554497718811035
loco_plateau,gnn,44,b005_0347,f351afe68d58358a3632f7f01ae10c313d89f47accf5981900e558140d1bfbff,plateau,8,batch_005,sample_0605,False,0.013495996350147685,0.018393034421679576,0.02735733985900879
loco_plateau,gnn,44,b005_0348,9047f61e8be36c807011000fd79892f9747fc9f2b5d36e0905a12cc71cf27077,plateau,5,batch_005,sample_0606,False,0.006888446993515139,0.010174375035004929,0.03752771019935608
loco_plateau,gnn,44,b005_0349,c30ce3c339ea2d458d6b92c6a2de60810ca4393b4b9c7acd9f3e78a68c60481d,plateau,8,batch_005,sample_0607,False,0.010771378050329255,0.015075005777750734,0.042154669761657715
loco_plateau,gnn,44,b005_0350,1023f3a6c18df8c4890c9d45fa6b65adbbc9733ddc3561c3e25572947e28011e,plateau,4,batch_005,sample_0608,False,0.011207041926071292,0.013531181508079125,0.03450727462768555
loco_plateau,gnn,44,b005_0351,f915d37994404288414823d1bbb6b5e3931c9ad94ae24b67272d3c8362d85400,plateau,9,batch_005,sample_0609,False,0.008961910046026355,0.010503735791771811,0.031777918338775635
loco_plateau,gnn,44,b005_0352,5f0ae19a03996e46eda8c90413fc45b8985b85b82d4f47d4a22a10847efdc7d4,plateau,8,batch_005,sample_0610,False,0.012111302648411423,0.014456166007880883,0.030112355947494507
loco_plateau,gnn,44,b005_0353,05e5a33d12166760b02827e96c5a0446d2d46d0bac028f2a76145a206386e918,plateau,6,batch_005,sample_0611,False,0.0059807918599394504,0.007782579495102793,0.02593553066253662
loco_plateau,gnn,44,b005_0354,fadf7a0b5c1bc2a8d8355725a59dcbd92af98cb7514eabc127842f5c4b4bef47,plateau,8,batch_005,sample_0612,False,0.010997444635531942,0.014216619676641751,0.03675273060798645
loco_plateau,gnn,44,b005_0355,4d85219246b5dad59cb85d9fa3c1936680c4c9ef047c5cef4218f3b15c1e939c,plateau,4,batch_005,sample_0613,False,0.009002093653209874,0.012115402492506696,0.007464498281478882
loco_plateau,gnn,44,b005_0356,4d68bdd50ef81490f46d2a8e1897ab3bb663920d094e1cbb0b28ba7113382e88,plateau,2,batch_005,sample_0614,False,0.0080637589829867,0.010966302320598474,0.03048497438430786
loco_plateau,gnn,44,b005_0359,4c1573f83055d1187f7f6cd3d9baae0038086645d81eee72897606cc9d5c570c,plateau,5,batch_005,sample_0615,False,0.010067745401966767,0.012201661449190389,0.0315936803817749
loco_plateau,gnn,44,b005_0360,686bd58ef008dcf1a1a7c6f4d10f2f843038b4350a135434e4ccc66a580f0f5d,plateau,8,batch_005,sample_0616,False,0.00613640199919216,0.0082909221002512,0.023849070072174072
loco_plateau,gnn,44,b005_0361,96f4761fc6c8f7f70f150f08d1184ebb6ce1b5aaa442426bf462bb08296c1a3b,plateau,8,batch_005,sample_0617,False,0.008590177373319376,0.014424398087886337,0.045153141021728516
loco_plateau,gnn,44,b005_0362,1afc1c036950d3674b72ba96e3a3beaf89086ebc191f828798460411f6637095,plateau,14,batch_005,sample_0618,False,0.008592767549342796,0.011907716679113785,0.02747201919555664
loco_plateau,gnn,44,b005_0363,c4e17a05dde40f17497a58db0f20c7fa3893089c99b4e61d2abb1683d73c2708,plateau,3,batch_005,sample_0619,False,0.007986199416098048,0.009575707332849641,0.020988240838050842
loco_plateau,gnn,44,b005_0364,f789b385523cb681d859a20015bfbe6406d3d1a4e0993fd9931fc56524052232,plateau,7,batch_005,sample_0620,False,0.014087262945097,0.016468219029935095,0.02896970510482788
loco_plateau,gnn,44,b005_0365,bf0f2b2de55694fffbc786504dd644ea825c40182b9b220d53b89c8a37ed6c50,plateau,2,batch_005,sample_0621,False,0.010982409424957682,0.013247385937791059,0.03894400596618652
loco_plateau,gnn,44,b005_0366,ff9baf0d1ecf79479db89955f4239351d1d12145c830cf12c7c6743740bef107,plateau,1,batch_005,sample_0622,False,0.011247832999854792,0.014063869037474966,0.04708206653594971
loco_plateau,gnn,44,b005_0367,55ae06c4d49e4f4bca3994c646b4a4477cbe684a94491baec3ccacaf8913cdc4,plateau,6,batch_005,sample_0623,False,0.006810694810796956,0.009052496615085026,0.021582692861557007
loco_plateau,gnn,44,b005_0369,3d7c1523d7f7a701ba8c8c8653f377b8bce5dcb75dd5e777fc37ea2547a10cd1,plateau,11,batch_005,sample_0624,False,0.01201136507948891,0.015133679096492575,0.04751408100128174
loco_plateau,gnn,44,b005_0370,02430a0e963a0b380b2bc0d082219d1cf06081fa567fed08f912ffa7dfe10051,plateau,5,batch_005,sample_0625,False,0.006182269727597471,0.0077084626707733354,0.013462603092193604
loco_plateau,gnn,44,b005_0374,e78a3e8bf3a5373c93d1d439c82fbdadf0d6d220b3240b14bb5f3bc3f6e4f09a,plateau,1,batch_005,sample_0626,False,0.00879337553118096,0.011248070039289496,0.023144051432609558
loco_plateau,gnn,44,b005_0376,e2cf5195bd63a11d9d1ca2e66c51888dcca34e1ae84251c784a18a3f37096e59,plateau,3,batch_005,sample_0627,False,0.010804565592867429,0.012175222086729661,0.025838524103164673
loco_plateau,gnn,44,b005_0377,3f7f8648f1cca1b0bde98bd8dd3709da82b522777e245fb04f2e547d74fb458c,plateau,3,batch_005,sample_0628,False,0.007316010897276831,0.008943365386098814,0.018537044525146484
loco_plateau,gnn,44,b005_0378,046e2b649304ef7368e59229d0d93e66e7a45cef80450c188bed4c2d3d1fdc8d,plateau,11,batch_005,sample_0629,False,0.006080743230757166,0.009250408130096399,0.028498470783233643
loco_plateau,gnn,44,b005_0379,1f409b6e03f9441ff3c5c3fc66e0db956031025ffca1702ed23e99238b6229c9,plateau,15,batch_005,sample_0630,False,0.011500040282968615,0.013947071894545986,0.023748576641082764
loco_plateau,gnn,44,b005_0380,9373bd39ad3438c8b68e44ed9913af85cc6aa4598a1d16ee56e8aa54d6b7e8ad,plateau,7,batch_005,sample_0631,False,0.006753885294081735,0.00809524390736684,0.015327036380767822
loco_plateau,gnn,44,b005_0381,69369739915ea5865caaa0a97202deb36c3f5d9d99624a932280b9ccaec1ad7a,plateau,8,batch_005,sample_0632,False,0.008183428987127836,0.011151955922698943,0.007953256368637085
loco_plateau,gnn,44,b005_0382,2d2b38ecba4efd0196a13bbe391dd3bf0713ebf5519032458d2874f9b5b799ea,plateau,6,batch_005,sample_0633,False,0.0040318191540045815,0.005359355566952619,0.014611393213272095
loco_plateau,gnn,44,b005_0383,c3f96572b536df535317375fdc5e4706ac369468646788bb728a81d80ebbf8cd,plateau,9,batch_005,sample_0634,False,0.0170437150680628,0.020614865496976185,0.04130680859088898
loco_plateau,gnn,44,b005_0384,4f787d72c2991ce6d0932240e622e61affe479a7fa2dd35ab8bcdc5923ff28ed,plateau,13,batch_005,sample_0635,False,0.007905625173302948,0.011840357072862254,0.06724709272384644
loco_plateau,gnn,44,b005_0386,301947d5dbc16fbb140de6b8a02a472b8129263d9f0a15b48f047dc956897100,plateau,8,batch_005,sample_0636,False,0.009282357013616406,0.010370171544528456,0.02140328288078308
loco_plateau,gnn,44,b005_0387,8de22ed78a2ba566ad5d579cb268e029471143e2f0356e36c926f297c636ec17,plateau,1,batch_005,sample_0637,False,0.009669085659208845,0.012504097391512151,0.03724932670593262
loco_plateau,gnn,44,b005_0388,7018dd5a29322b02c1632cd20271bff3ce888a19228aa52114aa77b9400eb91b,plateau,10,batch_005,sample_0638,False,0.009750628202665047,0.012568189560723524,0.02954345941543579
loco_plateau,gnn,44,b005_0391,befff6f241f67d94d7753d00fbb0c58bb90217d18320366e8efddcc6b98d1cf6,plateau,7,batch_005,sample_0639,False,0.007682325410061195,0.010336137231259944,0.011803686618804932
loco_plateau,gnn,44,b005_0392,c8557ed9f63b99ebd2c6c477e7131c72de41dc16fb5e94bfd97d94fa611c210b,plateau,10,batch_005,sample_0640,False,0.007731826090421833,0.010141473096834335,0.01825493574142456
loco_plateau,gnn,44,b005_0393,93eb3bacea701426087e75941806b407760420360c2377bbc814db1682f2a1d4,plateau,5,batch_005,sample_0641,False,0.008059333093830796,0.010389382508062208,0.03011631965637207
loco_plateau,gnn,44,b005_0394,df92d1d4b0476ec691828cb2651348409e75a7cc4379821060d4a774189be132,plateau,9,batch_005,sample_0642,False,0.00965545998244989,0.011338265078132147,0.0384674072265625
loco_plateau,gnn,44,b005_0395,83ecfc111bb85fd355498ca7b8a4bb47c26e405c679f3515a1aafc4d7cefab6c,plateau,5,batch_005,sample_0643,False,0.013874142629201294,0.016172242220620688,0.028473079204559326
loco_plateau,gnn,44,b005_0397,c8766140f84f514dc30d7035d42f2067f8e50cef0a1eee335dbb302ad43b3441,plateau,1,batch_005,sample_0644,False,0.008686850061182116,0.010241295445411061,0.023688942193984985
loco_plateau,gnn,44,b005_0398,c5312b8757553a4ab6a18f87cd43e9086663093a1069e7c08549a0cd2de261d6,plateau,13,batch_005,sample_0645,False,0.015530134810776006,0.018085459533232977,0.024015486240386963
loco_plateau,gnn,45,b004_0101,cb286dce3fb5e4de9ce7cd24a593b3729810700f461d4dea7e7e806081a6c243,plateau,7,batch_004,sample_0098,False,0.0118810771430125,0.014484070381015682,0.04083031415939331
loco_plateau,gnn,45,b004_0106,68a631e45d1432b8c277623aa36bd14caa372804b8363ec96ef67ddc8eb20d1c,plateau,3,batch_004,sample_0102,False,0.006486730863813494,0.00911153429021385,0.023849904537200928
loco_plateau,gnn,45,b004_0115,f799b5290dd4072521a7449c1abf33ff526f22f67b776e873628d3cbca0ba783,plateau,3,batch_004,sample_0107,False,0.007968571342405726,0.010433161944823256,0.015336468815803528
loco_plateau,gnn,45,b004_0130,2188740cfe38cf9d440c67431f559d83d2a1ce7ae59ca2bedcf02bb69f466e50,plateau,8,batch_004,sample_0120,False,0.008828618853795723,0.011496933101386362,0.027827084064483643
loco_plateau,gnn,45,b004_0136,04889ebdfb5784327f3b9088bf6df01afa628294490b202c173ef0b14838e962,plateau,2,batch_004,sample_0125,False,0.007691020726180467,0.009420187314324348,0.02142980694770813
loco_plateau,gnn,45,b004_0147,1fa51a6e404fd88eb385d6766311d069515a32e28126ff01697c509152d5f502,plateau,7,batch_004,sample_0131,False,0.009584024670671244,0.011316664770270608,0.026309430599212646
loco_plateau,gnn,45,b004_0154,aac35af72b9a33754898cad920897b67d2af68b9260ad250b7fcaebd06f32dcc,plateau,8,batch_004,sample_0136,False,0.010361524085040952,0.013082817248742162,0.030665576457977295
loco_plateau,gnn,45,b004_0155,1d0a46c8f6e17a86034c6bb9d66c4b03d098b69ff514fc02f28ea63be0b42c7e,plateau,6,batch_004,sample_0137,False,0.008180892614067578,0.010675628665532823,0.022660210728645325
loco_plateau,gnn,45,b004_0163,4873613114b6d71d3a19feac4e2a6cca6a1aea7cedee70e6461fcb308fcd40a1,plateau,8,batch_004,sample_0144,False,0.015252052516233726,0.017652884505450273,0.029800713062286377
loco_plateau,gnn,45,b004_0166,8acc23b2c14cbb42c17a2dcc988fac65c64813d2829e3784719d447b5ed718b7,plateau,6,batch_004,sample_0146,False,0.006907182211270098,0.00923168089498385,0.03094249963760376
loco_plateau,gnn,45,b004_0189,83c666a66b41c149f65ddc8bd970a7e25625b9d2da4a74aa495eb63512733e3d,plateau,1,batch_004,sample_0163,False,0.007577245841260816,0.010999307266815415,0.028624773025512695
loco_plateau,gnn,45,b004_0192,e59076b7dd3091c6a35a126a9200a5d87d04f635db59270bb6abf483a0ca6b6b,plateau,3,batch_004,sample_0166,False,0.007512249235735565,0.00900108646947853,0.020354360342025757
loco_plateau,gnn,45,b004_0198,36b24bbee6d7a71d6d85eb0f4637e3435adb468ab33422dad8a99a2687c94a43,plateau,3,batch_004,sample_0172,False,0.007539008240230748,0.010086983988743308,0.006829619407653809
loco_plateau,gnn,45,b004_0206,0f83d6a5c144dfa616333adc1bd57529c0d4b0a6391f6abd2b3df69ae12643d9,plateau,8,batch_004,sample_0176,False,0.01922798083453882,0.02217823467424858,0.04756024479866028
loco_plateau,gnn,45,b004_0208,1e7355104cb1bc6623bb84e83c8b136fc6530491967649406726860c46d55882,plateau,3,batch_004,sample_0177,False,0.006301883119540137,0.007962292993225544,0.01273411512374878
loco_plateau,gnn,45,b004_0209,440c0cdd2e0fa5883c06758ead647f3129254dd10b206bf0c4a01275bc82806b,plateau,7,batch_004,sample_0178,False,0.008129300885513181,0.010538916427697815,0.016589462757110596
loco_plateau,gnn,45,b004_0226,61bdc1b24112322d60eb9bd84ba71d642a105873858653a3edd7bfe0a5c1b34e,plateau,7,batch_004,sample_0190,False,0.00779951205019091,0.01024900924452374,0.03532034158706665
loco_plateau,gnn,45,b004_0229,af1d00f7a0b787f92bf6455e06a745c2e040b11b6d56cb70a91a0e9bbecca3e3,plateau,4,batch_004,sample_0193,False,0.009578129429309095,0.0125919776415704,0.025062263011932373
loco_plateau,gnn,45,b004_0232,c19c313f6ced6796888a79b2f089c97c626a7f821d056d6da34ee52cdd9ede4e,plateau,2,batch_004,sample_0195,False,0.008213211522727717,0.010832062374056232,0.020426183938980103
loco_plateau,gnn,45,b004_0238,ab344aa6b1603d38f985e697b8d5e23f92cabe2cfdec495cd63bf30832b339b7,plateau,3,batch_004,sample_0201,False,0.006645336136466167,0.009474880681490064,0.03428041934967041
loco_plateau,gnn,45,b004_0269,4bc4fd552a3fec6bec5222fbe2344ba232c661859418bb0be167915721ee5291,plateau,5,batch_004,sample_0225,False,0.00848587272597141,0.010623964618815804,0.024770021438598633
loco_plateau,gnn,45,b004_0270,6e734c0ce0d34a99ed4ad267e7228f80d1e1937ed9cfb2a2531b08dd05b3f9f4,plateau,2,batch_004,sample_0226,False,0.006940873981010718,0.009236131000699083,0.026052355766296387
loco_plateau,gnn,45,b004_0276,7b18e593b02cd8067d1393f0e63f941e25eff1aa515facc3feca5d594c0b32f6,plateau,3,batch_004,sample_0231,False,0.008502834766614632,0.012393590281355208,0.036727964878082275
loco_plateau,gnn,45,b004_0280,99c63bb4954aeef83d20697237d20468a2082dc550b92994ed9c8b0d2e53aeb4,plateau,3,batch_004,sample_0235,False,0.008377960043363884,0.010017376093154225,0.028461039066314697
loco_plateau,gnn,45,b004_0284,315251daf704e2ddebf079b4618bac7ddc803651927693240201fda0ae19713e,plateau,7,batch_004,sample_0238,False,0.013367769415261315,0.01633270709708159,0.028437882661819458
loco_plateau,gnn,45,b004_0285,538882c9fc437f403f576e9537afa2d0e9d19640d587ec09abf294580a7a5439,plateau,5,batch_004,sample_0239,False,0.009464018413277923,0.012006902762762022,0.031018316745758057
loco_plateau,gnn,45,b004_0286,1f1d5a524d03753ee50cb34e15a725be31a3f16360c0873f815fa3617c634af9,plateau,2,batch_004,sample_0240,False,0.008363590499416727,0.011509219613634289,0.024489164352416992
loco_plateau,gnn,45,b004_0291,5cb317353c4e3be13450815c4705cf51b35ccbcd7f9d37f0e177ea0c467b5f57,plateau,1,batch_004,sample_0243,False,0.0074698253855353496,0.009498582901511602,0.03059612214565277
loco_plateau,gnn,45,b004_0298,caa33739bb94bf3e4107ea13ebaefa854b1845ee09a860ac973faad33ffc7834,plateau,5,batch_004,sample_0250,False,0.007731318718097249,0.00892468475071174,0.013738006353378296
loco_plateau,gnn,45,b004_0303,de67b515620baea3c5921d16c351e24f283039e6be0dbb711689e9c13ccfdcd8,plateau,7,batch_004,sample_0254,False,0.007600470644528749,0.009713862698635098,0.032267987728118896
loco_plateau,gnn,45,b004_0312,aae428a0b7988c9a08ec2cd887e629b34ead9427365e120773f787d5e67957c1,plateau,8,batch_004,sample_0261,False,0.009261116874022562,0.01095134919335337,0.020336493849754333
loco_plateau,gnn,45,b004_0328,230d653e29b05c6cac38da6d0de4c13e4f666cbcf2f18fd0f9301c8565cc11a3,plateau,4,batch_004,sample_0274,False,0.006402503332642258,0.00834209398403379,0.01660880446434021
loco_plateau,gnn,45,b004_0335,3af73a16bdf592f38afc48342dd2996cc2332054b38bc004699cef76f2f2027c,plateau,4,batch_004,sample_0278,False,0.01078254204304492,0.012763519923873349,0.0313032865524292
loco_plateau,gnn,45,b004_0336,b1a27cded5990829ff83324d88a32190c7c9723de6ef9887de3b888774969a57,plateau,1,batch_004,sample_0279,False,0.013434171432354411,0.017498230682104807,0.016804873943328857
loco_plateau,gnn,45,b004_0367,c318564675cfb510af8b85e2c440c5474c6897ca4e9cdaf29a6217c1c607614e,plateau,5,batch_004,sample_0304,False,0.010691929547513117,0.013862625796465876,0.04229724407196045
loco_plateau,gnn,45,b004_0378,b10baedc312e4d2d36427845a0f1a1cbffe556d2f64623a9674249752d97956c,plateau,8,batch_004,sample_0313,False,0.00810785164109996,0.010835098056757638,0.04069298505783081
loco_plateau,gnn,45,b004_0379,c6e6ea944f341106836d770add03411f9b6a1a984c07c96bec5e68fdcf226108,plateau,6,batch_004,sample_0314,False,0.0058706209185670636,0.007362863277468222,0.024116039276123047
loco_plateau,gnn,45,b004_0385,1669f1f0995158292efaccb221bf4e371f369d987f6008fc5bbb7afeb0d048df,plateau,7,batch_004,sample_0319,False,0.0059131899329482535,0.00818240439186884,0.022706985473632812
loco_plateau,gnn,45,b004_0387,09be75b148104dc8d00eb69fe791588c388b9ebb3038b53094e45349b135be7d,plateau,8,batch_004,sample_0321,False,0.012909694284689232,0.014673959766629857,0.02427297830581665
loco_plateau,gnn,45,b005_0318,924387d745bc9120e456294ff4a08ad9a1d65425b1cd2775143ca2ab2f71ce55,plateau,7,batch_005,sample_0582,False,0.012359149631906728,0.014822812387519844,0.038201987743377686
loco_plateau,gnn,45,b005_0319,800520051cbd61e759abc8ff464d9452f0af7501ab267ce886d3229fe3d764b4,plateau,2,batch_005,sample_0583,False,0.006345114502750459,0.00854364504677078,0.022721558809280396
loco_plateau,gnn,45,b005_0320,ef3c4b806db3686e52b040856eeaa178271e38922d72178a07cfb1b60c5a9815,plateau,9,batch_005,sample_0584,False,0.005836308307823588,0.010151085575823525,0.02639099955558777
loco_plateau,gnn,45,b005_0322,dfa2ca4229967a5ccb2b1248146a521a8c13b2c9123ed436514968a5b39c468b,plateau,12,batch_005,sample_0585,False,0.008735954272942464,0.011564137871818382,0.026785433292388916
loco_plateau,gnn,45,b005_0323,cce3714177813b75d94654611ce899a21ca23c71fe16d59197e83af8d254e95f,plateau,11,batch_005,sample_0586,False,0.008133117292748123,0.011089681262840101,0.02778303623199463
loco_plateau,gnn,45,b005_0324,27fb8c31fc60138ca610456685ff39808517e467177b4b76e23ad2cc9ef40e79,plateau,3,batch_005,sample_0587,False,0.00980897504286688,0.011654946867897099,0.02778524160385132
loco_plateau,gnn,45,b005_0325,57c15407e4e74b16ef1107b3fd3d0f28bd18e2d5f422f8887bb3ae4f2ee71cfd,plateau,6,batch_005,sample_0588,False,0.0068942335296849734,0.009188946536213428,0.0209658145904541
loco_plateau,gnn,45,b005_0326,e2760e685a5883648d6d91d72b6f825497ff6177a7ae51fd1d4a4f618192fbd3,plateau,4,batch_005,sample_0589,False,0.012408468887576313,0.014157225227113521,0.031554460525512695
loco_plateau,gnn,45,b005_0327,c0f2d02506a33f5dad5fa8e5c65ba0f14cdafffb85f55797608be3df54e8cf61,plateau,1,batch_005,sample_0590,False,0.0067450777917611796,0.00810431054475212,0.013847380876541138
loco_plateau,gnn,45,b005_0328,55b4a6a2ff50fc37c4d86d31a2943c392e669602f37411c18ea7e0f718c7a49b,plateau,10,batch_005,sample_0591,False,0.007275474853202945,0.009902591769262725,0.04004716873168945
loco_plateau,gnn,45,b005_0329,25396912ea3a078cfdcae941ea89787bb0803f1346b6c5c886e75f5af0e4014c,plateau,5,batch_005,sample_0592,False,0.00955789035460988,0.011979850940016955,0.02508753538131714
loco_plateau,gnn,45,b005_0330,2d2987c8fa8b70de85851fccd3598561568f323c9bc1e48b9082c225851dca74,plateau,7,batch_005,sample_0593,False,0.006145832602117882,0.008691547772535424,0.02812892198562622
loco_plateau,gnn,45,b005_0331,fe117b09b49c597131e2f6e1b8feb5a597f6b009e1fc51e947e1c4258965cb3a,plateau,8,batch_005,sample_0594,False,0.007714249987582691,0.014392759258300953,0.045840442180633545
loco_plateau,gnn,45,b005_0332,8ef7167927072aa036a58c5f6faa4277ddbc7c3f91bcb16661ae1d24abac8490,plateau,8,batch_005,sample_0595,False,0.005702785903313121,0.007288385258747474,0.031682491302490234
loco_plateau,gnn,45,b005_0333,c3c2056eaa15eef1a5f1836e18a193479b6f32b671a8a83de228a107692ada54,plateau,1,batch_005,sample_0596,False,0.0058743345444319675,0.008161565590354535,0.024860471487045288
loco_plateau,gnn,45,b005_0334,3bbd10db0ca1e022a95db792674aa00f019fd5856e68ce360feb007d0fe711f4,plateau,14,batch_005,sample_0597,False,0.01173379076797454,0.014127777761121174,0.036189377307891846
loco_plateau,gnn,45,b005_0336,0747b020d2d22e1f5e7519b418cc9b8327b7656cbdb5b6a0c84c741abbc0e102,plateau,5,batch_005,sample_0598,False,0.009139646760752945,0.010481820159832296,0.021091997623443604
loco_plateau,gnn,45,b005_0338,115982b394b483309f71c61baca7ee9f7623a932a8116d9e7603f0819aecb7ce,plateau,11,batch_005,sample_0599,False,0.009564238004997129,0.013867532934636325,0.052068889141082764
loco_plateau,gnn,45,b005_0339,5a157ab2ed0b98a6d23ad8857e1765864193424d5249af315f29d82bd5969aec,plateau,1,batch_005,sample_0600,False,0.006765753702550638,0.009332310913589176,0.035370081663131714
loco_plateau,gnn,45,b005_0341,aa391e2b07bdd6168406810253aa95ddc48980e3dc4f63b3df9c1ea6807dbc8e,plateau,9,batch_005,sample_0601,False,0.004882705016214339,0.009322332034767046,0.020975351333618164
loco_plateau,gnn,45,b005_0344,6eb77d3cd6491920848da180bb4de9dc6bc0b37ef91bd1ab7ff630ab55038dfb,plateau,8,batch_005,sample_0602,False,0.015751558981957983,0.01795410051528902,0.0445210337638855
loco_plateau,gnn,45,b005_0345,a300e398fad1a0e6431c0978a839d6f5ba716e8b388e8dda603311639de6f280,plateau,4,batch_005,sample_0603,False,0.00591623489973975,0.00719074208472493,0.01669323444366455
loco_plateau,gnn,45,b005_0346,64090025074679c6ba642a06fb71e932babe2025b967ef6f2f6b1d8f5ad03bba,plateau,7,batch_005,sample_0604,False,0.010432485979600031,0.01605638042311719,0.045316219329833984
loco_plateau,gnn,45,b005_0347,f351afe68d58358a3632f7f01ae10c313d89f47accf5981900e558140d1bfbff,plateau,8,batch_005,sample_0605,False,0.011361915557110896,0.014355810831650105,0.026366889476776123
loco_plateau,gnn,45,b005_0348,9047f61e8be36c807011000fd79892f9747fc9f2b5d36e0905a12cc71cf27077,plateau,5,batch_005,sample_0606,False,0.00926839572484376,0.01263884088777832,0.04111146926879883
loco_plateau,gnn,45,b005_0349,c30ce3c339ea2d458d6b92c6a2de60810ca4393b4b9c7acd9f3e78a68c60481d,plateau,8,batch_005,sample_0607,False,0.010134895103143865,0.015839818283715616,0.05479317903518677
loco_plateau,gnn,45,b005_0350,1023f3a6c18df8c4890c9d45fa6b65adbbc9733ddc3561c3e25572947e28011e,plateau,4,batch_005,sample_0608,False,0.007246129947607634,0.009153130541825035,0.02534589171409607
loco_plateau,gnn,45,b005_0351,f915d37994404288414823d1bbb6b5e3931c9ad94ae24b67272d3c8362d85400,plateau,9,batch_005,sample_0609,False,0.00916818840826144,0.01108099899565789,0.03564804792404175
loco_plateau,gnn,45,b005_0352,5f0ae19a03996e46eda8c90413fc45b8985b85b82d4f47d4a22a10847efdc7d4,plateau,8,batch_005,sample_0610,False,0.01269602299225135,0.01576487323145251,0.0347764790058136
loco_plateau,gnn,45,b005_0353,05e5a33d12166760b02827e96c5a0446d2d46d0bac028f2a76145a206386e918,plateau,6,batch_005,sample_0611,False,0.007889031631047608,0.010586150202147605,0.03634375333786011
loco_plateau,gnn,45,b005_0354,fadf7a0b5c1bc2a8d8355725a59dcbd92af98cb7514eabc127842f5c4b4bef47,plateau,8,batch_005,sample_0612,False,0.012138872117292686,0.016056748363180173,0.04230645298957825
loco_plateau,gnn,45,b005_0355,4d85219246b5dad59cb85d9fa3c1936680c4c9ef047c5cef4218f3b15c1e939c,plateau,4,batch_005,sample_0613,False,0.011385781110310163,0.013888413193977765,0.011581778526306152
loco_plateau,gnn,45,b005_0356,4d68bdd50ef81490f46d2a8e1897ab3bb663920d094e1cbb0b28ba7113382e88,plateau,2,batch_005,sample_0614,False,0.009005454720043745,0.01286590005824172,0.04005378484725952
loco_plateau,gnn,45,b005_0359,4c1573f83055d1187f7f6cd3d9baae0038086645d81eee72897606cc9d5c570c,plateau,5,batch_005,sample_0615,False,0.009387358442926015,0.011301474235186756,0.03229254484176636
loco_plateau,gnn,45,b005_0360,686bd58ef008dcf1a1a7c6f4d10f2f843038b4350a135434e4ccc66a580f0f5d,plateau,8,batch_005,sample_0616,False,0.006870331090004718,0.010017892630386091,0.028564393520355225
loco_plateau,gnn,45,b005_0361,96f4761fc6c8f7f70f150f08d1184ebb6ce1b5aaa442426bf462bb08296c1a3b,plateau,8,batch_005,sample_0617,False,0.011521073333064064,0.016942347575631258,0.05958271026611328
loco_plateau,gnn,45,b005_0362,1afc1c036950d3674b72ba96e3a3beaf89086ebc191f828798460411f6637095,plateau,14,batch_005,sample_0618,False,0.008870280179821078,0.01237176759402808,0.030616700649261475
loco_plateau,gnn,45,b005_0363,c4e17a05dde40f17497a58db0f20c7fa3893089c99b4e61d2abb1683d73c2708,plateau,3,batch_005,sample_0619,False,0.006987689215628827,0.008531987965077802,0.015198230743408203
loco_plateau,gnn,45,b005_0364,f789b385523cb681d859a20015bfbe6406d3d1a4e0993fd9931fc56524052232,plateau,7,batch_005,sample_0620,False,0.008639363236114627,0.012521796394069447,0.028520941734313965
loco_plateau,gnn,45,b005_0365,bf0f2b2de55694fffbc786504dd644ea825c40182b9b220d53b89c8a37ed6c50,plateau,2,batch_005,sample_0621,False,0.009218274692042928,0.011677245336462477,0.035874903202056885
loco_plateau,gnn,45,b005_0366,ff9baf0d1ecf79479db89955f4239351d1d12145c830cf12c7c6743740bef107,plateau,1,batch_005,sample_0622,False,0.013508044549676239,0.016294551928883825,0.049587905406951904
loco_plateau,gnn,45,b005_0367,55ae06c4d49e4f4bca3994c646b4a4477cbe684a94491baec3ccacaf8913cdc4,plateau,6,batch_005,sample_0623,False,0.005665933011008091,0.007807101186780162,0.019177913665771484
loco_plateau,gnn,45,b005_0369,3d7c1523d7f7a701ba8c8c8653f377b8bce5dcb75dd5e777fc37ea2547a10cd1,plateau,11,batch_005,sample_0624,False,0.009712591767311096,0.012914767398477071,0.051151156425476074
loco_plateau,gnn,45,b005_0370,02430a0e963a0b380b2bc0d082219d1cf06081fa567fed08f912ffa7dfe10051,plateau,5,batch_005,sample_0625,False,0.009891406923043923,0.011767694109552031,0.023485183715820312
loco_plateau,gnn,45,b005_0374,e78a3e8bf3a5373c93d1d439c82fbdadf0d6d220b3240b14bb5f3bc3f6e4f09a,plateau,1,batch_005,sample_0626,False,0.010933287075308502,0.013190930028021273,0.0247134268283844
loco_plateau,gnn,45,b005_0376,e2cf5195bd63a11d9d1ca2e66c51888dcca34e1ae84251c784a18a3f37096e59,plateau,3,batch_005,sample_0627,False,0.007491031081461516,0.00952069800455599,0.029595375061035156
loco_plateau,gnn,45,b005_0377,3f7f8648f1cca1b0bde98bd8dd3709da82b522777e245fb04f2e547d74fb458c,plateau,3,batch_005,sample_0628,False,0.008683539072021108,0.010783644406672111,0.02426689863204956
loco_plateau,gnn,45,b005_0378,046e2b649304ef7368e59229d0d93e66e7a45cef80450c188bed4c2d3d1fdc8d,plateau,11,batch_005,sample_0629,False,0.01761771665244806,0.01863519980502611,0.02784121036529541
loco_plateau,gnn,45,b005_0379,1f409b6e03f9441ff3c5c3fc66e0db956031025ffca1702ed23e99238b6229c9,plateau,15,batch_005,sample_0630,False,0.007398480763200854,0.009835110466748129,0.0227658748626709
loco_plateau,gnn,45,b005_0380,9373bd39ad3438c8b68e44ed9913af85cc6aa4598a1d16ee56e8aa54d6b7e8ad,plateau,7,batch_005,sample_0631,False,0.005796300949620419,0.007601897595515674,0.01659025251865387
loco_plateau,gnn,45,b005_0381,69369739915ea5865caaa0a97202deb36c3f5d9d99624a932280b9ccaec1ad7a,plateau,8,batch_005,sample_0632,False,0.007498187608406192,0.008847895981672262,0.028426647186279297
loco_plateau,gnn,45,b005_0382,2d2b38ecba4efd0196a13bbe391dd3bf0713ebf5519032458d2874f9b5b799ea,plateau,6,batch_005,sample_0633,False,0.004911935476006054,0.00597584309924638,0.013812541961669922
loco_plateau,gnn,45,b005_0383,c3f96572b536df535317375fdc5e4706ac369468646788bb728a81d80ebbf8cd,plateau,9,batch_005,sample_0634,False,0.021574031195191086,0.0239705118603673,0.051719918847084045
loco_plateau,gnn,45,b005_0384,4f787d72c2991ce6d0932240e622e61affe479a7fa2dd35ab8bcdc5923ff28ed,plateau,13,batch_005,sample_0635,False,0.014946196655758092,0.01791224366933166,0.0733233094215393
loco_plateau,gnn,45,b005_0386,301947d5dbc16fbb140de6b8a02a472b8129263d9f0a15b48f047dc956897100,plateau,8,batch_005,sample_0636,False,0.008146833933767725,0.010192485603698282,0.03770381212234497
loco_plateau,gnn,45,b005_0387,8de22ed78a2ba566ad5d579cb268e029471143e2f0356e36c926f297c636ec17,plateau,1,batch_005,sample_0637,False,0.011377791614561785,0.01341413415066149,0.03702172636985779
loco_plateau,gnn,45,b005_0388,7018dd5a29322b02c1632cd20271bff3ce888a19228aa52114aa77b9400eb91b,plateau,10,batch_005,sample_0638,False,0.006206542742056924,0.008503488038625407,0.02885061502456665
loco_plateau,gnn,45,b005_0391,befff6f241f67d94d7753d00fbb0c58bb90217d18320366e8efddcc6b98d1cf6,plateau,7,batch_005,sample_0639,False,0.006486111915990954,0.008402616417057283,0.027279794216156006
loco_plateau,gnn,45,b005_0392,c8557ed9f63b99ebd2c6c477e7131c72de41dc16fb5e94bfd97d94fa611c210b,plateau,10,batch_005,sample_0640,False,0.0072782999667965,0.010230037527461168,0.030659854412078857
loco_plateau,gnn,45,b005_0393,93eb3bacea701426087e75941806b407760420360c2377bbc814db1682f2a1d4,plateau,5,batch_005,sample_0641,False,0.007842773296793953,0.010755525214782078,0.036207377910614014
loco_plateau,gnn,45,b005_0394,df92d1d4b0476ec691828cb2651348409e75a7cc4379821060d4a774189be132,plateau,9,batch_005,sample_0642,False,0.010452055906663175,0.013139665557335579,0.052234649658203125
loco_plateau,gnn,45,b005_0395,83ecfc111bb85fd355498ca7b8a4bb47c26e405c679f3515a1aafc4d7cefab6c,plateau,5,batch_005,sample_0643,False,0.011892330451089828,0.013557371214065176,0.025416076183319092
loco_plateau,gnn,45,b005_0397,c8766140f84f514dc30d7035d42f2067f8e50cef0a1eee335dbb302ad43b3441,plateau,1,batch_005,sample_0644,False,0.010232529190720105,0.012099179584402117,0.023412227630615234
loco_plateau,gnn,45,b005_0398,c5312b8757553a4ab6a18f87cd43e9086663093a1069e7c08549a0cd2de261d6,plateau,13,batch_005,sample_0645,False,0.017146137405614385,0.01941032603691644,0.023007512092590332
loco_plateau,gnn,46,b004_0101,cb286dce3fb5e4de9ce7cd24a593b3729810700f461d4dea7e7e806081a6c243,plateau,7,batch_004,sample_0098,False,0.015005227727968185,0.01742943710572466,0.041144728660583496
loco_plateau,gnn,46,b004_0106,68a631e45d1432b8c277623aa36bd14caa372804b8363ec96ef67ddc8eb20d1c,plateau,3,batch_004,sample_0102,False,0.005844200793348375,0.007766430128708169,0.017421603202819824
loco_plateau,gnn,46,b004_0115,f799b5290dd4072521a7449c1abf33ff526f22f67b776e873628d3cbca0ba783,plateau,3,batch_004,sample_0107,False,0.007825020395341466,0.01046307665778613,0.010288521647453308
loco_plateau,gnn,46,b004_0130,2188740cfe38cf9d440c67431f559d83d2a1ce7ae59ca2bedcf02bb69f466e50,plateau,8,batch_004,sample_0120,False,0.005533344738307546,0.007710647088041317,0.02341175079345703
loco_plateau,gnn,46,b004_0136,04889ebdfb5784327f3b9088bf6df01afa628294490b202c173ef0b14838e962,plateau,2,batch_004,sample_0125,False,0.006823862307384366,0.008883749587006372,0.021382510662078857
loco_plateau,gnn,46,b004_0147,1fa51a6e404fd88eb385d6766311d069515a32e28126ff01697c509152d5f502,plateau,7,batch_004,sample_0131,False,0.011719239356576419,0.013723057576332668,0.027720779180526733
loco_plateau,gnn,46,b004_0154,aac35af72b9a33754898cad920897b67d2af68b9260ad250b7fcaebd06f32dcc,plateau,8,batch_004,sample_0136,False,0.0075579653875749615,0.010254165570721023,0.025528758764266968
loco_plateau,gnn,46,b004_0155,1d0a46c8f6e17a86034c6bb9d66c4b03d098b69ff514fc02f28ea63be0b42c7e,plateau,6,batch_004,sample_0137,False,0.009676911303254425,0.012452683539089534,0.02740618586540222
loco_plateau,gnn,46,b004_0163,4873613114b6d71d3a19feac4e2a6cca6a1aea7cedee70e6461fcb308fcd40a1,plateau,8,batch_004,sample_0144,False,0.012085449744443425,0.013970939098162051,0.02740299701690674
loco_plateau,gnn,46,b004_0166,8acc23b2c14cbb42c17a2dcc988fac65c64813d2829e3784719d447b5ed718b7,plateau,6,batch_004,sample_0146,False,0.007488280656884928,0.010212553278992962,0.029391050338745117
loco_plateau,gnn,46,b004_0189,83c666a66b41c149f65ddc8bd970a7e25625b9d2da4a74aa495eb63512733e3d,plateau,1,batch_004,sample_0163,False,0.006762094673563222,0.009838498274209396,0.02659851312637329
loco_plateau,gnn,46,b004_0192,e59076b7dd3091c6a35a126a9200a5d87d04f635db59270bb6abf483a0ca6b6b,plateau,3,batch_004,sample_0166,False,0.007752031881789692,0.00938256886624684,0.02542164921760559
loco_plateau,gnn,46,b004_0198,36b24bbee6d7a71d6d85eb0f4637e3435adb468ab33422dad8a99a2687c94a43,plateau,3,batch_004,sample_0172,False,0.006463701119188403,0.007678581551793958,0.009037420153617859
loco_plateau,gnn,46,b004_0206,0f83d6a5c144dfa616333adc1bd57529c0d4b0a6391f6abd2b3df69ae12643d9,plateau,8,batch_004,sample_0176,False,0.013018417798104833,0.01574652517210897,0.03772658109664917
loco_plateau,gnn,46,b004_0208,1e7355104cb1bc6623bb84e83c8b136fc6530491967649406726860c46d55882,plateau,3,batch_004,sample_0177,False,0.005855641281995617,0.007072838780190299,0.01368415355682373
loco_plateau,gnn,46,b004_0209,440c0cdd2e0fa5883c06758ead647f3129254dd10b206bf0c4a01275bc82806b,plateau,7,batch_004,sample_0178,False,0.010540568437732633,0.011658017609785585,0.020183444023132324
loco_plateau,gnn,46,b004_0226,61bdc1b24112322d60eb9bd84ba71d642a105873858653a3edd7bfe0a5c1b34e,plateau,7,batch_004,sample_0190,False,0.006911151477547943,0.008502727157552651,0.029126644134521484
loco_plateau,gnn,46,b004_0229,af1d00f7a0b787f92bf6455e06a745c2e040b11b6d56cb70a91a0e9bbecca3e3,plateau,4,batch_004,sample_0193,False,0.00636665865046079,0.00893800375105653,0.027125179767608643
loco_plateau,gnn,46,b004_0232,c19c313f6ced6796888a79b2f089c97c626a7f821d056d6da34ee52cdd9ede4e,plateau,2,batch_004,sample_0195,False,0.009063983305555875,0.0112640090660804,0.024869918823242188
loco_plateau,gnn,46,b004_0238,ab344aa6b1603d38f985e697b8d5e23f92cabe2cfdec495cd63bf30832b339b7,plateau,3,batch_004,sample_0201,False,0.0068081926371230455,0.009567129777464475,0.03513336181640625
loco_plateau,gnn,46,b004_0269,4bc4fd552a3fec6bec5222fbe2344ba232c661859418bb0be167915721ee5291,plateau,5,batch_004,sample_0225,False,0.0075287161791910895,0.009454212024505488,0.02231621742248535
loco_plateau,gnn,46,b004_0270,6e734c0ce0d34a99ed4ad267e7228f80d1e1937ed9cfb2a2531b08dd05b3f9f4,plateau,2,batch_004,sample_0226,False,0.009075533720802088,0.011095421964874607,0.026314914226531982
loco_plateau,gnn,46,b004_0276,7b18e593b02cd8067d1393f0e63f941e25eff1aa515facc3feca5d594c0b32f6,plateau,3,batch_004,sample_0231,False,0.007911670525543025,0.010668613158537964,0.02668440341949463
loco_plateau,gnn,46,b004_0280,99c63bb4954aeef83d20697237d20468a2082dc550b92994ed9c8b0d2e53aeb4,plateau,3,batch_004,sample_0235,False,0.007847577516661316,0.009967842756096072,0.036710381507873535
loco_plateau,gnn,46,b004_0284,315251daf704e2ddebf079b4618bac7ddc803651927693240201fda0ae19713e,plateau,7,batch_004,sample_0238,False,0.013661364795731717,0.01613268701952002,0.02761441469192505
loco_plateau,gnn,46,b004_0285,538882c9fc437f403f576e9537afa2d0e9d19640d587ec09abf294580a7a5439,plateau,5,batch_004,sample_0239,False,0.009879203604870155,0.012177771696930698,0.03070974349975586
loco_plateau,gnn,46,b004_0286,1f1d5a524d03753ee50cb34e15a725be31a3f16360c0873f815fa3617c634af9,plateau,2,batch_004,sample_0240,False,0.007935788360286931,0.010795886038402688,0.028693795204162598
loco_plateau,gnn,46,b004_0291,5cb317353c4e3be13450815c4705cf51b35ccbcd7f9d37f0e177ea0c467b5f57,plateau,1,batch_004,sample_0243,False,0.007934038756323642,0.00958132693313413,0.028627678751945496
loco_plateau,gnn,46,b004_0298,caa33739bb94bf3e4107ea13ebaefa854b1845ee09a860ac973faad33ffc7834,plateau,5,batch_004,sample_0250,False,0.010282550434597203,0.011670666253934878,0.011856317520141602
loco_plateau,gnn,46,b004_0303,de67b515620baea3c5921d16c351e24f283039e6be0dbb711689e9c13ccfdcd8,plateau,7,batch_004,sample_0254,False,0.00625260955974704,0.0074776247805696016,0.016058892011642456
loco_plateau,gnn,46,b004_0312,aae428a0b7988c9a08ec2cd887e629b34ead9427365e120773f787d5e67957c1,plateau,8,batch_004,sample_0261,False,0.012070291843570646,0.013505300148408436,0.014240443706512451
loco_plateau,gnn,46,b004_0328,230d653e29b05c6cac38da6d0de4c13e4f666cbcf2f18fd0f9301c8565cc11a3,plateau,4,batch_004,sample_0274,False,0.005699523220785329,0.00819531388172999,0.014423131942749023
loco_plateau,gnn,46,b004_0335,3af73a16bdf592f38afc48342dd2996cc2332054b38bc004699cef76f2f2027c,plateau,4,batch_004,sample_0278,False,0.009089796513807579,0.010714689393463844,0.025224268436431885
loco_plateau,gnn,46,b004_0336,b1a27cded5990829ff83324d88a32190c7c9723de6ef9887de3b888774969a57,plateau,1,batch_004,sample_0279,False,0.012983316525084073,0.01695457761305163,0.017139166593551636
loco_plateau,gnn,46,b004_0367,c318564675cfb510af8b85e2c440c5474c6897ca4e9cdaf29a6217c1c607614e,plateau,5,batch_004,sample_0304,False,0.007459450940616796,0.009699684597446911,0.032232582569122314
loco_plateau,gnn,46,b004_0378,b10baedc312e4d2d36427845a0f1a1cbffe556d2f64623a9674249752d97956c,plateau,8,batch_004,sample_0313,False,0.00975582205125543,0.011669111938029397,0.044447243213653564
loco_plateau,gnn,46,b004_0379,c6e6ea944f341106836d770add03411f9b6a1a984c07c96bec5e68fdcf226108,plateau,6,batch_004,sample_0314,False,0.0059796150346271325,0.007569232726341968,0.021463513374328613
loco_plateau,gnn,46,b004_0385,1669f1f0995158292efaccb221bf4e371f369d987f6008fc5bbb7afeb0d048df,plateau,7,batch_004,sample_0319,False,0.0054855231867461905,0.007707979995227469,0.024668991565704346
loco_plateau,gnn,46,b004_0387,09be75b148104dc8d00eb69fe791588c388b9ebb3038b53094e45349b135be7d,plateau,8,batch_004,sample_0321,False,0.013439191902270083,0.015082831548593887,0.02566695213317871
loco_plateau,gnn,46,b005_0318,924387d745bc9120e456294ff4a08ad9a1d65425b1cd2775143ca2ab2f71ce55,plateau,7,batch_005,sample_0582,False,0.011775329220490377,0.013929933672458594,0.03365278244018555
loco_plateau,gnn,46,b005_0319,800520051cbd61e759abc8ff464d9452f0af7501ab267ce886d3229fe3d764b4,plateau,2,batch_005,sample_0583,False,0.006853344987650387,0.009166942255730845,0.02966219186782837
loco_plateau,gnn,46,b005_0320,ef3c4b806db3686e52b040856eeaa178271e38922d72178a07cfb1b60c5a9815,plateau,9,batch_005,sample_0584,False,0.007248320601514128,0.012227930833035992,0.03192096948623657
loco_plateau,gnn,46,b005_0322,dfa2ca4229967a5ccb2b1248146a521a8c13b2c9123ed436514968a5b39c468b,plateau,12,batch_005,sample_0585,False,0.014170243053651247,0.01644376757072138,0.028045952320098877
loco_plateau,gnn,46,b005_0323,cce3714177813b75d94654611ce899a21ca23c71fe16d59197e83af8d254e95f,plateau,11,batch_005,sample_0586,False,0.007727655475256873,0.010722997232157933,0.023252904415130615
loco_plateau,gnn,46,b005_0324,27fb8c31fc60138ca610456685ff39808517e467177b4b76e23ad2cc9ef40e79,plateau,3,batch_005,sample_0587,False,0.010427018291637545,0.012943408533648127,0.03344723582267761
loco_plateau,gnn,46,b005_0325,57c15407e4e74b16ef1107b3fd3d0f28bd18e2d5f422f8887bb3ae4f2ee71cfd,plateau,6,batch_005,sample_0588,False,0.006637788942602814,0.008867706206685423,0.0195389986038208
loco_plateau,gnn,46,b005_0326,e2760e685a5883648d6d91d72b6f825497ff6177a7ae51fd1d4a4f618192fbd3,plateau,4,batch_005,sample_0589,False,0.014596794304422667,0.016551851312146655,0.029950574040412903
loco_plateau,gnn,46,b005_0327,c0f2d02506a33f5dad5fa8e5c65ba0f14cdafffb85f55797608be3df54e8cf61,plateau,1,batch_005,sample_0590,False,0.005699649941725809,0.0069282203542523554,0.015041232109069824
loco_plateau,gnn,46,b005_0328,55b4a6a2ff50fc37c4d86d31a2943c392e669602f37411c18ea7e0f718c7a49b,plateau,10,batch_005,sample_0591,False,0.006582787779510998,0.0097090247526483,0.041235268115997314
loco_plateau,gnn,46,b005_0329,25396912ea3a078cfdcae941ea89787bb0803f1346b6c5c886e75f5af0e4014c,plateau,5,batch_005,sample_0592,False,0.014455135728492111,0.01638952931278895,0.027016520500183105
loco_plateau,gnn,46,b005_0330,2d2987c8fa8b70de85851fccd3598561568f323c9bc1e48b9082c225851dca74,plateau,7,batch_005,sample_0593,False,0.005655402409248665,0.0076629253133033036,0.022748708724975586
loco_plateau,gnn,46,b005_0331,fe117b09b49c597131e2f6e1b8feb5a597f6b009e1fc51e947e1c4258965cb3a,plateau,8,batch_005,sample_0594,False,0.010942428388067933,0.016501530831235286,0.06158393621444702
loco_plateau,gnn,46,b005_0332,8ef7167927072aa036a58c5f6faa4277ddbc7c3f91bcb16661ae1d24abac8490,plateau,8,batch_005,sample_0595,False,0.006449221709712607,0.008744568414504033,0.017142176628112793
loco_plateau,gnn,46,b005_0333,c3c2056eaa15eef1a5f1836e18a193479b6f32b671a8a83de228a107692ada54,plateau,1,batch_005,sample_0596,False,0.007235411737785965,0.00983699878003889,0.03277251124382019
loco_plateau,gnn,46,b005_0334,3bbd10db0ca1e022a95db792674aa00f019fd5856e68ce360feb007d0fe711f4,plateau,14,batch_005,sample_0597,False,0.008413633484332288,0.010986300640269111,0.021754801273345947
loco_plateau,gnn,46,b005_0336,0747b020d2d22e1f5e7519b418cc9b8327b7656cbdb5b6a0c84c741abbc0e102,plateau,5,batch_005,sample_0598,False,0.005873933190205058,0.008033187441168115,0.02267003059387207
loco_plateau,gnn,46,b005_0338,115982b394b483309f71c61baca7ee9f7623a932a8116d9e7603f0819aecb7ce,plateau,11,batch_005,sample_0599,False,0.010294122529811546,0.012723690264972321,0.028437316417694092
loco_plateau,gnn,46,b005_0339,5a157ab2ed0b98a6d23ad8857e1765864193424d5249af315f29d82bd5969aec,plateau,1,batch_005,sample_0600,False,0.0069018880241229884,0.010146742539593795,0.04130280017852783
loco_plateau,gnn,46,b005_0341,aa391e2b07bdd6168406810253aa95ddc48980e3dc4f63b3df9c1ea6807dbc8e,plateau,9,batch_005,sample_0601,False,0.00497645475581044,0.009672512726174313,0.02171558141708374
loco_plateau,gnn,46,b005_0344,6eb77d3cd6491920848da180bb4de9dc6bc0b37ef91bd1ab7ff630ab55038dfb,plateau,8,batch_005,sample_0602,False,0.007096295474005527,0.01149763372331207,0.03642010688781738
loco_plateau,gnn,46,b005_0345,a300e398fad1a0e6431c0978a839d6f5ba716e8b388e8dda603311639de6f280,plateau,4,batch_005,sample_0603,False,0.005749892748770167,0.007273996637763806,0.020689666271209717
loco_plateau,gnn,46,b005_0346,64090025074679c6ba642a06fb71e932babe2025b967ef6f2f6b1d8f5ad03bba,plateau,7,batch_005,sample_0604,False,0.01149815833959423,0.0170548260806831,0.05528879165649414
loco_plateau,gnn,46,b005_0347,f351afe68d58358a3632f7f01ae10c313d89f47accf5981900e558140d1bfbff,plateau,8,batch_005,sample_0605,False,0.022289852626988144,0.024883188854681538,0.033024296164512634
loco_plateau,gnn,46,b005_0348,9047f61e8be36c807011000fd79892f9747fc9f2b5d36e0905a12cc71cf27077,plateau,5,batch_005,sample_0606,False,0.012366372786584447,0.015301983918943867,0.046160221099853516
loco_plateau,gnn,46,b005_0349,c30ce3c339ea2d458d6b92c6a2de60810ca4393b4b9c7acd9f3e78a68c60481d,plateau,8,batch_005,sample_0607,False,0.009462640941387317,0.013386030896814448,0.041903674602508545
loco_plateau,gnn,46,b005_0350,1023f3a6c18df8c4890c9d45fa6b65adbbc9733ddc3561c3e25572947e28011e,plateau,4,batch_005,sample_0608,False,0.008012864494421443,0.010338063260143674,0.027599304914474487
loco_plateau,gnn,46,b005_0351,f915d37994404288414823d1bbb6b5e3931c9ad94ae24b67272d3c8362d85400,plateau,9,batch_005,sample_0609,False,0.008441447784177592,0.011931665696223885,0.037490665912628174
loco_plateau,gnn,46,b005_0352,5f0ae19a03996e46eda8c90413fc45b8985b85b82d4f47d4a22a10847efdc7d4,plateau,8,batch_005,sample_0610,False,0.015621520456720571,0.01857409814560423,0.038848817348480225
loco_plateau,gnn,46,b005_0353,05e5a33d12166760b02827e96c5a0446d2d46d0bac028f2a76145a206386e918,plateau,6,batch_005,sample_0611,False,0.009174405307066246,0.01260872937278646,0.04112124443054199
loco_plateau,gnn,46,b005_0354,fadf7a0b5c1bc2a8d8355725a59dcbd92af98cb7514eabc127842f5c4b4bef47,plateau,8,batch_005,sample_0612,False,0.011559425807390057,0.01513638282068163,0.042101144790649414
loco_plateau,gnn,46,b005_0355,4d85219246b5dad59cb85d9fa3c1936680c4c9ef047c5cef4218f3b15c1e939c,plateau,4,batch_005,sample_0613,False,0.009424849856095235,0.011568262692480175,0.009285330772399902
loco_plateau,gnn,46,b005_0356,4d68bdd50ef81490f46d2a8e1897ab3bb663920d094e1cbb0b28ba7113382e88,plateau,2,batch_005,sample_0614,False,0.007754469992684536,0.011285612276071121,0.03807729482650757
loco_plateau,gnn,46,b005_0359,4c1573f83055d1187f7f6cd3d9baae0038086645d81eee72897606cc9d5c570c,plateau,5,batch_005,sample_0615,False,0.007929341806495776,0.010798413481183806,0.038617074489593506
loco_plateau,gnn,46,b005_0360,686bd58ef008dcf1a1a7c6f4d10f2f843038b4350a135434e4ccc66a580f0f5d,plateau,8,batch_005,sample_0616,False,0.006074567676567641,0.008352717659647122,0.02446150779724121
loco_plateau,gnn,46,b005_0361,96f4761fc6c8f7f70f150f08d1184ebb6ce1b5aaa442426bf462bb08296c1a3b,plateau,8,batch_005,sample_0617,False,0.016887567326670787,0.02107002109900048,0.06995326280593872
loco_plateau,gnn,46,b005_0362,1afc1c036950d3674b72ba96e3a3beaf89086ebc191f828798460411f6637095,plateau,14,batch_005,sample_0618,False,0.008290149393628855,0.010726119857865375,0.027098238468170166
loco_plateau,gnn,46,b005_0363,c4e17a05dde40f17497a58db0f20c7fa3893089c99b4e61d2abb1683d73c2708,plateau,3,batch_005,sample_0619,False,0.0055643114887300085,0.006637251033119763,0.01237855851650238
loco_plateau,gnn,46,b005_0364,f789b385523cb681d859a20015bfbe6406d3d1a4e0993fd9931fc56524052232,plateau,7,batch_005,sample_0620,False,0.008334350146231104,0.011757570199674022,0.02903503179550171
loco_plateau,gnn,46,b005_0365,bf0f2b2de55694fffbc786504dd644ea825c40182b9b220d53b89c8a37ed6c50,plateau,2,batch_005,sample_0621,False,0.009007074366338918,0.011645439061752886,0.03354489803314209
loco_plateau,gnn,46,b005_0366,ff9baf0d1ecf79479db89955f4239351d1d12145c830cf12c7c6743740bef107,plateau,1,batch_005,sample_0622,False,0.011415701176299423,0.015109687094568211,0.049198925495147705
loco_plateau,gnn,46,b005_0367,55ae06c4d49e4f4bca3994c646b4a4477cbe684a94491baec3ccacaf8913cdc4,plateau,6,batch_005,sample_0623,False,0.005514041810739236,0.008212618982664253,0.020638763904571533
loco_plateau,gnn,46,b005_0369,3d7c1523d7f7a701ba8c8c8653f377b8bce5dcb75dd5e777fc37ea2547a10cd1,plateau,11,batch_005,sample_0624,False,0.011861946983415573,0.013968522249761835,0.03515571355819702
loco_plateau,gnn,46,b005_0370,02430a0e963a0b380b2bc0d082219d1cf06081fa567fed08f912ffa7dfe10051,plateau,5,batch_005,sample_0625,False,0.007944670124132126,0.010039499767377356,0.026575684547424316
loco_plateau,gnn,46,b005_0374,e78a3e8bf3a5373c93d1d439c82fbdadf0d6d220b3240b14bb5f3bc3f6e4f09a,plateau,1,batch_005,sample_0626,False,0.008773703067029109,0.010754103076173131,0.026617228984832764
loco_plateau,gnn,46,b005_0376,e2cf5195bd63a11d9d1ca2e66c51888dcca34e1ae84251c784a18a3f37096e59,plateau,3,batch_005,sample_0627,False,0.00851459581343854,0.010950468596821797,0.031902015209198
loco_plateau,gnn,46,b005_0377,3f7f8648f1cca1b0bde98bd8dd3709da82b522777e245fb04f2e547d74fb458c,plateau,3,batch_005,sample_0628,False,0.0062362326950323385,0.0076760125886965675,0.01789790391921997
loco_plateau,gnn,46,b005_0378,046e2b649304ef7368e59229d0d93e66e7a45cef80450c188bed4c2d3d1fdc8d,plateau,11,batch_005,sample_0629,False,0.007099061960079631,0.00904232645164027,0.028908848762512207
loco_plateau,gnn,46,b005_0379,1f409b6e03f9441ff3c5c3fc66e0db956031025ffca1702ed23e99238b6229c9,plateau,15,batch_005,sample_0630,False,0.009337643375162219,0.012263239106662296,0.024221599102020264
loco_plateau,gnn,46,b005_0380,9373bd39ad3438c8b68e44ed9913af85cc6aa4598a1d16ee56e8aa54d6b7e8ad,plateau,7,batch_005,sample_0631,False,0.006853734799584404,0.008245768385902044,0.01821465790271759
loco_plateau,gnn,46,b005_0381,69369739915ea5865caaa0a97202deb36c3f5d9d99624a932280b9ccaec1ad7a,plateau,8,batch_005,sample_0632,False,0.006956207947652848,0.00842006998395996,0.016038835048675537
loco_plateau,gnn,46,b005_0382,2d2b38ecba4efd0196a13bbe391dd3bf0713ebf5519032458d2874f9b5b799ea,plateau,6,batch_005,sample_0633,False,0.005698070907201923,0.0070973036181558626,0.01812070608139038
loco_plateau,gnn,46,b005_0383,c3f96572b536df535317375fdc5e4706ac369468646788bb728a81d80ebbf8cd,plateau,9,batch_005,sample_0634,False,0.01808213051713881,0.020516902502306932,0.0360880047082901
loco_plateau,gnn,46,b005_0384,4f787d72c2991ce6d0932240e622e61affe479a7fa2dd35ab8bcdc5923ff28ed,plateau,13,batch_005,sample_0635,False,0.018964686598934112,0.021581622977935314,0.053797364234924316
loco_plateau,gnn,46,b005_0386,301947d5dbc16fbb140de6b8a02a472b8129263d9f0a15b48f047dc956897100,plateau,8,batch_005,sample_0636,False,0.012211796323784063,0.013712772394475246,0.02742554247379303
loco_plateau,gnn,46,b005_0387,8de22ed78a2ba566ad5d579cb268e029471143e2f0356e36c926f297c636ec17,plateau,1,batch_005,sample_0637,False,0.012256861007848724,0.0152960013515506,0.0451909601688385
loco_plateau,gnn,46,b005_0388,7018dd5a29322b02c1632cd20271bff3ce888a19228aa52114aa77b9400eb91b,plateau,10,batch_005,sample_0638,False,0.005830147227302926,0.008484703657019962,0.030059218406677246
loco_plateau,gnn,46,b005_0391,befff6f241f67d94d7753d00fbb0c58bb90217d18320366e8efddcc6b98d1cf6,plateau,7,batch_005,sample_0639,False,0.006218981974926151,0.008353312371919643,0.02077484130859375
loco_plateau,gnn,46,b005_0392,c8557ed9f63b99ebd2c6c477e7131c72de41dc16fb5e94bfd97d94fa611c210b,plateau,10,batch_005,sample_0640,False,0.006929217791948162,0.009828244933362642,0.018293440341949463
loco_plateau,gnn,46,b005_0393,93eb3bacea701426087e75941806b407760420360c2377bbc814db1682f2a1d4,plateau,5,batch_005,sample_0641,False,0.011256742184279396,0.014290707313485546,0.04356110095977783
loco_plateau,gnn,46,b005_0394,df92d1d4b0476ec691828cb2651348409e75a7cc4379821060d4a774189be132,plateau,9,batch_005,sample_0642,False,0.010654802449413987,0.01218474973067467,0.04136478900909424
loco_plateau,gnn,46,b005_0395,83ecfc111bb85fd355498ca7b8a4bb47c26e405c679f3515a1aafc4d7cefab6c,plateau,5,batch_005,sample_0643,False,0.016557082533836365,0.019577863339018675,0.03668653964996338
loco_plateau,gnn,46,b005_0397,c8766140f84f514dc30d7035d42f2067f8e50cef0a1eee335dbb302ad43b3441,plateau,1,batch_005,sample_0644,False,0.009389085603542015,0.011171297735396438,0.032478511333465576
loco_plateau,gnn,46,b005_0398,c5312b8757553a4ab6a18f87cd43e9086663093a1069e7c08549a0cd2de261d6,plateau,13,batch_005,sample_0645,False,0.008869510205065618,0.014254840140790188,0.02434486150741577
loco_plateau,gnn_zero_edge_features,42,b004_0101,cb286dce3fb5e4de9ce7cd24a593b3729810700f461d4dea7e7e806081a6c243,plateau,7,batch_004,sample_0098,False,0.02024721830594735,0.02298128145092243,0.042090415954589844
loco_plateau,gnn_zero_edge_features,42,b004_0106,68a631e45d1432b8c277623aa36bd14caa372804b8363ec96ef67ddc8eb20d1c,plateau,3,batch_004,sample_0102,False,0.005324945098063985,0.007689205986721398,0.018928855657577515
loco_plateau,gnn_zero_edge_features,42,b004_0115,f799b5290dd4072521a7449c1abf33ff526f22f67b776e873628d3cbca0ba783,plateau,3,batch_004,sample_0107,False,0.008590384584958435,0.011463601974829435,0.009977206587791443
loco_plateau,gnn_zero_edge_features,42,b004_0130,2188740cfe38cf9d440c67431f559d83d2a1ce7ae59ca2bedcf02bb69f466e50,plateau,8,batch_004,sample_0120,False,0.005489583386749518,0.00753299312173739,0.02324235439300537
loco_plateau,gnn_zero_edge_features,42,b004_0136,04889ebdfb5784327f3b9088bf6df01afa628294490b202c173ef0b14838e962,plateau,2,batch_004,sample_0125,False,0.005252256195564739,0.007116687254006723,0.021698325872421265
loco_plateau,gnn_zero_edge_features,42,b004_0147,1fa51a6e404fd88eb385d6766311d069515a32e28126ff01697c509152d5f502,plateau,7,batch_004,sample_0131,False,0.007564671581885854,0.011609027161869376,0.0213434100151062
loco_plateau,gnn_zero_edge_features,42,b004_0154,aac35af72b9a33754898cad920897b67d2af68b9260ad250b7fcaebd06f32dcc,plateau,8,batch_004,sample_0136,False,0.00883958531452007,0.011834046557520182,0.030416905879974365
loco_plateau,gnn_zero_edge_features,42,b004_0155,1d0a46c8f6e17a86034c6bb9d66c4b03d098b69ff514fc02f28ea63be0b42c7e,plateau,6,batch_004,sample_0137,False,0.009769757751558647,0.01227979640604708,0.024332046508789062
loco_plateau,gnn_zero_edge_features,42,b004_0163,4873613114b6d71d3a19feac4e2a6cca6a1aea7cedee70e6461fcb308fcd40a1,plateau,8,batch_004,sample_0144,False,0.014406627807460848,0.01700857107397681,0.040811896324157715
loco_plateau,gnn_zero_edge_features,42,b004_0166,8acc23b2c14cbb42c17a2dcc988fac65c64813d2829e3784719d447b5ed718b7,plateau,6,batch_004,sample_0146,False,0.00653810011314564,0.008200758410850892,0.023229122161865234
loco_plateau,gnn_zero_edge_features,42,b004_0189,83c666a66b41c149f65ddc8bd970a7e25625b9d2da4a74aa495eb63512733e3d,plateau,1,batch_004,sample_0163,False,0.008909687399864197,0.011995783064863484,0.029413849115371704
loco_plateau,gnn_zero_edge_features,42,b004_0192,e59076b7dd3091c6a35a126a9200a5d87d04f635db59270bb6abf483a0ca6b6b,plateau,3,batch_004,sample_0166,False,0.007636950274959939,0.009345729540509523,0.02477899193763733
loco_plateau,gnn_zero_edge_features,42,b004_0198,36b24bbee6d7a71d6d85eb0f4637e3435adb468ab33422dad8a99a2687c94a43,plateau,3,batch_004,sample_0172,False,0.005469950557243628,0.007078772620408425,0.009221389889717102
loco_plateau,gnn_zero_edge_features,42,b004_0206,0f83d6a5c144dfa616333adc1bd57529c0d4b0a6391f6abd2b3df69ae12643d9,plateau,8,batch_004,sample_0176,False,0.014156701379135007,0.017280427149991683,0.04119706153869629
loco_plateau,gnn_zero_edge_features,42,b004_0208,1e7355104cb1bc6623bb84e83c8b136fc6530491967649406726860c46d55882,plateau,3,batch_004,sample_0177,False,0.006746249731446876,0.009136700704037127,0.025024116039276123
loco_plateau,gnn_zero_edge_features,42,b004_0209,440c0cdd2e0fa5883c06758ead647f3129254dd10b206bf0c4a01275bc82806b,plateau,7,batch_004,sample_0178,False,0.014141547386763527,0.01595887672197479,0.029945045709609985
loco_plateau,gnn_zero_edge_features,42,b004_0226,61bdc1b24112322d60eb9bd84ba71d642a105873858653a3edd7bfe0a5c1b34e,plateau,7,batch_004,sample_0190,False,0.006699396450011457,0.00981521500133188,0.03947854042053223
loco_plateau,gnn_zero_edge_features,42,b004_0229,af1d00f7a0b787f92bf6455e06a745c2e040b11b6d56cb70a91a0e9bbecca3e3,plateau,4,batch_004,sample_0193,False,0.006662670706139236,0.008506099832653054,0.02537432312965393
loco_plateau,gnn_zero_edge_features,42,b004_0232,c19c313f6ced6796888a79b2f089c97c626a7f821d056d6da34ee52cdd9ede4e,plateau,2,batch_004,sample_0195,False,0.00819208167615484,0.010727903835378439,0.021764546632766724
loco_plateau,gnn_zero_edge_features,42,b004_0238,ab344aa6b1603d38f985e697b8d5e23f92cabe2cfdec495cd63bf30832b339b7,plateau,3,batch_004,sample_0201,False,0.007553460106986468,0.0107051942871306,0.03669339418411255
loco_plateau,gnn_zero_edge_features,42,b004_0269,4bc4fd552a3fec6bec5222fbe2344ba232c661859418bb0be167915721ee5291,plateau,5,batch_004,sample_0225,False,0.007954985636179565,0.010467217157343087,0.014890998601913452
loco_plateau,gnn_zero_edge_features,42,b004_0270,6e734c0ce0d34a99ed4ad267e7228f80d1e1937ed9cfb2a2531b08dd05b3f9f4,plateau,2,batch_004,sample_0226,False,0.006369314599232596,0.007954805965862713,0.021171212196350098
loco_plateau,gnn_zero_edge_features,42,b004_0276,7b18e593b02cd8067d1393f0e63f941e25eff1aa515facc3feca5d594c0b32f6,plateau,3,batch_004,sample_0231,False,0.007574421521581587,0.009509412378378499,0.01994439959526062
loco_plateau,gnn_zero_edge_features,42,b004_0280,99c63bb4954aeef83d20697237d20468a2082dc550b92994ed9c8b0d2e53aeb4,plateau,3,batch_004,sample_0235,False,0.007412670088596031,0.009402211204810213,0.021842241287231445
loco_plateau,gnn_zero_edge_features,42,b004_0284,315251daf704e2ddebf079b4618bac7ddc803651927693240201fda0ae19713e,plateau,7,batch_004,sample_0238,False,0.015986325555160396,0.01793725496009315,0.029137343168258667
loco_plateau,gnn_zero_edge_features,42,b004_0285,538882c9fc437f403f576e9537afa2d0e9d19640d587ec09abf294580a7a5439,plateau,5,batch_004,sample_0239,False,0.008600768251497238,0.011231157256918986,0.022055506706237793
loco_plateau,gnn_zero_edge_features,42,b004_0286,1f1d5a524d03753ee50cb34e15a725be31a3f16360c0873f815fa3617c634af9,plateau,2,batch_004,sample_0240,False,0.00685455356953574,0.009200377796487965,0.029165923595428467
loco_plateau,gnn_zero_edge_features,42,b004_0291,5cb317353c4e3be13450815c4705cf51b35ccbcd7f9d37f0e177ea0c467b5f57,plateau,1,batch_004,sample_0243,False,0.005986720934265949,0.008030131157171992,0.025673016905784607
loco_plateau,gnn_zero_edge_features,42,b004_0298,caa33739bb94bf3e4107ea13ebaefa854b1845ee09a860ac973faad33ffc7834,plateau,5,batch_004,sample_0250,False,0.010092630493836324,0.011814583877578208,0.01419055461883545
loco_plateau,gnn_zero_edge_features,42,b004_0303,de67b515620baea3c5921d16c351e24f283039e6be0dbb711689e9c13ccfdcd8,plateau,7,batch_004,sample_0254,False,0.006742420255160722,0.008014255303588565,0.019610941410064697
loco_plateau,gnn_zero_edge_features,42,b004_0312,aae428a0b7988c9a08ec2cd887e629b34ead9427365e120773f787d5e67957c1,plateau,8,batch_004,sample_0261,False,0.011198675779045606,0.013050722555337393,0.020938649773597717
loco_plateau,gnn_zero_edge_features,42,b004_0328,230d653e29b05c6cac38da6d0de4c13e4f666cbcf2f18fd0f9301c8565cc11a3,plateau,4,batch_004,sample_0274,False,0.005765438568396646,0.00795875028275038,0.011213183403015137
loco_plateau,gnn_zero_edge_features,42,b004_0335,3af73a16bdf592f38afc48342dd2996cc2332054b38bc004699cef76f2f2027c,plateau,4,batch_004,sample_0278,False,0.011325592633153572,0.013468283308154942,0.033925026655197144
loco_plateau,gnn_zero_edge_features,42,b004_0336,b1a27cded5990829ff83324d88a32190c7c9723de6ef9887de3b888774969a57,plateau,1,batch_004,sample_0279,False,0.012949137658369346,0.01710007255328445,0.025523900985717773
loco_plateau,gnn_zero_edge_features,42,b004_0367,c318564675cfb510af8b85e2c440c5474c6897ca4e9cdaf29a6217c1c607614e,plateau,5,batch_004,sample_0304,False,0.009178473324072166,0.011599885700235311,0.03099149465560913
loco_plateau,gnn_zero_edge_features,42,b004_0378,b10baedc312e4d2d36427845a0f1a1cbffe556d2f64623a9674249752d97956c,plateau,8,batch_004,sample_0313,False,0.006961627939685446,0.009651984354215253,0.03870809078216553
loco_plateau,gnn_zero_edge_features,42,b004_0379,c6e6ea944f341106836d770add03411f9b6a1a984c07c96bec5e68fdcf226108,plateau,6,batch_004,sample_0314,False,0.005861496766571139,0.0077723416303196015,0.018672287464141846
loco_plateau,gnn_zero_edge_features,42,b004_0385,1669f1f0995158292efaccb221bf4e371f369d987f6008fc5bbb7afeb0d048df,plateau,7,batch_004,sample_0319,False,0.005761124560090362,0.008106100541931713,0.014332294464111328
loco_plateau,gnn_zero_edge_features,42,b004_0387,09be75b148104dc8d00eb69fe791588c388b9ebb3038b53094e45349b135be7d,plateau,8,batch_004,sample_0321,False,0.013093351829247396,0.014909166244686507,0.025635123252868652
loco_plateau,gnn_zero_edge_features,42,b005_0318,924387d745bc9120e456294ff4a08ad9a1d65425b1cd2775143ca2ab2f71ce55,plateau,7,batch_005,sample_0582,False,0.010271978671433495,0.013331699836741607,0.03688997030258179
loco_plateau,gnn_zero_edge_features,42,b005_0319,800520051cbd61e759abc8ff464d9452f0af7501ab267ce886d3229fe3d764b4,plateau,2,batch_005,sample_0583,False,0.006966862766469111,0.009484803825622683,0.025414705276489258
loco_plateau,gnn_zero_edge_features,42,b005_0320,ef3c4b806db3686e52b040856eeaa178271e38922d72178a07cfb1b60c5a9815,plateau,9,batch_005,sample_0584,False,0.009230338159154673,0.012552706843261836,0.02190336585044861
loco_plateau,gnn_zero_edge_features,42,b005_0322,dfa2ca4229967a5ccb2b1248146a521a8c13b2c9123ed436514968a5b39c468b,plateau,12,batch_005,sample_0585,False,0.013507531375670042,0.016384577012560544,0.027210354804992676
loco_plateau,gnn_zero_edge_features,42,b005_0323,cce3714177813b75d94654611ce899a21ca23c71fe16d59197e83af8d254e95f,plateau,11,batch_005,sample_0586,False,0.008049143630950177,0.011569183128334482,0.028034508228302002
loco_plateau,gnn_zero_edge_features,42,b005_0324,27fb8c31fc60138ca610456685ff39808517e467177b4b76e23ad2cc9ef40e79,plateau,3,batch_005,sample_0587,False,0.009346388768954356,0.011909952095912047,0.03405162692070007
loco_plateau,gnn_zero_edge_features,42,b005_0325,57c15407e4e74b16ef1107b3fd3d0f28bd18e2d5f422f8887bb3ae4f2ee71cfd,plateau,6,batch_005,sample_0588,False,0.008646765326867338,0.011698160238874272,0.014467388391494751
loco_plateau,gnn_zero_edge_features,42,b005_0326,e2760e685a5883648d6d91d72b6f825497ff6177a7ae51fd1d4a4f618192fbd3,plateau,4,batch_005,sample_0589,False,0.01196545950274487,0.014306820100717056,0.026563082821667194
loco_plateau,gnn_zero_edge_features,42,b005_0327,c0f2d02506a33f5dad5fa8e5c65ba0f14cdafffb85f55797608be3df54e8cf61,plateau,1,batch_005,sample_0590,False,0.009671081529288996,0.011437612450306361,0.006343752145767212
loco_plateau,gnn_zero_edge_features,42,b005_0328,55b4a6a2ff50fc37c4d86d31a2943c392e669602f37411c18ea7e0f718c7a49b,plateau,10,batch_005,sample_0591,False,0.010978621049005478,0.012925664861327455,0.0464596152305603
loco_plateau,gnn_zero_edge_features,42,b005_0329,25396912ea3a078cfdcae941ea89787bb0803f1346b6c5c886e75f5af0e4014c,plateau,5,batch_005,sample_0592,False,0.012814063517773738,0.014163760249042617,0.027354776859283447
loco_plateau,gnn_zero_edge_features,42,b005_0330,2d2987c8fa8b70de85851fccd3598561568f323c9bc1e48b9082c225851dca74,plateau,7,batch_005,sample_0593,False,0.006954220841165449,0.008847207918966343,0.030309617519378662
loco_plateau,gnn_zero_edge_features,42,b005_0331,fe117b09b49c597131e2f6e1b8feb5a597f6b009e1fc51e947e1c4258965cb3a,plateau,8,batch_005,sample_0594,False,0.008612003116334071,0.01392206200097097,0.05219566822052002
loco_plateau,gnn_zero_edge_features,42,b005_0332,8ef7167927072aa036a58c5f6faa4277ddbc7c3f91bcb16661ae1d24abac8490,plateau,8,batch_005,sample_0595,False,0.005578806410070325,0.007813841236996728,0.016913652420043945
loco_plateau,gnn_zero_edge_features,42,b005_0333,c3c2056eaa15eef1a5f1836e18a193479b6f32b671a8a83de228a107692ada54,plateau,1,batch_005,sample_0596,False,0.007781325671516481,0.009273984168046165,0.024907976388931274
loco_plateau,gnn_zero_edge_features,42,b005_0334,3bbd10db0ca1e022a95db792674aa00f019fd5856e68ce360feb007d0fe711f4,plateau,14,batch_005,sample_0597,False,0.00644364098056418,0.009318020833932445,0.023876726627349854
loco_plateau,gnn_zero_edge_features,42,b005_0336,0747b020d2d22e1f5e7519b418cc9b8327b7656cbdb5b6a0c84c741abbc0e102,plateau,5,batch_005,sample_0598,False,0.00572851300239563,0.007484259757429395,0.01827341318130493
loco_plateau,gnn_zero_edge_features,42,b005_0338,115982b394b483309f71c61baca7ee9f7623a932a8116d9e7603f0819aecb7ce,plateau,11,batch_005,sample_0599,False,0.0145399059917106,0.01746661706360572,0.029801785945892334
loco_plateau,gnn_zero_edge_features,42,b005_0339,5a157ab2ed0b98a6d23ad8857e1765864193424d5249af315f29d82bd5969aec,plateau,1,batch_005,sample_0600,False,0.0058398965562953325,0.008680518908640694,0.03477293252944946
loco_plateau,gnn_zero_edge_features,42,b005_0341,aa391e2b07bdd6168406810253aa95ddc48980e3dc4f63b3df9c1ea6807dbc8e,plateau,9,batch_005,sample_0601,False,0.005843420314495681,0.009940142729582435,0.02094477415084839
loco_plateau,gnn_zero_edge_features,42,b005_0344,6eb77d3cd6491920848da180bb4de9dc6bc0b37ef91bd1ab7ff630ab55038dfb,plateau,8,batch_005,sample_0602,False,0.010436941365726659,0.012683397343538932,0.032209932804107666
loco_plateau,gnn_zero_edge_features,42,b005_0345,a300e398fad1a0e6431c0978a839d6f5ba716e8b388e8dda603311639de6f280,plateau,4,batch_005,sample_0603,False,0.005544576488557409,0.00696215232494112,0.025240302085876465
loco_plateau,gnn_zero_edge_features,42,b005_0346,64090025074679c6ba642a06fb71e932babe2025b967ef6f2f6b1d8f5ad03bba,plateau,7,batch_005,sample_0604,False,0.011147852254207016,0.01670636949110637,0.050161778926849365
loco_plateau,gnn_zero_edge_features,42,b005_0347,f351afe68d58358a3632f7f01ae10c313d89f47accf5981900e558140d1bfbff,plateau,8,batch_005,sample_0605,False,0.0330891522472022,0.036309517248447575,0.052275046706199646
loco_plateau,gnn_zero_edge_features,42,b005_0348,9047f61e8be36c807011000fd79892f9747fc9f2b5d36e0905a12cc71cf27077,plateau,5,batch_005,sample_0606,False,0.01362828079794274,0.016445908700524224,0.050942301750183105
loco_plateau,gnn_zero_edge_features,42,b005_0349,c30ce3c339ea2d458d6b92c6a2de60810ca4393b4b9c7acd9f3e78a68c60481d,plateau,8,batch_005,sample_0607,False,0.00997136334781764,0.014227698246538963,0.044331490993499756
loco_plateau,gnn_zero_edge_features,42,b005_0350,1023f3a6c18df8c4890c9d45fa6b65adbbc9733ddc3561c3e25572947e28011e,plateau,4,batch_005,sample_0608,False,0.007334409190005943,0.009244384867702017,0.020343422889709473
loco_plateau,gnn_zero_edge_features,42,b005_0351,f915d37994404288414823d1bbb6b5e3931c9ad94ae24b67272d3c8362d85400,plateau,9,batch_005,sample_0609,False,0.008921490096655047,0.010797119504308863,0.03880107402801514
loco_plateau,gnn_zero_edge_features,42,b005_0352,5f0ae19a03996e46eda8c90413fc45b8985b85b82d4f47d4a22a10847efdc7d4,plateau,8,batch_005,sample_0610,False,0.013644317867325955,0.016580571374002692,0.03231608867645264
loco_plateau,gnn_zero_edge_features,42,b005_0353,05e5a33d12166760b02827e96c5a0446d2d46d0bac028f2a76145a206386e918,plateau,6,batch_005,sample_0611,False,0.006517614497513068,0.010026651866942855,0.03674191236495972
loco_plateau,gnn_zero_edge_features,42,b005_0354,fadf7a0b5c1bc2a8d8355725a59dcbd92af98cb7514eabc127842f5c4b4bef47,plateau,8,batch_005,sample_0612,False,0.011025036700436325,0.015052333966507228,0.04116964340209961
loco_plateau,gnn_zero_edge_features,42,b005_0355,4d85219246b5dad59cb85d9fa3c1936680c4c9ef047c5cef4218f3b15c1e939c,plateau,4,batch_005,sample_0613,False,0.008041032269352773,0.01018580259727199,0.01191854476928711
loco_plateau,gnn_zero_edge_features,42,b005_0356,4d68bdd50ef81490f46d2a8e1897ab3bb663920d094e1cbb0b28ba7113382e88,plateau,2,batch_005,sample_0614,False,0.00924831042524244,0.012439187000072002,0.03418916463851929
loco_plateau,gnn_zero_edge_features,42,b005_0359,4c1573f83055d1187f7f6cd3d9baae0038086645d81eee72897606cc9d5c570c,plateau,5,batch_005,sample_0615,False,0.010602128035465225,0.012182057202654096,0.02480369806289673
loco_plateau,gnn_zero_edge_features,42,b005_0360,686bd58ef008dcf1a1a7c6f4d10f2f843038b4350a135434e4ccc66a580f0f5d,plateau,8,batch_005,sample_0616,False,0.005561112502559287,0.007218511393369487,0.026302456855773926
loco_plateau,gnn_zero_edge_features,42,b005_0361,96f4761fc6c8f7f70f150f08d1184ebb6ce1b5aaa442426bf462bb08296c1a3b,plateau,8,batch_005,sample_0617,False,0.019989472249003708,0.023548588731813404,0.06827116012573242
loco_plateau,gnn_zero_edge_features,42,b005_0362,1afc1c036950d3674b72ba96e3a3beaf89086ebc191f828798460411f6637095,plateau,14,batch_005,sample_0618,False,0.008603273845109784,0.01178571479497997,0.02678072452545166
loco_plateau,gnn_zero_edge_features,42,b005_0363,c4e17a05dde40f17497a58db0f20c7fa3893089c99b4e61d2abb1683d73c2708,plateau,3,batch_005,sample_0619,False,0.00881632698363945,0.0103164966791992,0.020896688103675842
loco_plateau,gnn_zero_edge_features,42,b005_0364,f789b385523cb681d859a20015bfbe6406d3d1a4e0993fd9931fc56524052232,plateau,7,batch_005,sample_0620,False,0.0097384120597214,0.012553068737319012,0.028839051723480225
loco_plateau,gnn_zero_edge_features,42,b005_0365,bf0f2b2de55694fffbc786504dd644ea825c40182b9b220d53b89c8a37ed6c50,plateau,2,batch_005,sample_0621,False,0.010259860912795927,0.012944298541170404,0.0325823575258255
loco_plateau,gnn_zero_edge_features,42,b005_0366,ff9baf0d1ecf79479db89955f4239351d1d12145c830cf12c7c6743740bef107,plateau,1,batch_005,sample_0622,False,0.012075963811796219,0.016971142779834244,0.05060887336730957
loco_plateau,gnn_zero_edge_features,42,b005_0367,55ae06c4d49e4f4bca3994c646b4a4477cbe684a94491baec3ccacaf8913cdc4,plateau,6,batch_005,sample_0623,False,0.006750275793134189,0.009152419342788745,0.020111113786697388
loco_plateau,gnn_zero_edge_features,42,b005_0369,3d7c1523d7f7a701ba8c8c8653f377b8bce5dcb75dd5e777fc37ea2547a10cd1,plateau,11,batch_005,sample_0624,False,0.013715325320353274,0.016502891312902047,0.03714609146118164
loco_plateau,gnn_zero_edge_features,42,b005_0370,02430a0e963a0b380b2bc0d082219d1cf06081fa567fed08f912ffa7dfe10051,plateau,5,batch_005,sample_0625,False,0.008346452087652488,0.01178901710707323,0.013622045516967773
loco_plateau,gnn_zero_edge_features,42,b005_0374,e78a3e8bf3a5373c93d1d439c82fbdadf0d6d220b3240b14bb5f3bc3f6e4f09a,plateau,1,batch_005,sample_0626,False,0.008871325703917956,0.01077810439855165,0.01919078826904297
loco_plateau,gnn_zero_edge_features,42,b005_0376,e2cf5195bd63a11d9d1ca2e66c51888dcca34e1ae84251c784a18a3f37096e59,plateau,3,batch_005,sample_0627,False,0.011098741385780398,0.013388845848695633,0.02925288677215576
loco_plateau,gnn_zero_edge_features,42,b005_0377,3f7f8648f1cca1b0bde98bd8dd3709da82b522777e245fb04f2e547d74fb458c,plateau,3,batch_005,sample_0628,False,0.007872631315325127,0.009866764581942434,0.017263591289520264
loco_plateau,gnn_zero_edge_features,42,b005_0378,046e2b649304ef7368e59229d0d93e66e7a45cef80450c188bed4c2d3d1fdc8d,plateau,11,batch_005,sample_0629,False,0.007042569459461775,0.009048103057174137,0.027767419815063477
loco_plateau,gnn_zero_edge_features,42,b005_0379,1f409b6e03f9441ff3c5c3fc66e0db956031025ffca1702ed23e99238b6229c9,plateau,15,batch_005,sample_0630,False,0.010312259930079101,0.014677356064774487,0.023002564907073975
loco_plateau,gnn_zero_edge_features,42,b005_0380,9373bd39ad3438c8b68e44ed9913af85cc6aa4598a1d16ee56e8aa54d6b7e8ad,plateau,7,batch_005,sample_0631,False,0.00962850994995383,0.011850078967648154,0.011383414268493652
loco_plateau,gnn_zero_edge_features,42,b005_0381,69369739915ea5865caaa0a97202deb36c3f5d9d99624a932280b9ccaec1ad7a,plateau,8,batch_005,sample_0632,False,0.006732436965723507,0.008640289376370172,0.014036357402801514
loco_plateau,gnn_zero_edge_features,42,b005_0382,2d2b38ecba4efd0196a13bbe391dd3bf0713ebf5519032458d2874f9b5b799ea,plateau,6,batch_005,sample_0633,False,0.006221085298256796,0.007662786728306378,0.01750814914703369
loco_plateau,gnn_zero_edge_features,42,b005_0383,c3f96572b536df535317375fdc5e4706ac369468646788bb728a81d80ebbf8cd,plateau,9,batch_005,sample_0634,False,0.020436383600606293,0.023650279384330387,0.0578237920999527
loco_plateau,gnn_zero_edge_features,42,b005_0384,4f787d72c2991ce6d0932240e622e61affe479a7fa2dd35ab8bcdc5923ff28ed,plateau,13,batch_005,sample_0635,False,0.011901823956458295,0.01434474735259643,0.054326534271240234
loco_plateau,gnn_zero_edge_features,42,b005_0386,301947d5dbc16fbb140de6b8a02a472b8129263d9f0a15b48f047dc956897100,plateau,8,batch_005,sample_0636,False,0.005904742318098662,0.00832140770784767,0.027886390686035156
loco_plateau,gnn_zero_edge_features,42,b005_0387,8de22ed78a2ba566ad5d579cb268e029471143e2f0356e36c926f297c636ec17,plateau,1,batch_005,sample_0637,False,0.010188536535276741,0.012171979869867384,0.03509870171546936
loco_plateau,gnn_zero_edge_features,42,b005_0388,7018dd5a29322b02c1632cd20271bff3ce888a19228aa52114aa77b9400eb91b,plateau,10,batch_005,sample_0638,False,0.008688807609628459,0.011471987943362271,0.028974950313568115
loco_plateau,gnn_zero_edge_features,42,b005_0391,befff6f241f67d94d7753d00fbb0c58bb90217d18320366e8efddcc6b98d1cf6,plateau,7,batch_005,sample_0639,False,0.008006570097364362,0.010039079603239158,0.016382336616516113
loco_plateau,gnn_zero_edge_features,42,b005_0392,c8557ed9f63b99ebd2c6c477e7131c72de41dc16fb5e94bfd97d94fa611c210b,plateau,10,batch_005,sample_0640,False,0.008695765352639996,0.011054037836430197,0.022621452808380127
loco_plateau,gnn_zero_edge_features,42,b005_0393,93eb3bacea701426087e75941806b407760420360c2377bbc814db1682f2a1d4,plateau,5,batch_005,sample_0641,False,0.009179167815896332,0.01205623887201306,0.037691712379455566
loco_plateau,gnn_zero_edge_features,42,b005_0394,df92d1d4b0476ec691828cb2651348409e75a7cc4379821060d4a774189be132,plateau,9,batch_005,sample_0642,False,0.00933448469541112,0.010954853340527732,0.03927600383758545
loco_plateau,gnn_zero_edge_features,42,b005_0395,83ecfc111bb85fd355498ca7b8a4bb47c26e405c679f3515a1aafc4d7cefab6c,plateau,5,batch_005,sample_0643,False,0.013951801618591685,0.015967616710061836,0.025885283946990967
loco_plateau,gnn_zero_edge_features,42,b005_0397,c8766140f84f514dc30d7035d42f2067f8e50cef0a1eee335dbb302ad43b3441,plateau,1,batch_005,sample_0644,False,0.009397011067046494,0.01176562477466126,0.027314454317092896
loco_plateau,gnn_zero_edge_features,42,b005_0398,c5312b8757553a4ab6a18f87cd43e9086663093a1069e7c08549a0cd2de261d6,plateau,13,batch_005,sample_0645,False,0.010463247045141752,0.014889824236718311,0.02325439453125
loco_plateau,gnn_zero_edge_features,43,b004_0101,cb286dce3fb5e4de9ce7cd24a593b3729810700f461d4dea7e7e806081a6c243,plateau,7,batch_004,sample_0098,False,0.0173983989191837,0.02060197381409419,0.045919060707092285
loco_plateau,gnn_zero_edge_features,43,b004_0106,68a631e45d1432b8c277623aa36bd14caa372804b8363ec96ef67ddc8eb20d1c,plateau,3,batch_004,sample_0102,False,0.006074998833116938,0.0076598269930786686,0.017313361167907715
loco_plateau,gnn_zero_edge_features,43,b004_0115,f799b5290dd4072521a7449c1abf33ff526f22f67b776e873628d3cbca0ba783,plateau,3,batch_004,sample_0107,False,0.006922926081985724,0.009730239351519005,0.003908976912498474
loco_plateau,gnn_zero_edge_features,43,b004_0130,2188740cfe38cf9d440c67431f559d83d2a1ce7ae59ca2bedcf02bb69f466e50,plateau,8,batch_004,sample_0120,False,0.005441805317265088,0.007558625400740696,0.021950721740722656
loco_plateau,gnn_zero_edge_features,43,b004_0136,04889ebdfb5784327f3b9088bf6df01afa628294490b202c173ef0b14838e962,plateau,2,batch_004,sample_0125,False,0.005652573570364811,0.007290177055770191,0.01586514711380005
loco_plateau,gnn_zero_edge_features,43,b004_0147,1fa51a6e404fd88eb385d6766311d069515a32e28126ff01697c509152d5f502,plateau,7,batch_004,sample_0131,False,0.009714865599010811,0.011473760378914335,0.016584575176239014
loco_plateau,gnn_zero_edge_features,43,b004_0154,aac35af72b9a33754898cad920897b67d2af68b9260ad250b7fcaebd06f32dcc,plateau,8,batch_004,sample_0136,False,0.008626248137872727,0.011701578969458247,0.03067028522491455
loco_plateau,gnn_zero_edge_features,43,b004_0155,1d0a46c8f6e17a86034c6bb9d66c4b03d098b69ff514fc02f28ea63be0b42c7e,plateau,6,batch_004,sample_0137,False,0.009272994809463376,0.011205452884804085,0.021077483892440796
loco_plateau,gnn_zero_edge_features,43,b004_0163,4873613114b6d71d3a19feac4e2a6cca6a1aea7cedee70e6461fcb308fcd40a1,plateau,8,batch_004,sample_0144,False,0.01476517734957523,0.016693001436240813,0.03656017780303955
loco_plateau,gnn_zero_edge_features,43,b004_0166,8acc23b2c14cbb42c17a2dcc988fac65c64813d2829e3784719d447b5ed718b7,plateau,6,batch_004,sample_0146,False,0.006651248538591822,0.008939564723892375,0.028496384620666504
loco_plateau,gnn_zero_edge_features,43,b004_0189,83c666a66b41c149f65ddc8bd970a7e25625b9d2da4a74aa495eb63512733e3d,plateau,1,batch_004,sample_0163,False,0.008515040161179715,0.010886544858212006,0.023252636194229126
loco_plateau,gnn_zero_edge_features,43,b004_0192,e59076b7dd3091c6a35a126a9200a5d87d04f635db59270bb6abf483a0ca6b6b,plateau,3,batch_004,sample_0166,False,0.00809014509203004,0.009388561684515077,0.020095109939575195
loco_plateau,gnn_zero_edge_features,43,b004_0198,36b24bbee6d7a71d6d85eb0f4637e3435adb468ab33422dad8a99a2687c94a43,plateau,3,batch_004,sample_0172,False,0.006144825430189977,0.008109541733727448,0.015269041061401367
loco_plateau,gnn_zero_edge_features,43,b004_0206,0f83d6a5c144dfa616333adc1bd57529c0d4b0a6391f6abd2b3df69ae12643d9,plateau,8,batch_004,sample_0176,False,0.014250736500396103,0.01752650353780963,0.0419904887676239
loco_plateau,gnn_zero_edge_features,43,b004_0208,1e7355104cb1bc6623bb84e83c8b136fc6530491967649406726860c46d55882,plateau,3,batch_004,sample_0177,False,0.0077755766936012955,0.010063674470627719,0.026662826538085938
loco_plateau,gnn_zero_edge_features,43,b004_0209,440c0cdd2e0fa5883c06758ead647f3129254dd10b206bf0c4a01275bc82806b,plateau,7,batch_004,sample_0178,False,0.014778091770703675,0.01649336375351992,0.02996349334716797
loco_plateau,gnn_zero_edge_features,43,b004_0226,61bdc1b24112322d60eb9bd84ba71d642a105873858653a3edd7bfe0a5c1b34e,plateau,7,batch_004,sample_0190,False,0.006243151963734236,0.009221503623251363,0.034891486167907715
loco_plateau,gnn_zero_edge_features,43,b004_0229,af1d00f7a0b787f92bf6455e06a745c2e040b11b6d56cb70a91a0e9bbecca3e3,plateau,4,batch_004,sample_0193,False,0.006792954856255015,0.0088271293377365,0.025627046823501587
loco_plateau,gnn_zero_edge_features,43,b004_0232,c19c313f6ced6796888a79b2f089c97c626a7f821d056d6da34ee52cdd9ede4e,plateau,2,batch_004,sample_0195,False,0.010150976601194163,0.012730004922990722,0.018805891275405884
loco_plateau,gnn_zero_edge_features,43,b004_0238,ab344aa6b1603d38f985e697b8d5e23f92cabe2cfdec495cd63bf30832b339b7,plateau,3,batch_004,sample_0201,False,0.008192811100209346,0.01083651959066681,0.036448895931243896
loco_plateau,gnn_zero_edge_features,43,b004_0269,4bc4fd552a3fec6bec5222fbe2344ba232c661859418bb0be167915721ee5291,plateau,5,batch_004,sample_0225,False,0.008086729489389013,0.010010387307755799,0.022069573402404785
loco_plateau,gnn_zero_edge_features,43,b004_0270,6e734c0ce0d34a99ed4ad267e7228f80d1e1937ed9cfb2a2531b08dd05b3f9f4,plateau,2,batch_004,sample_0226,False,0.00681023183660429,0.008427428737911852,0.021081626415252686
loco_plateau,gnn_zero_edge_features,43,b004_0276,7b18e593b02cd8067d1393f0e63f941e25eff1aa515facc3feca5d594c0b32f6,plateau,3,batch_004,sample_0231,False,0.006285982603420977,0.008524898379258329,0.021386384963989258
loco_plateau,gnn_zero_edge_features,43,b004_0280,99c63bb4954aeef83d20697237d20468a2082dc550b92994ed9c8b0d2e53aeb4,plateau,3,batch_004,sample_0235,False,0.006931757523876722,0.0085780667716696,0.026495277881622314
loco_plateau,gnn_zero_edge_features,43,b004_0284,315251daf704e2ddebf079b4618bac7ddc803651927693240201fda0ae19713e,plateau,7,batch_004,sample_0238,False,0.01131506166497215,0.012620964167334795,0.021073967218399048
loco_plateau,gnn_zero_edge_features,43,b004_0285,538882c9fc437f403f576e9537afa2d0e9d19640d587ec09abf294580a7a5439,plateau,5,batch_004,sample_0239,False,0.009301938971535105,0.012937233818260951,0.020922183990478516
loco_plateau,gnn_zero_edge_features,43,b004_0286,1f1d5a524d03753ee50cb34e15a725be31a3f16360c0873f815fa3617c634af9,plateau,2,batch_004,sample_0240,False,0.006454894105430509,0.008805276791251702,0.02947700023651123
loco_plateau,gnn_zero_edge_features,43,b004_0291,5cb317353c4e3be13450815c4705cf51b35ccbcd7f9d37f0e177ea0c467b5f57,plateau,1,batch_004,sample_0243,False,0.0066913613652596704,0.008132754143565122,0.023528605699539185
loco_plateau,gnn_zero_edge_features,43,b004_0298,caa33739bb94bf3e4107ea13ebaefa854b1845ee09a860ac973faad33ffc7834,plateau,5,batch_004,sample_0250,False,0.013554997864316722,0.015410199895970162,0.012667298316955566
loco_plateau,gnn_zero_edge_features,43,b004_0303,de67b515620baea3c5921d16c351e24f283039e6be0dbb711689e9c13ccfdcd8,plateau,7,batch_004,sample_0254,False,0.009260664464997464,0.011168320827686307,0.018992841243743896
loco_plateau,gnn_zero_edge_features,43,b004_0312,aae428a0b7988c9a08ec2cd887e629b34ead9427365e120773f787d5e67957c1,plateau,8,batch_004,sample_0261,False,0.009906642261098643,0.010875650917639484,0.01767212152481079
loco_plateau,gnn_zero_edge_features,43,b004_0328,230d653e29b05c6cac38da6d0de4c13e4f666cbcf2f18fd0f9301c8565cc11a3,plateau,4,batch_004,sample_0274,False,0.00574015954234561,0.008512724413882735,0.010846912860870361
loco_plateau,gnn_zero_edge_features,43,b004_0335,3af73a16bdf592f38afc48342dd2996cc2332054b38bc004699cef76f2f2027c,plateau,4,batch_004,sample_0278,False,0.01092342104091019,0.013449075917847317,0.03490835428237915
loco_plateau,gnn_zero_edge_features,43,b004_0336,b1a27cded5990829ff83324d88a32190c7c9723de6ef9887de3b888774969a57,plateau,1,batch_004,sample_0279,False,0.01175152913468783,0.015373144293229793,0.018971025943756104
loco_plateau,gnn_zero_edge_features,43,b004_0367,c318564675cfb510af8b85e2c440c5474c6897ca4e9cdaf29a6217c1c607614e,plateau,5,batch_004,sample_0304,False,0.007241755479671916,0.009296751839781047,0.02626103162765503
loco_plateau,gnn_zero_edge_features,43,b004_0378,b10baedc312e4d2d36427845a0f1a1cbffe556d2f64623a9674249752d97956c,plateau,8,batch_004,sample_0313,False,0.01139236974423049,0.013354488806649262,0.03731590509414673
loco_plateau,gnn_zero_edge_features,43,b004_0379,c6e6ea944f341106836d770add03411f9b6a1a984c07c96bec5e68fdcf226108,plateau,6,batch_004,sample_0314,False,0.006162786886828845,0.007217864403605314,0.019908905029296875
loco_plateau,gnn_zero_edge_features,43,b004_0385,1669f1f0995158292efaccb221bf4e371f369d987f6008fc5bbb7afeb0d048df,plateau,7,batch_004,sample_0319,False,0.0057684591070550385,0.0075940633968074765,0.014636099338531494
loco_plateau,gnn_zero_edge_features,43,b004_0387,09be75b148104dc8d00eb69fe791588c388b9ebb3038b53094e45349b135be7d,plateau,8,batch_004,sample_0321,False,0.009838677820612172,0.011415971457794253,0.025960028171539307
loco_plateau,gnn_zero_edge_features,43,b005_0318,924387d745bc9120e456294ff4a08ad9a1d65425b1cd2775143ca2ab2f71ce55,plateau,7,batch_005,sample_0582,False,0.009522645444166465,0.013796350012281236,0.04187494516372681
loco_plateau,gnn_zero_edge_features,43,b005_0319,800520051cbd61e759abc8ff464d9452f0af7501ab267ce886d3229fe3d764b4,plateau,2,batch_005,sample_0583,False,0.007864240740166336,0.010540859400865068,0.031049221754074097
loco_plateau,gnn_zero_edge_features,43,b005_0320,ef3c4b806db3686e52b040856eeaa178271e38922d72178a07cfb1b60c5a9815,plateau,9,batch_005,sample_0584,False,0.007562161346928018,0.01162378712482391,0.022924184799194336
loco_plateau,gnn_zero_edge_features,43,b005_0322,dfa2ca4229967a5ccb2b1248146a521a8c13b2c9123ed436514968a5b39c468b,plateau,12,batch_005,sample_0585,False,0.009507325401560206,0.012854306772427711,0.02916485071182251
loco_plateau,gnn_zero_edge_features,43,b005_0323,cce3714177813b75d94654611ce899a21ca23c71fe16d59197e83af8d254e95f,plateau,11,batch_005,sample_0586,False,0.010098825712673,0.01245204138181351,0.030409693717956543
loco_plateau,gnn_zero_edge_features,43,b005_0324,27fb8c31fc60138ca610456685ff39808517e467177b4b76e23ad2cc9ef40e79,plateau,3,batch_005,sample_0587,False,0.01090425570480159,0.013476989013073978,0.03092309832572937
loco_plateau,gnn_zero_edge_features,43,b005_0325,57c15407e4e74b16ef1107b3fd3d0f28bd18e2d5f422f8887bb3ae4f2ee71cfd,plateau,6,batch_005,sample_0588,False,0.009327332504460068,0.012143436249393718,0.014469265937805176
loco_plateau,gnn_zero_edge_features,43,b005_0326,e2760e685a5883648d6d91d72b6f825497ff6177a7ae51fd1d4a4f618192fbd3,plateau,4,batch_005,sample_0589,False,0.01130315394247653,0.01321411058251629,0.025471357628703117
loco_plateau,gnn_zero_edge_features,43,b005_0327,c0f2d02506a33f5dad5fa8e5c65ba0f14cdafffb85f55797608be3df54e8cf61,plateau,1,batch_005,sample_0590,False,0.006850166398970807,0.008152879030679641,0.010281652212142944
loco_plateau,gnn_zero_edge_features,43,b005_0328,55b4a6a2ff50fc37c4d86d31a2943c392e669602f37411c18ea7e0f718c7a49b,plateau,10,batch_005,sample_0591,False,0.007473306577713763,0.010318065018774077,0.04387474060058594
loco_plateau,gnn_zero_edge_features,43,b005_0329,25396912ea3a078cfdcae941ea89787bb0803f1346b6c5c886e75f5af0e4014c,plateau,5,batch_005,sample_0592,False,0.012540422990673879,0.014073766259702096,0.02907007932662964
loco_plateau,gnn_zero_edge_features,43,b005_0330,2d2987c8fa8b70de85851fccd3598561568f323c9bc1e48b9082c225851dca74,plateau,7,batch_005,sample_0593,False,0.007287713836451046,0.010490135427863324,0.03612858057022095
loco_plateau,gnn_zero_edge_features,43,b005_0331,fe117b09b49c597131e2f6e1b8feb5a597f6b009e1fc51e947e1c4258965cb3a,plateau,8,batch_005,sample_0594,False,0.008891078780909053,0.013801187364158635,0.04718184471130371
loco_plateau,gnn_zero_edge_features,43,b005_0332,8ef7167927072aa036a58c5f6faa4277ddbc7c3f91bcb16661ae1d24abac8490,plateau,8,batch_005,sample_0595,False,0.008051998302584788,0.009370375704971718,0.022737562656402588
loco_plateau,gnn_zero_edge_features,43,b005_0333,c3c2056eaa15eef1a5f1836e18a193479b6f32b671a8a83de228a107692ada54,plateau,1,batch_005,sample_0596,False,0.006046093023214184,0.008248896250707016,0.03018704056739807
loco_plateau,gnn_zero_edge_features,43,b005_0334,3bbd10db0ca1e022a95db792674aa00f019fd5856e68ce360feb007d0fe711f4,plateau,14,batch_005,sample_0597,False,0.009314820414683858,0.011511675572484241,0.02750152349472046
loco_plateau,gnn_zero_edge_features,43,b005_0336,0747b020d2d22e1f5e7519b418cc9b8327b7656cbdb5b6a0c84c741abbc0e102,plateau,5,batch_005,sample_0598,False,0.005447384763936527,0.007496831495465965,0.021913528442382812
loco_plateau,gnn_zero_edge_features,43,b005_0338,115982b394b483309f71c61baca7ee9f7623a932a8116d9e7603f0819aecb7ce,plateau,11,batch_005,sample_0599,False,0.020353560809229242,0.02218707303554838,0.029942333698272705
loco_plateau,gnn_zero_edge_features,43,b005_0339,5a157ab2ed0b98a6d23ad8857e1765864193424d5249af315f29d82bd5969aec,plateau,1,batch_005,sample_0600,False,0.007329403315899802,0.010313258502882769,0.04102078080177307
loco_plateau,gnn_zero_edge_features,43,b005_0341,aa391e2b07bdd6168406810253aa95ddc48980e3dc4f63b3df9c1ea6807dbc8e,plateau,9,batch_005,sample_0601,False,0.005524234510347491,0.009668293403198275,0.0223538875579834
loco_plateau,gnn_zero_edge_features,43,b005_0344,6eb77d3cd6491920848da180bb4de9dc6bc0b37ef91bd1ab7ff630ab55038dfb,plateau,8,batch_005,sample_0602,False,0.008118739382165377,0.012076577905312686,0.03811568021774292
loco_plateau,gnn_zero_edge_features,43,b005_0345,a300e398fad1a0e6431c0978a839d6f5ba716e8b388e8dda603311639de6f280,plateau,4,batch_005,sample_0603,False,0.007280598654121649,0.009128671728499443,0.028803348541259766
loco_plateau,gnn_zero_edge_features,43,b005_0346,64090025074679c6ba642a06fb71e932babe2025b967ef6f2f6b1d8f5ad03bba,plateau,7,batch_005,sample_0604,False,0.01212706380203122,0.016454980481181804,0.04150360822677612
loco_plateau,gnn_zero_edge_features,43,b005_0347,f351afe68d58358a3632f7f01ae10c313d89f47accf5981900e558140d1bfbff,plateau,8,batch_005,sample_0605,False,0.02587095953401972,0.029021656663442048,0.04130272567272186
loco_plateau,gnn_zero_edge_features,43,b005_0348,9047f61e8be36c807011000fd79892f9747fc9f2b5d36e0905a12cc71cf27077,plateau,5,batch_005,sample_0606,False,0.006824995894901088,0.010317177704939945,0.03799036145210266
loco_plateau,gnn_zero_edge_features,43,b005_0349,c30ce3c339ea2d458d6b92c6a2de60810ca4393b4b9c7acd9f3e78a68c60481d,plateau,8,batch_005,sample_0607,False,0.011808284207201395,0.01472431592207113,0.043617844581604004
loco_plateau,gnn_zero_edge_features,43,b005_0350,1023f3a6c18df8c4890c9d45fa6b65adbbc9733ddc3561c3e25572947e28011e,plateau,4,batch_005,sample_0608,False,0.007186480660418995,0.008924452434137038,0.015928983688354492
loco_plateau,gnn_zero_edge_features,43,b005_0351,f915d37994404288414823d1bbb6b5e3931c9ad94ae24b67272d3c8362d85400,plateau,9,batch_005,sample_0609,False,0.00812366812444124,0.010616170822575273,0.03746986389160156
loco_plateau,gnn_zero_edge_features,43,b005_0352,5f0ae19a03996e46eda8c90413fc45b8985b85b82d4f47d4a22a10847efdc7d4,plateau,8,batch_005,sample_0610,False,0.010152854758207916,0.01282233868761758,0.028784900903701782
loco_plateau,gnn_zero_edge_features,43,b005_0353,05e5a33d12166760b02827e96c5a0446d2d46d0bac028f2a76145a206386e918,plateau,6,batch_005,sample_0611,False,0.006216707532523108,0.008175946923427171,0.02929067611694336
loco_plateau,gnn_zero_edge_features,43,b005_0354,fadf7a0b5c1bc2a8d8355725a59dcbd92af98cb7514eabc127842f5c4b4bef47,plateau,8,batch_005,sample_0612,False,0.011425826148908646,0.015649500541936822,0.043122321367263794
loco_plateau,gnn_zero_edge_features,43,b005_0355,4d85219246b5dad59cb85d9fa3c1936680c4c9ef047c5cef4218f3b15c1e939c,plateau,4,batch_005,sample_0613,False,0.00897523467657996,0.01062698668111587,0.013947784900665283
loco_plateau,gnn_zero_edge_features,43,b005_0356,4d68bdd50ef81490f46d2a8e1897ab3bb663920d094e1cbb0b28ba7113382e88,plateau,2,batch_005,sample_0614,False,0.008465753226983742,0.011569316646020036,0.032736122608184814
loco_plateau,gnn_zero_edge_features,43,b005_0359,4c1573f83055d1187f7f6cd3d9baae0038086645d81eee72897606cc9d5c570c,plateau,5,batch_005,sample_0615,False,0.00902775513221983,0.010730922499009995,0.024639785289764404
loco_plateau,gnn_zero_edge_features,43,b005_0360,686bd58ef008dcf1a1a7c6f4d10f2f843038b4350a135434e4ccc66a580f0f5d,plateau,8,batch_005,sample_0616,False,0.006767693845952143,0.00836502651879234,0.024638354778289795
loco_plateau,gnn_zero_edge_features,43,b005_0361,96f4761fc6c8f7f70f150f08d1184ebb6ce1b5aaa442426bf462bb08296c1a3b,plateau,8,batch_005,sample_0617,False,0.01882658019417622,0.022197984138801183,0.06240767240524292
loco_plateau,gnn_zero_edge_features,43,b005_0362,1afc1c036950d3674b72ba96e3a3beaf89086ebc191f828798460411f6637095,plateau,14,batch_005,sample_0618,False,0.008792721101495087,0.011817434726704192,0.03155049681663513
loco_plateau,gnn_zero_edge_features,43,b005_0363,c4e17a05dde40f17497a58db0f20c7fa3893089c99b4e61d2abb1683d73c2708,plateau,3,batch_005,sample_0619,False,0.0075591531444768436,0.009394535331648838,0.020348727703094482
loco_plateau,gnn_zero_edge_features,43,b005_0364,f789b385523cb681d859a20015bfbe6406d3d1a4e0993fd9931fc56524052232,plateau,7,batch_005,sample_0620,False,0.013321050122135976,0.015695421454871027,0.02952200174331665
loco_plateau,gnn_zero_edge_features,43,b005_0365,bf0f2b2de55694fffbc786504dd644ea825c40182b9b220d53b89c8a37ed6c50,plateau,2,batch_005,sample_0621,False,0.010021664751846283,0.012266454362903257,0.02818882465362549
loco_plateau,gnn_zero_edge_features,43,b005_0366,ff9baf0d1ecf79479db89955f4239351d1d12145c830cf12c7c6743740bef107,plateau,1,batch_005,sample_0622,False,0.01118025110393274,0.01411551331234501,0.04119926691055298
loco_plateau,gnn_zero_edge_features,43,b005_0367,55ae06c4d49e4f4bca3994c646b4a4477cbe684a94491baec3ccacaf8913cdc4,plateau,6,batch_005,sample_0623,False,0.006117686323943685,0.0077834844141106575,0.02078428864479065
loco_plateau,gnn_zero_edge_features,43,b005_0369,3d7c1523d7f7a701ba8c8c8653f377b8bce5dcb75dd5e777fc37ea2547a10cd1,plateau,11,batch_005,sample_0624,False,0.023221363542509862,0.02582573732187407,0.03941255807876587
loco_plateau,gnn_zero_edge_features,43,b005_0370,02430a0e963a0b380b2bc0d082219d1cf06081fa567fed08f912ffa7dfe10051,plateau,5,batch_005,sample_0625,False,0.00665336407598902,0.00878461208478051,0.01795804500579834
loco_plateau,gnn_zero_edge_features,43,b005_0374,e78a3e8bf3a5373c93d1d439c82fbdadf0d6d220b3240b14bb5f3bc3f6e4f09a,plateau,1,batch_005,sample_0626,False,0.009242799438414027,0.011297200099315056,0.0200822651386261
loco_plateau,gnn_zero_edge_features,43,b005_0376,e2cf5195bd63a11d9d1ca2e66c51888dcca34e1ae84251c784a18a3f37096e59,plateau,3,batch_005,sample_0627,False,0.012109848319507037,0.014489922195552972,0.03283488750457764
loco_plateau,gnn_zero_edge_features,43,b005_0377,3f7f8648f1cca1b0bde98bd8dd3709da82b522777e245fb04f2e547d74fb458c,plateau,3,batch_005,sample_0628,False,0.00902625527538237,0.010452112379678465,0.016899913549423218
loco_plateau,gnn_zero_edge_features,43,b005_0378,046e2b649304ef7368e59229d0d93e66e7a45cef80450c188bed4c2d3d1fdc8d,plateau,11,batch_005,sample_0629,False,0.004372947040151377,0.007404642618509042,0.029672861099243164
loco_plateau,gnn_zero_edge_features,43,b005_0379,1f409b6e03f9441ff3c5c3fc66e0db956031025ffca1702ed23e99238b6229c9,plateau,15,batch_005,sample_0630,False,0.013368688157347382,0.015232150279363373,0.024884402751922607
loco_plateau,gnn_zero_edge_features,43,b005_0380,9373bd39ad3438c8b68e44ed9913af85cc6aa4598a1d16ee56e8aa54d6b7e8ad,plateau,7,batch_005,sample_0631,False,0.005882753334084495,0.0080391877415605,0.013634562492370605
loco_plateau,gnn_zero_edge_features,43,b005_0381,69369739915ea5865caaa0a97202deb36c3f5d9d99624a932280b9ccaec1ad7a,plateau,8,batch_005,sample_0632,False,0.007055834912862934,0.00895541655261303,0.014694839715957642
loco_plateau,gnn_zero_edge_features,43,b005_0382,2d2b38ecba4efd0196a13bbe391dd3bf0713ebf5519032458d2874f9b5b799ea,plateau,6,batch_005,sample_0633,False,0.00722339578339311,0.00837107183348144,0.015269815921783447
loco_plateau,gnn_zero_edge_features,43,b005_0383,c3f96572b536df535317375fdc5e4706ac369468646788bb728a81d80ebbf8cd,plateau,9,batch_005,sample_0634,False,0.02187632702168871,0.024287918063328716,0.04827283322811127
loco_plateau,gnn_zero_edge_features,43,b005_0384,4f787d72c2991ce6d0932240e622e61affe479a7fa2dd35ab8bcdc5923ff28ed,plateau,13,batch_005,sample_0635,False,0.008916125678625262,0.011834788199069949,0.05358344316482544
loco_plateau,gnn_zero_edge_features,43,b005_0386,301947d5dbc16fbb140de6b8a02a472b8129263d9f0a15b48f047dc956897100,plateau,8,batch_005,sample_0636,False,0.004668365858617376,0.006867569226632475,0.025471508502960205
loco_plateau,gnn_zero_edge_features,43,b005_0387,8de22ed78a2ba566ad5d579cb268e029471143e2f0356e36c926f297c636ec17,plateau,1,batch_005,sample_0637,False,0.01384651199838177,0.015952504181960304,0.03911393880844116
loco_plateau,gnn_zero_edge_features,43,b005_0388,7018dd5a29322b02c1632cd20271bff3ce888a19228aa52114aa77b9400eb91b,plateau,10,batch_005,sample_0638,False,0.007358162129511599,0.010334149737307676,0.030139684677124023
loco_plateau,gnn_zero_edge_features,43,b005_0391,befff6f241f67d94d7753d00fbb0c58bb90217d18320366e8efddcc6b98d1cf6,plateau,7,batch_005,sample_0639,False,0.008078087487670242,0.009546151295602443,0.017640292644500732
loco_plateau,gnn_zero_edge_features,43,b005_0392,c8557ed9f63b99ebd2c6c477e7131c72de41dc16fb5e94bfd97d94fa611c210b,plateau,10,batch_005,sample_0640,False,0.008630453563127362,0.011131655742977252,0.027047395706176758
loco_plateau,gnn_zero_edge_features,43,b005_0393,93eb3bacea701426087e75941806b407760420360c2377bbc814db1682f2a1d4,plateau,5,batch_005,sample_0641,False,0.00927353491548632,0.012309713286643783,0.041077375411987305
loco_plateau,gnn_zero_edge_features,43,b005_0394,df92d1d4b0476ec691828cb2651348409e75a7cc4379821060d4a774189be132,plateau,9,batch_005,sample_0642,False,0.00818751544737425,0.010172551847994758,0.03833878040313721
loco_plateau,gnn_zero_edge_features,43,b005_0395,83ecfc111bb85fd355498ca7b8a4bb47c26e405c679f3515a1aafc4d7cefab6c,plateau,5,batch_005,sample_0643,False,0.011280781910067698,0.012820090315102256,0.020007818937301636
loco_plateau,gnn_zero_edge_features,43,b005_0397,c8766140f84f514dc30d7035d42f2067f8e50cef0a1eee335dbb302ad43b3441,plateau,1,batch_005,sample_0644,False,0.009197279322342794,0.01101989422315038,0.032311975955963135
loco_plateau,gnn_zero_edge_features,43,b005_0398,c5312b8757553a4ab6a18f87cd43e9086663093a1069e7c08549a0cd2de261d6,plateau,13,batch_005,sample_0645,False,0.01826525369628531,0.02026151265379126,0.025269687175750732
loco_plateau,gnn_zero_edge_features,44,b004_0101,cb286dce3fb5e4de9ce7cd24a593b3729810700f461d4dea7e7e806081a6c243,plateau,7,batch_004,sample_0098,False,0.021471145211673173,0.024123751554438636,0.043676674365997314
loco_plateau,gnn_zero_edge_features,44,b004_0106,68a631e45d1432b8c277623aa36bd14caa372804b8363ec96ef67ddc8eb20d1c,plateau,3,batch_004,sample_0102,False,0.0063312480562045925,0.008691083551942506,0.023247212171554565
loco_plateau,gnn_zero_edge_features,44,b004_0115,f799b5290dd4072521a7449c1abf33ff526f22f67b776e873628d3cbca0ba783,plateau,3,batch_004,sample_0107,False,0.007702548240051895,0.010645287390698055,0.011485397815704346
loco_plateau,gnn_zero_edge_features,44,b004_0130,2188740cfe38cf9d440c67431f559d83d2a1ce7ae59ca2bedcf02bb69f466e50,plateau,8,batch_004,sample_0120,False,0.008209872868705968,0.010015182170764764,0.02671527862548828
loco_plateau,gnn_zero_edge_features,44,b004_0136,04889ebdfb5784327f3b9088bf6df01afa628294490b202c173ef0b14838e962,plateau,2,batch_004,sample_0125,False,0.005485275607617175,0.006835410600689531,0.016548514366149902
loco_plateau,gnn_zero_edge_features,44,b004_0147,1fa51a6e404fd88eb385d6766311d069515a32e28126ff01697c509152d5f502,plateau,7,batch_004,sample_0131,False,0.008233628739587596,0.011020798702434184,0.019165217876434326
loco_plateau,gnn_zero_edge_features,44,b004_0154,aac35af72b9a33754898cad920897b67d2af68b9260ad250b7fcaebd06f32dcc,plateau,8,batch_004,sample_0136,False,0.008925715308697497,0.011405836213863724,0.02714937925338745
loco_plateau,gnn_zero_edge_features,44,b004_0155,1d0a46c8f6e17a86034c6bb9d66c4b03d098b69ff514fc02f28ea63be0b42c7e,plateau,6,batch_004,sample_0137,False,0.012087849319958295,0.014366868437305147,0.029980957508087158
loco_plateau,gnn_zero_edge_features,44,b004_0163,4873613114b6d71d3a19feac4e2a6cca6a1aea7cedee70e6461fcb308fcd40a1,plateau,8,batch_004,sample_0144,False,0.016333962805935593,0.018631768551191363,0.033177971839904785
loco_plateau,gnn_zero_edge_features,44,b004_0166,8acc23b2c14cbb42c17a2dcc988fac65c64813d2829e3784719d447b5ed718b7,plateau,6,batch_004,sample_0146,False,0.005951651112466562,0.007682973440074946,0.017714709043502808
loco_plateau,gnn_zero_edge_features,44,b004_0189,83c666a66b41c149f65ddc8bd970a7e25625b9d2da4a74aa495eb63512733e3d,plateau,1,batch_004,sample_0163,False,0.007545345630802092,0.010806624491551441,0.03129306435585022
loco_plateau,gnn_zero_edge_features,44,b004_0192,e59076b7dd3091c6a35a126a9200a5d87d04f635db59270bb6abf483a0ca6b6b,plateau,3,batch_004,sample_0166,False,0.007641621911134876,0.009415303133363721,0.020064234733581543
loco_plateau,gnn_zero_edge_features,44,b004_0198,36b24bbee6d7a71d6d85eb0f4637e3435adb468ab33422dad8a99a2687c94a43,plateau,3,batch_004,sample_0172,False,0.004976007720974625,0.006200547271728676,0.010868072509765625
loco_plateau,gnn_zero_edge_features,44,b004_0206,0f83d6a5c144dfa616333adc1bd57529c0d4b0a6391f6abd2b3df69ae12643d9,plateau,8,batch_004,sample_0176,False,0.015491377867636134,0.0177422739060315,0.04094630479812622
loco_plateau,gnn_zero_edge_features,44,b004_0208,1e7355104cb1bc6623bb84e83c8b136fc6530491967649406726860c46d55882,plateau,3,batch_004,sample_0177,False,0.008495898825711891,0.010607509265972434,0.027117252349853516
loco_plateau,gnn_zero_edge_features,44,b004_0209,440c0cdd2e0fa5883c06758ead647f3129254dd10b206bf0c4a01275bc82806b,plateau,7,batch_004,sample_0178,False,0.01645880766579362,0.018486055705178948,0.03323721885681152
loco_plateau,gnn_zero_edge_features,44,b004_0226,61bdc1b24112322d60eb9bd84ba71d642a105873858653a3edd7bfe0a5c1b34e,plateau,7,batch_004,sample_0190,False,0.008266680064748545,0.009636250488604642,0.02602487802505493
loco_plateau,gnn_zero_edge_features,44,b004_0229,af1d00f7a0b787f92bf6455e06a745c2e040b11b6d56cb70a91a0e9bbecca3e3,plateau,4,batch_004,sample_0193,False,0.005546092437427552,0.008151795279434172,0.02506929636001587
loco_plateau,gnn_zero_edge_features,44,b004_0232,c19c313f6ced6796888a79b2f089c97c626a7f821d056d6da34ee52cdd9ede4e,plateau,2,batch_004,sample_0195,False,0.00776598859028738,0.00964837872758662,0.024226605892181396
loco_plateau,gnn_zero_edge_features,44,b004_0238,ab344aa6b1603d38f985e697b8d5e23f92cabe2cfdec495cd63bf30832b339b7,plateau,3,batch_004,sample_0201,False,0.009865448123118917,0.013676246797795421,0.045156657695770264
loco_plateau,gnn_zero_edge_features,44,b004_0269,4bc4fd552a3fec6bec5222fbe2344ba232c661859418bb0be167915721ee5291,plateau,5,batch_004,sample_0225,False,0.00799744686142343,0.009968370466896486,0.017916858196258545
loco_plateau,gnn_zero_edge_features,44,b004_0270,6e734c0ce0d34a99ed4ad267e7228f80d1e1937ed9cfb2a2531b08dd05b3f9f4,plateau,2,batch_004,sample_0226,False,0.006962218856225248,0.009682990884312438,0.03279995918273926
loco_plateau,gnn_zero_edge_features,44,b004_0276,7b18e593b02cd8067d1393f0e63f941e25eff1aa515facc3feca5d594c0b32f6,plateau,3,batch_004,sample_0231,False,0.007783122849268991,0.009414991865564507,0.025707244873046875
loco_plateau,gnn_zero_edge_features,44,b004_0280,99c63bb4954aeef83d20697237d20468a2082dc550b92994ed9c8b0d2e53aeb4,plateau,3,batch_004,sample_0235,False,0.008868356158987421,0.010439710027575126,0.02799248695373535
loco_plateau,gnn_zero_edge_features,44,b004_0284,315251daf704e2ddebf079b4618bac7ddc803651927693240201fda0ae19713e,plateau,7,batch_004,sample_0238,False,0.01553921181647504,0.017538626498250404,0.028579890727996826
loco_plateau,gnn_zero_edge_features,44,b004_0285,538882c9fc437f403f576e9537afa2d0e9d19640d587ec09abf294580a7a5439,plateau,5,batch_004,sample_0239,False,0.010737994655233915,0.013298166357554674,0.02818995714187622
loco_plateau,gnn_zero_edge_features,44,b004_0286,1f1d5a524d03753ee50cb34e15a725be31a3f16360c0873f815fa3617c634af9,plateau,2,batch_004,sample_0240,False,0.006565589335609655,0.009140146870627643,0.025662600994110107
loco_plateau,gnn_zero_edge_features,44,b004_0291,5cb317353c4e3be13450815c4705cf51b35ccbcd7f9d37f0e177ea0c467b5f57,plateau,1,batch_004,sample_0243,False,0.007184615511386121,0.009021075870877826,0.028586462140083313
loco_plateau,gnn_zero_edge_features,44,b004_0298,caa33739bb94bf3e4107ea13ebaefa854b1845ee09a860ac973faad33ffc7834,plateau,5,batch_004,sample_0250,False,0.00877950035157751,0.010245430046846502,0.014641135931015015
loco_plateau,gnn_zero_edge_features,44,b004_0303,de67b515620baea3c5921d16c351e24f283039e6be0dbb711689e9c13ccfdcd8,plateau,7,batch_004,sample_0254,False,0.007612174163099195,0.008992823946657683,0.01475834846496582
loco_plateau,gnn_zero_edge_features,44,b004_0312,aae428a0b7988c9a08ec2cd887e629b34ead9427365e120773f787d5e67957c1,plateau,8,batch_004,sample_0261,False,0.009984413375619982,0.011582437113462487,0.020683258771896362
loco_plateau,gnn_zero_edge_features,44,b004_0328,230d653e29b05c6cac38da6d0de4c13e4f666cbcf2f18fd0f9301c8565cc11a3,plateau,4,batch_004,sample_0274,False,0.004753674640030158,0.006977854837745061,0.017042815685272217
loco_plateau,gnn_zero_edge_features,44,b004_0335,3af73a16bdf592f38afc48342dd2996cc2332054b38bc004699cef76f2f2027c,plateau,4,batch_004,sample_0278,False,0.012754292761693235,0.015176330612889997,0.03722545504570007
loco_plateau,gnn_zero_edge_features,44,b004_0336,b1a27cded5990829ff83324d88a32190c7c9723de6ef9887de3b888774969a57,plateau,1,batch_004,sample_0279,False,0.011149202946756706,0.014248278501751014,0.024945884943008423
loco_plateau,gnn_zero_edge_features,44,b004_0367,c318564675cfb510af8b85e2c440c5474c6897ca4e9cdaf29a6217c1c607614e,plateau,5,batch_004,sample_0304,False,0.011152635099457913,0.013735976300207646,0.03755456209182739
loco_plateau,gnn_zero_edge_features,44,b004_0378,b10baedc312e4d2d36427845a0f1a1cbffe556d2f64623a9674249752d97956c,plateau,8,batch_004,sample_0313,False,0.010171648908833989,0.01149471203844913,0.033042192459106445
loco_plateau,gnn_zero_edge_features,44,b004_0379,c6e6ea944f341106836d770add03411f9b6a1a984c07c96bec5e68fdcf226108,plateau,6,batch_004,sample_0314,False,0.0068324230855605645,0.008388643012325775,0.022819727659225464
loco_plateau,gnn_zero_edge_features,44,b004_0385,1669f1f0995158292efaccb221bf4e371f369d987f6008fc5bbb7afeb0d048df,plateau,7,batch_004,sample_0319,False,0.005375293190362024,0.008005727257918595,0.022541344165802002
loco_plateau,gnn_zero_edge_features,44,b004_0387,09be75b148104dc8d00eb69fe791588c388b9ebb3038b53094e45349b135be7d,plateau,8,batch_004,sample_0321,False,0.014985382556915283,0.016951880203686046,0.027946025133132935
loco_plateau,gnn_zero_edge_features,44,b005_0318,924387d745bc9120e456294ff4a08ad9a1d65425b1cd2775143ca2ab2f71ce55,plateau,7,batch_005,sample_0582,False,0.012460315569502408,0.014725127458955324,0.034143924713134766
loco_plateau,gnn_zero_edge_features,44,b005_0319,800520051cbd61e759abc8ff464d9452f0af7501ab267ce886d3229fe3d764b4,plateau,2,batch_005,sample_0583,False,0.008875755013012495,0.011428653696990754,0.026096880435943604
loco_plateau,gnn_zero_edge_features,44,b005_0320,ef3c4b806db3686e52b040856eeaa178271e38922d72178a07cfb1b60c5a9815,plateau,9,batch_005,sample_0584,False,0.009365908862625966,0.013256708530750077,0.022008419036865234
loco_plateau,gnn_zero_edge_features,44,b005_0322,dfa2ca4229967a5ccb2b1248146a521a8c13b2c9123ed436514968a5b39c468b,plateau,12,batch_005,sample_0585,False,0.013707676688667203,0.016290554759265434,0.027730166912078857
loco_plateau,gnn_zero_edge_features,44,b005_0323,cce3714177813b75d94654611ce899a21ca23c71fe16d59197e83af8d254e95f,plateau,11,batch_005,sample_0586,False,0.007878248808813876,0.011049130654821984,0.029201745986938477
loco_plateau,gnn_zero_edge_features,44,b005_0324,27fb8c31fc60138ca610456685ff39808517e467177b4b76e23ad2cc9ef40e79,plateau,3,batch_005,sample_0587,False,0.008734963834285736,0.010813122830612155,0.030881017446517944
loco_plateau,gnn_zero_edge_features,44,b005_0325,57c15407e4e74b16ef1107b3fd3d0f28bd18e2d5f422f8887bb3ae4f2ee71cfd,plateau,6,batch_005,sample_0588,False,0.007723850304963159,0.010256973132112853,0.019297093152999878
loco_plateau,gnn_zero_edge_features,44,b005_0326,e2760e685a5883648d6d91d72b6f825497ff6177a7ae51fd1d4a4f618192fbd3,plateau,4,batch_005,sample_0589,False,0.010036978855362682,0.012609812175474813,0.03252466022968292
loco_plateau,gnn_zero_edge_features,44,b005_0327,c0f2d02506a33f5dad5fa8e5c65ba0f14cdafffb85f55797608be3df54e8cf61,plateau,1,batch_005,sample_0590,False,0.006263654984411646,0.007357972395312101,0.01546892523765564
loco_plateau,gnn_zero_edge_features,44,b005_0328,55b4a6a2ff50fc37c4d86d31a2943c392e669602f37411c18ea7e0f718c7a49b,plateau,10,batch_005,sample_0591,False,0.014505223905453916,0.017050451044542458,0.04023486375808716
loco_plateau,gnn_zero_edge_features,44,b005_0329,25396912ea3a078cfdcae941ea89787bb0803f1346b6c5c886e75f5af0e4014c,plateau,5,batch_005,sample_0592,False,0.015985662819909267,0.017879983373293912,0.027809321880340576
loco_plateau,gnn_zero_edge_features,44,b005_0330,2d2987c8fa8b70de85851fccd3598561568f323c9bc1e48b9082c225851dca74,plateau,7,batch_005,sample_0593,False,0.007003946504631981,0.010554813330105798,0.0437924861907959
loco_plateau,gnn_zero_edge_features,44,b005_0331,fe117b09b49c597131e2f6e1b8feb5a597f6b009e1fc51e947e1c4258965cb3a,plateau,8,batch_005,sample_0594,False,0.00811785557230965,0.013843449789533962,0.044241487979888916
loco_plateau,gnn_zero_edge_features,44,b005_0332,8ef7167927072aa036a58c5f6faa4277ddbc7c3f91bcb16661ae1d24abac8490,plateau,8,batch_005,sample_0595,False,0.005852551245298542,0.0074958687047901465,0.01641184091567993
loco_plateau,gnn_zero_edge_features,44,b005_0333,c3c2056eaa15eef1a5f1836e18a193479b6f32b671a8a83de228a107692ada54,plateau,1,batch_005,sample_0596,False,0.006937802082202474,0.008988189038890716,0.023461639881134033
loco_plateau,gnn_zero_edge_features,44,b005_0334,3bbd10db0ca1e022a95db792674aa00f019fd5856e68ce360feb007d0fe711f4,plateau,14,batch_005,sample_0597,False,0.008369149243245359,0.010724971211689192,0.03458535671234131
loco_plateau,gnn_zero_edge_features,44,b005_0336,0747b020d2d22e1f5e7519b418cc9b8327b7656cbdb5b6a0c84c741abbc0e102,plateau,5,batch_005,sample_0598,False,0.0064876240785004665,0.008807574469210934,0.025709927082061768
loco_plateau,gnn_zero_edge_features,44,b005_0338,115982b394b483309f71c61baca7ee9f7623a932a8116d9e7603f0819aecb7ce,plateau,11,batch_005,sample_0599,False,0.018530922590709122,0.02089171858358316,0.031007766723632812
loco_plateau,gnn_zero_edge_features,44,b005_0339,5a157ab2ed0b98a6d23ad8857e1765864193424d5249af315f29d82bd5969aec,plateau,1,batch_005,sample_0600,False,0.0064929422662883506,0.009151607931968972,0.033464282751083374
loco_plateau,gnn_zero_edge_features,44,b005_0341,aa391e2b07bdd6168406810253aa95ddc48980e3dc4f63b3df9c1ea6807dbc8e,plateau,9,batch_005,sample_0601,False,0.0060195694448517975,0.010993608367168912,0.021497249603271484
loco_plateau,gnn_zero_edge_features,44,b005_0344,6eb77d3cd6491920848da180bb4de9dc6bc0b37ef91bd1ab7ff630ab55038dfb,plateau,8,batch_005,sample_0602,False,0.007990465789544777,0.010817151567612515,0.03088778257369995
loco_plateau,gnn_zero_edge_features,44,b005_0345,a300e398fad1a0e6431c0978a839d6f5ba716e8b388e8dda603311639de6f280,plateau,4,batch_005,sample_0603,False,0.005847737681670267,0.007123172638255342,0.024035513401031494
loco_plateau,gnn_zero_edge_features,44,b005_0346,64090025074679c6ba642a06fb71e932babe2025b967ef6f2f6b1d8f5ad03bba,plateau,7,batch_005,sample_0604,False,0.01000451589705514,0.016193640578484922,0.04373049736022949
loco_plateau,gnn_zero_edge_features,44,b005_0347,f351afe68d58358a3632f7f01ae10c313d89f47accf5981900e558140d1bfbff,plateau,8,batch_005,sample_0605,False,0.027051654018339564,0.03019029246183117,0.0409531444311142
loco_plateau,gnn_zero_edge_features,44,b005_0348,9047f61e8be36c807011000fd79892f9747fc9f2b5d36e0905a12cc71cf27077,plateau,5,batch_005,sample_0606,False,0.00851498055653494,0.012198863622421244,0.04462409019470215
loco_plateau,gnn_zero_edge_features,44,b005_0349,c30ce3c339ea2d458d6b92c6a2de60810ca4393b4b9c7acd9f3e78a68c60481d,plateau,8,batch_005,sample_0607,False,0.011692887966017255,0.014517312616475101,0.03685620427131653
loco_plateau,gnn_zero_edge_features,44,b005_0350,1023f3a6c18df8c4890c9d45fa6b65adbbc9733ddc3561c3e25572947e28011e,plateau,4,batch_005,sample_0608,False,0.00669536257132155,0.00894885772329102,0.026385337114334106
loco_plateau,gnn_zero_edge_features,44,b005_0351,f915d37994404288414823d1bbb6b5e3931c9ad94ae24b67272d3c8362d85400,plateau,9,batch_005,sample_0609,False,0.010067604970736582,0.011454437697047015,0.029407143592834473
loco_plateau,gnn_zero_edge_features,44,b005_0352,5f0ae19a03996e46eda8c90413fc45b8985b85b82d4f47d4a22a10847efdc7d4,plateau,8,batch_005,sample_0610,False,0.01286570666754832,0.01544480112437684,0.031216949224472046
loco_plateau,gnn_zero_edge_features,44,b005_0353,05e5a33d12166760b02827e96c5a0446d2d46d0bac028f2a76145a206386e918,plateau,6,batch_005,sample_0611,False,0.006462245935299357,0.009536345518068125,0.036647021770477295
loco_plateau,gnn_zero_edge_features,44,b005_0354,fadf7a0b5c1bc2a8d8355725a59dcbd92af98cb7514eabc127842f5c4b4bef47,plateau,8,batch_005,sample_0612,False,0.012127193026855344,0.01657988783853416,0.043649524450302124
loco_plateau,gnn_zero_edge_features,44,b005_0355,4d85219246b5dad59cb85d9fa3c1936680c4c9ef047c5cef4218f3b15c1e939c,plateau,4,batch_005,sample_0613,False,0.006612628454067668,0.008785507180475575,0.017947494983673096
loco_plateau,gnn_zero_edge_features,44,b005_0356,4d68bdd50ef81490f46d2a8e1897ab3bb663920d094e1cbb0b28ba7113382e88,plateau,2,batch_005,sample_0614,False,0.011019745811087186,0.013139307922045082,0.034638166427612305
loco_plateau,gnn_zero_edge_features,44,b005_0359,4c1573f83055d1187f7f6cd3d9baae0038086645d81eee72897606cc9d5c570c,plateau,5,batch_005,sample_0615,False,0.00902076080807897,0.01106608401743196,0.025566458702087402
loco_plateau,gnn_zero_edge_features,44,b005_0360,686bd58ef008dcf1a1a7c6f4d10f2f843038b4350a135434e4ccc66a580f0f5d,plateau,8,batch_005,sample_0616,False,0.005475664358647143,0.0070678637513263975,0.01859503984451294
loco_plateau,gnn_zero_edge_features,44,b005_0361,96f4761fc6c8f7f70f150f08d1184ebb6ce1b5aaa442426bf462bb08296c1a3b,plateau,8,batch_005,sample_0617,False,0.017501494190731985,0.02207300839643663,0.0647585391998291
loco_plateau,gnn_zero_edge_features,44,b005_0362,1afc1c036950d3674b72ba96e3a3beaf89086ebc191f828798460411f6637095,plateau,14,batch_005,sample_0618,False,0.00901396743586806,0.012490923045248268,0.033427268266677856
loco_plateau,gnn_zero_edge_features,44,b005_0363,c4e17a05dde40f17497a58db0f20c7fa3893089c99b4e61d2abb1683d73c2708,plateau,3,batch_005,sample_0619,False,0.009743253227140083,0.01167595648314696,0.022142305970191956
loco_plateau,gnn_zero_edge_features,44,b005_0364,f789b385523cb681d859a20015bfbe6406d3d1a4e0993fd9931fc56524052232,plateau,7,batch_005,sample_0620,False,0.010484935196696734,0.013385343860246432,0.028919696807861328
loco_plateau,gnn_zero_edge_features,44,b005_0365,bf0f2b2de55694fffbc786504dd644ea825c40182b9b220d53b89c8a37ed6c50,plateau,2,batch_005,sample_0621,False,0.010869383201247355,0.013726547485538103,0.04332709312438965
loco_plateau,gnn_zero_edge_features,44,b005_0366,ff9baf0d1ecf79479db89955f4239351d1d12145c830cf12c7c6743740bef107,plateau,1,batch_005,sample_0622,False,0.012767872238745455,0.016776860757888624,0.04935938119888306
loco_plateau,gnn_zero_edge_features,44,b005_0367,55ae06c4d49e4f4bca3994c646b4a4477cbe684a94491baec3ccacaf8913cdc4,plateau,6,batch_005,sample_0623,False,0.006060864837443242,0.008228810658459075,0.023040100932121277
loco_plateau,gnn_zero_edge_features,44,b005_0369,3d7c1523d7f7a701ba8c8c8653f377b8bce5dcb75dd5e777fc37ea2547a10cd1,plateau,11,batch_005,sample_0624,False,0.012631914410434786,0.015148306221183704,0.03439265489578247
loco_plateau,gnn_zero_edge_features,44,b005_0370,02430a0e963a0b380b2bc0d082219d1cf06081fa567fed08f912ffa7dfe10051,plateau,5,batch_005,sample_0625,False,0.009868299374814893,0.011984046474470333,0.025160253047943115
loco_plateau,gnn_zero_edge_features,44,b005_0374,e78a3e8bf3a5373c93d1d439c82fbdadf0d6d220b3240b14bb5f3bc3f6e4f09a,plateau,1,batch_005,sample_0626,False,0.008980225832735906,0.010719198505494756,0.026287615299224854
loco_plateau,gnn_zero_edge_features,44,b005_0376,e2cf5195bd63a11d9d1ca2e66c51888dcca34e1ae84251c784a18a3f37096e59,plateau,3,batch_005,sample_0627,False,0.01176316547589224,0.014238476546090796,0.03447830677032471
loco_plateau,gnn_zero_edge_features,44,b005_0377,3f7f8648f1cca1b0bde98bd8dd3709da82b522777e245fb04f2e547d74fb458c,plateau,3,batch_005,sample_0628,False,0.0068688035988416826,0.008577227005264995,0.02267831563949585
loco_plateau,gnn_zero_edge_features,44,b005_0378,046e2b649304ef7368e59229d0d93e66e7a45cef80450c188bed4c2d3d1fdc8d,plateau,11,batch_005,sample_0629,False,0.0068645548136507875,0.009042809788236203,0.02854752540588379
loco_plateau,gnn_zero_edge_features,44,b005_0379,1f409b6e03f9441ff3c5c3fc66e0db956031025ffca1702ed23e99238b6229c9,plateau,15,batch_005,sample_0630,False,0.011318386089606364,0.01423825173749726,0.02415025234222412
loco_plateau,gnn_zero_edge_features,44,b005_0380,9373bd39ad3438c8b68e44ed9913af85cc6aa4598a1d16ee56e8aa54d6b7e8ad,plateau,7,batch_005,sample_0631,False,0.005951424907954013,0.00809028757591353,0.016813814640045166
loco_plateau,gnn_zero_edge_features,44,b005_0381,69369739915ea5865caaa0a97202deb36c3f5d9d99624a932280b9ccaec1ad7a,plateau,8,batch_005,sample_0632,False,0.006958515673387246,0.008763836137529483,0.01892620325088501
loco_plateau,gnn_zero_edge_features,44,b005_0382,2d2b38ecba4efd0196a13bbe391dd3bf0713ebf5519032458d2874f9b5b799ea,plateau,6,batch_005,sample_0633,False,0.007691794243015227,0.008859584193190597,0.019298404455184937
loco_plateau,gnn_zero_edge_features,44,b005_0383,c3f96572b536df535317375fdc5e4706ac369468646788bb728a81d80ebbf8cd,plateau,9,batch_005,sample_0634,False,0.017873165884711703,0.021487118980532682,0.048580750823020935
loco_plateau,gnn_zero_edge_features,44,b005_0384,4f787d72c2991ce6d0932240e622e61affe479a7fa2dd35ab8bcdc5923ff28ed,plateau,13,batch_005,sample_0635,False,0.014042735344073812,0.01721936735060031,0.05580782890319824
loco_plateau,gnn_zero_edge_features,44,b005_0386,301947d5dbc16fbb140de6b8a02a472b8129263d9f0a15b48f047dc956897100,plateau,8,batch_005,sample_0636,False,0.007468924170634786,0.009021711572637153,0.01760321855545044
loco_plateau,gnn_zero_edge_features,44,b005_0387,8de22ed78a2ba566ad5d579cb268e029471143e2f0356e36c926f297c636ec17,plateau,1,batch_005,sample_0637,False,0.008711645990365842,0.011772479978486523,0.034160882234573364
loco_plateau,gnn_zero_edge_features,44,b005_0388,7018dd5a29322b02c1632cd20271bff3ce888a19228aa52114aa77b9400eb91b,plateau,10,batch_005,sample_0638,False,0.008394441277277275,0.010810114330827706,0.0296747088432312
loco_plateau,gnn_zero_edge_features,44,b005_0391,befff6f241f67d94d7753d00fbb0c58bb90217d18320366e8efddcc6b98d1cf6,plateau,7,batch_005,sample_0639,False,0.006366792272348873,0.008629936903956857,0.019061267375946045
loco_plateau,gnn_zero_edge_features,44,b005_0392,c8557ed9f63b99ebd2c6c477e7131c72de41dc16fb5e94bfd97d94fa611c210b,plateau,10,batch_005,sample_0640,False,0.00994115921317554,0.012214730968930759,0.02280205488204956
loco_plateau,gnn_zero_edge_features,44,b005_0393,93eb3bacea701426087e75941806b407760420360c2377bbc814db1682f2a1d4,plateau,5,batch_005,sample_0641,False,0.012032694503909251,0.015387633972165684,0.042705416679382324
loco_plateau,gnn_zero_edge_features,44,b005_0394,df92d1d4b0476ec691828cb2651348409e75a7cc4379821060d4a774189be132,plateau,9,batch_005,sample_0642,False,0.00832969890754731,0.009963990419356103,0.028751790523529053
loco_plateau,gnn_zero_edge_features,44,b005_0395,83ecfc111bb85fd355498ca7b8a4bb47c26e405c679f3515a1aafc4d7cefab6c,plateau,5,batch_005,sample_0643,False,0.016747764632350108,0.020220251148339072,0.034929126501083374
loco_plateau,gnn_zero_edge_features,44,b005_0397,c8766140f84f514dc30d7035d42f2067f8e50cef0a1eee335dbb302ad43b3441,plateau,1,batch_005,sample_0644,False,0.008269684236557757,0.009566774603394874,0.02206900715827942
loco_plateau,gnn_zero_edge_features,44,b005_0398,c5312b8757553a4ab6a18f87cd43e9086663093a1069e7c08549a0cd2de261d6,plateau,13,batch_005,sample_0645,False,0.010210963546252642,0.015422277843379809,0.024151325225830078
loco_plateau,gnn_zero_edge_features,45,b004_0101,cb286dce3fb5e4de9ce7cd24a593b3729810700f461d4dea7e7e806081a6c243,plateau,7,batch_004,sample_0098,False,0.022331435172284236,0.02528105448900242,0.044807374477386475
loco_plateau,gnn_zero_edge_features,45,b004_0106,68a631e45d1432b8c277623aa36bd14caa372804b8363ec96ef67ddc8eb20d1c,plateau,3,batch_004,sample_0102,False,0.006040508324494128,0.0080258144168085,0.019080042839050293
loco_plateau,gnn_zero_edge_features,45,b004_0115,f799b5290dd4072521a7449c1abf33ff526f22f67b776e873628d3cbca0ba783,plateau,3,batch_004,sample_0107,False,0.006218517901467495,0.008419886809841026,0.014504343271255493
loco_plateau,gnn_zero_edge_features,45,b004_0130,2188740cfe38cf9d440c67431f559d83d2a1ce7ae59ca2bedcf02bb69f466e50,plateau,8,batch_004,sample_0120,False,0.006340017694918836,0.008531359136941006,0.0270044207572937
loco_plateau,gnn_zero_edge_features,45,b004_0136,04889ebdfb5784327f3b9088bf6df01afa628294490b202c173ef0b14838e962,plateau,2,batch_004,sample_0125,False,0.0050891361153516616,0.007246275857654507,0.020655453205108643
loco_plateau,gnn_zero_edge_features,45,b004_0147,1fa51a6e404fd88eb385d6766311d069515a32e28126ff01697c509152d5f502,plateau,7,batch_004,sample_0131,False,0.008585709284563533,0.011447590065183928,0.019710630178451538
loco_plateau,gnn_zero_edge_features,45,b004_0154,aac35af72b9a33754898cad920897b67d2af68b9260ad250b7fcaebd06f32dcc,plateau,8,batch_004,sample_0136,False,0.009008596727594,0.012107227605591103,0.031774938106536865
loco_plateau,gnn_zero_edge_features,45,b004_0155,1d0a46c8f6e17a86034c6bb9d66c4b03d098b69ff514fc02f28ea63be0b42c7e,plateau,6,batch_004,sample_0137,False,0.01317517801386411,0.016338451892959783,0.036203667521476746
loco_plateau,gnn_zero_edge_features,45,b004_0163,4873613114b6d71d3a19feac4e2a6cca6a1aea7cedee70e6461fcb308fcd40a1,plateau,8,batch_004,sample_0144,False,0.021779996938392766,0.02460168772245705,0.03827250003814697
loco_plateau,gnn_zero_edge_features,45,b004_0166,8acc23b2c14cbb42c17a2dcc988fac65c64813d2829e3784719d447b5ed718b7,plateau,6,batch_004,sample_0146,False,0.006299104358329147,0.008334661875457823,0.020886123180389404
loco_plateau,gnn_zero_edge_features,45,b004_0189,83c666a66b41c149f65ddc8bd970a7e25625b9d2da4a74aa495eb63512733e3d,plateau,1,batch_004,sample_0163,False,0.01226898392692941,0.01471848153140525,0.0360507071018219
loco_plateau,gnn_zero_edge_features,45,b004_0192,e59076b7dd3091c6a35a126a9200a5d87d04f635db59270bb6abf483a0ca6b6b,plateau,3,batch_004,sample_0166,False,0.006546057638574819,0.008208663766589182,0.018922418355941772
loco_plateau,gnn_zero_edge_features,45,b004_0198,36b24bbee6d7a71d6d85eb0f4637e3435adb468ab33422dad8a99a2687c94a43,plateau,3,batch_004,sample_0172,False,0.0054173786498484065,0.006926400372312186,0.012323379516601562
loco_plateau,gnn_zero_edge_features,45,b004_0206,0f83d6a5c144dfa616333adc1bd57529c0d4b0a6391f6abd2b3df69ae12643d9,plateau,8,batch_004,sample_0176,False,0.01736054312987406,0.020101037480711126,0.04562509059906006
loco_plateau,gnn_zero_edge_features,45,b004_0208,1e7355104cb1bc6623bb84e83c8b136fc6530491967649406726860c46d55882,plateau,3,batch_004,sample_0177,False,0.009591240557979365,0.011418762166968029,0.02381676435470581
loco_plateau,gnn_zero_edge_features,45,b004_0209,440c0cdd2e0fa5883c06758ead647f3129254dd10b206bf0c4a01275bc82806b,plateau,7,batch_004,sample_0178,False,0.012005768105631968,0.013656638678179346,0.02576225996017456
loco_plateau,gnn_zero_edge_features,45,b004_0226,61bdc1b24112322d60eb9bd84ba71d642a105873858653a3edd7bfe0a5c1b34e,plateau,7,batch_004,sample_0190,False,0.009908618985629473,0.012461141477165245,0.036104023456573486
loco_plateau,gnn_zero_edge_features,45,b004_0229,af1d00f7a0b787f92bf6455e06a745c2e040b11b6d56cb70a91a0e9bbecca3e3,plateau,4,batch_004,sample_0193,False,0.0059353442343532065,0.008887798096412906,0.027493447065353394
loco_plateau,gnn_zero_edge_features,45,b004_0232,c19c313f6ced6796888a79b2f089c97c626a7f821d056d6da34ee52cdd9ede4e,plateau,2,batch_004,sample_0195,False,0.009232899204629367,0.011343646682495283,0.027259647846221924
loco_plateau,gnn_zero_edge_features,45,b004_0238,ab344aa6b1603d38f985e697b8d5e23f92cabe2cfdec495cd63bf30832b339b7,plateau,3,batch_004,sample_0201,False,0.007321901008731029,0.010794467054933888,0.04197508096694946
loco_plateau,gnn_zero_edge_features,45,b004_0269,4bc4fd552a3fec6bec5222fbe2344ba232c661859418bb0be167915721ee5291,plateau,5,batch_004,sample_0225,False,0.011103483008556679,0.012907876644935395,0.026989281177520752
loco_plateau,gnn_zero_edge_features,45,b004_0270,6e734c0ce0d34a99ed4ad267e7228f80d1e1937ed9cfb2a2531b08dd05b3f9f4,plateau,2,batch_004,sample_0226,False,0.00726890747175842,0.009548043315809442,0.029343783855438232
loco_plateau,gnn_zero_edge_features,45,b004_0276,7b18e593b02cd8067d1393f0e63f941e25eff1aa515facc3feca5d594c0b32f6,plateau,3,batch_004,sample_0231,False,0.009801884471881584,0.013568915523568,0.04023855924606323
loco_plateau,gnn_zero_edge_features,45,b004_0280,99c63bb4954aeef83d20697237d20468a2082dc550b92994ed9c8b0d2e53aeb4,plateau,3,batch_004,sample_0235,False,0.008607160727508733,0.010677319976803193,0.03253108263015747
loco_plateau,gnn_zero_edge_features,45,b004_0284,315251daf704e2ddebf079b4618bac7ddc803651927693240201fda0ae19713e,plateau,7,batch_004,sample_0238,False,0.012123071512237925,0.014637107826227354,0.026977211236953735
loco_plateau,gnn_zero_edge_features,45,b004_0285,538882c9fc437f403f576e9537afa2d0e9d19640d587ec09abf294580a7a5439,plateau,5,batch_004,sample_0239,False,0.010328326557503372,0.012977189891563469,0.026052534580230713
loco_plateau,gnn_zero_edge_features,45,b004_0286,1f1d5a524d03753ee50cb34e15a725be31a3f16360c0873f815fa3617c634af9,plateau,2,batch_004,sample_0240,False,0.007359772370975526,0.00959685586987031,0.023772671818733215
loco_plateau,gnn_zero_edge_features,45,b004_0291,5cb317353c4e3be13450815c4705cf51b35ccbcd7f9d37f0e177ea0c467b5f57,plateau,1,batch_004,sample_0243,False,0.006224076217803799,0.008366013508874741,0.02623705565929413
loco_plateau,gnn_zero_edge_features,45,b004_0298,caa33739bb94bf3e4107ea13ebaefa854b1845ee09a860ac973faad33ffc7834,plateau,5,batch_004,sample_0250,False,0.008514947089992586,0.0100225511290365,0.017908334732055664
loco_plateau,gnn_zero_edge_features,45,b004_0303,de67b515620baea3c5921d16c351e24f283039e6be0dbb711689e9c13ccfdcd8,plateau,7,batch_004,sample_0254,False,0.007427423948147258,0.008613358030171128,0.016793370246887207
loco_plateau,gnn_zero_edge_features,45,b004_0312,aae428a0b7988c9a08ec2cd887e629b34ead9427365e120773f787d5e67957c1,plateau,8,batch_004,sample_0261,False,0.00974508216146563,0.011729344462201597,0.024091362953186035
loco_plateau,gnn_zero_edge_features,45,b004_0328,230d653e29b05c6cac38da6d0de4c13e4f666cbcf2f18fd0f9301c8565cc11a3,plateau,4,batch_004,sample_0274,False,0.004818016449447538,0.006556825099324041,0.015722572803497314
loco_plateau,gnn_zero_edge_features,45,b004_0335,3af73a16bdf592f38afc48342dd2996cc2332054b38bc004699cef76f2f2027c,plateau,4,batch_004,sample_0278,False,0.011907761214209384,0.013710728893876907,0.03222039341926575
loco_plateau,gnn_zero_edge_features,45,b004_0336,b1a27cded5990829ff83324d88a32190c7c9723de6ef9887de3b888774969a57,plateau,1,batch_004,sample_0279,False,0.012106408105521906,0.015385994745609054,0.026758670806884766
loco_plateau,gnn_zero_edge_features,45,b004_0367,c318564675cfb510af8b85e2c440c5474c6897ca4e9cdaf29a6217c1c607614e,plateau,5,batch_004,sample_0304,False,0.007218634007407017,0.00963157104849301,0.023892998695373535
loco_plateau,gnn_zero_edge_features,45,b004_0378,b10baedc312e4d2d36427845a0f1a1cbffe556d2f64623a9674249752d97956c,plateau,8,batch_004,sample_0313,False,0.00848027159933184,0.010683291797571015,0.0376930832862854
loco_plateau,gnn_zero_edge_features,45,b004_0379,c6e6ea944f341106836d770add03411f9b6a1a984c07c96bec5e68fdcf226108,plateau,6,batch_004,sample_0314,False,0.005497739757182168,0.007106526544503111,0.025765806436538696
loco_plateau,gnn_zero_edge_features,45,b004_0385,1669f1f0995158292efaccb221bf4e371f369d987f6008fc5bbb7afeb0d048df,plateau,7,batch_004,sample_0319,False,0.0068749079450232085,0.008538637776650808,0.020070552825927734
loco_plateau,gnn_zero_edge_features,45,b004_0387,09be75b148104dc8d00eb69fe791588c388b9ebb3038b53094e45349b135be7d,plateau,8,batch_004,sample_0321,False,0.01320544105084216,0.015439387405862657,0.02733093500137329
loco_plateau,gnn_zero_edge_features,45,b005_0318,924387d745bc9120e456294ff4a08ad9a1d65425b1cd2775143ca2ab2f71ce55,plateau,7,batch_005,sample_0582,False,0.01245282639245518,0.014670073161402222,0.03368103504180908
loco_plateau,gnn_zero_edge_features,45,b005_0319,800520051cbd61e759abc8ff464d9452f0af7501ab267ce886d3229fe3d764b4,plateau,2,batch_005,sample_0583,False,0.009611926117881399,0.012048258547160318,0.03151795268058777
loco_plateau,gnn_zero_edge_features,45,b005_0320,ef3c4b806db3686e52b040856eeaa178271e38922d72178a07cfb1b60c5a9815,plateau,9,batch_005,sample_0584,False,0.00934095625750354,0.012985903488732868,0.03182169795036316
loco_plateau,gnn_zero_edge_features,45,b005_0322,dfa2ca4229967a5ccb2b1248146a521a8c13b2c9123ed436514968a5b39c468b,plateau,12,batch_005,sample_0585,False,0.011815343052148819,0.014542341706943173,0.028121471405029297
loco_plateau,gnn_zero_edge_features,45,b005_0323,cce3714177813b75d94654611ce899a21ca23c71fe16d59197e83af8d254e95f,plateau,11,batch_005,sample_0586,False,0.009713229097303797,0.01205132128494227,0.0269431471824646
loco_plateau,gnn_zero_edge_features,45,b005_0324,27fb8c31fc60138ca610456685ff39808517e467177b4b76e23ad2cc9ef40e79,plateau,3,batch_005,sample_0587,False,0.01125108145299505,0.013379541324452503,0.034704357385635376
loco_plateau,gnn_zero_edge_features,45,b005_0325,57c15407e4e74b16ef1107b3fd3d0f28bd18e2d5f422f8887bb3ae4f2ee71cfd,plateau,6,batch_005,sample_0588,False,0.00666611055370237,0.008948433786597938,0.019495368003845215
loco_plateau,gnn_zero_edge_features,45,b005_0326,e2760e685a5883648d6d91d72b6f825497ff6177a7ae51fd1d4a4f618192fbd3,plateau,4,batch_005,sample_0589,False,0.012797606421909372,0.014737339683820494,0.03142969310283661
loco_plateau,gnn_zero_edge_features,45,b005_0327,c0f2d02506a33f5dad5fa8e5c65ba0f14cdafffb85f55797608be3df54e8cf61,plateau,1,batch_005,sample_0590,False,0.006680493960615064,0.007882923529789232,0.018640875816345215
loco_plateau,gnn_zero_edge_features,45,b005_0328,55b4a6a2ff50fc37c4d86d31a2943c392e669602f37411c18ea7e0f718c7a49b,plateau,10,batch_005,sample_0591,False,0.009378730029356285,0.01278055694677082,0.05446934700012207
loco_plateau,gnn_zero_edge_features,45,b005_0329,25396912ea3a078cfdcae941ea89787bb0803f1346b6c5c886e75f5af0e4014c,plateau,5,batch_005,sample_0592,False,0.01604556939640983,0.017857606884167838,0.03553897142410278
loco_plateau,gnn_zero_edge_features,45,b005_0330,2d2987c8fa8b70de85851fccd3598561568f323c9bc1e48b9082c225851dca74,plateau,7,batch_005,sample_0593,False,0.007123849919584931,0.00927248461535173,0.035575926303863525
loco_plateau,gnn_zero_edge_features,45,b005_0331,fe117b09b49c597131e2f6e1b8feb5a597f6b009e1fc51e947e1c4258965cb3a,plateau,8,batch_005,sample_0594,False,0.008814143169610227,0.014310347418722367,0.05276918411254883
loco_plateau,gnn_zero_edge_features,45,b005_0332,8ef7167927072aa036a58c5f6faa4277ddbc7c3f91bcb16661ae1d24abac8490,plateau,8,batch_005,sample_0595,False,0.005629278841565867,0.00764082941440136,0.02278035879135132
loco_plateau,gnn_zero_edge_features,45,b005_0333,c3c2056eaa15eef1a5f1836e18a193479b6f32b671a8a83de228a107692ada54,plateau,1,batch_005,sample_0596,False,0.007105628486539497,0.00932165736587884,0.031556159257888794
loco_plateau,gnn_zero_edge_features,45,b005_0334,3bbd10db0ca1e022a95db792674aa00f019fd5856e68ce360feb007d0fe711f4,plateau,14,batch_005,sample_0597,False,0.0072001251773756055,0.009821015027328737,0.02417200803756714
loco_plateau,gnn_zero_edge_features,45,b005_0336,0747b020d2d22e1f5e7519b418cc9b8327b7656cbdb5b6a0c84c741abbc0e102,plateau,5,batch_005,sample_0598,False,0.005977914470141051,0.009072380566283879,0.03065282106399536
loco_plateau,gnn_zero_edge_features,45,b005_0338,115982b394b483309f71c61baca7ee9f7623a932a8116d9e7603f0819aecb7ce,plateau,11,batch_005,sample_0599,False,0.011452866870848859,0.014704086115820003,0.03620791435241699
loco_plateau,gnn_zero_edge_features,45,b005_0339,5a157ab2ed0b98a6d23ad8857e1765864193424d5249af315f29d82bd5969aec,plateau,1,batch_005,sample_0600,False,0.00744406023963553,0.011161885579672069,0.043937504291534424
loco_plateau,gnn_zero_edge_features,45,b005_0341,aa391e2b07bdd6168406810253aa95ddc48980e3dc4f63b3df9c1ea6807dbc8e,plateau,9,batch_005,sample_0601,False,0.004920439703054115,0.009073631292497867,0.021491706371307373
loco_plateau,gnn_zero_edge_features,45,b005_0344,6eb77d3cd6491920848da180bb4de9dc6bc0b37ef91bd1ab7ff630ab55038dfb,plateau,8,batch_005,sample_0602,False,0.006691334921805585,0.010217987633181477,0.03245574235916138
loco_plateau,gnn_zero_edge_features,45,b005_0345,a300e398fad1a0e6431c0978a839d6f5ba716e8b388e8dda603311639de6f280,plateau,4,batch_005,sample_0603,False,0.0073369101422732,0.009139249671127055,0.02134782075881958
loco_plateau,gnn_zero_edge_features,45,b005_0346,64090025074679c6ba642a06fb71e932babe2025b967ef6f2f6b1d8f5ad03bba,plateau,7,batch_005,sample_0604,False,0.010364316220654816,0.016152008859257286,0.049405813217163086
loco_plateau,gnn_zero_edge_features,45,b005_0347,f351afe68d58358a3632f7f01ae10c313d89f47accf5981900e558140d1bfbff,plateau,8,batch_005,sample_0605,False,0.032718613133078715,0.03571744261859321,0.0482647567987442
loco_plateau,gnn_zero_edge_features,45,b005_0348,9047f61e8be36c807011000fd79892f9747fc9f2b5d36e0905a12cc71cf27077,plateau,5,batch_005,sample_0606,False,0.016930531282893947,0.019776026249469086,0.047059714794158936
loco_plateau,gnn_zero_edge_features,45,b005_0349,c30ce3c339ea2d458d6b92c6a2de60810ca4393b4b9c7acd9f3e78a68c60481d,plateau,8,batch_005,sample_0607,False,0.009976256913581833,0.014194253687806161,0.04249846935272217
loco_plateau,gnn_zero_edge_features,45,b005_0350,1023f3a6c18df8c4890c9d45fa6b65adbbc9733ddc3561c3e25572947e28011e,plateau,4,batch_005,sample_0608,False,0.00891602167584857,0.011582615043666965,0.03261837363243103
loco_plateau,gnn_zero_edge_features,45,b005_0351,f915d37994404288414823d1bbb6b5e3931c9ad94ae24b67272d3c8362d85400,plateau,9,batch_005,sample_0609,False,0.008777557826433026,0.012278313676680957,0.043722331523895264
loco_plateau,gnn_zero_edge_features,45,b005_0352,5f0ae19a03996e46eda8c90413fc45b8985b85b82d4f47d4a22a10847efdc7d4,plateau,8,batch_005,sample_0610,False,0.01819451996048943,0.020960806640352107,0.040990203619003296
loco_plateau,gnn_zero_edge_features,45,b005_0353,05e5a33d12166760b02827e96c5a0446d2d46d0bac028f2a76145a206386e918,plateau,6,batch_005,sample_0611,False,0.008615382137845774,0.012006158865216431,0.04086422920227051
loco_plateau,gnn_zero_edge_features,45,b005_0354,fadf7a0b5c1bc2a8d8355725a59dcbd92af98cb7514eabc127842f5c4b4bef47,plateau,8,batch_005,sample_0612,False,0.012336580479731326,0.016117743325075883,0.04246819019317627
loco_plateau,gnn_zero_edge_features,45,b005_0355,4d85219246b5dad59cb85d9fa3c1936680c4c9ef047c5cef4218f3b15c1e939c,plateau,4,batch_005,sample_0613,False,0.0076751349890818365,0.009258707401271927,0.014982759952545166
loco_plateau,gnn_zero_edge_features,45,b005_0356,4d68bdd50ef81490f46d2a8e1897ab3bb663920d094e1cbb0b28ba7113382e88,plateau,2,batch_005,sample_0614,False,0.014683201176221253,0.016432965317626714,0.03026813268661499
loco_plateau,gnn_zero_edge_features,45,b005_0359,4c1573f83055d1187f7f6cd3d9baae0038086645d81eee72897606cc9d5c570c,plateau,5,batch_005,sample_0615,False,0.011723226913418925,0.013755858350091103,0.0394747257232666
loco_plateau,gnn_zero_edge_features,45,b005_0360,686bd58ef008dcf1a1a7c6f4d10f2f843038b4350a135434e4ccc66a580f0f5d,plateau,8,batch_005,sample_0616,False,0.007256240507618326,0.009029243612491165,0.026048123836517334
loco_plateau,gnn_zero_edge_features,45,b005_0361,96f4761fc6c8f7f70f150f08d1184ebb6ce1b5aaa442426bf462bb08296c1a3b,plateau,8,batch_005,sample_0617,False,0.016234755027489584,0.020836044376496676,0.06933104991912842
loco_plateau,gnn_zero_edge_features,45,b005_0362,1afc1c036950d3674b72ba96e3a3beaf89086ebc191f828798460411f6637095,plateau,14,batch_005,sample_0618,False,0.00852981014329879,0.011301991117236726,0.030166029930114746
loco_plateau,gnn_zero_edge_features,45,b005_0363,c4e17a05dde40f17497a58db0f20c7fa3893089c99b4e61d2abb1683d73c2708,plateau,3,batch_005,sample_0619,False,0.012234825824127823,0.015041788996847022,0.03217479586601257
loco_plateau,gnn_zero_edge_features,45,b005_0364,f789b385523cb681d859a20015bfbe6406d3d1a4e0993fd9931fc56524052232,plateau,7,batch_005,sample_0620,False,0.008720701713053907,0.011857012530961773,0.029530644416809082
loco_plateau,gnn_zero_edge_features,45,b005_0365,bf0f2b2de55694fffbc786504dd644ea825c40182b9b220d53b89c8a37ed6c50,plateau,2,batch_005,sample_0621,False,0.010746658459061482,0.013294044957361993,0.03744041919708252
loco_plateau,gnn_zero_edge_features,45,b005_0366,ff9baf0d1ecf79479db89955f4239351d1d12145c830cf12c7c6743740bef107,plateau,1,batch_005,sample_0622,False,0.013436141439148636,0.01712302409050034,0.0575639009475708
loco_plateau,gnn_zero_edge_features,45,b005_0367,55ae06c4d49e4f4bca3994c646b4a4477cbe684a94491baec3ccacaf8913cdc4,plateau,6,batch_005,sample_0623,False,0.006590403799639374,0.008652194580724772,0.02551358938217163
loco_plateau,gnn_zero_edge_features,45,b005_0369,3d7c1523d7f7a701ba8c8c8653f377b8bce5dcb75dd5e777fc37ea2547a10cd1,plateau,11,batch_005,sample_0624,False,0.010590507114519839,0.01322702164975084,0.039579153060913086
loco_plateau,gnn_zero_edge_features,45,b005_0370,02430a0e963a0b380b2bc0d082219d1cf06081fa567fed08f912ffa7dfe10051,plateau,5,batch_005,sample_0625,False,0.007764582751227207,0.010304204024519377,0.02087026834487915
loco_plateau,gnn_zero_edge_features,45,b005_0374,e78a3e8bf3a5373c93d1d439c82fbdadf0d6d220b3240b14bb5f3bc3f6e4f09a,plateau,1,batch_005,sample_0626,False,0.011742079111396289,0.01459205891904301,0.032795727252960205
loco_plateau,gnn_zero_edge_features,45,b005_0376,e2cf5195bd63a11d9d1ca2e66c51888dcca34e1ae84251c784a18a3f37096e59,plateau,3,batch_005,sample_0627,False,0.009994829653716479,0.012517016073990465,0.037077248096466064
loco_plateau,gnn_zero_edge_features,45,b005_0377,3f7f8648f1cca1b0bde98bd8dd3709da82b522777e245fb04f2e547d74fb458c,plateau,3,batch_005,sample_0628,False,0.008074884043365229,0.009885260816724618,0.028608381748199463
loco_plateau,gnn_zero_edge_features,45,b005_0378,046e2b649304ef7368e59229d0d93e66e7a45cef80450c188bed4c2d3d1fdc8d,plateau,11,batch_005,sample_0629,False,0.006918338234307336,0.009195463350773776,0.028808951377868652
loco_plateau,gnn_zero_edge_features,45,b005_0379,1f409b6e03f9441ff3c5c3fc66e0db956031025ffca1702ed23e99238b6229c9,plateau,15,batch_005,sample_0630,False,0.00974481613909612,0.013093413327473578,0.023874998092651367
loco_plateau,gnn_zero_edge_features,45,b005_0380,9373bd39ad3438c8b68e44ed9913af85cc6aa4598a1d16ee56e8aa54d6b7e8ad,plateau,7,batch_005,sample_0631,False,0.00543004115585421,0.0071045803113503996,0.015116944909095764
loco_plateau,gnn_zero_edge_features,45,b005_0381,69369739915ea5865caaa0a97202deb36c3f5d9d99624a932280b9ccaec1ad7a,plateau,8,batch_005,sample_0632,False,0.009214121054430476,0.011282675938024615,0.01843017339706421
loco_plateau,gnn_zero_edge_features,45,b005_0382,2d2b38ecba4efd0196a13bbe391dd3bf0713ebf5519032458d2874f9b5b799ea,plateau,6,batch_005,sample_0633,False,0.006912955495177723,0.008059667933135093,0.0184820294380188
loco_plateau,gnn_zero_edge_features,45,b005_0383,c3f96572b536df535317375fdc5e4706ac369468646788bb728a81d80ebbf8cd,plateau,9,batch_005,sample_0634,False,0.021842001647245687,0.024423174232441953,0.050585225224494934
loco_plateau,gnn_zero_edge_features,45,b005_0384,4f787d72c2991ce6d0932240e622e61affe479a7fa2dd35ab8bcdc5923ff28ed,plateau,13,batch_005,sample_0635,False,0.019942222315757,0.022841362555900496,0.05871003866195679
loco_plateau,gnn_zero_edge_features,45,b005_0386,301947d5dbc16fbb140de6b8a02a472b8129263d9f0a15b48f047dc956897100,plateau,8,batch_005,sample_0636,False,0.005634510736973559,0.007458811388738314,0.022745966911315918
loco_plateau,gnn_zero_edge_features,45,b005_0387,8de22ed78a2ba566ad5d579cb268e029471143e2f0356e36c926f297c636ec17,plateau,1,batch_005,sample_0637,False,0.011623806549144572,0.014351093928598176,0.04535207152366638
loco_plateau,gnn_zero_edge_features,45,b005_0388,7018dd5a29322b02c1632cd20271bff3ce888a19228aa52114aa77b9400eb91b,plateau,10,batch_005,sample_0638,False,0.010706469538759013,0.013213579163330592,0.029890775680541992
loco_plateau,gnn_zero_edge_features,45,b005_0391,befff6f241f67d94d7753d00fbb0c58bb90217d18320366e8efddcc6b98d1cf6,plateau,7,batch_005,sample_0639,False,0.009434548496711449,0.011302933945496807,0.016861677169799805
loco_plateau,gnn_zero_edge_features,45,b005_0392,c8557ed9f63b99ebd2c6c477e7131c72de41dc16fb5e94bfd97d94fa611c210b,plateau,10,batch_005,sample_0640,False,0.01417421073210044,0.01593543511064863,0.02625630795955658
loco_plateau,gnn_zero_edge_features,45,b005_0393,93eb3bacea701426087e75941806b407760420360c2377bbc814db1682f2a1d4,plateau,5,batch_005,sample_0641,False,0.013030237838870189,0.016808883539630906,0.04479324817657471
loco_plateau,gnn_zero_edge_features,45,b005_0394,df92d1d4b0476ec691828cb2651348409e75a7cc4379821060d4a774189be132,plateau,9,batch_005,sample_0642,False,0.007203071088087363,0.009438041609116793,0.040727317333221436
loco_plateau,gnn_zero_edge_features,45,b005_0395,83ecfc111bb85fd355498ca7b8a4bb47c26e405c679f3515a1aafc4d7cefab6c,plateau,5,batch_005,sample_0643,False,0.016039299427485856,0.01957811450071026,0.035944968461990356
loco_plateau,gnn_zero_edge_features,45,b005_0397,c8766140f84f514dc30d7035d42f2067f8e50cef0a1eee335dbb302ad43b3441,plateau,1,batch_005,sample_0644,False,0.0124574853260009,0.01624967553775684,0.03296348452568054
loco_plateau,gnn_zero_edge_features,45,b005_0398,c5312b8757553a4ab6a18f87cd43e9086663093a1069e7c08549a0cd2de261d6,plateau,13,batch_005,sample_0645,False,0.007496936399428571,0.011729091931042686,0.024415791034698486
loco_plateau,gnn_zero_edge_features,46,b004_0101,cb286dce3fb5e4de9ce7cd24a593b3729810700f461d4dea7e7e806081a6c243,plateau,7,batch_004,sample_0098,False,0.015539352278240392,0.018794625139209896,0.04634648561477661
loco_plateau,gnn_zero_edge_features,46,b004_0106,68a631e45d1432b8c277623aa36bd14caa372804b8363ec96ef67ddc8eb20d1c,plateau,3,batch_004,sample_0102,False,0.0074047330827986604,0.010093617503343758,0.028113842010498047
loco_plateau,gnn_zero_edge_features,46,b004_0115,f799b5290dd4072521a7449c1abf33ff526f22f67b776e873628d3cbca0ba783,plateau,3,batch_004,sample_0107,False,0.007635155417880074,0.010282274726363446,0.009240016341209412
loco_plateau,gnn_zero_edge_features,46,b004_0130,2188740cfe38cf9d440c67431f559d83d2a1ce7ae59ca2bedcf02bb69f466e50,plateau,8,batch_004,sample_0120,False,0.0065817988065422555,0.009045014902221135,0.024310171604156494
loco_plateau,gnn_zero_edge_features,46,b004_0136,04889ebdfb5784327f3b9088bf6df01afa628294490b202c173ef0b14838e962,plateau,2,batch_004,sample_0125,False,0.007307962071700174,0.009585444325867996,0.013931483030319214
loco_plateau,gnn_zero_edge_features,46,b004_0147,1fa51a6e404fd88eb385d6766311d069515a32e28126ff01697c509152d5f502,plateau,7,batch_004,sample_0131,False,0.011545591239557892,0.014111104625699417,0.021244734525680542
loco_plateau,gnn_zero_edge_features,46,b004_0154,aac35af72b9a33754898cad920897b67d2af68b9260ad250b7fcaebd06f32dcc,plateau,8,batch_004,sample_0136,False,0.010159743186391767,0.013389016626036025,0.03185749053955078
loco_plateau,gnn_zero_edge_features,46,b004_0155,1d0a46c8f6e17a86034c6bb9d66c4b03d098b69ff514fc02f28ea63be0b42c7e,plateau,6,batch_004,sample_0137,False,0.007661227808624017,0.009766342161664337,0.01849682629108429
loco_plateau,gnn_zero_edge_features,46,b004_0163,4873613114b6d71d3a19feac4e2a6cca6a1aea7cedee70e6461fcb308fcd40a1,plateau,8,batch_004,sample_0144,False,0.011713115651099408,0.013303034955031932,0.03445553779602051
loco_plateau,gnn_zero_edge_features,46,b004_0166,8acc23b2c14cbb42c17a2dcc988fac65c64813d2829e3784719d447b5ed718b7,plateau,6,batch_004,sample_0146,False,0.007765971734875538,0.01007748788640741,0.022006511688232422
loco_plateau,gnn_zero_edge_features,46,b004_0189,83c666a66b41c149f65ddc8bd970a7e25625b9d2da4a74aa495eb63512733e3d,plateau,1,batch_004,sample_0163,False,0.009498040207096787,0.013134401172751905,0.02931767702102661
loco_plateau,gnn_zero_edge_features,46,b004_0192,e59076b7dd3091c6a35a126a9200a5d87d04f635db59270bb6abf483a0ca6b6b,plateau,3,batch_004,sample_0166,False,0.00614438212064446,0.007475605030971032,0.018971294164657593
loco_plateau,gnn_zero_edge_features,46,b004_0198,36b24bbee6d7a71d6d85eb0f4637e3435adb468ab33422dad8a99a2687c94a43,plateau,3,batch_004,sample_0172,False,0.00605230485318137,0.007857056524190649,0.012319803237915039
loco_plateau,gnn_zero_edge_features,46,b004_0206,0f83d6a5c144dfa616333adc1bd57529c0d4b0a6391f6abd2b3df69ae12643d9,plateau,8,batch_004,sample_0176,False,0.014057380498432722,0.017015117297346168,0.03954538702964783
loco_plateau,gnn_zero_edge_features,46,b004_0208,1e7355104cb1bc6623bb84e83c8b136fc6530491967649406726860c46d55882,plateau,3,batch_004,sample_0177,False,0.007351225211483533,0.008938084000798301,0.02067887783050537
loco_plateau,gnn_zero_edge_features,46,b004_0209,440c0cdd2e0fa5883c06758ead647f3129254dd10b206bf0c4a01275bc82806b,plateau,7,batch_004,sample_0178,False,0.013985016795455432,0.015809084742186622,0.028750300407409668
loco_plateau,gnn_zero_edge_features,46,b004_0226,61bdc1b24112322d60eb9bd84ba71d642a105873858653a3edd7bfe0a5c1b34e,plateau,7,batch_004,sample_0190,False,0.0059211615656242994,0.008406900720574373,0.03101116418838501
loco_plateau,gnn_zero_edge_features,46,b004_0229,af1d00f7a0b787f92bf6455e06a745c2e040b11b6d56cb70a91a0e9bbecca3e3,plateau,4,batch_004,sample_0193,False,0.007426014078445122,0.0093401237481051,0.01780390739440918
loco_plateau,gnn_zero_edge_features,46,b004_0232,c19c313f6ced6796888a79b2f089c97c626a7f821d056d6da34ee52cdd9ede4e,plateau,2,batch_004,sample_0195,False,0.007961969639434189,0.010978980067179228,0.01711079478263855
loco_plateau,gnn_zero_edge_features,46,b004_0238,ab344aa6b1603d38f985e697b8d5e23f92cabe2cfdec495cd63bf30832b339b7,plateau,3,batch_004,sample_0201,False,0.008833712974532705,0.01130207527179724,0.03698092699050903
loco_plateau,gnn_zero_edge_features,46,b004_0269,4bc4fd552a3fec6bec5222fbe2344ba232c661859418bb0be167915721ee5291,plateau,5,batch_004,sample_0225,False,0.008507100773639366,0.010749689630768154,0.02318018674850464
loco_plateau,gnn_zero_edge_features,46,b004_0270,6e734c0ce0d34a99ed4ad267e7228f80d1e1937ed9cfb2a2531b08dd05b3f9f4,plateau,2,batch_004,sample_0226,False,0.007998723719940811,0.010015231177079816,0.016598165035247803
loco_plateau,gnn_zero_edge_features,46,b004_0276,7b18e593b02cd8067d1393f0e63f941e25eff1aa515facc3feca5d594c0b32f6,plateau,3,batch_004,sample_0231,False,0.006126145664297166,0.007771057378880921,0.01682114601135254
loco_plateau,gnn_zero_edge_features,46,b004_0280,99c63bb4954aeef83d20697237d20468a2082dc550b92994ed9c8b0d2e53aeb4,plateau,3,batch_004,sample_0235,False,0.008664001878656324,0.01064250879266976,0.022641479969024658
loco_plateau,gnn_zero_edge_features,46,b004_0284,315251daf704e2ddebf079b4618bac7ddc803651927693240201fda0ae19713e,plateau,7,batch_004,sample_0238,False,0.010549045488482615,0.01219506293417556,0.018844515085220337
loco_plateau,gnn_zero_edge_features,46,b004_0285,538882c9fc437f403f576e9537afa2d0e9d19640d587ec09abf294580a7a5439,plateau,5,batch_004,sample_0239,False,0.011755476232434883,0.015486767246168747,0.01739203929901123
loco_plateau,gnn_zero_edge_features,46,b004_0286,1f1d5a524d03753ee50cb34e15a725be31a3f16360c0873f815fa3617c634af9,plateau,2,batch_004,sample_0240,False,0.0076320311817966524,0.010257070254937037,0.02213144302368164
loco_plateau,gnn_zero_edge_features,46,b004_0291,5cb317353c4e3be13450815c4705cf51b35ccbcd7f9d37f0e177ea0c467b5f57,plateau,1,batch_004,sample_0243,False,0.007432404233783972,0.009380535804829736,0.022685647010803223
loco_plateau,gnn_zero_edge_features,46,b004_0298,caa33739bb94bf3e4107ea13ebaefa854b1845ee09a860ac973faad33ffc7834,plateau,5,batch_004,sample_0250,False,0.00977992913762077,0.0113170033911986,0.01046133041381836
loco_plateau,gnn_zero_edge_features,46,b004_0303,de67b515620baea3c5921d16c351e24f283039e6be0dbb711689e9c13ccfdcd8,plateau,7,batch_004,sample_0254,False,0.006067725722907019,0.0072851347088937575,0.016210973262786865
loco_plateau,gnn_zero_edge_features,46,b004_0312,aae428a0b7988c9a08ec2cd887e629b34ead9427365e120773f787d5e67957c1,plateau,8,batch_004,sample_0261,False,0.013122901076176127,0.014420235345922586,0.013654708862304688
loco_plateau,gnn_zero_edge_features,46,b004_0328,230d653e29b05c6cac38da6d0de4c13e4f666cbcf2f18fd0f9301c8565cc11a3,plateau,4,batch_004,sample_0274,False,0.005403674833598684,0.007939901492789333,0.014359593391418457
loco_plateau,gnn_zero_edge_features,46,b004_0335,3af73a16bdf592f38afc48342dd2996cc2332054b38bc004699cef76f2f2027c,plateau,4,batch_004,sample_0278,False,0.009411786179073522,0.01214234116118557,0.03133806586265564
loco_plateau,gnn_zero_edge_features,46,b004_0336,b1a27cded5990829ff83324d88a32190c7c9723de6ef9887de3b888774969a57,plateau,1,batch_004,sample_0279,False,0.013236672663297809,0.017954570814550506,0.015223667025566101
loco_plateau,gnn_zero_edge_features,46,b004_0367,c318564675cfb510af8b85e2c440c5474c6897ca4e9cdaf29a6217c1c607614e,plateau,5,batch_004,sample_0304,False,0.006526666342235002,0.00850319029658421,0.026134133338928223
loco_plateau,gnn_zero_edge_features,46,b004_0378,b10baedc312e4d2d36427845a0f1a1cbffe556d2f64623a9674249752d97956c,plateau,8,batch_004,sample_0313,False,0.008181390092998255,0.01002852882997718,0.0369601845741272
loco_plateau,gnn_zero_edge_features,46,b004_0379,c6e6ea944f341106836d770add03411f9b6a1a984c07c96bec5e68fdcf226108,plateau,6,batch_004,sample_0314,False,0.005795696292255745,0.007172719533200879,0.02050042152404785
loco_plateau,gnn_zero_edge_features,46,b004_0385,1669f1f0995158292efaccb221bf4e371f369d987f6008fc5bbb7afeb0d048df,plateau,7,batch_004,sample_0319,False,0.006925647864576246,0.009260336294940486,0.01992696523666382
loco_plateau,gnn_zero_edge_features,46,b004_0387,09be75b148104dc8d00eb69fe791588c388b9ebb3038b53094e45349b135be7d,plateau,8,batch_004,sample_0321,False,0.011692155091488948,0.013093089004207773,0.02482205629348755
loco_plateau,gnn_zero_edge_features,46,b005_0318,924387d745bc9120e456294ff4a08ad9a1d65425b1cd2775143ca2ab2f71ce55,plateau,7,batch_005,sample_0582,False,0.011211202281420349,0.014846358169928459,0.0437888503074646
loco_plateau,gnn_zero_edge_features,46,b005_0319,800520051cbd61e759abc8ff464d9452f0af7501ab267ce886d3229fe3d764b4,plateau,2,batch_005,sample_0583,False,0.006997229867294187,0.00945713274202164,0.02463853359222412
loco_plateau,gnn_zero_edge_features,46,b005_0320,ef3c4b806db3686e52b040856eeaa178271e38922d72178a07cfb1b60c5a9815,plateau,9,batch_005,sample_0584,False,0.0068227744615468825,0.011289099855841466,0.026877671480178833
loco_plateau,gnn_zero_edge_features,46,b005_0322,dfa2ca4229967a5ccb2b1248146a521a8c13b2c9123ed436514968a5b39c468b,plateau,12,batch_005,sample_0585,False,0.010514201077281451,0.013447893918512891,0.029298722743988037
loco_plateau,gnn_zero_edge_features,46,b005_0323,cce3714177813b75d94654611ce899a21ca23c71fe16d59197e83af8d254e95f,plateau,11,batch_005,sample_0586,False,0.008363782138120933,0.011460857077883517,0.026852130889892578
loco_plateau,gnn_zero_edge_features,46,b005_0324,27fb8c31fc60138ca610456685ff39808517e467177b4b76e23ad2cc9ef40e79,plateau,3,batch_005,sample_0587,False,0.00893065821929056,0.011203792329482097,0.023299187421798706
loco_plateau,gnn_zero_edge_features,46,b005_0325,57c15407e4e74b16ef1107b3fd3d0f28bd18e2d5f422f8887bb3ae4f2ee71cfd,plateau,6,batch_005,sample_0588,False,0.005958869564728659,0.008039685712079636,0.012870311737060547
loco_plateau,gnn_zero_edge_features,46,b005_0326,e2760e685a5883648d6d91d72b6f825497ff6177a7ae51fd1d4a4f618192fbd3,plateau,4,batch_005,sample_0589,False,0.010624758486987138,0.012811493978163054,0.028473169542849064
loco_plateau,gnn_zero_edge_features,46,b005_0327,c0f2d02506a33f5dad5fa8e5c65ba0f14cdafffb85f55797608be3df54e8cf61,plateau,1,batch_005,sample_0590,False,0.00635985517110981,0.007945772826551964,0.019348055124282837
loco_plateau,gnn_zero_edge_features,46,b005_0328,55b4a6a2ff50fc37c4d86d31a2943c392e669602f37411c18ea7e0f718c7a49b,plateau,10,batch_005,sample_0591,False,0.008932316889528369,0.01103337907198498,0.03834545612335205
loco_plateau,gnn_zero_edge_features,46,b005_0329,25396912ea3a078cfdcae941ea89787bb0803f1346b6c5c886e75f5af0e4014c,plateau,5,batch_005,sample_0592,False,0.007162188408804722,0.00894899397089676,0.023296058177947998
loco_plateau,gnn_zero_edge_features,46,b005_0330,2d2987c8fa8b70de85851fccd3598561568f323c9bc1e48b9082c225851dca74,plateau,7,batch_005,sample_0593,False,0.007335324512153375,0.009441841141677655,0.027900516986846924
loco_plateau,gnn_zero_edge_features,46,b005_0331,fe117b09b49c597131e2f6e1b8feb5a597f6b009e1fc51e947e1c4258965cb3a,plateau,8,batch_005,sample_0594,False,0.008998058430972646,0.014770424997156396,0.055877625942230225
loco_plateau,gnn_zero_edge_features,46,b005_0332,8ef7167927072aa036a58c5f6faa4277ddbc7c3f91bcb16661ae1d24abac8490,plateau,8,batch_005,sample_0595,False,0.01056532268641425,0.011964500107403676,0.02103632688522339
loco_plateau,gnn_zero_edge_features,46,b005_0333,c3c2056eaa15eef1a5f1836e18a193479b6f32b671a8a83de228a107692ada54,plateau,1,batch_005,sample_0596,False,0.007125516528965997,0.00910238854637988,0.02631974220275879
loco_plateau,gnn_zero_edge_features,46,b005_0334,3bbd10db0ca1e022a95db792674aa00f019fd5856e68ce360feb007d0fe711f4,plateau,14,batch_005,sample_0597,False,0.012632014321499184,0.014827139586843464,0.027658939361572266
loco_plateau,gnn_zero_edge_features,46,b005_0336,0747b020d2d22e1f5e7519b418cc9b8327b7656cbdb5b6a0c84c741abbc0e102,plateau,5,batch_005,sample_0598,False,0.009274866248740524,0.010691361107406976,0.021422863006591797
loco_plateau,gnn_zero_edge_features,46,b005_0338,115982b394b483309f71c61baca7ee9f7623a932a8116d9e7603f0819aecb7ce,plateau,11,batch_005,sample_0599,False,0.010543657863726382,0.012728021295671356,0.03209906816482544
loco_plateau,gnn_zero_edge_features,46,b005_0339,5a157ab2ed0b98a6d23ad8857e1765864193424d5249af315f29d82bd5969aec,plateau,1,batch_005,sample_0600,False,0.006222474404045793,0.008624927459730872,0.03272596001625061
loco_plateau,gnn_zero_edge_features,46,b005_0341,aa391e2b07bdd6168406810253aa95ddc48980e3dc4f63b3df9c1ea6807dbc8e,plateau,9,batch_005,sample_0601,False,0.00504712809304722,0.009256985952228746,0.022664904594421387
loco_plateau,gnn_zero_edge_features,46,b005_0344,6eb77d3cd6491920848da180bb4de9dc6bc0b37ef91bd1ab7ff630ab55038dfb,plateau,8,batch_005,sample_0602,False,0.008291995183366244,0.01176958387682107,0.032369375228881836
loco_plateau,gnn_zero_edge_features,46,b005_0345,a300e398fad1a0e6431c0978a839d6f5ba716e8b388e8dda603311639de6f280,plateau,4,batch_005,sample_0603,False,0.010689440076468422,0.012741217188389739,0.029129624366760254
loco_plateau,gnn_zero_edge_features,46,b005_0346,64090025074679c6ba642a06fb71e932babe2025b967ef6f2f6b1d8f5ad03bba,plateau,7,batch_005,sample_0604,False,0.010242189112745348,0.016467640375350406,0.04665595293045044
loco_plateau,gnn_zero_edge_features,46,b005_0347,f351afe68d58358a3632f7f01ae10c313d89f47accf5981900e558140d1bfbff,plateau,8,batch_005,sample_0605,False,0.03252765976014684,0.03546415094077206,0.053538382053375244
loco_plateau,gnn_zero_edge_features,46,b005_0348,9047f61e8be36c807011000fd79892f9747fc9f2b5d36e0905a12cc71cf27077,plateau,5,batch_005,sample_0606,False,0.007872430760352338,0.012363266184107265,0.047624558210372925
loco_plateau,gnn_zero_edge_features,46,b005_0349,c30ce3c339ea2d458d6b92c6a2de60810ca4393b4b9c7acd9f3e78a68c60481d,plateau,8,batch_005,sample_0607,False,0.01076929084956646,0.014087901927148207,0.040414512157440186
loco_plateau,gnn_zero_edge_features,46,b005_0350,1023f3a6c18df8c4890c9d45fa6b65adbbc9733ddc3561c3e25572947e28011e,plateau,4,batch_005,sample_0608,False,0.009898289122053833,0.012458333607778269,0.03401389718055725
loco_plateau,gnn_zero_edge_features,46,b005_0351,f915d37994404288414823d1bbb6b5e3931c9ad94ae24b67272d3c8362d85400,plateau,9,batch_005,sample_0609,False,0.009906805257816783,0.011734040735237398,0.03609544038772583
loco_plateau,gnn_zero_edge_features,46,b005_0352,5f0ae19a03996e46eda8c90413fc45b8985b85b82d4f47d4a22a10847efdc7d4,plateau,8,batch_005,sample_0610,False,0.01083344526466776,0.014366254909044496,0.031308531761169434
loco_plateau,gnn_zero_edge_features,46,b005_0353,05e5a33d12166760b02827e96c5a0446d2d46d0bac028f2a76145a206386e918,plateau,6,batch_005,sample_0611,False,0.006861105683397074,0.01006805004224536,0.03923910856246948
loco_plateau,gnn_zero_edge_features,46,b005_0354,fadf7a0b5c1bc2a8d8355725a59dcbd92af98cb7514eabc127842f5c4b4bef47,plateau,8,batch_005,sample_0612,False,0.011541757427278112,0.015340334381181446,0.041227757930755615
loco_plateau,gnn_zero_edge_features,46,b005_0355,4d85219246b5dad59cb85d9fa3c1936680c4c9ef047c5cef4218f3b15c1e939c,plateau,4,batch_005,sample_0613,False,0.011297944872105708,0.012974172152177717,0.011320412158966064
loco_plateau,gnn_zero_edge_features,46,b005_0356,4d68bdd50ef81490f46d2a8e1897ab3bb663920d094e1cbb0b28ba7113382e88,plateau,2,batch_005,sample_0614,False,0.009380278528713789,0.013514256770184616,0.042722344398498535
loco_plateau,gnn_zero_edge_features,46,b005_0359,4c1573f83055d1187f7f6cd3d9baae0038086645d81eee72897606cc9d5c570c,plateau,5,batch_005,sample_0615,False,0.008665612456007082,0.010843632667618647,0.030149459838867188
loco_plateau,gnn_zero_edge_features,46,b005_0360,686bd58ef008dcf1a1a7c6f4d10f2f843038b4350a135434e4ccc66a580f0f5d,plateau,8,batch_005,sample_0616,False,0.006729393953182658,0.009565840317031284,0.02636200189590454
loco_plateau,gnn_zero_edge_features,46,b005_0361,96f4761fc6c8f7f70f150f08d1184ebb6ce1b5aaa442426bf462bb08296c1a3b,plateau,8,batch_005,sample_0617,False,0.018608470676375218,0.02309222098224769,0.07515782117843628
loco_plateau,gnn_zero_edge_features,46,b005_0362,1afc1c036950d3674b72ba96e3a3beaf89086ebc191f828798460411f6637095,plateau,14,batch_005,sample_0618,False,0.008590170105949778,0.011618000955306688,0.03111511468887329
loco_plateau,gnn_zero_edge_features,46,b005_0363,c4e17a05dde40f17497a58db0f20c7fa3893089c99b4e61d2abb1683d73c2708,plateau,3,batch_005,sample_0619,False,0.008440101488691861,0.010153194409737021,0.02223721146583557
loco_plateau,gnn_zero_edge_features,46,b005_0364,f789b385523cb681d859a20015bfbe6406d3d1a4e0993fd9931fc56524052232,plateau,7,batch_005,sample_0620,False,0.009856933575184619,0.013001329167658575,0.02993553876876831
loco_plateau,gnn_zero_edge_features,46,b005_0365,bf0f2b2de55694fffbc786504dd644ea825c40182b9b220d53b89c8a37ed6c50,plateau,2,batch_005,sample_0621,False,0.00856691421788247,0.010833079696725431,0.026553213596343994
loco_plateau,gnn_zero_edge_features,46,b005_0366,ff9baf0d1ecf79479db89955f4239351d1d12145c830cf12c7c6743740bef107,plateau,1,batch_005,sample_0622,False,0.010681481146421588,0.014645212097528889,0.05158650875091553
loco_plateau,gnn_zero_edge_features,46,b005_0367,55ae06c4d49e4f4bca3994c646b4a4477cbe684a94491baec3ccacaf8913cdc4,plateau,6,batch_005,sample_0623,False,0.006603159743254302,0.008928451326858669,0.024475127458572388
loco_plateau,gnn_zero_edge_features,46,b005_0369,3d7c1523d7f7a701ba8c8c8653f377b8bce5dcb75dd5e777fc37ea2547a10cd1,plateau,11,batch_005,sample_0624,False,0.016606548037685333,0.01891206394697701,0.042763590812683105
loco_plateau,gnn_zero_edge_features,46,b005_0370,02430a0e963a0b380b2bc0d082219d1cf06081fa567fed08f912ffa7dfe10051,plateau,5,batch_005,sample_0625,False,0.008259251225190084,0.010365020880533144,0.018434584140777588
loco_plateau,gnn_zero_edge_features,46,b005_0374,e78a3e8bf3a5373c93d1d439c82fbdadf0d6d220b3240b14bb5f3bc3f6e4f09a,plateau,1,batch_005,sample_0626,False,0.009130983323347374,0.011157499655973395,0.016912207007408142
loco_plateau,gnn_zero_edge_features,46,b005_0376,e2cf5195bd63a11d9d1ca2e66c51888dcca34e1ae84251c784a18a3f37096e59,plateau,3,batch_005,sample_0627,False,0.010917834143658153,0.014262071441835824,0.034476637840270996
loco_plateau,gnn_zero_edge_features,46,b005_0377,3f7f8648f1cca1b0bde98bd8dd3709da82b522777e245fb04f2e547d74fb458c,plateau,3,batch_005,sample_0628,False,0.00916850664576546,0.011131751636695641,0.012976020574569702
loco_plateau,gnn_zero_edge_features,46,b005_0378,046e2b649304ef7368e59229d0d93e66e7a45cef80450c188bed4c2d3d1fdc8d,plateau,11,batch_005,sample_0629,False,0.007085110076138231,0.00906188834007302,0.02990102767944336
loco_plateau,gnn_zero_edge_features,46,b005_0379,1f409b6e03f9441ff3c5c3fc66e0db956031025ffca1702ed23e99238b6229c9,plateau,15,batch_005,sample_0630,False,0.011144893335514381,0.012550046634752364,0.025340795516967773
loco_plateau,gnn_zero_edge_features,46,b005_0380,9373bd39ad3438c8b68e44ed9913af85cc6aa4598a1d16ee56e8aa54d6b7e8ad,plateau,7,batch_005,sample_0631,False,0.006538367540132804,0.008664366029811353,0.015272766351699829
loco_plateau,gnn_zero_edge_features,46,b005_0381,69369739915ea5865caaa0a97202deb36c3f5d9d99624a932280b9ccaec1ad7a,plateau,8,batch_005,sample_0632,False,0.0070816234487002016,0.008893767263985063,0.015370368957519531
loco_plateau,gnn_zero_edge_features,46,b005_0382,2d2b38ecba4efd0196a13bbe391dd3bf0713ebf5519032458d2874f9b5b799ea,plateau,6,batch_005,sample_0633,False,0.006022545402167273,0.007101682189417302,0.016837269067764282
loco_plateau,gnn_zero_edge_features,46,b005_0383,c3f96572b536df535317375fdc5e4706ac369468646788bb728a81d80ebbf8cd,plateau,9,batch_005,sample_0634,False,0.024618769339362127,0.027138440493669085,0.05173791944980621
loco_plateau,gnn_zero_edge_features,46,b005_0384,4f787d72c2991ce6d0932240e622e61affe479a7fa2dd35ab8bcdc5923ff28ed,plateau,13,batch_005,sample_0635,False,0.020876065873708882,0.023255739645285805,0.05731683969497681
loco_plateau,gnn_zero_edge_features,46,b005_0386,301947d5dbc16fbb140de6b8a02a472b8129263d9f0a15b48f047dc956897100,plateau,8,batch_005,sample_0636,False,0.008365309262861971,0.010075486834489339,0.02243131399154663
loco_plateau,gnn_zero_edge_features,46,b005_0387,8de22ed78a2ba566ad5d579cb268e029471143e2f0356e36c926f297c636ec17,plateau,1,batch_005,sample_0637,False,0.009603318895717135,0.012060663331040836,0.035086244344711304
loco_plateau,gnn_zero_edge_features,46,b005_0388,7018dd5a29322b02c1632cd20271bff3ce888a19228aa52114aa77b9400eb91b,plateau,10,batch_005,sample_0638,False,0.007242504446232905,0.009697832156730533,0.03092724084854126
loco_plateau,gnn_zero_edge_features,46,b005_0391,befff6f241f67d94d7753d00fbb0c58bb90217d18320366e8efddcc6b98d1cf6,plateau,7,batch_005,sample_0639,False,0.006979656329409021,0.009125551951463888,0.02158820629119873
loco_plateau,gnn_zero_edge_features,46,b005_0392,c8557ed9f63b99ebd2c6c477e7131c72de41dc16fb5e94bfd97d94fa611c210b,plateau,10,batch_005,sample_0640,False,0.006679681969470665,0.009305209796976329,0.022580087184906006
loco_plateau,gnn_zero_edge_features,46,b005_0393,93eb3bacea701426087e75941806b407760420360c2377bbc814db1682f2a1d4,plateau,5,batch_005,sample_0641,False,0.008613517049883232,0.011492696188153732,0.04268002510070801
loco_plateau,gnn_zero_edge_features,46,b005_0394,df92d1d4b0476ec691828cb2651348409e75a7cc4379821060d4a774189be132,plateau,9,batch_005,sample_0642,False,0.010674074047901591,0.012427070826022232,0.043002307415008545
loco_plateau,gnn_zero_edge_features,46,b005_0395,83ecfc111bb85fd355498ca7b8a4bb47c26e405c679f3515a1aafc4d7cefab6c,plateau,5,batch_005,sample_0643,False,0.01264855119048572,0.014121882756240293,0.023494571447372437
loco_plateau,gnn_zero_edge_features,46,b005_0397,c8766140f84f514dc30d7035d42f2067f8e50cef0a1eee335dbb302ad43b3441,plateau,1,batch_005,sample_0644,False,0.0088957992733502,0.010980224251254627,0.022685527801513672
loco_plateau,gnn_zero_edge_features,46,b005_0398,c5312b8757553a4ab6a18f87cd43e9086663093a1069e7c08549a0cd2de261d6,plateau,13,batch_005,sample_0645,False,0.013479155106622665,0.018219626996288884,0.025273919105529785
loco_plateau,gnn_mean,42,b004_0101,cb286dce3fb5e4de9ce7cd24a593b3729810700f461d4dea7e7e806081a6c243,plateau,7,batch_004,sample_0098,False,0.00803829387563174,0.01110349688074006,0.05571115016937256
loco_plateau,gnn_mean,42,b004_0106,68a631e45d1432b8c277623aa36bd14caa372804b8363ec96ef67ddc8eb20d1c,plateau,3,batch_004,sample_0102,False,0.00558486672454193,0.0075387163988976935,0.0200577974319458
loco_plateau,gnn_mean,42,b004_0115,f799b5290dd4072521a7449c1abf33ff526f22f67b776e873628d3cbca0ba783,plateau,3,batch_004,sample_0107,False,0.008120005736585523,0.010087446367771568,0.005224138498306274
loco_plateau,gnn_mean,42,b004_0130,2188740cfe38cf9d440c67431f559d83d2a1ce7ae59ca2bedcf02bb69f466e50,plateau,8,batch_004,sample_0120,False,0.007041631174869225,0.010107137424177204,0.03523123264312744
loco_plateau,gnn_mean,42,b004_0136,04889ebdfb5784327f3b9088bf6df01afa628294490b202c173ef0b14838e962,plateau,2,batch_004,sample_0125,False,0.006472876692404513,0.008282022397252814,0.009144842624664307
loco_plateau,gnn_mean,42,b004_0147,1fa51a6e404fd88eb385d6766311d069515a32e28126ff01697c509152d5f502,plateau,7,batch_004,sample_0131,False,0.01049528863342082,0.012627207369131437,0.03066551685333252
loco_plateau,gnn_mean,42,b004_0154,aac35af72b9a33754898cad920897b67d2af68b9260ad250b7fcaebd06f32dcc,plateau,8,batch_004,sample_0136,False,0.0090255861277463,0.011927578161067053,0.02946293354034424
loco_plateau,gnn_mean,42,b004_0155,1d0a46c8f6e17a86034c6bb9d66c4b03d098b69ff514fc02f28ea63be0b42c7e,plateau,6,batch_004,sample_0137,False,0.006905343933183638,0.00907623355301825,0.01696811616420746
loco_plateau,gnn_mean,42,b004_0163,4873613114b6d71d3a19feac4e2a6cca6a1aea7cedee70e6461fcb308fcd40a1,plateau,8,batch_004,sample_0144,False,0.010396202323866672,0.012094934358142375,0.020212426781654358
loco_plateau,gnn_mean,42,b004_0166,8acc23b2c14cbb42c17a2dcc988fac65c64813d2829e3784719d447b5ed718b7,plateau,6,batch_004,sample_0146,False,0.007780213458616225,0.011391992070471112,0.0384981632232666
loco_plateau,gnn_mean,42,b004_0189,83c666a66b41c149f65ddc8bd970a7e25625b9d2da4a74aa495eb63512733e3d,plateau,1,batch_004,sample_0163,False,0.00993730640802227,0.013474898563016592,0.0349651575088501
loco_plateau,gnn_mean,42,b004_0192,e59076b7dd3091c6a35a126a9200a5d87d04f635db59270bb6abf483a0ca6b6b,plateau,3,batch_004,sample_0166,False,0.007219009040320506,0.00930217929875158,0.012106567621231079
loco_plateau,gnn_mean,42,b004_0198,36b24bbee6d7a71d6d85eb0f4637e3435adb468ab33422dad8a99a2687c94a43,plateau,3,batch_004,sample_0172,False,0.007008506626379294,0.008386645638008663,0.015282392501831055
loco_plateau,gnn_mean,42,b004_0206,0f83d6a5c144dfa616333adc1bd57529c0d4b0a6391f6abd2b3df69ae12643d9,plateau,8,batch_004,sample_0176,False,0.017400410087382207,0.020513242088621413,0.0430772602558136
loco_plateau,gnn_mean,42,b004_0208,1e7355104cb1bc6623bb84e83c8b136fc6530491967649406726860c46d55882,plateau,3,batch_004,sample_0177,False,0.0065859496959897335,0.009065558457172235,0.026064157485961914
loco_plateau,gnn_mean,42,b004_0209,440c0cdd2e0fa5883c06758ead647f3129254dd10b206bf0c4a01275bc82806b,plateau,7,batch_004,sample_0178,False,0.010876418625722166,0.013688437507762016,0.031390607357025146
loco_plateau,gnn_mean,42,b004_0226,61bdc1b24112322d60eb9bd84ba71d642a105873858653a3edd7bfe0a5c1b34e,plateau,7,batch_004,sample_0190,False,0.008430878891319524,0.012744927227163983,0.05406999588012695
loco_plateau,gnn_mean,42,b004_0229,af1d00f7a0b787f92bf6455e06a745c2e040b11b6d56cb70a91a0e9bbecca3e3,plateau,4,batch_004,sample_0193,False,0.005975164350916128,0.008871003325744423,0.02468353509902954
loco_plateau,gnn_mean,42,b004_0232,c19c313f6ced6796888a79b2f089c97c626a7f821d056d6da34ee52cdd9ede4e,plateau,2,batch_004,sample_0195,False,0.008254382453980993,0.010313837536311522,0.024283379316329956
loco_plateau,gnn_mean,42,b004_0238,ab344aa6b1603d38f985e697b8d5e23f92cabe2cfdec495cd63bf30832b339b7,plateau,3,batch_004,sample_0201,False,0.005833801981367049,0.008557582792969842,0.03351396322250366
loco_plateau,gnn_mean,42,b004_0269,4bc4fd552a3fec6bec5222fbe2344ba232c661859418bb0be167915721ee5291,plateau,5,batch_004,sample_0225,False,0.009911837880728675,0.011418080395472032,0.022634804248809814
loco_plateau,gnn_mean,42,b004_0270,6e734c0ce0d34a99ed4ad267e7228f80d1e1937ed9cfb2a2531b08dd05b3f9f4,plateau,2,batch_004,sample_0226,False,0.01050393949033784,0.014646513255591156,0.01068095862865448
loco_plateau,gnn_mean,42,b004_0276,7b18e593b02cd8067d1393f0e63f941e25eff1aa515facc3feca5d594c0b32f6,plateau,3,batch_004,sample_0231,False,0.009511059547056918,0.014005400689421271,0.03929710388183594
loco_plateau,gnn_mean,42,b004_0280,99c63bb4954aeef83d20697237d20468a2082dc550b92994ed9c8b0d2e53aeb4,plateau,3,batch_004,sample_0235,False,0.005620532714929737,0.00704045771182386,0.02021890878677368
loco_plateau,gnn_mean,42,b004_0284,315251daf704e2ddebf079b4618bac7ddc803651927693240201fda0ae19713e,plateau,7,batch_004,sample_0238,False,0.014656069581625892,0.01655757877078253,0.026663944125175476
loco_plateau,gnn_mean,42,b004_0285,538882c9fc437f403f576e9537afa2d0e9d19640d587ec09abf294580a7a5439,plateau,5,batch_004,sample_0239,False,0.009910891046289538,0.0125489773652377,0.023622572422027588
loco_plateau,gnn_mean,42,b004_0286,1f1d5a524d03753ee50cb34e15a725be31a3f16360c0873f815fa3617c634af9,plateau,2,batch_004,sample_0240,False,0.007364241131505028,0.010129799555831766,0.0269363671541214
loco_plateau,gnn_mean,42,b004_0291,5cb317353c4e3be13450815c4705cf51b35ccbcd7f9d37f0e177ea0c467b5f57,plateau,1,batch_004,sample_0243,False,0.008400427208083575,0.01066097403590998,0.03169162571430206
loco_plateau,gnn_mean,42,b004_0298,caa33739bb94bf3e4107ea13ebaefa854b1845ee09a860ac973faad33ffc7834,plateau,5,batch_004,sample_0250,False,0.008280835190757375,0.009886216320786345,0.017992854118347168
loco_plateau,gnn_mean,42,b004_0303,de67b515620baea3c5921d16c351e24f283039e6be0dbb711689e9c13ccfdcd8,plateau,7,batch_004,sample_0254,False,0.006360431186488417,0.007324772316020257,0.014910459518432617
loco_plateau,gnn_mean,42,b004_0312,aae428a0b7988c9a08ec2cd887e629b34ead9427365e120773f787d5e67957c1,plateau,8,batch_004,sample_0261,False,0.009307767279812546,0.013087355434005313,0.030368268489837646
loco_plateau,gnn_mean,42,b004_0328,230d653e29b05c6cac38da6d0de4c13e4f666cbcf2f18fd0f9301c8565cc11a3,plateau,4,batch_004,sample_0274,False,0.005765936047327323,0.007809807815075798,0.015498906373977661
loco_plateau,gnn_mean,42,b004_0335,3af73a16bdf592f38afc48342dd2996cc2332054b38bc004699cef76f2f2027c,plateau,4,batch_004,sample_0278,False,0.008545064291016001,0.010812514782118157,0.024499833583831787
loco_plateau,gnn_mean,42,b004_0336,b1a27cded5990829ff83324d88a32190c7c9723de6ef9887de3b888774969a57,plateau,1,batch_004,sample_0279,False,0.01853212616482719,0.023614986111220728,0.017101198434829712
loco_plateau,gnn_mean,42,b004_0367,c318564675cfb510af8b85e2c440c5474c6897ca4e9cdaf29a6217c1c607614e,plateau,5,batch_004,sample_0304,False,0.012809278535061195,0.015037745631866724,0.029420137405395508
loco_plateau,gnn_mean,42,b004_0378,b10baedc312e4d2d36427845a0f1a1cbffe556d2f64623a9674249752d97956c,plateau,8,batch_004,sample_0313,False,0.010488343837319827,0.013875911046490793,0.04940152168273926
loco_plateau,gnn_mean,42,b004_0379,c6e6ea944f341106836d770add03411f9b6a1a984c07c96bec5e68fdcf226108,plateau,6,batch_004,sample_0314,False,0.005981441465069036,0.0072538823794558675,0.018551528453826904
loco_plateau,gnn_mean,42,b004_0385,1669f1f0995158292efaccb221bf4e371f369d987f6008fc5bbb7afeb0d048df,plateau,7,batch_004,sample_0319,False,0.006769780008519282,0.009972217571824355,0.02275305986404419
loco_plateau,gnn_mean,42,b004_0387,09be75b148104dc8d00eb69fe791588c388b9ebb3038b53094e45349b135be7d,plateau,8,batch_004,sample_0321,False,0.00820006088155215,0.009886424412318101,0.03673619031906128
loco_plateau,gnn_mean,42,b005_0318,924387d745bc9120e456294ff4a08ad9a1d65425b1cd2775143ca2ab2f71ce55,plateau,7,batch_005,sample_0582,False,0.01334380614952963,0.015404063069546801,0.027512788772583008
loco_plateau,gnn_mean,42,b005_0319,800520051cbd61e759abc8ff464d9452f0af7501ab267ce886d3229fe3d764b4,plateau,2,batch_005,sample_0583,False,0.011098199936210132,0.01275448768701618,0.03019806742668152
loco_plateau,gnn_mean,42,b005_0320,ef3c4b806db3686e52b040856eeaa178271e38922d72178a07cfb1b60c5a9815,plateau,9,batch_005,sample_0584,False,0.007366446198010054,0.010672744068859746,0.029776841402053833
loco_plateau,gnn_mean,42,b005_0322,dfa2ca4229967a5ccb2b1248146a521a8c13b2c9123ed436514968a5b39c468b,plateau,12,batch_005,sample_0585,False,0.007042285115992437,0.010906026987327176,0.03262585401535034
loco_plateau,gnn_mean,42,b005_0323,cce3714177813b75d94654611ce899a21ca23c71fe16d59197e83af8d254e95f,plateau,11,batch_005,sample_0586,False,0.010825100980821203,0.013745508185560602,0.023518085479736328
loco_plateau,gnn_mean,42,b005_0324,27fb8c31fc60138ca610456685ff39808517e467177b4b76e23ad2cc9ef40e79,plateau,3,batch_005,sample_0587,False,0.007281745188548917,0.010151437038590177,0.03912046551704407
loco_plateau,gnn_mean,42,b005_0325,57c15407e4e74b16ef1107b3fd3d0f28bd18e2d5f422f8887bb3ae4f2ee71cfd,plateau,6,batch_005,sample_0588,False,0.0054545135038797975,0.006933033943175722,0.014111459255218506
loco_plateau,gnn_mean,42,b005_0326,e2760e685a5883648d6d91d72b6f825497ff6177a7ae51fd1d4a4f618192fbd3,plateau,4,batch_005,sample_0589,False,0.01525183652573433,0.020444158558916566,0.04163713753223419
loco_plateau,gnn_mean,42,b005_0327,c0f2d02506a33f5dad5fa8e5c65ba0f14cdafffb85f55797608be3df54e8cf61,plateau,1,batch_005,sample_0590,False,0.00671741708380277,0.007866176837817715,0.013816475868225098
loco_plateau,gnn_mean,42,b005_0328,55b4a6a2ff50fc37c4d86d31a2943c392e669602f37411c18ea7e0f718c7a49b,plateau,10,batch_005,sample_0591,False,0.0070320638965387814,0.008887821261977902,0.024873435497283936
loco_plateau,gnn_mean,42,b005_0329,25396912ea3a078cfdcae941ea89787bb0803f1346b6c5c886e75f5af0e4014c,plateau,5,batch_005,sample_0592,False,0.010756214134028701,0.011717803583318746,0.01945936679840088
loco_plateau,gnn_mean,42,b005_0330,2d2987c8fa8b70de85851fccd3598561568f323c9bc1e48b9082c225851dca74,plateau,7,batch_005,sample_0593,False,0.004780539601552682,0.006044802514274717,0.013526678085327148
loco_plateau,gnn_mean,42,b005_0331,fe117b09b49c597131e2f6e1b8feb5a597f6b009e1fc51e947e1c4258965cb3a,plateau,8,batch_005,sample_0594,False,0.005795568777400939,0.012063683740054995,0.038954079151153564
loco_plateau,gnn_mean,42,b005_0332,8ef7167927072aa036a58c5f6faa4277ddbc7c3f91bcb16661ae1d24abac8490,plateau,8,batch_005,sample_0595,False,0.005015672963173663,0.007190329785841018,0.025629699230194092
loco_plateau,gnn_mean,42,b005_0333,c3c2056eaa15eef1a5f1836e18a193479b6f32b671a8a83de228a107692ada54,plateau,1,batch_005,sample_0596,False,0.008244303161980675,0.010101111032725532,0.027686089277267456
loco_plateau,gnn_mean,42,b005_0334,3bbd10db0ca1e022a95db792674aa00f019fd5856e68ce360feb007d0fe711f4,plateau,14,batch_005,sample_0597,False,0.011416968019282232,0.013096819374544936,0.025207221508026123
loco_plateau,gnn_mean,42,b005_0336,0747b020d2d22e1f5e7519b418cc9b8327b7656cbdb5b6a0c84c741abbc0e102,plateau,5,batch_005,sample_0598,False,0.006010396558730329,0.009056095842825261,0.028691768646240234
loco_plateau,gnn_mean,42,b005_0338,115982b394b483309f71c61baca7ee9f7623a932a8116d9e7603f0819aecb7ce,plateau,11,batch_005,sample_0599,False,0.009157297796890384,0.012530756507161133,0.03469043970108032
loco_plateau,gnn_mean,42,b005_0339,5a157ab2ed0b98a6d23ad8857e1765864193424d5249af315f29d82bd5969aec,plateau,1,batch_005,sample_0600,False,0.005737563869992241,0.008311994970037326,0.031633198261260986
loco_plateau,gnn_mean,42,b005_0341,aa391e2b07bdd6168406810253aa95ddc48980e3dc4f63b3df9c1ea6807dbc8e,plateau,9,batch_005,sample_0601,False,0.00587861203267926,0.01149338101382858,0.02095860242843628
loco_plateau,gnn_mean,42,b005_0344,6eb77d3cd6491920848da180bb4de9dc6bc0b37ef91bd1ab7ff630ab55038dfb,plateau,8,batch_005,sample_0602,False,0.011436904795834275,0.01466183749710772,0.032681167125701904
loco_plateau,gnn_mean,42,b005_0345,a300e398fad1a0e6431c0978a839d6f5ba716e8b388e8dda603311639de6f280,plateau,4,batch_005,sample_0603,False,0.007285703645377862,0.009572770703872191,0.03942060470581055
loco_plateau,gnn_mean,42,b005_0346,64090025074679c6ba642a06fb71e932babe2025b967ef6f2f6b1d8f5ad03bba,plateau,7,batch_005,sample_0604,False,0.010765234100036934,0.015264684357943705,0.056441307067871094
loco_plateau,gnn_mean,42,b005_0347,f351afe68d58358a3632f7f01ae10c313d89f47accf5981900e558140d1bfbff,plateau,8,batch_005,sample_0605,False,0.01241435770128594,0.01498986899354731,0.026812314987182617
loco_plateau,gnn_mean,42,b005_0348,9047f61e8be36c807011000fd79892f9747fc9f2b5d36e0905a12cc71cf27077,plateau,5,batch_005,sample_0606,False,0.010708356489900683,0.012464450343756086,0.03536742925643921
loco_plateau,gnn_mean,42,b005_0349,c30ce3c339ea2d458d6b92c6a2de60810ca4393b4b9c7acd9f3e78a68c60481d,plateau,8,batch_005,sample_0607,False,0.010515708384699509,0.015176780387012891,0.04621148109436035
loco_plateau,gnn_mean,42,b005_0350,1023f3a6c18df8c4890c9d45fa6b65adbbc9733ddc3561c3e25572947e28011e,plateau,4,batch_005,sample_0608,False,0.011353331999700577,0.014315167599407926,0.038508057594299316
loco_plateau,gnn_mean,42,b005_0351,f915d37994404288414823d1bbb6b5e3931c9ad94ae24b67272d3c8362d85400,plateau,9,batch_005,sample_0609,False,0.011176545050789098,0.013918448754771467,0.036861687898635864
loco_plateau,gnn_mean,42,b005_0352,5f0ae19a03996e46eda8c90413fc45b8985b85b82d4f47d4a22a10847efdc7d4,plateau,8,batch_005,sample_0610,False,0.012393651560681765,0.01690706781758409,0.0398617684841156
loco_plateau,gnn_mean,42,b005_0353,05e5a33d12166760b02827e96c5a0446d2d46d0bac028f2a76145a206386e918,plateau,6,batch_005,sample_0611,False,0.00613296557156766,0.00897366306277374,0.03500401973724365
loco_plateau,gnn_mean,42,b005_0354,fadf7a0b5c1bc2a8d8355725a59dcbd92af98cb7514eabc127842f5c4b4bef47,plateau,8,batch_005,sample_0612,False,0.014151317174317406,0.018125029962964473,0.047874510288238525
loco_plateau,gnn_mean,42,b005_0355,4d85219246b5dad59cb85d9fa3c1936680c4c9ef047c5cef4218f3b15c1e939c,plateau,4,batch_005,sample_0613,False,0.019388162454620737,0.021881783288090397,0.010387778282165527
loco_plateau,gnn_mean,42,b005_0356,4d68bdd50ef81490f46d2a8e1897ab3bb663920d094e1cbb0b28ba7113382e88,plateau,2,batch_005,sample_0614,False,0.00785620144156159,0.009813875111118671,0.025260508060455322
loco_plateau,gnn_mean,42,b005_0359,4c1573f83055d1187f7f6cd3d9baae0038086645d81eee72897606cc9d5c570c,plateau,5,batch_005,sample_0615,False,0.005730338730528707,0.0071927051064116935,0.014385133981704712
loco_plateau,gnn_mean,42,b005_0360,686bd58ef008dcf1a1a7c6f4d10f2f843038b4350a135434e4ccc66a580f0f5d,plateau,8,batch_005,sample_0616,False,0.010498277598717173,0.013084338887781016,0.033265113830566406
loco_plateau,gnn_mean,42,b005_0361,96f4761fc6c8f7f70f150f08d1184ebb6ce1b5aaa442426bf462bb08296c1a3b,plateau,8,batch_005,sample_0617,False,0.01282856295831868,0.017409495984168098,0.056274473667144775
loco_plateau,gnn_mean,42,b005_0362,1afc1c036950d3674b72ba96e3a3beaf89086ebc191f828798460411f6637095,plateau,14,batch_005,sample_0618,False,0.013518714880357023,0.015340613112384764,0.018560171127319336
loco_plateau,gnn_mean,42,b005_0363,c4e17a05dde40f17497a58db0f20c7fa3893089c99b4e61d2abb1683d73c2708,plateau,3,batch_005,sample_0619,False,0.006196754877684546,0.007616658754675215,0.01651933789253235
loco_plateau,gnn_mean,42,b005_0364,f789b385523cb681d859a20015bfbe6406d3d1a4e0993fd9931fc56524052232,plateau,7,batch_005,sample_0620,False,0.009333900374467255,0.012381592572615372,0.028675317764282227
loco_plateau,gnn_mean,42,b005_0365,bf0f2b2de55694fffbc786504dd644ea825c40182b9b220d53b89c8a37ed6c50,plateau,2,batch_005,sample_0621,False,0.008714146423535268,0.012196765261839758,0.04104489088058472
loco_plateau,gnn_mean,42,b005_0366,ff9baf0d1ecf79479db89955f4239351d1d12145c830cf12c7c6743740bef107,plateau,1,batch_005,sample_0622,False,0.01073688183163033,0.015370263231277196,0.0537380576133728
loco_plateau,gnn_mean,42,b005_0367,55ae06c4d49e4f4bca3994c646b4a4477cbe684a94491baec3ccacaf8913cdc4,plateau,6,batch_005,sample_0623,False,0.005982734995787261,0.008053504192547103,0.02152092754840851
loco_plateau,gnn_mean,42,b005_0369,3d7c1523d7f7a701ba8c8c8653f377b8bce5dcb75dd5e777fc37ea2547a10cd1,plateau,11,batch_005,sample_0624,False,0.011265833358295629,0.013892050160954954,0.05565989017486572
loco_plateau,gnn_mean,42,b005_0370,02430a0e963a0b380b2bc0d082219d1cf06081fa567fed08f912ffa7dfe10051,plateau,5,batch_005,sample_0625,False,0.007118258808479935,0.009081293935806362,0.012083560228347778
loco_plateau,gnn_mean,42,b005_0374,e78a3e8bf3a5373c93d1d439c82fbdadf0d6d220b3240b14bb5f3bc3f6e4f09a,plateau,1,batch_005,sample_0626,False,0.010333015293371483,0.013069171954840676,0.015175193548202515
loco_plateau,gnn_mean,42,b005_0376,e2cf5195bd63a11d9d1ca2e66c51888dcca34e1ae84251c784a18a3f37096e59,plateau,3,batch_005,sample_0627,False,0.007914858580124183,0.010389504410438795,0.02581697702407837
loco_plateau,gnn_mean,42,b005_0377,3f7f8648f1cca1b0bde98bd8dd3709da82b522777e245fb04f2e547d74fb458c,plateau,3,batch_005,sample_0628,False,0.007529896302301375,0.008583714370341066,0.018398672342300415
loco_plateau,gnn_mean,42,b005_0378,046e2b649304ef7368e59229d0d93e66e7a45cef80450c188bed4c2d3d1fdc8d,plateau,11,batch_005,sample_0629,False,0.004502289607876637,0.007222222717126922,0.029157042503356934
loco_plateau,gnn_mean,42,b005_0379,1f409b6e03f9441ff3c5c3fc66e0db956031025ffca1702ed23e99238b6229c9,plateau,15,batch_005,sample_0630,False,0.007747278350298522,0.011497730973338432,0.022961735725402832
loco_plateau,gnn_mean,42,b005_0380,9373bd39ad3438c8b68e44ed9913af85cc6aa4598a1d16ee56e8aa54d6b7e8ad,plateau,7,batch_005,sample_0631,False,0.005559399785076986,0.007851766118259327,0.02353006601333618
loco_plateau,gnn_mean,42,b005_0381,69369739915ea5865caaa0a97202deb36c3f5d9d99624a932280b9ccaec1ad7a,plateau,8,batch_005,sample_0632,False,0.005521017996991267,0.006760748301882815,0.021206974983215332
loco_plateau,gnn_mean,42,b005_0382,2d2b38ecba4efd0196a13bbe391dd3bf0713ebf5519032458d2874f9b5b799ea,plateau,6,batch_005,sample_0633,False,0.007916976193912694,0.009326543716413244,0.016167551279067993
loco_plateau,gnn_mean,42,b005_0383,c3f96572b536df535317375fdc5e4706ac369468646788bb728a81d80ebbf8cd,plateau,9,batch_005,sample_0634,False,0.013645253037331535,0.01741782032786898,0.03995342552661896
loco_plateau,gnn_mean,42,b005_0384,4f787d72c2991ce6d0932240e622e61affe479a7fa2dd35ab8bcdc5923ff28ed,plateau,13,batch_005,sample_0635,False,0.012983999047123019,0.01532467734510436,0.0470394492149353
loco_plateau,gnn_mean,42,b005_0386,301947d5dbc16fbb140de6b8a02a472b8129263d9f0a15b48f047dc956897100,plateau,8,batch_005,sample_0636,False,0.008724382544150118,0.011619430939439594,0.04526710510253906
loco_plateau,gnn_mean,42,b005_0387,8de22ed78a2ba566ad5d579cb268e029471143e2f0356e36c926f297c636ec17,plateau,1,batch_005,sample_0637,False,0.009511897767909238,0.012847982556291236,0.036342740058898926
loco_plateau,gnn_mean,42,b005_0388,7018dd5a29322b02c1632cd20271bff3ce888a19228aa52114aa77b9400eb91b,plateau,10,batch_005,sample_0638,False,0.006059476342357573,0.009994358603839602,0.029260098934173584
loco_plateau,gnn_mean,42,b005_0391,befff6f241f67d94d7753d00fbb0c58bb90217d18320366e8efddcc6b98d1cf6,plateau,7,batch_005,sample_0639,False,0.006015792855473816,0.008338252221598497,0.03485006093978882
loco_plateau,gnn_mean,42,b005_0392,c8557ed9f63b99ebd2c6c477e7131c72de41dc16fb5e94bfd97d94fa611c210b,plateau,10,batch_005,sample_0640,False,0.011799705443812198,0.013300882886208919,0.020656943321228027
loco_plateau,gnn_mean,42,b005_0393,93eb3bacea701426087e75941806b407760420360c2377bbc814db1682f2a1d4,plateau,5,batch_005,sample_0641,False,0.012757525825109637,0.015791078341303107,0.0434611439704895
loco_plateau,gnn_mean,42,b005_0394,df92d1d4b0476ec691828cb2651348409e75a7cc4379821060d4a774189be132,plateau,9,batch_005,sample_0642,False,0.010093725607043406,0.013800758566744861,0.059953510761260986
loco_plateau,gnn_mean,42,b005_0395,83ecfc111bb85fd355498ca7b8a4bb47c26e405c679f3515a1aafc4d7cefab6c,plateau,5,batch_005,sample_0643,False,0.016015273381452092,0.018952399261854387,0.033802926540374756
loco_plateau,gnn_mean,42,b005_0397,c8766140f84f514dc30d7035d42f2067f8e50cef0a1eee335dbb302ad43b3441,plateau,1,batch_005,sample_0644,False,0.009600738521482124,0.01100460590251291,0.025152593851089478
loco_plateau,gnn_mean,42,b005_0398,c5312b8757553a4ab6a18f87cd43e9086663093a1069e7c08549a0cd2de261d6,plateau,13,batch_005,sample_0645,False,0.008195996284484863,0.013653221839279745,0.023795783519744873
loco_plateau,gnn_mean,43,b004_0101,cb286dce3fb5e4de9ce7cd24a593b3729810700f461d4dea7e7e806081a6c243,plateau,7,batch_004,sample_0098,False,0.00659596749016496,0.009090439239210667,0.026493310928344727
loco_plateau,gnn_mean,43,b004_0106,68a631e45d1432b8c277623aa36bd14caa372804b8363ec96ef67ddc8eb20d1c,plateau,3,batch_004,sample_0102,False,0.00636049647067414,0.009486216805949006,0.023278534412384033
loco_plateau,gnn_mean,43,b004_0115,f799b5290dd4072521a7449c1abf33ff526f22f67b776e873628d3cbca0ba783,plateau,3,batch_004,sample_0107,False,0.006183072436051291,0.008409997976287666,0.012658447027206421
loco_plateau,gnn_mean,43,b004_0130,2188740cfe38cf9d440c67431f559d83d2a1ce7ae59ca2bedcf02bb69f466e50,plateau,8,batch_004,sample_0120,False,0.005882110019199183,0.0083915355060283,0.02606642246246338
loco_plateau,gnn_mean,43,b004_0136,04889ebdfb5784327f3b9088bf6df01afa628294490b202c173ef0b14838e962,plateau,2,batch_004,sample_0125,False,0.005321417370292007,0.007117440897646785,0.016914188861846924
loco_plateau,gnn_mean,43,b004_0147,1fa51a6e404fd88eb385d6766311d069515a32e28126ff01697c509152d5f502,plateau,7,batch_004,sample_0131,False,0.013250119434516937,0.015387039181677152,0.02757394313812256
loco_plateau,gnn_mean,43,b004_0154,aac35af72b9a33754898cad920897b67d2af68b9260ad250b7fcaebd06f32dcc,plateau,8,batch_004,sample_0136,False,0.01063399743594107,0.013161164401141616,0.029721200466156006
loco_plateau,gnn_mean,43,b004_0155,1d0a46c8f6e17a86034c6bb9d66c4b03d098b69ff514fc02f28ea63be0b42c7e,plateau,6,batch_004,sample_0137,False,0.00917876597310676,0.011636790743989942,0.022828280925750732
loco_plateau,gnn_mean,43,b004_0163,4873613114b6d71d3a19feac4e2a6cca6a1aea7cedee70e6461fcb308fcd40a1,plateau,8,batch_004,sample_0144,False,0.008978464075776398,0.010323790516385906,0.024106144905090332
loco_plateau,gnn_mean,43,b004_0166,8acc23b2c14cbb42c17a2dcc988fac65c64813d2829e3784719d447b5ed718b7,plateau,6,batch_004,sample_0146,False,0.007401033319899293,0.009813302211106776,0.02903127670288086
loco_plateau,gnn_mean,43,b004_0189,83c666a66b41c149f65ddc8bd970a7e25625b9d2da4a74aa495eb63512733e3d,plateau,1,batch_004,sample_0163,False,0.007986079718245834,0.011599590318978881,0.031001925468444824
loco_plateau,gnn_mean,43,b004_0192,e59076b7dd3091c6a35a126a9200a5d87d04f635db59270bb6abf483a0ca6b6b,plateau,3,batch_004,sample_0166,False,0.007609738739298992,0.009122285225281274,0.02132272720336914
loco_plateau,gnn_mean,43,b004_0198,36b24bbee6d7a71d6d85eb0f4637e3435adb468ab33422dad8a99a2687c94a43,plateau,3,batch_004,sample_0172,False,0.008165913466058794,0.009241866216175398,0.016263723373413086
loco_plateau,gnn_mean,43,b004_0206,0f83d6a5c144dfa616333adc1bd57529c0d4b0a6391f6abd2b3df69ae12643d9,plateau,8,batch_004,sample_0176,False,0.018565032325807165,0.02202734645793949,0.05055895447731018
loco_plateau,gnn_mean,43,b004_0208,1e7355104cb1bc6623bb84e83c8b136fc6530491967649406726860c46d55882,plateau,3,batch_004,sample_0177,False,0.0069474709815666325,0.008974481577724546,0.018619537353515625
loco_plateau,gnn_mean,43,b004_0209,440c0cdd2e0fa5883c06758ead647f3129254dd10b206bf0c4a01275bc82806b,plateau,7,batch_004,sample_0178,False,0.009447723871371785,0.011512480398449095,0.026846468448638916
loco_plateau,gnn_mean,43,b004_0226,61bdc1b24112322d60eb9bd84ba71d642a105873858653a3edd7bfe0a5c1b34e,plateau,7,batch_004,sample_0190,False,0.008085457272216922,0.010325383209229854,0.03909677267074585
loco_plateau,gnn_mean,43,b004_0229,af1d00f7a0b787f92bf6455e06a745c2e040b11b6d56cb70a91a0e9bbecca3e3,plateau,4,batch_004,sample_0193,False,0.006906073357238144,0.008881032465277251,0.029948651790618896
loco_plateau,gnn_mean,43,b004_0232,c19c313f6ced6796888a79b2f089c97c626a7f821d056d6da34ee52cdd9ede4e,plateau,2,batch_004,sample_0195,False,0.00845564217841039,0.010755145657684116,0.01973724365234375
loco_plateau,gnn_mean,43,b004_0238,ab344aa6b1603d38f985e697b8d5e23f92cabe2cfdec495cd63bf30832b339b7,plateau,3,batch_004,sample_0201,False,0.0073559617654221955,0.0101128129622357,0.03370791673660278
loco_plateau,gnn_mean,43,b004_0269,4bc4fd552a3fec6bec5222fbe2344ba232c661859418bb0be167915721ee5291,plateau,5,batch_004,sample_0225,False,0.010265018119186651,0.01210496779998512,0.02319154143333435
loco_plateau,gnn_mean,43,b004_0270,6e734c0ce0d34a99ed4ad267e7228f80d1e1937ed9cfb2a2531b08dd05b3f9f4,plateau,2,batch_004,sample_0226,False,0.006604298949241638,0.008386937336353026,0.018074452877044678
loco_plateau,gnn_mean,43,b004_0276,7b18e593b02cd8067d1393f0e63f941e25eff1aa515facc3feca5d594c0b32f6,plateau,3,batch_004,sample_0231,False,0.00912261106928841,0.01330326989598298,0.04119008779525757
loco_plateau,gnn_mean,43,b004_0280,99c63bb4954aeef83d20697237d20468a2082dc550b92994ed9c8b0d2e53aeb4,plateau,3,batch_004,sample_0235,False,0.00907181380469291,0.01085867966314235,0.022306621074676514
loco_plateau,gnn_mean,43,b004_0284,315251daf704e2ddebf079b4618bac7ddc803651927693240201fda0ae19713e,plateau,7,batch_004,sample_0238,False,0.014571008867904788,0.017251162580149266,0.028578996658325195
loco_plateau,gnn_mean,43,b004_0285,538882c9fc437f403f576e9537afa2d0e9d19640d587ec09abf294580a7a5439,plateau,5,batch_004,sample_0239,False,0.009486487654388929,0.01233632529788707,0.023045718669891357
loco_plateau,gnn_mean,43,b004_0286,1f1d5a524d03753ee50cb34e15a725be31a3f16360c0873f815fa3617c634af9,plateau,2,batch_004,sample_0240,False,0.00908634396361523,0.011257009020908898,0.028380438685417175
loco_plateau,gnn_mean,43,b004_0291,5cb317353c4e3be13450815c4705cf51b35ccbcd7f9d37f0e177ea0c467b5f57,plateau,1,batch_004,sample_0243,False,0.006941291824227474,0.009000464731074487,0.02732352912425995
loco_plateau,gnn_mean,43,b004_0298,caa33739bb94bf3e4107ea13ebaefa854b1845ee09a860ac973faad33ffc7834,plateau,5,batch_004,sample_0250,False,0.007612211293861514,0.008986953792767979,0.018516123294830322
loco_plateau,gnn_mean,43,b004_0303,de67b515620baea3c5921d16c351e24f283039e6be0dbb711689e9c13ccfdcd8,plateau,7,batch_004,sample_0254,False,0.005672912372917426,0.006836471682524821,0.017311811447143555
loco_plateau,gnn_mean,43,b004_0312,aae428a0b7988c9a08ec2cd887e629b34ead9427365e120773f787d5e67957c1,plateau,8,batch_004,sample_0261,False,0.00868661090975902,0.010679312011652805,0.022005274891853333
loco_plateau,gnn_mean,43,b004_0328,230d653e29b05c6cac38da6d0de4c13e4f666cbcf2f18fd0f9301c8565cc11a3,plateau,4,batch_004,sample_0274,False,0.005611571742862952,0.008978305581879146,0.012092679738998413
loco_plateau,gnn_mean,43,b004_0335,3af73a16bdf592f38afc48342dd2996cc2332054b38bc004699cef76f2f2027c,plateau,4,batch_004,sample_0278,False,0.010956693623886734,0.013006173760921698,0.030103296041488647
loco_plateau,gnn_mean,43,b004_0336,b1a27cded5990829ff83324d88a32190c7c9723de6ef9887de3b888774969a57,plateau,1,batch_004,sample_0279,False,0.011787382549926883,0.015468180879512426,0.025265663862228394
loco_plateau,gnn_mean,43,b004_0367,c318564675cfb510af8b85e2c440c5474c6897ca4e9cdaf29a6217c1c607614e,plateau,5,batch_004,sample_0304,False,0.00913833423716123,0.011875253020040999,0.028124183416366577
loco_plateau,gnn_mean,43,b004_0378,b10baedc312e4d2d36427845a0f1a1cbffe556d2f64623a9674249752d97956c,plateau,8,batch_004,sample_0313,False,0.011078040130802842,0.01278587238326276,0.03608757257461548
loco_plateau,gnn_mean,43,b004_0379,c6e6ea944f341106836d770add03411f9b6a1a984c07c96bec5e68fdcf226108,plateau,6,batch_004,sample_0314,False,0.006590770526987607,0.008051971271349405,0.019632846117019653
loco_plateau,gnn_mean,43,b004_0385,1669f1f0995158292efaccb221bf4e371f369d987f6008fc5bbb7afeb0d048df,plateau,7,batch_004,sample_0319,False,0.005611055698551116,0.0077173519660298315,0.017021000385284424
loco_plateau,gnn_mean,43,b004_0387,09be75b148104dc8d00eb69fe791588c388b9ebb3038b53094e45349b135be7d,plateau,8,batch_004,sample_0321,False,0.008535888351377894,0.009942762921254676,0.01904582977294922
loco_plateau,gnn_mean,43,b005_0318,924387d745bc9120e456294ff4a08ad9a1d65425b1cd2775143ca2ab2f71ce55,plateau,7,batch_005,sample_0582,False,0.009671179974665408,0.01300811424665363,0.03853487968444824
loco_plateau,gnn_mean,43,b005_0319,800520051cbd61e759abc8ff464d9452f0af7501ab267ce886d3229fe3d764b4,plateau,2,batch_005,sample_0583,False,0.007029842890676905,0.00931461265153496,0.027793169021606445
loco_plateau,gnn_mean,43,b005_0320,ef3c4b806db3686e52b040856eeaa178271e38922d72178a07cfb1b60c5a9815,plateau,9,batch_005,sample_0584,False,0.0067647837224553845,0.010951035077526379,0.027020245790481567
loco_plateau,gnn_mean,43,b005_0322,dfa2ca4229967a5ccb2b1248146a521a8c13b2c9123ed436514968a5b39c468b,plateau,12,batch_005,sample_0585,False,0.00868332746331809,0.01228177473132808,0.028330862522125244
loco_plateau,gnn_mean,43,b005_0323,cce3714177813b75d94654611ce899a21ca23c71fe16d59197e83af8d254e95f,plateau,11,batch_005,sample_0586,False,0.008732912481808271,0.010803415558806862,0.0264548659324646
loco_plateau,gnn_mean,43,b005_0324,27fb8c31fc60138ca610456685ff39808517e467177b4b76e23ad2cc9ef40e79,plateau,3,batch_005,sample_0587,False,0.008928477886270304,0.011029721208539059,0.02632993459701538
loco_plateau,gnn_mean,43,b005_0325,57c15407e4e74b16ef1107b3fd3d0f28bd18e2d5f422f8887bb3ae4f2ee71cfd,plateau,6,batch_005,sample_0588,False,0.007037038685845547,0.00883822446387356,0.01945313811302185
loco_plateau,gnn_mean,43,b005_0326,e2760e685a5883648d6d91d72b6f825497ff6177a7ae51fd1d4a4f618192fbd3,plateau,4,batch_005,sample_0589,False,0.013665164546033398,0.017063163045352107,0.042507022619247437
loco_plateau,gnn_mean,43,b005_0327,c0f2d02506a33f5dad5fa8e5c65ba0f14cdafffb85f55797608be3df54e8cf61,plateau,1,batch_005,sample_0590,False,0.0055580759634737105,0.006684540704734784,0.011911988258361816
loco_plateau,gnn_mean,43,b005_0328,55b4a6a2ff50fc37c4d86d31a2943c392e669602f37411c18ea7e0f718c7a49b,plateau,10,batch_005,sample_0591,False,0.00817014594547084,0.010404112886895286,0.03671914339065552
loco_plateau,gnn_mean,43,b005_0329,25396912ea3a078cfdcae941ea89787bb0803f1346b6c5c886e75f5af0e4014c,plateau,5,batch_005,sample_0592,False,0.011564705215516637,0.01265226694057697,0.02063998579978943
loco_plateau,gnn_mean,43,b005_0330,2d2987c8fa8b70de85851fccd3598561568f323c9bc1e48b9082c225851dca74,plateau,7,batch_005,sample_0593,False,0.00684128677258726,0.009683461506685353,0.03751671314239502
loco_plateau,gnn_mean,43,b005_0331,fe117b09b49c597131e2f6e1b8feb5a597f6b009e1fc51e947e1c4258965cb3a,plateau,8,batch_005,sample_0594,False,0.009710343463010475,0.01397457556404962,0.04063922166824341
loco_plateau,gnn_mean,43,b005_0332,8ef7167927072aa036a58c5f6faa4277ddbc7c3f91bcb16661ae1d24abac8490,plateau,8,batch_005,sample_0595,False,0.005814644645472042,0.007561558911150885,0.02129441499710083
loco_plateau,gnn_mean,43,b005_0333,c3c2056eaa15eef1a5f1836e18a193479b6f32b671a8a83de228a107692ada54,plateau,1,batch_005,sample_0596,False,0.006350595320834488,0.00899146968890436,0.031926751136779785
loco_plateau,gnn_mean,43,b005_0334,3bbd10db0ca1e022a95db792674aa00f019fd5856e68ce360feb007d0fe711f4,plateau,14,batch_005,sample_0597,False,0.011582449933544535,0.01305383723442813,0.025219082832336426
loco_plateau,gnn_mean,43,b005_0336,0747b020d2d22e1f5e7519b418cc9b8327b7656cbdb5b6a0c84c741abbc0e102,plateau,5,batch_005,sample_0598,False,0.005699476257699435,0.00766291441515786,0.02662646770477295
loco_plateau,gnn_mean,43,b005_0338,115982b394b483309f71c61baca7ee9f7623a932a8116d9e7603f0819aecb7ce,plateau,11,batch_005,sample_0599,False,0.015895760205925487,0.01795573885319418,0.03214389085769653
loco_plateau,gnn_mean,43,b005_0339,5a157ab2ed0b98a6d23ad8857e1765864193424d5249af315f29d82bd5969aec,plateau,1,batch_005,sample_0600,False,0.0074685251981508535,0.010455222062825712,0.037225931882858276
loco_plateau,gnn_mean,43,b005_0341,aa391e2b07bdd6168406810253aa95ddc48980e3dc4f63b3df9c1ea6807dbc8e,plateau,9,batch_005,sample_0601,False,0.00580509397827211,0.00960438602858845,0.021795988082885742
loco_plateau,gnn_mean,43,b005_0344,6eb77d3cd6491920848da180bb4de9dc6bc0b37ef91bd1ab7ff630ab55038dfb,plateau,8,batch_005,sample_0602,False,0.008612683561981702,0.011828711736688226,0.03202688694000244
loco_plateau,gnn_mean,43,b005_0345,a300e398fad1a0e6431c0978a839d6f5ba716e8b388e8dda603311639de6f280,plateau,4,batch_005,sample_0603,False,0.00548421603734376,0.007008644090880604,0.021068572998046875
loco_plateau,gnn_mean,43,b005_0346,64090025074679c6ba642a06fb71e932babe2025b967ef6f2f6b1d8f5ad03bba,plateau,7,batch_005,sample_0604,False,0.012526835757689397,0.017048798150512995,0.03987401723861694
loco_plateau,gnn_mean,43,b005_0347,f351afe68d58358a3632f7f01ae10c313d89f47accf5981900e558140d1bfbff,plateau,8,batch_005,sample_0605,False,0.012874648585671285,0.015400668081260192,0.0273129940032959
loco_plateau,gnn_mean,43,b005_0348,9047f61e8be36c807011000fd79892f9747fc9f2b5d36e0905a12cc71cf27077,plateau,5,batch_005,sample_0606,False,0.009976354290227422,0.012707412732049025,0.04487338662147522
loco_plateau,gnn_mean,43,b005_0349,c30ce3c339ea2d458d6b92c6a2de60810ca4393b4b9c7acd9f3e78a68c60481d,plateau,8,batch_005,sample_0607,False,0.012932294674339841,0.01654689819663055,0.052144765853881836
loco_plateau,gnn_mean,43,b005_0350,1023f3a6c18df8c4890c9d45fa6b65adbbc9733ddc3561c3e25572947e28011e,plateau,4,batch_005,sample_0608,False,0.010511934512951335,0.012866890220855421,0.0358009934425354
loco_plateau,gnn_mean,43,b005_0351,f915d37994404288414823d1bbb6b5e3931c9ad94ae24b67272d3c8362d85400,plateau,9,batch_005,sample_0609,False,0.006549278793276333,0.008656420786353291,0.02970099449157715
loco_plateau,gnn_mean,43,b005_0352,5f0ae19a03996e46eda8c90413fc45b8985b85b82d4f47d4a22a10847efdc7d4,plateau,8,batch_005,sample_0610,False,0.01028887109189737,0.013714952351959643,0.03318113088607788
loco_plateau,gnn_mean,43,b005_0353,05e5a33d12166760b02827e96c5a0446d2d46d0bac028f2a76145a206386e918,plateau,6,batch_005,sample_0611,False,0.0064299359429078025,0.00819798003950041,0.028307318687438965
loco_plateau,gnn_mean,43,b005_0354,fadf7a0b5c1bc2a8d8355725a59dcbd92af98cb7514eabc127842f5c4b4bef47,plateau,8,batch_005,sample_0612,False,0.009919371516978154,0.013386764639811559,0.03579515218734741
loco_plateau,gnn_mean,43,b005_0355,4d85219246b5dad59cb85d9fa3c1936680c4c9ef047c5cef4218f3b15c1e939c,plateau,4,batch_005,sample_0613,False,0.010578141349260925,0.013056737533781396,0.006066083908081055
loco_plateau,gnn_mean,43,b005_0356,4d68bdd50ef81490f46d2a8e1897ab3bb663920d094e1cbb0b28ba7113382e88,plateau,2,batch_005,sample_0614,False,0.00930897915949587,0.011337338749891067,0.029572129249572754
loco_plateau,gnn_mean,43,b005_0359,4c1573f83055d1187f7f6cd3d9baae0038086645d81eee72897606cc9d5c570c,plateau,5,batch_005,sample_0615,False,0.007294153183942936,0.0101440460370128,0.030947506427764893
loco_plateau,gnn_mean,43,b005_0360,686bd58ef008dcf1a1a7c6f4d10f2f843038b4350a135434e4ccc66a580f0f5d,plateau,8,batch_005,sample_0616,False,0.0056063190835421205,0.008174162805053162,0.030403852462768555
loco_plateau,gnn_mean,43,b005_0361,96f4761fc6c8f7f70f150f08d1184ebb6ce1b5aaa442426bf462bb08296c1a3b,plateau,8,batch_005,sample_0617,False,0.015934426826043208,0.01916921707696893,0.04934358596801758
loco_plateau,gnn_mean,43,b005_0362,1afc1c036950d3674b72ba96e3a3beaf89086ebc191f828798460411f6637095,plateau,14,batch_005,sample_0618,False,0.010830593157987126,0.013000950838216126,0.027610808610916138
loco_plateau,gnn_mean,43,b005_0363,c4e17a05dde40f17497a58db0f20c7fa3893089c99b4e61d2abb1683d73c2708,plateau,3,batch_005,sample_0619,False,0.008163296052666962,0.010006050046123162,0.026374459266662598
loco_plateau,gnn_mean,43,b005_0364,f789b385523cb681d859a20015bfbe6406d3d1a4e0993fd9931fc56524052232,plateau,7,batch_005,sample_0620,False,0.012227103724831441,0.014675741768616263,0.029494643211364746
loco_plateau,gnn_mean,43,b005_0365,bf0f2b2de55694fffbc786504dd644ea825c40182b9b220d53b89c8a37ed6c50,plateau,2,batch_005,sample_0621,False,0.009994352938698941,0.012540938356137411,0.03316539525985718
loco_plateau,gnn_mean,43,b005_0366,ff9baf0d1ecf79479db89955f4239351d1d12145c830cf12c7c6743740bef107,plateau,1,batch_005,sample_0622,False,0.011687646146680488,0.015423763280033915,0.046185970306396484
loco_plateau,gnn_mean,43,b005_0367,55ae06c4d49e4f4bca3994c646b4a4477cbe684a94491baec3ccacaf8913cdc4,plateau,6,batch_005,sample_0623,False,0.0074561913726759734,0.009953116709888314,0.02943897247314453
loco_plateau,gnn_mean,43,b005_0369,3d7c1523d7f7a701ba8c8c8653f377b8bce5dcb75dd5e777fc37ea2547a10cd1,plateau,11,batch_005,sample_0624,False,0.018444871560471955,0.020718250536564394,0.03572052717208862
loco_plateau,gnn_mean,43,b005_0370,02430a0e963a0b380b2bc0d082219d1cf06081fa567fed08f912ffa7dfe10051,plateau,5,batch_005,sample_0625,False,0.008147610748400454,0.009537125339833087,0.019114196300506592
loco_plateau,gnn_mean,43,b005_0374,e78a3e8bf3a5373c93d1d439c82fbdadf0d6d220b3240b14bb5f3bc3f6e4f09a,plateau,1,batch_005,sample_0626,False,0.00898865207296903,0.010688714142871602,0.025298655033111572
loco_plateau,gnn_mean,43,b005_0376,e2cf5195bd63a11d9d1ca2e66c51888dcca34e1ae84251c784a18a3f37096e59,plateau,3,batch_005,sample_0627,False,0.01023756676032895,0.012186778005647235,0.028419137001037598
loco_plateau,gnn_mean,43,b005_0377,3f7f8648f1cca1b0bde98bd8dd3709da82b522777e245fb04f2e547d74fb458c,plateau,3,batch_005,sample_0628,False,0.0055841906148879255,0.006916960563042653,0.017926394939422607
loco_plateau,gnn_mean,43,b005_0378,046e2b649304ef7368e59229d0d93e66e7a45cef80450c188bed4c2d3d1fdc8d,plateau,11,batch_005,sample_0629,False,0.007211319735792816,0.009816378861707732,0.02932053804397583
loco_plateau,gnn_mean,43,b005_0379,1f409b6e03f9441ff3c5c3fc66e0db956031025ffca1702ed23e99238b6229c9,plateau,15,batch_005,sample_0630,False,0.01531730372397626,0.01687957754084448,0.02445584535598755
loco_plateau,gnn_mean,43,b005_0380,9373bd39ad3438c8b68e44ed9913af85cc6aa4598a1d16ee56e8aa54d6b7e8ad,plateau,7,batch_005,sample_0631,False,0.009834217121366595,0.01181833044391949,0.02615077793598175
loco_plateau,gnn_mean,43,b005_0381,69369739915ea5865caaa0a97202deb36c3f5d9d99624a932280b9ccaec1ad7a,plateau,8,batch_005,sample_0632,False,0.008159569052399182,0.009902495230774752,0.014183223247528076
loco_plateau,gnn_mean,43,b005_0382,2d2b38ecba4efd0196a13bbe391dd3bf0713ebf5519032458d2874f9b5b799ea,plateau,6,batch_005,sample_0633,False,0.005787354023730169,0.007305031262814609,0.018237411975860596
loco_plateau,gnn_mean,43,b005_0383,c3f96572b536df535317375fdc5e4706ac369468646788bb728a81d80ebbf8cd,plateau,9,batch_005,sample_0634,False,0.02135981356755632,0.02506190873053394,0.049183815717697144
loco_plateau,gnn_mean,43,b005_0384,4f787d72c2991ce6d0932240e622e61affe479a7fa2dd35ab8bcdc5923ff28ed,plateau,13,batch_005,sample_0635,False,0.0157426617673186,0.01878288281594235,0.057405054569244385
loco_plateau,gnn_mean,43,b005_0386,301947d5dbc16fbb140de6b8a02a472b8129263d9f0a15b48f047dc956897100,plateau,8,batch_005,sample_0636,False,0.008451113446814115,0.010600485002465063,0.02819138765335083
loco_plateau,gnn_mean,43,b005_0387,8de22ed78a2ba566ad5d579cb268e029471143e2f0356e36c926f297c636ec17,plateau,1,batch_005,sample_0637,False,0.013973101393365469,0.017362666548819537,0.041713595390319824
loco_plateau,gnn_mean,43,b005_0388,7018dd5a29322b02c1632cd20271bff3ce888a19228aa52114aa77b9400eb91b,plateau,10,batch_005,sample_0638,False,0.008002377435809276,0.010655021802985878,0.030307531356811523
loco_plateau,gnn_mean,43,b005_0391,befff6f241f67d94d7753d00fbb0c58bb90217d18320366e8efddcc6b98d1cf6,plateau,7,batch_005,sample_0639,False,0.006412331442363927,0.008375678939193318,0.022166430950164795
loco_plateau,gnn_mean,43,b005_0392,c8557ed9f63b99ebd2c6c477e7131c72de41dc16fb5e94bfd97d94fa611c210b,plateau,10,batch_005,sample_0640,False,0.011205707417159785,0.013401934553021518,0.023077428340911865
loco_plateau,gnn_mean,43,b005_0393,93eb3bacea701426087e75941806b407760420360c2377bbc814db1682f2a1d4,plateau,5,batch_005,sample_0641,False,0.00789711905307457,0.010676207306828866,0.032033443450927734
loco_plateau,gnn_mean,43,b005_0394,df92d1d4b0476ec691828cb2651348409e75a7cc4379821060d4a774189be132,plateau,9,batch_005,sample_0642,False,0.008136654608562345,0.010671572244990135,0.04589563608169556
loco_plateau,gnn_mean,43,b005_0395,83ecfc111bb85fd355498ca7b8a4bb47c26e405c679f3515a1aafc4d7cefab6c,plateau,5,batch_005,sample_0643,False,0.013980818820781395,0.01612496000917992,0.0303327739238739
loco_plateau,gnn_mean,43,b005_0397,c8766140f84f514dc30d7035d42f2067f8e50cef0a1eee335dbb302ad43b3441,plateau,1,batch_005,sample_0644,False,0.008433082064644236,0.010469804714712984,0.03340435028076172
loco_plateau,gnn_mean,43,b005_0398,c5312b8757553a4ab6a18f87cd43e9086663093a1069e7c08549a0cd2de261d6,plateau,13,batch_005,sample_0645,False,0.013499127548249041,0.017672631273955235,0.024693429470062256
loco_plateau,gnn_mean,44,b004_0101,cb286dce3fb5e4de9ce7cd24a593b3729810700f461d4dea7e7e806081a6c243,plateau,7,batch_004,sample_0098,False,0.008340831418506434,0.010407224657628571,0.031096994876861572
loco_plateau,gnn_mean,44,b004_0106,68a631e45d1432b8c277623aa36bd14caa372804b8363ec96ef67ddc8eb20d1c,plateau,3,batch_004,sample_0102,False,0.006550959937396596,0.008892092573104795,0.02790623903274536
loco_plateau,gnn_mean,44,b004_0115,f799b5290dd4072521a7449c1abf33ff526f22f67b776e873628d3cbca0ba783,plateau,3,batch_004,sample_0107,False,0.005533817117331458,0.008051822428355296,0.009526997804641724
loco_plateau,gnn_mean,44,b004_0130,2188740cfe38cf9d440c67431f559d83d2a1ce7ae59ca2bedcf02bb69f466e50,plateau,8,batch_004,sample_0120,False,0.0058327366094120215,0.007712467989122903,0.021662533283233643
loco_plateau,gnn_mean,44,b004_0136,04889ebdfb5784327f3b9088bf6df01afa628294490b202c173ef0b14838e962,plateau,2,batch_004,sample_0125,False,0.006991769263490302,0.009343447249684347,0.022079303860664368
loco_plateau,gnn_mean,44,b004_0147,1fa51a6e404fd88eb385d6766311d069515a32e28126ff01697c509152d5f502,plateau,7,batch_004,sample_0131,False,0.009315872045814013,0.011105948914146655,0.01888290047645569
loco_plateau,gnn_mean,44,b004_0154,aac35af72b9a33754898cad920897b67d2af68b9260ad250b7fcaebd06f32dcc,plateau,8,batch_004,sample_0136,False,0.008588764877592931,0.010823732753374265,0.026233166456222534
loco_plateau,gnn_mean,44,b004_0155,1d0a46c8f6e17a86034c6bb9d66c4b03d098b69ff514fc02f28ea63be0b42c7e,plateau,6,batch_004,sample_0137,False,0.008252646102279913,0.010339764837408944,0.02447161078453064
loco_plateau,gnn_mean,44,b004_0163,4873613114b6d71d3a19feac4e2a6cca6a1aea7cedee70e6461fcb308fcd40a1,plateau,8,batch_004,sample_0144,False,0.012339499885918663,0.01446303127245355,0.031432926654815674
loco_plateau,gnn_mean,44,b004_0166,8acc23b2c14cbb42c17a2dcc988fac65c64813d2829e3784719d447b5ed718b7,plateau,6,batch_004,sample_0146,False,0.008586151006280398,0.011360095617420176,0.03520435094833374
loco_plateau,gnn_mean,44,b004_0189,83c666a66b41c149f65ddc8bd970a7e25625b9d2da4a74aa495eb63512733e3d,plateau,1,batch_004,sample_0163,False,0.007798303346164891,0.010284790637134203,0.025879740715026855
loco_plateau,gnn_mean,44,b004_0192,e59076b7dd3091c6a35a126a9200a5d87d04f635db59270bb6abf483a0ca6b6b,plateau,3,batch_004,sample_0166,False,0.009714950608914016,0.011125697781851965,0.02230304479598999
loco_plateau,gnn_mean,44,b004_0198,36b24bbee6d7a71d6d85eb0f4637e3435adb468ab33422dad8a99a2687c94a43,plateau,3,batch_004,sample_0172,False,0.006694511373023518,0.008114051732110395,0.01274271309375763
loco_plateau,gnn_mean,44,b004_0206,0f83d6a5c144dfa616333adc1bd57529c0d4b0a6391f6abd2b3df69ae12643d9,plateau,8,batch_004,sample_0176,False,0.021605291571773468,0.02526634714855245,0.05587729811668396
loco_plateau,gnn_mean,44,b004_0208,1e7355104cb1bc6623bb84e83c8b136fc6530491967649406726860c46d55882,plateau,3,batch_004,sample_0177,False,0.007501234101956008,0.008969603113406187,0.020376265048980713
loco_plateau,gnn_mean,44,b004_0209,440c0cdd2e0fa5883c06758ead647f3129254dd10b206bf0c4a01275bc82806b,plateau,7,batch_004,sample_0178,False,0.012792317837965294,0.014218278349584307,0.02663719654083252
loco_plateau,gnn_mean,44,b004_0226,61bdc1b24112322d60eb9bd84ba71d642a105873858653a3edd7bfe0a5c1b34e,plateau,7,batch_004,sample_0190,False,0.0070875277284716,0.010066573797649959,0.03352510929107666
loco_plateau,gnn_mean,44,b004_0229,af1d00f7a0b787f92bf6455e06a745c2e040b11b6d56cb70a91a0e9bbecca3e3,plateau,4,batch_004,sample_0193,False,0.005597959654253038,0.0075161420653906815,0.02016034722328186
loco_plateau,gnn_mean,44,b004_0232,c19c313f6ced6796888a79b2f089c97c626a7f821d056d6da34ee52cdd9ede4e,plateau,2,batch_004,sample_0195,False,0.007263396118508011,0.009198407639861643,0.023810505867004395
loco_plateau,gnn_mean,44,b004_0238,ab344aa6b1603d38f985e697b8d5e23f92cabe2cfdec495cd63bf30832b339b7,plateau,3,batch_004,sample_0201,False,0.009329027206194206,0.012069817141795397,0.03959345817565918
loco_plateau,gnn_mean,44,b004_0269,4bc4fd552a3fec6bec5222fbe2344ba232c661859418bb0be167915721ee5291,plateau,5,batch_004,sample_0225,False,0.007369604755620487,0.009648309136116633,0.02603250741958618
loco_plateau,gnn_mean,44,b004_0270,6e734c0ce0d34a99ed4ad267e7228f80d1e1937ed9cfb2a2531b08dd05b3f9f4,plateau,2,batch_004,sample_0226,False,0.006948331462555244,0.009239950331993605,0.024511560797691345
loco_plateau,gnn_mean,44,b004_0276,7b18e593b02cd8067d1393f0e63f941e25eff1aa515facc3feca5d594c0b32f6,plateau,3,batch_004,sample_0231,False,0.010029684874366541,0.014685410674243662,0.04116642475128174
loco_plateau,gnn_mean,44,b004_0280,99c63bb4954aeef83d20697237d20468a2082dc550b92994ed9c8b0d2e53aeb4,plateau,3,batch_004,sample_0235,False,0.008615897571454282,0.010485099261110645,0.017307624220848083
loco_plateau,gnn_mean,44,b004_0284,315251daf704e2ddebf079b4618bac7ddc803651927693240201fda0ae19713e,plateau,7,batch_004,sample_0238,False,0.01290199697994795,0.014749477363944281,0.023082196712493896
loco_plateau,gnn_mean,44,b004_0285,538882c9fc437f403f576e9537afa2d0e9d19640d587ec09abf294580a7a5439,plateau,5,batch_004,sample_0239,False,0.010452836263375204,0.012862631239919174,0.02460169792175293
loco_plateau,gnn_mean,44,b004_0286,1f1d5a524d03753ee50cb34e15a725be31a3f16360c0873f815fa3617c634af9,plateau,2,batch_004,sample_0240,False,0.010651444252885755,0.013480388748887105,0.029659539461135864
loco_plateau,gnn_mean,44,b004_0291,5cb317353c4e3be13450815c4705cf51b35ccbcd7f9d37f0e177ea0c467b5f57,plateau,1,batch_004,sample_0243,False,0.0075346868424142,0.009708126439410115,0.03066129982471466
loco_plateau,gnn_mean,44,b004_0298,caa33739bb94bf3e4107ea13ebaefa854b1845ee09a860ac973faad33ffc7834,plateau,5,batch_004,sample_0250,False,0.0075967719808953706,0.0096644588370714,0.018600106239318848
loco_plateau,gnn_mean,44,b004_0303,de67b515620baea3c5921d16c351e24f283039e6be0dbb711689e9c13ccfdcd8,plateau,7,batch_004,sample_0254,False,0.007727489852514423,0.009725054655724902,0.020152971148490906
loco_plateau,gnn_mean,44,b004_0312,aae428a0b7988c9a08ec2cd887e629b34ead9427365e120773f787d5e67957c1,plateau,8,batch_004,sample_0261,False,0.009865878791105552,0.012748696343205343,0.024864524602890015
loco_plateau,gnn_mean,44,b004_0328,230d653e29b05c6cac38da6d0de4c13e4f666cbcf2f18fd0f9301c8565cc11a3,plateau,4,batch_004,sample_0274,False,0.006523874756254134,0.008118909211460875,0.015233367681503296
loco_plateau,gnn_mean,44,b004_0335,3af73a16bdf592f38afc48342dd2996cc2332054b38bc004699cef76f2f2027c,plateau,4,batch_004,sample_0278,False,0.01045002531809885,0.0128903030147859,0.034241825342178345
loco_plateau,gnn_mean,44,b004_0336,b1a27cded5990829ff83324d88a32190c7c9723de6ef9887de3b888774969a57,plateau,1,batch_004,sample_0279,False,0.014150433853024343,0.01791234929084114,0.018910974264144897
loco_plateau,gnn_mean,44,b004_0367,c318564675cfb510af8b85e2c440c5474c6897ca4e9cdaf29a6217c1c607614e,plateau,5,batch_004,sample_0304,False,0.00897220998513894,0.01103484374067419,0.02654719352722168
loco_plateau,gnn_mean,44,b004_0378,b10baedc312e4d2d36427845a0f1a1cbffe556d2f64623a9674249752d97956c,plateau,8,batch_004,sample_0313,False,0.012946553589379201,0.01468603177216396,0.0364571213722229
loco_plateau,gnn_mean,44,b004_0379,c6e6ea944f341106836d770add03411f9b6a1a984c07c96bec5e68fdcf226108,plateau,6,batch_004,sample_0314,False,0.007706209406500957,0.009067009657706038,0.020246118307113647
loco_plateau,gnn_mean,44,b004_0385,1669f1f0995158292efaccb221bf4e371f369d987f6008fc5bbb7afeb0d048df,plateau,7,batch_004,sample_0319,False,0.0062797115963013446,0.008777606124950474,0.025013089179992676
loco_plateau,gnn_mean,44,b004_0387,09be75b148104dc8d00eb69fe791588c388b9ebb3038b53094e45349b135be7d,plateau,8,batch_004,sample_0321,False,0.013025814636808927,0.01483549966519986,0.024346143007278442
loco_plateau,gnn_mean,44,b005_0318,924387d745bc9120e456294ff4a08ad9a1d65425b1cd2775143ca2ab2f71ce55,plateau,7,batch_005,sample_0582,False,0.007210563929354558,0.009797294787632724,0.027747809886932373
loco_plateau,gnn_mean,44,b005_0319,800520051cbd61e759abc8ff464d9452f0af7501ab267ce886d3229fe3d764b4,plateau,2,batch_005,sample_0583,False,0.008115259106041954,0.010042174662975311,0.03127056360244751
loco_plateau,gnn_mean,44,b005_0320,ef3c4b806db3686e52b040856eeaa178271e38922d72178a07cfb1b60c5a9815,plateau,9,batch_005,sample_0584,False,0.0076861623369279455,0.012249284077986405,0.0314059853553772
loco_plateau,gnn_mean,44,b005_0322,dfa2ca4229967a5ccb2b1248146a521a8c13b2c9123ed436514968a5b39c468b,plateau,12,batch_005,sample_0585,False,0.00949357486650592,0.012498855383390201,0.028381705284118652
loco_plateau,gnn_mean,44,b005_0323,cce3714177813b75d94654611ce899a21ca23c71fe16d59197e83af8d254e95f,plateau,11,batch_005,sample_0586,False,0.009661571657071348,0.011980665070161253,0.022513985633850098
loco_plateau,gnn_mean,44,b005_0324,27fb8c31fc60138ca610456685ff39808517e467177b4b76e23ad2cc9ef40e79,plateau,3,batch_005,sample_0587,False,0.008176231604130542,0.01070321239360165,0.03643551468849182
loco_plateau,gnn_mean,44,b005_0325,57c15407e4e74b16ef1107b3fd3d0f28bd18e2d5f422f8887bb3ae4f2ee71cfd,plateau,6,batch_005,sample_0588,False,0.006110245819951668,0.008308901974752156,0.01927506923675537
loco_plateau,gnn_mean,44,b005_0326,e2760e685a5883648d6d91d72b6f825497ff6177a7ae51fd1d4a4f618192fbd3,plateau,4,batch_005,sample_0589,False,0.009911317546225961,0.012256915807795145,0.031187474727630615
loco_plateau,gnn_mean,44,b005_0327,c0f2d02506a33f5dad5fa8e5c65ba0f14cdafffb85f55797608be3df54e8cf61,plateau,1,batch_005,sample_0590,False,0.005635764510905156,0.007062122885962334,0.015607714653015137
loco_plateau,gnn_mean,44,b005_0328,55b4a6a2ff50fc37c4d86d31a2943c392e669602f37411c18ea7e0f718c7a49b,plateau,10,batch_005,sample_0591,False,0.010321943242041791,0.012290657220097412,0.037946105003356934
loco_plateau,gnn_mean,44,b005_0329,25396912ea3a078cfdcae941ea89787bb0803f1346b6c5c886e75f5af0e4014c,plateau,5,batch_005,sample_0592,False,0.012014897631817177,0.01458003915817242,0.03357511758804321
loco_plateau,gnn_mean,44,b005_0330,2d2987c8fa8b70de85851fccd3598561568f323c9bc1e48b9082c225851dca74,plateau,7,batch_005,sample_0593,False,0.005224165247112024,0.006893954913633926,0.021422982215881348
loco_plateau,gnn_mean,44,b005_0331,fe117b09b49c597131e2f6e1b8feb5a597f6b009e1fc51e947e1c4258965cb3a,plateau,8,batch_005,sample_0594,False,0.007648165353008958,0.012470695928388228,0.0428394079208374
loco_plateau,gnn_mean,44,b005_0332,8ef7167927072aa036a58c5f6faa4277ddbc7c3f91bcb16661ae1d24abac8490,plateau,8,batch_005,sample_0595,False,0.006577653474495059,0.008176724813634389,0.02931755781173706
loco_plateau,gnn_mean,44,b005_0333,c3c2056eaa15eef1a5f1836e18a193479b6f32b671a8a83de228a107692ada54,plateau,1,batch_005,sample_0596,False,0.006269228140838811,0.00888524392941969,0.025167614221572876
loco_plateau,gnn_mean,44,b005_0334,3bbd10db0ca1e022a95db792674aa00f019fd5856e68ce360feb007d0fe711f4,plateau,14,batch_005,sample_0597,False,0.01089645470263528,0.012693802137804085,0.02201320230960846
loco_plateau,gnn_mean,44,b005_0336,0747b020d2d22e1f5e7519b418cc9b8327b7656cbdb5b6a0c84c741abbc0e102,plateau,5,batch_005,sample_0598,False,0.0076491910903180235,0.009666277308155918,0.023553192615509033
loco_plateau,gnn_mean,44,b005_0338,115982b394b483309f71c61baca7ee9f7623a932a8116d9e7603f0819aecb7ce,plateau,11,batch_005,sample_0599,False,0.014379828924038371,0.016539435439474736,0.04621678590774536
loco_plateau,gnn_mean,44,b005_0339,5a157ab2ed0b98a6d23ad8857e1765864193424d5249af315f29d82bd5969aec,plateau,1,batch_005,sample_0600,False,0.00840344603677265,0.010544389013968983,0.03392025828361511
loco_plateau,gnn_mean,44,b005_0341,aa391e2b07bdd6168406810253aa95ddc48980e3dc4f63b3df9c1ea6807dbc8e,plateau,9,batch_005,sample_0601,False,0.007046026895280744,0.01133923734866941,0.021300792694091797
loco_plateau,gnn_mean,44,b005_0344,6eb77d3cd6491920848da180bb4de9dc6bc0b37ef91bd1ab7ff630ab55038dfb,plateau,8,batch_005,sample_0602,False,0.006000014357879514,0.009136006686750532,0.030648767948150635
loco_plateau,gnn_mean,44,b005_0345,a300e398fad1a0e6431c0978a839d6f5ba716e8b388e8dda603311639de6f280,plateau,4,batch_005,sample_0603,False,0.007058320719687665,0.00890360721170241,0.033714890480041504
loco_plateau,gnn_mean,44,b005_0346,64090025074679c6ba642a06fb71e932babe2025b967ef6f2f6b1d8f5ad03bba,plateau,7,batch_005,sample_0604,False,0.008677318081504008,0.013576471342384648,0.045081377029418945
loco_plateau,gnn_mean,44,b005_0347,f351afe68d58358a3632f7f01ae10c313d89f47accf5981900e558140d1bfbff,plateau,8,batch_005,sample_0605,False,0.012129726346398964,0.014261783627921366,0.027141332626342773
loco_plateau,gnn_mean,44,b005_0348,9047f61e8be36c807011000fd79892f9747fc9f2b5d36e0905a12cc71cf27077,plateau,5,batch_005,sample_0606,False,0.009681415118154933,0.012531565988165051,0.039791256189346313
loco_plateau,gnn_mean,44,b005_0349,c30ce3c339ea2d458d6b92c6a2de60810ca4393b4b9c7acd9f3e78a68c60481d,plateau,8,batch_005,sample_0607,False,0.009761344152884405,0.01319384666486301,0.03840121626853943
loco_plateau,gnn_mean,44,b005_0350,1023f3a6c18df8c4890c9d45fa6b65adbbc9733ddc3561c3e25572947e28011e,plateau,4,batch_005,sample_0608,False,0.011717312892929453,0.01430755800736019,0.036291733384132385
loco_plateau,gnn_mean,44,b005_0351,f915d37994404288414823d1bbb6b5e3931c9ad94ae24b67272d3c8362d85400,plateau,9,batch_005,sample_0609,False,0.009319283068180084,0.011111040804356266,0.036758601665496826
loco_plateau,gnn_mean,44,b005_0352,5f0ae19a03996e46eda8c90413fc45b8985b85b82d4f47d4a22a10847efdc7d4,plateau,8,batch_005,sample_0610,False,0.009620524576452912,0.012736578494011505,0.032609254121780396
loco_plateau,gnn_mean,44,b005_0353,05e5a33d12166760b02827e96c5a0446d2d46d0bac028f2a76145a206386e918,plateau,6,batch_005,sample_0611,False,0.005824069141364488,0.008160843683991831,0.0341152548789978
loco_plateau,gnn_mean,44,b005_0354,fadf7a0b5c1bc2a8d8355725a59dcbd92af98cb7514eabc127842f5c4b4bef47,plateau,8,batch_005,sample_0612,False,0.01549895767305718,0.019514620535127036,0.050362586975097656
loco_plateau,gnn_mean,44,b005_0355,4d85219246b5dad59cb85d9fa3c1936680c4c9ef047c5cef4218f3b15c1e939c,plateau,4,batch_005,sample_0613,False,0.015757347472378464,0.017480776970525254,0.0021059513092041016
loco_plateau,gnn_mean,44,b005_0356,4d68bdd50ef81490f46d2a8e1897ab3bb663920d094e1cbb0b28ba7113382e88,plateau,2,batch_005,sample_0614,False,0.013979890796004748,0.015970584343323012,0.03293269872665405
loco_plateau,gnn_mean,44,b005_0359,4c1573f83055d1187f7f6cd3d9baae0038086645d81eee72897606cc9d5c570c,plateau,5,batch_005,sample_0615,False,0.007293443729887243,0.009150127797615263,0.021872416138648987
loco_plateau,gnn_mean,44,b005_0360,686bd58ef008dcf1a1a7c6f4d10f2f843038b4350a135434e4ccc66a580f0f5d,plateau,8,batch_005,sample_0616,False,0.005574686116859561,0.007444635922765614,0.019284427165985107
loco_plateau,gnn_mean,44,b005_0361,96f4761fc6c8f7f70f150f08d1184ebb6ce1b5aaa442426bf462bb08296c1a3b,plateau,8,batch_005,sample_0617,False,0.006317112961264908,0.012256098983358945,0.04706764221191406
loco_plateau,gnn_mean,44,b005_0362,1afc1c036950d3674b72ba96e3a3beaf89086ebc191f828798460411f6637095,plateau,14,batch_005,sample_0618,False,0.011839691977031896,0.013468040196899617,0.019603252410888672
loco_plateau,gnn_mean,44,b005_0363,c4e17a05dde40f17497a58db0f20c7fa3893089c99b4e61d2abb1683d73c2708,plateau,3,batch_005,sample_0619,False,0.006032477881087631,0.007536208173202945,0.015279293060302734
loco_plateau,gnn_mean,44,b005_0364,f789b385523cb681d859a20015bfbe6406d3d1a4e0993fd9931fc56524052232,plateau,7,batch_005,sample_0620,False,0.012914447022266075,0.015702653123029205,0.02883017063140869
loco_plateau,gnn_mean,44,b005_0365,bf0f2b2de55694fffbc786504dd644ea825c40182b9b220d53b89c8a37ed6c50,plateau,2,batch_005,sample_0621,False,0.010418279004878685,0.01386744037434358,0.0373687744140625
loco_plateau,gnn_mean,44,b005_0366,ff9baf0d1ecf79479db89955f4239351d1d12145c830cf12c7c6743740bef107,plateau,1,batch_005,sample_0622,False,0.01339662062828658,0.016574458372868375,0.05266290903091431
loco_plateau,gnn_mean,44,b005_0367,55ae06c4d49e4f4bca3994c646b4a4477cbe684a94491baec3ccacaf8913cdc4,plateau,6,batch_005,sample_0623,False,0.005824658714356969,0.008105569509303958,0.02355588972568512
loco_plateau,gnn_mean,44,b005_0369,3d7c1523d7f7a701ba8c8c8653f377b8bce5dcb75dd5e777fc37ea2547a10cd1,plateau,11,batch_005,sample_0624,False,0.012738524401774172,0.015650364921391356,0.04781687259674072
loco_plateau,gnn_mean,44,b005_0370,02430a0e963a0b380b2bc0d082219d1cf06081fa567fed08f912ffa7dfe10051,plateau,5,batch_005,sample_0625,False,0.006891811480287646,0.009343816679012275,0.01361846923828125
loco_plateau,gnn_mean,44,b005_0374,e78a3e8bf3a5373c93d1d439c82fbdadf0d6d220b3240b14bb5f3bc3f6e4f09a,plateau,1,batch_005,sample_0626,False,0.009927948967355197,0.012059633762546292,0.0280492901802063
loco_plateau,gnn_mean,44,b005_0376,e2cf5195bd63a11d9d1ca2e66c51888dcca34e1ae84251c784a18a3f37096e59,plateau,3,batch_005,sample_0627,False,0.010718339473986234,0.012905077499286776,0.029142260551452637
loco_plateau,gnn_mean,44,b005_0377,3f7f8648f1cca1b0bde98bd8dd3709da82b522777e245fb04f2e547d74fb458c,plateau,3,batch_005,sample_0628,False,0.009981219885779208,0.01161198598162315,0.02592557668685913
loco_plateau,gnn_mean,44,b005_0378,046e2b649304ef7368e59229d0d93e66e7a45cef80450c188bed4c2d3d1fdc8d,plateau,11,batch_005,sample_0629,False,0.00744123170610334,0.00892051619373629,0.02847510576248169
loco_plateau,gnn_mean,44,b005_0379,1f409b6e03f9441ff3c5c3fc66e0db956031025ffca1702ed23e99238b6229c9,plateau,15,batch_005,sample_0630,False,0.012607891784339655,0.016219444603147504,0.02408421039581299
loco_plateau,gnn_mean,44,b005_0380,9373bd39ad3438c8b68e44ed9913af85cc6aa4598a1d16ee56e8aa54d6b7e8ad,plateau,7,batch_005,sample_0631,False,0.008726005610383924,0.010173677079921737,0.024820759892463684
loco_plateau,gnn_mean,44,b005_0381,69369739915ea5865caaa0a97202deb36c3f5d9d99624a932280b9ccaec1ad7a,plateau,8,batch_005,sample_0632,False,0.008656323688929199,0.010576178673349616,0.01084357500076294
loco_plateau,gnn_mean,44,b005_0382,2d2b38ecba4efd0196a13bbe391dd3bf0713ebf5519032458d2874f9b5b799ea,plateau,6,batch_005,sample_0633,False,0.008480417191005145,0.009901393350008652,0.02186042070388794
loco_plateau,gnn_mean,44,b005_0383,c3f96572b536df535317375fdc5e4706ac369468646788bb728a81d80ebbf8cd,plateau,9,batch_005,sample_0634,False,0.014355518534535268,0.017827175739559,0.03578492999076843
loco_plateau,gnn_mean,44,b005_0384,4f787d72c2991ce6d0932240e622e61affe479a7fa2dd35ab8bcdc5923ff28ed,plateau,13,batch_005,sample_0635,False,0.018797900100223353,0.02283328351962904,0.06421345472335815
loco_plateau,gnn_mean,44,b005_0386,301947d5dbc16fbb140de6b8a02a472b8129263d9f0a15b48f047dc956897100,plateau,8,batch_005,sample_0636,False,0.008308635261215147,0.0105355091321546,0.04112464189529419
loco_plateau,gnn_mean,44,b005_0387,8de22ed78a2ba566ad5d579cb268e029471143e2f0356e36c926f297c636ec17,plateau,1,batch_005,sample_0637,False,0.012531853082482933,0.017029764050604298,0.040827780961990356
loco_plateau,gnn_mean,44,b005_0388,7018dd5a29322b02c1632cd20271bff3ce888a19228aa52114aa77b9400eb91b,plateau,10,batch_005,sample_0638,False,0.00840665204603164,0.010806386973316399,0.02932828664779663
loco_plateau,gnn_mean,44,b005_0391,befff6f241f67d94d7753d00fbb0c58bb90217d18320366e8efddcc6b98d1cf6,plateau,7,batch_005,sample_0639,False,0.006053916377122285,0.00796972844913846,0.023550808429718018
loco_plateau,gnn_mean,44,b005_0392,c8557ed9f63b99ebd2c6c477e7131c72de41dc16fb5e94bfd97d94fa611c210b,plateau,10,batch_005,sample_0640,False,0.009395645290124611,0.011902670706690295,0.030086874961853027
loco_plateau,gnn_mean,44,b005_0393,93eb3bacea701426087e75941806b407760420360c2377bbc814db1682f2a1d4,plateau,5,batch_005,sample_0641,False,0.009131575949856491,0.011960015972415632,0.03883850574493408
loco_plateau,gnn_mean,44,b005_0394,df92d1d4b0476ec691828cb2651348409e75a7cc4379821060d4a774189be132,plateau,9,batch_005,sample_0642,False,0.007921201894517805,0.01133005500753352,0.05115938186645508
loco_plateau,gnn_mean,44,b005_0395,83ecfc111bb85fd355498ca7b8a4bb47c26e405c679f3515a1aafc4d7cefab6c,plateau,5,batch_005,sample_0643,False,0.018205497841366002,0.021908105752521365,0.03921324014663696
loco_plateau,gnn_mean,44,b005_0397,c8766140f84f514dc30d7035d42f2067f8e50cef0a1eee335dbb302ad43b3441,plateau,1,batch_005,sample_0644,False,0.009551660692105527,0.011395300602010853,0.025561392307281494
loco_plateau,gnn_mean,44,b005_0398,c5312b8757553a4ab6a18f87cd43e9086663093a1069e7c08549a0cd2de261d6,plateau,13,batch_005,sample_0645,False,0.010492242262011668,0.01507866123286011,0.02440822124481201
loco_plateau,gnn_mean,45,b004_0101,cb286dce3fb5e4de9ce7cd24a593b3729810700f461d4dea7e7e806081a6c243,plateau,7,batch_004,sample_0098,False,0.006222410280196393,0.007653613293851311,0.017388582229614258
loco_plateau,gnn_mean,45,b004_0106,68a631e45d1432b8c277623aa36bd14caa372804b8363ec96ef67ddc8eb20d1c,plateau,3,batch_004,sample_0102,False,0.006812450827145186,0.008946112978950871,0.02519160509109497
loco_plateau,gnn_mean,45,b004_0115,f799b5290dd4072521a7449c1abf33ff526f22f67b776e873628d3cbca0ba783,plateau,3,batch_004,sample_0107,False,0.008308336383006612,0.010927887446530931,0.012941420078277588
loco_plateau,gnn_mean,45,b004_0130,2188740cfe38cf9d440c67431f559d83d2a1ce7ae59ca2bedcf02bb69f466e50,plateau,8,batch_004,sample_0120,False,0.00638013662861996,0.009834921421351839,0.04093039035797119
loco_plateau,gnn_mean,45,b004_0136,04889ebdfb5784327f3b9088bf6df01afa628294490b202c173ef0b14838e962,plateau,2,batch_004,sample_0125,False,0.005914881886517415,0.008499268193824404,0.03597038984298706
loco_plateau,gnn_mean,45,b004_0147,1fa51a6e404fd88eb385d6766311d069515a32e28126ff01697c509152d5f502,plateau,7,batch_004,sample_0131,False,0.013725097733931463,0.0159674724651114,0.024352043867111206
loco_plateau,gnn_mean,45,b004_0154,aac35af72b9a33754898cad920897b67d2af68b9260ad250b7fcaebd06f32dcc,plateau,8,batch_004,sample_0136,False,0.010095234654965948,0.012897192265751665,0.03192615509033203
loco_plateau,gnn_mean,45,b004_0155,1d0a46c8f6e17a86034c6bb9d66c4b03d098b69ff514fc02f28ea63be0b42c7e,plateau,6,batch_004,sample_0137,False,0.009205200633064646,0.012033245944586286,0.026877135038375854
loco_plateau,gnn_mean,45,b004_0163,4873613114b6d71d3a19feac4e2a6cca6a1aea7cedee70e6461fcb308fcd40a1,plateau,8,batch_004,sample_0144,False,0.011815830332333924,0.013692182893539021,0.023105531930923462
loco_plateau,gnn_mean,45,b004_0166,8acc23b2c14cbb42c17a2dcc988fac65c64813d2829e3784719d447b5ed718b7,plateau,6,batch_004,sample_0146,False,0.007435565417418714,0.009200324138465605,0.027552425861358643
loco_plateau,gnn_mean,45,b004_0189,83c666a66b41c149f65ddc8bd970a7e25625b9d2da4a74aa495eb63512733e3d,plateau,1,batch_004,sample_0163,False,0.007976492653127576,0.010687962510447712,0.024019688367843628
loco_plateau,gnn_mean,45,b004_0192,e59076b7dd3091c6a35a126a9200a5d87d04f635db59270bb6abf483a0ca6b6b,plateau,3,batch_004,sample_0166,False,0.007036151394980853,0.00868337285485526,0.022550463676452637
loco_plateau,gnn_mean,45,b004_0198,36b24bbee6d7a71d6d85eb0f4637e3435adb468ab33422dad8a99a2687c94a43,plateau,3,batch_004,sample_0172,False,0.005534768226693888,0.007118390582653354,0.008472129702568054
loco_plateau,gnn_mean,45,b004_0206,0f83d6a5c144dfa616333adc1bd57529c0d4b0a6391f6abd2b3df69ae12643d9,plateau,8,batch_004,sample_0176,False,0.01834301088677078,0.021492643037493726,0.04683053493499756
loco_plateau,gnn_mean,45,b004_0208,1e7355104cb1bc6623bb84e83c8b136fc6530491967649406726860c46d55882,plateau,3,batch_004,sample_0177,False,0.006553272365546617,0.00815188060672467,0.017016589641571045
loco_plateau,gnn_mean,45,b004_0209,440c0cdd2e0fa5883c06758ead647f3129254dd10b206bf0c4a01275bc82806b,plateau,7,batch_004,sample_0178,False,0.007389878151846714,0.010061694523652371,0.03579908609390259
loco_plateau,gnn_mean,45,b004_0226,61bdc1b24112322d60eb9bd84ba71d642a105873858653a3edd7bfe0a5c1b34e,plateau,7,batch_004,sample_0190,False,0.00866996313704819,0.014433783482913664,0.06196558475494385
loco_plateau,gnn_mean,45,b004_0229,af1d00f7a0b787f92bf6455e06a745c2e040b11b6d56cb70a91a0e9bbecca3e3,plateau,4,batch_004,sample_0193,False,0.008474318890786562,0.00994348509017704,0.021574795246124268
loco_plateau,gnn_mean,45,b004_0232,c19c313f6ced6796888a79b2f089c97c626a7f821d056d6da34ee52cdd9ede4e,plateau,2,batch_004,sample_0195,False,0.007262849172607797,0.009763261793110219,0.018952161073684692
loco_plateau,gnn_mean,45,b004_0238,ab344aa6b1603d38f985e697b8d5e23f92cabe2cfdec495cd63bf30832b339b7,plateau,3,batch_004,sample_0201,False,0.006421964982005417,0.009730101505207277,0.040601909160614014
loco_plateau,gnn_mean,45,b004_0269,4bc4fd552a3fec6bec5222fbe2344ba232c661859418bb0be167915721ee5291,plateau,5,batch_004,sample_0225,False,0.007043315983209454,0.008861891953860652,0.021554768085479736
loco_plateau,gnn_mean,45,b004_0270,6e734c0ce0d34a99ed4ad267e7228f80d1e1937ed9cfb2a2531b08dd05b3f9f4,plateau,2,batch_004,sample_0226,False,0.006706988042006727,0.008764802934610301,0.014543116092681885
loco_plateau,gnn_mean,45,b004_0276,7b18e593b02cd8067d1393f0e63f941e25eff1aa515facc3feca5d594c0b32f6,plateau,3,batch_004,sample_0231,False,0.008677850675876023,0.01303898013094942,0.040744245052337646
loco_plateau,gnn_mean,45,b004_0280,99c63bb4954aeef83d20697237d20468a2082dc550b92994ed9c8b0d2e53aeb4,plateau,3,batch_004,sample_0235,False,0.006472044609120635,0.008253069560484286,0.01409912109375
loco_plateau,gnn_mean,45,b004_0284,315251daf704e2ddebf079b4618bac7ddc803651927693240201fda0ae19713e,plateau,7,batch_004,sample_0238,False,0.011088875473522749,0.01304157183176738,0.017041146755218506
loco_plateau,gnn_mean,45,b004_0285,538882c9fc437f403f576e9537afa2d0e9d19640d587ec09abf294580a7a5439,plateau,5,batch_004,sample_0239,False,0.009948682101046453,0.012482120583916498,0.02338993549346924
loco_plateau,gnn_mean,45,b004_0286,1f1d5a524d03753ee50cb34e15a725be31a3f16360c0873f815fa3617c634af9,plateau,2,batch_004,sample_0240,False,0.0082666385979926,0.011089608182777181,0.036434710025787354
loco_plateau,gnn_mean,45,b004_0291,5cb317353c4e3be13450815c4705cf51b35ccbcd7f9d37f0e177ea0c467b5f57,plateau,1,batch_004,sample_0243,False,0.009146276189655553,0.011719021767968673,0.03822833299636841
loco_plateau,gnn_mean,45,b004_0298,caa33739bb94bf3e4107ea13ebaefa854b1845ee09a860ac973faad33ffc7834,plateau,5,batch_004,sample_0250,False,0.009639215273935287,0.010811598611615411,0.014536499977111816
loco_plateau,gnn_mean,45,b004_0303,de67b515620baea3c5921d16c351e24f283039e6be0dbb711689e9c13ccfdcd8,plateau,7,batch_004,sample_0254,False,0.007977142197186829,0.009999854961902796,0.009143561124801636
loco_plateau,gnn_mean,45,b004_0312,aae428a0b7988c9a08ec2cd887e629b34ead9427365e120773f787d5e67957c1,plateau,8,batch_004,sample_0261,False,0.009789520599802986,0.012778715230270113,0.028475388884544373
loco_plateau,gnn_mean,45,b004_0328,230d653e29b05c6cac38da6d0de4c13e4f666cbcf2f18fd0f9301c8565cc11a3,plateau,4,batch_004,sample_0274,False,0.005372413174539316,0.008196896813504365,0.012319326400756836
loco_plateau,gnn_mean,45,b004_0335,3af73a16bdf592f38afc48342dd2996cc2332054b38bc004699cef76f2f2027c,plateau,4,batch_004,sample_0278,False,0.01174017957976607,0.014025954490833352,0.0353277325630188
loco_plateau,gnn_mean,45,b004_0336,b1a27cded5990829ff83324d88a32190c7c9723de6ef9887de3b888774969a57,plateau,1,batch_004,sample_0279,False,0.0106390401965282,0.014303597673043462,0.016043350100517273
loco_plateau,gnn_mean,45,b004_0367,c318564675cfb510af8b85e2c440c5474c6897ca4e9cdaf29a6217c1c607614e,plateau,5,batch_004,sample_0304,False,0.0072769256400280315,0.009428394508579276,0.02400308847427368
loco_plateau,gnn_mean,45,b004_0378,b10baedc312e4d2d36427845a0f1a1cbffe556d2f64623a9674249752d97956c,plateau,8,batch_004,sample_0313,False,0.008302289442937882,0.011169720175132888,0.0449560284614563
loco_plateau,gnn_mean,45,b004_0379,c6e6ea944f341106836d770add03411f9b6a1a984c07c96bec5e68fdcf226108,plateau,6,batch_004,sample_0314,False,0.007635010009417768,0.009615317036807909,0.013608068227767944
loco_plateau,gnn_mean,45,b004_0385,1669f1f0995158292efaccb221bf4e371f369d987f6008fc5bbb7afeb0d048df,plateau,7,batch_004,sample_0319,False,0.006070818568839401,0.0077926966294120095,0.015797019004821777
loco_plateau,gnn_mean,45,b004_0387,09be75b148104dc8d00eb69fe791588c388b9ebb3038b53094e45349b135be7d,plateau,8,batch_004,sample_0321,False,0.008252377392815763,0.011471244488145566,0.02425593137741089
loco_plateau,gnn_mean,45,b005_0318,924387d745bc9120e456294ff4a08ad9a1d65425b1cd2775143ca2ab2f71ce55,plateau,7,batch_005,sample_0582,False,0.00968867515931364,0.012481506288497033,0.02872946858406067
loco_plateau,gnn_mean,45,b005_0319,800520051cbd61e759abc8ff464d9452f0af7501ab267ce886d3229fe3d764b4,plateau,2,batch_005,sample_0583,False,0.006845783014766505,0.00870390997295711,0.022692590951919556
loco_plateau,gnn_mean,45,b005_0320,ef3c4b806db3686e52b040856eeaa178271e38922d72178a07cfb1b60c5a9815,plateau,9,batch_005,sample_0584,False,0.006071943423298538,0.011384307931514613,0.03146061301231384
loco_plateau,gnn_mean,45,b005_0322,dfa2ca4229967a5ccb2b1248146a521a8c13b2c9123ed436514968a5b39c468b,plateau,12,batch_005,sample_0585,False,0.006903448981828377,0.010142331563819428,0.027009129524230957
loco_plateau,gnn_mean,45,b005_0323,cce3714177813b75d94654611ce899a21ca23c71fe16d59197e83af8d254e95f,plateau,11,batch_005,sample_0586,False,0.007219350484550976,0.009843246263118648,0.02564769983291626
loco_plateau,gnn_mean,45,b005_0324,27fb8c31fc60138ca610456685ff39808517e467177b4b76e23ad2cc9ef40e79,plateau,3,batch_005,sample_0587,False,0.006282984355434043,0.008766740827329129,0.034463077783584595
loco_plateau,gnn_mean,45,b005_0325,57c15407e4e74b16ef1107b3fd3d0f28bd18e2d5f422f8887bb3ae4f2ee71cfd,plateau,6,batch_005,sample_0588,False,0.006495697332210228,0.008447226124944389,0.015795469284057617
loco_plateau,gnn_mean,45,b005_0326,e2760e685a5883648d6d91d72b6f825497ff6177a7ae51fd1d4a4f618192fbd3,plateau,4,batch_005,sample_0589,False,0.011508620863200212,0.013591383471255101,0.03268878161907196
loco_plateau,gnn_mean,45,b005_0327,c0f2d02506a33f5dad5fa8e5c65ba0f14cdafffb85f55797608be3df54e8cf61,plateau,1,batch_005,sample_0590,False,0.005385348054229236,0.006575461767647289,0.012555897235870361
loco_plateau,gnn_mean,45,b005_0328,55b4a6a2ff50fc37c4d86d31a2943c392e669602f37411c18ea7e0f718c7a49b,plateau,10,batch_005,sample_0591,False,0.008309682861703341,0.010060857868803112,0.031205177307128906
loco_plateau,gnn_mean,45,b005_0329,25396912ea3a078cfdcae941ea89787bb0803f1346b6c5c886e75f5af0e4014c,plateau,5,batch_005,sample_0592,False,0.006769563086697313,0.009196149635893266,0.016910433769226074
loco_plateau,gnn_mean,45,b005_0330,2d2987c8fa8b70de85851fccd3598561568f323c9bc1e48b9082c225851dca74,plateau,7,batch_005,sample_0593,False,0.005906152187800798,0.007939210296561559,0.01993277668952942
loco_plateau,gnn_mean,45,b005_0331,fe117b09b49c597131e2f6e1b8feb5a597f6b009e1fc51e947e1c4258965cb3a,plateau,8,batch_005,sample_0594,False,0.00652370815638636,0.013055168122488966,0.04154306650161743
loco_plateau,gnn_mean,45,b005_0332,8ef7167927072aa036a58c5f6faa4277ddbc7c3f91bcb16661ae1d24abac8490,plateau,8,batch_005,sample_0595,False,0.005305895673446968,0.006913705053904597,0.01667255163192749
loco_plateau,gnn_mean,45,b005_0333,c3c2056eaa15eef1a5f1836e18a193479b6f32b671a8a83de228a107692ada54,plateau,1,batch_005,sample_0596,False,0.006334052589096007,0.008655536249134477,0.02816292643547058
loco_plateau,gnn_mean,45,b005_0334,3bbd10db0ca1e022a95db792674aa00f019fd5856e68ce360feb007d0fe711f4,plateau,14,batch_005,sample_0597,False,0.012997802652296473,0.014589305611058064,0.02508482336997986
loco_plateau,gnn_mean,45,b005_0336,0747b020d2d22e1f5e7519b418cc9b8327b7656cbdb5b6a0c84c741abbc0e102,plateau,5,batch_005,sample_0598,False,0.007146796730698132,0.008906462138936012,0.024974703788757324
loco_plateau,gnn_mean,45,b005_0338,115982b394b483309f71c61baca7ee9f7623a932a8116d9e7603f0819aecb7ce,plateau,11,batch_005,sample_0599,False,0.011746055034340406,0.014351033553302903,0.043053269386291504
loco_plateau,gnn_mean,45,b005_0339,5a157ab2ed0b98a6d23ad8857e1765864193424d5249af315f29d82bd5969aec,plateau,1,batch_005,sample_0600,False,0.005628351366422216,0.009048948363588025,0.03873473405838013
loco_plateau,gnn_mean,45,b005_0341,aa391e2b07bdd6168406810253aa95ddc48980e3dc4f63b3df9c1ea6807dbc8e,plateau,9,batch_005,sample_0601,False,0.006359235368302611,0.010775186683788037,0.019641518592834473
loco_plateau,gnn_mean,45,b005_0344,6eb77d3cd6491920848da180bb4de9dc6bc0b37ef91bd1ab7ff630ab55038dfb,plateau,8,batch_005,sample_0602,False,0.007926863725068138,0.01088939226761544,0.030892550945281982
loco_plateau,gnn_mean,45,b005_0345,a300e398fad1a0e6431c0978a839d6f5ba716e8b388e8dda603311639de6f280,plateau,4,batch_005,sample_0603,False,0.0063804993863965645,0.008169288873080927,0.020555555820465088
loco_plateau,gnn_mean,45,b005_0346,64090025074679c6ba642a06fb71e932babe2025b967ef6f2f6b1d8f5ad03bba,plateau,7,batch_005,sample_0604,False,0.0075374538170509655,0.014084878843656567,0.04981338977813721
loco_plateau,gnn_mean,45,b005_0347,f351afe68d58358a3632f7f01ae10c313d89f47accf5981900e558140d1bfbff,plateau,8,batch_005,sample_0605,False,0.012616954988143483,0.014349446681247366,0.02507483959197998
loco_plateau,gnn_mean,45,b005_0348,9047f61e8be36c807011000fd79892f9747fc9f2b5d36e0905a12cc71cf27077,plateau,5,batch_005,sample_0606,False,0.007974249417664574,0.011339554303788897,0.04425996541976929
loco_plateau,gnn_mean,45,b005_0349,c30ce3c339ea2d458d6b92c6a2de60810ca4393b4b9c7acd9f3e78a68c60481d,plateau,8,batch_005,sample_0607,False,0.010944409479127556,0.016380197773683478,0.05262935161590576
loco_plateau,gnn_mean,45,b005_0350,1023f3a6c18df8c4890c9d45fa6b65adbbc9733ddc3561c3e25572947e28011e,plateau,4,batch_005,sample_0608,False,0.009998909701577952,0.012699052002081684,0.03550669550895691
loco_plateau,gnn_mean,45,b005_0351,f915d37994404288414823d1bbb6b5e3931c9ad94ae24b67272d3c8362d85400,plateau,9,batch_005,sample_0609,False,0.007588162224312298,0.008913558600793542,0.016092807054519653
loco_plateau,gnn_mean,45,b005_0352,5f0ae19a03996e46eda8c90413fc45b8985b85b82d4f47d4a22a10847efdc7d4,plateau,8,batch_005,sample_0610,False,0.010134393074473396,0.013098451109847052,0.02952691912651062
loco_plateau,gnn_mean,45,b005_0353,05e5a33d12166760b02827e96c5a0446d2d46d0bac028f2a76145a206386e918,plateau,6,batch_005,sample_0611,False,0.006151540357558454,0.008877752885906316,0.032370805740356445
loco_plateau,gnn_mean,45,b005_0354,fadf7a0b5c1bc2a8d8355725a59dcbd92af98cb7514eabc127842f5c4b4bef47,plateau,8,batch_005,sample_0612,False,0.015407721527287217,0.020053197716593453,0.04807788133621216
loco_plateau,gnn_mean,45,b005_0355,4d85219246b5dad59cb85d9fa3c1936680c4c9ef047c5cef4218f3b15c1e939c,plateau,4,batch_005,sample_0613,False,0.01724370165926511,0.01912816021805745,0.0019042491912841797
loco_plateau,gnn_mean,45,b005_0356,4d68bdd50ef81490f46d2a8e1897ab3bb663920d094e1cbb0b28ba7113382e88,plateau,2,batch_005,sample_0614,False,0.006601469438584124,0.009158360522440621,0.028344333171844482
loco_plateau,gnn_mean,45,b005_0359,4c1573f83055d1187f7f6cd3d9baae0038086645d81eee72897606cc9d5c570c,plateau,5,batch_005,sample_0615,False,0.01124874945180338,0.014031379444179185,0.04466390609741211
loco_plateau,gnn_mean,45,b005_0360,686bd58ef008dcf1a1a7c6f4d10f2f843038b4350a135434e4ccc66a580f0f5d,plateau,8,batch_005,sample_0616,False,0.006636286856698208,0.009713347197034738,0.03785061836242676
loco_plateau,gnn_mean,45,b005_0361,96f4761fc6c8f7f70f150f08d1184ebb6ce1b5aaa442426bf462bb08296c1a3b,plateau,8,batch_005,sample_0617,False,0.007104433950830678,0.013123414032589797,0.046681106090545654
loco_plateau,gnn_mean,45,b005_0362,1afc1c036950d3674b72ba96e3a3beaf89086ebc191f828798460411f6637095,plateau,14,batch_005,sample_0618,False,0.008492616844958946,0.011838564265567637,0.024767428636550903
loco_plateau,gnn_mean,45,b005_0363,c4e17a05dde40f17497a58db0f20c7fa3893089c99b4e61d2abb1683d73c2708,plateau,3,batch_005,sample_0619,False,0.009645855084794467,0.011431403912117317,0.022839397192001343
loco_plateau,gnn_mean,45,b005_0364,f789b385523cb681d859a20015bfbe6406d3d1a4e0993fd9931fc56524052232,plateau,7,batch_005,sample_0620,False,0.010739492466215228,0.014412265138892835,0.02836287021636963
loco_plateau,gnn_mean,45,b005_0365,bf0f2b2de55694fffbc786504dd644ea825c40182b9b220d53b89c8a37ed6c50,plateau,2,batch_005,sample_0621,False,0.00814142640008301,0.010725043545158963,0.03673696517944336
loco_plateau,gnn_mean,45,b005_0366,ff9baf0d1ecf79479db89955f4239351d1d12145c830cf12c7c6743740bef107,plateau,1,batch_005,sample_0622,False,0.010017283627244293,0.013889300826734853,0.05475473403930664
loco_plateau,gnn_mean,45,b005_0367,55ae06c4d49e4f4bca3994c646b4a4477cbe684a94491baec3ccacaf8913cdc4,plateau,6,batch_005,sample_0623,False,0.006018098321605901,0.008642448118405673,0.02414664626121521
loco_plateau,gnn_mean,45,b005_0369,3d7c1523d7f7a701ba8c8c8653f377b8bce5dcb75dd5e777fc37ea2547a10cd1,plateau,11,batch_005,sample_0624,False,0.01287369430065155,0.014924881950207424,0.041447997093200684
loco_plateau,gnn_mean,45,b005_0370,02430a0e963a0b380b2bc0d082219d1cf06081fa567fed08f912ffa7dfe10051,plateau,5,batch_005,sample_0625,False,0.008018754544805308,0.010002295969692343,0.010781809687614441
loco_plateau,gnn_mean,45,b005_0374,e78a3e8bf3a5373c93d1d439c82fbdadf0d6d220b3240b14bb5f3bc3f6e4f09a,plateau,1,batch_005,sample_0626,False,0.007460823068853284,0.009666704560487044,0.022612333297729492
loco_plateau,gnn_mean,45,b005_0376,e2cf5195bd63a11d9d1ca2e66c51888dcca34e1ae84251c784a18a3f37096e59,plateau,3,batch_005,sample_0627,False,0.00559212328469167,0.007934158640697969,0.024508178234100342
loco_plateau,gnn_mean,45,b005_0377,3f7f8648f1cca1b0bde98bd8dd3709da82b522777e245fb04f2e547d74fb458c,plateau,3,batch_005,sample_0628,False,0.007122832732122453,0.009026915707676659,0.02652144432067871
loco_plateau,gnn_mean,45,b005_0378,046e2b649304ef7368e59229d0d93e66e7a45cef80450c188bed4c2d3d1fdc8d,plateau,11,batch_005,sample_0629,False,0.0049232549843240955,0.006887927433888982,0.026641428470611572
loco_plateau,gnn_mean,45,b005_0379,1f409b6e03f9441ff3c5c3fc66e0db956031025ffca1702ed23e99238b6229c9,plateau,15,batch_005,sample_0630,False,0.013372369477006256,0.015802018909191626,0.021049797534942627
loco_plateau,gnn_mean,45,b005_0380,9373bd39ad3438c8b68e44ed9913af85cc6aa4598a1d16ee56e8aa54d6b7e8ad,plateau,7,batch_005,sample_0631,False,0.0054374504529061864,0.007261392938670312,0.018982291221618652
loco_plateau,gnn_mean,45,b005_0381,69369739915ea5865caaa0a97202deb36c3f5d9d99624a932280b9ccaec1ad7a,plateau,8,batch_005,sample_0632,False,0.0060764707502771595,0.007952846498030512,0.017357707023620605
loco_plateau,gnn_mean,45,b005_0382,2d2b38ecba4efd0196a13bbe391dd3bf0713ebf5519032458d2874f9b5b799ea,plateau,6,batch_005,sample_0633,False,0.004529795197189831,0.005998441307936731,0.019326984882354736
loco_plateau,gnn_mean,45,b005_0383,c3f96572b536df535317375fdc5e4706ac369468646788bb728a81d80ebbf8cd,plateau,9,batch_005,sample_0634,False,0.01740812501091449,0.020506315262227133,0.039615705609321594
loco_plateau,gnn_mean,45,b005_0384,4f787d72c2991ce6d0932240e622e61affe479a7fa2dd35ab8bcdc5923ff28ed,plateau,13,batch_005,sample_0635,False,0.01324738317825755,0.016602985717817702,0.08134651184082031
loco_plateau,gnn_mean,45,b005_0386,301947d5dbc16fbb140de6b8a02a472b8129263d9f0a15b48f047dc956897100,plateau,8,batch_005,sample_0636,False,0.009113717518868993,0.010679013179276636,0.025576412677764893
loco_plateau,gnn_mean,45,b005_0387,8de22ed78a2ba566ad5d579cb268e029471143e2f0356e36c926f297c636ec17,plateau,1,batch_005,sample_0637,False,0.007934747569140841,0.010686397974687139,0.03773307800292969
loco_plateau,gnn_mean,45,b005_0388,7018dd5a29322b02c1632cd20271bff3ce888a19228aa52114aa77b9400eb91b,plateau,10,batch_005,sample_0638,False,0.007647145600592504,0.01058158115225692,0.02749866247177124
loco_plateau,gnn_mean,45,b005_0391,befff6f241f67d94d7753d00fbb0c58bb90217d18320366e8efddcc6b98d1cf6,plateau,7,batch_005,sample_0639,False,0.0065882693915093535,0.008539443358569997,0.01624774932861328
loco_plateau,gnn_mean,45,b005_0392,c8557ed9f63b99ebd2c6c477e7131c72de41dc16fb5e94bfd97d94fa611c210b,plateau,10,batch_005,sample_0640,False,0.010905944910205778,0.013368976966298053,0.02517247200012207
loco_plateau,gnn_mean,45,b005_0393,93eb3bacea701426087e75941806b407760420360c2377bbc814db1682f2a1d4,plateau,5,batch_005,sample_0641,False,0.009456380713181417,0.011236257465901432,0.022707223892211914
loco_plateau,gnn_mean,45,b005_0394,df92d1d4b0476ec691828cb2651348409e75a7cc4379821060d4a774189be132,plateau,9,batch_005,sample_0642,False,0.013909367020012902,0.016580930619946758,0.06006103754043579
loco_plateau,gnn_mean,45,b005_0395,83ecfc111bb85fd355498ca7b8a4bb47c26e405c679f3515a1aafc4d7cefab6c,plateau,5,batch_005,sample_0643,False,0.01366590061148659,0.015894483724206897,0.026774048805236816
loco_plateau,gnn_mean,45,b005_0397,c8766140f84f514dc30d7035d42f2067f8e50cef0a1eee335dbb302ad43b3441,plateau,1,batch_005,sample_0644,False,0.007393252409872462,0.009666767660327532,0.026606351137161255
loco_plateau,gnn_mean,45,b005_0398,c5312b8757553a4ab6a18f87cd43e9086663093a1069e7c08549a0cd2de261d6,plateau,13,batch_005,sample_0645,False,0.012081508753729648,0.016480419195825064,0.021554410457611084
loco_plateau,gnn_mean,46,b004_0101,cb286dce3fb5e4de9ce7cd24a593b3729810700f461d4dea7e7e806081a6c243,plateau,7,batch_004,sample_0098,False,0.011031062388029254,0.012931783629033633,0.02814340591430664
loco_plateau,gnn_mean,46,b004_0106,68a631e45d1432b8c277623aa36bd14caa372804b8363ec96ef67ddc8eb20d1c,plateau,3,batch_004,sample_0102,False,0.008676331001715581,0.010774932040044065,0.023670822381973267
loco_plateau,gnn_mean,46,b004_0115,f799b5290dd4072521a7449c1abf33ff526f22f67b776e873628d3cbca0ba783,plateau,3,batch_004,sample_0107,False,0.005988205554055386,0.008453534303584797,0.010386079549789429
loco_plateau,gnn_mean,46,b004_0130,2188740cfe38cf9d440c67431f559d83d2a1ce7ae59ca2bedcf02bb69f466e50,plateau,8,batch_004,sample_0120,False,0.007363949154244095,0.010030088976301983,0.023616090416908264
loco_plateau,gnn_mean,46,b004_0136,04889ebdfb5784327f3b9088bf6df01afa628294490b202c173ef0b14838e962,plateau,2,batch_004,sample_0125,False,0.006270668240355663,0.008602023835847995,0.01922595500946045
loco_plateau,gnn_mean,46,b004_0147,1fa51a6e404fd88eb385d6766311d069515a32e28126ff01697c509152d5f502,plateau,7,batch_004,sample_0131,False,0.009491510750328908,0.012121921838643262,0.022580504417419434
loco_plateau,gnn_mean,46,b004_0154,aac35af72b9a33754898cad920897b67d2af68b9260ad250b7fcaebd06f32dcc,plateau,8,batch_004,sample_0136,False,0.011466022580862045,0.014668466927198502,0.031761765480041504
loco_plateau,gnn_mean,46,b004_0155,1d0a46c8f6e17a86034c6bb9d66c4b03d098b69ff514fc02f28ea63be0b42c7e,plateau,6,batch_004,sample_0137,False,0.011608625288869514,0.013905938124978085,0.02811683714389801
loco_plateau,gnn_mean,46,b004_0163,4873613114b6d71d3a19feac4e2a6cca6a1aea7cedee70e6461fcb308fcd40a1,plateau,8,batch_004,sample_0144,False,0.01355940372240348,0.015542664017017573,0.02684873342514038
loco_plateau,gnn_mean,46,b004_0166,8acc23b2c14cbb42c17a2dcc988fac65c64813d2829e3784719d447b5ed718b7,plateau,6,batch_004,sample_0146,False,0.007250501423097047,0.008989954343851048,0.026436209678649902
loco_plateau,gnn_mean,46,b004_0189,83c666a66b41c149f65ddc8bd970a7e25625b9d2da4a74aa495eb63512733e3d,plateau,1,batch_004,sample_0163,False,0.006229914114123485,0.008358376109662207,0.021669834852218628
loco_plateau,gnn_mean,46,b004_0192,e59076b7dd3091c6a35a126a9200a5d87d04f635db59270bb6abf483a0ca6b6b,plateau,3,batch_004,sample_0166,False,0.00945148152894661,0.01276239669279097,0.036548107862472534
loco_plateau,gnn_mean,46,b004_0198,36b24bbee6d7a71d6d85eb0f4637e3435adb468ab33422dad8a99a2687c94a43,plateau,3,batch_004,sample_0172,False,0.006754745286507684,0.008261674898390763,0.012209773063659668
loco_plateau,gnn_mean,46,b004_0206,0f83d6a5c144dfa616333adc1bd57529c0d4b0a6391f6abd2b3df69ae12643d9,plateau,8,batch_004,sample_0176,False,0.02218938777681257,0.025522063964885364,0.05629450082778931
loco_plateau,gnn_mean,46,b004_0208,1e7355104cb1bc6623bb84e83c8b136fc6530491967649406726860c46d55882,plateau,3,batch_004,sample_0177,False,0.007938597351312637,0.00968384991234355,0.020224273204803467
loco_plateau,gnn_mean,46,b004_0209,440c0cdd2e0fa5883c06758ead647f3129254dd10b206bf0c4a01275bc82806b,plateau,7,batch_004,sample_0178,False,0.013669377223390048,0.015463525594847462,0.034576594829559326
loco_plateau,gnn_mean,46,b004_0226,61bdc1b24112322d60eb9bd84ba71d642a105873858653a3edd7bfe0a5c1b34e,plateau,7,batch_004,sample_0190,False,0.006493533976742479,0.008864363093687648,0.03162127733230591
loco_plateau,gnn_mean,46,b004_0229,af1d00f7a0b787f92bf6455e06a745c2e040b11b6d56cb70a91a0e9bbecca3e3,plateau,4,batch_004,sample_0193,False,0.006111644819134571,0.008362659176497436,0.02814999222755432
loco_plateau,gnn_mean,46,b004_0232,c19c313f6ced6796888a79b2f089c97c626a7f821d056d6da34ee52cdd9ede4e,plateau,2,batch_004,sample_0195,False,0.008871192570592537,0.012142782412845925,0.014497190713882446
loco_plateau,gnn_mean,46,b004_0238,ab344aa6b1603d38f985e697b8d5e23f92cabe2cfdec495cd63bf30832b339b7,plateau,3,batch_004,sample_0201,False,0.007427142841405556,0.010623087165579815,0.037641704082489014
loco_plateau,gnn_mean,46,b004_0269,4bc4fd552a3fec6bec5222fbe2344ba232c661859418bb0be167915721ee5291,plateau,5,batch_004,sample_0225,False,0.011725834647163015,0.01338673367508581,0.02577391266822815
loco_plateau,gnn_mean,46,b004_0270,6e734c0ce0d34a99ed4ad267e7228f80d1e1937ed9cfb2a2531b08dd05b3f9f4,plateau,2,batch_004,sample_0226,False,0.008929855816188405,0.011555975668692865,0.025922179222106934
loco_plateau,gnn_mean,46,b004_0276,7b18e593b02cd8067d1393f0e63f941e25eff1aa515facc3feca5d594c0b32f6,plateau,3,batch_004,sample_0231,False,0.009196108787274752,0.012820893026464159,0.039229512214660645
loco_plateau,gnn_mean,46,b004_0280,99c63bb4954aeef83d20697237d20468a2082dc550b92994ed9c8b0d2e53aeb4,plateau,3,batch_004,sample_0235,False,0.008380340381723935,0.010699929066306636,0.02189980447292328
loco_plateau,gnn_mean,46,b004_0284,315251daf704e2ddebf079b4618bac7ddc803651927693240201fda0ae19713e,plateau,7,batch_004,sample_0238,False,0.015144880922114263,0.016887209729884025,0.023802638053894043
loco_plateau,gnn_mean,46,b004_0285,538882c9fc437f403f576e9537afa2d0e9d19640d587ec09abf294580a7a5439,plateau,5,batch_004,sample_0239,False,0.010920809429199969,0.013892176123384642,0.025296151638031006
loco_plateau,gnn_mean,46,b004_0286,1f1d5a524d03753ee50cb34e15a725be31a3f16360c0873f815fa3617c634af9,plateau,2,batch_004,sample_0240,False,0.008354245761378866,0.011225938677815522,0.02938726544380188
loco_plateau,gnn_mean,46,b004_0291,5cb317353c4e3be13450815c4705cf51b35ccbcd7f9d37f0e177ea0c467b5f57,plateau,1,batch_004,sample_0243,False,0.007113619600651694,0.01009689702689743,0.03221385180950165
loco_plateau,gnn_mean,46,b004_0298,caa33739bb94bf3e4107ea13ebaefa854b1845ee09a860ac973faad33ffc7834,plateau,5,batch_004,sample_0250,False,0.008094637120356326,0.009890650993370182,0.0185697078704834
loco_plateau,gnn_mean,46,b004_0303,de67b515620baea3c5921d16c351e24f283039e6be0dbb711689e9c13ccfdcd8,plateau,7,batch_004,sample_0254,False,0.0075370942960019975,0.009226114533388702,0.020391881465911865
loco_plateau,gnn_mean,46,b004_0312,aae428a0b7988c9a08ec2cd887e629b34ead9427365e120773f787d5e67957c1,plateau,8,batch_004,sample_0261,False,0.009671679285706067,0.012667641262446294,0.026795998215675354
loco_plateau,gnn_mean,46,b004_0328,230d653e29b05c6cac38da6d0de4c13e4f666cbcf2f18fd0f9301c8565cc11a3,plateau,4,batch_004,sample_0274,False,0.006244722081989539,0.00874652603792408,0.017159491777420044
loco_plateau,gnn_mean,46,b004_0335,3af73a16bdf592f38afc48342dd2996cc2332054b38bc004699cef76f2f2027c,plateau,4,batch_004,sample_0278,False,0.011741077557938998,0.014795622762201019,0.03826567530632019
loco_plateau,gnn_mean,46,b004_0336,b1a27cded5990829ff83324d88a32190c7c9723de6ef9887de3b888774969a57,plateau,1,batch_004,sample_0279,False,0.013837586172291489,0.01718167706018761,0.015646666288375854
loco_plateau,gnn_mean,46,b004_0367,c318564675cfb510af8b85e2c440c5474c6897ca4e9cdaf29a6217c1c607614e,plateau,5,batch_004,sample_0304,False,0.00828149426178854,0.010144892061371317,0.02532145380973816
loco_plateau,gnn_mean,46,b004_0378,b10baedc312e4d2d36427845a0f1a1cbffe556d2f64623a9674249752d97956c,plateau,8,batch_004,sample_0313,False,0.009426788717019753,0.01165554093735689,0.03967171907424927
loco_plateau,gnn_mean,46,b004_0379,c6e6ea944f341106836d770add03411f9b6a1a984c07c96bec5e68fdcf226108,plateau,6,batch_004,sample_0314,False,0.0066265245807952565,0.008279451767521446,0.021072298288345337
loco_plateau,gnn_mean,46,b004_0385,1669f1f0995158292efaccb221bf4e371f369d987f6008fc5bbb7afeb0d048df,plateau,7,batch_004,sample_0319,False,0.006160474458678824,0.008727125165791376,0.018894195556640625
loco_plateau,gnn_mean,46,b004_0387,09be75b148104dc8d00eb69fe791588c388b9ebb3038b53094e45349b135be7d,plateau,8,batch_004,sample_0321,False,0.014141561555080727,0.01605175946803884,0.02771127223968506
loco_plateau,gnn_mean,46,b005_0318,924387d745bc9120e456294ff4a08ad9a1d65425b1cd2775143ca2ab2f71ce55,plateau,7,batch_005,sample_0582,False,0.010483911291497653,0.012796169446613857,0.024821221828460693
loco_plateau,gnn_mean,46,b005_0319,800520051cbd61e759abc8ff464d9452f0af7501ab267ce886d3229fe3d764b4,plateau,2,batch_005,sample_0583,False,0.013342732044517016,0.0149833311235419,0.033510446548461914
loco_plateau,gnn_mean,46,b005_0320,ef3c4b806db3686e52b040856eeaa178271e38922d72178a07cfb1b60c5a9815,plateau,9,batch_005,sample_0584,False,0.007548602145226275,0.011775527808364912,0.026328742504119873
loco_plateau,gnn_mean,46,b005_0322,dfa2ca4229967a5ccb2b1248146a521a8c13b2c9123ed436514968a5b39c468b,plateau,12,batch_005,sample_0585,False,0.010129148171084826,0.012988407019511702,0.027012348175048828
loco_plateau,gnn_mean,46,b005_0323,cce3714177813b75d94654611ce899a21ca23c71fe16d59197e83af8d254e95f,plateau,11,batch_005,sample_0586,False,0.0065876868416051395,0.00990670701837058,0.027006089687347412
loco_plateau,gnn_mean,46,b005_0324,27fb8c31fc60138ca610456685ff39808517e467177b4b76e23ad2cc9ef40e79,plateau,3,batch_005,sample_0587,False,0.009533940157929405,0.012187074751081878,0.03619226813316345
loco_plateau,gnn_mean,46,b005_0325,57c15407e4e74b16ef1107b3fd3d0f28bd18e2d5f422f8887bb3ae4f2ee71cfd,plateau,6,batch_005,sample_0588,False,0.005933554690392291,0.007908448824804196,0.017411082983016968
loco_plateau,gnn_mean,46,b005_0326,e2760e685a5883648d6d91d72b6f825497ff6177a7ae51fd1d4a4f618192fbd3,plateau,4,batch_005,sample_0589,False,0.010828054907014136,0.013311101988988293,0.028850674629211426
loco_plateau,gnn_mean,46,b005_0327,c0f2d02506a33f5dad5fa8e5c65ba0f14cdafffb85f55797608be3df54e8cf61,plateau,1,batch_005,sample_0590,False,0.006622672569556314,0.008040891864586806,0.011843949556350708
loco_plateau,gnn_mean,46,b005_0328,55b4a6a2ff50fc37c4d86d31a2943c392e669602f37411c18ea7e0f718c7a49b,plateau,10,batch_005,sample_0591,False,0.009302286583869184,0.011617772159183888,0.04739111661911011
loco_plateau,gnn_mean,46,b005_0329,25396912ea3a078cfdcae941ea89787bb0803f1346b6c5c886e75f5af0e4014c,plateau,5,batch_005,sample_0592,False,0.008301621822060132,0.009646351386980574,0.01692509651184082
loco_plateau,gnn_mean,46,b005_0330,2d2987c8fa8b70de85851fccd3598561568f323c9bc1e48b9082c225851dca74,plateau,7,batch_005,sample_0593,False,0.006926275667597036,0.009026071820960222,0.02329796552658081
loco_plateau,gnn_mean,46,b005_0331,fe117b09b49c597131e2f6e1b8feb5a597f6b009e1fc51e947e1c4258965cb3a,plateau,8,batch_005,sample_0594,False,0.009104018695041781,0.01446925949580205,0.04313284158706665
loco_plateau,gnn_mean,46,b005_0332,8ef7167927072aa036a58c5f6faa4277ddbc7c3f91bcb16661ae1d24abac8490,plateau,8,batch_005,sample_0595,False,0.0053878187156114424,0.007297643287702436,0.021324455738067627
loco_plateau,gnn_mean,46,b005_0333,c3c2056eaa15eef1a5f1836e18a193479b6f32b671a8a83de228a107692ada54,plateau,1,batch_005,sample_0596,False,0.0066380156356780256,0.00880923142609691,0.027668267488479614
loco_plateau,gnn_mean,46,b005_0334,3bbd10db0ca1e022a95db792674aa00f019fd5856e68ce360feb007d0fe711f4,plateau,14,batch_005,sample_0597,False,0.011791303631712179,0.014942036902471631,0.02851426601409912
loco_plateau,gnn_mean,46,b005_0336,0747b020d2d22e1f5e7519b418cc9b8327b7656cbdb5b6a0c84c741abbc0e102,plateau,5,batch_005,sample_0598,False,0.00811583438857657,0.00978969226043034,0.016750693321228027
loco_plateau,gnn_mean,46,b005_0338,115982b394b483309f71c61baca7ee9f7623a932a8116d9e7603f0819aecb7ce,plateau,11,batch_005,sample_0599,False,0.014948010200359782,0.016933031479841053,0.039531052112579346
loco_plateau,gnn_mean,46,b005_0339,5a157ab2ed0b98a6d23ad8857e1765864193424d5249af315f29d82bd5969aec,plateau,1,batch_005,sample_0600,False,0.007049469979571514,0.00902413087610765,0.032917171716690063
loco_plateau,gnn_mean,46,b005_0341,aa391e2b07bdd6168406810253aa95ddc48980e3dc4f63b3df9c1ea6807dbc8e,plateau,9,batch_005,sample_0601,False,0.006341096319136073,0.010472212896489044,0.02026885747909546
loco_plateau,gnn_mean,46,b005_0344,6eb77d3cd6491920848da180bb4de9dc6bc0b37ef91bd1ab7ff630ab55038dfb,plateau,8,batch_005,sample_0602,False,0.013441823056486786,0.015327652980347658,0.034770846366882324
loco_plateau,gnn_mean,46,b005_0345,a300e398fad1a0e6431c0978a839d6f5ba716e8b388e8dda603311639de6f280,plateau,4,batch_005,sample_0603,False,0.006275604494282457,0.00756479103193269,0.01682409644126892
loco_plateau,gnn_mean,46,b005_0346,64090025074679c6ba642a06fb71e932babe2025b967ef6f2f6b1d8f5ad03bba,plateau,7,batch_005,sample_0604,False,0.008591518538897155,0.015163135072083942,0.046242713928222656
loco_plateau,gnn_mean,46,b005_0347,f351afe68d58358a3632f7f01ae10c313d89f47accf5981900e558140d1bfbff,plateau,8,batch_005,sample_0605,False,0.012378905395992467,0.014527061222919597,0.026435494422912598
loco_plateau,gnn_mean,46,b005_0348,9047f61e8be36c807011000fd79892f9747fc9f2b5d36e0905a12cc71cf27077,plateau,5,batch_005,sample_0606,False,0.008900907684545049,0.012355899613371918,0.04471158981323242
loco_plateau,gnn_mean,46,b005_0349,c30ce3c339ea2d458d6b92c6a2de60810ca4393b4b9c7acd9f3e78a68c60481d,plateau,8,batch_005,sample_0607,False,0.01035877741628983,0.013835930414781837,0.037094175815582275
loco_plateau,gnn_mean,46,b005_0350,1023f3a6c18df8c4890c9d45fa6b65adbbc9733ddc3561c3e25572947e28011e,plateau,4,batch_005,sample_0608,False,0.00983354101171259,0.012540490474683157,0.034901127219200134
loco_plateau,gnn_mean,46,b005_0351,f915d37994404288414823d1bbb6b5e3931c9ad94ae24b67272d3c8362d85400,plateau,9,batch_005,sample_0609,False,0.010107365788006391,0.011652805978732573,0.03632456064224243
loco_plateau,gnn_mean,46,b005_0352,5f0ae19a03996e46eda8c90413fc45b8985b85b82d4f47d4a22a10847efdc7d4,plateau,8,batch_005,sample_0610,False,0.014232186020397749,0.017791712132370397,0.03812825679779053
loco_plateau,gnn_mean,46,b005_0353,05e5a33d12166760b02827e96c5a0446d2d46d0bac028f2a76145a206386e918,plateau,6,batch_005,sample_0611,False,0.007032769136741513,0.00941230986459708,0.02842080593109131
loco_plateau,gnn_mean,46,b005_0354,fadf7a0b5c1bc2a8d8355725a59dcbd92af98cb7514eabc127842f5c4b4bef47,plateau,8,batch_005,sample_0612,False,0.014424148397367508,0.01940973874716429,0.050085753202438354
loco_plateau,gnn_mean,46,b005_0355,4d85219246b5dad59cb85d9fa3c1936680c4c9ef047c5cef4218f3b15c1e939c,plateau,4,batch_005,sample_0613,False,0.00924346290650915,0.012024338930335129,0.013658672571182251
loco_plateau,gnn_mean,46,b005_0356,4d68bdd50ef81490f46d2a8e1897ab3bb663920d094e1cbb0b28ba7113382e88,plateau,2,batch_005,sample_0614,False,0.006814470056627617,0.00936389687280132,0.03185462951660156
loco_plateau,gnn_mean,46,b005_0359,4c1573f83055d1187f7f6cd3d9baae0038086645d81eee72897606cc9d5c570c,plateau,5,batch_005,sample_0615,False,0.007966087276085478,0.01091583515330088,0.03772503137588501
loco_plateau,gnn_mean,46,b005_0360,686bd58ef008dcf1a1a7c6f4d10f2f843038b4350a135434e4ccc66a580f0f5d,plateau,8,batch_005,sample_0616,False,0.006524854629743295,0.008709862113516839,0.022973597049713135
loco_plateau,gnn_mean,46,b005_0361,96f4761fc6c8f7f70f150f08d1184ebb6ce1b5aaa442426bf462bb08296c1a3b,plateau,8,batch_005,sample_0617,False,0.011078423408211255,0.017159854029064066,0.055147767066955566
loco_plateau,gnn_mean,46,b005_0362,1afc1c036950d3674b72ba96e3a3beaf89086ebc191f828798460411f6637095,plateau,14,batch_005,sample_0618,False,0.011076824831180885,0.013244006025066462,0.025514185428619385
loco_plateau,gnn_mean,46,b005_0363,c4e17a05dde40f17497a58db0f20c7fa3893089c99b4e61d2abb1683d73c2708,plateau,3,batch_005,sample_0619,False,0.007495434313523965,0.009208240812604835,0.014970362186431885
loco_plateau,gnn_mean,46,b005_0364,f789b385523cb681d859a20015bfbe6406d3d1a4e0993fd9931fc56524052232,plateau,7,batch_005,sample_0620,False,0.007426290849193198,0.011302665548556407,0.02860158681869507
loco_plateau,gnn_mean,46,b005_0365,bf0f2b2de55694fffbc786504dd644ea825c40182b9b220d53b89c8a37ed6c50,plateau,2,batch_005,sample_0621,False,0.009912585503742343,0.012424975106235353,0.029536232352256775
loco_plateau,gnn_mean,46,b005_0366,ff9baf0d1ecf79479db89955f4239351d1d12145c830cf12c7c6743740bef107,plateau,1,batch_005,sample_0622,False,0.011149640821042608,0.014985269920600387,0.039797842502593994
loco_plateau,gnn_mean,46,b005_0367,55ae06c4d49e4f4bca3994c646b4a4477cbe684a94491baec3ccacaf8913cdc4,plateau,6,batch_005,sample_0623,False,0.006633288608711274,0.008438995856691063,0.019169285893440247
loco_plateau,gnn_mean,46,b005_0369,3d7c1523d7f7a701ba8c8c8653f377b8bce5dcb75dd5e777fc37ea2547a10cd1,plateau,11,batch_005,sample_0624,False,0.010099351650378743,0.012507849179214752,0.04127204418182373
loco_plateau,gnn_mean,46,b005_0370,02430a0e963a0b380b2bc0d082219d1cf06081fa567fed08f912ffa7dfe10051,plateau,5,batch_005,sample_0625,False,0.006357255773466142,0.008265094078908969,0.016959071159362793
loco_plateau,gnn_mean,46,b005_0374,e78a3e8bf3a5373c93d1d439c82fbdadf0d6d220b3240b14bb5f3bc3f6e4f09a,plateau,1,batch_005,sample_0626,False,0.00818252197054566,0.010520838999348787,0.016351401805877686
loco_plateau,gnn_mean,46,b005_0376,e2cf5195bd63a11d9d1ca2e66c51888dcca34e1ae84251c784a18a3f37096e59,plateau,3,batch_005,sample_0627,False,0.009732411899527565,0.01309454218017991,0.034187257289886475
loco_plateau,gnn_mean,46,b005_0377,3f7f8648f1cca1b0bde98bd8dd3709da82b522777e245fb04f2e547d74fb458c,plateau,3,batch_005,sample_0628,False,0.008216768503189087,0.009383954361171213,0.018189668655395508
loco_plateau,gnn_mean,46,b005_0378,046e2b649304ef7368e59229d0d93e66e7a45cef80450c188bed4c2d3d1fdc8d,plateau,11,batch_005,sample_0629,False,0.005282991000863373,0.007972871828318066,0.028129279613494873
loco_plateau,gnn_mean,46,b005_0379,1f409b6e03f9441ff3c5c3fc66e0db956031025ffca1702ed23e99238b6229c9,plateau,15,batch_005,sample_0630,False,0.007501318806507548,0.009334466583854062,0.022863388061523438
loco_plateau,gnn_mean,46,b005_0380,9373bd39ad3438c8b68e44ed9913af85cc6aa4598a1d16ee56e8aa54d6b7e8ad,plateau,7,batch_005,sample_0631,False,0.006863464402859328,0.009410884153856429,0.023411139845848083
loco_plateau,gnn_mean,46,b005_0381,69369739915ea5865caaa0a97202deb36c3f5d9d99624a932280b9ccaec1ad7a,plateau,8,batch_005,sample_0632,False,0.007871446795150882,0.010011532465782817,0.015001773834228516
loco_plateau,gnn_mean,46,b005_0382,2d2b38ecba4efd0196a13bbe391dd3bf0713ebf5519032458d2874f9b5b799ea,plateau,6,batch_005,sample_0633,False,0.011206604662488719,0.012931764173687252,0.02851608395576477
loco_plateau,gnn_mean,46,b005_0383,c3f96572b536df535317375fdc5e4706ac369468646788bb728a81d80ebbf8cd,plateau,9,batch_005,sample_0634,False,0.019281814821430893,0.023138538925022545,0.051027461886405945
loco_plateau,gnn_mean,46,b005_0384,4f787d72c2991ce6d0932240e622e61affe479a7fa2dd35ab8bcdc5923ff28ed,plateau,13,batch_005,sample_0635,False,0.015634638119916448,0.01811228888326269,0.06818258762359619
loco_plateau,gnn_mean,46,b005_0386,301947d5dbc16fbb140de6b8a02a472b8129263d9f0a15b48f047dc956897100,plateau,8,batch_005,sample_0636,False,0.010054813300976987,0.012358730501834782,0.0268709659576416
loco_plateau,gnn_mean,46,b005_0387,8de22ed78a2ba566ad5d579cb268e029471143e2f0356e36c926f297c636ec17,plateau,1,batch_005,sample_0637,False,0.010301630180634435,0.012167843817573779,0.03449675440788269
loco_plateau,gnn_mean,46,b005_0388,7018dd5a29322b02c1632cd20271bff3ce888a19228aa52114aa77b9400eb91b,plateau,10,batch_005,sample_0638,False,0.005929990992194317,0.00834023471855665,0.029252290725708008
loco_plateau,gnn_mean,46,b005_0391,befff6f241f67d94d7753d00fbb0c58bb90217d18320366e8efddcc6b98d1cf6,plateau,7,batch_005,sample_0639,False,0.007179128341987485,0.009948129186346528,0.020985126495361328
loco_plateau,gnn_mean,46,b005_0392,c8557ed9f63b99ebd2c6c477e7131c72de41dc16fb5e94bfd97d94fa611c210b,plateau,10,batch_005,sample_0640,False,0.015449355127381497,0.018244482408220086,0.0179939866065979
loco_plateau,gnn_mean,46,b005_0393,93eb3bacea701426087e75941806b407760420360c2377bbc814db1682f2a1d4,plateau,5,batch_005,sample_0641,False,0.00813621819996443,0.010512267844321632,0.03104865550994873
loco_plateau,gnn_mean,46,b005_0394,df92d1d4b0476ec691828cb2651348409e75a7cc4379821060d4a774189be132,plateau,9,batch_005,sample_0642,False,0.010688372933473743,0.012616125685378555,0.04316389560699463
loco_plateau,gnn_mean,46,b005_0395,83ecfc111bb85fd355498ca7b8a4bb47c26e405c679f3515a1aafc4d7cefab6c,plateau,5,batch_005,sample_0643,False,0.017245233303210775,0.02048871526455146,0.0361902117729187
loco_plateau,gnn_mean,46,b005_0397,c8766140f84f514dc30d7035d42f2067f8e50cef0a1eee335dbb302ad43b3441,plateau,1,batch_005,sample_0644,False,0.009413088442849332,0.011875970730269827,0.0245169997215271
loco_plateau,gnn_mean,46,b005_0398,c5312b8757553a4ab6a18f87cd43e9086663093a1069e7c08549a0cd2de261d6,plateau,13,batch_005,sample_0645,False,0.009792756350314031,0.015304174364461498,0.026766598224639893
