protocol,model,seed,stratum,group,case_count,geometry_count,equal_case_MAE,equal_case_RMSE,mean_case_RMSE,R2_pooled,maximum_positive_error,maximum_absolute_error,case_time_positive_error_q95,case_time_positive_error_q99,per_case_MAE_q50,per_case_MAE_q90,per_case_MAE_q95,per_case_MAE_q99,per_case_max_positive_error_q50,per_case_max_positive_error_q90,per_case_max_positive_error_q95,per_case_max_positive_error_q99
loco_plateau,fire_only,42,fire_family,plateau,103,103,0.013741564413984119,0.01785080511857239,0.01662233672424451,0.9945692218369852,0.09201528131961823,0.09201528131961823,0.03259183168411254,0.04731457114219667,0.011681659421959862,0.02120134742533574,0.02390009366952981,0.03527542362447646,0.03419137001037598,0.04797708988189697,0.05535643100738525,0.07948140025138861
loco_plateau,fire_only,42,crack_count,1,10,10,0.015561048292600715,0.0192430988263185,0.0185742170142734,0.9936705195375901,0.0373455286026001,0.06416589021682739,0.017461982369422906,0.0273949210345745,0.014381528633539795,0.021446915019731054,0.022038895368087487,0.022512479646772637,0.02802436053752899,0.03558607995510101,0.03646580427885055,0.03716958373785019
loco_plateau,fire_only,42,crack_count,10,3,3,0.017180944034636346,0.021226237092018763,0.0202440151826889,0.9914555821258931,0.0590817928314209,0.06774348020553589,0.038395106792449965,0.04674721360206608,0.015301042404331144,0.023574495999539483,0.024608677698940526,0.02543602305846136,0.03143209218978882,0.05355185270309448,0.05631682276725769,0.05852879881858826
loco_plateau,fire_only,42,crack_count,11,4,4,0.014415553541945628,0.017769218953091453,0.017607409562775497,0.9934560168088636,0.03790074586868286,0.06664133071899414,0.025542818009853353,0.030348424315452576,0.015422151347652811,0.017028951522756793,0.017104739427077964,0.0171653697505349,0.02849799394607544,0.035831314325332646,0.03686603009700775,0.037693802714347836
loco_plateau,fire_only,42,crack_count,12,1,1,0.021529821098827926,0.02457470234764762,0.02457470234764762,0.9913310131610266,0.04521578550338745,0.07146847248077393,0.03525298833847046,0.04166370034217834,0.021529821098827926,0.021529821098827926,0.021529821098827926,0.021529821098827926,0.04521578550338745,0.04521578550338745,0.04521578550338745,0.04521578550338745
loco_plateau,fire_only,42,crack_count,13,2,2,0.016166212983795857,0.018949334697283167,0.01894926446846384,0.9897563803851002,0.0366782546043396,0.07207024097442627,0.027323099970817565,0.03597925603389738,0.016166212983795857,0.01630543331142332,0.01632283585237675,0.016336757885139497,0.03473687171936035,0.03628997802734375,0.036484116315841676,0.03663942694664001
loco_plateau,fire_only,42,crack_count,14,2,2,0.014296619068892276,0.01901247964188098,0.01879981512074263,0.9940834048762384,0.04614052176475525,0.08156085014343262,0.029940074682235713,0.04462769508361815,0.014296619068892276,0.016628544728775493,0.016920035436260895,0.017153228002249218,0.040873244404792786,0.045087066292762754,0.045613794028759,0.046035176217556
loco_plateau,fire_only,42,crack_count,15,1,1,0.012882683120790075,0.020912027358877424,0.020912027358877424,0.9907147283059294,0.03577452898025513,0.09175992012023926,0.02795463800430298,0.03358831405639648,0.012882683120790075,0.012882683120790075,0.012882683120790075,0.012882683120790075,0.03577452898025513,0.03577452898025513,0.03577452898025513,0.03577452898025513
loco_plateau,fire_only,42,crack_count,2,7,7,0.01115498497244625,0.014364216765045316,0.013545540396579773,0.9965129514807326,0.042370498180389404,0.05387657880783081,0.020956188440322876,0.03137099266052246,0.008786059793878774,0.017287402074845113,0.019310448477502726,0.02092888559962882,0.031468749046325684,0.039206314086914065,0.04078840613365173,0.04205407977104187
loco_plateau,fire_only,42,crack_count,3,12,12,0.009879501205690899,0.013304449081202303,0.013020080936455113,0.997191567819111,0.04810434579849243,0.05575096607208252,0.02430500984191894,0.03755998730659484,0.009483976869798096,0.011272170138163645,0.014182106329158676,0.01693006342246396,0.035546720027923584,0.04174983501434326,0.04463922977447509,0.04741132259368897
loco_plateau,fire_only,42,crack_count,4,7,7,0.01258280499242857,0.015954713173405913,0.015458835870096388,0.9959587992401046,0.04746806621551514,0.05614960193634033,0.029193769395351402,0.04195035725831987,0.011836850008026499,0.016986563954441276,0.018523738971438074,0.019753478985035516,0.04243887960910797,0.04590022563934326,0.0466841459274292,0.04731128215789795
loco_plateau,fire_only,42,crack_count,5,11,11,0.012718234413848901,0.015551270514039862,0.01507809293175461,0.9947034862031188,0.044365882873535156,0.044365882873535156,0.027166634798049927,0.03743735551834097,0.011878638726765992,0.01719181728167612,0.017805299416306566,0.018296085124010923,0.03879594802856445,0.04414898157119751,0.04425743222236633,0.04434419274330139
loco_plateau,fire_only,42,crack_count,6,7,7,0.008012790948292131,0.01016602342279959,0.009967752471043647,0.9982577630264812,0.03425955772399902,0.03425955772399902,0.018538925051689147,0.025984926223754885,0.007321653490672346,0.0105889196278619,0.011135289524910878,0.011572385442550064,0.02623283863067627,0.02980751991271973,0.03203353881835937,0.03381435394287109
loco_plateau,fire_only,42,crack_count,7,13,13,0.01470222483855328,0.019055234389516812,0.017376139503343015,0.993740478418746,0.05586200952529907,0.07648932933807373,0.040715587139129636,0.05217066287994387,0.011198810500199677,0.024428504216866417,0.028019360562816984,0.03134911797574308,0.03844398260116577,0.055087751150131224,0.055424380302429195,0.055774483680725094
loco_plateau,fire_only,42,crack_count,8,18,18,0.01574028130172869,0.019780050109898244,0.018498914384054908,0.9936060558415021,0.07981342077255249,0.07981342077255249,0.03889785408973692,0.04940305113792416,0.014033341810840075,0.022059767076470813,0.025735734766501858,0.03341799795566522,0.03588113188743591,0.05773062705993653,0.065702548623085,0.07699124634265897
loco_plateau,fire_only,42,crack_count,9,5,5,0.020012958274512996,0.026549278938329902,0.024087354532619103,0.9901460300207297,0.09201528131961823,0.09201528131961823,0.05021761655807496,0.07239229738712306,0.018700221767191025,0.03300382130947269,0.03763814060414423,0.041345596039881465,0.04234147071838379,0.07414860427379609,0.08308194279670715,0.09022861361503601
loco_plateau,fire_only,42,source_batch,batch_004,39,39,0.012204015528068367,0.01612490967941086,0.014882666117571722,0.9955326431248676,0.05586200952529907,0.06416589021682739,0.027755348384380308,0.04538922309875474,0.010064314928699712,0.021318990040997993,0.022892244416670725,0.02954549937707477,0.029927045106887817,0.0455048680305481,0.05493068397045135,0.055584844350814816
loco_plateau,fire_only,42,source_batch,batch_005,64,64,0.014678508266339032,0.01882509225312372,0.01768244850018574,0.993988364799546,0.09201528131961823,0.09201528131961823,0.03495948682539164,0.047858530282974224,0.01432383408556219,0.020908184886955828,0.023664423368382637,0.03790410532692415,0.03701189160346985,0.048445057868957524,0.058526718616485576,0.08432810917496678
loco_plateau,fire_only,42,retained_or_restored,retained911,103,103,0.013741564413984119,0.01785080511857239,0.01662233672424451,0.9945692218369852,0.09201528131961823,0.09201528131961823,0.03259183168411254,0.04731457114219667,0.011681659421959862,0.02120134742533574,0.02390009366952981,0.03527542362447646,0.03419137001037598,0.04797708988189697,0.05535643100738525,0.07948140025138861
loco_plateau,fire_only,42,flat_response,nonflat,103,103,0.013741564413984119,0.01785080511857239,0.01662233672424451,0.9945692218369852,0.09201528131961823,0.09201528131961823,0.03259183168411254,0.04731457114219667,0.011681659421959862,0.02120134742533574,0.02390009366952981,0.03527542362447646,0.03419137001037598,0.04797708988189697,0.05535643100738525,0.07948140025138861
loco_plateau,fire_only,43,fire_family,plateau,103,103,0.013259453412169685,0.01741331433153273,0.016213354256892767,0.9948321568377414,0.08657479286193848,0.08928185701370239,0.03192090392112731,0.047337135970592505,0.011368790366610542,0.020925152594925923,0.0236427610282038,0.035713740073022304,0.03280162811279297,0.047296732664108276,0.05697730779647825,0.07804189473390584
loco_plateau,fire_only,43,crack_count,1,10,10,0.014729144244042577,0.018519840199038358,0.01792811431618027,0.9941373696344312,0.03431206941604614,0.06092268228530884,0.015530601143836973,0.027538042664527734,0.01415678993111751,0.02008603764850585,0.020625468685490183,0.021057013515077654,0.02824348211288452,0.03416132926940918,0.03423669934272766,0.034296995401382445
loco_plateau,fire_only,43,crack_count,10,3,3,0.018393645236075253,0.02252289919714381,0.021319821027822993,0.9903797791028615,0.057258427143096924,0.06524723768234253,0.039579831063747406,0.04816728353500368,0.0174797639006474,0.025910991772276456,0.02696489525623009,0.027808018043392994,0.031148716807365417,0.05203648507595062,0.05464745610952377,0.056736232936382296
loco_plateau,fire_only,43,crack_count,11,4,4,0.013864307923883688,0.017479945249476537,0.01728383652616232,0.9936673478425728,0.03607738018035889,0.06416326761245728,0.024245218932628626,0.02895184576511383,0.013807574867225083,0.017094187682769338,0.01746900862113374,0.017768865371825263,0.02615681290626526,0.03400794863700867,0.035042664408683775,0.03587043702602386
loco_plateau,fire_only,43,crack_count,12,1,1,0.02161727100610733,0.024268266108539483,0.024268266108539483,0.9915458624818632,0.038714706897735596,0.06899040937423706,0.03500545024871826,0.03726951479911804,0.02161727100610733,0.02161727100610733,0.02161727100610733,0.02161727100610733,0.038714706897735596,0.038714706897735596,0.038714706897735596,0.038714706897735596
loco_plateau,fire_only,43,crack_count,13,2,2,0.017781077471912883,0.02131811497202298,0.020742704851599077,0.9870352809499883,0.04486584663391113,0.06957399845123291,0.03535495549440384,0.04312517046928404,0.017781077471912883,0.021355195832057076,0.0218019606270751,0.022159372463089518,0.04006466269493103,0.043905609846115114,0.04438572824001312,0.04476982295513153
loco_plateau,fire_only,43,crack_count,14,2,2,0.015943052949475463,0.019660420583924473,0.019398424327889203,0.9936732607532714,0.043634265661239624,0.07908278703689575,0.028919380903244016,0.0418612316250801,0.015943052949475463,0.01876934857153502,0.019122635524292463,0.019405265086498417,0.03819061815738678,0.04254553616046906,0.04308990091085434,0.04352539271116257
loco_plateau,fire_only,43,crack_count,15,1,1,0.014292523997728943,0.021049980542572795,0.021049980542572795,0.9905918174259426,0.033221423625946045,0.08928185701370239,0.026859194040298462,0.033037889003753665,0.014292523997728943,0.014292523997728943,0.014292523997728943,0.014292523997728943,0.033221423625946045,0.033221423625946045,0.033221423625946045,0.033221423625946045
loco_plateau,fire_only,43,crack_count,2,7,7,0.01049128952119892,0.013725969554263374,0.013021052031858197,0.9968159479969346,0.04484856128692627,0.050633370876312256,0.016343110799789423,0.030722624063491823,0.00848046995577265,0.01613925534193633,0.017831359803676602,0.01918504337306882,0.03394681215286255,0.04168437719345093,0.04326646924018859,0.044532142877578736
loco_plateau,fire_only,43,crack_count,3,12,12,0.009984854517168684,0.013348617479160349,0.013137424087213976,0.9971728898789212,0.0505824089050293,0.052507758140563965,0.023793940246105164,0.03756709992885588,0.009525093020962886,0.01169810135711412,0.013685384685875936,0.015607188754394409,0.03663256764411926,0.04422789812088013,0.047117292881011956,0.04988938570022584
loco_plateau,fire_only,43,crack_count,4,7,7,0.010155706675134301,0.013414660883359533,0.013185535015335518,0.9971431211714983,0.04733306169509888,0.05797296762466431,0.02275741696357727,0.03300513058900834,0.010470324012710423,0.012463280607442387,0.012956171837009365,0.01335048482066295,0.03340357542037964,0.046565127372741696,0.04694909453392029,0.04725626826286316
loco_plateau,fire_only,43,crack_count,5,11,11,0.012538091161589509,0.015396596851841913,0.014908288337015225,0.9948083209983606,0.04684394598007202,0.04684394598007202,0.025620028376579285,0.03811668455600719,0.013301919962539047,0.01871254991312496,0.018980298130238642,0.01919449670392959,0.04127401113510132,0.04664522409439087,0.046744585037231445,0.046824073791503905
loco_plateau,fire_only,43,crack_count,6,7,7,0.008153939737438878,0.010197707610278191,0.010063324842230313,0.9982468861313678,0.0320279598236084,0.0320279598236084,0.019382384419441206,0.02733746469020844,0.0078004554646914125,0.009949282397989367,0.010093824406627748,0.010209458013538454,0.02756422758102417,0.03025144338607788,0.031139701604843136,0.03185030817985535
loco_plateau,fire_only,43,crack_count,7,13,13,0.014008763040713072,0.018744784932901454,0.016854926323552354,0.9939427782295406,0.057832956314086914,0.07401126623153687,0.04162726998329162,0.05273822069168092,0.010524676960022723,0.0240663654002987,0.028112895762334094,0.03259993607880639,0.04092204570770264,0.05688897371292115,0.057632827758789064,0.05779293060302734
loco_plateau,fire_only,43,crack_count,8,18,18,0.01495883485068226,0.01937530069461076,0.01800336267073871,0.9938650508614576,0.08657479286193848,0.08657479286193848,0.03914155177772045,0.050463998019695276,0.011780138203843694,0.022741846178398757,0.025695276736724552,0.03459417247137083,0.03427457809448242,0.05759239047765733,0.07073096036911009,0.08340602636337277
loco_plateau,fire_only,43,crack_count,9,5,5,0.018743856080242843,0.024359046504072453,0.022658963368152908,0.9917048099016348,0.07824815809726715,0.0788421630859375,0.04715003371238709,0.062478075623512264,0.01856310653393386,0.029405893324339977,0.03258014367740662,0.035119543959859945,0.04199337959289551,0.06580946147441864,0.07202880978584289,0.0770042884349823
loco_plateau,fire_only,43,source_batch,batch_004,39,39,0.012145465962548074,0.016084077444104814,0.014828360176128473,0.9955552393706164,0.05749940872192383,0.06092268228530884,0.029083058238029466,0.04621028900146471,0.009866217120749051,0.020205911212280152,0.022990710056218947,0.03016945590738388,0.02906709909439087,0.0469417691230774,0.05096889138221741,0.05633958220481872
loco_plateau,fire_only,43,source_batch,batch_005,64,64,0.013938289514282855,0.01817571259220844,0.01705733502485851,0.9943959592342175,0.08657479286193848,0.08928185701370239,0.03357860669493675,0.04769187092781065,0.012025113782433212,0.021097032383817146,0.023520048133662482,0.036148259909060156,0.03510299324989319,0.04850260317325593,0.05774677693843841,0.08132901296019553
loco_plateau,fire_only,43,retained_or_restored,retained911,103,103,0.013259453412169685,0.01741331433153273,0.016213354256892767,0.9948321568377414,0.08657479286193848,0.08928185701370239,0.03192090392112731,0.047337135970592505,0.011368790366610542,0.020925152594925923,0.0236427610282038,0.035713740073022304,0.03280162811279297,0.047296732664108276,0.05697730779647825,0.07804189473390584
loco_plateau,fire_only,43,flat_response,nonflat,103,103,0.013259453412169685,0.01741331433153273,0.016213354256892767,0.9948321568377414,0.08657479286193848,0.08928185701370239,0.03192090392112731,0.047337135970592505,0.011368790366610542,0.020925152594925923,0.0236427610282038,0.035713740073022304,0.03280162811279297,0.047296732664108276,0.05697730779647825,0.07804189473390584
loco_plateau,fire_only,44,fire_family,plateau,103,103,0.013803190254943821,0.017946022107579576,0.01679200787856236,0.9945111312954477,0.08311423659324646,0.0901491641998291,0.03184300661087036,0.04725949734449392,0.011827911570912501,0.021311674743402197,0.022980663583415453,0.03413591981666988,0.033291518688201904,0.048367673158645624,0.05471284985542297,0.08213558912277229
loco_plateau,fire_only,44,crack_count,1,10,10,0.016537331267580634,0.020302795684152056,0.01969377128632771,0.9929542094071215,0.03583022952079773,0.06336897611618042,0.015511249005794515,0.027595622241497027,0.017012669597981405,0.022791651673004273,0.022893354663106262,0.02297471705518785,0.029135242104530334,0.034240296483039855,0.03503526300191879,0.035671236217021944
loco_plateau,fire_only,44,crack_count,10,3,3,0.016999273148716475,0.0213381696113415,0.019936819776248445,0.9913652298032859,0.057827770709991455,0.06612813472747803,0.04047881364822388,0.04747176647186281,0.013047460161271642,0.02470104156947527,0.02615773924550072,0.027323097386321084,0.028892040252685547,0.052040624618530276,0.05493419766426086,0.05724905610084534
loco_plateau,fire_only,44,crack_count,11,4,4,0.015698890094874334,0.018744917769025676,0.018521606791148486,0.9927176327485551,0.03664672374725342,0.06503057479858398,0.02520327270030975,0.030140346288681025,0.016658044985083283,0.0187186131711866,0.018909663181813037,0.019062503190314183,0.0265943706035614,0.0345772922039032,0.03561200797557831,0.03643978059291839
loco_plateau,fire_only,44,crack_count,12,1,1,0.022851116955280304,0.025587516011852194,0.025587516011852194,0.9906017267903297,0.041841283440589905,0.06985771656036377,0.03626778721809387,0.04059785604476929,0.022851116955280304,0.022851116955280304,0.022851116955280304,0.022851116955280304,0.041841283440589905,0.041841283440589905,0.041841283440589905,0.041841283440589905
loco_plateau,fire_only,44,crack_count,13,2,2,0.018658312007052,0.02134273076542359,0.021184341244056812,0.9870053232264318,0.03866136074066162,0.07045489549636841,0.0337745040655136,0.03721404135227202,0.018658312007052,0.02036567875107781,0.020579099594081034,0.020749836268483614,0.03700512647628784,0.038330113887786864,0.038495737314224246,0.038628236055374146
loco_plateau,fire_only,44,crack_count,14,2,2,0.014161565875420806,0.01846715306508235,0.018389421770145575,0.9944179435394921,0.04406791925430298,0.07995009422302246,0.029627324640750873,0.04107840329408644,0.014161565875420806,0.015142438377513261,0.015265047440274817,0.015363134690484063,0.03858530521392822,0.04297139644622803,0.0435196578502655,0.04395826697349548
loco_plateau,fire_only,44,crack_count,15,1,1,0.013182985733767024,0.020867691716801494,0.020867691716801494,0.9907540580261572,0.033221304416656494,0.0901491641998291,0.026826471090316772,0.03270313739776611,0.013182985733767024,0.013182985733767024,0.013182985733767024,0.013182985733767024,0.033221304416656494,0.033221304416656494,0.033221304416656494,0.033221304416656494
loco_plateau,fire_only,44,crack_count,2,7,7,0.011717315518953761,0.015087427738546589,0.014318885555110837,0.9961529795424192,0.04398125410079956,0.05307966470718384,0.023274840414524073,0.0321957612037659,0.008466407534528951,0.018630324963663448,0.020008730790654163,0.02111145545224674,0.03555262088775635,0.04081707000732422,0.042399162054061884,0.04366483569145203
loco_plateau,fire_only,44,crack_count,3,12,12,0.010516136263807612,0.013864303705834696,0.013634881685786812,0.9969502357027403,0.04971510171890259,0.05495405197143555,0.023959499597549436,0.03684848070144651,0.009692539354083967,0.011964202269178922,0.014608647234615729,0.017165887597642964,0.03564596176147461,0.04336059093475342,0.04624998569488525,0.04902207851409913
loco_plateau,fire_only,44,crack_count,4,7,7,0.011485871331072664,0.01490159340069756,0.014680965772728889,0.9964746857025973,0.04758825898170471,0.057403624057769775,0.027366621792316432,0.0417162743210793,0.011236647189762748,0.014889557513057207,0.014965880045392474,0.015026938071260687,0.03755512833595276,0.046914756298065186,0.04725150763988495,0.04752090871334076
loco_plateau,fire_only,44,crack_count,5,11,11,0.01283598001407884,0.015860604948135036,0.01527538484699837,0.994490681858719,0.04597663879394531,0.04597663879394531,0.026497945189476013,0.040444315969944,0.01188438910929883,0.018621546567463485,0.0187425880738702,0.018839421278995568,0.04040670394897461,0.04576432704925537,0.04587048292160034,0.04595540761947632
loco_plateau,fire_only,44,crack_count,6,7,7,0.008909773037919394,0.011137447941818267,0.010885048311357002,0.9979088923625067,0.02819979190826416,0.02819979190826416,0.021314741671085356,0.02704302400350571,0.008474529705575256,0.011745822038806853,0.013026229878429503,0.014050556150127628,0.02669692039489746,0.02793736457824707,0.028068578243255614,0.02817354917526245
loco_plateau,fire_only,44,crack_count,7,13,13,0.014217614516860148,0.018918628557250978,0.01712243844222692,0.9938299049882141,0.057067275047302246,0.07487857341766357,0.04246128797531127,0.05161974668502808,0.010539079054457242,0.025766568398866502,0.028931160320024015,0.031301648279682535,0.04005473852157593,0.0546324610710144,0.05570285320281982,0.05679439067840576
loco_plateau,fire_only,44,crack_count,8,18,18,0.014643445130919391,0.018775372625088778,0.01773206905862034,0.9942390886266683,0.08246272802352905,0.08246272802352905,0.0377007856965065,0.049102281481027577,0.012560126509089938,0.020245503451003406,0.023690490210886844,0.032083432255465456,0.03462710976600647,0.057325093448162084,0.0685593247413635,0.07968204736709592
loco_plateau,fire_only,44,crack_count,9,5,5,0.0200593819383715,0.02648530559630635,0.024105684910666256,0.990193461206738,0.08311423659324646,0.08311423659324646,0.049694418907165534,0.08011052727699274,0.017957805610093913,0.03248319526920553,0.03687095160855621,0.04038115668003676,0.04112964868545532,0.06788076758384705,0.07549750208854675,0.08159088969230652
loco_plateau,fire_only,44,source_batch,batch_004,39,39,0.01263211204969066,0.01654411598465482,0.015378944217166204,0.9952973441395371,0.05479323863983154,0.06336897611618042,0.028517216444015496,0.04730582267045968,0.010092923509292915,0.021444610836075954,0.023391127256584956,0.03001763396820083,0.03099769353866577,0.04711562395095826,0.05235787034034729,0.054487761259078976
loco_plateau,fire_only,44,source_batch,batch_005,64,64,0.01451681603626997,0.01874897784805379,0.01765309354722564,0.9940368795152652,0.08311423659324646,0.0901491641998291,0.03406156301498413,0.04706960052251816,0.013234756581607412,0.02042352359314434,0.022838807063268834,0.03680017263368991,0.03582224249839783,0.04827024638652802,0.05771369636058807,0.08270378619432449
loco_plateau,fire_only,44,retained_or_restored,retained911,103,103,0.013803190254943821,0.017946022107579576,0.01679200787856236,0.9945111312954477,0.08311423659324646,0.0901491641998291,0.03184300661087036,0.04725949734449392,0.011827911570912501,0.021311674743402197,0.022980663583415453,0.03413591981666988,0.033291518688201904,0.048367673158645624,0.05471284985542297,0.08213558912277229
loco_plateau,fire_only,44,flat_response,nonflat,103,103,0.013803190254943821,0.017946022107579576,0.01679200787856236,0.9945111312954477,0.08311423659324646,0.0901491641998291,0.03184300661087036,0.04725949734449392,0.011827911570912501,0.021311674743402197,0.022980663583415453,0.03413591981666988,0.033291518688201904,0.048367673158645624,0.05471284985542297,0.08213558912277229
loco_plateau,fire_only,45,fire_family,plateau,103,103,0.01332810462412301,0.017292834953174647,0.01621333177514767,0.9949034200827265,0.07838745415210724,0.09128755331039429,0.030781877040863007,0.04552769243717195,0.01178085193282268,0.02095768341764075,0.02254452761568006,0.03423492226444308,0.032936811447143555,0.04665969610214233,0.05522341728210448,0.07027282595634464
loco_plateau,fire_only,45,crack_count,1,10,10,0.016188171405161992,0.01976506534230342,0.01912525645800464,0.9933224899243871,0.035757601261138916,0.06159067153930664,0.015680658817291252,0.026388319134712183,0.015967225900194684,0.021893277300185844,0.022259605602651344,0.022552668244623746,0.029745832085609436,0.03265149593353271,0.034204548597335814,0.0354469907283783
loco_plateau,fire_only,45,crack_count,10,3,3,0.017133259870966925,0.021206217061777926,0.020255372805642054,0.9914716922667597,0.06043726205825806,0.06725835800170898,0.03919792771339417,0.047949635982513464,0.014076955005770823,0.023346392443922698,0.02450507212369168,0.02543201586750687,0.030331134796142578,0.05441603660583496,0.057426649332046505,0.05983513951301574
loco_plateau,fire_only,45,crack_count,11,4,4,0.015341405741503982,0.018552440823854703,0.01836802737776269,0.9928664188248432,0.03925621509552002,0.06616896390914917,0.025215567648410795,0.031691514849662775,0.01613643264672795,0.018184473939606403,0.018357135318830365,0.01849526442220954,0.028625309467315674,0.037186783552169804,0.03822149932384491,0.039049271941184995
loco_plateau,fire_only,45,crack_count,12,1,1,0.0206518362535805,0.023708749394313562,0.023708749394313562,0.9919311971679393,0.03738626837730408,0.07099610567092896,0.0340980589389801,0.036985081434249875,0.0206518362535805,0.0206518362535805,0.0206518362535805,0.0206518362535805,0.03738626837730408,0.03738626837730408,0.03738626837730408,0.03738626837730408
loco_plateau,fire_only,45,crack_count,13,2,2,0.011807702481746674,0.015646249762655884,0.01563745528861662,0.9930162927321659,0.03814631700515747,0.07158511877059937,0.02867370843887326,0.037223937511444066,0.011807702481746674,0.011862206630042341,0.011869019648579301,0.011874470063408868,0.03614899516105652,0.03774685263633728,0.03794658482074738,0.038106370568275455
loco_plateau,fire_only,45,crack_count,14,2,2,0.013541267787823911,0.018526909217070908,0.018357698296808105,0.9943817601727718,0.04352205991744995,0.08108848333358765,0.031184038519859285,0.042494796812534326,0.013541267787823911,0.01570686399936676,0.015977563525809615,0.0161941231469639,0.03901359438896179,0.04262036681175232,0.04307121336460114,0.043431890606880186
loco_plateau,fire_only,45,crack_count,15,1,1,0.013567690233715245,0.021377465482430226,0.021377465482430226,0.9902968048283189,0.03467369079589844,0.09128755331039429,0.029310107231140137,0.03388991355895996,0.013567690233715245,0.013567690233715245,0.013567690233715245,0.013567690233715245,0.03467369079589844,0.03467369079589844,0.03467369079589844,0.03467369079589844
loco_plateau,fire_only,45,crack_count,2,7,7,0.011837602630083119,0.01481431243660812,0.014151056013830854,0.9962909978146276,0.042842864990234375,0.049639880657196045,0.01700979378074407,0.030818089842796336,0.010021952820605919,0.017535876446082947,0.019285010827369373,0.020684318332398522,0.031941115856170654,0.039678680896759036,0.0412607729434967,0.04252644658088684
loco_plateau,fire_only,45,crack_count,3,12,12,0.010443160651363637,0.013578321862164398,0.013286110692542555,0.9970747543147677,0.0485767126083374,0.051514267921447754,0.02143713235855102,0.036525394916534414,0.01010239796071756,0.012801095024972666,0.014805500771178572,0.016712588589699543,0.03580141067504883,0.04222220182418823,0.04511159658432006,0.04788368940353394
loco_plateau,fire_only,45,crack_count,4,7,7,0.010742675410518182,0.013757792600107593,0.013485490277515277,0.9969951005780852,0.04532736539840698,0.054794132709503174,0.023098104447126382,0.03114198148250581,0.011194428703824028,0.013934238438234955,0.014326464403115333,0.014640245175019639,0.031397879123687744,0.0445594310760498,0.04494339823722839,0.045250571966171264
loco_plateau,fire_only,45,crack_count,5,11,11,0.012189786811810314,0.015030421607965442,0.014606036956357088,0.9950523304974549,0.04483824968338013,0.04483824968338013,0.023316487669944763,0.03777854442596426,0.011512118040538226,0.015832732935420802,0.017804147645098266,0.019381279412840235,0.039268314838409424,0.044634103775024414,0.04473617672920227,0.044817835092544556
loco_plateau,fire_only,45,crack_count,6,7,7,0.008597637620477543,0.010796193121959239,0.010514246894813003,0.9980350735296515,0.03169208765029907,0.03169208765029907,0.018090140819549558,0.026247986555099488,0.007043454246442826,0.011603289818177459,0.012107394879958669,0.012510678929383637,0.02618575096130371,0.028913676738739014,0.03030288219451904,0.031414246559143065
loco_plateau,fire_only,45,crack_count,7,13,13,0.01441739189049786,0.018676891118474807,0.017081277026814775,0.9939865774110338,0.05733007192611694,0.07601696252822876,0.03973454236984253,0.051690527200698916,0.01178085193282268,0.022754088337304162,0.026801716756136677,0.03134555907767326,0.03891634941101074,0.05454422235488892,0.056192100048065186,0.05710247755050659
loco_plateau,fire_only,45,crack_count,8,18,18,0.014383294667118997,0.018532229262261394,0.017278768528190203,0.9943873314974806,0.0704735517501831,0.0704735517501831,0.037700667977332965,0.0492541444301605,0.012377594368623904,0.020612536932601302,0.023284717429368204,0.032073508278756824,0.03723660111427307,0.054594779014587404,0.057599994540214514,0.06789884030818936
loco_plateau,fire_only,45,crack_count,9,5,5,0.017850760333850735,0.02400983946350163,0.02223522725900499,0.9919409419040789,0.07838745415210724,0.0808478593826294,0.046410608291626,0.06106694996356962,0.0171704392452709,0.02893992714950296,0.0326061025261879,0.03553904282753585,0.042733848094940186,0.06497280299663544,0.07168012857437134,0.07704598903656006
loco_plateau,fire_only,45,source_batch,batch_004,39,39,0.012197020211143121,0.01598073985397311,0.014730046828490235,0.9956121696303545,0.05733007192611694,0.06159067153930664,0.027012372016906733,0.04486438393592832,0.01023742214578097,0.02134979416112431,0.022664858663424117,0.0288843111535076,0.029859304428100586,0.04503110647201538,0.049262386560440075,0.056609356403350825
loco_plateau,fire_only,45,source_batch,batch_005,64,64,0.014017359188282633,0.018045672390230118,0.017117208539517037,0.99447586186526,0.07838745415210724,0.09128755331039429,0.032350324094295495,0.04680269300937653,0.012674805296004796,0.020141401569374273,0.021741992393966576,0.035011287598458465,0.035652220249176025,0.04917528033256532,0.0551710307598114,0.07340169563889501
loco_plateau,fire_only,45,retained_or_restored,retained911,103,103,0.01332810462412301,0.017292834953174647,0.01621333177514767,0.9949034200827265,0.07838745415210724,0.09128755331039429,0.030781877040863007,0.04552769243717195,0.01178085193282268,0.02095768341764075,0.02254452761568006,0.03423492226444308,0.032936811447143555,0.04665969610214233,0.05522341728210448,0.07027282595634464
loco_plateau,fire_only,45,flat_response,nonflat,103,103,0.01332810462412301,0.017292834953174647,0.01621333177514767,0.9949034200827265,0.07838745415210724,0.09128755331039429,0.030781877040863007,0.04552769243717195,0.01178085193282268,0.02095768341764075,0.02254452761568006,0.03423492226444308,0.032936811447143555,0.04665969610214233,0.05522341728210448,0.07027282595634464
loco_plateau,fire_only,46,fire_family,plateau,103,103,0.013806498264702677,0.017973399633414978,0.01688545546539871,0.9944943714511545,0.10089898109436035,0.10089898109436035,0.03262815475463867,0.047534081339836234,0.011996344831146177,0.02124936722341131,0.02327620438376411,0.033516267848307975,0.03481113910675049,0.05127041339874267,0.05545898377895355,0.0923100265860558
loco_plateau,fire_only,46,crack_count,1,10,10,0.01615339453774886,0.01996449997695239,0.01936607282687705,0.9931870544483693,0.0357205867767334,0.06282150745391846,0.018178719282150268,0.029170684814453122,0.01575154174485656,0.021628751593535063,0.022301136213736455,0.02283904390989757,0.03152751922607422,0.03490208387374878,0.03531133532524109,0.03563873648643494
loco_plateau,fire_only,46,crack_count,10,3,3,0.017578260006148958,0.02158702591827692,0.020511040341390972,0.9911626494183533,0.05877196788787842,0.06386423110961914,0.03919500410556794,0.047834504246711755,0.015194380381068245,0.02449196919066007,0.025654167791859046,0.02658392667281823,0.03208182752132416,0.053433939814567566,0.05610295385122299,0.058238165080547334
loco_plateau,fire_only,46,crack_count,11,4,4,0.01467748212276912,0.017957823339588008,0.01778026493513722,0.9933163624964741,0.03759092092514038,0.06275475025177002,0.0230561226606369,0.030473089814186092,0.015321569242438332,0.017218009834406807,0.017311931377063033,0.017387068611188012,0.027568548917770386,0.035521489381790165,0.03655620515346527,0.037383977770805356
loco_plateau,fire_only,46,crack_count,12,1,1,0.023309835889300363,0.025882703506511572,0.025882703506511572,0.990383631751442,0.0410802960395813,0.0675818920135498,0.03588610887527466,0.04023216366767883,0.023309835889300363,0.023309835889300363,0.023309835889300363,0.023309835889300363,0.0410802960395813,0.0410802960395813,0.0410802960395813,0.0410802960395813
loco_plateau,fire_only,46,crack_count,13,2,2,0.01694412566110736,0.01939068396255061,0.01925714339879772,0.9892736548890034,0.03632539510726929,0.06819099187850952,0.02933498024940489,0.035720562934875466,0.01694412566110736,0.018635750720735457,0.018847203853188967,0.019016366359151778,0.03439953923225403,0.03594022393226624,0.03613280951976776,0.036286877989768984
loco_plateau,fire_only,46,crack_count,14,2,2,0.014705038156177175,0.018644636016421384,0.01851816720334827,0.9943101325926038,0.041512876749038696,0.0776742696762085,0.028017541766166682,0.0381871125102043,0.014705038156177175,0.016708922911374293,0.016959408505773935,0.017159796981293645,0.037784889340400696,0.04076727926731109,0.041140078008174895,0.041438317000865935
loco_plateau,fire_only,46,crack_count,15,1,1,0.014389851054207224,0.02090830623314095,0.02090830623314095,0.990718032489573,0.0342254638671875,0.08787333965301514,0.02967354655265808,0.03357586860656738,0.014389851054207224,0.014389851054207224,0.014389851054207224,0.014389851054207224,0.0342254638671875,0.0342254638671875,0.0342254638671875,0.0342254638671875
loco_plateau,fire_only,46,crack_count,2,7,7,0.011352069675922394,0.014778093492314298,0.014045083186033498,0.9963091116390078,0.046257078647613525,0.052532196044921875,0.022161203622817992,0.034831305146217365,0.008579410979005157,0.017777080320921103,0.019687995143601148,0.021216727001745192,0.035355329513549805,0.043092894554138186,0.04467498660087585,0.04594066023826599
loco_plateau,fire_only,46,crack_count,3,12,12,0.010526958944611862,0.014003524184110624,0.013773916885251153,0.9968886788523799,0.05199092626571655,0.054406583309173584,0.026490437984466538,0.04012952327728269,0.0094869357274204,0.012350746726647753,0.014792284525198035,0.01710324844559197,0.0386490523815155,0.04563641548156738,0.04852581024169921,0.05129790306091309
loco_plateau,fire_only,46,crack_count,4,7,7,0.010998551293213,0.014755133734358461,0.014544941731135111,0.9965436419605538,0.04874157905578613,0.05645942687988281,0.027859216928482047,0.03933270573616028,0.011583822916765681,0.013207654361842111,0.014254754134377493,0.015092433952405802,0.03729313611984253,0.04797364473342895,0.04835761189460754,0.048664785623550415
loco_plateau,fire_only,46,crack_count,5,11,11,0.01275588786049056,0.01582482317037814,0.015355287232186616,0.9945155120376622,0.04825246334075928,0.04825246334075928,0.026053331792354584,0.03996555656194675,0.012464686495358826,0.01759199773679014,0.018167441863505565,0.018627797164877908,0.042682528495788574,0.04802823066711426,0.04814034700393677,0.04823004007339478
loco_plateau,fire_only,46,crack_count,6,7,7,0.008795838305765908,0.011208005448023785,0.010952824832938633,0.9978823134377549,0.033968567848205566,0.033968567848205566,0.020053103566169732,0.028863071203231814,0.0080677971365999,0.011220666521885359,0.012469399744858504,0.013468386323237026,0.028972744941711426,0.031872797012329104,0.03292068243026733,0.03375899076461792
loco_plateau,fire_only,46,crack_count,7,13,13,0.014575376979828183,0.019239706837369013,0.017460542755319382,0.9936186957551163,0.0762602686882019,0.0762602686882019,0.04282673597335815,0.051702284812927275,0.011603087919657348,0.026170572443086598,0.02944645897531118,0.0319111684819714,0.04233056306838989,0.05540881752967834,0.06380959749221798,0.07377013444900511
loco_plateau,fire_only,46,crack_count,8,18,18,0.015282144836185736,0.01952631603671443,0.018501318187632246,0.9937690438865575,0.10089898109436035,0.10089898109436035,0.036943684518337246,0.051187066435813895,0.013993956545581583,0.021340518359278072,0.023615326921715096,0.031552225328126876,0.03643852472305298,0.061478728055953995,0.08255731463432309,0.09723064780235287
loco_plateau,fire_only,46,crack_count,9,5,5,0.01977413125702592,0.02580811395563712,0.023907895866856193,0.990688528692614,0.09257511794567108,0.09257511794567108,0.04775828123092652,0.07709658086299889,0.018714032090101085,0.030580308263907667,0.03404584018910517,0.03681826572926318,0.04191476106643677,0.07375960648059846,0.08316736221313475,0.09069356679916382
loco_plateau,fire_only,46,source_batch,batch_004,39,39,0.012796675877981497,0.01667297719180702,0.01553161876656809,0.9952238013860208,0.05550915002822876,0.06282150745391846,0.02950737476348876,0.04794936120510093,0.010052413481180786,0.021503248224492934,0.023415422189186835,0.030576117499197104,0.033147454261779785,0.04913599491119385,0.05229258239269257,0.05531851828098297
loco_plateau,fire_only,46,source_batch,batch_005,64,64,0.01442185878161089,0.018721603560579978,0.017710449703748625,0.9940542796114101,0.10089898109436035,0.10089898109436035,0.033748727291822433,0.04719886273145675,0.013831467566187264,0.02077951761054211,0.023093041582185708,0.03500717113802178,0.036338210105895996,0.05165712535381317,0.07363702356815328,0.09565494731068609
loco_plateau,fire_only,46,retained_or_restored,retained911,103,103,0.013806498264702677,0.017973399633414978,0.01688545546539871,0.9944943714511545,0.10089898109436035,0.10089898109436035,0.03262815475463867,0.047534081339836234,0.011996344831146177,0.02124936722341131,0.02327620438376411,0.033516267848307975,0.03481113910675049,0.05127041339874267,0.05545898377895355,0.0923100265860558
loco_plateau,fire_only,46,flat_response,nonflat,103,103,0.013806498264702677,0.017973399633414978,0.01688545546539871,0.9944943714511545,0.10089898109436035,0.10089898109436035,0.03262815475463867,0.047534081339836234,0.011996344831146177,0.02124936722341131,0.02327620438376411,0.033516267848307975,0.03481113910675049,0.05127041339874267,0.05545898377895355,0.0923100265860558
loco_plateau,global_stats,42,fire_family,plateau,103,103,0.011270616722792582,0.014885282005981815,0.013850430586546034,0.9962237513815082,0.07148663699626923,0.08545023202896118,0.028089061379432675,0.041423164904117606,0.00977876684704765,0.017033565435253206,0.021225943086577242,0.030513451497574326,0.028600335121154785,0.04551516771316528,0.047958604991436,0.06774046421051029
loco_plateau,global_stats,42,crack_count,1,10,10,0.009684638279016878,0.012371476538674826,0.0122264131346865,0.997383859194143,0.04504173994064331,0.04504173994064331,0.023022267967462505,0.035957571566104886,0.009828121202890991,0.011616325033370588,0.01184848999665653,0.012034221967285286,0.03375256061553955,0.03992765247821808,0.04248469620943069,0.044530331194400787
loco_plateau,global_stats,42,crack_count,10,3,3,0.016225700414245897,0.019323327148089178,0.018902208411179535,0.992918907438735,0.04968857765197754,0.04968857765197754,0.03245123326778412,0.04221751391887666,0.015239268052773397,0.019763344819428492,0.02032885441526038,0.02078126209192589,0.02794039249420166,0.04533894062042236,0.04751375913619995,0.04925361394882202
loco_plateau,global_stats,42,crack_count,11,4,4,0.015192960801183202,0.018100031783533525,0.017413795408933553,0.9932100875802296,0.04308438301086426,0.04308438301086426,0.01603298485279083,0.027570337057113613,0.014708358977661758,0.02033654111819189,0.021027236138699484,0.021579792155105557,0.035064250230789185,0.042236429452896115,0.04266040623188019,0.042999587655067444
loco_plateau,global_stats,42,crack_count,12,1,1,0.009268560187249888,0.011452269464690046,0.011452269464690046,0.9981173268568853,0.027669072151184082,0.027669072151184082,0.023179292678833008,0.02651511430740356,0.009268560187249888,0.009268560187249888,0.009268560187249888,0.009268560187249888,0.027669072151184082,0.027669072151184082,0.027669072151184082,0.027669072151184082
loco_plateau,global_stats,42,crack_count,13,2,2,0.007960301564365137,0.012200400727266187,0.012188611726785644,0.9957536704037522,0.06793475151062012,0.06793475151062012,0.010484343767166135,0.018552073836326587,0.007960301564365137,0.008621207539175377,0.008703820786026658,0.008769911383507682,0.0434173047542572,0.06303126215934754,0.06548300683498383,0.06744440257549286
loco_plateau,global_stats,42,crack_count,14,2,2,0.009741879969102437,0.011686238206624315,0.011653447328673305,0.9977646589365596,0.026963621377944946,0.026963621377944946,0.016422848403453826,0.024395442008972156,0.009741879969102437,0.011053372376033517,0.011217308926899901,0.01134845816759301,0.025144144892692566,0.02659972608089447,0.026781673729419708,0.026927231848239898
loco_plateau,global_stats,42,crack_count,15,1,1,0.011885778337228493,0.015097551574857645,0.015097551574857645,0.9951603340861547,0.01870262622833252,0.04056522250175476,0.0015679001808166504,0.009475308656692483,0.011885778337228493,0.011885778337228493,0.011885778337228493,0.011885778337228493,0.01870262622833252,0.01870262622833252,0.01870262622833252,0.01870262622833252
loco_plateau,global_stats,42,crack_count,2,7,7,0.009159252867626083,0.012085461329463348,0.011680637475343798,0.9975315714785736,0.046417236328125,0.046417236328125,0.022415239363908768,0.03723821848630908,0.007462753624212546,0.012346979609278384,0.014035313900132644,0.015385981332816058,0.0294552743434906,0.04213206768035889,0.04427465200424194,0.045988719463348385
loco_plateau,global_stats,42,crack_count,3,12,12,0.008351351765539151,0.010491386870532757,0.010317955129744755,0.9982536312423361,0.033828020095825195,0.03580588102340698,0.0198814570903778,0.026916578859090764,0.008249607242521693,0.010278040482128254,0.010945353959305364,0.011547182841745557,0.023584634065628052,0.03266975581645966,0.03331374377012253,0.03372516483068466
loco_plateau,global_stats,42,crack_count,4,7,7,0.010742321970329491,0.013965739707955546,0.013455694308156454,0.9969035768141743,0.04710894823074341,0.047895967960357666,0.02690227925777435,0.04101352810859681,0.008391910339476632,0.015203697438977782,0.015725717948535913,0.016143334356182423,0.030567586421966553,0.04558801949024201,0.04634848386049271,0.046956855356693264
loco_plateau,global_stats,42,crack_count,5,11,11,0.011129383439123187,0.014150275185248348,0.013466592854944543,0.9956148129028232,0.044783055782318115,0.044783055782318115,0.02810010313987732,0.03591086864471429,0.00977876684704765,0.01671056000546354,0.017584647876439527,0.018283918173220316,0.0338444709777832,0.04247617721557617,0.043629616498947144,0.044552367925643925
loco_plateau,global_stats,42,crack_count,6,7,7,0.008023281880508262,0.01020210899324899,0.009981428749008692,0.9982453724988962,0.029345929622650146,0.029345929622650146,0.01816253364086151,0.02358931124210358,0.007012124127540432,0.01073640704643531,0.011450086876017146,0.012021030739682617,0.0227544903755188,0.02785722315311432,0.02860157638788223,0.029197058975696563
loco_plateau,global_stats,42,crack_count,7,13,13,0.013236258911793348,0.017673362864628204,0.016265203673508904,0.9946154310881604,0.05822038650512695,0.08545023202896118,0.03539348840713501,0.04889374494552613,0.009896078070656199,0.021548053426820726,0.025021128429741146,0.028472433998936505,0.029245495796203613,0.045362234115600586,0.05096372365951536,0.05676905393600463
loco_plateau,global_stats,42,crack_count,8,18,18,0.01284343149268725,0.01671191000017067,0.015611935360800725,0.9954357834610535,0.054299235343933105,0.06935292482376099,0.03429305627942085,0.04152543544769287,0.011335419460398252,0.019489757179236806,0.022653991857268758,0.02896079534267791,0.029457300901412964,0.047366882860660556,0.04898994490504264,0.053237377256155
loco_plateau,global_stats,42,crack_count,9,5,5,0.015330584970165474,0.02099261018702188,0.018699936421744025,0.9938391780624519,0.07148663699626923,0.07148663699626923,0.04148407280445099,0.06370886325836178,0.013468413690074545,0.02612362309801774,0.029854706027468692,0.03283957237102946,0.03711479902267456,0.06114539206027985,0.06631601452827453,0.07045251250267029
loco_plateau,global_stats,42,source_batch,batch_004,39,39,0.010340756327602833,0.01359454056751035,0.012671011015565238,0.9968246972744399,0.05822038650512695,0.05822038650512695,0.025137862563133235,0.04033505976200101,0.009493615050784877,0.015173559306097813,0.019458598826752337,0.02660297681562234,0.02690654993057251,0.039881706237792976,0.04622063636779785,0.0539843142032623
loco_plateau,global_stats,42,source_batch,batch_005,64,64,0.011837250401111336,0.015619612623501443,0.014569139387612465,0.9958613479991801,0.07148663699626923,0.08545023202896118,0.02910407483577728,0.04155008792877197,0.010765969020421387,0.018055104329937798,0.021207522026828077,0.0316653645288993,0.030514903366565704,0.04618212282657624,0.04944324269890784,0.06924894914031028
loco_plateau,global_stats,42,retained_or_restored,retained911,103,103,0.011270616722792582,0.014885282005981815,0.013850430586546034,0.9962237513815082,0.07148663699626923,0.08545023202896118,0.028089061379432675,0.041423164904117606,0.00977876684704765,0.017033565435253206,0.021225943086577242,0.030513451497574326,0.028600335121154785,0.04551516771316528,0.047958604991436,0.06774046421051029
loco_plateau,global_stats,42,flat_response,nonflat,103,103,0.011270616722792582,0.014885282005981815,0.013850430586546034,0.9962237513815082,0.07148663699626923,0.08545023202896118,0.028089061379432675,0.041423164904117606,0.00977876684704765,0.017033565435253206,0.021225943086577242,0.030513451497574326,0.028600335121154785,0.04551516771316528,0.047958604991436,0.06774046421051029
loco_plateau,global_stats,43,fire_family,plateau,103,103,0.011241361123961654,0.01488547029582159,0.013814664059065142,0.996223655846369,0.07044319808483124,0.08191937208175659,0.027977964282035816,0.0406273725628853,0.009493516605408465,0.017259663245717035,0.022380696481368582,0.030520918765028972,0.028978019952774048,0.04534673392772674,0.04933099150657653,0.06965851664543153
loco_plateau,global_stats,43,crack_count,1,10,10,0.00967174745546501,0.012428483475635481,0.01224323706012229,0.9973596936415671,0.049476444721221924,0.049476444721221924,0.02303434163331985,0.03223235428333279,0.0103125359527156,0.011040129634689111,0.012081159865025611,0.012913984049294816,0.03065834939479828,0.04039035439491272,0.04493339955806731,0.04856783568859101
loco_plateau,global_stats,43,crack_count,10,3,3,0.015971107520366627,0.019529552008809174,0.018755885616170462,0.9927669574457513,0.05333364009857178,0.05333364009857178,0.03344224095344544,0.038113580942153946,0.016038469237382294,0.021112763222123757,0.02174704997021644,0.022254479368690586,0.029334068298339844,0.04853372573852539,0.05093368291854858,0.052853648662567136
loco_plateau,global_stats,43,crack_count,11,4,4,0.01768721243152853,0.020871592126050643,0.019904416759931137,0.990971478098699,0.045432329177856445,0.045432329177856445,0.015773121267557144,0.029211909174919122,0.017564344845834325,0.024167628097729606,0.02502227270456611,0.025705988390035316,0.03606092929840088,0.04454303383827209,0.044987681508064266,0.04534339964389801
loco_plateau,global_stats,43,crack_count,12,1,1,0.008519276243741394,0.011114400859584343,0.011114400859584343,0.9982267746815623,0.02848571538925171,0.02848571538925171,0.025281965732574463,0.027981531620025632,0.008519276243741394,0.008519276243741394,0.008519276243741394,0.008519276243741394,0.02848571538925171,0.02848571538925171,0.02848571538925171,0.02848571538925171
loco_plateau,global_stats,43,crack_count,13,2,2,0.008577075160917689,0.012595930037534226,0.012539330154922469,0.9954738807811137,0.06974035501480103,0.06974035501480103,0.013340257108211516,0.02306018114089961,0.008577075160917689,0.010003506941873519,0.010181810914492998,0.010324454092588581,0.04702684283256531,0.06519765257835389,0.06746900379657746,0.06928608477115632
loco_plateau,global_stats,43,crack_count,14,2,2,0.009181963188237831,0.011205192949716388,0.011181049026014633,0.9979448997793254,0.025829285383224487,0.025829285383224487,0.019497236609458922,0.024606469869613644,0.009181963188237831,0.009946136604078481,0.010041658281058562,0.010118075622642627,0.025256767868995667,0.025714781880378724,0.025772033631801604,0.025817835032939912
loco_plateau,global_stats,43,crack_count,15,1,1,0.01713382513796697,0.01952970317361832,0.01952970317361832,0.9919017044125512,0.023893296718597412,0.036823660135269165,0.0013554692268371582,0.01310212612152097,0.01713382513796697,0.01713382513796697,0.01713382513796697,0.01713382513796697,0.023893296718597412,0.023893296718597412,0.023893296718597412,0.023893296718597412
loco_plateau,global_stats,43,crack_count,2,7,7,0.009054269440978138,0.011713765490282075,0.011449768714118968,0.9976810726643655,0.04695868492126465,0.04695868492126465,0.021865615248680113,0.03188867211341862,0.009085144664420456,0.011092209449557008,0.012293486791800277,0.013254508665594897,0.02625402808189392,0.043227195739746094,0.045092940330505364,0.04658553600311279
loco_plateau,global_stats,43,crack_count,3,12,12,0.008165762174487766,0.010435021676204975,0.0102968750273947,0.9982723456401817,0.033732861280441284,0.036999523639678955,0.02005896270275116,0.027062799632549255,0.008503303267672412,0.009879791199183854,0.010431996335993047,0.010893650857395814,0.02427685260772705,0.032185861468315126,0.033078046143054964,0.03360189825296402
loco_plateau,global_stats,43,crack_count,4,7,7,0.009722623566222275,0.0127205129011267,0.012412748258300133,0.9974311327064392,0.037340208888053894,0.046223998069763184,0.025448799133300774,0.03453744798898698,0.009395015349642176,0.0122724375855483,0.012309060268653709,0.012338358415138037,0.03242558240890503,0.03672141432762146,0.03703081160783767,0.03727832943201065
loco_plateau,global_stats,43,crack_count,5,11,11,0.01122732313097234,0.014218015575570618,0.013547781041721385,0.9955727267507358,0.044640421867370605,0.044640421867370605,0.02816896140575409,0.034087584912776935,0.00949219211203153,0.01499868733961074,0.018686810844257228,0.02163730964797442,0.030729949474334717,0.04430049657821655,0.04447045922279358,0.0446064293384552
loco_plateau,global_stats,43,crack_count,6,7,7,0.007519419590748445,0.009588188064806864,0.009385308312217506,0.9984501912746019,0.02495807409286499,0.02495807409286499,0.018177349865436548,0.022766716480255127,0.006580932951364361,0.009998915723112763,0.010390221877176252,0.010703266800427045,0.021186530590057373,0.02451356053352356,0.024735817313194273,0.024913622736930846
loco_plateau,global_stats,43,crack_count,7,13,13,0.013051762345421962,0.017514810871307806,0.016118969262895966,0.9947116102492427,0.055095404386520386,0.08191937208175659,0.03587953746318816,0.04720099925994881,0.009526299282175596,0.020001714444551313,0.024040304979339962,0.028776430643972794,0.03328067064285278,0.045560824871063235,0.050037884712219226,0.05408390045166015
loco_plateau,global_stats,43,crack_count,8,18,18,0.012950957576338818,0.016873757552513604,0.015700699331346515,0.9953469504905657,0.06564843654632568,0.06564843654632568,0.03478036150336265,0.04116428434848784,0.011560994093535375,0.018827198958787768,0.023654782045327238,0.02929155282431937,0.032441169023513794,0.04590962082147598,0.05066589117050169,0.06265192747116086
loco_plateau,global_stats,43,crack_count,9,5,5,0.014591067052278361,0.019685761566041255,0.017805156807432356,0.9945823590980921,0.07044319808483124,0.07044319808483124,0.037680488824844365,0.060185027122497514,0.012769542512346486,0.024161581182089012,0.027346968919527332,0.029895279109477996,0.04111248254776001,0.06088871061801911,0.06566595435142517,0.06948774933815002
loco_plateau,global_stats,43,source_batch,batch_004,39,39,0.009972935836071627,0.013311213121833292,0.012351714952335724,0.99695567271697,0.055095404386520386,0.055095404386520386,0.024876114726066583,0.04098188400268551,0.009082509235280459,0.015407769406428103,0.019680347427970073,0.026211029242296662,0.02495807409286499,0.0408194899559021,0.04437533020973206,0.0518923085927963
loco_plateau,global_stats,43,source_batch,batch_005,64,64,0.012014307783769643,0.015767899984195668,0.014706148670978388,0.9957823930373307,0.07044319808483124,0.08191937208175659,0.02932937443256378,0.04047513514757156,0.010386389283249614,0.01931283745120784,0.022406870725213506,0.030594660535943313,0.030027665197849274,0.046838173270225526,0.052755060791969274,0.0700004069507122
loco_plateau,global_stats,43,retained_or_restored,retained911,103,103,0.011241361123961654,0.01488547029582159,0.013814664059065142,0.996223655846369,0.07044319808483124,0.08191937208175659,0.027977964282035816,0.0406273725628853,0.009493516605408465,0.017259663245717035,0.022380696481368582,0.030520918765028972,0.028978019952774048,0.04534673392772674,0.04933099150657653,0.06965851664543153
loco_plateau,global_stats,43,flat_response,nonflat,103,103,0.011241361123961654,0.01488547029582159,0.013814664059065142,0.996223655846369,0.07044319808483124,0.08191937208175659,0.027977964282035816,0.0406273725628853,0.009493516605408465,0.017259663245717035,0.022380696481368582,0.030520918765028972,0.028978019952774048,0.04534673392772674,0.04933099150657653,0.06965851664543153
loco_plateau,global_stats,44,fire_family,plateau,103,103,0.011794553370145776,0.015448296382197307,0.014305381889503891,0.9959326866558494,0.07034115493297577,0.07818257808685303,0.029121598601341243,0.04383665025234227,0.010039720378938268,0.019060283166463254,0.022291955406792827,0.0329029360328053,0.02864295244216919,0.04621080160140991,0.05079693794250487,0.06644733130931857
loco_plateau,global_stats,44,crack_count,1,10,10,0.01020084810977588,0.013166696842945186,0.012857868083453544,0.9970367266473711,0.047632038593292236,0.047632038593292236,0.025682292878627763,0.03579130977392196,0.009524498684484451,0.013894557968148443,0.01391754629945413,0.01393593696449868,0.03482699394226074,0.04316683113574982,0.04539943486452102,0.047185517847537994
loco_plateau,global_stats,44,crack_count,10,3,3,0.017338397561526688,0.020476448589221943,0.020030419520756057,0.9920485610523699,0.05093872547149658,0.05093872547149658,0.03507393449544907,0.04350319981575013,0.015801643738981155,0.021028818849657405,0.021682215738491935,0.02220493324955956,0.02864295244216919,0.046479570865631106,0.04870914816856384,0.050492810010910036
loco_plateau,global_stats,44,crack_count,11,4,4,0.01474853714958566,0.017617339107436996,0.01717060412826155,0.9935674062350995,0.04243439435958862,0.04243439435958862,0.01892652958631515,0.028348340988159172,0.01374555379152298,0.018979554195873074,0.019635286805082537,0.020159872892450113,0.03423383831977844,0.041613531112670896,0.04202396273612976,0.04235230803489685
loco_plateau,global_stats,44,crack_count,12,1,1,0.009259643307963356,0.011900782245930514,0.011900782245930514,0.9979669744877989,0.027806967496871948,0.027806967496871948,0.025685608386993408,0.027602958679199218,0.009259643307963356,0.009259643307963356,0.009259643307963356,0.009259643307963356,0.027806967496871948,0.027806967496871948,0.027806967496871948,0.027806967496871948
loco_plateau,global_stats,44,crack_count,13,2,2,0.00900219686207224,0.01249694977948333,0.012477841199060572,0.9955447348178182,0.06661075353622437,0.06661075353622437,0.016231198608875272,0.0223921990394592,0.00900219686207224,0.009770860413058859,0.009866943356932186,0.009943809712030849,0.044871628284454346,0.06226292848587036,0.06443684101104737,0.06617597103118897
loco_plateau,global_stats,44,crack_count,14,2,2,0.009513460405048777,0.011629133719881786,0.01160560072767555,0.9977864514291671,0.03207021951675415,0.03207021951675415,0.020547625422477716,0.029467336237430558,0.009513460405048777,0.009783601406656328,0.009817369031857271,0.009844383132018027,0.02886301279067993,0.03142877817153931,0.031749498844146726,0.032006075382232664
loco_plateau,global_stats,44,crack_count,15,1,1,0.009552409902947848,0.012529750218847684,0.012529750218847684,0.9966666020345422,0.0225372314453125,0.03172767162322998,0.00506514310836792,0.013196921348571755,0.009552409902947848,0.009552409902947848,0.009552409902947848,0.009552409902947848,0.0225372314453125,0.0225372314453125,0.0225372314453125,0.0225372314453125
loco_plateau,global_stats,44,crack_count,2,7,7,0.009042898973829571,0.011496253450091165,0.011336477445199675,0.9977663930650835,0.04266613721847534,0.04266613721847534,0.02012101411819458,0.03085906296968463,0.009258268065139895,0.01067201021264811,0.011467931077617111,0.012104667769592316,0.028008073568344116,0.03910627365112305,0.04088620543479919,0.04231015086174011
loco_plateau,global_stats,44,crack_count,3,12,12,0.00890008181516753,0.01124428971316202,0.010929403560345876,0.9979939848757489,0.03422650694847107,0.03526437282562256,0.02239644303917884,0.028686475753784142,0.008808769499425028,0.01226023791021988,0.012459434800949253,0.01262725579201198,0.025360673666000366,0.030654501914978028,0.032327233254909514,0.033846652209758764
loco_plateau,global_stats,44,crack_count,4,7,7,0.010643682198324164,0.01360778429482949,0.013246355740431726,0.9970602712706843,0.044748663902282715,0.045955538749694824,0.02479974031448364,0.034622321128845224,0.009178779103228302,0.014228195635998836,0.014600299885038468,0.014897983284270177,0.033519864082336426,0.04398906230926514,0.044368863105773926,0.044672703742980956
loco_plateau,global_stats,44,crack_count,5,11,11,0.012281117016996428,0.0155175694240094,0.01456387466209159,0.9947264174326576,0.04625421762466431,0.04625421762466431,0.029949069023132324,0.038087904453277574,0.01112751760443703,0.017887915499874802,0.019485394607801906,0.02076337789414359,0.03646174073219299,0.046037137508392334,0.04614567756652832,0.04623250961303711
loco_plateau,global_stats,44,crack_count,6,7,7,0.007812603653803363,0.009804784021573554,0.00965723339975374,0.9983793804369756,0.02616843581199646,0.02616843581199646,0.01852313578128815,0.022775796055793763,0.00840362204147167,0.009183961299599195,0.009450516226838845,0.009663760168630568,0.02240157127380371,0.025810307264328,0.02598937153816223,0.026132622957229613
loco_plateau,global_stats,44,crack_count,7,13,13,0.013977761423828323,0.018474036435891444,0.01679658676022395,0.9941164947896924,0.05843964219093323,0.07818257808685303,0.03840308189392089,0.052386449575424224,0.010859907161994059,0.02231829944448393,0.02662227383402526,0.03170631595322342,0.03537571430206299,0.04845803380012512,0.05308836698532103,0.05736938714981078
loco_plateau,global_stats,44,crack_count,8,18,18,0.014386371336198784,0.01843170415729512,0.01702013935201781,0.994448056393334,0.058132290840148926,0.06321132183074951,0.0378834530711174,0.04766782969236373,0.011832395675363112,0.02185441047930327,0.02419094639967698,0.0326774332782284,0.03405272215604782,0.0484538808465004,0.05217949226498603,0.056941731125116336
loco_plateau,global_stats,44,crack_count,9,5,5,0.01418493233743261,0.019258383084401667,0.017550099213343016,0.9948150399233534,0.07034115493297577,0.07034115493297577,0.03642243146896362,0.053608285784721356,0.013095562453152703,0.023700718300752953,0.02647926113644584,0.028702095405000155,0.04077494144439697,0.06108111441135407,0.06571113467216491,0.0694151508808136
loco_plateau,global_stats,44,source_batch,batch_004,39,39,0.010599841409530795,0.014104887336884572,0.012945514727352411,0.9965818170053358,0.05843964219093323,0.05843964219093323,0.026716963946819303,0.04443120419979075,0.009269707515591481,0.014816873679395593,0.02208284526208385,0.0289524598053244,0.026247352361679077,0.03908117413520815,0.047528746724128726,0.055050501227378826
loco_plateau,global_stats,44,source_batch,batch_005,64,64,0.012522580971145527,0.016212442015073446,0.015134050941439955,0.9955412280117371,0.07034115493297577,0.07818257808685303,0.030099269002676007,0.04361574709415434,0.011391830248910873,0.02000972611493752,0.02221938793043621,0.031308066851657906,0.03319878876209259,0.04691000282764435,0.051100457459688185,0.06799100205302237
loco_plateau,global_stats,44,retained_or_restored,retained911,103,103,0.011794553370145776,0.015448296382197307,0.014305381889503891,0.9959326866558494,0.07034115493297577,0.07818257808685303,0.029121598601341243,0.04383665025234227,0.010039720378938268,0.019060283166463254,0.022291955406792827,0.0329029360328053,0.02864295244216919,0.04621080160140991,0.05079693794250487,0.06644733130931857
loco_plateau,global_stats,44,flat_response,nonflat,103,103,0.011794553370145776,0.015448296382197307,0.014305381889503891,0.9959326866558494,0.07034115493297577,0.07818257808685303,0.029121598601341243,0.04383665025234227,0.010039720378938268,0.019060283166463254,0.022291955406792827,0.0329029360328053,0.02864295244216919,0.04621080160140991,0.05079693794250487,0.06644733130931857
loco_plateau,global_stats,45,fire_family,plateau,103,103,0.010972776529074578,0.014569476658243442,0.01350783473131752,0.9963822850079765,0.07450854778289795,0.08074504137039185,0.02685536444187164,0.041007298827171364,0.009344285934186373,0.016941128939878744,0.021299708897217367,0.03093093661621947,0.027984946966171265,0.04602542519569396,0.05073474943637848,0.06999340444803243
loco_plateau,global_stats,45,crack_count,1,10,10,0.009331471488246177,0.012034338576900797,0.011895145528683707,0.9975245024841107,0.051041245460510254,0.051041245460510254,0.021726284176111214,0.0356001496315002,0.009538680070736369,0.010949357156260092,0.011421758621992144,0.01179967979457779,0.032971300184726715,0.04107887744903564,0.04606006145477294,0.050045008659362795
loco_plateau,global_stats,45,crack_count,10,3,3,0.01477261074905187,0.01825893449569037,0.017443128458663807,0.9936775221103878,0.05728346109390259,0.05728346109390259,0.030459369719028476,0.03807994008064271,0.01602281581182949,0.019457503762401518,0.01988683975622302,0.020230308551280225,0.02694845199584961,0.05121645927429199,0.054249960184097286,0.05667676091194153
loco_plateau,global_stats,45,crack_count,11,4,4,0.017766761730928893,0.020690201063612634,0.019570621566663757,0.99112772652758,0.050753891468048096,0.050753891468048096,0.013988615572452545,0.026992300748825037,0.01810065327120609,0.024540980453373957,0.025213085420307563,0.025750769393854452,0.03867387771606445,0.04992591142654419,0.050339901447296144,0.050671093463897705
loco_plateau,global_stats,45,crack_count,12,1,1,0.008844226476598958,0.011161817882282245,0.011161817882282245,0.9982116122949516,0.03046676516532898,0.03046676516532898,0.020978987216949463,0.027896153926849358,0.008844226476598958,0.008844226476598958,0.008844226476598958,0.008844226476598958,0.03046676516532898,0.03046676516532898,0.03046676516532898,0.03046676516532898
loco_plateau,global_stats,45,crack_count,13,2,2,0.009006380546288412,0.013849808899090921,0.013818346670283855,0.9945279120152862,0.07450854778289795,0.07450854778289795,0.010678936541080451,0.01766150057315824,0.009006380546288412,0.009761843036432736,0.009856275847700775,0.009931822096715209,0.04640570282936096,0.06888797879219055,0.07169826328754425,0.07394649088382721
loco_plateau,global_stats,45,crack_count,14,2,2,0.009053162863997162,0.01105095358581794,0.011050529323374438,0.998001087255478,0.026923716068267822,0.026923716068267822,0.018089309334754933,0.024913114309310914,0.009053162863997162,0.009127515261290502,0.009136809310952171,0.009144244550681505,0.025880038738250732,0.026714980602264404,0.026819348335266113,0.02690284252166748
loco_plateau,global_stats,45,crack_count,15,1,1,0.01703080876928861,0.019052999047489177,0.019052999047489177,0.9922922249616714,0.0055342912673950195,0.03822430968284607,0.0008426308631896973,0.004867655038833616,0.01703080876928861,0.01703080876928861,0.01703080876928861,0.01703080876928861,0.0055342912673950195,0.0055342912673950195,0.0055342912673950195,0.0055342912673950195
loco_plateau,global_stats,45,crack_count,2,7,7,0.008798897816020933,0.011642685651817837,0.011327460469973554,0.9977091300613562,0.04944390058517456,0.04944390058517456,0.022201979160308832,0.03199808686971665,0.009244678206131106,0.011256974373684557,0.012367835879081582,0.013256525083399208,0.027984946966171265,0.044911217689514164,0.04717755913734435,0.048990632295608516
loco_plateau,global_stats,45,crack_count,3,12,12,0.0077898984551022605,0.009991936401811865,0.009832577441507916,0.9984159478634609,0.031669437885284424,0.03177076578140259,0.019721360504627215,0.02674733415246006,0.007080021207449866,0.009243625200918464,0.009878733955690118,0.01047085745534936,0.024584174156188965,0.029948680102825167,0.030799610167741773,0.031495472341775896
loco_plateau,global_stats,45,crack_count,4,7,7,0.010146822232918799,0.013300145193231137,0.012850752993800129,0.9971916890847946,0.04350590705871582,0.04891514778137207,0.02653183788061141,0.039268445372581486,0.009082416530515327,0.014187461229377106,0.014352400232961431,0.014484351435828892,0.029861509799957275,0.04285747408866882,0.04318169057369232,0.04344106376171112
loco_plateau,global_stats,45,crack_count,5,11,11,0.010606592298997497,0.013434995007113515,0.012802132614821044,0.9960469402864403,0.0447101891040802,0.0447101891040802,0.026887163519859314,0.03258997350931166,0.009629954812956637,0.014615914036260277,0.016937036571077636,0.018793934598931524,0.028939396142959595,0.0432819128036499,0.04399605095386505,0.04456736147403717
loco_plateau,global_stats,45,crack_count,6,7,7,0.007545890168786327,0.009720287672602577,0.009467257965531885,0.9984071926530693,0.027183949947357178,0.027183949947357178,0.018231862783432005,0.023500720858573916,0.006867163982547698,0.010420934245234631,0.010907341784141102,0.011296467815266279,0.022671639919281006,0.025437438488006593,0.026310694217681882,0.027009298801422117
loco_plateau,global_stats,45,crack_count,7,13,13,0.012695205147750441,0.01706219393554122,0.015826866005432767,0.9949814032764409,0.05056247115135193,0.08074504137039185,0.03428285121917724,0.04603885889053345,0.009504524288607425,0.019932588837185846,0.023481667615839683,0.027231660551223592,0.03280079364776611,0.04519918560981751,0.04803752899169921,0.050057482719421384
loco_plateau,global_stats,45,crack_count,8,18,18,0.012496021477834664,0.016365291282232717,0.015159892165862367,0.9956231512067765,0.05724692344665527,0.06598782539367676,0.033360421657562214,0.04193426191806793,0.01095791388547323,0.0181457377115234,0.02320030781089281,0.02957782180582889,0.03086814284324646,0.044010518491268164,0.0496213026344776,0.05572179928421973
loco_plateau,global_stats,45,crack_count,9,5,5,0.014788728915765636,0.019749013058104514,0.01776621527134377,0.9945474887797807,0.07025279104709625,0.07025279104709625,0.03763266801834107,0.061311553120613066,0.012169206606560066,0.024586688482859095,0.02778699395597958,0.03034723833447597,0.04285711050033569,0.05946556031703949,0.06485917568206787,0.06917406797409058
loco_plateau,global_stats,45,source_batch,batch_004,39,39,0.009904825154060876,0.013035833171751257,0.012154943736390743,0.9970803307636636,0.05056247115135193,0.05056247115135193,0.02388432472944258,0.0405533742904663,0.008977874075291587,0.014715104073774625,0.018448292506767106,0.02520041437789063,0.025183245539665222,0.04055271744728088,0.04233590960502625,0.0489633411169052
loco_plateau,global_stats,45,source_batch,batch_005,64,64,0.011623559398223553,0.015429471114056308,0.014332252681351023,0.9959614964229396,0.07450854778289795,0.08074504137039185,0.028461462259292587,0.0414181044697761,0.009730903767660016,0.018589954004913086,0.02173515135636095,0.031055712753021325,0.02991028130054474,0.04909341186285019,0.05631607174873349,0.07182742103934286
loco_plateau,global_stats,45,retained_or_restored,retained911,103,103,0.010972776529074578,0.014569476658243442,0.01350783473131752,0.9963822850079765,0.07450854778289795,0.08074504137039185,0.02685536444187164,0.041007298827171364,0.009344285934186373,0.016941128939878744,0.021299708897217367,0.03093093661621947,0.027984946966171265,0.04602542519569396,0.05073474943637848,0.06999340444803243
loco_plateau,global_stats,45,flat_response,nonflat,103,103,0.010972776529074578,0.014569476658243442,0.01350783473131752,0.9963822850079765,0.07450854778289795,0.08074504137039185,0.02685536444187164,0.041007298827171364,0.009344285934186373,0.016941128939878744,0.021299708897217367,0.03093093661621947,0.027984946966171265,0.04602542519569396,0.05073474943637848,0.06999340444803243
loco_plateau,global_stats,46,fire_family,plateau,103,103,0.011663643426401029,0.01516203251251492,0.014117789749563412,0.9960820283175217,0.07587432861328125,0.07841473817825317,0.027944147586822468,0.04216418683528901,0.01000197280625828,0.017128712744986424,0.02212748341873043,0.03150788381695748,0.028512775897979736,0.046500539779663085,0.05151754021644591,0.06629078239202502
loco_plateau,global_stats,46,crack_count,1,10,10,0.009729120052862363,0.012871137983563005,0.01261256393291911,0.9971682693900413,0.05168640613555908,0.05168640613555908,0.026029726117849324,0.03710717245936389,0.008989342595221566,0.012400614946592049,0.012858967202120139,0.013225649006542613,0.03398576378822327,0.04262322187423706,0.04715481400489806,0.05078008770942688
loco_plateau,global_stats,46,crack_count,10,3,3,0.014263385347004146,0.017259926299152493,0.016744981014902547,0.9943504438169682,0.0547756552696228,0.0547756552696228,0.026541632413864136,0.033516566753387475,0.017099192885101817,0.017108989250464515,0.017110213796134855,0.017111193432671125,0.025593042373657227,0.04893913269042969,0.05185739398002624,0.05419200301170349
loco_plateau,global_stats,46,crack_count,11,4,4,0.01723251302467018,0.020245460271783696,0.01898989900277341,0.991505050391878,0.04999774694442749,0.04999774694442749,0.01369952708482742,0.026045367717742903,0.017593944781139247,0.024385618772663056,0.025347942529154604,0.026117801534347847,0.037143051624298096,0.04915948510169983,0.04957861602306366,0.049913920760154724
loco_plateau,global_stats,46,crack_count,12,1,1,0.00866575471934725,0.01078775130960953,0.01078775130960953,0.9983294723697089,0.026627719402313232,0.026627719402313232,0.020965576171875,0.026271289587020873,0.00866575471934725,0.00866575471934725,0.00866575471934725,0.00866575471934725,0.026627719402313232,0.026627719402313232,0.026627719402313232,0.026627719402313232
loco_plateau,global_stats,46,crack_count,13,2,2,0.009185004307598364,0.013650647146133444,0.013584303941989017,0.9946841588923273,0.07587432861328125,0.07587432861328125,0.009969615936279295,0.01620626747608183,0.009185004307598364,0.010509817888502214,0.010675419586115197,0.01080790094420558,0.04625868797302246,0.06995120048522949,0.07291276454925537,0.07528201580047607
loco_plateau,global_stats,46,crack_count,14,2,2,0.010480481948031754,0.011906985881391979,0.011906226221896837,0.9976794122009216,0.024514853954315186,0.02501380443572998,0.01601379811763762,0.022522738277912135,0.010480481948031754,0.010788636495832537,0.010827155814307635,0.010857971269087713,0.02244839072227478,0.024101561307907103,0.024308207631111144,0.024473524689674377
loco_plateau,global_stats,46,crack_count,15,1,1,0.016688017327277385,0.019021887891746764,0.019021887891746764,0.9923173760687704,0.01615673303604126,0.03633326292037964,0.0,0.007562988996505717,0.016688017327277385,0.016688017327277385,0.016688017327277385,0.016688017327277385,0.01615673303604126,0.01615673303604126,0.01615673303604126,0.01615673303604126
loco_plateau,global_stats,46,crack_count,2,7,7,0.009796190274054886,0.01254072495730909,0.012137199665641045,0.9973420954798448,0.04682660102844238,0.04682660102844238,0.023803593963384623,0.033868285715579996,0.00877093047392173,0.01311935858159769,0.015027407196457263,0.01655384608834493,0.02708536386489868,0.04311109781265259,0.044968849420547484,0.0464550507068634
loco_plateau,global_stats,46,crack_count,3,12,12,0.008799537985784108,0.01092011934205684,0.01069138157100469,0.9981079835036714,0.031623631715774536,0.03444033861160278,0.020556597411632526,0.027828586697578386,0.008487455546855927,0.010849862582370882,0.01189387192125203,0.012887292476218256,0.025695592164993286,0.030571697652339934,0.031062640249729156,0.03151143342256546
loco_plateau,global_stats,46,crack_count,4,7,7,0.011215527258394612,0.014228847847970107,0.013776304548598324,0.9967858074164043,0.04238623380661011,0.04746514558792114,0.026736541092395778,0.039457665383815774,0.008944037263510658,0.015788820065313677,0.0164609257055477,0.016998610217734925,0.029375553131103516,0.04210745394229889,0.0422468438744545,0.04235835582017899
loco_plateau,global_stats,46,crack_count,5,11,11,0.011466311590659993,0.014069882826705373,0.013623426802567805,0.9956644987348999,0.0451962947845459,0.0451962947845459,0.026444748044013977,0.034111715853214236,0.010506600874369262,0.01616577193385265,0.017085302483717927,0.017820926923610148,0.03358843922615051,0.04323232173919678,0.04421430826187134,0.044999897480010986
loco_plateau,global_stats,46,crack_count,6,7,7,0.008407844287240814,0.010702737725432534,0.010429338812956235,0.998068944392582,0.030232101678848267,0.030232101678848267,0.019561168551445008,0.02410223782062531,0.007428058102482655,0.011072418557815865,0.011947275588258366,0.01264716121261237,0.02349191904067993,0.026823908090591434,0.028528004884719845,0.02989128232002258
loco_plateau,global_stats,46,crack_count,7,13,13,0.013593004159112597,0.018020662263506647,0.01647084109879746,0.9944017273557275,0.057359129190444946,0.07841473817825317,0.036766088008880614,0.05099359631538394,0.009803921839252848,0.022168994927015462,0.026092026077333033,0.03045212128123298,0.034449636936187744,0.04659137725830079,0.05155774354934691,0.05619885206222533
loco_plateau,global_stats,46,crack_count,8,18,18,0.013168341174843856,0.01678776548932357,0.015734823954430273,0.9953942553978,0.05955296754837036,0.06679302453994751,0.032051749527454376,0.0431089274585247,0.011598657679240235,0.019419880309065836,0.023388214073464506,0.02854090827043915,0.030389681458473206,0.04531814903020859,0.04876082465052603,0.05739453896880148
loco_plateau,global_stats,46,crack_count,9,5,5,0.015251821682589952,0.020644313024142606,0.018223905191225548,0.9940419156808276,0.0664282888174057,0.0664282888174057,0.04398659467697145,0.05852357327938077,0.012716509829290578,0.02595227198278318,0.030071238904702854,0.033366412442238605,0.041479289531707764,0.0571036845445633,0.06176598668098449,0.06549582839012145
loco_plateau,global_stats,46,source_batch,batch_004,39,39,0.01066875790205509,0.01390002793078647,0.012908183002286796,0.9966803873416732,0.057359129190444946,0.057359129190444946,0.025818485021591175,0.04167615056037903,0.009613840306391482,0.014876011111697215,0.0211553302456121,0.028090403045787162,0.025091886520385742,0.04094653129577637,0.044962051510810855,0.053684918284416176
loco_plateau,global_stats,46,source_batch,batch_005,64,64,0.012269901792799336,0.015881969138675837,0.0148548938611851,0.9957211497444665,0.07587432861328125,0.07841473817825317,0.02874634563922882,0.042379361093044236,0.010853348208255455,0.017743292527242764,0.021898067986867453,0.031442697702250506,0.03183716535568237,0.0470993772149086,0.054312267899513225,0.06992332354187963
loco_plateau,global_stats,46,retained_or_restored,retained911,103,103,0.011663643426401029,0.01516203251251492,0.014117789749563412,0.9960820283175217,0.07587432861328125,0.07841473817825317,0.027944147586822468,0.04216418683528901,0.01000197280625828,0.017128712744986424,0.02212748341873043,0.03150788381695748,0.028512775897979736,0.046500539779663085,0.05151754021644591,0.06629078239202502
loco_plateau,global_stats,46,flat_response,nonflat,103,103,0.011663643426401029,0.01516203251251492,0.014117789749563412,0.9960820283175217,0.07587432861328125,0.07841473817825317,0.027944147586822468,0.04216418683528901,0.01000197280625828,0.017128712744986424,0.02212748341873043,0.03150788381695748,0.028512775897979736,0.046500539779663085,0.05151754021644591,0.06629078239202502
loco_plateau,deepsets,42,fire_family,plateau,103,103,0.01029970259000266,0.013615662591001183,0.01273522046458841,0.996840458916261,0.07183873653411865,0.08100903034210205,0.02555062174797058,0.03697430193424231,0.008743994365461537,0.017224630322612695,0.018601492926722665,0.025815913162392675,0.02492225170135498,0.04255807697772979,0.0466369479894638,0.056885185539722445
loco_plateau,deepsets,42,crack_count,1,10,10,0.00971079682167925,0.012550511633080696,0.012100236935970126,0.9973075918016953,0.05098855495452881,0.05098855495452881,0.019737797230482093,0.029258652627468074,0.009504267915350492,0.013496705498851715,0.013504066183918813,0.01350995473197249,0.025475196540355682,0.03768922388553619,0.04433888942003249,0.04965862184762955
loco_plateau,deepsets,42,crack_count,10,3,3,0.011955157085194614,0.015027277143973538,0.014596678263135246,0.9957175031697102,0.04465019702911377,0.04465019702911377,0.027167737483978275,0.035260617136955275,0.010915713964915667,0.0151320003583783,0.01565903615756113,0.016080664796907392,0.02492225170135498,0.04070460796356201,0.04267740249633789,0.044255638122558595
loco_plateau,deepsets,42,crack_count,11,4,4,0.011227836618657974,0.014334731238759446,0.013625764231099026,0.9957412258713093,0.04621779918670654,0.04621779918670654,0.018687045574188228,0.02778591871261594,0.009578198438785115,0.015617624755765573,0.016901451349258422,0.017928512624052702,0.03625085949897766,0.045263200998306274,0.04574050009250641,0.04612233936786651
loco_plateau,deepsets,42,crack_count,12,1,1,0.0108535570687935,0.013824068334685793,0.013824068334685793,0.9972567615781788,0.020570695400238037,0.03573578596115112,0.016130030155181885,0.018483579158782956,0.0108535570687935,0.0108535570687935,0.0108535570687935,0.0108535570687935,0.020570695400238037,0.020570695400238037,0.020570695400238037,0.020570695400238037
loco_plateau,deepsets,42,crack_count,13,2,2,0.020404614019589346,0.024708127123071365,0.02398277695400587,0.9825841304151609,0.07183873653411865,0.07183873653411865,0.04528596401214599,0.04720856517553329,0.020404614019589346,0.024752186678472114,0.025295633260832458,0.025730390526720735,0.046966344118118286,0.06686425805091858,0.06935149729251862,0.07134128868579864
loco_plateau,deepsets,42,crack_count,14,2,2,0.010860021119234991,0.014086949779013007,0.013801789352738238,0.9967519084638048,0.03294670581817627,0.03294670581817627,0.028555867075920102,0.031279654949903486,0.010860021119234991,0.013288923194173907,0.013592535953541271,0.013835426161035162,0.03095260262489319,0.032547885179519655,0.03274729549884796,0.03290682375431061
loco_plateau,deepsets,42,crack_count,15,1,1,0.019721313578183533,0.021262139765259175,0.021262139765259175,0.9904012147280326,0.012948453426361084,0.04111236333847046,0.0,0.00560041666030882,0.019721313578183533,0.019721313578183533,0.019721313578183533,0.019721313578183533,0.012948453426361084,0.012948453426361084,0.012948453426361084,0.012948453426361084
loco_plateau,deepsets,42,crack_count,2,7,7,0.010382612150781886,0.013971809122555578,0.012887696406806731,0.9967008703918849,0.04818934202194214,0.04818934202194214,0.031499102711677544,0.037401605248451236,0.008214525512007416,0.01548308799745607,0.01888218341914356,0.021601459756493562,0.02636134624481201,0.042527788877487184,0.04535856544971465,0.047623186707496636
loco_plateau,deepsets,42,crack_count,3,12,12,0.007611832489854976,0.009856256039013026,0.009700809132153184,0.9984586754249265,0.04121917486190796,0.04121917486190796,0.01904325559735298,0.026680657863616848,0.007372548101378268,0.009093938822873304,0.010130353995644653,0.011094397377894551,0.02080938220024109,0.033649370074272156,0.03708624541759491,0.04039258897304535
loco_plateau,deepsets,42,crack_count,4,7,7,0.008251823945106193,0.010997758971149902,0.010800339536031513,0.9980798249664119,0.03879508376121521,0.03879508376121521,0.019879823923110954,0.03296820461750032,0.008519204669311399,0.009851638893367815,0.010315194959584318,0.010686039812557521,0.02470576763153076,0.03651171922683716,0.037653401494026184,0.038566747307777406
loco_plateau,deepsets,42,crack_count,5,11,11,0.011299422732519677,0.014467188777482582,0.01385015945806451,0.9954161895234154,0.04668352007865906,0.04668352007865906,0.02777700126171112,0.034018787741661075,0.00991024492216892,0.017484269914079885,0.017694841520708115,0.0178632988060107,0.026430100202560425,0.03785550594329834,0.0422695130109787,0.04580071866512299
loco_plateau,deepsets,42,crack_count,6,7,7,0.007459618709545224,0.009709371249295865,0.009630427544520396,0.9984107682664916,0.027829349040985107,0.03275597095489502,0.016660577058792113,0.022421626150608064,0.0070315937160468495,0.008905771643411917,0.009199349276843618,0.009434211383588978,0.020770490169525146,0.02533381283283234,0.026581580936908718,0.027579795420169827
loco_plateau,deepsets,42,crack_count,7,13,13,0.009599400555050238,0.0120266446614562,0.011738968125072776,0.9975065451437922,0.03755223751068115,0.08100903034210205,0.01854436695575714,0.026512820720672615,0.010499846739847152,0.012480870328965735,0.012653336197626396,0.012672477086059383,0.023451805114746094,0.028888893127441407,0.03271245062351226,0.03658428013324737
loco_plateau,deepsets,42,crack_count,8,18,18,0.011804243989071669,0.015494772116500573,0.014314123647492473,0.9960764024843639,0.05590617656707764,0.06536197662353516,0.032756577059626577,0.03816911861300467,0.010354188316669621,0.018355404793239032,0.020019004182493087,0.02625912195224252,0.029791146516799927,0.043469205498695374,0.04688695520162581,0.054102332293987254
loco_plateau,deepsets,42,crack_count,9,5,5,0.0108635634611376,0.015596137977800309,0.013905077349760217,0.9965995224543902,0.05690516531467438,0.0594487190246582,0.030294372141361253,0.0520593780279159,0.0071527862646540655,0.018694021314626837,0.021687383558906488,0.024082073354330217,0.027244091033935547,0.04874604642391205,0.05282560586929321,0.056089253425598146
loco_plateau,deepsets,42,source_batch,batch_004,39,39,0.009103654828603754,0.011698917820566134,0.011256746195937603,0.9976484866609202,0.0426865816116333,0.04744446277618408,0.02010395973920822,0.02933089494705199,0.008214525512007416,0.013286456123727268,0.013927954484204783,0.01802121079847461,0.02299964427947998,0.03378040790557862,0.03791893124580384,0.042128967046737666
loco_plateau,deepsets,42,source_batch,batch_005,64,64,0.011028544194605125,0.014661313429104863,0.013636165722047497,0.9963536013352967,0.07183873653411865,0.08100903034210205,0.02819803580641746,0.039437915086746184,0.009578198438785115,0.0181013184981268,0.021897284051433926,0.026571706317243024,0.026395723223686218,0.045941057801246646,0.05056867301464079,0.06243058666586872
loco_plateau,deepsets,42,retained_or_restored,retained911,103,103,0.01029970259000266,0.013615662591001183,0.01273522046458841,0.996840458916261,0.07183873653411865,0.08100903034210205,0.02555062174797058,0.03697430193424231,0.008743994365461537,0.017224630322612695,0.018601492926722665,0.025815913162392675,0.02492225170135498,0.04255807697772979,0.0466369479894638,0.056885185539722445
loco_plateau,deepsets,42,flat_response,nonflat,103,103,0.01029970259000266,0.013615662591001183,0.01273522046458841,0.996840458916261,0.07183873653411865,0.08100903034210205,0.02555062174797058,0.03697430193424231,0.008743994365461537,0.017224630322612695,0.018601492926722665,0.025815913162392675,0.02492225170135498,0.04255807697772979,0.0466369479894638,0.056885185539722445
loco_plateau,deepsets,43,fire_family,plateau,103,103,0.009932619495518633,0.013177653424450502,0.012438355252498113,0.9970404709433852,0.05957233905792236,0.08184009790420532,0.02412478923797607,0.037122710049152415,0.008825918506892001,0.014431763409835393,0.017145557078670277,0.02340376734428231,0.025866568088531494,0.04034414291381836,0.04724263250827787,0.055449035167694095
loco_plateau,deepsets,43,crack_count,1,10,10,0.009154226353056117,0.012431279949397273,0.011984493320731593,0.9973585053424254,0.055462539196014404,0.055462539196014404,0.01956436857581138,0.03245438903570175,0.008446042196916751,0.01251756486895143,0.013323141132160776,0.013967602142728255,0.026080086827278137,0.04344321191310882,0.0494528755545616,0.05426060646772385
loco_plateau,deepsets,43,crack_count,10,3,3,0.008107028209446558,0.010852013909660499,0.010827606880658959,0.9977666481867328,0.03854864835739136,0.05562996864318848,0.010258381068706515,0.018081331253051815,0.007928294236542748,0.008558195340828818,0.008636932978864576,0.008699923089293182,0.02479100227355957,0.035797119140625,0.03717288374900818,0.03827349543571472
loco_plateau,deepsets,43,crack_count,11,4,4,0.01068219768463588,0.013311982969377828,0.012916433515533855,0.9963272530713692,0.033450961112976074,0.03551638126373291,0.012824603915214538,0.028892492055892942,0.01076050395848321,0.014028828017047195,0.014069487374336994,0.014102014860168833,0.030329138040542603,0.033043193817138675,0.033247077465057374,0.033410184383392334
loco_plateau,deepsets,43,crack_count,12,1,1,0.016688100382929942,0.020079211421580506,0.020079211421580506,0.994212578461673,0.01231008768081665,0.047852158546447754,0.006600737571716309,0.011405289173126219,0.016688100382929942,0.016688100382929942,0.016688100382929942,0.016688100382929942,0.01231008768081665,0.01231008768081665,0.01231008768081665,0.01231008768081665
loco_plateau,deepsets,43,crack_count,13,2,2,0.013944067793791412,0.016958491415912227,0.016593511419900002,0.9917957300550024,0.05478733777999878,0.05478733777999878,0.02533161640167236,0.027345719635486602,0.013944067793791412,0.017477228577996863,0.017918873676022545,0.018272189754443093,0.03678983449935913,0.05118783712387085,0.05298758745193481,0.05442738771438599
loco_plateau,deepsets,43,crack_count,14,2,2,0.011867962105840933,0.014566279096816674,0.014402644230306962,0.9965271055743021,0.031575873494148254,0.031575873494148254,0.02800040692090986,0.031081139743328094,0.011867962105840933,0.013979612351929556,0.014243568632690632,0.014454733657299495,0.030578039586544037,0.03137630671262741,0.03147609010338783,0.03155591681599617
loco_plateau,deepsets,43,crack_count,15,1,1,0.012198674141383562,0.013956371838527512,0.013956371838527512,0.9958643154752161,0.012992143630981445,0.036200523376464844,0.0,0.006422126293182357,0.012198674141383562,0.012198674141383562,0.012198674141383562,0.012198674141383562,0.012992143630981445,0.012992143630981445,0.012992143630981445,0.012992143630981445
loco_plateau,deepsets,43,crack_count,2,7,7,0.008189767887008832,0.01091846706320978,0.010677699178636606,0.9979852673413523,0.04048806428909302,0.04048806428909302,0.020728135108947752,0.029656471610069277,0.007643830092226873,0.010915077343338825,0.011711548116119179,0.012348724734343465,0.028587788343429565,0.03907443284988404,0.039781248569488524,0.040346701145172116
loco_plateau,deepsets,43,crack_count,3,12,12,0.00881393496557826,0.011203493451931229,0.010893368129273044,0.9980085148208045,0.037332892417907715,0.037332892417907715,0.02218275442719457,0.02972783207893365,0.00827293375842884,0.010091204025217744,0.013101015258275091,0.016007508866366798,0.024685144424438477,0.03536032736301422,0.036432568728923795,0.03715282768011093
loco_plateau,deepsets,43,crack_count,4,7,7,0.008515268374469996,0.011154310942518656,0.011027877764305152,0.9980247688874565,0.0375179648399353,0.0375179648399353,0.020845526456832887,0.03074945062398912,0.008696042611950734,0.010146231051595485,0.01031848464435974,0.010456287518571146,0.028435349464416504,0.03645454049110412,0.03698625266551971,0.037411622405052185
loco_plateau,deepsets,43,crack_count,5,11,11,0.009942512495662524,0.012568182166348049,0.012266824632686087,0.9965405800177554,0.0475422739982605,0.0475422739982605,0.022235020995140076,0.028716281056404096,0.009876575626310755,0.012767790770921552,0.013725937634217936,0.014492455124855043,0.02416449785232544,0.03758209943771362,0.04256218671798706,0.046546256542205816
loco_plateau,deepsets,43,crack_count,6,7,7,0.008225462580453037,0.010754770470267289,0.010506077617416745,0.9980501225976416,0.03282785415649414,0.03282785415649414,0.02131793051958084,0.028551518321037295,0.007990778103226522,0.010604601841969569,0.010608621124849945,0.010611836551154247,0.024292945861816406,0.03099774718284607,0.0319128006696701,0.03264484345912933
loco_plateau,deepsets,43,crack_count,7,13,13,0.010049075132510703,0.013320147795933357,0.0125630738899944,0.9969413439831972,0.044423580169677734,0.08184009790420532,0.024782675504684444,0.03392879962921143,0.008132235009650716,0.012922166996314878,0.016257079812835463,0.020170690957151467,0.025921553373336792,0.03845468759536744,0.04163050651550292,0.043864965438842766
loco_plateau,deepsets,43,crack_count,8,18,18,0.011753123407956138,0.015761676127031932,0.014373418899311208,0.9959400670362077,0.05957233905792236,0.07272320985794067,0.03195026740431784,0.042514377906918505,0.010522990716529675,0.017759684131282275,0.02098251978149178,0.029580159707636108,0.026162341237068176,0.04559258669614792,0.04976555928587912,0.057610983103513695
loco_plateau,deepsets,43,crack_count,9,5,5,0.01042285756375946,0.01512533693411011,0.013590127468898644,0.9968017243640596,0.05395342409610748,0.06781232357025146,0.026514844596385957,0.04682978987693779,0.007812133028370435,0.017482374907761326,0.02046607799950193,0.02285304047289442,0.027455031871795654,0.04511321485042572,0.0495333194732666,0.053069403171539305
loco_plateau,deepsets,43,source_batch,batch_004,39,39,0.00947920269027083,0.012306058778193952,0.011773860602522477,0.9973980794192453,0.04454585909843445,0.05396771430969238,0.02303580045700073,0.031081104576587602,0.008132235009650716,0.012891415836381133,0.015317781513831662,0.020365111114548848,0.024129122495651245,0.03402626514434816,0.03826624751091005,0.0444993931055069
loco_plateau,deepsets,43,source_batch,batch_005,64,64,0.010208920361216515,0.013681581142278357,0.012843281679827012,0.9968246545956835,0.05957233905792236,0.08184009790420532,0.024579355120658872,0.03961511120200155,0.009016816550102391,0.014631116622295536,0.017122700144765805,0.026513302872476496,0.027633875608444214,0.042231190204620364,0.05306565314531323,0.05698316514492034
loco_plateau,deepsets,43,retained_or_restored,retained911,103,103,0.009932619495518633,0.013177653424450502,0.012438355252498113,0.9970404709433852,0.05957233905792236,0.08184009790420532,0.02412478923797607,0.037122710049152415,0.008825918506892001,0.014431763409835393,0.017145557078670277,0.02340376734428231,0.025866568088531494,0.04034414291381836,0.04724263250827787,0.055449035167694095
loco_plateau,deepsets,43,flat_response,nonflat,103,103,0.009932619495518633,0.013177653424450502,0.012438355252498113,0.9970404709433852,0.05957233905792236,0.08184009790420532,0.02412478923797607,0.037122710049152415,0.008825918506892001,0.014431763409835393,0.017145557078670277,0.02340376734428231,0.025866568088531494,0.04034414291381836,0.04724263250827787,0.055449035167694095
loco_plateau,deepsets,44,fire_family,plateau,103,103,0.009791553408096032,0.012929360767024218,0.01218900094090187,0.9971509468381121,0.06944984197616577,0.07629203796386719,0.024196901917457575,0.036499835401773546,0.008932965945024959,0.015508661553507946,0.016940574128119668,0.021237307553652864,0.02641350030899048,0.041864430904388426,0.04776443243026733,0.0634409379959107
loco_plateau,deepsets,44,crack_count,1,10,10,0.008761918517287637,0.011514727649069826,0.011182618689120445,0.9977336583312699,0.04909282922744751,0.04909282922744751,0.01963368207216263,0.03119147568941114,0.008168343698880712,0.011089540492804324,0.01238293724104029,0.013417654639629068,0.027987107634544373,0.039914444088935845,0.04450363665819167,0.04817499071359634
loco_plateau,deepsets,44,crack_count,10,3,3,0.008482878284701885,0.010864809295093964,0.010716938927388038,0.9977613784838859,0.04116123914718628,0.04274332523345947,0.01695223450660706,0.02521547317504883,0.009212297250012883,0.010138521966387015,0.010254300055933781,0.010346922527571195,0.02568751573562622,0.03806649446487427,0.039613866806030275,0.04085176467895508
loco_plateau,deepsets,44,crack_count,11,4,4,0.01082090593752314,0.013530775110829615,0.013049628340207583,0.9962055323958549,0.03871673345565796,0.03871673345565796,0.017016598582267752,0.024719299077987665,0.009975847528606165,0.014735312344597991,0.01550292362932299,0.01611701265710299,0.030489861965179443,0.037873071432113645,0.0382949024438858,0.038632367253303525
loco_plateau,deepsets,44,crack_count,12,1,1,0.015859940379369455,0.017925280927984184,0.017925280927984184,0.9953876341019979,0.02357691526412964,0.0377996563911438,0.013481676578521729,0.019067370891571032,0.015859940379369455,0.015859940379369455,0.015859940379369455,0.015859940379369455,0.02357691526412964,0.02357691526412964,0.02357691526412964,0.02357691526412964
loco_plateau,deepsets,44,crack_count,13,2,2,0.013018002153420059,0.01698283881569229,0.016923840618384957,0.991772155312611,0.06944984197616577,0.06944984197616577,0.022995525598525992,0.029669485092163068,0.013018002153420059,0.014968794071283497,0.015212643061016426,0.01540772225280277,0.04438599944114685,0.06443707346916198,0.06694345772266387,0.06894856512546539
loco_plateau,deepsets,44,crack_count,14,2,2,0.012508450472941164,0.015419718253312868,0.015121017093336624,0.9961082296586053,0.03564681112766266,0.03564681112766266,0.030814321339130403,0.03374119549989699,0.012508450472941164,0.014919053237946308,0.01522037858357195,0.015461438860072466,0.03477860242128372,0.03547316938638687,0.03555999025702476,0.03562944695353508
loco_plateau,deepsets,44,crack_count,15,1,1,0.011804634430369393,0.01412451368322011,0.01412451368322011,0.9957640644215209,0.01837289333343506,0.03098195791244507,0.0029164552688598633,0.01171944141387938,0.011804634430369393,0.011804634430369393,0.011804634430369393,0.011804634430369393,0.01837289333343506,0.01837289333343506,0.01837289333343506,0.01837289333343506
loco_plateau,deepsets,44,crack_count,2,7,7,0.008396868395512222,0.010874871077362906,0.010507555429367274,0.9980013243392286,0.042040228843688965,0.042040228843688965,0.020366853475570677,0.02850551187992096,0.007837084717437869,0.011196927115565442,0.012446780747077502,0.013446663652287152,0.02850821614265442,0.041183745861053465,0.04161198735237121,0.04195458054542541
loco_plateau,deepsets,44,crack_count,3,12,12,0.007470920050893326,0.00980312693530094,0.009585457775432578,0.9984752473332394,0.03787466883659363,0.039685964584350586,0.020288279652595487,0.02686063244938849,0.007299176035601585,0.009048924735579333,0.010289691052720193,0.011412659342415999,0.025651365518569946,0.03362705707550049,0.03565419167280197,0.0374305734038353
loco_plateau,deepsets,44,crack_count,4,7,7,0.008167972253849272,0.010558230431261003,0.010288849955327839,0.9982302386910433,0.035941869020462036,0.035941869020462036,0.01995844841003418,0.027906686477363118,0.0075696675625980874,0.010949676431959772,0.011646767270552819,0.012204439941427258,0.02641350030899048,0.0317198982462287,0.03383088363334536,0.0355196719430387
loco_plateau,deepsets,44,crack_count,5,11,11,0.010988001577034258,0.013715034025154779,0.013368832876599972,0.9958804276487586,0.04786914587020874,0.04786914587020874,0.025613903999328613,0.03113355338573454,0.010309182229589244,0.015723329342779566,0.01608068349420047,0.016366566815337196,0.02899765968322754,0.0370708703994751,0.04247000813484192,0.04678931832313538
loco_plateau,deepsets,44,crack_count,6,7,7,0.007418594696063906,0.009592925659154898,0.009457982073577263,0.9984486593524147,0.03460860252380371,0.03460860252380371,0.01911430656909942,0.023573448956012728,0.006950552285206122,0.00939121383135436,0.009478182846405466,0.009547758058446352,0.022127747535705566,0.029310157895088198,0.03195938020944595,0.034078758060932156
loco_plateau,deepsets,44,crack_count,7,13,13,0.009856714022640621,0.013137680939651446,0.012367308677920111,0.9970245683963143,0.047781288623809814,0.07629203796386719,0.02456024885177612,0.03543774366378786,0.009657982981107274,0.013528549573460563,0.01676649040863161,0.020369873652692695,0.025863289833068848,0.04404431581497193,0.04673479795455932,0.04757199048995971
loco_plateau,deepsets,44,crack_count,8,18,18,0.011958509580128722,0.01586824064058658,0.014611655241910953,0.9958849831312876,0.06373375654220581,0.06947171688079834,0.03387293443083763,0.04094923034310341,0.010771058866235077,0.017426111970524318,0.01954162396246291,0.027892316427142873,0.03276950120925903,0.04779597520828247,0.05055008530616758,0.061097022294998145
loco_plateau,deepsets,44,crack_count,9,5,5,0.010333503416327178,0.014013723812710537,0.013100779104198107,0.9972545541515712,0.04031910002231598,0.05936068296432495,0.025126194953918466,0.03322881460189819,0.009653522770424357,0.016758935678689208,0.018179529819820746,0.01931600513272598,0.03432804346084595,0.039057406783103946,0.03968825340270996,0.040192930698394774
loco_plateau,deepsets,44,source_batch,batch_004,39,39,0.00903122405004431,0.011744428111796074,0.011076792221619305,0.9976301556980871,0.046037137508392334,0.046037137508392334,0.02285705655813217,0.03066872179508209,0.007624328197514425,0.013921984541611594,0.017066726308377064,0.01991367865781314,0.024343550205230713,0.035968101024627684,0.03989747464656831,0.045598536133766174
loco_plateau,deepsets,44,source_batch,batch_005,64,64,0.0102548791106588,0.013600901865010534,0.012866753129214682,0.9968619937334415,0.06944984197616577,0.07629203796386719,0.02548725455999374,0.038628972023725505,0.009495168496839335,0.015662841718704974,0.01641291223588537,0.023440674226425685,0.028951455373317003,0.04619489312171937,0.04817039370536804,0.06584870815277098
loco_plateau,deepsets,44,retained_or_restored,retained911,103,103,0.009791553408096032,0.012929360767024218,0.01218900094090187,0.9971509468381121,0.06944984197616577,0.07629203796386719,0.024196901917457575,0.036499835401773546,0.008932965945024959,0.015508661553507946,0.016940574128119668,0.021237307553652864,0.02641350030899048,0.041864430904388426,0.04776443243026733,0.0634409379959107
loco_plateau,deepsets,44,flat_response,nonflat,103,103,0.009791553408096032,0.012929360767024218,0.01218900094090187,0.9971509468381121,0.06944984197616577,0.07629203796386719,0.024196901917457575,0.036499835401773546,0.008932965945024959,0.015508661553507946,0.016940574128119668,0.021237307553652864,0.02641350030899048,0.041864430904388426,0.04776443243026733,0.0634409379959107
loco_plateau,deepsets,45,fire_family,plateau,103,103,0.010071061841358515,0.013472148284873973,0.012603100584888572,0.9969067134420299,0.0613284707069397,0.08146131038665771,0.02411803901195525,0.0388600678741932,0.008542354478210699,0.01509078770387368,0.019339724740043997,0.025079315924009356,0.02598288655281067,0.04155745506286621,0.04522689878940582,0.05906156182289126
loco_plateau,deepsets,45,crack_count,1,10,10,0.008928773683480553,0.011819019127816762,0.011542377914847208,0.9976122936514914,0.05184715986251831,0.05184715986251831,0.02064754217863082,0.029805680215358687,0.008202794053759732,0.01117526400284689,0.01163518655984128,0.012003124605436795,0.03064386546611786,0.03973577916622161,0.04579146951436995,0.05063602179288864
loco_plateau,deepsets,45,crack_count,10,3,3,0.008683324715153116,0.010914772478874527,0.01071857502105675,0.9977407419811737,0.04319983720779419,0.04319983720779419,0.017682474851608277,0.021558689475059567,0.008078765307293564,0.010670804904132594,0.010994809853737473,0.011254013813421376,0.028628110885620117,0.040285491943359376,0.04174266457557678,0.04290840268135071
loco_plateau,deepsets,45,crack_count,11,4,4,0.013340652294334818,0.016381330615601635,0.015499289463959969,0.9944383475178793,0.034680724143981934,0.041942447423934937,0.014975027740001678,0.025122368931770285,0.013069838407586833,0.018913878207323983,0.0193734663309621,0.0197411368298726,0.02913525700569153,0.03344272375106812,0.034061723947525026,0.03455692410469055
loco_plateau,deepsets,45,crack_count,12,1,1,0.012425166356270431,0.015313227078820215,0.015313227078820215,0.9966339136213599,0.02741682529449463,0.038974881172180176,0.007211208343505859,0.018349063396453834,0.012425166356270431,0.012425166356270431,0.012425166356270431,0.012425166356270431,0.02741682529449463,0.02741682529449463,0.02741682529449463,0.02741682529449463
loco_plateau,deepsets,45,crack_count,13,2,2,0.01712076573586855,0.022189740779837624,0.021897906091571245,0.9859534403636899,0.0613284707069397,0.06329929828643799,0.03944527208805084,0.04668235152959823,0.01712076573586855,0.02031554333010658,0.020714890529386333,0.021034368288810137,0.04235467314720154,0.057533711194992065,0.05943109095096588,0.06094899475574493
loco_plateau,deepsets,45,crack_count,14,2,2,0.009679394606195511,0.012080343842283505,0.01202651363710303,0.9976113478006748,0.027753978967666626,0.03101813793182373,0.02111115455627441,0.024616744369268393,0.009679394606195511,0.011154477994461528,0.01133886341799478,0.011486371756821382,0.025008611381053925,0.027204905450344086,0.027479442209005354,0.02769907161593437
loco_plateau,deepsets,45,crack_count,15,1,1,0.01735575497150421,0.01928515726803943,0.01928515726803943,0.9921032441850831,0.022779345512390137,0.04278743267059326,0.0,0.009111738204956022,0.01735575497150421,0.01735575497150421,0.01735575497150421,0.01735575497150421,0.022779345512390137,0.022779345512390137,0.022779345512390137,0.022779345512390137
loco_plateau,deepsets,45,crack_count,2,7,7,0.008898562828048332,0.011714549107370973,0.011160718207592039,0.9976807623949016,0.041628360748291016,0.041628360748291016,0.02306631207466125,0.03033314168453218,0.00825157529506527,0.01316359833371444,0.01418549408067445,0.015003010678242463,0.025773584842681885,0.03647369146347046,0.03905102610588073,0.041112893819808954
loco_plateau,deepsets,45,crack_count,3,12,12,0.00848823960341228,0.010707783497364858,0.010377598511162591,0.9981808466420664,0.03686511516571045,0.03686511516571045,0.02092675119638442,0.028369820713996883,0.0076018770332219165,0.012145885678588366,0.013046224372553043,0.0137213442718885,0.021960467100143433,0.03301620781421662,0.03497374206781387,0.03648684054613113
loco_plateau,deepsets,45,crack_count,4,7,7,0.008832527810938882,0.011481778405525566,0.011110442414895462,0.9979070890720251,0.038683414459228516,0.038683414459228516,0.02086948752403259,0.030186785180121675,0.007694835606657091,0.01274234130367881,0.013283277826658526,0.013716027045042298,0.02200111746788025,0.03653355240821839,0.037608483433723444,0.0384684282541275
loco_plateau,deepsets,45,crack_count,5,11,11,0.011213953297268793,0.014664080536823432,0.013827199931801936,0.9952905734239682,0.05299711227416992,0.05299711227416992,0.031177908182144165,0.04168643653392789,0.010027861008878614,0.015897468465273498,0.018212311702673553,0.0200641862925936,0.023289084434509277,0.0398944616317749,0.04644578695297241,0.05168684720993042
loco_plateau,deepsets,45,crack_count,6,7,7,0.006839190847491213,0.009428057162889815,0.009310303943282038,0.9985015252541335,0.03126448392868042,0.035370051860809326,0.016944983601570124,0.022692249417304994,0.006707625555210426,0.007934996485710144,0.008292181276884235,0.008577929109823508,0.022728055715560913,0.027962470054626466,0.02961347699165344,0.030934282541275022
loco_plateau,deepsets,45,crack_count,7,13,13,0.01005768855331374,0.013360710929801414,0.012780403512452491,0.9969226868954204,0.04522913694381714,0.08146131038665771,0.02346200346946716,0.02902125477790836,0.008892991015168487,0.013694116277772873,0.01620192684111047,0.01888851802857195,0.02299666404724121,0.039017462730407716,0.04214488267898559,0.04461228609085083
loco_plateau,deepsets,45,crack_count,8,18,18,0.011180779397935492,0.015203509238913896,0.013978553746718648,0.9962225236951271,0.05918532609939575,0.06671607494354248,0.03311873823404312,0.04150087215006351,0.0100895652974971,0.014825382633287398,0.017486963121861685,0.027868357155410944,0.027527660131454468,0.044927991926670074,0.04730354100465772,0.05680896908044813
loco_plateau,deepsets,45,crack_count,9,5,5,0.011205899043649924,0.01584595769094388,0.014127125584971076,0.9964897119303389,0.05158676207065582,0.06632477045059204,0.02937979251146317,0.04510605931282043,0.008455393011452721,0.018979504789973872,0.022069870338576738,0.024542162777459037,0.03002256155014038,0.04700325429439545,0.049295008182525635,0.05112841129302979
loco_plateau,deepsets,45,source_batch,batch_004,39,39,0.00885360406734403,0.011523227496716467,0.01099293359120548,0.9977185847611252,0.04322180151939392,0.04322180151939392,0.020925144851207732,0.027822577357292166,0.007591034300991746,0.012887162556413747,0.014719220605052886,0.017902143709972246,0.02200111746788025,0.035158991813659675,0.03882394433021546,0.042031227946281426
loco_plateau,deepsets,45,source_batch,batch_005,64,64,0.01081295017239859,0.014532166999824236,0.013584296096664205,0.9964175581269975,0.0613284707069397,0.08146131038665771,0.027324725687503812,0.04037874460220334,0.009396289337853917,0.01650763408082431,0.020423039867252597,0.027122519704528506,0.028522729873657227,0.045087285339832306,0.05180810019373894,0.059978289604187
loco_plateau,deepsets,45,retained_or_restored,retained911,103,103,0.010071061841358515,0.013472148284873973,0.012603100584888572,0.9969067134420299,0.0613284707069397,0.08146131038665771,0.02411803901195525,0.0388600678741932,0.008542354478210699,0.01509078770387368,0.019339724740043997,0.025079315924009356,0.02598288655281067,0.04155745506286621,0.04522689878940582,0.05906156182289126
loco_plateau,deepsets,45,flat_response,nonflat,103,103,0.010071061841358515,0.013472148284873973,0.012603100584888572,0.9969067134420299,0.0613284707069397,0.08146131038665771,0.02411803901195525,0.0388600678741932,0.008542354478210699,0.01509078770387368,0.019339724740043997,0.025079315924009356,0.02598288655281067,0.04155745506286621,0.04522689878940582,0.05906156182289126
loco_plateau,deepsets,46,fire_family,plateau,103,103,0.00953186496000689,0.012877978146134587,0.012050213939893218,0.997173546707202,0.07709181308746338,0.0823897123336792,0.02260810434818267,0.03814301490783692,0.008177750911868986,0.013830923350130926,0.016450072458532985,0.02704522176783106,0.025741279125213623,0.04298938512802124,0.05137497186660765,0.05795532315969467
loco_plateau,deepsets,46,crack_count,1,10,10,0.007683009101597011,0.010180913675631278,0.009983648628841038,0.9982282944189539,0.03816354274749756,0.04327613115310669,0.01663029491901397,0.027035078406333905,0.007661996470367322,0.008415400270433698,0.009870210886917637,0.011034059380104795,0.026809394359588623,0.0352723091840744,0.03671792596578598,0.037874419391155247
loco_plateau,deepsets,46,crack_count,10,3,3,0.00949883766350199,0.012638266595363405,0.011893372285586611,0.9969709148448939,0.05157119035720825,0.05157119035720825,0.023732796311378482,0.03036539614200593,0.00772210955619812,0.013487064936121956,0.014207684358612435,0.01478417989660482,0.029707729816436768,0.047198498249053956,0.0493848443031311,0.05113392114639282
loco_plateau,deepsets,46,crack_count,11,4,4,0.012583327952955588,0.015432074362204614,0.01486208284041271,0.9950642391112036,0.05449169874191284,0.05449169874191284,0.018625959753990173,0.0294530177116394,0.011798615826935064,0.017358848770133786,0.018291896471723176,0.019038334632994695,0.041066646575927734,0.05405276417732239,0.05427223145961761,0.054447805285453794
loco_plateau,deepsets,46,crack_count,12,1,1,0.0120187837203018,0.015083551385413013,0.015083551385413013,0.9967341290078101,0.021227359771728516,0.045423269271850586,0.005986154079437256,0.01498317718505858,0.0120187837203018,0.0120187837203018,0.0120187837203018,0.0120187837203018,0.021227359771728516,0.021227359771728516,0.021227359771728516,0.021227359771728516
loco_plateau,deepsets,46,crack_count,13,2,2,0.01834478131571754,0.023199319874109992,0.0228751810021484,0.9846461951706889,0.07709181308746338,0.07709181308746338,0.03901835829019546,0.04147182136774062,0.01834478131571754,0.022384025400779287,0.022888930911412003,0.02329285531991818,0.050293758511543274,0.07173220217227935,0.07441200762987137,0.07655585199594497
loco_plateau,deepsets,46,crack_count,14,2,2,0.011912951093228137,0.014394480900044885,0.014185243689833277,0.99660854278361,0.03260204195976257,0.03260204195976257,0.02902500331401824,0.031769209057092664,0.011912951093228137,0.013943016406942586,0.014196774571156891,0.014399781102528337,0.031355246901512146,0.032352682948112485,0.03247736245393753,0.032577106058597566
loco_plateau,deepsets,46,crack_count,15,1,1,0.01704086485456248,0.018633216077488225,0.018633216077488225,0.9926281247096465,0.018918097019195557,0.03384178876876831,0.0,0.00933932065963743,0.01704086485456248,0.01704086485456248,0.01704086485456248,0.01704086485456248,0.018918097019195557,0.018918097019195557,0.018918097019195557,0.018918097019195557
loco_plateau,deepsets,46,crack_count,2,7,7,0.008555616694884222,0.011246264013008106,0.010923178674735566,0.9978624777754078,0.037417829036712646,0.037417829036712646,0.02104097604751587,0.027915731370449073,0.007784022415270571,0.011792318132080017,0.012572993936597322,0.01319753458021117,0.02594137191772461,0.0361730694770813,0.03679544925689697,0.03729335308074951
loco_plateau,deepsets,46,crack_count,3,12,12,0.007166330885813862,0.009308631683935054,0.009239458658262744,0.9986251926570634,0.032776087522506714,0.037922799587249756,0.017597330361604692,0.02488049387931819,0.007275885887077597,0.008867622441688523,0.009146581956597625,0.009295261160272067,0.02181778848171234,0.02884397506713867,0.030652318894863126,0.032351333796978
loco_plateau,deepsets,46,crack_count,4,7,7,0.00881553224704514,0.011723646042068278,0.0115976223585926,0.9978179845589722,0.03891091048717499,0.03891091048717499,0.021119600534439086,0.03244033932685853,0.009023982726159643,0.010736753235830636,0.010839642897309338,0.0109219546264923,0.026710212230682373,0.03822238743305206,0.038566648960113525,0.038842058181762694
loco_plateau,deepsets,46,crack_count,5,11,11,0.00956060415641828,0.012342693447948468,0.011981955176030094,0.996663599010672,0.045263320207595825,0.045263320207595825,0.020793810486793518,0.029699642956256864,0.008862472459918162,0.013768889376374542,0.01447176994358907,0.015034074397360693,0.022609740495681763,0.035286784172058105,0.040275052189826965,0.044265666604042055
loco_plateau,deepsets,46,crack_count,6,7,7,0.0075054850246085505,0.009614393799784833,0.009438150609059092,0.9984417080496403,0.03093770146369934,0.03093770146369934,0.01517679989337921,0.024604632854461683,0.008254676080140912,0.00933932813464618,0.009422468332970727,0.009488980491630366,0.01819288730621338,0.028846561908721924,0.02989213168621063,0.030728587508201597
loco_plateau,deepsets,46,crack_count,7,13,13,0.008784901552738488,0.011835991381211672,0.011460366996506065,0.9975849738859626,0.03850942850112915,0.0823897123336792,0.0202426552772522,0.028796033859252942,0.0074444032716946525,0.012407242665525344,0.013087982427878456,0.013694741960431708,0.02355937659740448,0.03141013383865357,0.034601736068725575,0.03772789001464843
loco_plateau,deepsets,46,crack_count,8,18,18,0.011080577343580176,0.01514933780097942,0.013899606369560672,0.9962493946971182,0.0576171875,0.07045447826385498,0.03224252313375472,0.04469854444265365,0.00926670291628994,0.016188824127932065,0.01870619178917562,0.028736545127190503,0.02810165286064148,0.04949911683797836,0.05081023275852202,0.056255796551704394
loco_plateau,deepsets,46,crack_count,9,5,5,0.01151877903669584,0.016647169095532925,0.014560825303290083,0.9961257596861517,0.05796222388744354,0.06716126203536987,0.032128053903579715,0.05532750904560083,0.00848640721352374,0.01979530214896945,0.02345752099254092,0.026387296067398102,0.029770195484161377,0.049020770192146304,0.053491497039794916,0.05706807851791382
loco_plateau,deepsets,46,source_batch,batch_004,39,39,0.008632125227252894,0.011244856809108469,0.010867759496423768,0.9978274792897162,0.04465475678443909,0.04465475678443909,0.019689220190048207,0.028123995065689064,0.00772551129587361,0.012861482481487465,0.01377664362309409,0.015217728077388196,0.02228984236717224,0.031214153766632086,0.03336967229843141,0.04231953203678129
loco_plateau,deepsets,46,source_batch,batch_005,64,64,0.010080143859653857,0.01377856901075917,0.012770772116382419,0.9967794753771176,0.07709181308746338,0.0823897123336792,0.02593666464090347,0.04082215636968613,0.008643595165893681,0.015100746491893394,0.01889733227550005,0.028645765477577672,0.027228087186813354,0.04956191033124924,0.054272231459617605,0.06504017189145084
loco_plateau,deepsets,46,retained_or_restored,retained911,103,103,0.00953186496000689,0.012877978146134587,0.012050213939893218,0.997173546707202,0.07709181308746338,0.0823897123336792,0.02260810434818267,0.03814301490783692,0.008177750911868986,0.013830923350130926,0.016450072458532985,0.02704522176783106,0.025741279125213623,0.04298938512802124,0.05137497186660765,0.05795532315969467
loco_plateau,deepsets,46,flat_response,nonflat,103,103,0.00953186496000689,0.012877978146134587,0.012050213939893218,0.997173546707202,0.07709181308746338,0.0823897123336792,0.02260810434818267,0.03814301490783692,0.008177750911868986,0.013830923350130926,0.016450072458532985,0.02704522176783106,0.025741279125213623,0.04298938512802124,0.05137497186660765,0.05795532315969467
loco_plateau,capacity_matched_deepsets,42,fire_family,plateau,103,103,0.009570517650159581,0.01277452472323017,0.012060465932665397,0.9972187761309886,0.0645553469657898,0.07597160339355469,0.023756614513695238,0.03559600412845621,0.008463727890468035,0.014683179777176654,0.01661830273319462,0.02160705926965496,0.027002692222595215,0.04366631507873535,0.04730844944715498,0.06063343524932866
loco_plateau,capacity_matched_deepsets,42,crack_count,1,10,10,0.00888041916501815,0.011629936599483345,0.01142454103103405,0.9976880803434269,0.03916138410568237,0.042174577713012695,0.020439036190509796,0.029047817289829237,0.008843149989843369,0.010860457335461357,0.011657030775104877,0.012294289526819694,0.028814300894737244,0.03640350997447967,0.03778244704008102,0.038885596692562106
loco_plateau,capacity_matched_deepsets,42,crack_count,10,3,3,0.010206143224174208,0.012453793541081469,0.012445371071341568,0.9970586968943483,0.04876762628555298,0.04876762628555298,0.01624834537506104,0.02582545042037965,0.010331888179310033,0.010640579071201263,0.010679165432687666,0.010710034521876789,0.027209222316741943,0.04445594549179077,0.046611785888671875,0.048336458206176755
loco_plateau,capacity_matched_deepsets,42,crack_count,11,4,4,0.010193124169208964,0.01323037193620783,0.012688182811447016,0.9963721476423192,0.045651018619537354,0.045651018619537354,0.01660190820693969,0.02809900820255277,0.010600853772436986,0.01388390828840068,0.014129996311957717,0.014326866730803347,0.03221014142036438,0.04238607287406922,0.04401854574680328,0.04532452404499054
loco_plateau,capacity_matched_deepsets,42,crack_count,12,1,1,0.013061949219860014,0.015615825180573627,0.015615825180573627,0.9964995676577508,0.02517104148864746,0.03329458832740784,0.010284781455993652,0.01933376789093016,0.013061949219860014,0.013061949219860014,0.013061949219860014,0.013061949219860014,0.02517104148864746,0.02517104148864746,0.02517104148864746,0.02517104148864746
loco_plateau,capacity_matched_deepsets,42,crack_count,13,2,2,0.013747233225673925,0.01791893676067832,0.017918435752414794,0.9908401158020418,0.06087559461593628,0.06087559461593628,0.024397377669811246,0.026592248082160947,0.013747233225673925,0.014520968252518139,0.014617685130873664,0.014695058633558087,0.04119980335235596,0.056940436363220215,0.05890801548957825,0.060482078790664674
loco_plateau,capacity_matched_deepsets,42,crack_count,14,2,2,0.006822131085591238,0.0096266754043759,0.0095613642034648,0.998483134813649,0.027133911848068237,0.03230017423629761,0.017685556411743162,0.025459676086902607,0.006822131085591238,0.007599898904073434,0.007697119881383708,0.007774896663231928,0.02645401656627655,0.0269979327917099,0.02706592231988907,0.027120313942432403
loco_plateau,capacity_matched_deepsets,42,crack_count,15,1,1,0.01267136022692821,0.01633423183689774,0.01633423183689774,0.9943350018814682,0.02095550298690796,0.041623055934906006,0.0,0.009769010543823215,0.01267136022692821,0.01267136022692821,0.01267136022692821,0.01267136022692821,0.02095550298690796,0.02095550298690796,0.02095550298690796,0.02095550298690796
loco_plateau,capacity_matched_deepsets,42,crack_count,2,7,7,0.007935822507327278,0.010522512150175672,0.0102138953628549,0.9981287450530475,0.0428767204284668,0.0428767204284668,0.017104786634445188,0.023642595000565057,0.007336912401875511,0.010548971422383044,0.01179549120000151,0.012792707022096289,0.022421061992645264,0.031616306304931646,0.03724651336669921,0.04175067901611327
loco_plateau,capacity_matched_deepsets,42,crack_count,3,12,12,0.007967392267669486,0.010405210070704524,0.010225043899948721,0.9982822029421063,0.03355926275253296,0.04555612802505493,0.01964867562055587,0.0287599867582321,0.007831703352390742,0.009705055981385904,0.010990135212902161,0.0121611939517201,0.024840891361236572,0.032046562433242796,0.03280749320983887,0.03340890884399414
loco_plateau,capacity_matched_deepsets,42,crack_count,4,7,7,0.00834234819836932,0.01072695401957354,0.010521648963896521,0.9981732241483806,0.03650408983230591,0.03650408983230591,0.019131690263748155,0.026241697072982788,0.007594650641816561,0.010854057784451815,0.011352054133522705,0.01175045121277942,0.025566237047314644,0.03399209380149842,0.03524809181690216,0.036252890229225156
loco_plateau,capacity_matched_deepsets,42,crack_count,5,11,11,0.010408746350650993,0.013245775531344121,0.01274024211207081,0.9961575065309756,0.04388093948364258,0.04388093948364258,0.026202604174613953,0.03216579556465148,0.009732328233171682,0.015436478569859365,0.017094256081542032,0.018420478090888166,0.02801114320755005,0.03957873582839966,0.04172983765602112,0.043450719118118285
loco_plateau,capacity_matched_deepsets,42,crack_count,6,7,7,0.006844642412885849,0.009203820594966166,0.008969310049928264,0.9985719569390282,0.03360617160797119,0.03540933132171631,0.015477423369884486,0.02357922762632371,0.006768712193750945,0.008770207767603828,0.009506908535468771,0.01009626914976073,0.020101547241210938,0.029948443174362186,0.03177730739116668,0.03324039876461029
loco_plateau,capacity_matched_deepsets,42,crack_count,7,13,13,0.010209935821808904,0.01331665019147682,0.012628497405740607,0.9969429500561242,0.04861462116241455,0.07597160339355469,0.0249562531709671,0.03164512634277344,0.008216564772558993,0.015400616458204926,0.01690342852570971,0.01867013989169089,0.027724087238311768,0.04360026121139527,0.04658393859863281,0.0482084846496582
loco_plateau,capacity_matched_deepsets,42,crack_count,8,18,18,0.01152413862779438,0.01563343082434725,0.014251240904030309,0.9960058657641795,0.0645553469657898,0.0645553469657898,0.03227023556828497,0.04286260724067688,0.009718557728118584,0.01819898977142866,0.022920877339898553,0.028646000313465696,0.03015846014022827,0.047747458517551425,0.05077409446239469,0.06179909646511075
loco_plateau,capacity_matched_deepsets,42,crack_count,9,5,5,0.009313578402898351,0.012999408177056396,0.01230282122981141,0.9976376027122491,0.040835559368133545,0.05589193105697632,0.02376268953084947,0.03520416855812068,0.006545406567757247,0.014943963606826594,0.016499214265190184,0.01774341479188106,0.04005514085292816,0.04053672552108765,0.04068614244461059,0.040805675983428956
loco_plateau,capacity_matched_deepsets,42,source_batch,batch_004,39,39,0.009095852595635352,0.011824126146133795,0.011324223328285548,0.9975978829001293,0.04523015022277832,0.04555612802505493,0.022191683948040008,0.029958361983299233,0.008216564772558993,0.014702313894131146,0.01583221029551303,0.018201621423979266,0.023896753787994385,0.034625744819641126,0.040423941612243657,0.044944106340408324
loco_plateau,capacity_matched_deepsets,42,source_batch,batch_005,64,64,0.009859766667760284,0.01332046430220682,0.012509113769709361,0.9969900649903133,0.0645553469657898,0.07597160339355469,0.02458151578903198,0.03929882839322087,0.009396644889331254,0.014612906707114862,0.0176617669704996,0.024773123007817324,0.028837427496910095,0.04511999487876893,0.048573744297027585,0.06223710298538207
loco_plateau,capacity_matched_deepsets,42,retained_or_restored,retained911,103,103,0.009570517650159581,0.01277452472323017,0.012060465932665397,0.9972187761309886,0.0645553469657898,0.07597160339355469,0.023756614513695238,0.03559600412845621,0.008463727890468035,0.014683179777176654,0.01661830273319462,0.02160705926965496,0.027002692222595215,0.04366631507873535,0.04730844944715498,0.06063343524932866
loco_plateau,capacity_matched_deepsets,42,flat_response,nonflat,103,103,0.009570517650159581,0.01277452472323017,0.012060465932665397,0.9972187761309886,0.0645553469657898,0.07597160339355469,0.023756614513695238,0.03559600412845621,0.008463727890468035,0.014683179777176654,0.01661830273319462,0.02160705926965496,0.027002692222595215,0.04366631507873535,0.04730844944715498,0.06063343524932866
loco_plateau,capacity_matched_deepsets,43,fire_family,plateau,103,103,0.009749184080658824,0.012693004453244075,0.012147276652758767,0.9972541594743868,0.059682607650756836,0.07935023307800293,0.023488146066665643,0.03417512878775598,0.009198100596177773,0.014132453281371318,0.01494186041785068,0.019148868376114334,0.027344971895217896,0.04157135486602783,0.04507665038108823,0.05574724912643434
loco_plateau,capacity_matched_deepsets,43,crack_count,1,10,10,0.009359096598307618,0.012450746466050601,0.011992870212458337,0.9973502260726215,0.05133020877838135,0.05133020877838135,0.02199061512947081,0.036529049873352044,0.008879000076749285,0.01256825083286547,0.01345672947736304,0.0141675123929611,0.029172047972679138,0.0509867787361145,0.05115849375724792,0.05129586577415466
loco_plateau,capacity_matched_deepsets,43,crack_count,10,3,3,0.009104638314637982,0.011463097166156849,0.01141623695825167,0.997508043795381,0.045321643352508545,0.045321643352508545,0.015886750817298897,0.024293777942657493,0.00961835340398257,0.010040633160559857,0.01009341813013202,0.010135646105789748,0.027117431163787842,0.04168080091476441,0.043501222133636476,0.044957559108734134
loco_plateau,capacity_matched_deepsets,43,crack_count,11,4,4,0.00974844499933915,0.012512152842965907,0.012163500186112307,0.9967553371274028,0.036822378635406494,0.036822378635406494,0.014456845074892042,0.027911033630371073,0.009795061755375783,0.01278974545783684,0.013062954755103,0.01328152219291593,0.02977973222732544,0.03487119674682617,0.03584678769111633,0.03662726044654846
loco_plateau,capacity_matched_deepsets,43,crack_count,12,1,1,0.011995770403596222,0.015122849890999341,0.015122849890999341,0.9967170891159548,0.02344125509262085,0.041847050189971924,0.007050812244415283,0.01610993742942808,0.011995770403596222,0.011995770403596222,0.011995770403596222,0.011995770403596222,0.02344125509262085,0.02344125509262085,0.02344125509262085,0.02344125509262085
loco_plateau,capacity_matched_deepsets,43,crack_count,13,2,2,0.013719992437323587,0.016784079275341823,0.01676294353895438,0.9919636183382987,0.055837392807006836,0.055837392807006836,0.020577479898929593,0.02435186594724654,0.013719992437323587,0.01373612800093948,0.013738144946391466,0.013739758502753056,0.03765392303466797,0.052200698852539064,0.054019045829772946,0.05547372341156006
loco_plateau,capacity_matched_deepsets,43,crack_count,14,2,2,0.008864104075998556,0.011414122496496424,0.011413944398412793,0.9978675474054025,0.030566424131393433,0.03140491247177124,0.020345398038625714,0.02680387169122694,0.008864104075998556,0.009306367462287184,0.009361650385573262,0.009405876724202124,0.026730790734291077,0.02979929745197296,0.030182860791683197,0.030489711463451384
loco_plateau,capacity_matched_deepsets,43,crack_count,15,1,1,0.009353478423884658,0.012510672390608522,0.012510672390608522,0.9966767451864075,0.01978665590286255,0.03986161947250366,0.0022022128105163574,0.010646241903305032,0.009353478423884658,0.009353478423884658,0.009353478423884658,0.009353478423884658,0.01978665590286255,0.01978665590286255,0.01978665590286255,0.01978665590286255
loco_plateau,capacity_matched_deepsets,43,crack_count,2,7,7,0.009274127044708442,0.011679905074631807,0.01149358840427031,0.9976944597100177,0.03839424252510071,0.03839424252510071,0.020661573112010948,0.029284068644046788,0.00888157806924132,0.011542726698957506,0.012567205702672236,0.013386788905644025,0.028813436627388,0.03398456573486328,0.03618940412998199,0.03795327484607696
loco_plateau,capacity_matched_deepsets,43,crack_count,3,12,12,0.009187409135161853,0.011215158266247643,0.011037396495827223,0.9980043656867237,0.03965198993682861,0.03965198993682861,0.020296896994113918,0.02814402103424069,0.00915026359382223,0.012073448068294369,0.012509455907418102,0.012716777055356347,0.026403076946735382,0.031759035587310795,0.03550847172737121,0.038823286294937136
loco_plateau,capacity_matched_deepsets,43,crack_count,4,7,7,0.008678468378299992,0.011118830411189006,0.010848681651583847,0.9980373148507345,0.0388360321521759,0.0388360321521759,0.021129237115383146,0.031980308890342715,0.009051311883281489,0.010959322371932327,0.011830515200730227,0.01252746946376855,0.031993210315704346,0.03707053065299988,0.037953281402587885,0.0386594820022583
loco_plateau,capacity_matched_deepsets,43,crack_count,5,11,11,0.009712517825017742,0.012293645332828155,0.01197023214112314,0.996690063093428,0.038264721632003784,0.038264721632003784,0.023966699838638306,0.030140671133995055,0.009541061813714074,0.014230526128753286,0.014591742368018041,0.014880715359429843,0.024603307247161865,0.03650456666946411,0.03738464415073395,0.038088706135749814
loco_plateau,capacity_matched_deepsets,43,crack_count,6,7,7,0.007617948397959145,0.009964769345963274,0.009689430504160726,0.9983260614342082,0.042020559310913086,0.042020559310913086,0.018947663158178328,0.026303963959217077,0.007499124671592087,0.009308981529024781,0.010234143975816788,0.010974273933250395,0.022176593542099,0.033215206861495976,0.03761788308620452,0.041140024065971365
loco_plateau,capacity_matched_deepsets,43,crack_count,7,13,13,0.010226832277612459,0.013283012673387022,0.012630284873787588,0.9969583746105504,0.042871713638305664,0.07935023307800293,0.0248201847076416,0.03226697921752936,0.008908171756345718,0.015730436500467238,0.017111879929167323,0.01803138491560201,0.027365922927856445,0.036468470096588136,0.039368247985839835,0.0421710205078125
loco_plateau,capacity_matched_deepsets,43,crack_count,8,18,18,0.011324167595955734,0.014906743095811999,0.013940612134646603,0.996368553939375,0.059682607650756836,0.06385022401809692,0.029305740445852275,0.03907048523426055,0.010275995114543399,0.01613947854178851,0.02020337028948009,0.024901660200758048,0.029840081930160522,0.04340060502290726,0.04906542003154753,0.05755917012691496
loco_plateau,capacity_matched_deepsets,43,crack_count,9,5,5,0.008977121749862297,0.012915140703845012,0.012176569225752039,0.9976681314886979,0.0416826456785202,0.06376039981842041,0.020516814291477205,0.03661857247352599,0.007086061857274321,0.013441461373548038,0.015401913604286848,0.0169702753888779,0.029117465019226074,0.04024892151355743,0.04096578359603882,0.041539273262023925
loco_plateau,capacity_matched_deepsets,43,source_batch,batch_004,39,39,0.009859553594243982,0.012337765588030163,0.011948903722900483,0.9973846543442947,0.042871713638305664,0.04643326997756958,0.023036096990108487,0.028826179206371295,0.00916357863633359,0.01438070731084855,0.01499234161904601,0.017533319714616552,0.025225907564163208,0.03675490021705628,0.039827489852905275,0.04231511831283569
loco_plateau,capacity_matched_deepsets,43,source_batch,batch_005,64,64,0.00968192765831787,0.012904683841206369,0.012268160156891158,0.9971750346165676,0.059682607650756836,0.07935023307800293,0.024071243405342103,0.03625643640756605,0.00924917515825297,0.013728060219131533,0.014861796034469464,0.02172340526077589,0.02953295409679413,0.0419471338391304,0.05038509666919706,0.057260122299194326
loco_plateau,capacity_matched_deepsets,43,retained_or_restored,retained911,103,103,0.009749184080658824,0.012693004453244075,0.012147276652758767,0.9972541594743868,0.059682607650756836,0.07935023307800293,0.023488146066665643,0.03417512878775598,0.009198100596177773,0.014132453281371318,0.01494186041785068,0.019148868376114334,0.027344971895217896,0.04157135486602783,0.04507665038108823,0.05574724912643434
loco_plateau,capacity_matched_deepsets,43,flat_response,nonflat,103,103,0.009749184080658824,0.012693004453244075,0.012147276652758767,0.9972541594743868,0.059682607650756836,0.07935023307800293,0.023488146066665643,0.03417512878775598,0.009198100596177773,0.014132453281371318,0.01494186041785068,0.019148868376114334,0.027344971895217896,0.04157135486602783,0.04507665038108823,0.05574724912643434
loco_plateau,capacity_matched_deepsets,44,fire_family,plateau,103,103,0.010577280036856058,0.014108934589473765,0.01319830996226324,0.9966073825959378,0.08187931776046753,0.08187931776046753,0.026745878159999806,0.04013296306133275,0.00926250536910823,0.01585980888272895,0.017283383182814856,0.02495330520584935,0.02888667583465576,0.04631378948688507,0.05160651504993436,0.060267014503479016
loco_plateau,capacity_matched_deepsets,44,crack_count,1,10,10,0.010248829995388866,0.013733156822953374,0.01340602577940877,0.9967762689520964,0.048437416553497314,0.051883041858673096,0.025928092747926706,0.03702047675848006,0.010414680740872368,0.013616882450878621,0.01373312077408687,0.01382611143265347,0.03563506901264191,0.04345446228981018,0.045945939421653745,0.0479391211271286
loco_plateau,capacity_matched_deepsets,44,crack_count,10,3,3,0.009758067220612301,0.012350923641110179,0.01222617668025817,0.9971070872768815,0.04812711477279663,0.04812711477279663,0.019525448977947238,0.024966388940811175,0.010905785394496605,0.011167588927706735,0.011200314369358,0.011226494722679014,0.027108371257781982,0.043923366069793704,0.04602524042129516,0.04770673990249634
loco_plateau,capacity_matched_deepsets,44,crack_count,11,4,4,0.011725383642755572,0.014594549980596477,0.014378178507420326,0.995585445183799,0.03848278522491455,0.04838061332702637,0.021120562404394146,0.0258570122718811,0.011710826979308833,0.013648249502064752,0.013983182328157736,0.014251128589032125,0.028974860906600952,0.03650867938995361,0.03749573230743408,0.03828537464141846
loco_plateau,capacity_matched_deepsets,44,crack_count,12,1,1,0.013291108315108253,0.016254757767176362,0.016254757767176362,0.9962072622455034,0.024706482887268066,0.03761082887649536,0.005640983581542969,0.01608697175979612,0.013291108315108253,0.013291108315108253,0.013291108315108253,0.013291108315108253,0.024706482887268066,0.024706482887268066,0.024706482887268066,0.024706482887268066
loco_plateau,capacity_matched_deepsets,44,crack_count,13,2,2,0.011359268402467008,0.015883587754137105,0.015878570902755938,0.9928028140539532,0.060311198234558105,0.060311198234558105,0.02004145979881286,0.02861936390399931,0.011359268402467008,0.012216994386227404,0.012324210134197454,0.012409982732573493,0.040484458208084106,0.056345850229263306,0.058328524231910706,0.059914663434028625
loco_plateau,capacity_matched_deepsets,44,crack_count,14,2,2,0.010319125823310165,0.012130748734328083,0.012084603716556274,0.9975913730482839,0.02983725070953369,0.030130386352539062,0.0217500478029251,0.02728146284818648,0.010319125823310165,0.011164422186671711,0.011270084232091904,0.011354613868428058,0.026567459106445312,0.029183292388916017,0.029510271549224854,0.029771854877471925
loco_plateau,capacity_matched_deepsets,44,crack_count,15,1,1,0.009201459464479665,0.013122649432261423,0.013122649432261423,0.9963436699390064,0.020391225814819336,0.040939509868621826,0.0075529515743255615,0.01311975717544554,0.009201459464479665,0.009201459464479665,0.009201459464479665,0.009201459464479665,0.020391225814819336,0.020391225814819336,0.020391225814819336,0.020391225814819336
loco_plateau,capacity_matched_deepsets,44,crack_count,2,7,7,0.009025225551053008,0.011585414418057478,0.011426654988431179,0.997731612546599,0.03277096152305603,0.0435519814491272,0.019285124540328977,0.027664223909378054,0.008928544452933014,0.011547973019177796,0.011630154950696914,0.011695900495912208,0.02773367427289486,0.03246179223060608,0.032616376876831055,0.03274004459381104
loco_plateau,capacity_matched_deepsets,44,crack_count,3,12,12,0.009054760000785518,0.011736893727235425,0.011420033463149378,0.9978143707514696,0.033941805362701416,0.046883344650268555,0.02280605286359787,0.029403395503759363,0.007743959177712925,0.01358210173298101,0.014574785231322537,0.015232957194818826,0.025549888610839844,0.031235492229461672,0.03255884051322937,0.03366521239280701
loco_plateau,capacity_matched_deepsets,44,crack_count,4,7,7,0.008546472496551568,0.011377626004728681,0.010793660645446608,0.997944886880494,0.03778578341007233,0.03778578341007233,0.023765365779399864,0.032663987688720246,0.006570004293175995,0.01354305344160463,0.01440459598374904,0.01509383001746457,0.02779810130596161,0.03670820593833923,0.03724699467420578,0.03767802566289902
loco_plateau,capacity_matched_deepsets,44,crack_count,5,11,11,0.011040041678419944,0.014334160966772787,0.013638344394530004,0.9955000995078871,0.04653722047805786,0.04653722047805786,0.029911354184150696,0.03841245174407956,0.009435780957096913,0.015973769006181936,0.01787993849300947,0.019404874082471504,0.032193005084991455,0.040104418992996216,0.04332081973552704,0.0458939403295517
loco_plateau,capacity_matched_deepsets,44,crack_count,6,7,7,0.008394245948180102,0.010580067581262245,0.010239886716132624,0.9981129565605672,0.037577033042907715,0.037577033042907715,0.0202703595161438,0.02766675263643265,0.006961753439219271,0.011743519540692941,0.012652014073778368,0.013378809700246715,0.023196041584014893,0.033465769886970524,0.03552140146493911,0.03716590672731399
loco_plateau,capacity_matched_deepsets,44,crack_count,7,13,13,0.011116895702530124,0.01472729561397015,0.013603513583754407,0.9962609733612285,0.053036272525787354,0.07655972242355347,0.02900090217590331,0.03847589492797853,0.009374052957921732,0.0158083940993567,0.019421978514702582,0.023586379983386047,0.02719104290008545,0.04967780113220216,0.052348768711090087,0.0528987717628479
loco_plateau,capacity_matched_deepsets,44,crack_count,8,18,18,0.013268108391465928,0.017849131920595743,0.01611381835271518,0.9947934713466239,0.08187931776046753,0.08187931776046753,0.036353951692580995,0.0507399658113718,0.010955180056759568,0.01964501070438839,0.026535107311410965,0.033675799182936776,0.031112194061279297,0.054714704304933554,0.06166860759258267,0.07783717572689053
loco_plateau,capacity_matched_deepsets,44,crack_count,9,5,5,0.009948333951293445,0.01396932925515319,0.012938530905026413,0.9972719213834252,0.04542006552219391,0.05932694673538208,0.027551825344562544,0.034875117130577525,0.007083579287177227,0.016320042190004568,0.01854349452941144,0.02032225640093694,0.034947097301483154,0.04326489865779877,0.04434248208999634,0.04520454883575439
loco_plateau,capacity_matched_deepsets,44,source_batch,batch_004,39,39,0.009664130557254865,0.012846199838224557,0.012125125686778595,0.9971646582456225,0.051890432834625244,0.051890432834625244,0.02585268765687942,0.03439963638782497,0.008219711360384206,0.016064796389126387,0.016613028112982143,0.021868565292631974,0.02547137439250946,0.03728022575378418,0.039679715037345895,0.05009121477603911
loco_plateau,capacity_matched_deepsets,44,source_batch,batch_005,64,64,0.011133730500988037,0.01482576962046082,0.013852281630136696,0.9962713391137757,0.08187931776046753,0.08187931776046753,0.027796917501837014,0.04541267916560168,0.010619158749697637,0.015463978064353349,0.019255535414472936,0.028845331152198717,0.031243592500686646,0.048344326019287114,0.05322899185121059,0.06829140245914454
loco_plateau,capacity_matched_deepsets,44,retained_or_restored,retained911,103,103,0.010577280036856058,0.014108934589473765,0.01319830996226324,0.9966073825959378,0.08187931776046753,0.08187931776046753,0.026745878159999806,0.04013296306133275,0.00926250536910823,0.01585980888272895,0.017283383182814856,0.02495330520584935,0.02888667583465576,0.04631378948688507,0.05160651504993436,0.060267014503479016
loco_plateau,capacity_matched_deepsets,44,flat_response,nonflat,103,103,0.010577280036856058,0.014108934589473765,0.01319830996226324,0.9966073825959378,0.08187931776046753,0.08187931776046753,0.026745878159999806,0.04013296306133275,0.00926250536910823,0.01585980888272895,0.017283383182814856,0.02495330520584935,0.02888667583465576,0.04631378948688507,0.05160651504993436,0.060267014503479016
loco_plateau,capacity_matched_deepsets,45,fire_family,plateau,103,103,0.009839952485785588,0.013377247771114004,0.012442306095950758,0.996950139412269,0.07215189933776855,0.0759042501449585,0.02690728902816772,0.0398353505134583,0.008670947590812307,0.015077148842029882,0.018612380936497544,0.02643964522075459,0.028081953525543213,0.04473990201950073,0.050385469198226916,0.06525653570890431
loco_plateau,capacity_matched_deepsets,45,crack_count,1,10,10,0.008869492241227236,0.011381568716289911,0.01111229158473593,0.9977857722326509,0.05097997188568115,0.05097997188568115,0.01958495676517486,0.02827437072992324,0.009075586592442677,0.011261548150758274,0.011425439805769528,0.011556553129778534,0.027829542756080627,0.03524731397628784,0.04311364293098448,0.04940670609474183
loco_plateau,capacity_matched_deepsets,45,crack_count,10,3,3,0.007995195116827397,0.010669718976939925,0.010595128186903627,0.9978410508174729,0.044668376445770264,0.044668376445770264,0.017642901837825777,0.029138402938842782,0.0077388826452317785,0.009664583059607958,0.00990529561140498,0.010097865652842599,0.030325889587402344,0.04179987907409668,0.04323412775993347,0.0443815267086029
loco_plateau,capacity_matched_deepsets,45,crack_count,11,4,4,0.009682135503800189,0.012782107063799888,0.012541321679341137,0.9966138172001892,0.04767662286758423,0.04767662286758423,0.02070951759815216,0.03211114645004272,0.010764038220780795,0.011223881190917532,0.011314431651205313,0.01138687201943554,0.03451219201087952,0.04432264566421509,0.045999634265899654,0.04734122514724731
loco_plateau,capacity_matched_deepsets,45,crack_count,12,1,1,0.006925447553884787,0.010122665304742262,0.010122665304742262,0.9985291053571816,0.023928046226501465,0.03106909990310669,0.01890900731086731,0.02391399145126343,0.006925447553884787,0.006925447553884787,0.006925447553884787,0.006925447553884787,0.023928046226501465,0.023928046226501465,0.023928046226501465,0.023928046226501465
loco_plateau,capacity_matched_deepsets,45,crack_count,13,2,2,0.015285542876016899,0.018827974283213044,0.01870931988311325,0.9898871700953088,0.06550067663192749,0.06550067663192749,0.028935094177722925,0.03889199197292325,0.015285542876016899,0.017484887530569173,0.017759805612388206,0.017979740077843434,0.04271864891052246,0.06094427108764648,0.06322247385978698,0.06504503607749938
loco_plateau,capacity_matched_deepsets,45,crack_count,14,2,2,0.012175063251471909,0.015527507906291229,0.01547436737371443,0.9960536295973849,0.03752812743186951,0.03752812743186951,0.029537788033485397,0.03486148327589034,0.012175063251471909,0.013782657487470595,0.01398360676697043,0.0141443661905703,0.03487639129161835,0.036997780203819275,0.03726295381784439,0.03747509270906448
loco_plateau,capacity_matched_deepsets,45,crack_count,15,1,1,0.007240855791529671,0.010070098423597898,0.010070098423597898,0.9978468723910897,0.018900513648986816,0.036239564418792725,0.005233556032180786,0.012670171260833725,0.007240855791529671,0.007240855791529671,0.007240855791529671,0.007240855791529671,0.018900513648986816,0.018900513648986816,0.018900513648986816,0.018900513648986816
loco_plateau,capacity_matched_deepsets,45,crack_count,2,7,7,0.008542172253062072,0.011160891553247091,0.010955595629830731,0.9978948072475375,0.03923320770263672,0.03923320770263672,0.01960878651589155,0.030086888074874883,0.007240252905204648,0.012135625056556014,0.012229222370708575,0.012304100222030625,0.03026282787322998,0.03801183700561524,0.03862252235412598,0.03911107063293457
loco_plateau,capacity_matched_deepsets,45,crack_count,3,12,12,0.008192032351682746,0.010788850015593692,0.01061170699735635,0.998153197470558,0.04475778341293335,0.04475778341293335,0.02099165916442871,0.03150420665740965,0.008213301815214704,0.009657623569984905,0.010514472376127711,0.011341299781056703,0.025738060474395752,0.03491708338260651,0.03950077295303344,0.04370638132095338
loco_plateau,capacity_matched_deepsets,45,crack_count,4,7,7,0.007767841239531789,0.010363776560471515,0.010243590775702341,0.9982948267687913,0.03290879726409912,0.03452479839324951,0.01870220005512237,0.026376519203186035,0.0075710161787564635,0.009538789704197744,0.010138817962075842,0.010618840568378323,0.02615813910961151,0.03064440488815308,0.03177660107612609,0.032682358026504515
loco_plateau,capacity_matched_deepsets,45,crack_count,5,11,11,0.010676350475090449,0.013785693841946677,0.01297464033793339,0.9958378702522651,0.0439361035823822,0.0439361035823822,0.028813689947128296,0.03538348078727721,0.009422817191139597,0.017009278057051488,0.018654699574728484,0.019971036788870078,0.025298595428466797,0.04243731498718262,0.04318670928478241,0.04378622472286224
loco_plateau,capacity_matched_deepsets,45,crack_count,6,7,7,0.007259224430250059,0.009655147920376228,0.009543501767376037,0.9984284692708235,0.036493778228759766,0.036493778228759766,0.0195049911737442,0.024707112014293674,0.0070910903884739175,0.00869041592126987,0.008705656712905305,0.008717849346213653,0.02479894459247589,0.030428230762481693,0.03346100449562072,0.035887223482131955
loco_plateau,capacity_matched_deepsets,45,crack_count,7,13,13,0.01049718769058153,0.01430865961679682,0.01308940307269889,0.996470522190124,0.0505681037902832,0.0759042501449585,0.029313123226165756,0.03742478609085084,0.00918889222819297,0.01799016546030514,0.02061392972703839,0.022938767310048708,0.026514053344726562,0.042101943492889406,0.04555816650390624,0.0495661163330078
loco_plateau,capacity_matched_deepsets,45,crack_count,8,18,18,0.012018231849757807,0.01660219398491287,0.014995556580176959,0.9954955161722464,0.07215189933776855,0.07215189933776855,0.036651365831494316,0.04584775745868682,0.009834902590049096,0.018818576609502077,0.023037646069634137,0.03162570760264746,0.0375872403383255,0.04985947012901307,0.055420130491256686,0.06880554556846616
loco_plateau,capacity_matched_deepsets,45,crack_count,9,5,5,0.011899603695654478,0.0164909848444239,0.014916239846263907,0.9961981151487703,0.053293630480766296,0.061101555824279785,0.0324667274951935,0.04873883187770838,0.008718869969493052,0.01996140742643935,0.02323031885946383,0.02584544800588342,0.03577691316604614,0.04976053535938263,0.05152708292007446,0.05294032096862793
loco_plateau,capacity_matched_deepsets,45,source_batch,batch_004,39,39,0.00943867020550121,0.012502396223805449,0.01180033664775232,0.997314392241682,0.0505681037902832,0.0505681037902832,0.025293914973735808,0.03380259871482834,0.008401597376729622,0.014574295868639092,0.01790772700896029,0.021679480285918113,0.025328338146209717,0.041663193702697755,0.04486605823040009,0.04877162635326384
loco_plateau,capacity_matched_deepsets,45,source_batch,batch_005,64,64,0.01008448387533388,0.01388335419926437,0.012833506228446678,0.9967303053256558,0.07215189933776855,0.0759042501449585,0.028598343953490257,0.042217143923044195,0.008777802550523985,0.014993439761341596,0.019960311482675727,0.029190422589050923,0.030294358730316162,0.04811442494392395,0.052244341373443595,0.06796162903308867
loco_plateau,capacity_matched_deepsets,45,retained_or_restored,retained911,103,103,0.009839952485785588,0.013377247771114004,0.012442306095950758,0.996950139412269,0.07215189933776855,0.0759042501449585,0.02690728902816772,0.0398353505134583,0.008670947590812307,0.015077148842029882,0.018612380936497544,0.02643964522075459,0.028081953525543213,0.04473990201950073,0.050385469198226916,0.06525653570890431
loco_plateau,capacity_matched_deepsets,45,flat_response,nonflat,103,103,0.009839952485785588,0.013377247771114004,0.012442306095950758,0.996950139412269,0.07215189933776855,0.0759042501449585,0.02690728902816772,0.0398353505134583,0.008670947590812307,0.015077148842029882,0.018612380936497544,0.02643964522075459,0.028081953525543213,0.04473990201950073,0.050385469198226916,0.06525653570890431
loco_plateau,capacity_matched_deepsets,46,fire_family,plateau,103,103,0.009245242705749808,0.012372792474051188,0.011713029552540544,0.9973909529982788,0.06979590654373169,0.075306236743927,0.024034962058067315,0.03521664679050446,0.008198601911302473,0.013407042011862895,0.017519652672478403,0.02166930039764429,0.02767297625541687,0.04345852434635162,0.04603764712810515,0.05942389965057378
loco_plateau,capacity_matched_deepsets,46,crack_count,1,10,10,0.008765300977059073,0.011671423493836717,0.011389615918401708,0.9976715565316248,0.047818392515182495,0.047818392515182495,0.021499755978584285,0.033753099739551505,0.008267708122730255,0.011373436832647832,0.012418838747639634,0.01325516027963308,0.03238417208194733,0.042676705121994014,0.04524754881858825,0.04730422377586365
loco_plateau,capacity_matched_deepsets,46,crack_count,10,3,3,0.008426951498933176,0.011054874872824614,0.010980038439978601,0.9976823699104314,0.04795926809310913,0.04795926809310913,0.015107776224613194,0.026523468494415302,0.008399225405005158,0.009692989949320184,0.009854710517359562,0.009984086971791066,0.028657972812652588,0.04409900903701782,0.04602913856506347,0.047573242187499996
loco_plateau,capacity_matched_deepsets,46,crack_count,11,4,4,0.0089710888559701,0.01199220815607417,0.011604201919629303,0.9970193991978306,0.04353165626525879,0.04353165626525879,0.01759664416313171,0.028422811031341547,0.008390944390023341,0.012415530300531231,0.013105288783057788,0.013657095569079038,0.03131791949272156,0.04058803915977478,0.04205984771251678,0.043237294554710384
loco_plateau,capacity_matched_deepsets,46,crack_count,12,1,1,0.008693543125371465,0.011525975642518395,0.011525975642518395,0.9980930153118737,0.02746427059173584,0.03048577904701233,0.009881198406219482,0.019670200347900374,0.008693543125371465,0.008693543125371465,0.008693543125371465,0.008693543125371465,0.02746427059173584,0.02746427059173584,0.02746427059173584,0.02746427059173584
loco_plateau,capacity_matched_deepsets,46,crack_count,13,2,2,0.015318617835396627,0.018632955280359256,0.01856579881493499,0.9900955812650144,0.06979590654373169,0.06979590654373169,0.02438894659280777,0.027847512066364273,0.015318617835396627,0.017156148420982675,0.01738583974418093,0.017569592802739533,0.04665103554725647,0.06516693234443664,0.06748141944408416,0.06933300912380218
loco_plateau,capacity_matched_deepsets,46,crack_count,14,2,2,0.009812361698170177,0.012320050497052978,0.012303606634510562,0.9975156126856435,0.03368270397186279,0.03368270397186279,0.02296864315867424,0.029959471225738502,0.009812361698170177,0.010951137603794943,0.011093484591998038,0.011207362182560514,0.02885955572128296,0.03271807432174682,0.03320038914680481,0.033586241006851196
loco_plateau,capacity_matched_deepsets,46,crack_count,15,1,1,0.010925798386823936,0.013384209588547993,0.013384209588547993,0.9961964616734877,0.023178458213806152,0.03642416000366211,0.00026479363441467285,0.011673605442047092,0.010925798386823936,0.010925798386823936,0.010925798386823936,0.010925798386823936,0.023178458213806152,0.023178458213806152,0.023178458213806152,0.023178458213806152
loco_plateau,capacity_matched_deepsets,46,crack_count,2,7,7,0.008552486569875855,0.01102579853551166,0.010798939667190812,0.9979454619198096,0.03357118368148804,0.03357118368148804,0.020466046035289752,0.031303608417510995,0.007403537631034851,0.011469028865704771,0.011888450945987075,0.01222398861021292,0.031523823738098145,0.032868731021881106,0.03321995735168457,0.03350093841552734
loco_plateau,capacity_matched_deepsets,46,crack_count,3,12,12,0.007923526093974466,0.01009040477101725,0.009894627436561889,0.9983845730439863,0.03354787826538086,0.03819161653518677,0.019398909807205194,0.027921762764453868,0.007206796622667156,0.011347202498648987,0.011680320995386507,0.011755188638191732,0.02178218960762024,0.030703169107437134,0.03207807242870331,0.03325391709804535
loco_plateau,capacity_matched_deepsets,46,crack_count,4,7,7,0.008637786315060472,0.011173439957870878,0.01077383929476443,0.9980179882579078,0.03952611982822418,0.03952611982822418,0.021953079104423515,0.030785556733608253,0.007508307451107463,0.012540143490081928,0.01348668769093566,0.014243923051618649,0.02809329330921173,0.03607988357543945,0.03780300170183181,0.039181496202945705
loco_plateau,capacity_matched_deepsets,46,crack_count,5,11,11,0.009800973410777826,0.01249303752520905,0.012051668246567233,0.9965818238084627,0.046194225549697876,0.046194225549697876,0.025031670928001404,0.030469831824302674,0.009181311873138929,0.015329826317849706,0.015993286718110566,0.016524055038319257,0.02377617359161377,0.03925502300262451,0.042724624276161194,0.045500305294990544
loco_plateau,capacity_matched_deepsets,46,crack_count,6,7,7,0.007180956901166701,0.009430282721217957,0.009245144858437238,0.9985008177199065,0.030529320240020752,0.030529320240020752,0.01836411952972412,0.024167404770851136,0.0066794993691757076,0.009006736561900281,0.009957602815549879,0.010718295818469562,0.023413807153701782,0.028101187944412232,0.02931525409221649,0.030286507010459898
loco_plateau,capacity_matched_deepsets,46,crack_count,7,13,13,0.008883281809384707,0.011933323240018777,0.011383042125515866,0.9975450912157501,0.04462844133377075,0.075306236743927,0.020314061641693106,0.03222153902053837,0.008499429851281838,0.011765881395730817,0.014507668673015024,0.01762902008705451,0.022313565015792847,0.04342070817947388,0.044265592098236085,0.04455587148666382
loco_plateau,capacity_matched_deepsets,46,crack_count,8,18,18,0.010896721608828217,0.014918165205236488,0.013733049980168681,0.996362986705096,0.05965787172317505,0.06313216686248779,0.03152629733085631,0.03929107815027235,0.009625986707015116,0.01791662955503972,0.01962275387200174,0.026866782589769735,0.03207354247570038,0.04396634697914124,0.046471971273422216,0.05702069163322446
loco_plateau,capacity_matched_deepsets,46,crack_count,9,5,5,0.009689039358350098,0.014216901942066902,0.012867234326155294,0.9971743672862584,0.04634854197502136,0.05966430902481079,0.027033470571041107,0.04376873672008514,0.00690562876521564,0.01628865214889167,0.019012240992217766,0.021191112066878647,0.03279399871826172,0.04315734505653381,0.044752943515777584,0.046029422283172604
loco_plateau,capacity_matched_deepsets,46,source_batch,batch_004,39,39,0.00875732611618958,0.011302032164553158,0.01086466351547273,0.9978053304201522,0.04462844133377075,0.04566812515258789,0.02103336006402969,0.028744102716445917,0.007523867072629147,0.01201658009505663,0.013662903303982787,0.018263228340227096,0.0242384672164917,0.036834108829498294,0.03791005313396455,0.04439863681793213
loco_plateau,capacity_matched_deepsets,46,source_batch,batch_005,64,64,0.009542566877513071,0.012982052533279127,0.012230002606378746,0.9971410595005431,0.06979590654373169,0.075306236743927,0.02572866380214691,0.037421663403510996,0.00839405861057219,0.014241776503927885,0.017471713475028017,0.024304355011000967,0.03050673007965088,0.04406846165657043,0.04759791493415832,0.06340894460678098
loco_plateau,capacity_matched_deepsets,46,retained_or_restored,retained911,103,103,0.009245242705749808,0.012372792474051188,0.011713029552540544,0.9973909529982788,0.06979590654373169,0.075306236743927,0.024034962058067315,0.03521664679050446,0.008198601911302473,0.013407042011862895,0.017519652672478403,0.02166930039764429,0.02767297625541687,0.04345852434635162,0.04603764712810515,0.05942389965057378
loco_plateau,capacity_matched_deepsets,46,flat_response,nonflat,103,103,0.009245242705749808,0.012372792474051188,0.011713029552540544,0.9973909529982788,0.06979590654373169,0.075306236743927,0.024034962058067315,0.03521664679050446,0.008198601911302473,0.013407042011862895,0.017519652672478403,0.02166930039764429,0.02767297625541687,0.04345852434635162,0.04603764712810515,0.05942389965057378
loco_plateau,gnn,42,fire_family,plateau,103,103,0.009911158611574322,0.013123964634084585,0.012566706646676994,0.997064537421019,0.06228119134902954,0.07271772623062134,0.02493074238300323,0.03557262241840363,0.009278651510105759,0.015183402487977603,0.016066361914892663,0.01967367675766105,0.028646200895309448,0.04898674488067627,0.055586147308349605,0.058570035696029664
loco_plateau,gnn,42,crack_count,1,10,10,0.009463449411827033,0.012625708230852265,0.012183432691769362,0.9972752319325062,0.05652904510498047,0.05652904510498047,0.022268703579902648,0.035955084115266794,0.00971794177274235,0.01284893526100233,0.012912306722375701,0.0129630038914744,0.031386926770210266,0.040060254931449886,0.04829465001821516,0.054882166087627415
loco_plateau,gnn,42,crack_count,10,3,3,0.010103130071866707,0.013237454960705644,0.01302396877438424,0.996676884401296,0.043165385723114014,0.04996377229690552,0.018584968149662023,0.031452311277389566,0.00903584038624998,0.012784196900539712,0.013252741464825928,0.013627577116254902,0.03654658794403076,0.04184162616729736,0.04250350594520569,0.04303300976753235
loco_plateau,gnn,42,crack_count,11,4,4,0.008297393739712042,0.011716265674833587,0.011656310681616162,0.9971549891979129,0.048873186111450195,0.04982036352157593,0.013802534341812132,0.031893638968467676,0.008177556708210805,0.00998194999382144,0.010125581333871746,0.010240486405911992,0.03457459807395935,0.046354860067367554,0.047614023089408875,0.04862135350704193
loco_plateau,gnn,42,crack_count,12,1,1,0.00737360272495473,0.010113754572837896,0.010113754572837896,0.9985316938017571,0.02844870090484619,0.03309589624404907,0.01458054780960083,0.022347676753997788,0.00737360272495473,0.00737360272495473,0.00737360272495473,0.00737360272495473,0.02844870090484619,0.02844870090484619,0.02844870090484619,0.02844870090484619
loco_plateau,gnn,42,crack_count,13,2,2,0.016446376310997324,0.019274808191964133,0.019254286739560634,0.9894014698487064,0.05858737230300903,0.05858737230300903,0.023589727282524106,0.027365845441818224,0.016446376310997324,0.016783870414632265,0.01682605717758663,0.016859806587950128,0.042330801486968994,0.055336058139801025,0.05696171522140503,0.05826224088668823
loco_plateau,gnn,42,crack_count,14,2,2,0.010252466639045808,0.012183908312361028,0.012107973706352377,0.9975702165396053,0.028585493564605713,0.031265437602996826,0.019642593711614607,0.022648151218891133,0.010252466639045808,0.01189599079919643,0.012101431319215258,0.01226578373523032,0.02578522264957428,0.028025439381599425,0.02830546647310257,0.028529488146305085
loco_plateau,gnn,42,crack_count,15,1,1,0.008986583498657727,0.01228578019597856,0.01228578019597856,0.9967951491597042,0.02419865131378174,0.04202049970626831,0.0064681172370910645,0.015019738674163795,0.008986583498657727,0.008986583498657727,0.008986583498657727,0.008986583498657727,0.02419865131378174,0.02419865131378174,0.02419865131378174,0.02419865131378174
loco_plateau,gnn,42,crack_count,2,7,7,0.008370647045502338,0.011274158494759913,0.010985917016320568,0.9978518610906769,0.04105600714683533,0.04105600714683533,0.020619350671768174,0.03094085454940798,0.007928710980493515,0.010596826477128951,0.010977952750247032,0.011282853768741498,0.027956992387771606,0.03536591529846192,0.038210961222648616,0.04048699796199798
loco_plateau,gnn,42,crack_count,3,12,12,0.007584652914334841,0.010174511477246434,0.010002430388089463,0.9983575306218361,0.05075734853744507,0.05075734853744507,0.018800858408212655,0.03165328860282886,0.007392448907504316,0.00912991704755142,0.009647040594308102,0.01006414260287754,0.02520972490310669,0.04249437153339386,0.046591210365295406,0.049924120903015144
loco_plateau,gnn,42,crack_count,4,7,7,0.009372322244321014,0.012433331453303421,0.011855744579032204,0.9975458141560235,0.04807373881340027,0.04807373881340027,0.022772192955017083,0.03633476734161377,0.009400347522536262,0.01314371282570675,0.014309412557021025,0.01524197234207245,0.03358837962150574,0.04103664159774781,0.044555190205574025,0.04737002909183501
loco_plateau,gnn,42,crack_count,5,11,11,0.010371314494935837,0.012954600353774158,0.012681119198849481,0.9963245848999216,0.04666447639465332,0.04666447639465332,0.024414733052253723,0.031915736198425276,0.009472952514398293,0.01303952419366993,0.014490308331661539,0.015650935642054827,0.02812516689300537,0.04534447193145752,0.04600447416305542,0.04653247594833374
loco_plateau,gnn,42,crack_count,6,7,7,0.007585288804085528,0.010153478486403605,0.009953278841366464,0.9982620602360656,0.04325038194656372,0.04325038194656372,0.020771408081054682,0.025768375396728518,0.0073045225294887045,0.00942109825669742,0.009527933316641167,0.009613401364596163,0.025326400995254517,0.03432947099208832,0.03878992646932601,0.04235829085111617
loco_plateau,gnn,42,crack_count,7,13,13,0.010118670803864695,0.013119731281304866,0.01262813291130284,0.9970326933456146,0.048615872859954834,0.07111948728561401,0.02415141463279724,0.030687305927276646,0.010782315594251038,0.013708537890285744,0.014765375706016038,0.015765721827256874,0.027874529361724854,0.037522166967391975,0.042657256126403795,0.04742414951324462
loco_plateau,gnn,42,crack_count,8,18,18,0.012230671791254607,0.015749831155197368,0.015106580894872981,0.9959461668597759,0.05683541297912598,0.07271772623062134,0.029550373554229733,0.03843112170696256,0.011971338484130921,0.016868915372207516,0.019237476062090666,0.0215349095302527,0.03527412563562393,0.05522522926330566,0.05582466721534729,0.05663326382637024
loco_plateau,gnn,42,crack_count,9,5,5,0.011773018361847909,0.016087615169929664,0.015309002024734869,0.9963818288032261,0.06228119134902954,0.06487661600112915,0.029330247640609746,0.046450194120407046,0.01049999373613811,0.018474496577362547,0.01908370898883851,0.019571078918019277,0.04948104918003082,0.060456931591033936,0.06136906147003174,0.06209876537322998
loco_plateau,gnn,42,source_batch,batch_004,39,39,0.009770292629021566,0.012716086581950675,0.01225031559947617,0.9972218031234672,0.05075734853744507,0.05075734853744507,0.024583581089973442,0.032299237251281726,0.009220458994634816,0.013948715807961637,0.015974061752929064,0.017699034521814247,0.02771654725074768,0.038321280479431154,0.04571153819561005,0.0500953072309494
loco_plateau,gnn,42,source_batch,batch_005,64,64,0.009996998819692411,0.0133664135139123,0.012759507441065004,0.9969692635108294,0.06228119134902954,0.07271772623062134,0.025299204885959617,0.03681263893842692,0.009356008964728137,0.015801298415257795,0.016560482282619006,0.020586969604196603,0.030892223119735718,0.053375653922557845,0.05678945779800415,0.059954085350036615
loco_plateau,gnn,42,retained_or_restored,retained911,103,103,0.009911158611574322,0.013123964634084585,0.012566706646676994,0.997064537421019,0.06228119134902954,0.07271772623062134,0.02493074238300323,0.03557262241840363,0.009278651510105759,0.015183402487977603,0.016066361914892663,0.01967367675766105,0.028646200895309448,0.04898674488067627,0.055586147308349605,0.058570035696029664
loco_plateau,gnn,42,flat_response,nonflat,103,103,0.009911158611574322,0.013123964634084585,0.012566706646676994,0.997064537421019,0.06228119134902954,0.07271772623062134,0.02493074238300323,0.03557262241840363,0.009278651510105759,0.015183402487977603,0.016066361914892663,0.01967367675766105,0.028646200895309448,0.04898674488067627,0.055586147308349605,0.058570035696029664
loco_plateau,gnn,43,fire_family,plateau,103,103,0.009272219065191989,0.012264313358904289,0.011826850812321783,0.9974365023571814,0.06655216217041016,0.08135849237442017,0.021431709825992584,0.03512188673019411,0.00889870964112829,0.013097519745103649,0.013824057563772942,0.018218243374932025,0.026981055736541748,0.04604041576385498,0.05617973804473875,0.06245200872421266
loco_plateau,gnn,43,crack_count,1,10,10,0.009025199121994074,0.012067744460391886,0.011720134619077047,0.997510740039516,0.05643439292907715,0.05643439292907715,0.020114752650260925,0.03438245683908457,0.008385108997587298,0.012566648310691608,0.012662693419967029,0.012739529507387368,0.029814690351486206,0.04249814450740814,0.049466268718242626,0.05504076808691025
loco_plateau,gnn,43,crack_count,10,3,3,0.009116035789414181,0.011752837484475446,0.011677519116213656,0.9973804787865012,0.043502986431121826,0.043502986431121826,0.01803393363952637,0.032186882495880156,0.009592457384359642,0.010166642998085647,0.010238416199801398,0.010295834761173999,0.03603076934814453,0.04200854301452637,0.042755764722824094,0.04335354208946228
loco_plateau,gnn,43,crack_count,11,4,4,0.01053531901513944,0.01324161943192146,0.013146875984049119,0.9963659767503084,0.056627094745635986,0.056627094745635986,0.015447229146957396,0.02983173191547391,0.010462423694915459,0.01283133161849663,0.012901108699743865,0.012956930364741654,0.03384777903556824,0.05047439336776734,0.053550744056701655,0.05601182460784911
loco_plateau,gnn,43,crack_count,12,1,1,0.010017343659381398,0.013260435177966807,0.013260435177966807,0.9974758953041959,0.024671733379364014,0.042993128299713135,0.012430727481842041,0.024669158458709716,0.010017343659381398,0.010017343659381398,0.010017343659381398,0.010017343659381398,0.024671733379364014,0.024671733379364014,0.024671733379364014,0.024671733379364014
loco_plateau,gnn,43,crack_count,13,2,2,0.013851317348050288,0.01691259164927833,0.016903853911377314,0.9918400812239732,0.06251668930053711,0.06251668930053711,0.018677128851413722,0.024480580091476408,0.013851317348050288,0.01407151498266908,0.014099039686996427,0.014121059450458306,0.0414736270904541,0.058308076858520505,0.06041238307952881,0.06209582805633545
loco_plateau,gnn,43,crack_count,14,2,2,0.010234945743787485,0.01301153075318534,0.01295364119153428,0.9972289069299595,0.027991056442260742,0.03806900978088379,0.02333963811397552,0.02690002709627151,0.010234945743787485,0.011659288528512736,0.011837331376603392,0.011979765655075917,0.027486056089401245,0.027890056371688843,0.027940556406974792,0.02798095643520355
loco_plateau,gnn,43,crack_count,15,1,1,0.00889870964112829,0.011941435247116826,0.011941435247116826,0.9969722821920206,0.020799875259399414,0.03463369607925415,0.0025025010108947754,0.011101543903350808,0.00889870964112829,0.00889870964112829,0.00889870964112829,0.00889870964112829,0.020799875259399414,0.020799875259399414,0.020799875259399414,0.020799875259399414
loco_plateau,gnn,43,crack_count,2,7,7,0.007887914026509403,0.010613698936740015,0.01024826330412205,0.9980961723996029,0.038697242736816406,0.038697242736816406,0.019195528328418733,0.03276253461837771,0.007053779224391843,0.010098779702284297,0.01076442316540929,0.011296937935909286,0.025797605514526367,0.03356006145477295,0.036128652095794675,0.03818352460861205
loco_plateau,gnn,43,crack_count,3,12,12,0.007996031770207843,0.010587484933355045,0.010393597728048197,0.9982214922582149,0.045892953872680664,0.045892953872680664,0.02005977630615234,0.03345004558563222,0.007789751820144106,0.0099422564333091,0.009982558031429032,0.00998790800998934,0.0243375301361084,0.04445013701915741,0.04585666358470917,0.045885695815086364
loco_plateau,gnn,43,crack_count,4,7,7,0.00960234412814401,0.01227612066005477,0.011843986494731536,0.9976074847169751,0.04096008837223053,0.04096008837223053,0.019395023584365838,0.03361450463533403,0.009746883003438105,0.01326091471815207,0.013359717079667282,0.013438758968879453,0.023596346378326416,0.03725184500217438,0.03910596668720245,0.04058926403522491
loco_plateau,gnn,43,crack_count,5,11,11,0.00794540778990563,0.010485578744771327,0.010141352463495288,0.9975920738227639,0.04607728123664856,0.04607728123664856,0.02031087875366211,0.025574466586112968,0.007501163443581003,0.009991289162244952,0.012099157469194443,0.013785452114754036,0.02460181713104248,0.04111802577972412,0.04359765350818634,0.045581355690956116
loco_plateau,gnn,43,crack_count,6,7,7,0.007258489623281938,0.009633596059240957,0.009494863380478072,0.9984354772651711,0.041158974170684814,0.041158974170684814,0.01641359180212021,0.02489100456237795,0.006867710806307246,0.008896936940365151,0.00949519600291721,0.00997380325295886,0.021432235836982727,0.03569527864456177,0.03842712640762328,0.040612604618072506
loco_plateau,gnn,43,crack_count,7,13,13,0.008866479538127423,0.011415505221101015,0.011091296735261257,0.9977535186124215,0.04351198673248291,0.05922907590866089,0.01976911425590515,0.02516318917274477,0.009073611898500412,0.0117782503488611,0.01259247907361046,0.01343936338287885,0.025531798601150513,0.034935164451599124,0.038870549201965324,0.04258369922637939
loco_plateau,gnn,43,crack_count,8,18,18,0.011181018495073844,0.014613908607832935,0.014050727409107086,0.9965098279350108,0.059282660484313965,0.08135849237442017,0.02699149549007413,0.04308669596910475,0.010338859876892606,0.015485993839922501,0.01834917404062924,0.018578426453788748,0.02888929843902588,0.05262060463428498,0.05683771967887878,0.05879367232322692
loco_plateau,gnn,43,crack_count,9,5,5,0.011018588259571888,0.014869194581411936,0.014787914509991364,0.9969091305392543,0.06655216217041016,0.07832318544387817,0.026970925927162173,0.038107917308807346,0.01180202782642646,0.01264894956448039,0.01264907398917636,0.012649173528933133,0.03679150342941284,0.06158771514892578,0.06406993865966797,0.06605571746826172
loco_plateau,gnn,43,source_batch,batch_004,39,39,0.008722543534785571,0.011459116573513851,0.01107758895627103,0.9977439000226972,0.059282660484313965,0.059282660484313965,0.020438182353973378,0.03233235716819754,0.008389569452551544,0.011505869079808722,0.012655882903786959,0.016741570620263196,0.025403380393981934,0.04228483438491822,0.04640347659587861,0.05613455832004545
loco_plateau,gnn,43,source_batch,batch_005,64,64,0.0096071775915334,0.012730030691406814,0.01228343225585271,0.9972509838334745,0.06655216217041016,0.08135849237442017,0.022372403740882868,0.03630512714385985,0.009165610507374904,0.013427611690808515,0.014084071252250767,0.015767254821467586,0.0277024507522583,0.047346222400665286,0.05643017292022705,0.06400981426239012
loco_plateau,gnn,43,retained_or_restored,retained911,103,103,0.009272219065191989,0.012264313358904289,0.011826850812321783,0.9974365023571814,0.06655216217041016,0.08135849237442017,0.021431709825992584,0.03512188673019411,0.00889870964112829,0.013097519745103649,0.013824057563772942,0.018218243374932025,0.026981055736541748,0.04604041576385498,0.05617973804473875,0.06245200872421266
loco_plateau,gnn,43,flat_response,nonflat,103,103,0.009272219065191989,0.012264313358904289,0.011826850812321783,0.9974365023571814,0.06655216217041016,0.08135849237442017,0.021431709825992584,0.03512188673019411,0.00889870964112829,0.013097519745103649,0.013824057563772942,0.018218243374932025,0.026981055736541748,0.04604041576385498,0.05617973804473875,0.06245200872421266
loco_plateau,gnn,44,fire_family,plateau,103,103,0.009048561823792836,0.011794131476899047,0.011432079962845825,0.9976292903075973,0.06724709272384644,0.08458453416824341,0.0197388619184494,0.03011306941509247,0.008453466120313426,0.012091315134626919,0.014065950913507428,0.01701344346291707,0.024015486240386963,0.03892975449562073,0.042903426289558406,0.0475054407119751
loco_plateau,gnn,44,crack_count,1,10,10,0.008480314962321617,0.011090151661483949,0.010785260320430866,0.9978977081157732,0.04708206653594971,0.04708206653594971,0.018544552475214,0.028057972788810726,0.00829488735218517,0.011337501543467162,0.01174100998972283,0.012063816746727365,0.025354400277137756,0.038232600688934325,0.042657333612442005,0.04619711995124817
loco_plateau,gnn,44,crack_count,10,3,3,0.008432730828803746,0.010808125980951402,0.010725797286692722,0.9977846759895832,0.03128689527511597,0.04242551326751709,0.01401297003030777,0.02028687000274666,0.007815738193324356,0.009363650200796908,0.009557139201730978,0.009711930402478234,0.02954345941543579,0.03093820810317993,0.03111255168914795,0.03125202655792236
loco_plateau,gnn,44,crack_count,11,4,4,0.010124347920789093,0.013494981152407682,0.013086511229466972,0.9962255814127826,0.04751408100128174,0.04751408100128174,0.011205716431140897,0.02585212230682369,0.00999856776878482,0.01369706856422737,0.014058290739528467,0.014347268479769347,0.036295533180236816,0.04648763537406921,0.04700085818767547,0.04741143643856049
loco_plateau,gnn,44,crack_count,12,1,1,0.007772817597037456,0.011165865226494254,0.011165865226494254,0.9982103150989187,0.028508484363555908,0.029016852378845215,0.016791105270385742,0.023687589168548573,0.007772817597037456,0.007772817597037456,0.007772817597037456,0.007772817597037456,0.028508484363555908,0.028508484363555908,0.028508484363555908,0.028508484363555908
loco_plateau,gnn,44,crack_count,13,2,2,0.011717879992039477,0.01528525273165424,0.014962908303047615,0.9933348372652966,0.06724709272384644,0.06724709272384644,0.013216482847929,0.02276642978191371,0.011717879992039477,0.0147676838470287,0.015148909328902354,0.015453889714401276,0.0456312894821167,0.06292393207550048,0.06508551239967346,0.06681477665901184
loco_plateau,gnn,44,crack_count,14,2,2,0.00883262818221186,0.011232125866109301,0.011210463385453878,0.9979350085864839,0.02747201919555664,0.03264427185058594,0.020249840617179868,0.02512463271617888,0.00883262818221186,0.009024516688507112,0.009048502751794018,0.009067691602423543,0.025659769773483276,0.027109569311141966,0.027290794253349304,0.027435774207115172
loco_plateau,gnn,44,crack_count,15,1,1,0.011500040282968615,0.013947071894545986,0.013947071894545986,0.9958698253341158,0.023748576641082764,0.038445472717285156,0.0,0.011224341392517061,0.011500040282968615,0.011500040282968615,0.011500040282968615,0.011500040282968615,0.023748576641082764,0.023748576641082764,0.023748576641082764,0.023748576641082764
loco_plateau,gnn,44,crack_count,2,7,7,0.008774371412026518,0.010909987921221755,0.010802893275738619,0.9979883953575623,0.03894400596618652,0.03894400596618652,0.01981949061155319,0.027080491781234742,0.00816696863926825,0.011013173605086374,0.011036246740182892,0.011054705248260107,0.0270540714263916,0.03386858701705933,0.03640629649162292,0.0384364640712738
loco_plateau,gnn,44,crack_count,3,12,12,0.008397009478159289,0.010458067472296268,0.010360610824138123,0.9982647061474567,0.03616690635681152,0.038978517055511475,0.017636832594871487,0.025843459367752075,0.008444511102604085,0.009910195638410382,0.010348469501391786,0.0107133463745723,0.019903697073459625,0.032179531455039975,0.03397429436445236,0.035728383958339695
loco_plateau,gnn,44,crack_count,4,7,7,0.009207775604756292,0.011806736068651746,0.011599431221421267,0.9977869453745336,0.038872748613357544,0.038872748613357544,0.02072703205049037,0.0305204975605011,0.009002093653209874,0.01121481593515052,0.011220646441959943,0.011225310847407481,0.021144777536392212,0.03625346422195435,0.03756310641765594,0.03861082017421722
loco_plateau,gnn,44,crack_count,5,11,11,0.009037393890598848,0.01134028438835021,0.01110631324643533,0.9971835227501629,0.03752771019935608,0.03752771019935608,0.02173030376434326,0.026565364003181408,0.008059333093830796,0.011582548256780281,0.012728345442990788,0.013644983191959194,0.025438368320465088,0.0315936803817749,0.03456069529056549,0.03693430721759797
loco_plateau,gnn,44,crack_count,6,7,7,0.006482540985320714,0.008515224504855283,0.008366956551759125,0.9987776453769642,0.02593553066253662,0.028039395809173584,0.014945846796035764,0.020973954796791098,0.0063719597385555014,0.007926613617627348,0.008190039868970385,0.008400780870044817,0.021582692861557007,0.023831534385681155,0.024883532524108885,0.02572513103485107
loco_plateau,gnn,44,crack_count,7,13,13,0.009523630132816478,0.012272757381813158,0.011832753128828422,0.9974034490529432,0.042554497718811035,0.08376777172088623,0.01909752786159515,0.029021205902099622,0.00815349597422803,0.013628882731570573,0.014621135103897967,0.015261781694459131,0.021376147866249084,0.03149834871292114,0.03614850640296934,0.04127329945564269
loco_plateau,gnn,44,crack_count,8,18,18,0.009764725228734249,0.012998415895869265,0.012563475294838818,0.9972388187154353,0.045153141021728516,0.08458453416824341,0.02386036217212676,0.03424068599939343,0.00911750809335318,0.013041707604634958,0.01405790356583282,0.01660521627693879,0.026250556111335754,0.04239092767238617,0.04327383786439895,0.0447772803902626
loco_plateau,gnn,44,crack_count,9,5,5,0.01000575028726312,0.013688595280139205,0.01316368535361491,0.9973804690111122,0.04130680859088898,0.06568807363510132,0.023884131014347082,0.03574382364749906,0.008961910046026355,0.014088413033817637,0.015566064050940217,0.016748184864638284,0.031777918338775635,0.040171048045158385,0.040738928318023684,0.04119323253631592
loco_plateau,gnn,44,source_batch,batch_004,39,39,0.00912701399443329,0.01148229091663402,0.011185635250720862,0.9977347655484027,0.042942196130752563,0.0454181432723999,0.01974360793828964,0.028548775613307854,0.008501398025966082,0.011694942292619926,0.013104505519397926,0.016550406031921257,0.02242887020111084,0.03193672895431519,0.03621017336845398,0.04053200066089629
loco_plateau,gnn,44,source_batch,batch_005,64,64,0.009000755032308811,0.011980179698051544,0.011582257209296972,0.9975653022346366,0.06724709272384644,0.08458453416824341,0.019715477526187894,0.030484317243099208,0.008123593985057267,0.012081321377734669,0.014055294897712643,0.016090159505972115,0.027396440505981445,0.0419003114104271,0.04499405920505523,0.054815295338630624
loco_plateau,gnn,44,retained_or_restored,retained911,103,103,0.009048561823792836,0.011794131476899047,0.011432079962845825,0.9976292903075973,0.06724709272384644,0.08458453416824341,0.0197388619184494,0.03011306941509247,0.008453466120313426,0.012091315134626919,0.014065950913507428,0.01701344346291707,0.024015486240386963,0.03892975449562073,0.042903426289558406,0.0475054407119751
loco_plateau,gnn,44,flat_response,nonflat,103,103,0.009048561823792836,0.011794131476899047,0.011432079962845825,0.9976292903075973,0.06724709272384644,0.08458453416824341,0.0197388619184494,0.03011306941509247,0.008453466120313426,0.012091315134626919,0.014065950913507428,0.01701344346291707,0.024015486240386963,0.03892975449562073,0.042903426289558406,0.0475054407119751
loco_plateau,gnn,45,fire_family,plateau,103,103,0.009218895487835952,0.012232835823767484,0.011785767822455114,0.9974496443949195,0.0733233094215393,0.07519751787185669,0.02246844172477722,0.0339113104343415,0.00848587272597141,0.012866960026201654,0.01522146693018616,0.01919577555089701,0.028426647186279297,0.04515718221664428,0.05166304260492324,0.05948691964149477
loco_plateau,gnn,45,crack_count,1,10,10,0.009391806112816101,0.012258144814632421,0.011859310359109636,0.9974315711559131,0.049587905406951904,0.052827298641204834,0.020234185457229607,0.02969441741704937,0.00890488751599046,0.013441558744086594,0.013474801646881416,0.013501395969117274,0.02674262225627899,0.038278344273567196,0.04393312484025954,0.04845694929361344
loco_plateau,gnn,45,crack_count,10,3,3,0.006920105854018789,0.00957469408362445,0.009545372445116433,0.9982614536564575,0.04004716873168945,0.04004716873168945,0.013320222496986393,0.02917627811431886,0.007275474853202945,0.007277734944077789,0.007278017455437144,0.007278243464524629,0.030659854412078857,0.038169705867767335,0.03910843729972839,0.03985942244529724
loco_plateau,gnn,45,crack_count,11,4,4,0.011256915929376101,0.014399230786179355,0.0141267953502449,0.9957028146887166,0.052068889141082764,0.052068889141082764,0.016624499857425683,0.027816195487976075,0.009638414886154113,0.015246179186906971,0.016431947919677514,0.01738056290589395,0.03949618339538574,0.05179356932640076,0.05193122923374176,0.05204135715961456
loco_plateau,gnn,45,crack_count,12,1,1,0.008735954272942464,0.011564137871818382,0.011564137871818382,0.9980803664451765,0.026785433292388916,0.02749502658843994,0.017327189445495605,0.024164593219757075,0.008735954272942464,0.008735954272942464,0.008735954272942464,0.008735954272942464,0.026785433292388916,0.026785433292388916,0.026785433292388916,0.026785433292388916
loco_plateau,gnn,45,crack_count,13,2,2,0.01604616703068624,0.018676311602253113,0.01866128485312405,0.9900494352017604,0.0733233094215393,0.0733233094215393,0.02150000482797622,0.029066445231437664,0.01604616703068624,0.016926143330628755,0.01703614036812157,0.01712413799811582,0.04816541075706482,0.06829172968864441,0.07080751955509186,0.07282015144824981
loco_plateau,gnn,45,crack_count,14,2,2,0.01030203547389781,0.013278831610278695,0.013249772677574628,0.9971138821925207,0.036189377307891846,0.036189377307891846,0.025925338268280026,0.030531578958034513,0.01030203547389781,0.011447439709159195,0.011590615238566868,0.011705155662093005,0.03340303897857666,0.03563210964202881,0.03591074347496033,0.036133650541305545
loco_plateau,gnn,45,crack_count,15,1,1,0.007398480763200854,0.009835110466748129,0.009835110466748129,0.9979461873538223,0.0227658748626709,0.03215974569320679,0.014467000961303711,0.020173931121826166,0.007398480763200854,0.007398480763200854,0.007398480763200854,0.007398480763200854,0.0227658748626709,0.0227658748626709,0.0227658748626709,0.0227658748626709
loco_plateau,gnn,45,crack_count,2,7,7,0.00796822009202468,0.010681927795053467,0.010583484392026988,0.9980716166825895,0.04005378484725952,0.04005378484725952,0.02008319199085234,0.027938874959945695,0.008213211522727717,0.009090582708843418,0.009154428700443173,0.009205505493722977,0.024489164352416992,0.03754645586013794,0.03880012035369873,0.03980305194854736
loco_plateau,gnn,45,crack_count,3,12,12,0.007692150680012391,0.009988832884419525,0.00991434866555725,0.9984169317307869,0.036727964878082275,0.04206031560897827,0.017309066653251638,0.028502824306488032,0.007525628737983157,0.008665468641480462,0.009189985258901705,0.009685177086073846,0.024058401584625244,0.03381191492080689,0.03538181483745575,0.036458734869956974
loco_plateau,gnn,45,crack_count,4,7,7,0.00910282709289002,0.011463342141888471,0.01115530037101697,0.9979138048399119,0.031554460525512695,0.032323241233825684,0.018612793087959288,0.025297036767005922,0.009578129429309095,0.011794856221216624,0.012101662554396467,0.012347107620940344,0.025062263011932373,0.031403756141662596,0.03147910833358765,0.03153939008712769
loco_plateau,gnn,45,crack_count,5,11,11,0.00939572194172,0.011707293736150984,0.011627341335451733,0.996998271657737,0.04229724407196045,0.04229724407196045,0.02082248032093048,0.031400585174560486,0.009387358442926015,0.010691929547513117,0.011292129999301473,0.011772290360732157,0.025416076183319092,0.04111146926879883,0.04170435667037964,0.042178666591644286
loco_plateau,gnn,45,crack_count,6,7,7,0.006617118484521637,0.00883636624919267,0.008689744837481781,0.9986837074283192,0.03634375333786011,0.03634375333786011,0.017533728480339048,0.022294891178607952,0.0068942335296849734,0.008005776024255597,0.008093334319161587,0.00816338095508638,0.022660210728645325,0.0331030011177063,0.0347233772277832,0.03601967811584472
loco_plateau,gnn,45,crack_count,7,13,13,0.008779583773652061,0.011833097826590129,0.011454975846223708,0.9975861545484971,0.045316219329833984,0.07519751787185669,0.022796767950057983,0.02956327199935917,0.008129300885513181,0.012263535134127883,0.012762597545248562,0.013246735041258763,0.028437882661819458,0.04030464887619019,0.042624676227569575,0.0447779107093811
loco_plateau,gnn,45,crack_count,8,18,18,0.010749198094295349,0.014288746902889492,0.013806910782238443,0.996663413783988,0.05958271026611328,0.0708356499671936,0.027643583714961995,0.04071445792913435,0.010248209594092408,0.015401904455951004,0.016273022259845102,0.01863698911960007,0.033229485154151917,0.04973012506961823,0.05551160871982574,0.05876848995685577
loco_plateau,gnn,45,crack_count,9,5,5,0.010382657766830726,0.014560049460647774,0.013532918804790267,0.9970363188727114,0.052234649658203125,0.05989396572113037,0.026299226284027102,0.042935639619827264,0.00916818840826144,0.01712524107977992,0.019349636137485502,0.02112915218364997,0.03564804792404175,0.05202875733375549,0.05213170349597931,0.05221406042575836
loco_plateau,gnn,45,source_batch,batch_004,39,39,0.009008812997999086,0.011808126222551951,0.011424345686397674,0.997604379394857,0.04756024479866028,0.052827298641204834,0.022804960608482357,0.03072649955749506,0.008180892614067578,0.01300130931080365,0.013615959540742345,0.017717128073582875,0.026052355766296387,0.03752096891403199,0.04097700715065003,0.04556030452251433
loco_plateau,gnn,45,source_batch,batch_005,64,64,0.009346914505080288,0.012484560524514878,0.01200600943661512,0.9973559789360074,0.0733233094215393,0.07519751787185669,0.022292929887771602,0.035868097543716386,0.008937867449932411,0.01260975676084884,0.015630754633027995,0.01908155303326297,0.028707504272460938,0.050682181119918825,0.05220978558063507,0.06466673195362088
loco_plateau,gnn,45,retained_or_restored,retained911,103,103,0.009218895487835952,0.012232835823767484,0.011785767822455114,0.9974496443949195,0.0733233094215393,0.07519751787185669,0.02246844172477722,0.0339113104343415,0.00848587272597141,0.012866960026201654,0.01522146693018616,0.01919577555089701,0.028426647186279297,0.04515718221664428,0.05166304260492324,0.05948691964149477
loco_plateau,gnn,45,flat_response,nonflat,103,103,0.009218895487835952,0.012232835823767484,0.011785767822455114,0.9974496443949195,0.0733233094215393,0.07519751787185669,0.02246844172477722,0.0339113104343415,0.00848587272597141,0.012866960026201654,0.01522146693018616,0.01919577555089701,0.028426647186279297,0.04515718221664428,0.05166304260492324,0.05948691964149477
loco_plateau,gnn,46,fire_family,plateau,103,103,0.009186954434961675,0.012225630184157133,0.011686279885554762,0.9974526480371245,0.06995326280593872,0.07191979885101318,0.02310177385807036,0.032502857744693796,0.008012864494421443,0.01361693021703939,0.015559891183845327,0.01894703547729821,0.02742554247379303,0.04179589748382568,0.046063295006752006,0.06145803332328799
loco_plateau,gnn,46,crack_count,1,10,10,0.008935175051332497,0.01194360778859055,0.011561745375196858,0.9975616889333672,0.049198925495147705,0.049198925495147705,0.02015967965126036,0.032746051251888265,0.008353870911676376,0.012329506559572259,0.012656411542328166,0.012917935528532891,0.030553095042705536,0.04559175670146942,0.047395341098308556,0.04883820861577988
loco_plateau,gnn,46,crack_count,10,3,3,0.006447384266254029,0.009360373145431646,0.009340657781010302,0.9983384141618898,0.041235268115997314,0.05075526237487793,0.014024364948272717,0.0241108369827271,0.006582787779510998,0.006859931789460729,0.006894574790704446,0.006922289191699419,0.030059218406677246,0.0390000581741333,0.040117663145065305,0.04101174712181091
loco_plateau,gnn,46,crack_count,11,4,4,0.009245696737140905,0.011766034220372885,0.01161438404963309,0.9971307676955815,0.03515571355819702,0.043140947818756104,0.015381740033626554,0.026428565382957427,0.00901088900253421,0.011391599647334365,0.01162677331537497,0.011814912249807451,0.02867308259010315,0.03328165411949158,0.0342186838388443,0.034968307614326476
loco_plateau,gnn,46,crack_count,12,1,1,0.014170243053651247,0.01644376757072138,0.01644376757072138,0.9961185457641347,0.028045952320098877,0.03772488236427307,0.010075986385345459,0.02068171501159666,0.014170243053651247,0.014170243053651247,0.014170243053651247,0.014170243053651247,0.028045952320098877,0.028045952320098877,0.028045952320098877,0.028045952320098877
loco_plateau,gnn,46,crack_count,13,2,2,0.013917098401999865,0.018288888946587607,0.01791823155936275,0.9904579836734245,0.053797364234924316,0.054399311542510986,0.03000371009111404,0.03203924566507339,0.013917098401999865,0.01795516895954726,0.018459927779240687,0.018863734834995427,0.039071112871170044,0.05085211396217346,0.052324739098548886,0.05350283920764923
loco_plateau,gnn,46,crack_count,14,2,2,0.00835189143898057,0.010856989660206724,0.010856210249067244,0.9980706404208475,0.027098238468170166,0.033924996852874756,0.01993344277143478,0.022994713783264148,0.00835189143898057,0.008401285075261946,0.008407459279797117,0.008412398643425254,0.024426519870758057,0.026563894748687745,0.026831066608428954,0.027044804096221925
loco_plateau,gnn,46,crack_count,15,1,1,0.009337643375162219,0.012263239106662296,0.012263239106662296,0.9968068984432951,0.024221599102020264,0.045146405696868896,0.006745696067810059,0.01601988673210142,0.009337643375162219,0.009337643375162219,0.009337643375162219,0.009337643375162219,0.024221599102020264,0.024221599102020264,0.024221599102020264,0.024221599102020264
loco_plateau,gnn,46,crack_count,2,7,7,0.008073436720100443,0.010640036094225085,0.010591008607131275,0.9980867122446001,0.03807729482650757,0.03807729482650757,0.018849660456180566,0.028596116304397585,0.007935788360286931,0.009068603471654361,0.009072068596228224,0.009074840695887315,0.028693795204162598,0.03535785675048828,0.03671757578849792,0.037805351018905635
loco_plateau,gnn,46,crack_count,3,12,12,0.00725418286998578,0.009407167911101091,0.009231185202425848,0.9985959326473998,0.036710381507873535,0.04267740249633789,0.017290432006120664,0.026355061531066832,0.007280112259456369,0.008454303284648988,0.00937518592862809,0.010216651819035655,0.02165977656841278,0.03496474921703339,0.03584302067756653,0.036536909341812134
loco_plateau,gnn,46,crack_count,4,7,7,0.008420054255537601,0.010885315876451926,0.01051145441839781,0.9981188886829232,0.029950574040412903,0.029950574040412903,0.020154651999473562,0.027476032376289372,0.008012864494421443,0.011493627635426211,0.013045210969924434,0.01428647763752302,0.025224268436431885,0.028539812564849856,0.029245193302631377,0.0298094978928566
loco_plateau,gnn,46,crack_count,5,11,11,0.010139381773936411,0.012934036850509317,0.0124939562860713,0.9963362439897901,0.046160221099853516,0.046160221099853516,0.02473503351211548,0.03386208862066261,0.009879203604870155,0.014455135728492111,0.015506109131164238,0.01634688785330194,0.03070974349975586,0.04356110095977783,0.044860661029815674,0.04590030908584595
loco_plateau,gnn,46,crack_count,6,7,7,0.007167016280339529,0.009798643891838653,0.00957440396067378,0.9983814095889807,0.04112124443054199,0.04112124443054199,0.02063518762588501,0.02672744095325471,0.006637788942602814,0.009375407705541518,0.00952615950439797,0.009646760943483134,0.021463513374328613,0.034083127975463874,0.03760218620300292,0.04041743278503417
loco_plateau,gnn,46,crack_count,7,13,13,0.009223972417855773,0.01207523307366392,0.01151045132835795,0.9974863570117332,0.05528879165649414,0.07191979885101318,0.022614234685897825,0.0298007762432099,0.008334350146231104,0.01328415768068345,0.014198909968626303,0.014843964176099808,0.02761441469192505,0.03964633941650391,0.04680235385894774,0.05359150409698485
loco_plateau,gnn,46,crack_count,8,18,18,0.011056222674693021,0.01449113978228452,0.01378991863266562,0.9965682222396204,0.06995326280593872,0.06995326280593872,0.02827519029378891,0.0377292937040329,0.011250927097728996,0.016001334517705638,0.017697910121718383,0.021371464125934183,0.030224919319152832,0.04958825111389161,0.06283933520317077,0.06853047728538511
loco_plateau,gnn,46,crack_count,9,5,5,0.00988063122161099,0.013819231928514024,0.013306752297683157,0.9973302316184565,0.04136478900909424,0.06252312660217285,0.02709772661328317,0.03485601425170897,0.008441447784177592,0.015111199290048881,0.016596664903593843,0.017785037394429815,0.0360880047082901,0.03981513977050781,0.040589964389801024,0.041209824085235595
loco_plateau,gnn,46,source_batch,batch_004,39,39,0.008701885342222142,0.01117370539666515,0.010836831130919326,0.997854885396652,0.044447243213653564,0.046763837337493896,0.020630934834480284,0.027403698563575742,0.007847577516661316,0.012990336779688225,0.013461409191616246,0.014494559813718324,0.02566695213317871,0.03544876575469971,0.03806839585304261,0.04319228768348693
loco_plateau,gnn,46,source_batch,batch_005,64,64,0.009482543413349824,0.01282440632203497,0.012203912720410728,0.997210072411322,0.06995326280593872,0.07191979885101318,0.024825292639434334,0.034119493067264535,0.008427540634254941,0.0145542967316435,0.016837994607745623,0.020194998029314095,0.029806382954120636,0.0447020024061203,0.0531075984239578,0.06468058705329893
loco_plateau,gnn,46,retained_or_restored,retained911,103,103,0.009186954434961675,0.012225630184157133,0.011686279885554762,0.9974526480371245,0.06995326280593872,0.07191979885101318,0.02310177385807036,0.032502857744693796,0.008012864494421443,0.01361693021703939,0.015559891183845327,0.01894703547729821,0.02742554247379303,0.04179589748382568,0.046063295006752006,0.06145803332328799
loco_plateau,gnn,46,flat_response,nonflat,103,103,0.009186954434961675,0.012225630184157133,0.011686279885554762,0.9974526480371245,0.06995326280593872,0.07191979885101318,0.02310177385807036,0.032502857744693796,0.008012864494421443,0.01361693021703939,0.015559891183845327,0.01894703547729821,0.02742554247379303,0.04179589748382568,0.046063295006752006,0.06145803332328799
loco_plateau,gnn_zero_edge_features,42,fire_family,plateau,103,103,0.009510372872087117,0.012787973874762205,0.01206973096560106,0.9972129168458398,0.06827116012573242,0.07517939805984497,0.022970625758171073,0.036920933723449754,0.008695765352639996,0.01370112382974781,0.014526578173285624,0.020432600294713114,0.025885283946990967,0.04191174507141113,0.05090895891189575,0.05775384694337846
loco_plateau,gnn_zero_edge_features,42,crack_count,1,10,10,0.009167068686763771,0.012180910107517677,0.011820495412522768,0.9974638349141337,0.05060887336730957,0.05286669731140137,0.01777040287852287,0.02937504023313521,0.009153349233455345,0.012163281196453532,0.012556209427411438,0.012870552012177764,0.02649373561143875,0.036649718880653374,0.04362929612398146,0.049212957918643954
loco_plateau,gnn_zero_edge_features,42,crack_count,10,3,3,0.009454398003757978,0.011844423047285939,0.01181723021370664,0.9973394937747293,0.0464596152305603,0.0464596152305603,0.01647388637065888,0.02376508235931401,0.008695765352639996,0.010522049909732382,0.01075033547936893,0.010932963935078168,0.028974950313568115,0.04296268224716186,0.04471114873886108,0.04610992193222046
loco_plateau,gnn_zero_edge_features,42,crack_count,11,4,4,0.010836736100618955,0.014081391093587695,0.013646698640504096,0.9958904277619404,0.03714609146118164,0.042923957109451294,0.01559120938181877,0.027919660210609435,0.010882234475651726,0.014292531790303402,0.014416218891007,0.01451516857156988,0.028918147087097168,0.03494279980659485,0.03604444563388824,0.03692576229572296
loco_plateau,gnn_zero_edge_features,42,crack_count,12,1,1,0.013507531375670042,0.016384577012560544,0.016384577012560544,0.9961464386358685,0.027210354804992676,0.038014233112335205,0.008884131908416748,0.018313467502593973,0.013507531375670042,0.013507531375670042,0.013507531375670042,0.013507531375670042,0.027210354804992676,0.027210354804992676,0.027210354804992676,0.027210354804992676
loco_plateau,gnn_zero_edge_features,42,crack_count,13,2,2,0.011182535500800023,0.014619826305571937,0.01461728579465737,0.9939025263034721,0.054326534271240234,0.054326534271240234,0.018475671112537385,0.023119586706161495,0.011182535500800023,0.01175796626532664,0.011829895110892467,0.01188743818734513,0.03879046440124512,0.05121932029724121,0.05277292728424072,0.05401581287384033
loco_plateau,gnn_zero_edge_features,42,crack_count,14,2,2,0.007523457412836982,0.010623760762795085,0.010551867814456207,0.9981526427400963,0.02678072452545166,0.03532087802886963,0.017881026864051814,0.02505331188440322,0.007523457412836982,0.008387310558655223,0.008495292201882504,0.008581677516464327,0.025328725576400757,0.02649032473564148,0.02663552463054657,0.02675168454647064
loco_plateau,gnn_zero_edge_features,42,crack_count,15,1,1,0.010312259930079101,0.014677356064774487,0.014677356064774487,0.995425980629862,0.023002564907073975,0.046231985092163086,0.0037081241607666016,0.012374436855316136,0.010312259930079101,0.010312259930079101,0.010312259930079101,0.010312259930079101,0.023002564907073975,0.023002564907073975,0.023002564907073975,0.023002564907073975
loco_plateau,gnn_zero_edge_features,42,crack_count,2,7,7,0.007591891449285056,0.010183395373150746,0.009981152031228705,0.9982474141495281,0.03418916463851929,0.03578174114227295,0.01982222944498062,0.02847868621349335,0.006966862766469111,0.009652930620263834,0.00995639576652988,0.010199167883542717,0.025414705276489258,0.033225080370903014,0.03370712250471115,0.03409275621175766
loco_plateau,gnn_zero_edge_features,42,crack_count,3,12,12,0.007786926701461357,0.010123372397312735,0.009984407325214545,0.9983739998718738,0.03669339418411255,0.04323917627334595,0.01896584331989288,0.024851067364215846,0.007605685898270763,0.009293382590422866,0.010134947446526073,0.010905982597929534,0.021369464695453644,0.033571752905845645,0.03524042218923568,0.03640279978513718
loco_plateau,gnn_zero_edge_features,42,crack_count,4,7,7,0.008091311336907207,0.010416031518891032,0.010090327616312938,0.9982775881898295,0.033925026655197144,0.033925026655197144,0.01602753400802612,0.026254609860479835,0.007334409190005943,0.011581539380990092,0.01177349944186748,0.011927067490569392,0.025240302085876465,0.029507860355079178,0.03171644350513815,0.03348331002518534
loco_plateau,gnn_zero_edge_features,42,crack_count,5,11,11,0.010007024052845738,0.012521394605309375,0.01229106387189764,0.9965662888350606,0.050942301750183105,0.050942301750183105,0.021570377051830292,0.029080623388290327,0.009179167815896332,0.01362828079794274,0.013790041208267212,0.01391944953652679,0.02480369806289673,0.037691712379455566,0.044317007064819336,0.049617242813110356
loco_plateau,gnn_zero_edge_features,42,crack_count,6,7,7,0.007186442221006689,0.009697723691748619,0.00954184494630426,0.9984145789283174,0.03674191236495972,0.03674191236495972,0.01617617309093475,0.022651622593402882,0.00653810011314564,0.009095962296743861,0.009432860024151253,0.009702378206077169,0.020111113786697388,0.02929599285125733,0.03301895260810851,0.035997320413589474
loco_plateau,gnn_zero_edge_features,42,crack_count,7,13,13,0.010222326766835786,0.013585944053454584,0.012903808899748657,0.9968180584741237,0.050161778926849365,0.07517939805984497,0.025810205936431886,0.03409446477890015,0.00962850994995383,0.015617369921481024,0.017690682655475173,0.019735911175852914,0.029137343168258667,0.04156804084777832,0.04531896114349364,0.04919321537017821
loco_plateau,gnn_zero_edge_features,42,crack_count,8,18,18,0.011371752140341234,0.015739280476205486,0.014199229426881614,0.995951596297827,0.06827116012573242,0.06827116012573242,0.032437055557966166,0.04694597512483596,0.01020415235677215,0.01608148113992371,0.021954424248733465,0.030862206647508432,0.03226301074028015,0.05221948176622391,0.05467446371912954,0.06555182084441183
loco_plateau,gnn_zero_edge_features,42,crack_count,9,5,5,0.010753223373264564,0.014507234077087365,0.01357902036040225,0.9970577808958673,0.0578237920999527,0.05834221839904785,0.0255329191684723,0.04142128050327299,0.009230338159154673,0.015995624038528226,0.018216003819567256,0.019992307644398487,0.03880107402801514,0.0504046767950058,0.054114234447479245,0.05708188056945801
loco_plateau,gnn_zero_edge_features,42,source_batch,batch_004,39,39,0.008816962968518928,0.011724203033828493,0.011165266317587427,0.9976383108870759,0.042090415954589844,0.05286669731140137,0.022469264268875116,0.02977056264877315,0.007574421521581587,0.014144578185237823,0.014564597582230806,0.018628079060648298,0.024332046508789062,0.03886218070983887,0.04085041284561157,0.04175094127655029
loco_plateau,gnn_zero_edge_features,42,source_batch,batch_005,64,64,0.009932919532073984,0.01339484735079242,0.012620889110484364,0.9969563554669952,0.06827116012573242,0.07517939805984497,0.02323678731918334,0.041481781303882595,0.009239324292198557,0.013639506746510991,0.01445169033574276,0.025117907999846745,0.027561098337173462,0.05047474503517151,0.052263139933347705,0.06168931826949117
loco_plateau,gnn_zero_edge_features,42,retained_or_restored,retained911,103,103,0.009510372872087117,0.012787973874762205,0.01206973096560106,0.9972129168458398,0.06827116012573242,0.07517939805984497,0.022970625758171073,0.036920933723449754,0.008695765352639996,0.01370112382974781,0.014526578173285624,0.020432600294713114,0.025885283946990967,0.04191174507141113,0.05090895891189575,0.05775384694337846
loco_plateau,gnn_zero_edge_features,42,flat_response,nonflat,103,103,0.009510372872087117,0.012787973874762205,0.01206973096560106,0.9972129168458398,0.06827116012573242,0.07517939805984497,0.022970625758171073,0.036920933723449754,0.008695765352639996,0.01370112382974781,0.014526578173285624,0.020432600294713114,0.025885283946990967,0.04191174507141113,0.05090895891189575,0.05775384694337846
loco_plateau,gnn_zero_edge_features,43,fire_family,plateau,103,103,0.009495169553267157,0.012544444776045743,0.011866432564998603,0.9973180582962549,0.06240767240524292,0.07404488325119019,0.021948212385177603,0.03437336176633836,0.008626248137872727,0.01378820917156876,0.01817856821857514,0.023194462812093444,0.026662826538085938,0.04146343171596527,0.043849050998687744,0.05347723096609118
loco_plateau,gnn_zero_edge_features,43,crack_count,1,10,10,0.009065043526228334,0.011681883605313602,0.01134925888960471,0.9976673810868261,0.04119926691055298,0.04482764005661011,0.02040956765413284,0.030974744260311098,0.008856159741761255,0.011961027421057223,0.012903769709719496,0.013657963540649316,0.026857823133468628,0.04103862941265106,0.04111894816160202,0.04118320316076279
loco_plateau,gnn_zero_edge_features,43,crack_count,10,3,3,0.007820640756784241,0.010601428773281836,0.010594623499686337,0.9978685985457261,0.04387474060058594,0.044075846672058105,0.017553658783435826,0.027604007720947288,0.007473306577713763,0.008399024166044643,0.008514738864586003,0.00860731062341909,0.030139684677124023,0.04112772941589356,0.04250123500823975,0.0436000394821167
loco_plateau,gnn_zero_edge_features,43,crack_count,11,4,4,0.014511674276140871,0.018500790422205166,0.01696737358943625,0.9929060836265484,0.03941255807876587,0.039421021938323975,0.014338406920433014,0.02982646048069,0.01522619326095112,0.022361022722525676,0.02279119313251777,0.02313532946051144,0.030176013708114624,0.03671169877052307,0.038062128424644466,0.03914247214794159
loco_plateau,gnn_zero_edge_features,43,crack_count,12,1,1,0.009507325401560206,0.012854306772427711,0.012854306772427711,0.9976281395600884,0.02916485071182251,0.033975958824157715,0.011190325021743774,0.020371675491332987,0.009507325401560206,0.009507325401560206,0.009507325401560206,0.009507325401560206,0.02916485071182251,0.02916485071182251,0.02916485071182251,0.02916485071182251
loco_plateau,gnn_zero_edge_features,43,crack_count,13,2,2,0.013590689687455287,0.01659203282808633,0.016048150426430603,0.9921464736297934,0.05358344316482544,0.05358344316482544,0.019140098989009854,0.026084633469581595,0.013590689687455287,0.017330340894519305,0.017797797295402307,0.018171762416108708,0.039426565170288086,0.05075206756591797,0.0521677553653717,0.05330030560493469
loco_plateau,gnn_zero_edge_features,43,crack_count,14,2,2,0.009053770758089472,0.011665556952114301,0.011664555149594216,0.997772563747344,0.03155049681663513,0.03205901384353638,0.021757340431213374,0.028291348516941064,0.009053770758089472,0.009262610483364981,0.00928871544902442,0.00930959942155197,0.029526010155677795,0.031145599484443665,0.0313480481505394,0.03151000708341598
loco_plateau,gnn_zero_edge_features,43,crack_count,15,1,1,0.013368688157347382,0.015232150279363373,0.015232150279363373,0.9950736555915157,0.024884402751922607,0.03948134183883667,0.002759397029876709,0.013425379991531344,0.013368688157347382,0.013368688157347382,0.013368688157347382,0.013368688157347382,0.024884402751922607,0.024884402751922607,0.024884402751922607,0.024884402751922607
loco_plateau,gnn_zero_edge_features,43,crack_count,2,7,7,0.007917190690370019,0.010414130980471094,0.010232788273958975,0.9981670941351992,0.032736122608184814,0.03732097148895264,0.018552827835083004,0.026170651912689212,0.007864240740166336,0.010073389491585434,0.010112183046389799,0.01014321789023329,0.02818882465362549,0.03172398209571838,0.032230052351951595,0.03263490855693817
loco_plateau,gnn_zero_edge_features,43,crack_count,3,12,12,0.008001544650216573,0.010252301014199414,0.010058740657918076,0.9983323195135372,0.036448895931243896,0.04311478137969971,0.019290117919445033,0.02670718222856521,0.00766736491903907,0.01071645566185967,0.01144677238141904,0.011977233131889439,0.02086755633354187,0.03264370858669281,0.03446119129657745,0.03605135500431061
loco_plateau,gnn_zero_edge_features,43,crack_count,4,7,7,0.008314571910443993,0.010568054257453226,0.010383307299390743,0.9982269438366886,0.03490835428237915,0.03490835428237915,0.01777520179748535,0.025431123729795217,0.007280598654121649,0.011075314201536726,0.011189234072006627,0.01128036996838255,0.025471357628703117,0.031245350837707523,0.03307685256004333,0.03454205393791199
loco_plateau,gnn_zero_edge_features,43,crack_count,5,11,11,0.009021241953471558,0.01152233849201351,0.011289789682492045,0.9970923668295661,0.041077375411987305,0.045008718967437744,0.018231481313705444,0.02536093592643732,0.00902775513221983,0.012540422990673879,0.0130477104274953,0.013453540376952438,0.022069573402404785,0.03799036145210266,0.03953386843204498,0.04076867401599884
loco_plateau,gnn_zero_edge_features,43,crack_count,6,7,7,0.007281736054172003,0.00927779363902905,0.009119545918959252,0.9985489097265478,0.02929067611694336,0.039557695388793945,0.01564670205116272,0.0205787879228592,0.006651248538591822,0.009294729887462053,0.00931103119596106,0.009324072242760266,0.02078428864479065,0.028814101219177247,0.029052388668060303,0.029243018627166748
loco_plateau,gnn_zero_edge_features,43,crack_count,7,13,13,0.010053692885861273,0.013091682624087695,0.012553552028843748,0.9970453673856344,0.045919060707092285,0.07404488325119019,0.023406714200973497,0.03410782098770145,0.009522645444166465,0.014486683440990135,0.015826214630095682,0.017083962061366094,0.02952200174331665,0.04180067777633667,0.04349259138107299,0.04543376684188842
loco_plateau,gnn_zero_edge_features,43,crack_count,8,18,18,0.010881104058703113,0.014509441045487409,0.013498764986260113,0.9965595485909455,0.06240767240524292,0.06349712610244751,0.03008132763206957,0.03794937774538994,0.009872660040855408,0.01598359820295553,0.019883237095152734,0.024673415046246313,0.03361523151397705,0.04468704462051392,0.04946571886539457,0.05981928169727323
loco_plateau,gnn_zero_edge_features,43,crack_count,9,5,5,0.010254781290155942,0.014385236753969388,0.013273744252384187,0.997107057498626,0.04827283322811127,0.06106364727020264,0.02763101030141115,0.03743172168731688,0.00812366812444124,0.016400802391962926,0.019138564706825817,0.02132877455871613,0.03746986389160156,0.04429921209812164,0.046286022663116454,0.047875471115112304
loco_plateau,gnn_zero_edge_features,43,source_batch,batch_004,39,39,0.008842947903414543,0.011434293378270287,0.010990841405371056,0.9977536639431949,0.045919060707092285,0.045919060707092285,0.020198929309844967,0.028368562459945665,0.00809014509203004,0.0136941455915326,0.014766468791688076,0.016402682202761285,0.021950721740722656,0.03647115230560303,0.037783363461494454,0.044426203370094286
loco_plateau,gnn_zero_edge_features,43,source_batch,batch_005,64,64,0.009892617121146093,0.013175153711621146,0.012399995927896635,0.9970553764987358,0.06240767240524292,0.07404488325119019,0.023569336533546443,0.03593639418482776,0.008903602229767157,0.013703164846071455,0.02012451371697128,0.024201714059368502,0.029406338930130005,0.042748108506202705,0.046685779094696025,0.05684840798377989
loco_plateau,gnn_zero_edge_features,43,retained_or_restored,retained911,103,103,0.009495169553267157,0.012544444776045743,0.011866432564998603,0.9973180582962549,0.06240767240524292,0.07404488325119019,0.021948212385177603,0.03437336176633836,0.008626248137872727,0.01378820917156876,0.01817856821857514,0.023194462812093444,0.026662826538085938,0.04146343171596527,0.043849050998687744,0.05347723096609118
loco_plateau,gnn_zero_edge_features,43,flat_response,nonflat,103,103,0.009495169553267157,0.012544444776045743,0.011866432564998603,0.9973180582962549,0.06240767240524292,0.07404488325119019,0.021948212385177603,0.03437336176633836,0.008626248137872727,0.01378820917156876,0.01817856821857514,0.023194462812093444,0.026662826538085938,0.04146343171596527,0.043849050998687744,0.05347723096609118
loco_plateau,gnn_zero_edge_features,44,fire_family,plateau,103,103,0.009733045098527293,0.012902517748955813,0.012223920379373233,0.9971627645603701,0.0647585391998291,0.08061814308166504,0.024906054139137244,0.0345883983373642,0.008711645990365842,0.015390178805491962,0.016718868935694457,0.021412340759253905,0.027809321880340576,0.04358503818511963,0.044585829973220824,0.05567885994911197
loco_plateau,gnn_zero_edge_features,44,crack_count,1,10,10,0.008430299172025233,0.011163934545617385,0.010840906207561686,0.9978696419273357,0.04935938119888306,0.04935938119888306,0.020759589225053783,0.031245468556880936,0.007907514933679924,0.01131106987595558,0.012039471057350516,0.012622192002466469,0.027437038719654083,0.035680732131004325,0.04252005666494368,0.047991516292095186
loco_plateau,gnn_zero_edge_features,44,crack_count,10,3,3,0.010946941465302243,0.013623216767847229,0.013358432114766972,0.9964803798765934,0.04023486375808716,0.04676520824432373,0.0227435439825058,0.028804939389228828,0.00994115921317554,0.013592410966998241,0.014048817436226078,0.014413942611608348,0.0296747088432312,0.03812283277511597,0.03917884826660156,0.04002366065979004
loco_plateau,gnn_zero_edge_features,44,crack_count,11,4,4,0.011476410155902143,0.01474610782410001,0.014032991311956263,0.9954932827869161,0.03439265489578247,0.03878200054168701,0.01576657593250273,0.028920431137084958,0.010255081609624331,0.01676122013662682,0.01764607136366797,0.018353952345300892,0.030104756355285645,0.033377188444137576,0.03388492166996002,0.03429110825061798
loco_plateau,gnn_zero_edge_features,44,crack_count,12,1,1,0.013707676688667203,0.016290554759265434,0.016290554759265434,0.99619053876019,0.027730166912078857,0.037110596895217896,0.005219697952270508,0.022128301858901963,0.013707676688667203,0.013707676688667203,0.013707676688667203,0.013707676688667203,0.027730166912078857,0.027730166912078857,0.027730166912078857,0.027730166912078857
loco_plateau,gnn_zero_edge_features,44,crack_count,13,2,2,0.012126849445163228,0.016345538624244288,0.01632082259699006,0.9923780870906153,0.05580782890319824,0.05580782890319824,0.023085875809192656,0.036418568491935706,0.012126849445163228,0.013659558164291695,0.013851146754182753,0.0140044176260956,0.03997957706451416,0.05264217853546142,0.05422500371932983,0.05549126386642456
loco_plateau,gnn_zero_edge_features,44,crack_count,14,2,2,0.00869155833955671,0.011641481134586703,0.011607947128468729,0.997781748394064,0.03458535671234131,0.03672748804092407,0.02096244096755981,0.03295723706483839,0.00869155833955671,0.008949485616605789,0.008981726526236924,0.009007519253941833,0.03400631248950958,0.034469547867774966,0.03452745229005814,0.03457377582788467
loco_plateau,gnn_zero_edge_features,44,crack_count,15,1,1,0.011318386089606364,0.01423825173749726,0.01423825173749726,0.9956955697626975,0.02415025234222412,0.04674476385116577,0.004871964454650879,0.01491553187370298,0.011318386089606364,0.011318386089606364,0.011318386089606364,0.011318386089606364,0.02415025234222412,0.02415025234222412,0.02415025234222412,0.02415025234222412
loco_plateau,gnn_zero_edge_features,44,crack_count,2,7,7,0.008220565202155214,0.010749021824613202,0.010514490883970025,0.9980473159491977,0.04332709312438965,0.04332709312438965,0.02019213438034057,0.03165269166231157,0.00776598859028738,0.010929528245183288,0.010974637028135236,0.011010724054496795,0.026096880435943604,0.038113737106323244,0.04072041511535644,0.042805757522583004
loco_plateau,gnn_zero_edge_features,44,crack_count,3,12,12,0.008231203168467744,0.010577866103683761,0.010366288514146279,0.9982247223722854,0.045156657695770264,0.045156657695770264,0.020001068711280823,0.02866816580295557,0.00813951083749044,0.009853228633521033,0.01071942093186691,0.011554416567087175,0.02447722852230072,0.03411857783794403,0.0392835646867752,0.04398203909397126
loco_plateau,gnn_zero_edge_features,44,crack_count,4,7,7,0.007463823914510445,0.01008873047224494,0.009681904349652283,0.9983841335521405,0.03722545504570007,0.03722545504570007,0.019024714827537533,0.02903721988201142,0.006612628454067668,0.011123904417894903,0.011939098589794066,0.0125912539273134,0.02506929636001587,0.03440497815608978,0.03581521660089493,0.03694340735673904
loco_plateau,gnn_zero_edge_features,44,crack_count,5,11,11,0.010665942158344606,0.01357688004154644,0.013162943658985314,0.9959630040141114,0.04462409019470215,0.04462409019470215,0.02622077614068985,0.0346409261226654,0.009868299374814893,0.015985662819909267,0.01636671372612969,0.016671554451106026,0.027809321880340576,0.042705416679382324,0.043664753437042236,0.044432222843170166
loco_plateau,gnn_zero_edge_features,44,crack_count,6,7,7,0.007544382691243772,0.009842743968207815,0.00961717119879093,0.9983668074483287,0.036647021770477295,0.036647021770477295,0.017969763278961177,0.02590590924024582,0.0068324230855605645,0.009469449910961216,0.010778649615459752,0.011826009379058585,0.022819727659225464,0.03264738321304322,0.034647202491760246,0.036247057914733885
loco_plateau,gnn_zero_edge_features,44,crack_count,7,13,13,0.01040222086153295,0.013867877646972422,0.013029475681626611,0.99668462580104,0.0437924861907959,0.08061814308166504,0.026990944147109987,0.03330975532531742,0.008266680064748545,0.016274888495929906,0.018463742684145433,0.02086966470616762,0.028579890727996826,0.04371973276138306,0.043755292892456055,0.04378504753112793
loco_plateau,gnn_zero_edge_features,44,crack_count,8,18,18,0.011511404798425502,0.015169092588304161,0.014091070786585145,0.9962396067156966,0.0647585391998291,0.0688125491142273,0.030912972986698126,0.03837134107947349,0.010078031142226985,0.01668422222137451,0.01893401816487311,0.02542812684764626,0.031052365899086,0.04382711350917816,0.047319045662879915,0.061270640492439236
loco_plateau,gnn_zero_edge_features,44,crack_count,9,5,5,0.010331189614094672,0.014062583518799581,0.013431172798970959,0.9972353764475407,0.048580750823020935,0.07040977478027344,0.02196241319179535,0.041585062742233274,0.009365908862625966,0.014750941519121655,0.016312053701916678,0.017560943448152698,0.028751790523529053,0.040911307930946356,0.04474602937698364,0.04781380653381347
loco_plateau,gnn_zero_edge_features,44,source_batch,batch_004,39,39,0.009435265723924367,0.012215063206234196,0.011592156881903832,0.9974364162902055,0.045156657695770264,0.045156657695770264,0.02481596916913986,0.0313096785545349,0.008233628739587596,0.015500944657403915,0.016346447291921397,0.01956645694423893,0.02602487802505493,0.03729127645492554,0.04121934175491333,0.04459426403045654
loco_plateau,gnn_zero_edge_features,44,source_batch,batch_005,64,64,0.009914504404925955,0.01330402801013121,0.012608901260643646,0.9969974884025387,0.0647585391998291,0.08061814308166504,0.025005888938903806,0.03644186303019514,0.008927990422874201,0.014366477337039886,0.0173884347569747,0.021683593218932363,0.029060721397399902,0.04377388954162598,0.04798725172877309,0.059119591712951634
loco_plateau,gnn_zero_edge_features,44,retained_or_restored,retained911,103,103,0.009733045098527293,0.012902517748955813,0.012223920379373233,0.9971627645603701,0.0647585391998291,0.08061814308166504,0.024906054139137244,0.0345883983373642,0.008711645990365842,0.015390178805491962,0.016718868935694457,0.021412340759253905,0.027809321880340576,0.04358503818511963,0.044585829973220824,0.05567885994911197
loco_plateau,gnn_zero_edge_features,44,flat_response,nonflat,103,103,0.009733045098527293,0.012902517748955813,0.012223920379373233,0.9971627645603701,0.0647585391998291,0.08061814308166504,0.024906054139137244,0.0345883983373642,0.008711645990365842,0.015390178805491962,0.016718868935694457,0.021412340759253905,0.027809321880340576,0.04358503818511963,0.044585829973220824,0.05567885994911197
loco_plateau,gnn_zero_edge_features,45,fire_family,plateau,103,103,0.01014712146395462,0.013556837931238856,0.012739109182533912,0.9968677006958838,0.06933104991912842,0.07596331834793091,0.026748979091644268,0.03993533372879034,0.009232899204629367,0.01576807977723293,0.018111122277427887,0.022321646501783466,0.030166029930114746,0.045243132114410396,0.05046728402376174,0.05868711590766907
loco_plateau,gnn_zero_edge_features,45,crack_count,1,10,10,0.010108916336273562,0.013315803293757532,0.012915280873712756,0.9969692313587001,0.0575639009475708,0.0575639009475708,0.026557247340679165,0.03560195207595824,0.01168294283027043,0.012555350937315675,0.012995746188232155,0.01334806238896534,0.032879605889320374,0.04657325446605682,0.0520685777068138,0.0564648362994194
loco_plateau,gnn_zero_edge_features,45,crack_count,10,3,3,0.011419803433405247,0.014046107436355803,0.013976523740250013,0.9962584769079764,0.05446934700012207,0.05446934700012207,0.022597476840019226,0.029154559373855596,0.010706469538759013,0.013480662493432155,0.013827436612766298,0.014104855908233613,0.029890775680541992,0.049553632736206055,0.05201148986816406,0.05397777557373047
loco_plateau,gnn_zero_edge_features,45,crack_count,11,4,4,0.009668735329244957,0.012459485755567466,0.012294473100321723,0.9967825949926469,0.039579153060913086,0.039579153060913086,0.018400786817073817,0.028006655573844897,0.010151868105911819,0.011194158943950153,0.011323512907399505,0.011426996078158988,0.03250843286514282,0.03856778144836426,0.03907346725463867,0.0394780158996582
loco_plateau,gnn_zero_edge_features,45,crack_count,12,1,1,0.011815343052148819,0.014542341706943173,0.014542341706943173,0.9969642884608617,0.028121471405029297,0.0358184278011322,0.008171319961547852,0.016793000698089575,0.011815343052148819,0.011815343052148819,0.011815343052148819,0.011815343052148819,0.028121471405029297,0.028121471405029297,0.028121471405029297,0.028121471405029297
loco_plateau,gnn_zero_edge_features,45,crack_count,13,2,2,0.013719579357592784,0.018156258438028247,0.01728522724347159,0.9905958787166936,0.05871003866195679,0.05871003866195679,0.03230515122413635,0.03544577300548553,0.013719579357592784,0.018697693724124158,0.01931995801994058,0.019817769456593717,0.04156291484832764,0.05528061389923096,0.05699532628059387,0.058367096185684204
loco_plateau,gnn_zero_edge_features,45,crack_count,14,2,2,0.007864967660337199,0.010587429796251656,0.010561503072282732,0.9981652562608108,0.030166029930114746,0.032874464988708496,0.02159646153450012,0.02731613695621489,0.007864967660337199,0.008396841646706472,0.00846332589500263,0.008516513293639559,0.027169018983840942,0.029566627740859986,0.029866328835487364,0.03010608971118927
loco_plateau,gnn_zero_edge_features,45,crack_count,15,1,1,0.00974481613909612,0.013093413327473578,0.013093413327473578,0.996359943751849,0.023874998092651367,0.040744245052337646,0.007834255695343018,0.01518188714981077,0.00974481613909612,0.00974481613909612,0.00974481613909612,0.00974481613909612,0.023874998092651367,0.023874998092651367,0.023874998092651367,0.023874998092651367
loco_plateau,gnn_zero_edge_features,45,crack_count,2,7,7,0.009141785845125585,0.0116887376935973,0.011358584363996936,0.9976909713839375,0.03744041919708252,0.03744041919708252,0.021840979158878324,0.02932498574256897,0.009232899204629367,0.012321275545925391,0.013502238361073319,0.014447008613191665,0.029343783855438232,0.03388693928718567,0.03566367924213409,0.037085071206092834
loco_plateau,gnn_zero_edge_features,45,crack_count,3,12,12,0.00842502252122418,0.011012705797480291,0.010738653108319883,0.9980757644942764,0.04197508096694946,0.04197508096694946,0.021305045485496492,0.03242063373327253,0.008341022385436981,0.011125456273067194,0.011693766420004798,0.012126613943303218,0.030391588807106018,0.03992242813110352,0.04101999402046203,0.04178406357765198
loco_plateau,gnn_zero_edge_features,45,crack_count,4,7,7,0.008483827875303301,0.010892754450857767,0.010553323412785755,0.9981163168572266,0.03261837363243103,0.03261837363243103,0.021841066516935816,0.029529479444026972,0.0076751349890818365,0.01226369929728938,0.012530652859599374,0.012744215709447372,0.027493447065353394,0.03237958550453186,0.03249897956848145,0.032594494819641114
loco_plateau,gnn_zero_edge_features,45,crack_count,5,11,11,0.01133425024944606,0.014402570000227637,0.013881114802627348,0.9954570459375411,0.047059714794158936,0.047059714794158936,0.027070000767707825,0.035763242840766894,0.011103483008556679,0.01604556939640983,0.016488050339651887,0.016842035094245537,0.03065282106399536,0.04479324817657471,0.04592648148536682,0.04683306813240051
loco_plateau,gnn_zero_edge_features,45,crack_count,6,7,7,0.00767955344510581,0.010357573864772788,0.00992087078265642,0.9981914892594462,0.04086422920227051,0.04086422920227051,0.0194547101855278,0.03266917139291764,0.00666611055370237,0.01043930048825311,0.011807239251058607,0.012901590261303008,0.02551358938217163,0.03806789219379425,0.03946606069803238,0.040584595501422877
loco_plateau,gnn_zero_edge_features,45,crack_count,7,13,13,0.010214093757833238,0.013457064457172607,0.012691893982030801,0.9968781414897934,0.049405813217163086,0.07596331834793091,0.02661234140396118,0.03537281036376953,0.009434548496711449,0.012386875416411728,0.016404269904386787,0.021146002118704738,0.026977211236953735,0.043066704273223885,0.04664674997329711,0.048854000568389885
loco_plateau,gnn_zero_edge_features,45,crack_count,8,18,18,0.012145572447155233,0.01660199879512983,0.015053306759178832,0.9954956220888564,0.06933104991912842,0.06933104991912842,0.036040145158767654,0.04522827625274658,0.009479601607948054,0.019270163053860433,0.023420789367595642,0.030859048379982084,0.03507441282272339,0.04961608499288559,0.05525346398353574,0.06651553273200986
loco_plateau,gnn_zero_edge_features,45,crack_count,9,5,5,0.010416805304464746,0.014746454014423184,0.013639812859894088,0.9969599482559167,0.050585225224494934,0.05958867073059082,0.027375077456235887,0.04242717504501341,0.008777557826433026,0.01684158349134883,0.019341792569297255,0.021341959831656,0.040727317333221436,0.04784006774425507,0.049212646484375,0.05031070947647095
loco_plateau,gnn_zero_edge_features,45,source_batch,batch_004,39,39,0.009463339785647121,0.012507102087440729,0.011757656068462085,0.9973123701521347,0.04562509059906006,0.04562509059906006,0.02557916790246963,0.03495972037315366,0.008585709284563533,0.013181230621259721,0.017802488510725935,0.022121888643405474,0.026758670806884766,0.03866571187973023,0.04225831031799317,0.04531435847282409
loco_plateau,gnn_zero_edge_features,45,source_batch,batch_005,64,64,0.01056380092417325,0.014158407689353471,0.01333718217392143,0.9965994652309897,0.06933104991912842,0.07596331834793091,0.027670755982398987,0.042240077853202766,0.009523237307296425,0.01604368840573264,0.0180049216588501,0.02586634789700388,0.032315269112586975,0.04906349629163742,0.05421432256698607,0.06263981282711026
loco_plateau,gnn_zero_edge_features,45,retained_or_restored,retained911,103,103,0.01014712146395462,0.013556837931238856,0.012739109182533912,0.9968677006958838,0.06933104991912842,0.07596331834793091,0.026748979091644268,0.03993533372879034,0.009232899204629367,0.01576807977723293,0.018111122277427887,0.022321646501783466,0.030166029930114746,0.045243132114410396,0.05046728402376174,0.05868711590766907
loco_plateau,gnn_zero_edge_features,45,flat_response,nonflat,103,103,0.01014712146395462,0.013556837931238856,0.012739109182533912,0.9968677006958838,0.06933104991912842,0.07596331834793091,0.026748979091644268,0.03993533372879034,0.009232899204629367,0.01576807977723293,0.018111122277427887,0.022321646501783466,0.030166029930114746,0.045243132114410396,0.05046728402376174,0.05868711590766907
loco_plateau,gnn_zero_edge_features,46,fire_family,plateau,103,103,0.009538487073513716,0.012753188253422035,0.012060613236188084,0.9972280589721502,0.07515782117843628,0.08000046014785767,0.02324857115745544,0.036860612332820925,0.008664001878656324,0.013028031099038044,0.015391155100259611,0.024543915270049076,0.026134133338928223,0.04295456409454346,0.05119031369686124,0.05728805541992188
loco_plateau,gnn_zero_edge_features,46,crack_count,1,10,10,0.008818654584713646,0.01186696539381679,0.01149861959605926,0.9975928819200299,0.05158650875091553,0.052907466888427734,0.019683850556612013,0.029243953824043246,0.009013391298348786,0.01093700029810921,0.012086836480703507,0.01300670542677895,0.024502694606781006,0.03673627078533172,0.04416138976812361,0.05010148495435715
loco_plateau,gnn_zero_edge_features,46,crack_count,10,3,3,0.007618167768410645,0.01003942779996246,0.010012140341897279,0.9980885876856938,0.03834545612335205,0.04066210985183716,0.015443187952041627,0.024082574844360407,0.007242504446232905,0.008594354400869276,0.008763335645198822,0.008898520640662459,0.03092724084854126,0.03686181306838989,0.037603634595870974,0.038197091817855834
loco_plateau,gnn_zero_edge_features,46,crack_count,11,4,4,0.010649774528917721,0.013538258326731278,0.013040707665151226,0.9962013341630145,0.042763590812683105,0.042763590812683105,0.01611687391996383,0.028590002059936503,0.009453720000923658,0.014787680985497648,0.01569711451159149,0.01642466133246656,0.0310000479221344,0.03956423401832581,0.041163912415504454,0.042443655133247375
loco_plateau,gnn_zero_edge_features,46,crack_count,12,1,1,0.010514201077281451,0.013447893918512891,0.013447893918512891,0.9974040258701683,0.029298722743988037,0.03291285037994385,0.010814368724822998,0.02007167339324949,0.010514201077281451,0.010514201077281451,0.010514201077281451,0.010514201077281451,0.029298722743988037,0.029298722743988037,0.029298722743988037,0.029298722743988037
loco_plateau,gnn_zero_edge_features,46,crack_count,13,2,2,0.017177610490165772,0.020890000410880998,0.020737683320787344,0.9875507724044738,0.05731683969497681,0.06356048583984375,0.031046473979949942,0.038146622180938686,0.017177610490165772,0.02013637479700026,0.020506220335354573,0.02080209676603802,0.041295379400253296,0.054112547636032106,0.05571469366550445,0.056996410489082334
loco_plateau,gnn_zero_edge_features,46,crack_count,14,2,2,0.010611092213724482,0.013319572337827662,0.013222570271075075,0.9970961452530109,0.03111511468887329,0.03111511468887329,0.025312189757823945,0.028425573706626885,0.010611092213724482,0.012227829899944243,0.012429922110721713,0.012591595879343689,0.02938702702522278,0.03076949715614319,0.03094230592250824,0.031080552935600282
loco_plateau,gnn_zero_edge_features,46,crack_count,15,1,1,0.011144893335514381,0.012550046634752364,0.012550046634752364,0.9966557940253031,0.025340795516967773,0.027716457843780518,0.007545262575149536,0.0164989113807678,0.011144893335514381,0.011144893335514381,0.011144893335514381,0.011144893335514381,0.025340795516967773,0.025340795516967773,0.025340795516967773,0.025340795516967773
loco_plateau,gnn_zero_edge_features,46,crack_count,2,7,7,0.007977872746680324,0.010739507859509091,0.010663027861999396,0.9980507710629049,0.042722344398498535,0.042722344398498535,0.017001298069953916,0.026486397385597233,0.007961969639434189,0.008892259942214997,0.009136269235464392,0.009331476670063909,0.02213144302368164,0.033020865917205815,0.037871605157852165,0.041752196550369255
loco_plateau,gnn_zero_edge_features,46,crack_count,3,12,12,0.007972396808406694,0.01025685855292049,0.010092757420563807,0.9983308364888501,0.03698092699050903,0.042177796363830566,0.017366362363100043,0.02801970481872557,0.008037628453285968,0.00914472180311797,0.00995570401981717,0.010725408118889957,0.02145804464817047,0.0338403582572937,0.03560356795787811,0.03670545518398285
loco_plateau,gnn_zero_edge_features,46,crack_count,4,7,7,0.00925027252124749,0.011635712323526125,0.011486797618369826,0.9978505944068068,0.03401389718055725,0.03401389718055725,0.019319149851798997,0.028397325966507198,0.009898289122053833,0.010932841994723337,0.01111539343341452,0.01126143458436747,0.028473169542849064,0.03240839838981629,0.033211147785186766,0.03385334730148315
loco_plateau,gnn_zero_edge_features,46,crack_count,5,11,11,0.00900596271139943,0.011518926360830998,0.011353045847243321,0.997094088660047,0.047624558210372925,0.047624558210372925,0.019004225730895996,0.024822896718978797,0.008613517049883232,0.011755476232434883,0.012202013711460302,0.012559243694680637,0.023296058177947998,0.04268002510070801,0.045152291655540466,0.04713010489940644
loco_plateau,gnn_zero_edge_features,46,crack_count,6,7,7,0.006666939461328944,0.008819932116997416,0.008736345550267656,0.9986885990340972,0.03923910856246948,0.03923910856246948,0.015838989615440367,0.021885044574737552,0.006603159743254302,0.007703125379124626,0.007734548557000081,0.007759687099300447,0.02050042152404785,0.03038071990013123,0.034809914231300344,0.03835326969623565
loco_plateau,gnn_zero_edge_features,46,crack_count,7,13,13,0.009438247254299186,0.012614516411390992,0.012108410461659265,0.9972568234286638,0.04665595293045044,0.08000046014785767,0.022175484895706164,0.03458368539810183,0.009856933575184619,0.013497131684275925,0.014606750988569414,0.015352832020306195,0.027900516986846924,0.04583495855331421,0.046470272541046145,0.04661881685256958
loco_plateau,gnn_zero_edge_features,46,crack_count,8,18,18,0.011656711741481213,0.01565354950829831,0.014426916861001306,0.9959955790355858,0.07515782117843628,0.07515782117843628,0.03192991875112056,0.045953983664512615,0.010667306767990355,0.015422707551815474,0.020696349038940944,0.030161397615905642,0.03211343288421631,0.05424015522003174,0.0587696552276611,0.07188018798828122
loco_plateau,gnn_zero_edge_features,46,crack_count,9,5,5,0.011413910239934922,0.015759126360268334,0.014369127572599786,0.9965280772817228,0.05173791944980621,0.0606955885887146,0.029367864131927494,0.047430899739265356,0.009906805257816783,0.019040891222777915,0.021829830281070016,0.024060981527703706,0.03609544038772583,0.04824367463588715,0.04999079704284668,0.05138849496841431
loco_plateau,gnn_zero_edge_features,46,source_batch,batch_004,39,39,0.008855257274135914,0.01152166423510544,0.011136419628736063,0.997719203720865,0.04634648561477661,0.052907466888427734,0.019168835878372193,0.02801802277565,0.007961969639434189,0.013145655393600464,0.01399225316575316,0.014976203001913473,0.021244734525680542,0.03495646715164185,0.03723737299442292,0.043762068152427655
loco_plateau,gnn_zero_edge_features,46,source_batch,batch_005,64,64,0.009954830232509565,0.013448461442839173,0.012623793715729158,0.9969319417786976,0.07515782117843628,0.08000046014785767,0.025349459052085875,0.040414047241210935,0.008965187660250507,0.012643590129789758,0.018308182280571725,0.02754505879505245,0.02880139695480466,0.047333976626396185,0.05326831266283988,0.06391800284385676
loco_plateau,gnn_zero_edge_features,46,retained_or_restored,retained911,103,103,0.009538487073513716,0.012753188253422035,0.012060613236188084,0.9972280589721502,0.07515782117843628,0.08000046014785767,0.02324857115745544,0.036860612332820925,0.008664001878656324,0.013028031099038044,0.015391155100259611,0.024543915270049076,0.026134133338928223,0.04295456409454346,0.05119031369686124,0.05728805541992188
loco_plateau,gnn_zero_edge_features,46,flat_response,nonflat,103,103,0.009538487073513716,0.012753188253422035,0.012060613236188084,0.9972280589721502,0.07515782117843628,0.08000046014785767,0.02324857115745544,0.036860612332820925,0.008664001878656324,0.013028031099038044,0.015391155100259611,0.024543915270049076,0.026134133338928223,0.04295456409454346,0.05119031369686124,0.05728805541992188
loco_plateau,gnn_mean,42,fire_family,plateau,103,103,0.0091110688912739,0.012339477588791965,0.011830373878213056,0.997404984282079,0.059953510761260986,0.07553082704544067,0.0224866822361946,0.03349812746047974,0.008400427208083575,0.012952911829362151,0.01460559434089504,0.018509491843278294,0.027686089277267456,0.04602260589599609,0.05403680205345154,0.05643797039985657
loco_plateau,gnn_mean,42,crack_count,1,10,10,0.00977516773111019,0.013338348940002312,0.012632216519564986,0.9969589595811555,0.0537380576133728,0.0537380576133728,0.019920628517866135,0.031686367243528364,0.00955631814469568,0.011516406264950013,0.015024266214888594,0.017830554174839475,0.02965964376926422,0.03808227181434631,0.04591016471385954,0.05217247903347016
loco_plateau,gnn_mean,42,crack_count,10,3,3,0.008297081894236185,0.010890271748058056,0.010727687584008808,0.9977508734513141,0.029260098934173584,0.05044126510620117,0.013784192502498635,0.024357600212097173,0.0070320638965387814,0.010846177134357515,0.011322941289084856,0.011704352612866729,0.024873435497283936,0.028382766246795654,0.028821432590484617,0.029172365665435792
loco_plateau,gnn_mean,42,crack_count,11,4,4,0.008937630435970963,0.012156360604343589,0.011847634392700902,0.996937242257301,0.05565989017486572,0.0586010217666626,0.01767554804682731,0.02710828304290768,0.009991199388855794,0.011133613645053301,0.011199723501674464,0.011252611386971395,0.03192374110221863,0.049369055032730105,0.05251447260379791,0.05503080666065215
loco_plateau,gnn_mean,42,crack_count,12,1,1,0.007042285115992437,0.010906026987327176,0.010906026987327176,0.9982926406112607,0.03262585401535034,0.041417479515075684,0.020902365446090698,0.029916179180145257,0.007042285115992437,0.007042285115992437,0.007042285115992437,0.007042285115992437,0.03262585401535034,0.03262585401535034,0.03262585401535034,0.03262585401535034
loco_plateau,gnn_mean,42,crack_count,13,2,2,0.01058999766580394,0.014513032114691614,0.014488949592192053,0.9939912820002222,0.0470394492149353,0.0470394492149353,0.022100243717432015,0.029308604598045324,0.01058999766580394,0.012505198770859203,0.012744598908991111,0.012936119019496636,0.03541761636734009,0.04471508264541626,0.04587726593017578,0.0468070125579834
loco_plateau,gnn_mean,42,crack_count,14,2,2,0.012467841449819626,0.014262907985283488,0.01421871624346485,0.9966702587366882,0.025207221508026123,0.04098820686340332,0.020175084471702576,0.022561413794755937,0.012467841449819626,0.013308540194249544,0.013413627537303283,0.013497697411746275,0.02188369631767273,0.024542516469955443,0.024874868988990783,0.025140751004219055
loco_plateau,gnn_mean,42,crack_count,15,1,1,0.007747278350298522,0.011497730973338432,0.011497730973338432,0.9971931020417292,0.022961735725402832,0.050142884254455566,0.009482711553573608,0.016828185319900497,0.007747278350298522,0.007747278350298522,0.007747278350298522,0.007747278350298522,0.022961735725402832,0.022961735725402832,0.022961735725402832,0.022961735725402832
loco_plateau,gnn_mean,42,crack_count,2,7,7,0.008609141081362195,0.011337992471640683,0.01116247154356598,0.9978274668183394,0.04104489088058472,0.04234832525253296,0.0167240172624588,0.027181725800037387,0.008254382453980993,0.010741643668686757,0.010919921802448444,0.011062544309457793,0.025260508060455322,0.0345367968082428,0.03779084384441375,0.04039408147335052
loco_plateau,gnn_mean,42,crack_count,3,12,12,0.007033915584652475,0.009395380821673531,0.009227108494071828,0.9985994490083688,0.03929710388183594,0.03929710388183594,0.016050830483436574,0.028314028084278086,0.0071137578333499,0.00809949102093939,0.00874597995129765,0.009358043627905065,0.02013835310935974,0.038559815287590025,0.039199952781200406,0.03927767366170883
loco_plateau,gnn_mean,42,crack_count,4,7,7,0.010509314187813281,0.014392142178605842,0.013386743724746495,0.9967116101025224,0.04163713753223419,0.04905146360397339,0.021387896966189143,0.034848594963550576,0.008545064291016001,0.016906366897288895,0.018147264675954813,0.01913998289888755,0.02468353509902954,0.040307217836380006,0.040972177684307096,0.041504145562648774
loco_plateau,gnn_mean,42,crack_count,5,11,11,0.01000083696191517,0.012537794767758225,0.012104258738967132,0.9965572881923154,0.0434611439704895,0.0434611439704895,0.024010732769966125,0.02983651757240294,0.009911837880728675,0.012809278535061195,0.014412275958256643,0.015694673896813005,0.023622572422027588,0.03536742925643921,0.039414286613464355,0.04265177249908447
loco_plateau,gnn_mean,42,crack_count,6,7,7,0.006593455588859473,0.008825379346865404,0.008715550416836434,0.9986869786795763,0.0384981632232666,0.0384981632232666,0.015695592761039722,0.027830768823623668,0.00613296557156766,0.007834918552734813,0.007875947373323753,0.007908770429794905,0.018551528453826904,0.036401677131652835,0.03744992017745971,0.03828851461410522
loco_plateau,gnn_mean,42,crack_count,7,13,13,0.008878910282220395,0.011932848099134271,0.011484907576743315,0.9975452867026713,0.056441307067871094,0.06201291084289551,0.02279114723205566,0.03140581369400025,0.008430878891319524,0.01285032864476814,0.013868711522368134,0.01449859796977434,0.028675317764282227,0.05538291931152344,0.05600321292877197,0.05635368824005127
loco_plateau,gnn_mean,42,crack_count,8,18,18,0.010064190231562202,0.013763219293783813,0.013304510845678127,0.9969043338136737,0.056274473667144775,0.06731623411178589,0.027993538975715625,0.03971075177192688,0.01044227308059325,0.013225389223118299,0.014638681111277122,0.016848064292161187,0.03598371148109436,0.04833261370658875,0.05043246448040008,0.05510607182979583
loco_plateau,gnn_mean,42,crack_count,9,5,5,0.009632116385170671,0.013664332335091409,0.013460630546414725,0.9973897469841222,0.059953510761260986,0.07553082704544067,0.02599684000015259,0.036828435659408555,0.010093725607043406,0.01265776984271456,0.013151511440023047,0.013546504717869837,0.036861687898635864,0.05195347666740418,0.05595349371433258,0.05915350735187531
loco_plateau,gnn_mean,42,source_batch,batch_004,39,39,0.008828261546937796,0.011905111626454615,0.011403197256857553,0.9975648651849759,0.05571115016937256,0.05571115016937256,0.021375024318695063,0.03130056470632551,0.008254382453980993,0.011262990607589977,0.014930503632201528,0.01810207405539809,0.02468353509902954,0.04005313515663148,0.049868369102478036,0.055087511539459226
loco_plateau,gnn_mean,42,source_batch,batch_005,64,64,0.009283404616728715,0.01259682698590909,0.012090684631851572,0.997308212813891,0.059953510761260986,0.07553082704544067,0.023108395934104912,0.034676076024770644,0.008940840170520251,0.013235864018807648,0.014075407553769523,0.01726324233852448,0.02920857071876526,0.04679105877876282,0.055371615290641774,0.05774082243442535
loco_plateau,gnn_mean,42,retained_or_restored,retained911,103,103,0.0091110688912739,0.012339477588791965,0.011830373878213056,0.997404984282079,0.059953510761260986,0.07553082704544067,0.0224866822361946,0.03349812746047974,0.008400427208083575,0.012952911829362151,0.01460559434089504,0.018509491843278294,0.027686089277267456,0.04602260589599609,0.05403680205345154,0.05643797039985657
loco_plateau,gnn_mean,42,flat_response,nonflat,103,103,0.0091110688912739,0.012339477588791965,0.011830373878213056,0.997404984282079,0.059953510761260986,0.07553082704544067,0.0224866822361946,0.03349812746047974,0.008400427208083575,0.012952911829362151,0.01460559434089504,0.018509491843278294,0.027686089277267456,0.04602260589599609,0.05403680205345154,0.05643797039985657
loco_plateau,gnn_mean,43,fire_family,plateau,103,103,0.009288435977514992,0.012222012982512867,0.011714983625677269,0.9974541551860326,0.057405054569244385,0.07731872797012329,0.022054024040698984,0.03275366902351388,0.008612683561981702,0.013631957146476525,0.01570012596298436,0.01856262911050046,0.027793169021606445,0.041079914569854735,0.046156936883926386,0.05211304962635041
loco_plateau,gnn_mean,43,crack_count,1,10,10,0.008917443225251847,0.01205356729289627,0.01161444170724687,0.9975165853614504,0.046185970306396484,0.046185970306396484,0.02352204620838164,0.036907255947589764,0.008209580891445035,0.01200595443427074,0.012989527913818102,0.013776386697455996,0.031464338302612305,0.04216083288192749,0.044173401594161985,0.04578345656394959
loco_plateau,gnn_mean,43,crack_count,10,3,3,0.009126076932813301,0.011567006301673122,0.01148702308096756,0.9974626615396359,0.03671914339065552,0.04381340742111206,0.012090224027633673,0.024378846883773852,0.00817014594547084,0.010598595122821996,0.01090215126999089,0.011144996187726006,0.030307531356811523,0.035436820983886716,0.03607798218727112,0.03659091114997864
loco_plateau,gnn_mean,43,crack_count,11,4,4,0.012571215995999632,0.01553004784887035,0.014823445952568293,0.9950013689198756,0.03572052717208862,0.04012608528137207,0.009277871251106259,0.02808829903602598,0.012314336343866878,0.017680138154108016,0.018062504857289986,0.01836839821983556,0.03073221445083618,0.03464753627777099,0.03518403172492981,0.03561322808265686
loco_plateau,gnn_mean,43,crack_count,12,1,1,0.00868332746331809,0.01228177473132808,0.01228177473132808,0.997834719993097,0.028330862522125244,0.03640872240066528,0.008864045143127441,0.017896962165832496,0.00868332746331809,0.00868332746331809,0.00868332746331809,0.00868332746331809,0.028330862522125244,0.028330862522125244,0.028330862522125244,0.028330862522125244
loco_plateau,gnn_mean,43,crack_count,13,2,2,0.01462089465778382,0.018236208254768904,0.018227757044948792,0.9905128755855813,0.057405054569244385,0.058157920837402344,0.027677598595619197,0.02902121514081955,0.01462089465778382,0.015518308345411643,0.01563048505636512,0.015720226425127902,0.04104924201965332,0.05413389205932617,0.05576947331428528,0.057077938318252565
loco_plateau,gnn_mean,43,crack_count,14,2,2,0.01120652154576583,0.013027420873692819,0.013027394036322127,0.99722213449235,0.027610808610916138,0.03215205669403076,0.021458750218152998,0.025317755043506623,0.01120652154576583,0.011507264255988794,0.011544857094766664,0.01157493136578896,0.026414945721626282,0.027371636033058165,0.02749122232198715,0.02758689135313034
loco_plateau,gnn_mean,43,crack_count,15,1,1,0.01531730372397626,0.01687957754084448,0.01687957754084448,0.993950416365312,0.02445584535598755,0.04166531562805176,0.0,0.01042993068695065,0.01531730372397626,0.01531730372397626,0.01531730372397626,0.01531730372397626,0.02445584535598755,0.02445584535598755,0.02445584535598755,0.02445584535598755
loco_plateau,gnn_mean,43,crack_count,2,7,7,0.00797155392149014,0.010253671723273352,0.010101346095736609,0.998223141238818,0.03316539525985718,0.03316539525985718,0.01776045113801956,0.02751533508300782,0.00845564217841039,0.009583128671177098,0.00978874080493802,0.009953230511946756,0.027793169021606445,0.031009435653686523,0.03208741545677185,0.032949799299240114
loco_plateau,gnn_mean,43,crack_count,3,12,12,0.0078108841706006245,0.010104373899221074,0.009970760012177586,0.9983800971627919,0.04119008779525757,0.04119008779525757,0.018686780333518973,0.027785286903381227,0.007886517395982976,0.009117531342828859,0.00962434113025665,0.01011492163431449,0.022792577743530273,0.033179038763046266,0.03707489371299743,0.040367048978805546
loco_plateau,gnn_mean,43,crack_count,4,7,7,0.009101970738511034,0.011981838332342265,0.011551563814135375,0.9977208162762332,0.042507022619247437,0.042507022619247437,0.02266961559653281,0.033327425420284294,0.010511934512951335,0.0120400819927454,0.012852623269389397,0.013502656290704596,0.029948651790618896,0.038483405113220216,0.04049521386623382,0.042104660868644714
loco_plateau,gnn_mean,43,crack_count,5,11,11,0.009187480806749197,0.011554750152581315,0.011346221153756336,0.9970759858202867,0.04487338662147522,0.04487338662147522,0.020112082362174988,0.028700777888297946,0.00913833423716123,0.011564705215516637,0.012772762018149017,0.01373920746025492,0.02662646770477295,0.032033443450927734,0.03845341503620148,0.04358939230442047
loco_plateau,gnn_mean,43,crack_count,6,7,7,0.007125869977879021,0.009214112955164997,0.009113773814646144,0.9985687612766306,0.02943897247314453,0.02943897247314453,0.01799362003803253,0.024445832967758197,0.007037038685845547,0.008145221212848289,0.008661993592977523,0.009075411497080911,0.022828280925750732,0.029194355010986328,0.02931666374206543,0.02941451072692871
loco_plateau,gnn_mean,43,crack_count,7,13,13,0.009288246138549843,0.012220064177403785,0.011748496408680902,0.9974256978215438,0.03987401723861694,0.07731872797012329,0.023549404740333547,0.028625669479370137,0.009447723871371785,0.01310546269915143,0.013778475207872076,0.014412502135898245,0.02757394313812256,0.03898439407348633,0.03940767049789429,0.03978074789047241
loco_plateau,gnn_mean,43,crack_count,8,18,18,0.010036912733156282,0.013180750285966346,0.01264290409969323,0.9971608108377054,0.052144765853881836,0.06325161457061768,0.025370208173990202,0.036092781424522394,0.009344403769393436,0.013832934319850854,0.016329017651007798,0.018117829390847287,0.03006252646446228,0.04970819652080536,0.050796826183795926,0.05187517791986465
loco_plateau,gnn_mean,43,crack_count,9,5,5,0.0097231249340245,0.014346321789806785,0.012989064573598438,0.9971226883125752,0.049183815717697144,0.06033456325531006,0.02723379731178284,0.048518922328948916,0.0067647837224553845,0.01607054998395873,0.01871518177575752,0.02083088720919656,0.02970099449157715,0.04786854386329651,0.04852617979049682,0.04905228853225708
loco_plateau,gnn_mean,43,source_batch,batch_004,39,39,0.008608740599792311,0.011260553573351378,0.010876860706796903,0.9978214097866075,0.05055895447731018,0.05055895447731018,0.020843441784381862,0.029720689058303832,0.008165913466058794,0.011219908614627652,0.013382208377855724,0.01704730341180425,0.024106144905090332,0.03418384790420533,0.03930610418319702,0.04699878513813016
loco_plateau,gnn_mean,43,source_batch,batch_005,64,64,0.00970262534831475,0.012772462036393411,0.01222571477936999,0.9972326274203579,0.057405054569244385,0.07731872797012329,0.022869515419006337,0.0336774899065494,0.008830695184039287,0.013978503592556616,0.015872795440134452,0.019523400103093162,0.02946680784225464,0.04416347742080689,0.04873413890600203,0.054091072678565964
loco_plateau,gnn_mean,43,retained_or_restored,retained911,103,103,0.009288435977514992,0.012222012982512867,0.011714983625677269,0.9974541551860326,0.057405054569244385,0.07731872797012329,0.022054024040698984,0.03275366902351388,0.008612683561981702,0.013631957146476525,0.01570012596298436,0.01856262911050046,0.027793169021606445,0.041079914569854735,0.046156936883926386,0.05211304962635041
loco_plateau,gnn_mean,43,flat_response,nonflat,103,103,0.009288435977514992,0.012222012982512867,0.011714983625677269,0.9974541551860326,0.057405054569244385,0.07731872797012329,0.022054024040698984,0.03275366902351388,0.008612683561981702,0.013631957146476525,0.01570012596298436,0.01856262911050046,0.027793169021606445,0.041079914569854735,0.046156936883926386,0.05211304962635041
loco_plateau,gnn_mean,44,fire_family,plateau,103,103,0.009396676433492186,0.012375911878265488,0.011898627574383003,0.9973896372567949,0.06421345472335815,0.06606853008270264,0.022012206912040706,0.03476503908634186,0.008656323688929199,0.01300996242732298,0.01437739788508806,0.018786052055046208,0.027747809886932373,0.04115806818008423,0.04774194955825805,0.05581301033496858
loco_plateau,gnn_mean,44,crack_count,1,10,10,0.00951999461003503,0.012652649326603985,0.012145617898476629,0.9972635911506416,0.05266290903091431,0.05266290903091431,0.022686053812503777,0.037602691650390506,0.00897755336443909,0.013472001950760357,0.01381121790189235,0.014082590662797944,0.026964515447616577,0.04201129376888275,0.04733710139989852,0.051597747504711154
loco_plateau,gnn_mean,44,crack_count,10,3,3,0.009374746859399347,0.011683490121690211,0.011666571633368034,0.9974113004424444,0.037946105003356934,0.037946105003356934,0.018173211812973024,0.02946483254432679,0.009395645290124611,0.010136683651658355,0.010229313446850073,0.010303417283003448,0.030086874961853027,0.036374258995056155,0.037160181999206544,0.037788920402526856
loco_plateau,gnn_mean,44,crack_count,11,4,4,0.011055289172246808,0.013616155767280308,0.01327274540619091,0.9961574943066543,0.04781687259674072,0.04781687259674072,0.012408195436000817,0.025911824107170064,0.01120004802942276,0.013887437567359112,0.01413363324569874,0.014330589788370445,0.037345945835113525,0.047336846590042114,0.04757685959339142,0.04776886999607086
loco_plateau,gnn_mean,44,crack_count,12,1,1,0.00949357486650592,0.012498855383390201,0.012498855383390201,0.9977575007974033,0.028381705284118652,0.033187687397003174,0.015719950199127197,0.021826243400573715,0.00949357486650592,0.00949357486650592,0.00949357486650592,0.00949357486650592,0.028381705284118652,0.028381705284118652,0.028381705284118652,0.028381705284118652
loco_plateau,gnn_mean,44,crack_count,13,2,2,0.01464507118111751,0.019348447752508744,0.018955972376244575,0.9893203316092954,0.06421345472335815,0.06421345472335815,0.0345078870654106,0.03684706270694733,0.01464507118111751,0.017967334316402184,0.01838261720831277,0.018714843521841235,0.04431083798408508,0.06023293137550354,0.062223193049430844,0.0638154023885727
loco_plateau,gnn_mean,44,crack_count,14,2,2,0.011368073339833588,0.01308664814723433,0.01308092116735185,0.9971968187529908,0.02201320230960846,0.03019803762435913,0.019592611491680144,0.021106112003326415,0.011368073339833588,0.011745368249592235,0.011792530113312065,0.01183025960428793,0.020808227360248566,0.021772207319736482,0.02189270481467247,0.02198910281062126
loco_plateau,gnn_mean,44,crack_count,15,1,1,0.012607891784339655,0.016219444603147504,0.016219444603147504,0.9944143425712331,0.02408421039581299,0.04014080762863159,0.0008975863456726074,0.01255005002021787,0.012607891784339655,0.012607891784339655,0.012607891784339655,0.012607891784339655,0.02408421039581299,0.02408421039581299,0.02408421039581299,0.02408421039581299
loco_plateau,gnn_mean,44,crack_count,2,7,7,0.009195481429194957,0.011875659448398775,0.011591770478724088,0.9976165307140498,0.0373687744140625,0.0373687744140625,0.021736931800842282,0.029229898750782028,0.008115259106041954,0.011982822870133353,0.012981356833069047,0.013780184003417607,0.029659539461135864,0.03470712900161743,0.036037951707839966,0.03710260987281799
loco_plateau,gnn_mean,44,crack_count,3,12,12,0.008239862636301687,0.010637925210061117,0.010429173229474406,0.9982045057661448,0.04116642475128174,0.04116642475128174,0.01917612552642822,0.03292157500982266,0.008396064587792412,0.010024838375507808,0.010339579444195402,0.010642587468028068,0.02411431074142456,0.03927766382694244,0.04030129313468933,0.040993398427963255
loco_plateau,gnn_mean,44,crack_count,4,7,7,0.009573736908546794,0.012120578582789088,0.011639173184145781,0.9976677283828115,0.036291733384132385,0.036291733384132385,0.01960731744766234,0.030989079475402838,0.009911317546225961,0.01333332672470906,0.014545337098543758,0.015514945397611522,0.031187474727630615,0.03506178855895996,0.03567676097154617,0.03616873890161514
loco_plateau,gnn_mean,44,crack_count,5,11,11,0.00956902325697432,0.012543742105601656,0.012031835600894485,0.9965540212978133,0.039791256189346313,0.039791256189346313,0.02572186291217804,0.035611945390701276,0.00897220998513894,0.012014897631817177,0.015110197736591589,0.01758643782041112,0.02603250741958618,0.03921324014663696,0.03950224816799164,0.03973345458507538
loco_plateau,gnn_mean,44,crack_count,6,7,7,0.007254913911677077,0.009392612921600565,0.00932051123294168,0.9985127709356595,0.03520435094833374,0.03520435094833374,0.01794314384460449,0.025182159543037423,0.007706209406500957,0.008522710717115247,0.008554430861697822,0.008579806977363883,0.02355588972568512,0.03455089330673218,0.03487762212753296,0.03513900518417358
loco_plateau,gnn_mean,44,crack_count,7,13,13,0.008711704902097227,0.011319641469784968,0.01101261104302845,0.9977910906485349,0.045081377029418945,0.06315940618515015,0.019608113169670097,0.026890444755554237,0.008340831418506434,0.012880061151551419,0.0129069769968752,0.0129129530171879,0.025013089179992676,0.03303948640823364,0.038147616386413556,0.04369462490081786
loco_plateau,gnn_mean,44,crack_count,8,18,18,0.01001653799580203,0.013493519945889798,0.012824360355910953,0.9970244683453832,0.05587729811668396,0.05587729811668396,0.02523425221443175,0.04112572908401489,0.009138424132691055,0.013767757547683404,0.016414907757864614,0.020567214808991686,0.031040847301483154,0.04805612564086914,0.051189793646335593,0.05493979722261428
loco_plateau,gnn_mean,44,crack_count,9,5,5,0.009265638545888369,0.01302502846946291,0.01277135859562092,0.9976282815258425,0.05115938186645508,0.06606853008270264,0.024428558349609376,0.03282657682895659,0.007921201894517805,0.012341024347993196,0.01334827144126423,0.01415406911588106,0.03578492999076843,0.04539906978607178,0.04827922582626343,0.05058335065841675
loco_plateau,gnn_mean,44,source_batch,batch_004,39,39,0.009114539091792011,0.011845597148298677,0.011375628031011435,0.9975891511447027,0.05587729811668396,0.05587729811668396,0.02089859992265701,0.03243650466203687,0.008340831418506434,0.0129109083018342,0.01313827655843047,0.018772445638648782,0.02460169792175293,0.03545490503311158,0.039750754833221436,0.050287166237831075
loco_plateau,gnn_mean,44,source_batch,batch_005,64,64,0.00956860387609073,0.012688208333751493,0.01221733042112505,0.997269017015377,0.06421345472335815,0.06606853008270264,0.02288785129785537,0.035643378794193235,0.009225429509018288,0.013804909745689299,0.015331088360704353,0.01842468667714322,0.02970758080482483,0.04587616324424744,0.0499807298183441,0.0569366109371185
loco_plateau,gnn_mean,44,retained_or_restored,retained911,103,103,0.009396676433492186,0.012375911878265488,0.011898627574383003,0.9973896372567949,0.06421345472335815,0.06606853008270264,0.022012206912040706,0.03476503908634186,0.008656323688929199,0.01300996242732298,0.01437739788508806,0.018786052055046208,0.027747809886932373,0.04115806818008423,0.04774194955825805,0.05581301033496858
loco_plateau,gnn_mean,44,flat_response,nonflat,103,103,0.009396676433492186,0.012375911878265488,0.011898627574383003,0.9973896372567949,0.06421345472335815,0.06606853008270264,0.022012206912040706,0.03476503908634186,0.008656323688929199,0.01300996242732298,0.01437739788508806,0.018786052055046208,0.027747809886932373,0.04115806818008423,0.04774194955825805,0.05581301033496858
loco_plateau,gnn_mean,45,fire_family,plateau,103,103,0.008624878146060281,0.011702260286386502,0.011273991717054531,0.9976660800684308,0.08134651184082031,0.08134651184082031,0.020627534389495848,0.033845419287681595,0.007926863725068138,0.012822346438149937,0.013719178021686975,0.017404836543881506,0.025576412677764893,0.044583117961883544,0.049639838933944684,0.0619274938106537
loco_plateau,gnn_mean,45,crack_count,1,10,10,0.007791566772416966,0.010724750557040188,0.010489969935406622,0.9980339595772941,0.05475473403930664,0.05475473403930664,0.01950815543532371,0.028101034462451914,0.007697785318997063,0.010079459284172684,0.010359249740350442,0.010583082105292648,0.027384638786315918,0.04033673405647277,0.04754573404788969,0.053312934041023254
loco_plateau,gnn_mean,45,crack_count,10,3,3,0.008954257790833876,0.011429789526546618,0.011337138662452695,0.9975225042142699,0.031205177307128906,0.03833204507827759,0.012201297283172615,0.025591186285018937,0.008309682861703341,0.010386692500505291,0.010646318705355534,0.010854019669235729,0.02749866247177124,0.030463874340057373,0.03083452582359314,0.031131047010421752
loco_plateau,gnn_mean,45,crack_count,11,4,4,0.009190588700966756,0.01196909882370612,0.01150177230012949,0.997030875537653,0.043053269386291504,0.043053269386291504,0.011740863323211666,0.02621412515640258,0.009482702759445691,0.012535402520758207,0.012704548410704878,0.012839865122662216,0.03404471278190613,0.04257168769836426,0.04281247854232788,0.04300511121749878
loco_plateau,gnn_mean,45,crack_count,12,1,1,0.006903448981828377,0.010142331563819428,0.010142331563819428,0.9985233845131443,0.027009129524230957,0.027009129524230957,0.02256697416305542,0.025837540626525875,0.006903448981828377,0.006903448981828377,0.006903448981828377,0.006903448981828377,0.027009129524230957,0.027009129524230957,0.027009129524230957,0.027009129524230957
loco_plateau,gnn_mean,45,crack_count,13,2,2,0.0126644459659936,0.016541815976732693,0.016541702456821385,0.9921939400931489,0.08134651184082031,0.08134651184082031,0.017082142829895005,0.02895976662635799,0.0126644459659936,0.01313079573580476,0.013189089457031155,0.013235724434012271,0.0514504611492157,0.07536730170249939,0.07835690677165985,0.08074859082698822
loco_plateau,gnn_mean,45,crack_count,14,2,2,0.01074520974862771,0.013285319756837343,0.013213934938312851,0.997111061141603,0.02508482336997986,0.032698750495910645,0.023068846017122266,0.024742250740528104,0.01074520974862771,0.01254728407156272,0.012772543361929596,0.012952750794223098,0.02492612600326538,0.025053083896636963,0.02506895363330841,0.02508164942264557
loco_plateau,gnn_mean,45,crack_count,15,1,1,0.013372369477006256,0.015802018909191626,0.015802018909191626,0.9946981493040562,0.021049797534942627,0.04202258586883545,0.0,0.00841991901397702,0.013372369477006256,0.013372369477006256,0.013372369477006256,0.013372369477006256,0.021049797534942627,0.021049797534942627,0.021049797534942627,0.021049797534942627
loco_plateau,gnn_mean,45,crack_count,2,7,7,0.0071057195075083105,0.0095769082106263,0.009529179306411258,0.9984499534542574,0.03673696517944336,0.03673696517944336,0.016003987193107604,0.027193386554718056,0.006845783014766505,0.008191511279246846,0.008229074938619723,0.008259125866118024,0.028344333171844482,0.03655561208724976,0.036646288633346555,0.036718829870224
loco_plateau,gnn_mean,45,crack_count,3,12,12,0.007038386243451489,0.009472544200293006,0.009334084562848096,0.9985763493516351,0.040744245052337646,0.04383367300033569,0.016888374835252754,0.02803550124168383,0.0066828615963459015,0.008640899246589081,0.009113452659889321,0.009539374599813438,0.023673787713050842,0.03998802602291107,0.04066596031188965,0.040728588104248044
loco_plateau,gnn_mean,45,crack_count,4,7,7,0.010102663322218828,0.012769410059773653,0.012250602994141418,0.9974113454961028,0.03550669550895691,0.03550669550895691,0.020189020223915572,0.03166584640741352,0.009998909701577952,0.013941588411565689,0.015592645035415395,0.016913490334495167,0.021574795246124268,0.03539931774139404,0.035453006625175476,0.03549595773220062
loco_plateau,gnn_mean,45,crack_count,5,11,11,0.008926230323141448,0.011315376131855447,0.01110823530368817,0.9971958816101923,0.04466390609741211,0.04466390609741211,0.01974165439605713,0.026471203565597515,0.008018754544805308,0.01124874945180338,0.012457325031644985,0.01342418549551827,0.02338993549346924,0.04425996541976929,0.0444619357585907,0.04462351202964783
loco_plateau,gnn_mean,45,crack_count,6,7,7,0.006781558181209363,0.009124086075933617,0.008973536508150415,0.9985965926021985,0.032370805740356445,0.032370805740356445,0.017977824807167052,0.02635317891836168,0.006495697332210228,0.00826308625887652,0.008734143445970581,0.009110989195645833,0.02414664626121521,0.029479777812957766,0.0309252917766571,0.03208170294761657
loco_plateau,gnn_mean,45,crack_count,7,13,13,0.008233975309028299,0.011450501398750293,0.011051491081035324,0.9977397235557781,0.06196558475494385,0.07124751806259155,0.017342931032180785,0.028868478536605905,0.0075374538170509655,0.011018998872061245,0.01214336437768623,0.013408751062682415,0.01993277668952942,0.04701052904129029,0.05467426776885985,0.06050732135772704
loco_plateau,gnn_mean,45,crack_count,8,18,18,0.0094871808688253,0.01325123881367752,0.012752488841333159,0.9971303625867659,0.05262935161590576,0.06795406341552734,0.027646378427743885,0.04045338988304137,0.008708003480903437,0.013454184949886606,0.01584801493120975,0.017844011695658572,0.03140935301780701,0.04720473885536194,0.04876060187816619,0.05185560166835784
loco_plateau,gnn_mean,45,crack_count,9,5,5,0.010267366609368167,0.014287021158640086,0.013632059819654017,0.9971464259310195,0.06006103754043579,0.0695618987083435,0.023902052640914922,0.03588103175163268,0.007588162224312298,0.016008621814553856,0.016708373412734172,0.017268174691278428,0.03146061301231384,0.051882904767990116,0.05597197115421295,0.05924322426319122
loco_plateau,gnn_mean,45,source_batch,batch_004,39,39,0.008451882522739549,0.011276419439145839,0.010937534733199491,0.997815266292768,0.06196558475494385,0.06196558475494385,0.020038115978240952,0.032408441901206904,0.007977142197186829,0.011219136294771415,0.012006757072493681,0.016588203888691828,0.02400308847427368,0.040781474113464354,0.045143479108810426,0.056214265823364216
loco_plateau,gnn_mean,45,source_batch,batch_005,64,64,0.008730297354021354,0.011954320929800465,0.011479020191591194,0.9975758012989767,0.08134651184082031,0.08134651184082031,0.020939211547374718,0.03440209209918965,0.0076176539124524,0.013172509020469228,0.013872847058733954,0.01730453829937538,0.026707738637924194,0.046075946092605596,0.05220695734024046,0.06793666303157801
loco_plateau,gnn_mean,45,retained_or_restored,retained911,103,103,0.008624878146060281,0.011702260286386502,0.011273991717054531,0.9976660800684308,0.08134651184082031,0.08134651184082031,0.020627534389495848,0.033845419287681595,0.007926863725068138,0.012822346438149937,0.013719178021686975,0.017404836543881506,0.025576412677764893,0.044583117961883544,0.049639838933944684,0.0619274938106537
loco_plateau,gnn_mean,45,flat_response,nonflat,103,103,0.008624878146060281,0.011702260286386502,0.011273991717054531,0.9976660800684308,0.08134651184082031,0.08134651184082031,0.020627534389495848,0.033845419287681595,0.007926863725068138,0.012822346438149937,0.013719178021686975,0.017404836543881506,0.025576412677764893,0.044583117961883544,0.049639838933944684,0.0619274938106537
loco_plateau,gnn_mean,46,fire_family,plateau,103,103,0.009471929836979715,0.012545685501874312,0.012075968001708457,0.9973175277476399,0.06818258762359619,0.07437717914581299,0.02290470898151396,0.03406785368919377,0.008900907684545049,0.0138039443825112,0.015125193849938812,0.0192410831910665,0.027006089687347412,0.04097720384597778,0.04727627635002135,0.05627156615257264
loco_plateau,gnn_mean,46,crack_count,1,10,10,0.008653815948694455,0.011467583518453717,0.01110611278313314,0.9977521782627227,0.039797842502593994,0.04573512077331543,0.01609627604484558,0.027573683410882916,0.007648070785598676,0.011418435356167494,0.012628010764229489,0.01359567109067909,0.026092633605003357,0.03502686321735382,0.0374123528599739,0.03932074457406998
loco_plateau,gnn_mean,46,crack_count,10,3,3,0.010227210901148332,0.01338398649440415,0.012734163095320208,0.9966029069915872,0.04739111661911011,0.04818534851074219,0.012245112657546998,0.020020481348037796,0.009302286583869184,0.014219941418679036,0.014834648273030266,0.015326413756511252,0.029252290725708008,0.043763351440429685,0.045577234029769896,0.047028340101242065
loco_plateau,gnn_mean,46,crack_count,11,4,4,0.00922950992330176,0.012297188452303763,0.011830114876436112,0.9968658689306242,0.04127204418182373,0.04127204418182373,0.014032255113124845,0.02764630794525146,0.008343519245991941,0.013493412635365472,0.014220711417862625,0.014802550443860349,0.03383016586303711,0.04074974656105042,0.041010895371437074,0.0412198144197464
loco_plateau,gnn_mean,46,crack_count,12,1,1,0.010129148171084826,0.012988407019511702,0.012988407019511702,0.9975783934064448,0.027012348175048828,0.03367650508880615,0.013418495655059814,0.020435070991516098,0.010129148171084826,0.010129148171084826,0.010129148171084826,0.010129148171084826,0.027012348175048828,0.027012348175048828,0.027012348175048828,0.027012348175048828
loco_plateau,gnn_mean,46,crack_count,13,2,2,0.01271369723511524,0.016767122018530815,0.016708231623862094,0.9919798487367496,0.06818258762359619,0.06818258762359619,0.023620313405990592,0.02981054425239561,0.01271369723511524,0.015050449942956207,0.015342544031436327,0.015576219302220423,0.04747459292411804,0.06404098868370056,0.06611178815364838,0.06776842772960663
loco_plateau,gnn_mean,46,crack_count,14,2,2,0.011434064231446533,0.014118572208031886,0.014093021463769046,0.9967373094440902,0.02851426601409912,0.02851426601409912,0.025657558441162107,0.028272563964128493,0.011434064231446533,0.011719855751659049,0.011755579691685614,0.011784158843706866,0.027014225721359253,0.028214257955551148,0.028364261984825133,0.028484265208244323
loco_plateau,gnn_mean,46,crack_count,15,1,1,0.007501318806507548,0.009334466583854062,0.009334466583854062,0.9981499590142121,0.022863388061523438,0.03201955556869507,0.011031568050384521,0.017386889457702625,0.007501318806507548,0.007501318806507548,0.007501318806507548,0.007501318806507548,0.022863388061523438,0.022863388061523438,0.022863388061523438,0.022863388061523438
loco_plateau,gnn_mean,46,crack_count,2,7,7,0.008927964284771777,0.011634720416828979,0.011471274813968698,0.9977122635437965,0.033510446548461914,0.039526522159576416,0.02134452313184738,0.02675135135650635,0.008871192570592537,0.011284644120052213,0.012313688082284611,0.013136923252070535,0.02938726544380188,0.0325169563293457,0.03301370143890381,0.03341109752655029
loco_plateau,gnn_mean,46,crack_count,3,12,12,0.008232625633926014,0.010789764742743785,0.010662842434211882,0.9981528842968599,0.039229512214660645,0.039229512214660645,0.020136184990406033,0.03255068600177765,0.008298554442456512,0.009525694295031126,0.009623252441648578,0.009710580007951768,0.022785313427448273,0.037532344460487366,0.03835621774196624,0.03905485332012176
loco_plateau,gnn_mean,46,crack_count,4,7,7,0.008611158254083064,0.01134904883825041,0.011049361486080257,0.9979551975647374,0.03826567530632019,0.03826567530632019,0.020657068304717537,0.031085631847381605,0.00924346290650915,0.011193263967384081,0.011467170762661539,0.011686296198883506,0.02814999222755432,0.036246946454048155,0.03725631088018417,0.03806380242109299
loco_plateau,gnn_mean,46,crack_count,5,11,11,0.009458721264219675,0.01218143855693787,0.011753482586825247,0.9967502083841813,0.04471158981323242,0.04471158981323242,0.023272298276424408,0.03412315547466277,0.00828149426178854,0.011725834647163015,0.014485533975186895,0.016693293437606,0.02532145380973816,0.03772503137588501,0.041218310594558716,0.04401293396949768
loco_plateau,gnn_mean,46,crack_count,6,7,7,0.008041695484442233,0.01022829430917567,0.009980980422304312,0.998236353885466,0.02851608395576477,0.02851608395576477,0.019028027355670926,0.026212228536605844,0.007032769136741513,0.011367412913041037,0.011488019100955276,0.011584504051286667,0.026436209678649902,0.028458917140960695,0.028487500548362733,0.028510367274284364
loco_plateau,gnn_mean,46,crack_count,7,13,13,0.008999886392870589,0.011989560147443519,0.011682238370284113,0.9975218987190219,0.046242713928222656,0.07437717914581299,0.021704423427581783,0.027889902591705328,0.0075370942960019975,0.013141714256317891,0.014259578702879732,0.014967820478267356,0.023802638053894043,0.03398553133010865,0.039243042469024644,0.04484277963638304
loco_plateau,gnn_mean,46,crack_count,8,18,18,0.011259778256855485,0.014868481341921338,0.01427984460802957,0.9963871719803478,0.05629450082778931,0.07157832384109497,0.02834232151508331,0.04079843491315842,0.010718600412250543,0.014289774733488676,0.015588934304284256,0.020869297082306896,0.02973651885986328,0.05160435736179352,0.055319777131080626,0.05609955608844757
loco_plateau,gnn_mean,46,crack_count,9,5,5,0.010793450401454675,0.014687932435758303,0.013931042258797524,0.9969840293821665,0.051027461886405945,0.06283128261566162,0.026284499466419222,0.0431271457672119,0.010107365788006391,0.015844438066248034,0.01756312644383946,0.018938077145912606,0.03632456064224243,0.04788203537464142,0.04945474863052368,0.05071291923522949
loco_plateau,gnn_mean,46,source_batch,batch_004,39,39,0.009471093154519784,0.012376848753676726,0.011897406207747716,0.9973680584890783,0.05629450082778931,0.05629450082778931,0.022626705467700958,0.03224642127752301,0.008676331001715581,0.013703019013170337,0.014241893491784082,0.019512475172027196,0.02577391266822815,0.03776649832725525,0.03927373290061951,0.04997784376144405
loco_plateau,gnn_mean,46,source_batch,batch_005,64,64,0.009472439690353732,0.012647465239837568,0.012184779094903283,0.9972865277695977,0.06818258762359619,0.07437717914581299,0.023042675852775567,0.03489721879363057,0.009173740800775466,0.013995077131224462,0.015374153388328237,0.017998768464952214,0.028467535972595215,0.04424728155136109,0.0496815577149391,0.059970650672912566
loco_plateau,gnn_mean,46,retained_or_restored,retained911,103,103,0.009471929836979715,0.012545685501874312,0.012075968001708457,0.9973175277476399,0.06818258762359619,0.07437717914581299,0.02290470898151396,0.03406785368919377,0.008900907684545049,0.0138039443825112,0.015125193849938812,0.0192410831910665,0.027006089687347412,0.04097720384597778,0.04727627635002135,0.05627156615257264
loco_plateau,gnn_mean,46,flat_response,nonflat,103,103,0.009471929836979715,0.012545685501874312,0.012075968001708457,0.9973175277476399,0.06818258762359619,0.07437717914581299,0.02290470898151396,0.03406785368919377,0.008900907684545049,0.0138039443825112,0.015125193849938812,0.0192410831910665,0.027006089687347412,0.04097720384597778,0.04727627635002135,0.05627156615257264
