round,device,model,stage,batch_size,cases,sample_ids,num_cracks,elapsed_s
0,cpu,common_features,feature_preparation_only,1,1,b005_0092,3,0.00011840008664876223
0,cpu,common_features,feature_preparation_only,1,1,b004_0388,1,0.00018660002388060093
0,cpu,common_features,feature_preparation_only,1,1,b004_0356,6,0.00020000000949949026
0,cpu,common_features,feature_preparation_only,1,1,b005_0086,11,0.0003437999403104186
0,cpu,common_features,feature_preparation_only,1,1,b005_0119,7,0.00020349991973489523
0,cpu,common_features,feature_preparation_only,1,1,b005_0098,7,0.00020030001178383827
0,cpu,common_features,feature_preparation_only,1,1,b004_0253,3,0.00011999998241662979
0,cpu,common_features,feature_preparation_only,1,1,b005_0107,1,9.570003021508455e-05
0,cpu,common_features,feature_preparation_only,1,1,b004_0277,8,0.00022709998302161694
0,cpu,common_features,feature_preparation_only,1,1,b004_0258,4,0.0001385000068694353
0,cpu,common_features,feature_preparation_only,1,1,b005_0121,4,0.00013349996879696846
0,cpu,common_features,feature_preparation_only,1,1,b005_0087,5,0.00015109998639672995
0,cpu,common_features,feature_preparation_only,1,1,b005_0120,3,0.00011939997784793377
0,cpu,common_features,feature_preparation_only,1,1,b005_0133,13,0.0005048000020906329
0,cpu,common_features,feature_preparation_only,1,1,b004_0244,1,0.00010379997547715902
0,cpu,common_features,feature_preparation_only,1,1,b005_0628,10,0.0003421999281272292
0,cpu,common_features,feature_preparation_only,1,1,b005_0575,3,0.00013369997031986713
0,cpu,common_features,feature_preparation_only,1,1,b005_0569,4,0.0001935999607667327
0,cpu,common_features,feature_preparation_only,1,1,b005_0629,4,0.0004344999324530363
0,cpu,common_features,feature_preparation_only,1,1,b005_0651,14,0.0005379000212997198
0,cpu,common_features,feature_preparation_only,1,1,b005_0559,6,0.00019240006804466248
0,cpu,common_features,feature_preparation_only,1,1,b005_0627,10,0.0003101000329479575
0,cpu,common_features,feature_preparation_only,1,1,b005_0610,7,0.00021269998978823423
0,cpu,common_features,feature_preparation_only,1,1,b005_0626,9,0.00026810006238520145
0,cpu,common_features,feature_preparation_only,1,1,b005_0612,10,0.0003030999796465039
0,cpu,common_features,feature_preparation_only,1,1,b005_0554,8,0.00023500004317611456
0,cpu,common_features,feature_preparation_only,1,1,b005_0578,7,0.00020539993420243263
0,cpu,common_features,feature_preparation_only,1,1,b005_0604,13,0.00043290003668516874
0,cpu,common_features,feature_preparation_only,1,1,b005_0442,7,0.000215600011870265
0,cpu,common_features,feature_preparation_only,1,1,b005_0470,3,0.00013079994823783636
0,cpu,common_features,feature_preparation_only,1,1,b005_0446,9,0.000268799951300025
0,cpu,common_features,feature_preparation_only,1,1,b005_0434,1,0.00010649999603629112
0,cpu,common_features,feature_preparation_only,1,1,b005_0431,9,0.0002647999208420515
0,cpu,common_features,feature_preparation_only,1,1,b005_0460,2,0.00011959997937083244
0,cpu,common_features,feature_preparation_only,1,1,b005_0438,5,0.00015979993622750044
0,cpu,common_features,feature_preparation_only,1,1,b005_0444,9,0.00026380002964287996
0,cpu,common_features,feature_preparation_only,1,1,b004_0349,8,0.00023499992676079273
0,cpu,common_features,feature_preparation_only,1,1,b005_0465,10,0.000395399983972311
0,cpu,common_features,feature_preparation_only,1,1,b004_0326,6,0.00020070001482963562
0,cpu,common_features,feature_preparation_only,1,1,b005_0418,4,0.00015159999020397663
0,cpu,common_features,feature_preparation_only,1,1,b004_0217,2,0.00027650000993162394
0,cpu,common_features,feature_preparation_only,1,1,b004_0215,2,0.0003307999577373266
0,cpu,common_features,feature_preparation_only,1,1,b005_0449,10,0.0004027000395581126
0,cpu,common_features,feature_preparation_only,1,1,b004_0241,2,0.00013830000534653664
0,cpu,common_features,feature_preparation_only,1,1,b004_0321,1,0.0001110999146476388
0,cpu,common_features,feature_preparation_only,1,1,b005_0467,11,0.00035470002330839634
0,cpu,common_features,feature_preparation_only,1,1,b005_0684,8,0.00023060000967234373
0,cpu,common_features,feature_preparation_only,1,1,b005_0654,3,0.0001191999763250351
0,cpu,common_features,feature_preparation_only,1,1,b005_0688,4,0.00012999994214624166
0,cpu,common_features,feature_preparation_only,1,1,b005_0680,11,0.00033169996459037066
0,cpu,common_features,feature_preparation_only,1,1,b005_0690,5,0.0001517999917268753
0,cpu,common_features,feature_preparation_only,1,1,b005_0660,8,0.00022109993733465672
0,cpu,common_features,feature_preparation_only,1,1,b005_0709,11,0.0003315999638289213
0,cpu,common_features,feature_preparation_only,1,1,b005_0672,9,0.00025399995502084494
0,cpu,common_features,feature_preparation_only,1,1,b004_0029,1,8.349993731826544e-05
0,cpu,common_features,feature_preparation_only,1,1,b004_0013,6,0.00016069994308054447
0,cpu,common_features,feature_preparation_only,1,1,b005_0070,6,0.0001569000305607915
0,cpu,common_features,feature_preparation_only,1,1,b005_0004,13,0.0004104999825358391
0,cpu,common_features,feature_preparation_only,1,1,b005_0025,7,0.00018100009765475988
0,cpu,common_features,feature_preparation_only,1,1,b005_0002,5,0.0001382000045850873
0,cpu,common_features,feature_preparation_only,1,1,b005_0047,2,9.440002031624317e-05
0,cpu,common_features,feature_preparation_only,1,1,b005_0033,15,0.0005854000337421894
0,cpu,common_features,feature_preparation_only,1,1,b005_0049,8,0.0002180999144911766
0,cpu,common_features,feature_preparation_only,1,1,b004_0065,3,0.0001078000059351325
0,cpu,common_features,feature_preparation_only,1,1,b004_0024,4,0.00012009998317807913
0,cpu,common_features,feature_preparation_only,1,1,b005_0062,2,9.490002412348986e-05
0,cpu,common_features,feature_preparation_only,1,1,b004_0082,5,0.00023769994731992483
0,cpu,common_features,feature_preparation_only,1,1,b004_0022,2,0.0001984999980777502
0,cpu,common_features,feature_preparation_only,1,1,b005_0065,8,0.00023479992523789406
0,cpu,common_features,feature_preparation_only,1,1,b004_0070,3,0.00011220003943890333
0,cpu,common_features,feature_preparation_only,1,1,b005_0019,12,0.00041550002060830593
0,cpu,common_features,feature_preparation_only,1,1,b004_0008,3,0.00010830000974237919
0,cpu,common_features,feature_preparation_only,1,1,b004_0006,3,0.00010559998918324709
0,cpu,common_features,feature_preparation_only,1,1,b005_0040,3,0.00010760000441223383
0,cpu,common_features,feature_preparation_only,1,1,b004_0039,8,0.00021670002024620771
0,cpu,common_features,feature_preparation_only,1,1,b004_0088,2,9.61000332608819e-05
0,cpu,common_features,feature_preparation_only,1,1,b004_0012,5,0.00013860000763088465
0,cpu,common_features,feature_preparation_only,1,1,b004_0003,4,0.00011969998013228178
0,cpu,common_features,feature_preparation_only,1,1,b004_0084,3,0.00010439998004585505
0,cpu,common_features,feature_preparation_only,1,1,b004_0259,5,0.0001273999223485589
0,cpu,common_features,feature_preparation_only,1,1,b005_0185,15,0.00060889997985214
0,cpu,common_features,feature_preparation_only,1,1,b005_0160,13,0.00044080009683966637
0,cpu,common_features,feature_preparation_only,1,1,b005_0217,2,8.979998528957367e-05
0,cpu,common_features,feature_preparation_only,1,1,b005_0205,11,0.00031070003751665354
0,cpu,common_features,feature_preparation_only,1,1,b005_0219,10,0.00026780006010085344
0,cpu,common_features,feature_preparation_only,1,1,b004_0313,4,0.00010850001126527786
0,cpu,common_features,feature_preparation_only,1,1,b005_0198,11,0.00030770001467317343
0,cpu,common_features,feature_preparation_only,1,1,b005_0199,7,0.00017330003902316093
0,cpu,common_features,feature_preparation_only,1,1,b005_0211,4,0.00011079991236329079
0,cpu,common_features,feature_preparation_only,1,1,b005_0209,10,0.00033169996459037066
0,cpu,common_features,feature_preparation_only,1,1,b004_0140,3,0.00012429989874362946
0,cpu,common_features,feature_preparation_only,1,1,b005_0172,3,9.950005915015936e-05
0,cpu,common_features,feature_preparation_only,1,1,b005_0181,12,0.0003619999624788761
0,cpu,common_features,feature_preparation_only,1,1,b004_0197,1,9.300000965595245e-05
0,cpu,common_features,feature_preparation_only,1,1,b005_0170,7,0.00028989999555051327
0,cpu,common_features,feature_preparation_only,1,1,b004_0181,4,0.00012820004485547543
0,cpu,common_features,feature_preparation_only,1,1,b005_0222,14,0.0004665000597015023
0,cpu,common_features,feature_preparation_only,1,1,b005_0196,12,0.0003538000164553523
0,cpu,common_features,feature_preparation_only,1,1,b004_0350,2,8.719996549189091e-05
0,cpu,common_features,feature_preparation_only,1,1,b005_0273,11,0.0003307999577373266
0,cpu,common_features,feature_preparation_only,1,1,b005_0303,9,0.00024309998843818903
0,cpu,common_features,feature_preparation_only,1,1,b005_0266,11,0.0003201999934390187
0,cpu,common_features,feature_preparation_only,1,1,b004_0168,6,0.0002487000310793519
0,cpu,common_features,feature_preparation_only,1,1,b005_0290,10,0.0003360999980941415
0,cpu,common_features,feature_preparation_only,1,1,b004_0342,2,0.00010179996024817228
0,cpu,common_features,feature_preparation_only,1,1,b005_0310,1,8.749996777623892e-05
0,cpu,common_features,feature_preparation_only,1,1,b005_0231,8,0.00021440000273287296
0,cpu,common_features,feature_preparation_only,1,1,b005_0302,14,0.0004619000246748328
0,cpu,common_features,feature_preparation_only,1,1,b005_0242,6,0.00019910000264644623
0,cpu,common_features,feature_preparation_only,1,1,b005_0298,2,0.0001094000181183219
0,cpu,common_features,feature_preparation_only,1,1,b004_0263,4,0.00013979990035295486
0,cpu,common_features,feature_preparation_only,1,1,b005_0493,4,0.0001316999550908804
0,cpu,common_features,feature_preparation_only,1,1,b005_0503,5,0.00014680007006973028
0,cpu,common_features,feature_preparation_only,1,1,b004_0282,5,0.00014750007539987564
0,cpu,common_features,feature_preparation_only,1,1,b005_0508,9,0.00025530008133500814
0,cpu,common_features,feature_preparation_only,1,1,b005_0516,1,9.470002260059118e-05
0,cpu,common_features,feature_preparation_only,1,1,b004_0300,5,0.00014919997192919254
0,cpu,common_features,feature_preparation_only,1,1,b004_0311,2,0.00010599999222904444
0,cpu,common_features,feature_preparation_only,1,1,b004_0108,6,0.0002571000950410962
0,cpu,common_features,feature_preparation_only,1,1,b005_0482,4,0.00025530008133500814
0,cpu,common_features,feature_preparation_only,1,1,b005_0545,14,0.0006998999742791057
0,cpu,common_features,feature_preparation_only,1,1,b005_0537,5,0.00018009997438639402
0,cpu,common_features,feature_preparation_only,1,1,b005_0548,5,0.00015820004045963287
0,cpu,common_features,feature_preparation_only,1,1,b005_0541,4,0.00013649999164044857
0,cpu,common_features,feature_preparation_only,1,1,b004_0185,8,0.00022839999292045832
0,cpu,common_features,feature_preparation_only,1,1,b005_0505,1,9.559991303831339e-05
0,cpu,common_features,feature_preparation_only,1,1,b005_0544,4,0.00013669999316334724
0,cpu,common_features,feature_preparation_only,1,1,b005_0513,9,0.0002540999557822943
0,cpu,common_features,feature_preparation_only,1,1,b004_0198,3,0.00013209995813667774
0,cpu,common_features,feature_preparation_only,1,1,b004_0154,8,0.00023230002261698246
0,cpu,common_features,feature_preparation_only,1,1,b005_0345,4,0.00013920001219958067
0,cpu,common_features,feature_preparation_only,1,1,b004_0106,3,0.0001210999907925725
0,cpu,common_features,feature_preparation_only,1,1,b005_0356,2,0.00011010002344846725
0,cpu,common_features,feature_preparation_only,1,1,b004_0270,2,0.00011040002573281527
0,cpu,common_features,feature_preparation_only,1,1,b005_0376,3,0.00011890009045600891
0,cpu,common_features,feature_preparation_only,1,1,b005_0323,11,0.00033820001408457756
0,cpu,common_features,feature_preparation_only,1,1,b005_0380,7,0.00019779999274760485
0,cpu,common_features,feature_preparation_only,1,1,b004_0192,3,0.00012119999155402184
0,cpu,common_features,feature_preparation_only,1,1,b005_0350,4,0.0001327000791206956
0,cpu,common_features,feature_preparation_only,1,1,b004_0115,3,0.00011929997708648443
0,cpu,common_features,feature_preparation_only,1,1,b004_0367,5,0.00014969997573643923
0,cpu,common_features,feature_preparation_only,1,1,b004_0378,8,0.00022909999825060368
0,cpu,common_features,feature_preparation_only,1,1,b005_0361,8,0.00023909995798021555
0,cpu,common_features,feature_preparation_only,1,1,b005_0378,11,0.000367300002835691
0,cpu,common_features,feature_preparation_only,1,1,b005_0714,3,0.00010820000898092985
0,cpu,common_features,feature_preparation_only,1,1,b005_0792,6,0.00015709991566836834
0,cpu,common_features,feature_preparation_only,1,1,b005_0773,7,0.00019829999655485153
0,cpu,common_features,feature_preparation_only,1,1,b005_0723,1,8.089991752058268e-05
0,cpu,common_features,feature_preparation_only,1,1,b005_0799,8,0.000341600039973855
0,cpu,common_features,feature_preparation_only,1,1,b005_0786,2,0.00017770007252693176
0,cpu,common_features,feature_preparation_only,1,1,b005_0783,4,0.0001686000032350421
0,cpu,common_features,feature_preparation_only,1,1,b005_0805,10,0.00029170000925660133
0,cpu,common_features,feature_preparation_only,1,1,b005_0736,3,0.00010240008123219013
0,cpu,common_features,feature_preparation_only,1,1,b005_0758,8,0.00020730006508529186
0,cpu,common_features,feature_preparation_only,1,1,b005_0737,15,0.000528200063854456
0,cpu,common_features,feature_preparation_only,1,1,b005_0784,1,7.930002175271511e-05
0,cpu,common_features,feature_preparation_only,1,1,b005_0733,1,7.179996464401484e-05
0,cpu,common_features,feature_preparation_only,1,1,b005_0774,14,0.00048129993956536055
0,cpu,common_features,feature_preparation_only,1,1,b005_0757,9,0.0002570999786257744
0,cpu,common_features,feature_preparation_only,1,1,b005_0727,2,9.510002564638853e-05
0,cpu,common_features,feature_preparation_only,32,32,b005_0092|b004_0388|b004_0356|b005_0086|b005_0119|b005_0098|b004_0253|b005_0107|b004_0277|b004_0258|b005_0121|b005_0087|b005_0120|b005_0133|b004_0244|b005_0628|b005_0575|b005_0569|b005_0629|b005_0651|b005_0559|b005_0627|b005_0610|b005_0626|b005_0612|b005_0554|b005_0578|b005_0604|b005_0442|b005_0470|b005_0446|b005_0434,3|1|6|11|7|7|3|1|8|4|4|5|3|13|1|10|3|4|4|14|6|10|7|9|10|8|7|13|7|3|9|1,0.008195100002922118
0,cpu,common_features,feature_preparation_only,32,32,b005_0431|b005_0460|b005_0438|b005_0444|b004_0349|b005_0465|b004_0326|b005_0418|b004_0217|b004_0215|b005_0449|b004_0241|b004_0321|b005_0467|b005_0684|b005_0654|b005_0688|b005_0680|b005_0690|b005_0660|b005_0709|b005_0672|b004_0029|b004_0013|b005_0070|b005_0004|b005_0025|b005_0002|b005_0047|b005_0033|b005_0049|b004_0065,9|2|5|9|8|10|6|4|2|2|10|2|1|11|8|3|4|11|5|8|11|9|1|6|6|13|7|5|2|15|8|3,0.007561699952930212
0,cpu,common_features,feature_preparation_only,32,32,b004_0024|b005_0062|b004_0082|b004_0022|b005_0065|b004_0070|b005_0019|b004_0008|b004_0006|b005_0040|b004_0039|b004_0088|b004_0012|b004_0003|b004_0084|b004_0259|b005_0185|b005_0160|b005_0217|b005_0205|b005_0219|b004_0313|b005_0198|b005_0199|b005_0211|b005_0209|b004_0140|b005_0172|b005_0181|b004_0197|b005_0170|b004_0181,4|2|5|2|8|3|12|3|3|3|8|2|5|4|3|5|15|13|2|11|10|4|11|7|4|10|3|3|12|1|7|4,0.006526799988932908
0,cpu,common_features,feature_preparation_only,32,32,b005_0222|b005_0196|b004_0350|b005_0273|b005_0303|b005_0266|b004_0168|b005_0290|b004_0342|b005_0310|b005_0231|b005_0302|b005_0242|b005_0298|b004_0263|b005_0493|b005_0503|b004_0282|b005_0508|b005_0516|b004_0300|b004_0311|b004_0108|b005_0482|b005_0545|b005_0537|b005_0548|b005_0541|b004_0185|b005_0505|b005_0544|b005_0513,14|12|2|11|9|11|6|10|2|1|8|14|6|2|4|4|5|5|9|1|5|2|6|4|14|5|5|4|8|1|4|9,0.007465600036084652
0,cpu,common_features,feature_preparation_only,32,32,b004_0198|b004_0154|b005_0345|b004_0106|b005_0356|b004_0270|b005_0376|b005_0323|b005_0380|b004_0192|b005_0350|b004_0115|b004_0367|b004_0378|b005_0361|b005_0378|b005_0714|b005_0792|b005_0773|b005_0723|b005_0799|b005_0786|b005_0783|b005_0805|b005_0736|b005_0758|b005_0737|b005_0784|b005_0733|b005_0774|b005_0757|b005_0727,3|8|4|3|2|2|3|11|7|3|4|3|5|8|8|11|3|6|7|1|8|2|4|10|3|8|15|1|1|14|9|2,0.0063269000966101885
0,cpu,capacity_matched_deepsets,forward_resident_inputs,1,1,b005_0092,3,0.001091600046493113
0,cpu,capacity_matched_deepsets,forward_resident_inputs,1,1,b004_0388,1,0.0010068000992760062
0,cpu,capacity_matched_deepsets,forward_resident_inputs,1,1,b004_0356,6,0.0013237999519333243
0,cpu,capacity_matched_deepsets,forward_resident_inputs,1,1,b005_0086,11,0.001186799956485629
0,cpu,capacity_matched_deepsets,forward_resident_inputs,1,1,b005_0119,7,0.0010856000008061528
0,cpu,capacity_matched_deepsets,forward_resident_inputs,1,1,b005_0098,7,0.000998400035314262
0,cpu,capacity_matched_deepsets,forward_resident_inputs,1,1,b004_0253,3,0.0010161999380216002
0,cpu,capacity_matched_deepsets,forward_resident_inputs,1,1,b005_0107,1,0.0011608999921008945
0,cpu,capacity_matched_deepsets,forward_resident_inputs,1,1,b004_0277,8,0.0011670999228954315
0,cpu,capacity_matched_deepsets,forward_resident_inputs,1,1,b004_0258,4,0.0011391000589355826
0,cpu,capacity_matched_deepsets,forward_resident_inputs,1,1,b005_0121,4,0.0012156000593677163
0,cpu,capacity_matched_deepsets,forward_resident_inputs,1,1,b005_0087,5,0.0011131000937893987
0,cpu,capacity_matched_deepsets,forward_resident_inputs,1,1,b005_0120,3,0.0014664999907836318
0,cpu,capacity_matched_deepsets,forward_resident_inputs,1,1,b005_0133,13,0.0012091000098735094
0,cpu,capacity_matched_deepsets,forward_resident_inputs,1,1,b004_0244,1,0.0010050000855699182
0,cpu,capacity_matched_deepsets,forward_resident_inputs,1,1,b005_0628,10,0.0010341000743210316
0,cpu,capacity_matched_deepsets,forward_resident_inputs,1,1,b005_0575,3,0.0009700000518932939
0,cpu,capacity_matched_deepsets,forward_resident_inputs,1,1,b005_0569,4,0.001231999951414764
0,cpu,capacity_matched_deepsets,forward_resident_inputs,1,1,b005_0629,4,0.00127730006352067
0,cpu,capacity_matched_deepsets,forward_resident_inputs,1,1,b005_0651,14,0.0013134999899193645
0,cpu,capacity_matched_deepsets,forward_resident_inputs,1,1,b005_0559,6,0.0011418999638408422
0,cpu,capacity_matched_deepsets,forward_resident_inputs,1,1,b005_0627,10,0.0013723000884056091
0,cpu,capacity_matched_deepsets,forward_resident_inputs,1,1,b005_0610,7,0.0014214999973773956
0,cpu,capacity_matched_deepsets,forward_resident_inputs,1,1,b005_0626,9,0.001293900073505938
0,cpu,capacity_matched_deepsets,forward_resident_inputs,1,1,b005_0612,10,0.0011638000141829252
0,cpu,capacity_matched_deepsets,forward_resident_inputs,1,1,b005_0554,8,0.0010721000144258142
0,cpu,capacity_matched_deepsets,forward_resident_inputs,1,1,b005_0578,7,0.0015414999797940254
0,cpu,capacity_matched_deepsets,forward_resident_inputs,1,1,b005_0604,13,0.001242700032889843
0,cpu,capacity_matched_deepsets,forward_resident_inputs,1,1,b005_0442,7,0.001048400066792965
0,cpu,capacity_matched_deepsets,forward_resident_inputs,1,1,b005_0470,3,0.0010167000582441688
0,cpu,capacity_matched_deepsets,forward_resident_inputs,1,1,b005_0446,9,0.0011292999843135476
0,cpu,capacity_matched_deepsets,forward_resident_inputs,1,1,b005_0434,1,0.001334899920038879
0,cpu,capacity_matched_deepsets,forward_resident_inputs,1,1,b005_0431,9,0.0011548999464139342
0,cpu,capacity_matched_deepsets,forward_resident_inputs,1,1,b005_0460,2,0.0010824999772012234
0,cpu,capacity_matched_deepsets,forward_resident_inputs,1,1,b005_0438,5,0.001083599985577166
0,cpu,capacity_matched_deepsets,forward_resident_inputs,1,1,b005_0444,9,0.0010714000090956688
0,cpu,capacity_matched_deepsets,forward_resident_inputs,1,1,b004_0349,8,0.0015144000062718987
0,cpu,capacity_matched_deepsets,forward_resident_inputs,1,1,b005_0465,10,0.0012101999018341303
0,cpu,capacity_matched_deepsets,forward_resident_inputs,1,1,b004_0326,6,0.0010760999284684658
0,cpu,capacity_matched_deepsets,forward_resident_inputs,1,1,b005_0418,4,0.001077700057066977
0,cpu,capacity_matched_deepsets,forward_resident_inputs,1,1,b004_0217,2,0.0013203000416979194
0,cpu,capacity_matched_deepsets,forward_resident_inputs,1,1,b004_0215,2,0.0011902999831363559
0,cpu,capacity_matched_deepsets,forward_resident_inputs,1,1,b005_0449,10,0.0011791998986154795
0,cpu,capacity_matched_deepsets,forward_resident_inputs,1,1,b004_0241,2,0.0010804999619722366
0,cpu,capacity_matched_deepsets,forward_resident_inputs,1,1,b004_0321,1,0.0010366999777033925
0,cpu,capacity_matched_deepsets,forward_resident_inputs,1,1,b005_0467,11,0.0013001000043004751
0,cpu,capacity_matched_deepsets,forward_resident_inputs,1,1,b005_0684,8,0.001361000002361834
0,cpu,capacity_matched_deepsets,forward_resident_inputs,1,1,b005_0654,3,0.0010720000136643648
0,cpu,capacity_matched_deepsets,forward_resident_inputs,1,1,b005_0688,4,0.001083899987861514
0,cpu,capacity_matched_deepsets,forward_resident_inputs,1,1,b005_0680,11,0.0012829999905079603
0,cpu,capacity_matched_deepsets,forward_resident_inputs,1,1,b005_0690,5,0.0013575999764725566
0,cpu,capacity_matched_deepsets,forward_resident_inputs,1,1,b005_0660,8,0.0011259999591857195
0,cpu,capacity_matched_deepsets,forward_resident_inputs,1,1,b005_0709,11,0.001061399932950735
0,cpu,capacity_matched_deepsets,forward_resident_inputs,1,1,b005_0672,9,0.0010482999496161938
0,cpu,capacity_matched_deepsets,forward_resident_inputs,1,1,b004_0029,1,0.0009237000485882163
0,cpu,capacity_matched_deepsets,forward_resident_inputs,1,1,b004_0013,6,0.0012999000027775764
0,cpu,capacity_matched_deepsets,forward_resident_inputs,1,1,b005_0070,6,0.0011360000353306532
0,cpu,capacity_matched_deepsets,forward_resident_inputs,1,1,b005_0004,13,0.001082399976439774
0,cpu,capacity_matched_deepsets,forward_resident_inputs,1,1,b005_0025,7,0.0010252000065520406
0,cpu,capacity_matched_deepsets,forward_resident_inputs,1,1,b005_0002,5,0.000977699994109571
0,cpu,capacity_matched_deepsets,forward_resident_inputs,1,1,b005_0047,2,0.0011051999172195792
0,cpu,capacity_matched_deepsets,forward_resident_inputs,1,1,b005_0033,15,0.0012291999300941825
0,cpu,capacity_matched_deepsets,forward_resident_inputs,1,1,b005_0049,8,0.0010210999753326178
0,cpu,capacity_matched_deepsets,forward_resident_inputs,1,1,b004_0065,3,0.0011647999053820968
0,cpu,capacity_matched_deepsets,forward_resident_inputs,1,1,b004_0024,4,0.001080599962733686
0,cpu,capacity_matched_deepsets,forward_resident_inputs,1,1,b005_0062,2,0.001107799937017262
0,cpu,capacity_matched_deepsets,forward_resident_inputs,1,1,b004_0082,5,0.0011731000849977136
0,cpu,capacity_matched_deepsets,forward_resident_inputs,1,1,b004_0022,2,0.001019099960103631
0,cpu,capacity_matched_deepsets,forward_resident_inputs,1,1,b005_0065,8,0.001043400028720498
0,cpu,capacity_matched_deepsets,forward_resident_inputs,1,1,b004_0070,3,0.0009521000320091844
0,cpu,capacity_matched_deepsets,forward_resident_inputs,1,1,b005_0019,12,0.0011149999918416142
0,cpu,capacity_matched_deepsets,forward_resident_inputs,1,1,b004_0008,3,0.0012975999852642417
0,cpu,capacity_matched_deepsets,forward_resident_inputs,1,1,b004_0006,3,0.0010538999922573566
0,cpu,capacity_matched_deepsets,forward_resident_inputs,1,1,b005_0040,3,0.0010052999714389443
0,cpu,capacity_matched_deepsets,forward_resident_inputs,1,1,b004_0039,8,0.0010257000103592873
0,cpu,capacity_matched_deepsets,forward_resident_inputs,1,1,b004_0088,2,0.0010578000219538808
0,cpu,capacity_matched_deepsets,forward_resident_inputs,1,1,b004_0012,5,0.0012774999486282468
0,cpu,capacity_matched_deepsets,forward_resident_inputs,1,1,b004_0003,4,0.0013752999948337674
0,cpu,capacity_matched_deepsets,forward_resident_inputs,1,1,b004_0084,3,0.0010653999634087086
0,cpu,capacity_matched_deepsets,forward_resident_inputs,1,1,b004_0259,5,0.0010000000474974513
0,cpu,capacity_matched_deepsets,forward_resident_inputs,1,1,b005_0185,15,0.0011140999849885702
0,cpu,capacity_matched_deepsets,forward_resident_inputs,1,1,b005_0160,13,0.001445000059902668
0,cpu,capacity_matched_deepsets,forward_resident_inputs,1,1,b005_0217,2,0.00100020004902035
0,cpu,capacity_matched_deepsets,forward_resident_inputs,1,1,b005_0205,11,0.0011823000386357307
0,cpu,capacity_matched_deepsets,forward_resident_inputs,1,1,b005_0219,10,0.0010473000584170222
0,cpu,capacity_matched_deepsets,forward_resident_inputs,1,1,b004_0313,4,0.0009865999454632401
0,cpu,capacity_matched_deepsets,forward_resident_inputs,1,1,b005_0198,11,0.0013147999998182058
0,cpu,capacity_matched_deepsets,forward_resident_inputs,1,1,b005_0199,7,0.001077700057066977
0,cpu,capacity_matched_deepsets,forward_resident_inputs,1,1,b005_0211,4,0.0009666000260040164
0,cpu,capacity_matched_deepsets,forward_resident_inputs,1,1,b005_0209,10,0.001002799952402711
0,cpu,capacity_matched_deepsets,forward_resident_inputs,1,1,b004_0140,3,0.0009771999903023243
0,cpu,capacity_matched_deepsets,forward_resident_inputs,1,1,b005_0172,3,0.0014497999800369143
0,cpu,capacity_matched_deepsets,forward_resident_inputs,1,1,b005_0181,12,0.0011709000682458282
0,cpu,capacity_matched_deepsets,forward_resident_inputs,1,1,b004_0197,1,0.0009061000309884548
0,cpu,capacity_matched_deepsets,forward_resident_inputs,1,1,b005_0170,7,0.0010183999547734857
0,cpu,capacity_matched_deepsets,forward_resident_inputs,1,1,b004_0181,4,0.0010124000255018473
0,cpu,capacity_matched_deepsets,forward_resident_inputs,1,1,b005_0222,14,0.001184699940495193
0,cpu,capacity_matched_deepsets,forward_resident_inputs,1,1,b005_0196,12,0.0012082000030204654
0,cpu,capacity_matched_deepsets,forward_resident_inputs,1,1,b004_0350,2,0.0009864999447017908
0,cpu,capacity_matched_deepsets,forward_resident_inputs,1,1,b005_0273,11,0.0009947000071406364
0,cpu,capacity_matched_deepsets,forward_resident_inputs,1,1,b005_0303,9,0.0010508999694138765
0,cpu,capacity_matched_deepsets,forward_resident_inputs,1,1,b005_0266,11,0.0011714999563992023
0,cpu,capacity_matched_deepsets,forward_resident_inputs,1,1,b004_0168,6,0.0012002000585198402
0,cpu,capacity_matched_deepsets,forward_resident_inputs,1,1,b005_0290,10,0.0010538999922573566
0,cpu,capacity_matched_deepsets,forward_resident_inputs,1,1,b004_0342,2,0.0012641000794246793
0,cpu,capacity_matched_deepsets,forward_resident_inputs,1,1,b005_0310,1,0.0011823999229818583
0,cpu,capacity_matched_deepsets,forward_resident_inputs,1,1,b005_0231,8,0.0013156000059098005
0,cpu,capacity_matched_deepsets,forward_resident_inputs,1,1,b005_0302,14,0.0012875000247731805
0,cpu,capacity_matched_deepsets,forward_resident_inputs,1,1,b005_0242,6,0.001062000053934753
0,cpu,capacity_matched_deepsets,forward_resident_inputs,1,1,b005_0298,2,0.001150399912148714
0,cpu,capacity_matched_deepsets,forward_resident_inputs,1,1,b004_0263,4,0.0011613999959081411
0,cpu,capacity_matched_deepsets,forward_resident_inputs,1,1,b005_0493,4,0.0012858998961746693
0,cpu,capacity_matched_deepsets,forward_resident_inputs,1,1,b005_0503,5,0.0011471000034362078
0,cpu,capacity_matched_deepsets,forward_resident_inputs,1,1,b004_0282,5,0.0010819999733939767
0,cpu,capacity_matched_deepsets,forward_resident_inputs,1,1,b005_0508,9,0.001081199967302382
0,cpu,capacity_matched_deepsets,forward_resident_inputs,1,1,b005_0516,1,0.0009764999849721789
0,cpu,capacity_matched_deepsets,forward_resident_inputs,1,1,b004_0300,5,0.0013463000068441033
0,cpu,capacity_matched_deepsets,forward_resident_inputs,1,1,b004_0311,2,0.001190700102597475
0,cpu,capacity_matched_deepsets,forward_resident_inputs,1,1,b004_0108,6,0.0012147999368607998
0,cpu,capacity_matched_deepsets,forward_resident_inputs,1,1,b005_0482,4,0.0010765999322757125
0,cpu,capacity_matched_deepsets,forward_resident_inputs,1,1,b005_0545,14,0.0011496000224724412
0,cpu,capacity_matched_deepsets,forward_resident_inputs,1,1,b005_0537,5,0.0013445999938994646
0,cpu,capacity_matched_deepsets,forward_resident_inputs,1,1,b005_0548,5,0.0011115999659523368
0,cpu,capacity_matched_deepsets,forward_resident_inputs,1,1,b005_0541,4,0.0010982999810948968
0,cpu,capacity_matched_deepsets,forward_resident_inputs,1,1,b004_0185,8,0.0010649999603629112
0,cpu,capacity_matched_deepsets,forward_resident_inputs,1,1,b005_0505,1,0.0009394999360665679
0,cpu,capacity_matched_deepsets,forward_resident_inputs,1,1,b005_0544,4,0.001165800029411912
0,cpu,capacity_matched_deepsets,forward_resident_inputs,1,1,b005_0513,9,0.001105200033634901
0,cpu,capacity_matched_deepsets,forward_resident_inputs,1,1,b004_0198,3,0.0010712998919188976
0,cpu,capacity_matched_deepsets,forward_resident_inputs,1,1,b004_0154,8,0.00100020004902035
0,cpu,capacity_matched_deepsets,forward_resident_inputs,1,1,b005_0345,4,0.0010759999277070165
0,cpu,capacity_matched_deepsets,forward_resident_inputs,1,1,b004_0106,3,0.0012058999855071306
0,cpu,capacity_matched_deepsets,forward_resident_inputs,1,1,b005_0356,2,0.0014906000578776002
0,cpu,capacity_matched_deepsets,forward_resident_inputs,1,1,b004_0270,2,0.0011226999340578914
0,cpu,capacity_matched_deepsets,forward_resident_inputs,1,1,b005_0376,3,0.0010505999671295285
0,cpu,capacity_matched_deepsets,forward_resident_inputs,1,1,b005_0323,11,0.0011372999288141727
0,cpu,capacity_matched_deepsets,forward_resident_inputs,1,1,b005_0380,7,0.0014315000735223293
0,cpu,capacity_matched_deepsets,forward_resident_inputs,1,1,b004_0192,3,0.0011699000606313348
0,cpu,capacity_matched_deepsets,forward_resident_inputs,1,1,b005_0350,4,0.0011140999849885702
0,cpu,capacity_matched_deepsets,forward_resident_inputs,1,1,b004_0115,3,0.0009968000231310725
0,cpu,capacity_matched_deepsets,forward_resident_inputs,1,1,b004_0367,5,0.000998400035314262
0,cpu,capacity_matched_deepsets,forward_resident_inputs,1,1,b004_0378,8,0.0012361000990495086
0,cpu,capacity_matched_deepsets,forward_resident_inputs,1,1,b005_0361,8,0.0010689999908208847
0,cpu,capacity_matched_deepsets,forward_resident_inputs,1,1,b005_0378,11,0.0010038000764325261
0,cpu,capacity_matched_deepsets,forward_resident_inputs,1,1,b005_0714,3,0.0009684000397101045
0,cpu,capacity_matched_deepsets,forward_resident_inputs,1,1,b005_0792,6,0.0011721999617293477
0,cpu,capacity_matched_deepsets,forward_resident_inputs,1,1,b005_0773,7,0.0015934999100863934
0,cpu,capacity_matched_deepsets,forward_resident_inputs,1,1,b005_0723,1,0.0009959000162780285
0,cpu,capacity_matched_deepsets,forward_resident_inputs,1,1,b005_0799,8,0.0010871000122278929
0,cpu,capacity_matched_deepsets,forward_resident_inputs,1,1,b005_0786,2,0.0010336999548599124
0,cpu,capacity_matched_deepsets,forward_resident_inputs,1,1,b005_0783,4,0.001075300038792193
0,cpu,capacity_matched_deepsets,forward_resident_inputs,1,1,b005_0805,10,0.0012848000042140484
0,cpu,capacity_matched_deepsets,forward_resident_inputs,1,1,b005_0736,3,0.001062900060787797
0,cpu,capacity_matched_deepsets,forward_resident_inputs,1,1,b005_0758,8,0.001003699959255755
0,cpu,capacity_matched_deepsets,forward_resident_inputs,1,1,b005_0737,15,0.0009945000056177378
0,cpu,capacity_matched_deepsets,forward_resident_inputs,1,1,b005_0784,1,0.0009269999573007226
0,cpu,capacity_matched_deepsets,forward_resident_inputs,1,1,b005_0733,1,0.001016999944113195
0,cpu,capacity_matched_deepsets,forward_resident_inputs,1,1,b005_0774,14,0.0012709000147879124
0,cpu,capacity_matched_deepsets,forward_resident_inputs,1,1,b005_0757,9,0.0010155000491067767
0,cpu,capacity_matched_deepsets,forward_resident_inputs,1,1,b005_0727,2,0.0011382000520825386
0,cpu,capacity_matched_deepsets,common_input_to_host_output,1,1,b005_0092,3,0.001421599998138845
0,cpu,capacity_matched_deepsets,common_input_to_host_output,1,1,b004_0388,1,0.001174100092612207
0,cpu,capacity_matched_deepsets,common_input_to_host_output,1,1,b004_0356,6,0.001312499982304871
0,cpu,capacity_matched_deepsets,common_input_to_host_output,1,1,b005_0086,11,0.0017161000287160277
0,cpu,capacity_matched_deepsets,common_input_to_host_output,1,1,b005_0119,7,0.0014770999550819397
0,cpu,capacity_matched_deepsets,common_input_to_host_output,1,1,b005_0098,7,0.0013029000256210566
0,cpu,capacity_matched_deepsets,common_input_to_host_output,1,1,b004_0253,3,0.0012146999360993505
0,cpu,capacity_matched_deepsets,common_input_to_host_output,1,1,b005_0107,1,0.001097499975003302
0,cpu,capacity_matched_deepsets,common_input_to_host_output,1,1,b004_0277,8,0.002236100030131638
0,cpu,capacity_matched_deepsets,common_input_to_host_output,1,1,b004_0258,4,0.0013466000091284513
0,cpu,capacity_matched_deepsets,common_input_to_host_output,1,1,b005_0121,4,0.0013334000250324607
0,cpu,capacity_matched_deepsets,common_input_to_host_output,1,1,b005_0087,5,0.0014427000423893332
0,cpu,capacity_matched_deepsets,common_input_to_host_output,1,1,b005_0120,3,0.0015358999371528625
0,cpu,capacity_matched_deepsets,common_input_to_host_output,1,1,b005_0133,13,0.0016949999844655395
0,cpu,capacity_matched_deepsets,common_input_to_host_output,1,1,b004_0244,1,0.0011633000103756785
0,cpu,capacity_matched_deepsets,common_input_to_host_output,1,1,b005_0628,10,0.0018315999768674374
0,cpu,capacity_matched_deepsets,common_input_to_host_output,1,1,b005_0575,3,0.001462099957279861
0,cpu,capacity_matched_deepsets,common_input_to_host_output,1,1,b005_0569,4,0.0012864999007433653
0,cpu,capacity_matched_deepsets,common_input_to_host_output,1,1,b005_0629,4,0.0015438999980688095
0,cpu,capacity_matched_deepsets,common_input_to_host_output,1,1,b005_0651,14,0.0019161999225616455
0,cpu,capacity_matched_deepsets,common_input_to_host_output,1,1,b005_0559,6,0.0014689000090584159
0,cpu,capacity_matched_deepsets,common_input_to_host_output,1,1,b005_0627,10,0.0015011000214144588
0,cpu,capacity_matched_deepsets,common_input_to_host_output,1,1,b005_0610,7,0.0013419999741017818
0,cpu,capacity_matched_deepsets,common_input_to_host_output,1,1,b005_0626,9,0.001752499956637621
0,cpu,capacity_matched_deepsets,common_input_to_host_output,1,1,b005_0612,10,0.0015953999245539308
0,cpu,capacity_matched_deepsets,common_input_to_host_output,1,1,b005_0554,8,0.0013910999987274408
0,cpu,capacity_matched_deepsets,common_input_to_host_output,1,1,b005_0578,7,0.0013310000067576766
0,cpu,capacity_matched_deepsets,common_input_to_host_output,1,1,b005_0604,13,0.0020813000155612826
0,cpu,capacity_matched_deepsets,common_input_to_host_output,1,1,b005_0442,7,0.001534900045953691
0,cpu,capacity_matched_deepsets,common_input_to_host_output,1,1,b005_0470,3,0.0012860000133514404
0,cpu,capacity_matched_deepsets,common_input_to_host_output,1,1,b005_0446,9,0.0017213999526575208
0,cpu,capacity_matched_deepsets,common_input_to_host_output,1,1,b005_0434,1,0.0012871000217273831
0,cpu,capacity_matched_deepsets,common_input_to_host_output,1,1,b005_0431,9,0.0014142000582069159
0,cpu,capacity_matched_deepsets,common_input_to_host_output,1,1,b005_0460,2,0.0011928000021725893
0,cpu,capacity_matched_deepsets,common_input_to_host_output,1,1,b005_0438,5,0.0018573000561445951
0,cpu,capacity_matched_deepsets,common_input_to_host_output,1,1,b005_0444,9,0.0016685000155121088
0,cpu,capacity_matched_deepsets,common_input_to_host_output,1,1,b004_0349,8,0.0014059999957680702
0,cpu,capacity_matched_deepsets,common_input_to_host_output,1,1,b005_0465,10,0.0016910999547690153
0,cpu,capacity_matched_deepsets,common_input_to_host_output,1,1,b004_0326,6,0.0020496000070124865
0,cpu,capacity_matched_deepsets,common_input_to_host_output,1,1,b005_0418,4,0.0014582000439986587
0,cpu,capacity_matched_deepsets,common_input_to_host_output,1,1,b004_0217,2,0.0012320000678300858
0,cpu,capacity_matched_deepsets,common_input_to_host_output,1,1,b004_0215,2,0.0012278000358492136
0,cpu,capacity_matched_deepsets,common_input_to_host_output,1,1,b005_0449,10,0.0016831000102683902
0,cpu,capacity_matched_deepsets,common_input_to_host_output,1,1,b004_0241,2,0.0012599999317899346
0,cpu,capacity_matched_deepsets,common_input_to_host_output,1,1,b004_0321,1,0.0011291999835520983
0,cpu,capacity_matched_deepsets,common_input_to_host_output,1,1,b005_0467,11,0.0014652999816462398
0,cpu,capacity_matched_deepsets,common_input_to_host_output,1,1,b005_0684,8,0.0017018999205902219
0,cpu,capacity_matched_deepsets,common_input_to_host_output,1,1,b005_0654,3,0.0013590999878942966
0,cpu,capacity_matched_deepsets,common_input_to_host_output,1,1,b005_0688,4,0.0016742999432608485
0,cpu,capacity_matched_deepsets,common_input_to_host_output,1,1,b005_0680,11,0.0017077000811696053
0,cpu,capacity_matched_deepsets,common_input_to_host_output,1,1,b005_0690,5,0.0018102999310940504
0,cpu,capacity_matched_deepsets,common_input_to_host_output,1,1,b005_0660,8,0.0014772000722587109
0,cpu,capacity_matched_deepsets,common_input_to_host_output,1,1,b005_0709,11,0.0015291000017896295
0,cpu,capacity_matched_deepsets,common_input_to_host_output,1,1,b005_0672,9,0.0016244000289589167
0,cpu,capacity_matched_deepsets,common_input_to_host_output,1,1,b004_0029,1,0.0011980999261140823
0,cpu,capacity_matched_deepsets,common_input_to_host_output,1,1,b004_0013,6,0.0012808999745175242
0,cpu,capacity_matched_deepsets,common_input_to_host_output,1,1,b005_0070,6,0.0012888000346720219
0,cpu,capacity_matched_deepsets,common_input_to_host_output,1,1,b005_0004,13,0.0017595000099390745
0,cpu,capacity_matched_deepsets,common_input_to_host_output,1,1,b005_0025,7,0.0017447000136598945
0,cpu,capacity_matched_deepsets,common_input_to_host_output,1,1,b005_0002,5,0.001366900047287345
0,cpu,capacity_matched_deepsets,common_input_to_host_output,1,1,b005_0047,2,0.0012045999756082892
0,cpu,capacity_matched_deepsets,common_input_to_host_output,1,1,b005_0033,15,0.002036200021393597
0,cpu,capacity_matched_deepsets,common_input_to_host_output,1,1,b005_0049,8,0.0013815000420436263
0,cpu,capacity_matched_deepsets,common_input_to_host_output,1,1,b004_0065,3,0.0012138000456616282
0,cpu,capacity_matched_deepsets,common_input_to_host_output,1,1,b004_0024,4,0.00129210005979985
0,cpu,capacity_matched_deepsets,common_input_to_host_output,1,1,b005_0062,2,0.0014406000263988972
0,cpu,capacity_matched_deepsets,common_input_to_host_output,1,1,b004_0082,5,0.0013722999719902873
0,cpu,capacity_matched_deepsets,common_input_to_host_output,1,1,b004_0022,2,0.0012998000020161271
0,cpu,capacity_matched_deepsets,common_input_to_host_output,1,1,b005_0065,8,0.001573899993672967
0,cpu,capacity_matched_deepsets,common_input_to_host_output,1,1,b004_0070,3,0.00185479992069304
0,cpu,capacity_matched_deepsets,common_input_to_host_output,1,1,b005_0019,12,0.0018139000749215484
0,cpu,capacity_matched_deepsets,common_input_to_host_output,1,1,b004_0008,3,0.0013498999178409576
0,cpu,capacity_matched_deepsets,common_input_to_host_output,1,1,b004_0006,3,0.0013516000472009182
0,cpu,capacity_matched_deepsets,common_input_to_host_output,1,1,b005_0040,3,0.0018320000963285565
0,cpu,capacity_matched_deepsets,common_input_to_host_output,1,1,b004_0039,8,0.0016859000315889716
0,cpu,capacity_matched_deepsets,common_input_to_host_output,1,1,b004_0088,2,0.0013438999885693192
0,cpu,capacity_matched_deepsets,common_input_to_host_output,1,1,b004_0012,5,0.0014456999488174915
0,cpu,capacity_matched_deepsets,common_input_to_host_output,1,1,b004_0003,4,0.0022046000231057405
0,cpu,capacity_matched_deepsets,common_input_to_host_output,1,1,b004_0084,3,0.0015090999659150839
0,cpu,capacity_matched_deepsets,common_input_to_host_output,1,1,b004_0259,5,0.001352700055576861
0,cpu,capacity_matched_deepsets,common_input_to_host_output,1,1,b005_0185,15,0.0020738999592140317
0,cpu,capacity_matched_deepsets,common_input_to_host_output,1,1,b005_0160,13,0.0016199999954551458
0,cpu,capacity_matched_deepsets,common_input_to_host_output,1,1,b005_0217,2,0.001202800078317523
0,cpu,capacity_matched_deepsets,common_input_to_host_output,1,1,b005_0205,11,0.001700200024060905
0,cpu,capacity_matched_deepsets,common_input_to_host_output,1,1,b005_0219,10,0.0015926000196486712
0,cpu,capacity_matched_deepsets,common_input_to_host_output,1,1,b004_0313,4,0.0012889999197795987
0,cpu,capacity_matched_deepsets,common_input_to_host_output,1,1,b005_0198,11,0.0015164000215008855
0,cpu,capacity_matched_deepsets,common_input_to_host_output,1,1,b005_0199,7,0.002415599999949336
0,cpu,capacity_matched_deepsets,common_input_to_host_output,1,1,b005_0211,4,0.0015180999180302024
0,cpu,capacity_matched_deepsets,common_input_to_host_output,1,1,b005_0209,10,0.0021243999944999814
0,cpu,capacity_matched_deepsets,common_input_to_host_output,1,1,b004_0140,3,0.002341700019314885
0,cpu,capacity_matched_deepsets,common_input_to_host_output,1,1,b005_0172,3,0.0015906000044196844
0,cpu,capacity_matched_deepsets,common_input_to_host_output,1,1,b005_0181,12,0.0018563999328762293
0,cpu,capacity_matched_deepsets,common_input_to_host_output,1,1,b004_0197,1,0.0015462000155821443
0,cpu,capacity_matched_deepsets,common_input_to_host_output,1,1,b005_0170,7,0.0014397000195458531
0,cpu,capacity_matched_deepsets,common_input_to_host_output,1,1,b004_0181,4,0.0014021999668329954
0,cpu,capacity_matched_deepsets,common_input_to_host_output,1,1,b005_0222,14,0.0016398999141529202
0,cpu,capacity_matched_deepsets,common_input_to_host_output,1,1,b005_0196,12,0.002000399981625378
0,cpu,capacity_matched_deepsets,common_input_to_host_output,1,1,b004_0350,2,0.0013584999833256006
0,cpu,capacity_matched_deepsets,common_input_to_host_output,1,1,b005_0273,11,0.0015054000541567802
0,cpu,capacity_matched_deepsets,common_input_to_host_output,1,1,b005_0303,9,0.001747800037264824
0,cpu,capacity_matched_deepsets,common_input_to_host_output,1,1,b005_0266,11,0.0018587000668048859
0,cpu,capacity_matched_deepsets,common_input_to_host_output,1,1,b004_0168,6,0.0013852999545633793
0,cpu,capacity_matched_deepsets,common_input_to_host_output,1,1,b005_0290,10,0.0015178999165073037
0,cpu,capacity_matched_deepsets,common_input_to_host_output,1,1,b004_0342,2,0.001676199957728386
0,cpu,capacity_matched_deepsets,common_input_to_host_output,1,1,b005_0310,1,0.0012517999857664108
0,cpu,capacity_matched_deepsets,common_input_to_host_output,1,1,b005_0231,8,0.0014148000627756119
0,cpu,capacity_matched_deepsets,common_input_to_host_output,1,1,b005_0302,14,0.0016714000375941396
0,cpu,capacity_matched_deepsets,common_input_to_host_output,1,1,b005_0242,6,0.0016793000977486372
0,cpu,capacity_matched_deepsets,common_input_to_host_output,1,1,b005_0298,2,0.0012261000229045749
0,cpu,capacity_matched_deepsets,common_input_to_host_output,1,1,b004_0263,4,0.001269000000320375
0,cpu,capacity_matched_deepsets,common_input_to_host_output,1,1,b005_0493,4,0.001394100021570921
0,cpu,capacity_matched_deepsets,common_input_to_host_output,1,1,b005_0503,5,0.0021002000430598855
0,cpu,capacity_matched_deepsets,common_input_to_host_output,1,1,b004_0282,5,0.0015960000455379486
0,cpu,capacity_matched_deepsets,common_input_to_host_output,1,1,b005_0508,9,0.0015554999699816108
0,cpu,capacity_matched_deepsets,common_input_to_host_output,1,1,b005_0516,1,0.0014149000635370612
0,cpu,capacity_matched_deepsets,common_input_to_host_output,1,1,b004_0300,5,0.0013862999621778727
0,cpu,capacity_matched_deepsets,common_input_to_host_output,1,1,b004_0311,2,0.0012422000290825963
0,cpu,capacity_matched_deepsets,common_input_to_host_output,1,1,b004_0108,6,0.0013590999878942966
0,cpu,capacity_matched_deepsets,common_input_to_host_output,1,1,b005_0482,4,0.0014133000513538718
0,cpu,capacity_matched_deepsets,common_input_to_host_output,1,1,b005_0545,14,0.0018479999853298068
0,cpu,capacity_matched_deepsets,common_input_to_host_output,1,1,b005_0537,5,0.0013960999203845859
0,cpu,capacity_matched_deepsets,common_input_to_host_output,1,1,b005_0548,5,0.0014945999719202518
0,cpu,capacity_matched_deepsets,common_input_to_host_output,1,1,b005_0541,4,0.0015797000378370285
0,cpu,capacity_matched_deepsets,common_input_to_host_output,1,1,b004_0185,8,0.0016888000536710024
0,cpu,capacity_matched_deepsets,common_input_to_host_output,1,1,b005_0505,1,0.0012900999281555414
0,cpu,capacity_matched_deepsets,common_input_to_host_output,1,1,b005_0544,4,0.001365099917165935
0,cpu,capacity_matched_deepsets,common_input_to_host_output,1,1,b005_0513,9,0.0018083000322803855
0,cpu,capacity_matched_deepsets,common_input_to_host_output,1,1,b004_0198,3,0.0014943999703973532
0,cpu,capacity_matched_deepsets,common_input_to_host_output,1,1,b004_0154,8,0.001500000013038516
0,cpu,capacity_matched_deepsets,common_input_to_host_output,1,1,b005_0345,4,0.0014483999693766236
0,cpu,capacity_matched_deepsets,common_input_to_host_output,1,1,b004_0106,3,0.0016769999638199806
0,cpu,capacity_matched_deepsets,common_input_to_host_output,1,1,b005_0356,2,0.0016133999451994896
0,cpu,capacity_matched_deepsets,common_input_to_host_output,1,1,b004_0270,2,0.001434899982996285
0,cpu,capacity_matched_deepsets,common_input_to_host_output,1,1,b005_0376,3,0.0016069000121206045
0,cpu,capacity_matched_deepsets,common_input_to_host_output,1,1,b005_0323,11,0.0018205000087618828
0,cpu,capacity_matched_deepsets,common_input_to_host_output,1,1,b005_0380,7,0.001514800009317696
0,cpu,capacity_matched_deepsets,common_input_to_host_output,1,1,b004_0192,3,0.0014227000065147877
0,cpu,capacity_matched_deepsets,common_input_to_host_output,1,1,b005_0350,4,0.0016071000136435032
0,cpu,capacity_matched_deepsets,common_input_to_host_output,1,1,b004_0115,3,0.0015707999700680375
0,cpu,capacity_matched_deepsets,common_input_to_host_output,1,1,b004_0367,5,0.0014721000334247947
0,cpu,capacity_matched_deepsets,common_input_to_host_output,1,1,b004_0378,8,0.0015873999800533056
0,cpu,capacity_matched_deepsets,common_input_to_host_output,1,1,b005_0361,8,0.002023100038059056
0,cpu,capacity_matched_deepsets,common_input_to_host_output,1,1,b005_0378,11,0.0017967000603675842
0,cpu,capacity_matched_deepsets,common_input_to_host_output,1,1,b005_0714,3,0.0013376000570133328
0,cpu,capacity_matched_deepsets,common_input_to_host_output,1,1,b005_0792,6,0.0016559000359848142
0,cpu,capacity_matched_deepsets,common_input_to_host_output,1,1,b005_0773,7,0.0017987999599426985
0,cpu,capacity_matched_deepsets,common_input_to_host_output,1,1,b005_0723,1,0.0012484999606385827
0,cpu,capacity_matched_deepsets,common_input_to_host_output,1,1,b005_0799,8,0.0014557000249624252
0,cpu,capacity_matched_deepsets,common_input_to_host_output,1,1,b005_0786,2,0.0016815999988466501
0,cpu,capacity_matched_deepsets,common_input_to_host_output,1,1,b005_0783,4,0.0014734999276697636
0,cpu,capacity_matched_deepsets,common_input_to_host_output,1,1,b005_0805,10,0.0016490999842062593
0,cpu,capacity_matched_deepsets,common_input_to_host_output,1,1,b005_0736,3,0.0023990999907255173
0,cpu,capacity_matched_deepsets,common_input_to_host_output,1,1,b005_0758,8,0.00211130001116544
0,cpu,capacity_matched_deepsets,common_input_to_host_output,1,1,b005_0737,15,0.0019730000058189034
0,cpu,capacity_matched_deepsets,common_input_to_host_output,1,1,b005_0784,1,0.001611500047147274
0,cpu,capacity_matched_deepsets,common_input_to_host_output,1,1,b005_0733,1,0.0013904999941587448
0,cpu,capacity_matched_deepsets,common_input_to_host_output,1,1,b005_0774,14,0.0019023999338969588
0,cpu,capacity_matched_deepsets,common_input_to_host_output,1,1,b005_0757,9,0.001845399965532124
0,cpu,capacity_matched_deepsets,common_input_to_host_output,1,1,b005_0727,2,0.0015722999814897776
0,cpu,capacity_matched_deepsets,forward_resident_inputs,32,32,b005_0092|b004_0388|b004_0356|b005_0086|b005_0119|b005_0098|b004_0253|b005_0107|b004_0277|b004_0258|b005_0121|b005_0087|b005_0120|b005_0133|b004_0244|b005_0628|b005_0575|b005_0569|b005_0629|b005_0651|b005_0559|b005_0627|b005_0610|b005_0626|b005_0612|b005_0554|b005_0578|b005_0604|b005_0442|b005_0470|b005_0446|b005_0434,3|1|6|11|7|7|3|1|8|4|4|5|3|13|1|10|3|4|4|14|6|10|7|9|10|8|7|13|7|3|9|1,0.0026105999713763595
0,cpu,capacity_matched_deepsets,forward_resident_inputs,32,32,b005_0431|b005_0460|b005_0438|b005_0444|b004_0349|b005_0465|b004_0326|b005_0418|b004_0217|b004_0215|b005_0449|b004_0241|b004_0321|b005_0467|b005_0684|b005_0654|b005_0688|b005_0680|b005_0690|b005_0660|b005_0709|b005_0672|b004_0029|b004_0013|b005_0070|b005_0004|b005_0025|b005_0002|b005_0047|b005_0033|b005_0049|b004_0065,9|2|5|9|8|10|6|4|2|2|10|2|1|11|8|3|4|11|5|8|11|9|1|6|6|13|7|5|2|15|8|3,0.0032966999569907784
0,cpu,capacity_matched_deepsets,forward_resident_inputs,32,32,b004_0024|b005_0062|b004_0082|b004_0022|b005_0065|b004_0070|b005_0019|b004_0008|b004_0006|b005_0040|b004_0039|b004_0088|b004_0012|b004_0003|b004_0084|b004_0259|b005_0185|b005_0160|b005_0217|b005_0205|b005_0219|b004_0313|b005_0198|b005_0199|b005_0211|b005_0209|b004_0140|b005_0172|b005_0181|b004_0197|b005_0170|b004_0181,4|2|5|2|8|3|12|3|3|3|8|2|5|4|3|5|15|13|2|11|10|4|11|7|4|10|3|3|12|1|7|4,0.0028964000521227717
0,cpu,capacity_matched_deepsets,forward_resident_inputs,32,32,b005_0222|b005_0196|b004_0350|b005_0273|b005_0303|b005_0266|b004_0168|b005_0290|b004_0342|b005_0310|b005_0231|b005_0302|b005_0242|b005_0298|b004_0263|b005_0493|b005_0503|b004_0282|b005_0508|b005_0516|b004_0300|b004_0311|b004_0108|b005_0482|b005_0545|b005_0537|b005_0548|b005_0541|b004_0185|b005_0505|b005_0544|b005_0513,14|12|2|11|9|11|6|10|2|1|8|14|6|2|4|4|5|5|9|1|5|2|6|4|14|5|5|4|8|1|4|9,0.002898800070397556
0,cpu,capacity_matched_deepsets,forward_resident_inputs,32,32,b004_0198|b004_0154|b005_0345|b004_0106|b005_0356|b004_0270|b005_0376|b005_0323|b005_0380|b004_0192|b005_0350|b004_0115|b004_0367|b004_0378|b005_0361|b005_0378|b005_0714|b005_0792|b005_0773|b005_0723|b005_0799|b005_0786|b005_0783|b005_0805|b005_0736|b005_0758|b005_0737|b005_0784|b005_0733|b005_0774|b005_0757|b005_0727,3|8|4|3|2|2|3|11|7|3|4|3|5|8|8|11|3|6|7|1|8|2|4|10|3|8|15|1|1|14|9|2,0.002539200009778142
0,cpu,capacity_matched_deepsets,common_input_to_host_output,32,32,b005_0092|b004_0388|b004_0356|b005_0086|b005_0119|b005_0098|b004_0253|b005_0107|b004_0277|b004_0258|b005_0121|b005_0087|b005_0120|b005_0133|b004_0244|b005_0628|b005_0575|b005_0569|b005_0629|b005_0651|b005_0559|b005_0627|b005_0610|b005_0626|b005_0612|b005_0554|b005_0578|b005_0604|b005_0442|b005_0470|b005_0446|b005_0434,3|1|6|11|7|7|3|1|8|4|4|5|3|13|1|10|3|4|4|14|6|10|7|9|10|8|7|13|7|3|9|1,0.010456499992869794
0,cpu,capacity_matched_deepsets,common_input_to_host_output,32,32,b005_0431|b005_0460|b005_0438|b005_0444|b004_0349|b005_0465|b004_0326|b005_0418|b004_0217|b004_0215|b005_0449|b004_0241|b004_0321|b005_0467|b005_0684|b005_0654|b005_0688|b005_0680|b005_0690|b005_0660|b005_0709|b005_0672|b004_0029|b004_0013|b005_0070|b005_0004|b005_0025|b005_0002|b005_0047|b005_0033|b005_0049|b004_0065,9|2|5|9|8|10|6|4|2|2|10|2|1|11|8|3|4|11|5|8|11|9|1|6|6|13|7|5|2|15|8|3,0.010305400006473064
0,cpu,capacity_matched_deepsets,common_input_to_host_output,32,32,b004_0024|b005_0062|b004_0082|b004_0022|b005_0065|b004_0070|b005_0019|b004_0008|b004_0006|b005_0040|b004_0039|b004_0088|b004_0012|b004_0003|b004_0084|b004_0259|b005_0185|b005_0160|b005_0217|b005_0205|b005_0219|b004_0313|b005_0198|b005_0199|b005_0211|b005_0209|b004_0140|b005_0172|b005_0181|b004_0197|b005_0170|b004_0181,4|2|5|2|8|3|12|3|3|3|8|2|5|4|3|5|15|13|2|11|10|4|11|7|4|10|3|3|12|1|7|4,0.009673099964857101
0,cpu,capacity_matched_deepsets,common_input_to_host_output,32,32,b005_0222|b005_0196|b004_0350|b005_0273|b005_0303|b005_0266|b004_0168|b005_0290|b004_0342|b005_0310|b005_0231|b005_0302|b005_0242|b005_0298|b004_0263|b005_0493|b005_0503|b004_0282|b005_0508|b005_0516|b004_0300|b004_0311|b004_0108|b005_0482|b005_0545|b005_0537|b005_0548|b005_0541|b004_0185|b005_0505|b005_0544|b005_0513,14|12|2|11|9|11|6|10|2|1|8|14|6|2|4|4|5|5|9|1|5|2|6|4|14|5|5|4|8|1|4|9,0.011200599954463542
0,cpu,capacity_matched_deepsets,common_input_to_host_output,32,32,b004_0198|b004_0154|b005_0345|b004_0106|b005_0356|b004_0270|b005_0376|b005_0323|b005_0380|b004_0192|b005_0350|b004_0115|b004_0367|b004_0378|b005_0361|b005_0378|b005_0714|b005_0792|b005_0773|b005_0723|b005_0799|b005_0786|b005_0783|b005_0805|b005_0736|b005_0758|b005_0737|b005_0784|b005_0733|b005_0774|b005_0757|b005_0727,3|8|4|3|2|2|3|11|7|3|4|3|5|8|8|11|3|6|7|1|8|2|4|10|3|8|15|1|1|14|9|2,0.009025099920108914
0,cpu,gnn,forward_resident_inputs,1,1,b005_0092,3,0.0017468000296503305
0,cpu,gnn,forward_resident_inputs,1,1,b004_0388,1,0.0016734000528231263
0,cpu,gnn,forward_resident_inputs,1,1,b004_0356,6,0.002040799940004945
0,cpu,gnn,forward_resident_inputs,1,1,b005_0086,11,0.0020434000762179494
0,cpu,gnn,forward_resident_inputs,1,1,b005_0119,7,0.0022962000221014023
0,cpu,gnn,forward_resident_inputs,1,1,b005_0098,7,0.001855800044722855
0,cpu,gnn,forward_resident_inputs,1,1,b004_0253,3,0.0023849999997764826
0,cpu,gnn,forward_resident_inputs,1,1,b005_0107,1,0.001457400037907064
0,cpu,gnn,forward_resident_inputs,1,1,b004_0277,8,0.0023871000157669187
0,cpu,gnn,forward_resident_inputs,1,1,b004_0258,4,0.0028059000615030527
0,cpu,gnn,forward_resident_inputs,1,1,b005_0121,4,0.002195300068706274
0,cpu,gnn,forward_resident_inputs,1,1,b005_0087,5,0.0018694999162107706
0,cpu,gnn,forward_resident_inputs,1,1,b005_0120,3,0.002612299984320998
0,cpu,gnn,forward_resident_inputs,1,1,b005_0133,13,0.0023852000012993813
0,cpu,gnn,forward_resident_inputs,1,1,b004_0244,1,0.0013549000723287463
0,cpu,gnn,forward_resident_inputs,1,1,b005_0628,10,0.002658099983818829
0,cpu,gnn,forward_resident_inputs,1,1,b005_0575,3,0.0020195000106468797
0,cpu,gnn,forward_resident_inputs,1,1,b005_0569,4,0.0021735000191256404
0,cpu,gnn,forward_resident_inputs,1,1,b005_0629,4,0.0019515999592840672
0,cpu,gnn,forward_resident_inputs,1,1,b005_0651,14,0.00209349999204278
0,cpu,gnn,forward_resident_inputs,1,1,b005_0559,6,0.002805700059980154
0,cpu,gnn,forward_resident_inputs,1,1,b005_0627,10,0.0022634000051766634
0,cpu,gnn,forward_resident_inputs,1,1,b005_0610,7,0.0027265000389888883
0,cpu,gnn,forward_resident_inputs,1,1,b005_0626,9,0.002754800021648407
0,cpu,gnn,forward_resident_inputs,1,1,b005_0612,10,0.002688900101929903
0,cpu,gnn,forward_resident_inputs,1,1,b005_0554,8,0.0025103000225499272
0,cpu,gnn,forward_resident_inputs,1,1,b005_0578,7,0.0019205999560654163
0,cpu,gnn,forward_resident_inputs,1,1,b005_0604,13,0.002445999998599291
0,cpu,gnn,forward_resident_inputs,1,1,b005_0442,7,0.0018674000166356564
0,cpu,gnn,forward_resident_inputs,1,1,b005_0470,3,0.001922599971294403
0,cpu,gnn,forward_resident_inputs,1,1,b005_0446,9,0.0025055999867618084
0,cpu,gnn,forward_resident_inputs,1,1,b005_0434,1,0.0012739000376313925
0,cpu,gnn,forward_resident_inputs,1,1,b005_0431,9,0.0022471999982371926
0,cpu,gnn,forward_resident_inputs,1,1,b005_0460,2,0.0022191000171005726
0,cpu,gnn,forward_resident_inputs,1,1,b005_0438,5,0.0018983000190928578
0,cpu,gnn,forward_resident_inputs,1,1,b005_0444,9,0.0023130999179556966
0,cpu,gnn,forward_resident_inputs,1,1,b004_0349,8,0.0020833000307902694
0,cpu,gnn,forward_resident_inputs,1,1,b005_0465,10,0.002257999964058399
0,cpu,gnn,forward_resident_inputs,1,1,b004_0326,6,0.002611399977467954
0,cpu,gnn,forward_resident_inputs,1,1,b005_0418,4,0.0018324999837204814
0,cpu,gnn,forward_resident_inputs,1,1,b004_0217,2,0.0018626999808475375
0,cpu,gnn,forward_resident_inputs,1,1,b004_0215,2,0.0019539999775588512
0,cpu,gnn,forward_resident_inputs,1,1,b005_0449,10,0.002033699885942042
0,cpu,gnn,forward_resident_inputs,1,1,b004_0241,2,0.0017228999640792608
0,cpu,gnn,forward_resident_inputs,1,1,b004_0321,1,0.001387599972076714
0,cpu,gnn,forward_resident_inputs,1,1,b005_0467,11,0.0024714000755921006
0,cpu,gnn,forward_resident_inputs,1,1,b005_0684,8,0.002503399970009923
0,cpu,gnn,forward_resident_inputs,1,1,b005_0654,3,0.0019406999927014112
0,cpu,gnn,forward_resident_inputs,1,1,b005_0688,4,0.0018906000768765807
0,cpu,gnn,forward_resident_inputs,1,1,b005_0680,11,0.0027037999825552106
0,cpu,gnn,forward_resident_inputs,1,1,b005_0690,5,0.001906899968162179
0,cpu,gnn,forward_resident_inputs,1,1,b005_0660,8,0.0025773999514058232
0,cpu,gnn,forward_resident_inputs,1,1,b005_0709,11,0.0028979999478906393
0,cpu,gnn,forward_resident_inputs,1,1,b005_0672,9,0.0022302999859675765
0,cpu,gnn,forward_resident_inputs,1,1,b004_0029,1,0.0019584998954087496
0,cpu,gnn,forward_resident_inputs,1,1,b004_0013,6,0.0019365999614819884
0,cpu,gnn,forward_resident_inputs,1,1,b005_0070,6,0.0018387000309303403
0,cpu,gnn,forward_resident_inputs,1,1,b005_0004,13,0.002782299998216331
0,cpu,gnn,forward_resident_inputs,1,1,b005_0025,7,0.0018704000394791365
0,cpu,gnn,forward_resident_inputs,1,1,b005_0002,5,0.0025872999103739858
0,cpu,gnn,forward_resident_inputs,1,1,b005_0047,2,0.001684800023213029
0,cpu,gnn,forward_resident_inputs,1,1,b005_0033,15,0.002186099998652935
0,cpu,gnn,forward_resident_inputs,1,1,b005_0049,8,0.002507199998944998
0,cpu,gnn,forward_resident_inputs,1,1,b004_0065,3,0.0017515000654384494
0,cpu,gnn,forward_resident_inputs,1,1,b004_0024,4,0.0017667000647634268
0,cpu,gnn,forward_resident_inputs,1,1,b005_0062,2,0.002067800029180944
0,cpu,gnn,forward_resident_inputs,1,1,b004_0082,5,0.0023569000186398625
0,cpu,gnn,forward_resident_inputs,1,1,b004_0022,2,0.002090599969960749
0,cpu,gnn,forward_resident_inputs,1,1,b005_0065,8,0.00226690003182739
0,cpu,gnn,forward_resident_inputs,1,1,b004_0070,3,0.0018491999944671988
0,cpu,gnn,forward_resident_inputs,1,1,b005_0019,12,0.002499300055205822
0,cpu,gnn,forward_resident_inputs,1,1,b004_0008,3,0.0017862999811768532
0,cpu,gnn,forward_resident_inputs,1,1,b004_0006,3,0.0017442998941987753
0,cpu,gnn,forward_resident_inputs,1,1,b005_0040,3,0.002434800029732287
0,cpu,gnn,forward_resident_inputs,1,1,b004_0039,8,0.0023120000259950757
0,cpu,gnn,forward_resident_inputs,1,1,b004_0088,2,0.0015697000781074166
0,cpu,gnn,forward_resident_inputs,1,1,b004_0012,5,0.002550200093537569
0,cpu,gnn,forward_resident_inputs,1,1,b004_0003,4,0.0018008999759331346
0,cpu,gnn,forward_resident_inputs,1,1,b004_0084,3,0.001704599941149354
0,cpu,gnn,forward_resident_inputs,1,1,b004_0259,5,0.0022749999770894647
0,cpu,gnn,forward_resident_inputs,1,1,b005_0185,15,0.0023598000407218933
0,cpu,gnn,forward_resident_inputs,1,1,b005_0160,13,0.0031701000407338142
0,cpu,gnn,forward_resident_inputs,1,1,b005_0217,2,0.0020079000387340784
0,cpu,gnn,forward_resident_inputs,1,1,b005_0205,11,0.002660199999809265
0,cpu,gnn,forward_resident_inputs,1,1,b005_0219,10,0.0023178999545052648
0,cpu,gnn,forward_resident_inputs,1,1,b004_0313,4,0.001743100001476705
0,cpu,gnn,forward_resident_inputs,1,1,b005_0198,11,0.00263859995175153
0,cpu,gnn,forward_resident_inputs,1,1,b005_0199,7,0.0018631999846547842
0,cpu,gnn,forward_resident_inputs,1,1,b005_0211,4,0.002021400025114417
0,cpu,gnn,forward_resident_inputs,1,1,b005_0209,10,0.002855899976566434
0,cpu,gnn,forward_resident_inputs,1,1,b004_0140,3,0.002017199993133545
0,cpu,gnn,forward_resident_inputs,1,1,b005_0172,3,0.0022557000629603863
0,cpu,gnn,forward_resident_inputs,1,1,b005_0181,12,0.002157899900339544
0,cpu,gnn,forward_resident_inputs,1,1,b004_0197,1,0.0011624000035226345
0,cpu,gnn,forward_resident_inputs,1,1,b005_0170,7,0.002320100087672472
0,cpu,gnn,forward_resident_inputs,1,1,b004_0181,4,0.0019510999554768205
0,cpu,gnn,forward_resident_inputs,1,1,b005_0222,14,0.002734699985012412
0,cpu,gnn,forward_resident_inputs,1,1,b005_0196,12,0.0026831000577658415
0,cpu,gnn,forward_resident_inputs,1,1,b004_0350,2,0.0015802999259904027
0,cpu,gnn,forward_resident_inputs,1,1,b005_0273,11,0.002551899990066886
0,cpu,gnn,forward_resident_inputs,1,1,b005_0303,9,0.002216599998064339
0,cpu,gnn,forward_resident_inputs,1,1,b005_0266,11,0.002008299925364554
0,cpu,gnn,forward_resident_inputs,1,1,b004_0168,6,0.0026212999364361167
0,cpu,gnn,forward_resident_inputs,1,1,b005_0290,10,0.002231099992059171
0,cpu,gnn,forward_resident_inputs,1,1,b004_0342,2,0.0021649000700563192
0,cpu,gnn,forward_resident_inputs,1,1,b005_0310,1,0.0014374000020325184
0,cpu,gnn,forward_resident_inputs,1,1,b005_0231,8,0.0020505000138655305
0,cpu,gnn,forward_resident_inputs,1,1,b005_0302,14,0.0030401999829337
0,cpu,gnn,forward_resident_inputs,1,1,b005_0242,6,0.0018286999547854066
0,cpu,gnn,forward_resident_inputs,1,1,b005_0298,2,0.0016228999011218548
0,cpu,gnn,forward_resident_inputs,1,1,b004_0263,4,0.00270840001758188
0,cpu,gnn,forward_resident_inputs,1,1,b005_0493,4,0.0020840000361204147
0,cpu,gnn,forward_resident_inputs,1,1,b005_0503,5,0.0023978999815881252
0,cpu,gnn,forward_resident_inputs,1,1,b004_0282,5,0.002031099982559681
0,cpu,gnn,forward_resident_inputs,1,1,b005_0508,9,0.0022086999379098415
0,cpu,gnn,forward_resident_inputs,1,1,b005_0516,1,0.0016048999968916178
0,cpu,gnn,forward_resident_inputs,1,1,b004_0300,5,0.0021976999705657363
0,cpu,gnn,forward_resident_inputs,1,1,b004_0311,2,0.0020436999620869756
0,cpu,gnn,forward_resident_inputs,1,1,b004_0108,6,0.00309670006390661
0,cpu,gnn,forward_resident_inputs,1,1,b005_0482,4,0.00190400006249547
0,cpu,gnn,forward_resident_inputs,1,1,b005_0545,14,0.002864500042051077
0,cpu,gnn,forward_resident_inputs,1,1,b005_0537,5,0.002047399990260601
0,cpu,gnn,forward_resident_inputs,1,1,b005_0548,5,0.0018020999850705266
0,cpu,gnn,forward_resident_inputs,1,1,b005_0541,4,0.0023372999858111143
0,cpu,gnn,forward_resident_inputs,1,1,b004_0185,8,0.0024618000024929643
0,cpu,gnn,forward_resident_inputs,1,1,b005_0505,1,0.0012124000350013375
0,cpu,gnn,forward_resident_inputs,1,1,b005_0544,4,0.002589999930933118
0,cpu,gnn,forward_resident_inputs,1,1,b005_0513,9,0.00220470002386719
0,cpu,gnn,forward_resident_inputs,1,1,b004_0198,3,0.0021241999929770827
0,cpu,gnn,forward_resident_inputs,1,1,b004_0154,8,0.0021724000107496977
0,cpu,gnn,forward_resident_inputs,1,1,b005_0345,4,0.0018501000013202429
0,cpu,gnn,forward_resident_inputs,1,1,b004_0106,3,0.0025507999816909432
0,cpu,gnn,forward_resident_inputs,1,1,b005_0356,2,0.0017243999755010009
0,cpu,gnn,forward_resident_inputs,1,1,b004_0270,2,0.0016409000381827354
0,cpu,gnn,forward_resident_inputs,1,1,b005_0376,3,0.0021735000191256404
0,cpu,gnn,forward_resident_inputs,1,1,b005_0323,11,0.00213520007673651
0,cpu,gnn,forward_resident_inputs,1,1,b005_0380,7,0.001829399960115552
0,cpu,gnn,forward_resident_inputs,1,1,b004_0192,3,0.002532399957999587
0,cpu,gnn,forward_resident_inputs,1,1,b005_0350,4,0.0018274999456480145
0,cpu,gnn,forward_resident_inputs,1,1,b004_0115,3,0.0026549999602138996
0,cpu,gnn,forward_resident_inputs,1,1,b004_0367,5,0.0021106000058352947
0,cpu,gnn,forward_resident_inputs,1,1,b004_0378,8,0.0021609999239444733
0,cpu,gnn,forward_resident_inputs,1,1,b005_0361,8,0.002643299987539649
0,cpu,gnn,forward_resident_inputs,1,1,b005_0378,11,0.002057399949990213
0,cpu,gnn,forward_resident_inputs,1,1,b005_0714,3,0.002353199990466237
0,cpu,gnn,forward_resident_inputs,1,1,b005_0792,6,0.002212500083260238
0,cpu,gnn,forward_resident_inputs,1,1,b005_0773,7,0.002465000026859343
0,cpu,gnn,forward_resident_inputs,1,1,b005_0723,1,0.001596100046299398
0,cpu,gnn,forward_resident_inputs,1,1,b005_0799,8,0.0020428000716492534
0,cpu,gnn,forward_resident_inputs,1,1,b005_0786,2,0.0016177999787032604
0,cpu,gnn,forward_resident_inputs,1,1,b005_0783,4,0.0023114000214263797
0,cpu,gnn,forward_resident_inputs,1,1,b005_0805,10,0.002379300072789192
0,cpu,gnn,forward_resident_inputs,1,1,b005_0736,3,0.0018360000103712082
0,cpu,gnn,forward_resident_inputs,1,1,b005_0758,8,0.0032876000041142106
0,cpu,gnn,forward_resident_inputs,1,1,b005_0737,15,0.0023536999942734838
0,cpu,gnn,forward_resident_inputs,1,1,b005_0784,1,0.0015682000666856766
0,cpu,gnn,forward_resident_inputs,1,1,b005_0733,1,0.0013235000660642982
0,cpu,gnn,forward_resident_inputs,1,1,b005_0774,14,0.002433000016026199
0,cpu,gnn,forward_resident_inputs,1,1,b005_0757,9,0.0025374999968335032
0,cpu,gnn,forward_resident_inputs,1,1,b005_0727,2,0.0016669000033289194
0,cpu,gnn,common_input_to_host_output,1,1,b005_0092,3,0.0019838999724015594
0,cpu,gnn,common_input_to_host_output,1,1,b004_0388,1,0.0017070999601855874
0,cpu,gnn,common_input_to_host_output,1,1,b004_0356,6,0.002403800026513636
0,cpu,gnn,common_input_to_host_output,1,1,b005_0086,11,0.0027851000195369124
0,cpu,gnn,common_input_to_host_output,1,1,b005_0119,7,0.0028641000390052795
0,cpu,gnn,common_input_to_host_output,1,1,b005_0098,7,0.0022726000752300024
0,cpu,gnn,common_input_to_host_output,1,1,b004_0253,3,0.0025719000259414315
0,cpu,gnn,common_input_to_host_output,1,1,b005_0107,1,0.0013995999470353127
0,cpu,gnn,common_input_to_host_output,1,1,b004_0277,8,0.002450099913403392
0,cpu,gnn,common_input_to_host_output,1,1,b004_0258,4,0.0028048999374732375
0,cpu,gnn,common_input_to_host_output,1,1,b005_0121,4,0.0022769999923184514
0,cpu,gnn,common_input_to_host_output,1,1,b005_0087,5,0.0032830999698489904
0,cpu,gnn,common_input_to_host_output,1,1,b005_0120,3,0.0020736000733450055
0,cpu,gnn,common_input_to_host_output,1,1,b005_0133,13,0.0032888000132516026
0,cpu,gnn,common_input_to_host_output,1,1,b004_0244,1,0.0014924000715836883
0,cpu,gnn,common_input_to_host_output,1,1,b005_0628,10,0.0031002999749034643
0,cpu,gnn,common_input_to_host_output,1,1,b005_0575,3,0.002618399914354086
0,cpu,gnn,common_input_to_host_output,1,1,b005_0569,4,0.002075500087812543
0,cpu,gnn,common_input_to_host_output,1,1,b005_0629,4,0.00279880000744015
0,cpu,gnn,common_input_to_host_output,1,1,b005_0651,14,0.0027447999455034733
0,cpu,gnn,common_input_to_host_output,1,1,b005_0559,6,0.0026415999745950103
0,cpu,gnn,common_input_to_host_output,1,1,b005_0627,10,0.0023967999732121825
0,cpu,gnn,common_input_to_host_output,1,1,b005_0610,7,0.003268199972808361
0,cpu,gnn,common_input_to_host_output,1,1,b005_0626,9,0.002813400002196431
0,cpu,gnn,common_input_to_host_output,1,1,b005_0612,10,0.003279400058090687
0,cpu,gnn,common_input_to_host_output,1,1,b005_0554,8,0.0023331999545916915
0,cpu,gnn,common_input_to_host_output,1,1,b005_0578,7,0.0026976000517606735
0,cpu,gnn,common_input_to_host_output,1,1,b005_0604,13,0.003207899979315698
0,cpu,gnn,common_input_to_host_output,1,1,b005_0442,7,0.0031250000465661287
0,cpu,gnn,common_input_to_host_output,1,1,b005_0470,3,0.0024608999956399202
0,cpu,gnn,common_input_to_host_output,1,1,b005_0446,9,0.003271699999459088
0,cpu,gnn,common_input_to_host_output,1,1,b005_0434,1,0.0016201999969780445
0,cpu,gnn,common_input_to_host_output,1,1,b005_0431,9,0.002664499916136265
0,cpu,gnn,common_input_to_host_output,1,1,b005_0460,2,0.002456400077790022
0,cpu,gnn,common_input_to_host_output,1,1,b005_0438,5,0.002517599961720407
0,cpu,gnn,common_input_to_host_output,1,1,b005_0444,9,0.0034283000277355313
0,cpu,gnn,common_input_to_host_output,1,1,b004_0349,8,0.003429400036111474
0,cpu,gnn,common_input_to_host_output,1,1,b005_0465,10,0.00332180003169924
0,cpu,gnn,common_input_to_host_output,1,1,b004_0326,6,0.0047490999568253756
0,cpu,gnn,common_input_to_host_output,1,1,b005_0418,4,0.0025049999821931124
0,cpu,gnn,common_input_to_host_output,1,1,b004_0217,2,0.002337199985049665
0,cpu,gnn,common_input_to_host_output,1,1,b004_0215,2,0.002030199975706637
0,cpu,gnn,common_input_to_host_output,1,1,b005_0449,10,0.0027611999539658427
0,cpu,gnn,common_input_to_host_output,1,1,b004_0241,2,0.0021352999610826373
0,cpu,gnn,common_input_to_host_output,1,1,b004_0321,1,0.0015524000627920032
0,cpu,gnn,common_input_to_host_output,1,1,b005_0467,11,0.003189300070516765
0,cpu,gnn,common_input_to_host_output,1,1,b005_0684,8,0.002513399929739535
0,cpu,gnn,common_input_to_host_output,1,1,b005_0654,3,0.0022863999474793673
0,cpu,gnn,common_input_to_host_output,1,1,b005_0688,4,0.002146200044080615
0,cpu,gnn,common_input_to_host_output,1,1,b005_0680,11,0.0024753999896347523
0,cpu,gnn,common_input_to_host_output,1,1,b005_0690,5,0.0029905999545007944
0,cpu,gnn,common_input_to_host_output,1,1,b005_0660,8,0.00252770003862679
0,cpu,gnn,common_input_to_host_output,1,1,b005_0709,11,0.002986700041219592
0,cpu,gnn,common_input_to_host_output,1,1,b005_0672,9,0.002446400001645088
0,cpu,gnn,common_input_to_host_output,1,1,b004_0029,1,0.001711999997496605
0,cpu,gnn,common_input_to_host_output,1,1,b004_0013,6,0.002295800019055605
0,cpu,gnn,common_input_to_host_output,1,1,b005_0070,6,0.002673199982382357
0,cpu,gnn,common_input_to_host_output,1,1,b005_0004,13,0.0028550000861287117
0,cpu,gnn,common_input_to_host_output,1,1,b005_0025,7,0.0020870999433100224
0,cpu,gnn,common_input_to_host_output,1,1,b005_0002,5,0.0023041999666020274
0,cpu,gnn,common_input_to_host_output,1,1,b005_0047,2,0.0018316999776288867
0,cpu,gnn,common_input_to_host_output,1,1,b005_0033,15,0.0034072999842464924
0,cpu,gnn,common_input_to_host_output,1,1,b005_0049,8,0.003181799896992743
0,cpu,gnn,common_input_to_host_output,1,1,b004_0065,3,0.002702999976463616
0,cpu,gnn,common_input_to_host_output,1,1,b004_0024,4,0.002463800017721951
0,cpu,gnn,common_input_to_host_output,1,1,b005_0062,2,0.0021800000686198473
0,cpu,gnn,common_input_to_host_output,1,1,b004_0082,5,0.002911300049163401
0,cpu,gnn,common_input_to_host_output,1,1,b004_0022,2,0.0020092999329790473
0,cpu,gnn,common_input_to_host_output,1,1,b005_0065,8,0.003645199933089316
0,cpu,gnn,common_input_to_host_output,1,1,b004_0070,3,0.0022925001103430986
0,cpu,gnn,common_input_to_host_output,1,1,b005_0019,12,0.0034866000059992075
0,cpu,gnn,common_input_to_host_output,1,1,b004_0008,3,0.002171000000089407
0,cpu,gnn,common_input_to_host_output,1,1,b004_0006,3,0.0026621000142768025
0,cpu,gnn,common_input_to_host_output,1,1,b005_0040,3,0.002434500027447939
0,cpu,gnn,common_input_to_host_output,1,1,b004_0039,8,0.003132499987259507
0,cpu,gnn,common_input_to_host_output,1,1,b004_0088,2,0.002212999970652163
0,cpu,gnn,common_input_to_host_output,1,1,b004_0012,5,0.0038143000565469265
0,cpu,gnn,common_input_to_host_output,1,1,b004_0003,4,0.002779899979941547
0,cpu,gnn,common_input_to_host_output,1,1,b004_0084,3,0.0028791000368073583
0,cpu,gnn,common_input_to_host_output,1,1,b004_0259,5,0.002588900038972497
0,cpu,gnn,common_input_to_host_output,1,1,b005_0185,15,0.003336800029501319
0,cpu,gnn,common_input_to_host_output,1,1,b005_0160,13,0.003023400087840855
0,cpu,gnn,common_input_to_host_output,1,1,b005_0217,2,0.0026888001011684537
0,cpu,gnn,common_input_to_host_output,1,1,b005_0205,11,0.0031005999771878123
0,cpu,gnn,common_input_to_host_output,1,1,b005_0219,10,0.004157599993050098
0,cpu,gnn,common_input_to_host_output,1,1,b004_0313,4,0.0024658000329509377
0,cpu,gnn,common_input_to_host_output,1,1,b005_0198,11,0.004662299994379282
0,cpu,gnn,common_input_to_host_output,1,1,b005_0199,7,0.003258700016885996
0,cpu,gnn,common_input_to_host_output,1,1,b005_0211,4,0.0026995999505743384
0,cpu,gnn,common_input_to_host_output,1,1,b005_0209,10,0.003568100044503808
0,cpu,gnn,common_input_to_host_output,1,1,b004_0140,3,0.002329199924133718
0,cpu,gnn,common_input_to_host_output,1,1,b005_0172,3,0.0031416999408975244
0,cpu,gnn,common_input_to_host_output,1,1,b005_0181,12,0.0030119000002741814
0,cpu,gnn,common_input_to_host_output,1,1,b004_0197,1,0.001667700009420514
0,cpu,gnn,common_input_to_host_output,1,1,b005_0170,7,0.0030721999937668443
0,cpu,gnn,common_input_to_host_output,1,1,b004_0181,4,0.0024235000601038337
0,cpu,gnn,common_input_to_host_output,1,1,b005_0222,14,0.0031939001055434346
0,cpu,gnn,common_input_to_host_output,1,1,b005_0196,12,0.002904399996623397
0,cpu,gnn,common_input_to_host_output,1,1,b004_0350,2,0.002207400044426322
0,cpu,gnn,common_input_to_host_output,1,1,b005_0273,11,0.0034489999525249004
0,cpu,gnn,common_input_to_host_output,1,1,b005_0303,9,0.0031217000214383006
0,cpu,gnn,common_input_to_host_output,1,1,b005_0266,11,0.0031325999880209565
0,cpu,gnn,common_input_to_host_output,1,1,b004_0168,6,0.0024404999567195773
0,cpu,gnn,common_input_to_host_output,1,1,b005_0290,10,0.0028123001102358103
0,cpu,gnn,common_input_to_host_output,1,1,b004_0342,2,0.0021804000716656446
0,cpu,gnn,common_input_to_host_output,1,1,b005_0310,1,0.0014380000066012144
0,cpu,gnn,common_input_to_host_output,1,1,b005_0231,8,0.002913100062869489
0,cpu,gnn,common_input_to_host_output,1,1,b005_0302,14,0.0029934000922366977
0,cpu,gnn,common_input_to_host_output,1,1,b005_0242,6,0.002854099962860346
0,cpu,gnn,common_input_to_host_output,1,1,b005_0298,2,0.0022524999221786857
0,cpu,gnn,common_input_to_host_output,1,1,b004_0263,4,0.002259999979287386
0,cpu,gnn,common_input_to_host_output,1,1,b005_0493,4,0.002802100032567978
0,cpu,gnn,common_input_to_host_output,1,1,b005_0503,5,0.002292299992404878
0,cpu,gnn,common_input_to_host_output,1,1,b004_0282,5,0.0027737999334931374
0,cpu,gnn,common_input_to_host_output,1,1,b005_0508,9,0.0027123000472784042
0,cpu,gnn,common_input_to_host_output,1,1,b005_0516,1,0.0017613000236451626
0,cpu,gnn,common_input_to_host_output,1,1,b004_0300,5,0.0026605998864397407
0,cpu,gnn,common_input_to_host_output,1,1,b004_0311,2,0.0019345999462530017
0,cpu,gnn,common_input_to_host_output,1,1,b004_0108,6,0.0025256999069824815
0,cpu,gnn,common_input_to_host_output,1,1,b005_0482,4,0.002079600002616644
0,cpu,gnn,common_input_to_host_output,1,1,b005_0545,14,0.0031379000283777714
0,cpu,gnn,common_input_to_host_output,1,1,b005_0537,5,0.0021828000899404287
0,cpu,gnn,common_input_to_host_output,1,1,b005_0548,5,0.0025889999233186245
0,cpu,gnn,common_input_to_host_output,1,1,b005_0541,4,0.0023680999875068665
0,cpu,gnn,common_input_to_host_output,1,1,b004_0185,8,0.0024414999643340707
0,cpu,gnn,common_input_to_host_output,1,1,b005_0505,1,0.0017295998986810446
0,cpu,gnn,common_input_to_host_output,1,1,b005_0544,4,0.0022398000583052635
0,cpu,gnn,common_input_to_host_output,1,1,b005_0513,9,0.0025011999532580376
0,cpu,gnn,common_input_to_host_output,1,1,b004_0198,3,0.002572900033555925
0,cpu,gnn,common_input_to_host_output,1,1,b004_0154,8,0.0026163000147789717
0,cpu,gnn,common_input_to_host_output,1,1,b005_0345,4,0.00288909999653697
0,cpu,gnn,common_input_to_host_output,1,1,b004_0106,3,0.0020487000001594424
0,cpu,gnn,common_input_to_host_output,1,1,b005_0356,2,0.002000299980863929
0,cpu,gnn,common_input_to_host_output,1,1,b004_0270,2,0.00232589989900589
0,cpu,gnn,common_input_to_host_output,1,1,b005_0376,3,0.002161900047212839
0,cpu,gnn,common_input_to_host_output,1,1,b005_0323,11,0.0031264000572264194
0,cpu,gnn,common_input_to_host_output,1,1,b005_0380,7,0.002626399975270033
0,cpu,gnn,common_input_to_host_output,1,1,b004_0192,3,0.0025871999096125364
0,cpu,gnn,common_input_to_host_output,1,1,b005_0350,4,0.0023916999343782663
0,cpu,gnn,common_input_to_host_output,1,1,b004_0115,3,0.0023564998991787434
0,cpu,gnn,common_input_to_host_output,1,1,b004_0367,5,0.0022833000402897596
0,cpu,gnn,common_input_to_host_output,1,1,b004_0378,8,0.002466800040565431
0,cpu,gnn,common_input_to_host_output,1,1,b005_0361,8,0.0030245999805629253
0,cpu,gnn,common_input_to_host_output,1,1,b005_0378,11,0.002597099984996021
0,cpu,gnn,common_input_to_host_output,1,1,b005_0714,3,0.0022896999726071954
0,cpu,gnn,common_input_to_host_output,1,1,b005_0792,6,0.0021048999624326825
0,cpu,gnn,common_input_to_host_output,1,1,b005_0773,7,0.0025167999556288123
0,cpu,gnn,common_input_to_host_output,1,1,b005_0723,1,0.0014016999630257487
0,cpu,gnn,common_input_to_host_output,1,1,b005_0799,8,0.0023265999043360353
0,cpu,gnn,common_input_to_host_output,1,1,b005_0786,2,0.0023316999431699514
0,cpu,gnn,common_input_to_host_output,1,1,b005_0783,4,0.002040600054897368
0,cpu,gnn,common_input_to_host_output,1,1,b005_0805,10,0.00239869998767972
0,cpu,gnn,common_input_to_host_output,1,1,b005_0736,3,0.0023937999503687024
0,cpu,gnn,common_input_to_host_output,1,1,b005_0758,8,0.002341900020837784
0,cpu,gnn,common_input_to_host_output,1,1,b005_0737,15,0.0030387999722734094
0,cpu,gnn,common_input_to_host_output,1,1,b005_0784,1,0.0016974000027403235
0,cpu,gnn,common_input_to_host_output,1,1,b005_0733,1,0.0014148000627756119
0,cpu,gnn,common_input_to_host_output,1,1,b005_0774,14,0.0032873000018298626
0,cpu,gnn,common_input_to_host_output,1,1,b005_0757,9,0.0024286999832838774
0,cpu,gnn,common_input_to_host_output,1,1,b005_0727,2,0.002192299929447472
0,cpu,gnn,forward_resident_inputs,32,32,b005_0092|b004_0388|b004_0356|b005_0086|b005_0119|b005_0098|b004_0253|b005_0107|b004_0277|b004_0258|b005_0121|b005_0087|b005_0120|b005_0133|b004_0244|b005_0628|b005_0575|b005_0569|b005_0629|b005_0651|b005_0559|b005_0627|b005_0610|b005_0626|b005_0612|b005_0554|b005_0578|b005_0604|b005_0442|b005_0470|b005_0446|b005_0434,3|1|6|11|7|7|3|1|8|4|4|5|3|13|1|10|3|4|4|14|6|10|7|9|10|8|7|13|7|3|9|1,0.004909200011752546
0,cpu,gnn,forward_resident_inputs,32,32,b005_0431|b005_0460|b005_0438|b005_0444|b004_0349|b005_0465|b004_0326|b005_0418|b004_0217|b004_0215|b005_0449|b004_0241|b004_0321|b005_0467|b005_0684|b005_0654|b005_0688|b005_0680|b005_0690|b005_0660|b005_0709|b005_0672|b004_0029|b004_0013|b005_0070|b005_0004|b005_0025|b005_0002|b005_0047|b005_0033|b005_0049|b004_0065,9|2|5|9|8|10|6|4|2|2|10|2|1|11|8|3|4|11|5|8|11|9|1|6|6|13|7|5|2|15|8|3,0.0055330999894067645
0,cpu,gnn,forward_resident_inputs,32,32,b004_0024|b005_0062|b004_0082|b004_0022|b005_0065|b004_0070|b005_0019|b004_0008|b004_0006|b005_0040|b004_0039|b004_0088|b004_0012|b004_0003|b004_0084|b004_0259|b005_0185|b005_0160|b005_0217|b005_0205|b005_0219|b004_0313|b005_0198|b005_0199|b005_0211|b005_0209|b004_0140|b005_0172|b005_0181|b004_0197|b005_0170|b004_0181,4|2|5|2|8|3|12|3|3|3|8|2|5|4|3|5|15|13|2|11|10|4|11|7|4|10|3|3|12|1|7|4,0.005388000048696995
0,cpu,gnn,forward_resident_inputs,32,32,b005_0222|b005_0196|b004_0350|b005_0273|b005_0303|b005_0266|b004_0168|b005_0290|b004_0342|b005_0310|b005_0231|b005_0302|b005_0242|b005_0298|b004_0263|b005_0493|b005_0503|b004_0282|b005_0508|b005_0516|b004_0300|b004_0311|b004_0108|b005_0482|b005_0545|b005_0537|b005_0548|b005_0541|b004_0185|b005_0505|b005_0544|b005_0513,14|12|2|11|9|11|6|10|2|1|8|14|6|2|4|4|5|5|9|1|5|2|6|4|14|5|5|4|8|1|4|9,0.0047568000154569745
0,cpu,gnn,forward_resident_inputs,32,32,b004_0198|b004_0154|b005_0345|b004_0106|b005_0356|b004_0270|b005_0376|b005_0323|b005_0380|b004_0192|b005_0350|b004_0115|b004_0367|b004_0378|b005_0361|b005_0378|b005_0714|b005_0792|b005_0773|b005_0723|b005_0799|b005_0786|b005_0783|b005_0805|b005_0736|b005_0758|b005_0737|b005_0784|b005_0733|b005_0774|b005_0757|b005_0727,3|8|4|3|2|2|3|11|7|3|4|3|5|8|8|11|3|6|7|1|8|2|4|10|3|8|15|1|1|14|9|2,0.005250899936072528
0,cpu,gnn,common_input_to_host_output,32,32,b005_0092|b004_0388|b004_0356|b005_0086|b005_0119|b005_0098|b004_0253|b005_0107|b004_0277|b004_0258|b005_0121|b005_0087|b005_0120|b005_0133|b004_0244|b005_0628|b005_0575|b005_0569|b005_0629|b005_0651|b005_0559|b005_0627|b005_0610|b005_0626|b005_0612|b005_0554|b005_0578|b005_0604|b005_0442|b005_0470|b005_0446|b005_0434,3|1|6|11|7|7|3|1|8|4|4|5|3|13|1|10|3|4|4|14|6|10|7|9|10|8|7|13|7|3|9|1,0.012722000014036894
0,cpu,gnn,common_input_to_host_output,32,32,b005_0431|b005_0460|b005_0438|b005_0444|b004_0349|b005_0465|b004_0326|b005_0418|b004_0217|b004_0215|b005_0449|b004_0241|b004_0321|b005_0467|b005_0684|b005_0654|b005_0688|b005_0680|b005_0690|b005_0660|b005_0709|b005_0672|b004_0029|b004_0013|b005_0070|b005_0004|b005_0025|b005_0002|b005_0047|b005_0033|b005_0049|b004_0065,9|2|5|9|8|10|6|4|2|2|10|2|1|11|8|3|4|11|5|8|11|9|1|6|6|13|7|5|2|15|8|3,0.013724800082854927
0,cpu,gnn,common_input_to_host_output,32,32,b004_0024|b005_0062|b004_0082|b004_0022|b005_0065|b004_0070|b005_0019|b004_0008|b004_0006|b005_0040|b004_0039|b004_0088|b004_0012|b004_0003|b004_0084|b004_0259|b005_0185|b005_0160|b005_0217|b005_0205|b005_0219|b004_0313|b005_0198|b005_0199|b005_0211|b005_0209|b004_0140|b005_0172|b005_0181|b004_0197|b005_0170|b004_0181,4|2|5|2|8|3|12|3|3|3|8|2|5|4|3|5|15|13|2|11|10|4|11|7|4|10|3|3|12|1|7|4,0.013051799964159727
0,cpu,gnn,common_input_to_host_output,32,32,b005_0222|b005_0196|b004_0350|b005_0273|b005_0303|b005_0266|b004_0168|b005_0290|b004_0342|b005_0310|b005_0231|b005_0302|b005_0242|b005_0298|b004_0263|b005_0493|b005_0503|b004_0282|b005_0508|b005_0516|b004_0300|b004_0311|b004_0108|b005_0482|b005_0545|b005_0537|b005_0548|b005_0541|b004_0185|b005_0505|b005_0544|b005_0513,14|12|2|11|9|11|6|10|2|1|8|14|6|2|4|4|5|5|9|1|5|2|6|4|14|5|5|4|8|1|4|9,0.012604400049895048
0,cpu,gnn,common_input_to_host_output,32,32,b004_0198|b004_0154|b005_0345|b004_0106|b005_0356|b004_0270|b005_0376|b005_0323|b005_0380|b004_0192|b005_0350|b004_0115|b004_0367|b004_0378|b005_0361|b005_0378|b005_0714|b005_0792|b005_0773|b005_0723|b005_0799|b005_0786|b005_0783|b005_0805|b005_0736|b005_0758|b005_0737|b005_0784|b005_0733|b005_0774|b005_0757|b005_0727,3|8|4|3|2|2|3|11|7|3|4|3|5|8|8|11|3|6|7|1|8|2|4|10|3|8|15|1|1|14|9|2,0.011865800013765693
0,cpu,set_attention,forward_resident_inputs,1,1,b005_0092,3,0.002100000041536987
0,cpu,set_attention,forward_resident_inputs,1,1,b004_0388,1,0.002242300077341497
0,cpu,set_attention,forward_resident_inputs,1,1,b004_0356,6,0.002002499997615814
0,cpu,set_attention,forward_resident_inputs,1,1,b005_0086,11,0.002212999970652163
0,cpu,set_attention,forward_resident_inputs,1,1,b005_0119,7,0.0020985000301152468
0,cpu,set_attention,forward_resident_inputs,1,1,b005_0098,7,0.0019443000201135874
0,cpu,set_attention,forward_resident_inputs,1,1,b004_0253,3,0.002181699965149164
0,cpu,set_attention,forward_resident_inputs,1,1,b005_0107,1,0.001913700019940734
0,cpu,set_attention,forward_resident_inputs,1,1,b004_0277,8,0.0019209999591112137
0,cpu,set_attention,forward_resident_inputs,1,1,b004_0258,4,0.0024993999395519495
0,cpu,set_attention,forward_resident_inputs,1,1,b005_0121,4,0.001942100003361702
0,cpu,set_attention,forward_resident_inputs,1,1,b005_0087,5,0.00235000008251518
0,cpu,set_attention,forward_resident_inputs,1,1,b005_0120,3,0.002129900036379695
0,cpu,set_attention,forward_resident_inputs,1,1,b005_0133,13,0.001914000022225082
0,cpu,set_attention,forward_resident_inputs,1,1,b004_0244,1,0.002404300030320883
0,cpu,set_attention,forward_resident_inputs,1,1,b005_0628,10,0.002462000004015863
0,cpu,set_attention,forward_resident_inputs,1,1,b005_0575,3,0.0021377999801188707
0,cpu,set_attention,forward_resident_inputs,1,1,b005_0569,4,0.0022992000449448824
0,cpu,set_attention,forward_resident_inputs,1,1,b005_0629,4,0.0019438000163063407
0,cpu,set_attention,forward_resident_inputs,1,1,b005_0651,14,0.0021223999792709947
0,cpu,set_attention,forward_resident_inputs,1,1,b005_0559,6,0.0020760000916197896
0,cpu,set_attention,forward_resident_inputs,1,1,b005_0627,10,0.0019323999295011163
0,cpu,set_attention,forward_resident_inputs,1,1,b005_0610,7,0.0023985999869182706
0,cpu,set_attention,forward_resident_inputs,1,1,b005_0626,9,0.0022074999287724495
0,cpu,set_attention,forward_resident_inputs,1,1,b005_0612,10,0.001983500085771084
0,cpu,set_attention,forward_resident_inputs,1,1,b005_0554,8,0.0026017000200226903
0,cpu,set_attention,forward_resident_inputs,1,1,b005_0578,7,0.0021606000373139977
0,cpu,set_attention,forward_resident_inputs,1,1,b005_0604,13,0.0023964999709278345
0,cpu,set_attention,forward_resident_inputs,1,1,b005_0442,7,0.0019960999488830566
0,cpu,set_attention,forward_resident_inputs,1,1,b005_0470,3,0.0022877000737935305
0,cpu,set_attention,forward_resident_inputs,1,1,b005_0446,9,0.002483600052073598
0,cpu,set_attention,forward_resident_inputs,1,1,b005_0434,1,0.002036400022916496
0,cpu,set_attention,forward_resident_inputs,1,1,b005_0431,9,0.002215399988926947
0,cpu,set_attention,forward_resident_inputs,1,1,b005_0460,2,0.002129000029526651
0,cpu,set_attention,forward_resident_inputs,1,1,b005_0438,5,0.001923199975863099
0,cpu,set_attention,forward_resident_inputs,1,1,b005_0444,9,0.0022097000619396567
0,cpu,set_attention,forward_resident_inputs,1,1,b004_0349,8,0.0022758999839425087
0,cpu,set_attention,forward_resident_inputs,1,1,b005_0465,10,0.0020428000716492534
0,cpu,set_attention,forward_resident_inputs,1,1,b004_0326,6,0.0025426000356674194
0,cpu,set_attention,forward_resident_inputs,1,1,b005_0418,4,0.002059800084680319
0,cpu,set_attention,forward_resident_inputs,1,1,b004_0217,2,0.0023749000392854214
0,cpu,set_attention,forward_resident_inputs,1,1,b004_0215,2,0.002139099990017712
0,cpu,set_attention,forward_resident_inputs,1,1,b005_0449,10,0.0019945999374613166
0,cpu,set_attention,forward_resident_inputs,1,1,b004_0241,2,0.003328800085000694
0,cpu,set_attention,forward_resident_inputs,1,1,b004_0321,1,0.0021470000501722097
0,cpu,set_attention,forward_resident_inputs,1,1,b005_0467,11,0.0024564999621361494
0,cpu,set_attention,forward_resident_inputs,1,1,b005_0684,8,0.0020551000488922
0,cpu,set_attention,forward_resident_inputs,1,1,b005_0654,3,0.001873500063084066
0,cpu,set_attention,forward_resident_inputs,1,1,b005_0688,4,0.0023348999675363302
0,cpu,set_attention,forward_resident_inputs,1,1,b005_0680,11,0.0019097999902442098
0,cpu,set_attention,forward_resident_inputs,1,1,b005_0690,5,0.002680499921552837
0,cpu,set_attention,forward_resident_inputs,1,1,b005_0660,8,0.0023410000139847398
0,cpu,set_attention,forward_resident_inputs,1,1,b005_0709,11,0.0032879000063985586
0,cpu,set_attention,forward_resident_inputs,1,1,b005_0672,9,0.002330999937839806
0,cpu,set_attention,forward_resident_inputs,1,1,b004_0029,1,0.0023862000089138746
0,cpu,set_attention,forward_resident_inputs,1,1,b004_0013,6,0.0025802000891417265
0,cpu,set_attention,forward_resident_inputs,1,1,b005_0070,6,0.0020256000570952892
0,cpu,set_attention,forward_resident_inputs,1,1,b005_0004,13,0.002289899974130094
0,cpu,set_attention,forward_resident_inputs,1,1,b005_0025,7,0.0020998999243602157
0,cpu,set_attention,forward_resident_inputs,1,1,b005_0002,5,0.0018762999679893255
0,cpu,set_attention,forward_resident_inputs,1,1,b005_0047,2,0.00232889992184937
0,cpu,set_attention,forward_resident_inputs,1,1,b005_0033,15,0.0023876000195741653
0,cpu,set_attention,forward_resident_inputs,1,1,b005_0049,8,0.002234499901533127
0,cpu,set_attention,forward_resident_inputs,1,1,b004_0065,3,0.0022173000033944845
0,cpu,set_attention,forward_resident_inputs,1,1,b004_0024,4,0.001933799940161407
0,cpu,set_attention,forward_resident_inputs,1,1,b005_0062,2,0.00223280000500381
0,cpu,set_attention,forward_resident_inputs,1,1,b004_0082,5,0.002028499962761998
0,cpu,set_attention,forward_resident_inputs,1,1,b004_0022,2,0.001932599931024015
0,cpu,set_attention,forward_resident_inputs,1,1,b005_0065,8,0.002796499989926815
0,cpu,set_attention,forward_resident_inputs,1,1,b004_0070,3,0.0022914999863132834
0,cpu,set_attention,forward_resident_inputs,1,1,b005_0019,12,0.002545200055465102
0,cpu,set_attention,forward_resident_inputs,1,1,b004_0008,3,0.002103899954818189
0,cpu,set_attention,forward_resident_inputs,1,1,b004_0006,3,0.0020052000181749463
0,cpu,set_attention,forward_resident_inputs,1,1,b005_0040,3,0.0023274000268429518
0,cpu,set_attention,forward_resident_inputs,1,1,b004_0039,8,0.0019292000215500593
0,cpu,set_attention,forward_resident_inputs,1,1,b004_0088,2,0.0025637000799179077
0,cpu,set_attention,forward_resident_inputs,1,1,b004_0012,5,0.0023334999568760395
0,cpu,set_attention,forward_resident_inputs,1,1,b004_0003,4,0.0022621999960392714
0,cpu,set_attention,forward_resident_inputs,1,1,b004_0084,3,0.002569400006905198
0,cpu,set_attention,forward_resident_inputs,1,1,b004_0259,5,0.002069000038318336
0,cpu,set_attention,forward_resident_inputs,1,1,b005_0185,15,0.0020761999767273664
0,cpu,set_attention,forward_resident_inputs,1,1,b005_0160,13,0.002545699942857027
0,cpu,set_attention,forward_resident_inputs,1,1,b005_0217,2,0.0023195999674499035
0,cpu,set_attention,forward_resident_inputs,1,1,b005_0205,11,0.0025405000196769834
0,cpu,set_attention,forward_resident_inputs,1,1,b005_0219,10,0.0019933999283239245
0,cpu,set_attention,forward_resident_inputs,1,1,b004_0313,4,0.0020650000078603625
0,cpu,set_attention,forward_resident_inputs,1,1,b005_0198,11,0.002450499916449189
0,cpu,set_attention,forward_resident_inputs,1,1,b005_0199,7,0.0019480999326333404
0,cpu,set_attention,forward_resident_inputs,1,1,b005_0211,4,0.002190300030633807
0,cpu,set_attention,forward_resident_inputs,1,1,b005_0209,10,0.002186400000937283
0,cpu,set_attention,forward_resident_inputs,1,1,b004_0140,3,0.0018336999928578734
0,cpu,set_attention,forward_resident_inputs,1,1,b005_0172,3,0.0025773000670596957
0,cpu,set_attention,forward_resident_inputs,1,1,b005_0181,12,0.0019303999142721295
0,cpu,set_attention,forward_resident_inputs,1,1,b004_0197,1,0.0019181999377906322
0,cpu,set_attention,forward_resident_inputs,1,1,b005_0170,7,0.002206800039857626
0,cpu,set_attention,forward_resident_inputs,1,1,b004_0181,4,0.0018557000439614058
0,cpu,set_attention,forward_resident_inputs,1,1,b005_0222,14,0.002816000021994114
0,cpu,set_attention,forward_resident_inputs,1,1,b005_0196,12,0.0023638999555259943
0,cpu,set_attention,forward_resident_inputs,1,1,b004_0350,2,0.0020521999103948474
0,cpu,set_attention,forward_resident_inputs,1,1,b005_0273,11,0.002644799998961389
0,cpu,set_attention,forward_resident_inputs,1,1,b005_0303,9,0.0020933999912813306
0,cpu,set_attention,forward_resident_inputs,1,1,b005_0266,11,0.0024654000299051404
0,cpu,set_attention,forward_resident_inputs,1,1,b004_0168,6,0.002181699965149164
0,cpu,set_attention,forward_resident_inputs,1,1,b005_0290,10,0.0023667000932618976
0,cpu,set_attention,forward_resident_inputs,1,1,b004_0342,2,0.0025482000783085823
0,cpu,set_attention,forward_resident_inputs,1,1,b005_0310,1,0.0018875999376177788
0,cpu,set_attention,forward_resident_inputs,1,1,b005_0231,8,0.0023397000040858984
0,cpu,set_attention,forward_resident_inputs,1,1,b005_0302,14,0.0020456999773159623
0,cpu,set_attention,forward_resident_inputs,1,1,b005_0242,6,0.0018333999905735254
0,cpu,set_attention,forward_resident_inputs,1,1,b005_0298,2,0.0024973000399768353
0,cpu,set_attention,forward_resident_inputs,1,1,b004_0263,4,0.002494300017133355
0,cpu,set_attention,forward_resident_inputs,1,1,b005_0493,4,0.0025164999533444643
0,cpu,set_attention,forward_resident_inputs,1,1,b005_0503,5,0.002234000014141202
0,cpu,set_attention,forward_resident_inputs,1,1,b004_0282,5,0.0020253000548109412
0,cpu,set_attention,forward_resident_inputs,1,1,b005_0508,9,0.0026573999784886837
0,cpu,set_attention,forward_resident_inputs,1,1,b005_0516,1,0.0019122000085189939
0,cpu,set_attention,forward_resident_inputs,1,1,b004_0300,5,0.002810700098052621
0,cpu,set_attention,forward_resident_inputs,1,1,b004_0311,2,0.0021750000305473804
0,cpu,set_attention,forward_resident_inputs,1,1,b004_0108,6,0.0019029000541195273
0,cpu,set_attention,forward_resident_inputs,1,1,b005_0482,4,0.0023156999377533793
0,cpu,set_attention,forward_resident_inputs,1,1,b005_0545,14,0.0018634999869391322
0,cpu,set_attention,forward_resident_inputs,1,1,b005_0537,5,0.0019339999416843057
0,cpu,set_attention,forward_resident_inputs,1,1,b005_0548,5,0.0025258000241592526
0,cpu,set_attention,forward_resident_inputs,1,1,b005_0541,4,0.0019496000604704022
0,cpu,set_attention,forward_resident_inputs,1,1,b004_0185,8,0.0031127999536693096
0,cpu,set_attention,forward_resident_inputs,1,1,b005_0505,1,0.002107099979184568
0,cpu,set_attention,forward_resident_inputs,1,1,b005_0544,4,0.0018736000638455153
0,cpu,set_attention,forward_resident_inputs,1,1,b005_0513,9,0.0027393000200390816
0,cpu,set_attention,forward_resident_inputs,1,1,b004_0198,3,0.0019688999745994806
0,cpu,set_attention,forward_resident_inputs,1,1,b004_0154,8,0.0024690000573173165
0,cpu,set_attention,forward_resident_inputs,1,1,b005_0345,4,0.0023394000018015504
0,cpu,set_attention,forward_resident_inputs,1,1,b004_0106,3,0.0019357999553903937
0,cpu,set_attention,forward_resident_inputs,1,1,b005_0356,2,0.0029103999258950353
0,cpu,set_attention,forward_resident_inputs,1,1,b004_0270,2,0.0020238999277353287
0,cpu,set_attention,forward_resident_inputs,1,1,b005_0376,3,0.002489000093191862
0,cpu,set_attention,forward_resident_inputs,1,1,b005_0323,11,0.002064800006337464
0,cpu,set_attention,forward_resident_inputs,1,1,b005_0380,7,0.0019685999723151326
0,cpu,set_attention,forward_resident_inputs,1,1,b004_0192,3,0.0029981000116094947
0,cpu,set_attention,forward_resident_inputs,1,1,b005_0350,4,0.002054999931715429
0,cpu,set_attention,forward_resident_inputs,1,1,b004_0115,3,0.002677600015886128
0,cpu,set_attention,forward_resident_inputs,1,1,b004_0367,5,0.002188800019212067
0,cpu,set_attention,forward_resident_inputs,1,1,b004_0378,8,0.002176400041207671
0,cpu,set_attention,forward_resident_inputs,1,1,b005_0361,8,0.002672899980098009
0,cpu,set_attention,forward_resident_inputs,1,1,b005_0378,11,0.0021910000359639525
0,cpu,set_attention,forward_resident_inputs,1,1,b005_0714,3,0.002605099929496646
0,cpu,set_attention,forward_resident_inputs,1,1,b005_0792,6,0.00213939999230206
0,cpu,set_attention,forward_resident_inputs,1,1,b005_0773,7,0.002154699992388487
0,cpu,set_attention,forward_resident_inputs,1,1,b005_0723,1,0.0020949000027030706
0,cpu,set_attention,forward_resident_inputs,1,1,b005_0799,8,0.0019508999539539218
0,cpu,set_attention,forward_resident_inputs,1,1,b005_0786,2,0.002312100026756525
0,cpu,set_attention,forward_resident_inputs,1,1,b005_0783,4,0.002267400035634637
0,cpu,set_attention,forward_resident_inputs,1,1,b005_0805,10,0.002037000027485192
0,cpu,set_attention,forward_resident_inputs,1,1,b005_0736,3,0.002515600062906742
0,cpu,set_attention,forward_resident_inputs,1,1,b005_0758,8,0.0019635000498965383
0,cpu,set_attention,forward_resident_inputs,1,1,b005_0737,15,0.0021655999589711428
0,cpu,set_attention,forward_resident_inputs,1,1,b005_0784,1,0.0021340000675991178
0,cpu,set_attention,forward_resident_inputs,1,1,b005_0733,1,0.002070500049740076
0,cpu,set_attention,forward_resident_inputs,1,1,b005_0774,14,0.0032161000417545438
0,cpu,set_attention,forward_resident_inputs,1,1,b005_0757,9,0.0022655000211670995
0,cpu,set_attention,forward_resident_inputs,1,1,b005_0727,2,0.0029016999760642648
0,cpu,set_attention,common_input_to_host_output,1,1,b005_0092,3,0.0029325000941753387
0,cpu,set_attention,common_input_to_host_output,1,1,b004_0388,1,0.002460199990309775
0,cpu,set_attention,common_input_to_host_output,1,1,b004_0356,6,0.0025423000333830714
0,cpu,set_attention,common_input_to_host_output,1,1,b005_0086,11,0.002860400010831654
0,cpu,set_attention,common_input_to_host_output,1,1,b005_0119,7,0.002420000033453107
0,cpu,set_attention,common_input_to_host_output,1,1,b005_0098,7,0.002943200059235096
0,cpu,set_attention,common_input_to_host_output,1,1,b004_0253,3,0.002388899913057685
0,cpu,set_attention,common_input_to_host_output,1,1,b005_0107,1,0.002741200034506619
0,cpu,set_attention,common_input_to_host_output,1,1,b004_0277,8,0.0024479000130668283
0,cpu,set_attention,common_input_to_host_output,1,1,b004_0258,4,0.00257489993236959
0,cpu,set_attention,common_input_to_host_output,1,1,b005_0121,4,0.0023484999546781182
0,cpu,set_attention,common_input_to_host_output,1,1,b005_0087,5,0.0026794999139383435
0,cpu,set_attention,common_input_to_host_output,1,1,b005_0120,3,0.0024996999418362975
0,cpu,set_attention,common_input_to_host_output,1,1,b005_0133,13,0.002463500015437603
0,cpu,set_attention,common_input_to_host_output,1,1,b004_0244,1,0.0025080000050365925
0,cpu,set_attention,common_input_to_host_output,1,1,b005_0628,10,0.0025163000682368875
0,cpu,set_attention,common_input_to_host_output,1,1,b005_0575,3,0.002391100046224892
0,cpu,set_attention,common_input_to_host_output,1,1,b005_0569,4,0.0030116999987512827
0,cpu,set_attention,common_input_to_host_output,1,1,b005_0629,4,0.0027104999171569943
0,cpu,set_attention,common_input_to_host_output,1,1,b005_0651,14,0.0028371999505907297
0,cpu,set_attention,common_input_to_host_output,1,1,b005_0559,6,0.002565000089816749
0,cpu,set_attention,common_input_to_host_output,1,1,b005_0627,10,0.002523800008930266
0,cpu,set_attention,common_input_to_host_output,1,1,b005_0610,7,0.0022007999941706657
0,cpu,set_attention,common_input_to_host_output,1,1,b005_0626,9,0.003245400032028556
0,cpu,set_attention,common_input_to_host_output,1,1,b005_0612,10,0.0023588000331074
0,cpu,set_attention,common_input_to_host_output,1,1,b005_0554,8,0.0026415999745950103
0,cpu,set_attention,common_input_to_host_output,1,1,b005_0578,7,0.00226390000898391
0,cpu,set_attention,common_input_to_host_output,1,1,b005_0604,13,0.0029902999522164464
0,cpu,set_attention,common_input_to_host_output,1,1,b005_0442,7,0.0023308999370783567
0,cpu,set_attention,common_input_to_host_output,1,1,b005_0470,3,0.0035955999046564102
0,cpu,set_attention,common_input_to_host_output,1,1,b005_0446,9,0.002728200051933527
0,cpu,set_attention,common_input_to_host_output,1,1,b005_0434,1,0.0024357999209314585
0,cpu,set_attention,common_input_to_host_output,1,1,b005_0431,9,0.0025903000496327877
0,cpu,set_attention,common_input_to_host_output,1,1,b005_0460,2,0.0021048999624326825
0,cpu,set_attention,common_input_to_host_output,1,1,b005_0438,5,0.0025894000427797437
0,cpu,set_attention,common_input_to_host_output,1,1,b005_0444,9,0.002297299914062023
0,cpu,set_attention,common_input_to_host_output,1,1,b004_0349,8,0.0031362000154331326
0,cpu,set_attention,common_input_to_host_output,1,1,b005_0465,10,0.0024733999744057655
0,cpu,set_attention,common_input_to_host_output,1,1,b004_0326,6,0.0026174000231549144
0,cpu,set_attention,common_input_to_host_output,1,1,b005_0418,4,0.0024281999794766307
0,cpu,set_attention,common_input_to_host_output,1,1,b004_0217,2,0.0022814000258222222
0,cpu,set_attention,common_input_to_host_output,1,1,b004_0215,2,0.002340500010177493
0,cpu,set_attention,common_input_to_host_output,1,1,b005_0449,10,0.002596600097604096
0,cpu,set_attention,common_input_to_host_output,1,1,b004_0241,2,0.00284470000769943
0,cpu,set_attention,common_input_to_host_output,1,1,b004_0321,1,0.002130199922248721
0,cpu,set_attention,common_input_to_host_output,1,1,b005_0467,11,0.002824600087478757
0,cpu,set_attention,common_input_to_host_output,1,1,b005_0684,8,0.0025178000796586275
0,cpu,set_attention,common_input_to_host_output,1,1,b005_0654,3,0.0021715000038966537
0,cpu,set_attention,common_input_to_host_output,1,1,b005_0688,4,0.00291300006210804
0,cpu,set_attention,common_input_to_host_output,1,1,b005_0680,11,0.0026174000231549144
0,cpu,set_attention,common_input_to_host_output,1,1,b005_0690,5,0.002654199954122305
0,cpu,set_attention,common_input_to_host_output,1,1,b005_0660,8,0.0024500000290572643
0,cpu,set_attention,common_input_to_host_output,1,1,b005_0709,11,0.003480799961835146
0,cpu,set_attention,common_input_to_host_output,1,1,b005_0672,9,0.0026249000802636147
0,cpu,set_attention,common_input_to_host_output,1,1,b004_0029,1,0.00276309996843338
0,cpu,set_attention,common_input_to_host_output,1,1,b004_0013,6,0.0024474000092595816
0,cpu,set_attention,common_input_to_host_output,1,1,b005_0070,6,0.002742399927228689
0,cpu,set_attention,common_input_to_host_output,1,1,b005_0004,13,0.0027776999631896615
0,cpu,set_attention,common_input_to_host_output,1,1,b005_0025,7,0.0027008000761270523
0,cpu,set_attention,common_input_to_host_output,1,1,b005_0002,5,0.0021774000488221645
0,cpu,set_attention,common_input_to_host_output,1,1,b005_0047,2,0.0024379000533372164
0,cpu,set_attention,common_input_to_host_output,1,1,b005_0033,15,0.0028625999111682177
0,cpu,set_attention,common_input_to_host_output,1,1,b005_0049,8,0.0022425000788643956
0,cpu,set_attention,common_input_to_host_output,1,1,b004_0065,3,0.0025461000623181462
0,cpu,set_attention,common_input_to_host_output,1,1,b004_0024,4,0.002175200032070279
0,cpu,set_attention,common_input_to_host_output,1,1,b005_0062,2,0.0026037999195978045
0,cpu,set_attention,common_input_to_host_output,1,1,b004_0082,5,0.0026763000059872866
0,cpu,set_attention,common_input_to_host_output,1,1,b004_0022,2,0.002220100024715066
0,cpu,set_attention,common_input_to_host_output,1,1,b005_0065,8,0.002769000013358891
0,cpu,set_attention,common_input_to_host_output,1,1,b004_0070,3,0.0022100999485701323
0,cpu,set_attention,common_input_to_host_output,1,1,b005_0019,12,0.003070899983868003
0,cpu,set_attention,common_input_to_host_output,1,1,b004_0008,3,0.0022075000451877713
0,cpu,set_attention,common_input_to_host_output,1,1,b004_0006,3,0.00227419997099787
0,cpu,set_attention,common_input_to_host_output,1,1,b005_0040,3,0.002648900030180812
0,cpu,set_attention,common_input_to_host_output,1,1,b004_0039,8,0.0023535999935120344
0,cpu,set_attention,common_input_to_host_output,1,1,b004_0088,2,0.0023812000872567296
0,cpu,set_attention,common_input_to_host_output,1,1,b004_0012,5,0.0022996000479906797
0,cpu,set_attention,common_input_to_host_output,1,1,b004_0003,4,0.002587700029835105
0,cpu,set_attention,common_input_to_host_output,1,1,b004_0084,3,0.0025648000882938504
0,cpu,set_attention,common_input_to_host_output,1,1,b004_0259,5,0.002731700078584254
0,cpu,set_attention,common_input_to_host_output,1,1,b005_0185,15,0.0027622999623417854
0,cpu,set_attention,common_input_to_host_output,1,1,b005_0160,13,0.0028440000023692846
0,cpu,set_attention,common_input_to_host_output,1,1,b005_0217,2,0.00252589990850538
0,cpu,set_attention,common_input_to_host_output,1,1,b005_0205,11,0.0023322999477386475
0,cpu,set_attention,common_input_to_host_output,1,1,b005_0219,10,0.0029264999320730567
0,cpu,set_attention,common_input_to_host_output,1,1,b004_0313,4,0.0024269999703392386
0,cpu,set_attention,common_input_to_host_output,1,1,b005_0198,11,0.002877000020816922
0,cpu,set_attention,common_input_to_host_output,1,1,b005_0199,7,0.0021859999978914857
0,cpu,set_attention,common_input_to_host_output,1,1,b005_0211,4,0.0024625000078231096
0,cpu,set_attention,common_input_to_host_output,1,1,b005_0209,10,0.00254100002348423
0,cpu,set_attention,common_input_to_host_output,1,1,b004_0140,3,0.0024394000647589564
0,cpu,set_attention,common_input_to_host_output,1,1,b005_0172,3,0.0027004999574273825
0,cpu,set_attention,common_input_to_host_output,1,1,b005_0181,12,0.002435700036585331
0,cpu,set_attention,common_input_to_host_output,1,1,b004_0197,1,0.0024678000481799245
0,cpu,set_attention,common_input_to_host_output,1,1,b005_0170,7,0.0025656999787315726
0,cpu,set_attention,common_input_to_host_output,1,1,b004_0181,4,0.002902699983678758
0,cpu,set_attention,common_input_to_host_output,1,1,b005_0222,14,0.0028183000395074487
0,cpu,set_attention,common_input_to_host_output,1,1,b005_0196,12,0.0036106000188738108
0,cpu,set_attention,common_input_to_host_output,1,1,b004_0350,2,0.002292199991643429
0,cpu,set_attention,common_input_to_host_output,1,1,b005_0273,11,0.002904099994339049
0,cpu,set_attention,common_input_to_host_output,1,1,b005_0303,9,0.0023162999423220754
0,cpu,set_attention,common_input_to_host_output,1,1,b005_0266,11,0.0030764000257477164
0,cpu,set_attention,common_input_to_host_output,1,1,b004_0168,6,0.0024875999661162496
0,cpu,set_attention,common_input_to_host_output,1,1,b005_0290,10,0.0031283999560400844
0,cpu,set_attention,common_input_to_host_output,1,1,b004_0342,2,0.002409699955023825
0,cpu,set_attention,common_input_to_host_output,1,1,b005_0310,1,0.0024959000293165445
0,cpu,set_attention,common_input_to_host_output,1,1,b005_0231,8,0.002913899952545762
0,cpu,set_attention,common_input_to_host_output,1,1,b005_0302,14,0.0027747999411076307
0,cpu,set_attention,common_input_to_host_output,1,1,b005_0242,6,0.0029102000407874584
0,cpu,set_attention,common_input_to_host_output,1,1,b005_0298,2,0.0025568000273779035
0,cpu,set_attention,common_input_to_host_output,1,1,b004_0263,4,0.0031211000168696046
0,cpu,set_attention,common_input_to_host_output,1,1,b005_0493,4,0.002372999908402562
0,cpu,set_attention,common_input_to_host_output,1,1,b005_0503,5,0.002723500016145408
0,cpu,set_attention,common_input_to_host_output,1,1,b004_0282,5,0.002222999930381775
0,cpu,set_attention,common_input_to_host_output,1,1,b005_0508,9,0.002670199959538877
0,cpu,set_attention,common_input_to_host_output,1,1,b005_0516,1,0.0025588999269530177
0,cpu,set_attention,common_input_to_host_output,1,1,b004_0300,5,0.003237200086005032
0,cpu,set_attention,common_input_to_host_output,1,1,b004_0311,2,0.00297070003580302
0,cpu,set_attention,common_input_to_host_output,1,1,b004_0108,6,0.002789099933579564
0,cpu,set_attention,common_input_to_host_output,1,1,b005_0482,4,0.0023853000020608306
0,cpu,set_attention,common_input_to_host_output,1,1,b005_0545,14,0.003697599982842803
0,cpu,set_attention,common_input_to_host_output,1,1,b005_0537,5,0.00255580001976341
0,cpu,set_attention,common_input_to_host_output,1,1,b005_0548,5,0.002832499914802611
0,cpu,set_attention,common_input_to_host_output,1,1,b005_0541,4,0.0023761000484228134
0,cpu,set_attention,common_input_to_host_output,1,1,b004_0185,8,0.0024874999653548002
0,cpu,set_attention,common_input_to_host_output,1,1,b005_0505,1,0.0025267000310122967
0,cpu,set_attention,common_input_to_host_output,1,1,b005_0544,4,0.002328400034457445
0,cpu,set_attention,common_input_to_host_output,1,1,b005_0513,9,0.0029223000165075064
0,cpu,set_attention,common_input_to_host_output,1,1,b004_0198,3,0.0024834999348968267
0,cpu,set_attention,common_input_to_host_output,1,1,b004_0154,8,0.0030724999960511923
0,cpu,set_attention,common_input_to_host_output,1,1,b005_0345,4,0.0023351999698206782
0,cpu,set_attention,common_input_to_host_output,1,1,b004_0106,3,0.002560799941420555
0,cpu,set_attention,common_input_to_host_output,1,1,b005_0356,2,0.002534399973228574
0,cpu,set_attention,common_input_to_host_output,1,1,b004_0270,2,0.002297499915584922
0,cpu,set_attention,common_input_to_host_output,1,1,b005_0376,3,0.002715199952945113
0,cpu,set_attention,common_input_to_host_output,1,1,b005_0323,11,0.0024779000086709857
0,cpu,set_attention,common_input_to_host_output,1,1,b005_0380,7,0.0029290999518707395
0,cpu,set_attention,common_input_to_host_output,1,1,b004_0192,3,0.0022516000317409635
0,cpu,set_attention,common_input_to_host_output,1,1,b005_0350,4,0.0026805000379681587
0,cpu,set_attention,common_input_to_host_output,1,1,b004_0115,3,0.002646000008098781
0,cpu,set_attention,common_input_to_host_output,1,1,b004_0367,5,0.002684699953533709
0,cpu,set_attention,common_input_to_host_output,1,1,b004_0378,8,0.0024751999881118536
0,cpu,set_attention,common_input_to_host_output,1,1,b005_0361,8,0.002258499967865646
0,cpu,set_attention,common_input_to_host_output,1,1,b005_0378,11,0.002916199970059097
0,cpu,set_attention,common_input_to_host_output,1,1,b005_0714,3,0.0022908999817445874
0,cpu,set_attention,common_input_to_host_output,1,1,b005_0792,6,0.0032627000473439693
0,cpu,set_attention,common_input_to_host_output,1,1,b005_0773,7,0.0024736999766901135
0,cpu,set_attention,common_input_to_host_output,1,1,b005_0723,1,0.002881100052036345
0,cpu,set_attention,common_input_to_host_output,1,1,b005_0799,8,0.0024994000559672713
0,cpu,set_attention,common_input_to_host_output,1,1,b005_0786,2,0.003039300092495978
0,cpu,set_attention,common_input_to_host_output,1,1,b005_0783,4,0.002585700014606118
0,cpu,set_attention,common_input_to_host_output,1,1,b005_0805,10,0.0027146999491378665
0,cpu,set_attention,common_input_to_host_output,1,1,b005_0736,3,0.0023116000229492784
0,cpu,set_attention,common_input_to_host_output,1,1,b005_0758,8,0.0023369999835267663
0,cpu,set_attention,common_input_to_host_output,1,1,b005_0737,15,0.0028165000258013606
0,cpu,set_attention,common_input_to_host_output,1,1,b005_0784,1,0.0020883999532088637
0,cpu,set_attention,common_input_to_host_output,1,1,b005_0733,1,0.0026492999168112874
0,cpu,set_attention,common_input_to_host_output,1,1,b005_0774,14,0.0027449000626802444
0,cpu,set_attention,common_input_to_host_output,1,1,b005_0757,9,0.0031469999812543392
0,cpu,set_attention,common_input_to_host_output,1,1,b005_0727,2,0.0021662000799551606
0,cpu,set_attention,forward_resident_inputs,32,32,b005_0092|b004_0388|b004_0356|b005_0086|b005_0119|b005_0098|b004_0253|b005_0107|b004_0277|b004_0258|b005_0121|b005_0087|b005_0120|b005_0133|b004_0244|b005_0628|b005_0575|b005_0569|b005_0629|b005_0651|b005_0559|b005_0627|b005_0610|b005_0626|b005_0612|b005_0554|b005_0578|b005_0604|b005_0442|b005_0470|b005_0446|b005_0434,3|1|6|11|7|7|3|1|8|4|4|5|3|13|1|10|3|4|4|14|6|10|7|9|10|8|7|13|7|3|9|1,0.006072600022889674
0,cpu,set_attention,forward_resident_inputs,32,32,b005_0431|b005_0460|b005_0438|b005_0444|b004_0349|b005_0465|b004_0326|b005_0418|b004_0217|b004_0215|b005_0449|b004_0241|b004_0321|b005_0467|b005_0684|b005_0654|b005_0688|b005_0680|b005_0690|b005_0660|b005_0709|b005_0672|b004_0029|b004_0013|b005_0070|b005_0004|b005_0025|b005_0002|b005_0047|b005_0033|b005_0049|b004_0065,9|2|5|9|8|10|6|4|2|2|10|2|1|11|8|3|4|11|5|8|11|9|1|6|6|13|7|5|2|15|8|3,0.0057870999444276094
0,cpu,set_attention,forward_resident_inputs,32,32,b004_0024|b005_0062|b004_0082|b004_0022|b005_0065|b004_0070|b005_0019|b004_0008|b004_0006|b005_0040|b004_0039|b004_0088|b004_0012|b004_0003|b004_0084|b004_0259|b005_0185|b005_0160|b005_0217|b005_0205|b005_0219|b004_0313|b005_0198|b005_0199|b005_0211|b005_0209|b004_0140|b005_0172|b005_0181|b004_0197|b005_0170|b004_0181,4|2|5|2|8|3|12|3|3|3|8|2|5|4|3|5|15|13|2|11|10|4|11|7|4|10|3|3|12|1|7|4,0.005684300092980266
0,cpu,set_attention,forward_resident_inputs,32,32,b005_0222|b005_0196|b004_0350|b005_0273|b005_0303|b005_0266|b004_0168|b005_0290|b004_0342|b005_0310|b005_0231|b005_0302|b005_0242|b005_0298|b004_0263|b005_0493|b005_0503|b004_0282|b005_0508|b005_0516|b004_0300|b004_0311|b004_0108|b005_0482|b005_0545|b005_0537|b005_0548|b005_0541|b004_0185|b005_0505|b005_0544|b005_0513,14|12|2|11|9|11|6|10|2|1|8|14|6|2|4|4|5|5|9|1|5|2|6|4|14|5|5|4|8|1|4|9,0.005498999962583184
0,cpu,set_attention,forward_resident_inputs,32,32,b004_0198|b004_0154|b005_0345|b004_0106|b005_0356|b004_0270|b005_0376|b005_0323|b005_0380|b004_0192|b005_0350|b004_0115|b004_0367|b004_0378|b005_0361|b005_0378|b005_0714|b005_0792|b005_0773|b005_0723|b005_0799|b005_0786|b005_0783|b005_0805|b005_0736|b005_0758|b005_0737|b005_0784|b005_0733|b005_0774|b005_0757|b005_0727,3|8|4|3|2|2|3|11|7|3|4|3|5|8|8|11|3|6|7|1|8|2|4|10|3|8|15|1|1|14|9|2,0.005700599984265864
0,cpu,set_attention,common_input_to_host_output,32,32,b005_0092|b004_0388|b004_0356|b005_0086|b005_0119|b005_0098|b004_0253|b005_0107|b004_0277|b004_0258|b005_0121|b005_0087|b005_0120|b005_0133|b004_0244|b005_0628|b005_0575|b005_0569|b005_0629|b005_0651|b005_0559|b005_0627|b005_0610|b005_0626|b005_0612|b005_0554|b005_0578|b005_0604|b005_0442|b005_0470|b005_0446|b005_0434,3|1|6|11|7|7|3|1|8|4|4|5|3|13|1|10|3|4|4|14|6|10|7|9|10|8|7|13|7|3|9|1,0.01321010000538081
0,cpu,set_attention,common_input_to_host_output,32,32,b005_0431|b005_0460|b005_0438|b005_0444|b004_0349|b005_0465|b004_0326|b005_0418|b004_0217|b004_0215|b005_0449|b004_0241|b004_0321|b005_0467|b005_0684|b005_0654|b005_0688|b005_0680|b005_0690|b005_0660|b005_0709|b005_0672|b004_0029|b004_0013|b005_0070|b005_0004|b005_0025|b005_0002|b005_0047|b005_0033|b005_0049|b004_0065,9|2|5|9|8|10|6|4|2|2|10|2|1|11|8|3|4|11|5|8|11|9|1|6|6|13|7|5|2|15|8|3,0.014582899981178343
0,cpu,set_attention,common_input_to_host_output,32,32,b004_0024|b005_0062|b004_0082|b004_0022|b005_0065|b004_0070|b005_0019|b004_0008|b004_0006|b005_0040|b004_0039|b004_0088|b004_0012|b004_0003|b004_0084|b004_0259|b005_0185|b005_0160|b005_0217|b005_0205|b005_0219|b004_0313|b005_0198|b005_0199|b005_0211|b005_0209|b004_0140|b005_0172|b005_0181|b004_0197|b005_0170|b004_0181,4|2|5|2|8|3|12|3|3|3|8|2|5|4|3|5|15|13|2|11|10|4|11|7|4|10|3|3|12|1|7|4,0.013022099970839918
0,cpu,set_attention,common_input_to_host_output,32,32,b005_0222|b005_0196|b004_0350|b005_0273|b005_0303|b005_0266|b004_0168|b005_0290|b004_0342|b005_0310|b005_0231|b005_0302|b005_0242|b005_0298|b004_0263|b005_0493|b005_0503|b004_0282|b005_0508|b005_0516|b004_0300|b004_0311|b004_0108|b005_0482|b005_0545|b005_0537|b005_0548|b005_0541|b004_0185|b005_0505|b005_0544|b005_0513,14|12|2|11|9|11|6|10|2|1|8|14|6|2|4|4|5|5|9|1|5|2|6|4|14|5|5|4|8|1|4|9,0.01308860001154244
0,cpu,set_attention,common_input_to_host_output,32,32,b004_0198|b004_0154|b005_0345|b004_0106|b005_0356|b004_0270|b005_0376|b005_0323|b005_0380|b004_0192|b005_0350|b004_0115|b004_0367|b004_0378|b005_0361|b005_0378|b005_0714|b005_0792|b005_0773|b005_0723|b005_0799|b005_0786|b005_0783|b005_0805|b005_0736|b005_0758|b005_0737|b005_0784|b005_0733|b005_0774|b005_0757|b005_0727,3|8|4|3|2|2|3|11|7|3|4|3|5|8|8|11|3|6|7|1|8|2|4|10|3|8|15|1|1|14|9|2,0.01289460004772991
0,cuda,capacity_matched_deepsets,forward_resident_inputs,1,1,b005_0092,3,0.0013024000218138099
0,cuda,capacity_matched_deepsets,forward_resident_inputs,1,1,b004_0388,1,0.002343100029975176
0,cuda,capacity_matched_deepsets,forward_resident_inputs,1,1,b004_0356,6,0.0012721000239253044
0,cuda,capacity_matched_deepsets,forward_resident_inputs,1,1,b005_0086,11,0.001108999946154654
0,cuda,capacity_matched_deepsets,forward_resident_inputs,1,1,b005_0119,7,0.0011029000161215663
0,cuda,capacity_matched_deepsets,forward_resident_inputs,1,1,b005_0098,7,0.0017028000438585877
0,cuda,capacity_matched_deepsets,forward_resident_inputs,1,1,b004_0253,3,0.002493700012564659
0,cuda,capacity_matched_deepsets,forward_resident_inputs,1,1,b005_0107,1,0.0012787999585270882
0,cuda,capacity_matched_deepsets,forward_resident_inputs,1,1,b004_0277,8,0.0022830000380054116
0,cuda,capacity_matched_deepsets,forward_resident_inputs,1,1,b004_0258,4,0.0020201000152155757
0,cuda,capacity_matched_deepsets,forward_resident_inputs,1,1,b005_0121,4,0.0022572000743821263
0,cuda,capacity_matched_deepsets,forward_resident_inputs,1,1,b005_0087,5,0.0012217999901622534
0,cuda,capacity_matched_deepsets,forward_resident_inputs,1,1,b005_0120,3,0.0011242000618949533
0,cuda,capacity_matched_deepsets,forward_resident_inputs,1,1,b005_0133,13,0.0010991999879479408
0,cuda,capacity_matched_deepsets,forward_resident_inputs,1,1,b004_0244,1,0.0013294999953359365
0,cuda,capacity_matched_deepsets,forward_resident_inputs,1,1,b005_0628,10,0.0013743999879807234
0,cuda,capacity_matched_deepsets,forward_resident_inputs,1,1,b005_0575,3,0.0012740000383928418
0,cuda,capacity_matched_deepsets,forward_resident_inputs,1,1,b005_0569,4,0.0011044000275433064
0,cuda,capacity_matched_deepsets,forward_resident_inputs,1,1,b005_0629,4,0.001752600073814392
0,cuda,capacity_matched_deepsets,forward_resident_inputs,1,1,b005_0651,14,0.0013037999160587788
0,cuda,capacity_matched_deepsets,forward_resident_inputs,1,1,b005_0559,6,0.001123800058849156
0,cuda,capacity_matched_deepsets,forward_resident_inputs,1,1,b005_0627,10,0.0010801000753417611
0,cuda,capacity_matched_deepsets,forward_resident_inputs,1,1,b005_0610,7,0.0015087999636307359
0,cuda,capacity_matched_deepsets,forward_resident_inputs,1,1,b005_0626,9,0.0012485000770539045
0,cuda,capacity_matched_deepsets,forward_resident_inputs,1,1,b005_0612,10,0.0011929000029340386
0,cuda,capacity_matched_deepsets,forward_resident_inputs,1,1,b005_0554,8,0.0011077000526711345
0,cuda,capacity_matched_deepsets,forward_resident_inputs,1,1,b005_0578,7,0.0018969000084325671
0,cuda,capacity_matched_deepsets,forward_resident_inputs,1,1,b005_0604,13,0.0012918999418616295
0,cuda,capacity_matched_deepsets,forward_resident_inputs,1,1,b005_0442,7,0.0012165000662207603
0,cuda,capacity_matched_deepsets,forward_resident_inputs,1,1,b005_0470,3,0.0014941999688744545
0,cuda,capacity_matched_deepsets,forward_resident_inputs,1,1,b005_0446,9,0.0016893999418243766
0,cuda,capacity_matched_deepsets,forward_resident_inputs,1,1,b005_0434,1,0.0011132999788969755
0,cuda,capacity_matched_deepsets,forward_resident_inputs,1,1,b005_0431,9,0.0010987999849021435
0,cuda,capacity_matched_deepsets,forward_resident_inputs,1,1,b005_0460,2,0.0012369999894872308
0,cuda,capacity_matched_deepsets,forward_resident_inputs,1,1,b005_0438,5,0.0023563000140711665
0,cuda,capacity_matched_deepsets,forward_resident_inputs,1,1,b005_0444,9,0.0019524000817909837
0,cuda,capacity_matched_deepsets,forward_resident_inputs,1,1,b004_0349,8,0.0012034999672323465
0,cuda,capacity_matched_deepsets,forward_resident_inputs,1,1,b005_0465,10,0.001235899981111288
0,cuda,capacity_matched_deepsets,forward_resident_inputs,1,1,b004_0326,6,0.0011249000672250986
0,cuda,capacity_matched_deepsets,forward_resident_inputs,1,1,b005_0418,4,0.0012611000565811992
0,cuda,capacity_matched_deepsets,forward_resident_inputs,1,1,b004_0217,2,0.0014192000962793827
0,cuda,capacity_matched_deepsets,forward_resident_inputs,1,1,b004_0215,2,0.0014378000050783157
0,cuda,capacity_matched_deepsets,forward_resident_inputs,1,1,b005_0449,10,0.0012596000451594591
0,cuda,capacity_matched_deepsets,forward_resident_inputs,1,1,b004_0241,2,0.0011317000025883317
0,cuda,capacity_matched_deepsets,forward_resident_inputs,1,1,b004_0321,1,0.0018309000879526138
0,cuda,capacity_matched_deepsets,forward_resident_inputs,1,1,b005_0467,11,0.0018928999779745936
0,cuda,capacity_matched_deepsets,forward_resident_inputs,1,1,b005_0684,8,0.001136499922722578
0,cuda,capacity_matched_deepsets,forward_resident_inputs,1,1,b005_0654,3,0.0016126000555232167
0,cuda,capacity_matched_deepsets,forward_resident_inputs,1,1,b005_0688,4,0.0016287000617012382
0,cuda,capacity_matched_deepsets,forward_resident_inputs,1,1,b005_0680,11,0.0012293000472709537
0,cuda,capacity_matched_deepsets,forward_resident_inputs,1,1,b005_0690,5,0.0010943000670522451
0,cuda,capacity_matched_deepsets,forward_resident_inputs,1,1,b005_0660,8,0.0010816999711096287
0,cuda,capacity_matched_deepsets,forward_resident_inputs,1,1,b005_0709,11,0.0019935000455006957
0,cuda,capacity_matched_deepsets,forward_resident_inputs,1,1,b005_0672,9,0.0011425999691709876
0,cuda,capacity_matched_deepsets,forward_resident_inputs,1,1,b004_0029,1,0.0010994999902322888
0,cuda,capacity_matched_deepsets,forward_resident_inputs,1,1,b004_0013,6,0.0011057999217882752
0,cuda,capacity_matched_deepsets,forward_resident_inputs,1,1,b005_0070,6,0.0018093000398948789
0,cuda,capacity_matched_deepsets,forward_resident_inputs,1,1,b005_0004,13,0.001150399912148714
0,cuda,capacity_matched_deepsets,forward_resident_inputs,1,1,b005_0025,7,0.0010945999529212713
0,cuda,capacity_matched_deepsets,forward_resident_inputs,1,1,b005_0002,5,0.0010930999414995313
0,cuda,capacity_matched_deepsets,forward_resident_inputs,1,1,b005_0047,2,0.0020120000699535012
0,cuda,capacity_matched_deepsets,forward_resident_inputs,1,1,b005_0033,15,0.0011451001046225429
0,cuda,capacity_matched_deepsets,forward_resident_inputs,1,1,b005_0049,8,0.001094199949875474
0,cuda,capacity_matched_deepsets,forward_resident_inputs,1,1,b004_0065,3,0.0011168000055477023
0,cuda,capacity_matched_deepsets,forward_resident_inputs,1,1,b004_0024,4,0.002155099995434284
0,cuda,capacity_matched_deepsets,forward_resident_inputs,1,1,b005_0062,2,0.0012309999438002706
0,cuda,capacity_matched_deepsets,forward_resident_inputs,1,1,b004_0082,5,0.0011147999903187156
0,cuda,capacity_matched_deepsets,forward_resident_inputs,1,1,b004_0022,2,0.0019396999850869179
0,cuda,capacity_matched_deepsets,forward_resident_inputs,1,1,b005_0065,8,0.002620200044475496
0,cuda,capacity_matched_deepsets,forward_resident_inputs,1,1,b004_0070,3,0.0015657000476494431
0,cuda,capacity_matched_deepsets,forward_resident_inputs,1,1,b005_0019,12,0.0016748999478295445
0,cuda,capacity_matched_deepsets,forward_resident_inputs,1,1,b004_0008,3,0.001193900010548532
0,cuda,capacity_matched_deepsets,forward_resident_inputs,1,1,b004_0006,3,0.0012070999946445227
0,cuda,capacity_matched_deepsets,forward_resident_inputs,1,1,b005_0040,3,0.001200099941343069
0,cuda,capacity_matched_deepsets,forward_resident_inputs,1,1,b004_0039,8,0.0019125000108033419
0,cuda,capacity_matched_deepsets,forward_resident_inputs,1,1,b004_0088,2,0.001310999970883131
0,cuda,capacity_matched_deepsets,forward_resident_inputs,1,1,b004_0012,5,0.0011539999395608902
0,cuda,capacity_matched_deepsets,forward_resident_inputs,1,1,b004_0003,4,0.0012191999703645706
0,cuda,capacity_matched_deepsets,forward_resident_inputs,1,1,b004_0084,3,0.0021019000560045242
0,cuda,capacity_matched_deepsets,forward_resident_inputs,1,1,b004_0259,5,0.0012600000482052565
0,cuda,capacity_matched_deepsets,forward_resident_inputs,1,1,b005_0185,15,0.0011550000635907054
0,cuda,capacity_matched_deepsets,forward_resident_inputs,1,1,b005_0160,13,0.0013518000487238169
0,cuda,capacity_matched_deepsets,forward_resident_inputs,1,1,b005_0217,2,0.001963099930435419
0,cuda,capacity_matched_deepsets,forward_resident_inputs,1,1,b005_0205,11,0.001186199951916933
0,cuda,capacity_matched_deepsets,forward_resident_inputs,1,1,b005_0219,10,0.0012046999763697386
0,cuda,capacity_matched_deepsets,forward_resident_inputs,1,1,b004_0313,4,0.0019481000490486622
0,cuda,capacity_matched_deepsets,forward_resident_inputs,1,1,b005_0198,11,0.0012604000512510538
0,cuda,capacity_matched_deepsets,forward_resident_inputs,1,1,b005_0199,7,0.0012635000748559833
0,cuda,capacity_matched_deepsets,forward_resident_inputs,1,1,b005_0211,4,0.0012585000367835164
0,cuda,capacity_matched_deepsets,forward_resident_inputs,1,1,b005_0209,10,0.003066199948079884
0,cuda,capacity_matched_deepsets,forward_resident_inputs,1,1,b004_0140,3,0.0011745000956580043
0,cuda,capacity_matched_deepsets,forward_resident_inputs,1,1,b005_0172,3,0.0011096999514847994
0,cuda,capacity_matched_deepsets,forward_resident_inputs,1,1,b005_0181,12,0.001649700105190277
0,cuda,capacity_matched_deepsets,forward_resident_inputs,1,1,b004_0197,1,0.0011163000017404556
0,cuda,capacity_matched_deepsets,forward_resident_inputs,1,1,b005_0170,7,0.0011006999993696809
0,cuda,capacity_matched_deepsets,forward_resident_inputs,1,1,b004_0181,4,0.0010852999985218048
0,cuda,capacity_matched_deepsets,forward_resident_inputs,1,1,b005_0222,14,0.0021566000068560243
0,cuda,capacity_matched_deepsets,forward_resident_inputs,1,1,b005_0196,12,0.0011746999807655811
0,cuda,capacity_matched_deepsets,forward_resident_inputs,1,1,b004_0350,2,0.001116400002501905
0,cuda,capacity_matched_deepsets,forward_resident_inputs,1,1,b005_0273,11,0.0011356999166309834
0,cuda,capacity_matched_deepsets,forward_resident_inputs,1,1,b005_0303,9,0.0019266000017523766
0,cuda,capacity_matched_deepsets,forward_resident_inputs,1,1,b005_0266,11,0.001196199911646545
0,cuda,capacity_matched_deepsets,forward_resident_inputs,1,1,b004_0168,6,0.0012506999773904681
0,cuda,capacity_matched_deepsets,forward_resident_inputs,1,1,b005_0290,10,0.001240900019183755
0,cuda,capacity_matched_deepsets,forward_resident_inputs,1,1,b004_0342,2,0.0018261000514030457
0,cuda,capacity_matched_deepsets,forward_resident_inputs,1,1,b005_0310,1,0.0011996999382972717
0,cuda,capacity_matched_deepsets,forward_resident_inputs,1,1,b005_0231,8,0.0011009000008925796
0,cuda,capacity_matched_deepsets,forward_resident_inputs,1,1,b005_0302,14,0.0010885000228881836
0,cuda,capacity_matched_deepsets,forward_resident_inputs,1,1,b005_0242,6,0.001647900091484189
0,cuda,capacity_matched_deepsets,forward_resident_inputs,1,1,b005_0298,2,0.0011527000460773706
0,cuda,capacity_matched_deepsets,forward_resident_inputs,1,1,b004_0263,4,0.0012011999497190118
0,cuda,capacity_matched_deepsets,forward_resident_inputs,1,1,b005_0493,4,0.0011175000108778477
0,cuda,capacity_matched_deepsets,forward_resident_inputs,1,1,b005_0503,5,0.0020289000822231174
0,cuda,capacity_matched_deepsets,forward_resident_inputs,1,1,b004_0282,5,0.0011357000330463052
0,cuda,capacity_matched_deepsets,forward_resident_inputs,1,1,b005_0508,9,0.0010809999657794833
0,cuda,capacity_matched_deepsets,forward_resident_inputs,1,1,b005_0516,1,0.0011026000138372183
0,cuda,capacity_matched_deepsets,forward_resident_inputs,1,1,b004_0300,5,0.0018797999946400523
0,cuda,capacity_matched_deepsets,forward_resident_inputs,1,1,b004_0311,2,0.0011377999326214194
0,cuda,capacity_matched_deepsets,forward_resident_inputs,1,1,b004_0108,6,0.0011180000146850944
0,cuda,capacity_matched_deepsets,forward_resident_inputs,1,1,b005_0482,4,0.0011159999994561076
0,cuda,capacity_matched_deepsets,forward_resident_inputs,1,1,b005_0545,14,0.00213189993519336
0,cuda,capacity_matched_deepsets,forward_resident_inputs,1,1,b005_0537,5,0.0012226999970152974
0,cuda,capacity_matched_deepsets,forward_resident_inputs,1,1,b005_0548,5,0.0011353999143466353
0,cuda,capacity_matched_deepsets,forward_resident_inputs,1,1,b005_0541,4,0.0013800000306218863
0,cuda,capacity_matched_deepsets,forward_resident_inputs,1,1,b004_0185,8,0.0017310999101027846
0,cuda,capacity_matched_deepsets,forward_resident_inputs,1,1,b005_0505,1,0.0011091999476775527
0,cuda,capacity_matched_deepsets,forward_resident_inputs,1,1,b005_0544,4,0.0011000999948009849
0,cuda,capacity_matched_deepsets,forward_resident_inputs,1,1,b005_0513,9,0.0010762999299913645
0,cuda,capacity_matched_deepsets,forward_resident_inputs,1,1,b004_0198,3,0.00184449995867908
0,cuda,capacity_matched_deepsets,forward_resident_inputs,1,1,b004_0154,8,0.001144199981354177
0,cuda,capacity_matched_deepsets,forward_resident_inputs,1,1,b005_0345,4,0.0011926000006496906
0,cuda,capacity_matched_deepsets,forward_resident_inputs,1,1,b004_0106,3,0.0012101000174880028
0,cuda,capacity_matched_deepsets,forward_resident_inputs,1,1,b005_0356,2,0.002189299906603992
0,cuda,capacity_matched_deepsets,forward_resident_inputs,1,1,b004_0270,2,0.0019026000518351793
0,cuda,capacity_matched_deepsets,forward_resident_inputs,1,1,b005_0376,3,0.0012108000228181481
0,cuda,capacity_matched_deepsets,forward_resident_inputs,1,1,b005_0323,11,0.002561099943704903
0,cuda,capacity_matched_deepsets,forward_resident_inputs,1,1,b005_0380,7,0.0015424999874085188
0,cuda,capacity_matched_deepsets,forward_resident_inputs,1,1,b004_0192,3,0.0010919999331235886
0,cuda,capacity_matched_deepsets,forward_resident_inputs,1,1,b005_0350,4,0.0017863999819383025
0,cuda,capacity_matched_deepsets,forward_resident_inputs,1,1,b004_0115,3,0.0011775000020861626
0,cuda,capacity_matched_deepsets,forward_resident_inputs,1,1,b004_0367,5,0.0011212000390514731
0,cuda,capacity_matched_deepsets,forward_resident_inputs,1,1,b004_0378,8,0.0011036000214517117
0,cuda,capacity_matched_deepsets,forward_resident_inputs,1,1,b005_0361,8,0.002338999998755753
0,cuda,capacity_matched_deepsets,forward_resident_inputs,1,1,b005_0378,11,0.0020823999075219035
0,cuda,capacity_matched_deepsets,forward_resident_inputs,1,1,b005_0714,3,0.0017837999621406198
0,cuda,capacity_matched_deepsets,forward_resident_inputs,1,1,b005_0792,6,0.0022849999368190765
0,cuda,capacity_matched_deepsets,forward_resident_inputs,1,1,b005_0773,7,0.0019334000535309315
0,cuda,capacity_matched_deepsets,forward_resident_inputs,1,1,b005_0723,1,0.0012928999494761229
0,cuda,capacity_matched_deepsets,forward_resident_inputs,1,1,b005_0799,8,0.0015547999646514654
0,cuda,capacity_matched_deepsets,forward_resident_inputs,1,1,b005_0786,2,0.001116400002501905
0,cuda,capacity_matched_deepsets,forward_resident_inputs,1,1,b005_0783,4,0.001183499931357801
0,cuda,capacity_matched_deepsets,forward_resident_inputs,1,1,b005_0805,10,0.001082699978724122
0,cuda,capacity_matched_deepsets,forward_resident_inputs,1,1,b005_0736,3,0.003185400040820241
0,cuda,capacity_matched_deepsets,forward_resident_inputs,1,1,b005_0758,8,0.0015100000891834497
0,cuda,capacity_matched_deepsets,forward_resident_inputs,1,1,b005_0737,15,0.001804300001822412
0,cuda,capacity_matched_deepsets,forward_resident_inputs,1,1,b005_0784,1,0.0014993000077083707
0,cuda,capacity_matched_deepsets,forward_resident_inputs,1,1,b005_0733,1,0.002022300031967461
0,cuda,capacity_matched_deepsets,forward_resident_inputs,1,1,b005_0774,14,0.0022308999905362725
0,cuda,capacity_matched_deepsets,forward_resident_inputs,1,1,b005_0757,9,0.0014365999959409237
0,cuda,capacity_matched_deepsets,forward_resident_inputs,1,1,b005_0727,2,0.0012393000070005655
0,cuda,capacity_matched_deepsets,common_input_to_host_output,1,1,b005_0092,3,0.0024855000665411353
0,cuda,capacity_matched_deepsets,common_input_to_host_output,1,1,b004_0388,1,0.0024227999383583665
0,cuda,capacity_matched_deepsets,common_input_to_host_output,1,1,b004_0356,6,0.002418799907900393
0,cuda,capacity_matched_deepsets,common_input_to_host_output,1,1,b005_0086,11,0.0025471000699326396
0,cuda,capacity_matched_deepsets,common_input_to_host_output,1,1,b005_0119,7,0.0027695000171661377
0,cuda,capacity_matched_deepsets,common_input_to_host_output,1,1,b005_0098,7,0.0033776999916881323
0,cuda,capacity_matched_deepsets,common_input_to_host_output,1,1,b004_0253,3,0.00192910002078861
0,cuda,capacity_matched_deepsets,common_input_to_host_output,1,1,b005_0107,1,0.002377200056798756
0,cuda,capacity_matched_deepsets,common_input_to_host_output,1,1,b004_0277,8,0.0036123000318184495
0,cuda,capacity_matched_deepsets,common_input_to_host_output,1,1,b004_0258,4,0.0020114999497309327
0,cuda,capacity_matched_deepsets,common_input_to_host_output,1,1,b005_0121,4,0.002949400106444955
0,cuda,capacity_matched_deepsets,common_input_to_host_output,1,1,b005_0087,5,0.0018221000209450722
0,cuda,capacity_matched_deepsets,common_input_to_host_output,1,1,b005_0120,3,0.0024400000693276525
0,cuda,capacity_matched_deepsets,common_input_to_host_output,1,1,b005_0133,13,0.0027875000378116965
0,cuda,capacity_matched_deepsets,common_input_to_host_output,1,1,b004_0244,1,0.0015539999585598707
0,cuda,capacity_matched_deepsets,common_input_to_host_output,1,1,b005_0628,10,0.0045241001062095165
0,cuda,capacity_matched_deepsets,common_input_to_host_output,1,1,b005_0575,3,0.003028000006452203
0,cuda,capacity_matched_deepsets,common_input_to_host_output,1,1,b005_0569,4,0.001893599983304739
0,cuda,capacity_matched_deepsets,common_input_to_host_output,1,1,b005_0629,4,0.0018263999372720718
0,cuda,capacity_matched_deepsets,common_input_to_host_output,1,1,b005_0651,14,0.00273049995303154
0,cuda,capacity_matched_deepsets,common_input_to_host_output,1,1,b005_0559,6,0.001988600008189678
0,cuda,capacity_matched_deepsets,common_input_to_host_output,1,1,b005_0627,10,0.0027178999735042453
0,cuda,capacity_matched_deepsets,common_input_to_host_output,1,1,b005_0610,7,0.001912799896672368
0,cuda,capacity_matched_deepsets,common_input_to_host_output,1,1,b005_0626,9,0.0017045000568032265
0,cuda,capacity_matched_deepsets,common_input_to_host_output,1,1,b005_0612,10,0.0022728999610990286
0,cuda,capacity_matched_deepsets,common_input_to_host_output,1,1,b005_0554,8,0.0019193000625818968
0,cuda,capacity_matched_deepsets,common_input_to_host_output,1,1,b005_0578,7,0.0016320999711751938
0,cuda,capacity_matched_deepsets,common_input_to_host_output,1,1,b005_0604,13,0.0030323000391945243
0,cuda,capacity_matched_deepsets,common_input_to_host_output,1,1,b005_0442,7,0.0017049000598490238
0,cuda,capacity_matched_deepsets,common_input_to_host_output,1,1,b005_0470,3,0.002140800002962351
0,cuda,capacity_matched_deepsets,common_input_to_host_output,1,1,b005_0446,9,0.002227800083346665
0,cuda,capacity_matched_deepsets,common_input_to_host_output,1,1,b005_0434,1,0.0014828999992460012
0,cuda,capacity_matched_deepsets,common_input_to_host_output,1,1,b005_0431,9,0.0016707999166101217
0,cuda,capacity_matched_deepsets,common_input_to_host_output,1,1,b005_0460,2,0.0024930000072345138
0,cuda,capacity_matched_deepsets,common_input_to_host_output,1,1,b005_0438,5,0.001895399997010827
0,cuda,capacity_matched_deepsets,common_input_to_host_output,1,1,b005_0444,9,0.001995299942791462
0,cuda,capacity_matched_deepsets,common_input_to_host_output,1,1,b004_0349,8,0.0020540000405162573
0,cuda,capacity_matched_deepsets,common_input_to_host_output,1,1,b005_0465,10,0.0017338000470772386
0,cuda,capacity_matched_deepsets,common_input_to_host_output,1,1,b004_0326,6,0.001547300023958087
0,cuda,capacity_matched_deepsets,common_input_to_host_output,1,1,b005_0418,4,0.0022912999847903848
0,cuda,capacity_matched_deepsets,common_input_to_host_output,1,1,b004_0217,2,0.0015576999867334962
0,cuda,capacity_matched_deepsets,common_input_to_host_output,1,1,b004_0215,2,0.0015174000291153789
0,cuda,capacity_matched_deepsets,common_input_to_host_output,1,1,b005_0449,10,0.00242979999165982
0,cuda,capacity_matched_deepsets,common_input_to_host_output,1,1,b004_0241,2,0.0016111999284476042
0,cuda,capacity_matched_deepsets,common_input_to_host_output,1,1,b004_0321,1,0.0014338999753817916
0,cuda,capacity_matched_deepsets,common_input_to_host_output,1,1,b005_0467,11,0.002565199974924326
0,cuda,capacity_matched_deepsets,common_input_to_host_output,1,1,b005_0684,8,0.0022250000620260835
0,cuda,capacity_matched_deepsets,common_input_to_host_output,1,1,b005_0654,3,0.00154079997446388
0,cuda,capacity_matched_deepsets,common_input_to_host_output,1,1,b005_0688,4,0.0021570000099018216
0,cuda,capacity_matched_deepsets,common_input_to_host_output,1,1,b005_0680,11,0.001833299989812076
0,cuda,capacity_matched_deepsets,common_input_to_host_output,1,1,b005_0690,5,0.0015432999935001135
0,cuda,capacity_matched_deepsets,common_input_to_host_output,1,1,b005_0660,8,0.0026334000285714865
0,cuda,capacity_matched_deepsets,common_input_to_host_output,1,1,b005_0709,11,0.0018526000203564763
0,cuda,capacity_matched_deepsets,common_input_to_host_output,1,1,b005_0672,9,0.0017331999260932207
0,cuda,capacity_matched_deepsets,common_input_to_host_output,1,1,b004_0029,1,0.0019984000828117132
0,cuda,capacity_matched_deepsets,common_input_to_host_output,1,1,b004_0013,6,0.0015672000590711832
0,cuda,capacity_matched_deepsets,common_input_to_host_output,1,1,b005_0070,6,0.0015170000260695815
0,cuda,capacity_matched_deepsets,common_input_to_host_output,1,1,b005_0004,13,0.002548099961131811
0,cuda,capacity_matched_deepsets,common_input_to_host_output,1,1,b005_0025,7,0.001716200029477477
0,cuda,capacity_matched_deepsets,common_input_to_host_output,1,1,b005_0002,5,0.0015341000398620963
0,cuda,capacity_matched_deepsets,common_input_to_host_output,1,1,b005_0047,2,0.0021332999458536506
0,cuda,capacity_matched_deepsets,common_input_to_host_output,1,1,b005_0033,15,0.002004999900236726
0,cuda,capacity_matched_deepsets,common_input_to_host_output,1,1,b005_0049,8,0.00158700009342283
0,cuda,capacity_matched_deepsets,common_input_to_host_output,1,1,b004_0065,3,0.001976400031708181
0,cuda,capacity_matched_deepsets,common_input_to_host_output,1,1,b004_0024,4,0.002080800011754036
0,cuda,capacity_matched_deepsets,common_input_to_host_output,1,1,b005_0062,2,0.00154079997446388
0,cuda,capacity_matched_deepsets,common_input_to_host_output,1,1,b004_0082,5,0.002541499910876155
0,cuda,capacity_matched_deepsets,common_input_to_host_output,1,1,b004_0022,2,0.0025966999819502234
0,cuda,capacity_matched_deepsets,common_input_to_host_output,1,1,b005_0065,8,0.0026564999716356397
0,cuda,capacity_matched_deepsets,common_input_to_host_output,1,1,b004_0070,3,0.0018048000056296587
0,cuda,capacity_matched_deepsets,common_input_to_host_output,1,1,b005_0019,12,0.0017607000190764666
0,cuda,capacity_matched_deepsets,common_input_to_host_output,1,1,b004_0008,3,0.0020349000114947557
0,cuda,capacity_matched_deepsets,common_input_to_host_output,1,1,b004_0006,3,0.00259119994007051
0,cuda,capacity_matched_deepsets,common_input_to_host_output,1,1,b005_0040,3,0.001989700016565621
0,cuda,capacity_matched_deepsets,common_input_to_host_output,1,1,b004_0039,8,0.0024579999735578895
0,cuda,capacity_matched_deepsets,common_input_to_host_output,1,1,b004_0088,2,0.0017098999815061688
0,cuda,capacity_matched_deepsets,common_input_to_host_output,1,1,b004_0012,5,0.001581900054588914
0,cuda,capacity_matched_deepsets,common_input_to_host_output,1,1,b004_0003,4,0.0025112999137490988
0,cuda,capacity_matched_deepsets,common_input_to_host_output,1,1,b004_0084,3,0.0018368999008089304
0,cuda,capacity_matched_deepsets,common_input_to_host_output,1,1,b004_0259,5,0.0022847000509500504
0,cuda,capacity_matched_deepsets,common_input_to_host_output,1,1,b005_0185,15,0.0024675000458955765
0,cuda,capacity_matched_deepsets,common_input_to_host_output,1,1,b005_0160,13,0.001869100029580295
0,cuda,capacity_matched_deepsets,common_input_to_host_output,1,1,b005_0217,2,0.002269800053909421
0,cuda,capacity_matched_deepsets,common_input_to_host_output,1,1,b005_0205,11,0.0019337000558152795
0,cuda,capacity_matched_deepsets,common_input_to_host_output,1,1,b005_0219,10,0.0016437999438494444
0,cuda,capacity_matched_deepsets,common_input_to_host_output,1,1,b004_0313,4,0.0024089000653475523
0,cuda,capacity_matched_deepsets,common_input_to_host_output,1,1,b005_0198,11,0.001905099954456091
0,cuda,capacity_matched_deepsets,common_input_to_host_output,1,1,b005_0199,7,0.001701400033198297
0,cuda,capacity_matched_deepsets,common_input_to_host_output,1,1,b005_0211,4,0.00248780008405447
0,cuda,capacity_matched_deepsets,common_input_to_host_output,1,1,b005_0209,10,0.0017195000546053052
0,cuda,capacity_matched_deepsets,common_input_to_host_output,1,1,b004_0140,3,0.0015329000307247043
0,cuda,capacity_matched_deepsets,common_input_to_host_output,1,1,b005_0172,3,0.002273299964144826
0,cuda,capacity_matched_deepsets,common_input_to_host_output,1,1,b005_0181,12,0.0019002999179065228
0,cuda,capacity_matched_deepsets,common_input_to_host_output,1,1,b004_0197,1,0.0014757999451830983
0,cuda,capacity_matched_deepsets,common_input_to_host_output,1,1,b005_0170,7,0.002394600072875619
0,cuda,capacity_matched_deepsets,common_input_to_host_output,1,1,b004_0181,4,0.002303000073879957
0,cuda,capacity_matched_deepsets,common_input_to_host_output,1,1,b005_0222,14,0.0020899000810459256
0,cuda,capacity_matched_deepsets,common_input_to_host_output,1,1,b005_0196,12,0.002285399939864874
0,cuda,capacity_matched_deepsets,common_input_to_host_output,1,1,b004_0350,2,0.0016895000590011477
0,cuda,capacity_matched_deepsets,common_input_to_host_output,1,1,b005_0273,11,0.0020562000572681427
0,cuda,capacity_matched_deepsets,common_input_to_host_output,1,1,b005_0303,9,0.0019173999316990376
0,cuda,capacity_matched_deepsets,common_input_to_host_output,1,1,b005_0266,11,0.0018016999820247293
0,cuda,capacity_matched_deepsets,common_input_to_host_output,1,1,b004_0168,6,0.0016782000893726945
0,cuda,capacity_matched_deepsets,common_input_to_host_output,1,1,b005_0290,10,0.002503999974578619
0,cuda,capacity_matched_deepsets,common_input_to_host_output,1,1,b004_0342,2,0.0015869000926613808
0,cuda,capacity_matched_deepsets,common_input_to_host_output,1,1,b005_0310,1,0.0014284999342635274
0,cuda,capacity_matched_deepsets,common_input_to_host_output,1,1,b005_0231,8,0.0026356999296694994
0,cuda,capacity_matched_deepsets,common_input_to_host_output,1,1,b005_0302,14,0.002009800053201616
0,cuda,capacity_matched_deepsets,common_input_to_host_output,1,1,b005_0242,6,0.002088799956254661
0,cuda,capacity_matched_deepsets,common_input_to_host_output,1,1,b005_0298,2,0.0018307999707758427
0,cuda,capacity_matched_deepsets,common_input_to_host_output,1,1,b004_0263,4,0.0016477000899612904
0,cuda,capacity_matched_deepsets,common_input_to_host_output,1,1,b005_0493,4,0.001730899908579886
0,cuda,capacity_matched_deepsets,common_input_to_host_output,1,1,b005_0503,5,0.0026781000196933746
0,cuda,capacity_matched_deepsets,common_input_to_host_output,1,1,b004_0282,5,0.0016268000472337008
0,cuda,capacity_matched_deepsets,common_input_to_host_output,1,1,b005_0508,9,0.002354700001887977
0,cuda,capacity_matched_deepsets,common_input_to_host_output,1,1,b005_0516,1,0.0016342999879270792
0,cuda,capacity_matched_deepsets,common_input_to_host_output,1,1,b004_0300,5,0.0015140000032261014
0,cuda,capacity_matched_deepsets,common_input_to_host_output,1,1,b004_0311,2,0.001525099971331656
0,cuda,capacity_matched_deepsets,common_input_to_host_output,1,1,b004_0108,6,0.002261000103317201
0,cuda,capacity_matched_deepsets,common_input_to_host_output,1,1,b005_0482,4,0.001527500106021762
0,cuda,capacity_matched_deepsets,common_input_to_host_output,1,1,b005_0545,14,0.0018660000059753656
0,cuda,capacity_matched_deepsets,common_input_to_host_output,1,1,b005_0537,5,0.0024899999843910336
0,cuda,capacity_matched_deepsets,common_input_to_host_output,1,1,b005_0548,5,0.0016518000047653913
0,cuda,capacity_matched_deepsets,common_input_to_host_output,1,1,b005_0541,4,0.0015152000123634934
0,cuda,capacity_matched_deepsets,common_input_to_host_output,1,1,b004_0185,8,0.0025109000271186233
0,cuda,capacity_matched_deepsets,common_input_to_host_output,1,1,b005_0505,1,0.0014633999671787024
0,cuda,capacity_matched_deepsets,common_input_to_host_output,1,1,b005_0544,4,0.0015259000938385725
0,cuda,capacity_matched_deepsets,common_input_to_host_output,1,1,b005_0513,9,0.0023934999480843544
0,cuda,capacity_matched_deepsets,common_input_to_host_output,1,1,b004_0198,3,0.0016110999276861548
0,cuda,capacity_matched_deepsets,common_input_to_host_output,1,1,b004_0154,8,0.002370300004258752
0,cuda,capacity_matched_deepsets,common_input_to_host_output,1,1,b005_0345,4,0.0034483999479562044
0,cuda,capacity_matched_deepsets,common_input_to_host_output,1,1,b004_0106,3,0.0022398000583052635
0,cuda,capacity_matched_deepsets,common_input_to_host_output,1,1,b005_0356,2,0.002427700092084706
0,cuda,capacity_matched_deepsets,common_input_to_host_output,1,1,b004_0270,2,0.0016311999643221498
0,cuda,capacity_matched_deepsets,common_input_to_host_output,1,1,b005_0376,3,0.0015130999963730574
0,cuda,capacity_matched_deepsets,common_input_to_host_output,1,1,b005_0323,11,0.002535400097258389
0,cuda,capacity_matched_deepsets,common_input_to_host_output,1,1,b005_0380,7,0.0016441000625491142
0,cuda,capacity_matched_deepsets,common_input_to_host_output,1,1,b004_0192,3,0.0015568999806419015
0,cuda,capacity_matched_deepsets,common_input_to_host_output,1,1,b005_0350,4,0.0023332000710070133
0,cuda,capacity_matched_deepsets,common_input_to_host_output,1,1,b004_0115,3,0.001685099909082055
0,cuda,capacity_matched_deepsets,common_input_to_host_output,1,1,b004_0367,5,0.001774100004695356
0,cuda,capacity_matched_deepsets,common_input_to_host_output,1,1,b004_0378,8,0.002391000045463443
0,cuda,capacity_matched_deepsets,common_input_to_host_output,1,1,b005_0361,8,0.0019159000366926193
0,cuda,capacity_matched_deepsets,common_input_to_host_output,1,1,b005_0378,11,0.0018677000189200044
0,cuda,capacity_matched_deepsets,common_input_to_host_output,1,1,b005_0714,3,0.0037851999513804913
0,cuda,capacity_matched_deepsets,common_input_to_host_output,1,1,b005_0792,6,0.0018183999927714467
0,cuda,capacity_matched_deepsets,common_input_to_host_output,1,1,b005_0773,7,0.0021400999976322055
0,cuda,capacity_matched_deepsets,common_input_to_host_output,1,1,b005_0723,1,0.0015684999525547028
0,cuda,capacity_matched_deepsets,common_input_to_host_output,1,1,b005_0799,8,0.00159730005543679
0,cuda,capacity_matched_deepsets,common_input_to_host_output,1,1,b005_0786,2,0.0023548000026494265
0,cuda,capacity_matched_deepsets,common_input_to_host_output,1,1,b005_0783,4,0.0015433999942615628
0,cuda,capacity_matched_deepsets,common_input_to_host_output,1,1,b005_0805,10,0.0016429999377578497
0,cuda,capacity_matched_deepsets,common_input_to_host_output,1,1,b005_0736,3,0.00196749996393919
0,cuda,capacity_matched_deepsets,common_input_to_host_output,1,1,b005_0758,8,0.002738199895247817
0,cuda,capacity_matched_deepsets,common_input_to_host_output,1,1,b005_0737,15,0.0030956000555306673
0,cuda,capacity_matched_deepsets,common_input_to_host_output,1,1,b005_0784,1,0.0016605999553576112
0,cuda,capacity_matched_deepsets,common_input_to_host_output,1,1,b005_0733,1,0.0013874999713152647
0,cuda,capacity_matched_deepsets,common_input_to_host_output,1,1,b005_0774,14,0.002338399994187057
0,cuda,capacity_matched_deepsets,common_input_to_host_output,1,1,b005_0757,9,0.0017473000334575772
0,cuda,capacity_matched_deepsets,common_input_to_host_output,1,1,b005_0727,2,0.0014762000646442175
0,cuda,capacity_matched_deepsets,forward_resident_inputs,32,32,b005_0092|b004_0388|b004_0356|b005_0086|b005_0119|b005_0098|b004_0253|b005_0107|b004_0277|b004_0258|b005_0121|b005_0087|b005_0120|b005_0133|b004_0244|b005_0628|b005_0575|b005_0569|b005_0629|b005_0651|b005_0559|b005_0627|b005_0610|b005_0626|b005_0612|b005_0554|b005_0578|b005_0604|b005_0442|b005_0470|b005_0446|b005_0434,3|1|6|11|7|7|3|1|8|4|4|5|3|13|1|10|3|4|4|14|6|10|7|9|10|8|7|13|7|3|9|1,0.0020412999438121915
0,cuda,capacity_matched_deepsets,forward_resident_inputs,32,32,b005_0431|b005_0460|b005_0438|b005_0444|b004_0349|b005_0465|b004_0326|b005_0418|b004_0217|b004_0215|b005_0449|b004_0241|b004_0321|b005_0467|b005_0684|b005_0654|b005_0688|b005_0680|b005_0690|b005_0660|b005_0709|b005_0672|b004_0029|b004_0013|b005_0070|b005_0004|b005_0025|b005_0002|b005_0047|b005_0033|b005_0049|b004_0065,9|2|5|9|8|10|6|4|2|2|10|2|1|11|8|3|4|11|5|8|11|9|1|6|6|13|7|5|2|15|8|3,0.0012359999818727374
0,cuda,capacity_matched_deepsets,forward_resident_inputs,32,32,b004_0024|b005_0062|b004_0082|b004_0022|b005_0065|b004_0070|b005_0019|b004_0008|b004_0006|b005_0040|b004_0039|b004_0088|b004_0012|b004_0003|b004_0084|b004_0259|b005_0185|b005_0160|b005_0217|b005_0205|b005_0219|b004_0313|b005_0198|b005_0199|b005_0211|b005_0209|b004_0140|b005_0172|b005_0181|b004_0197|b005_0170|b004_0181,4|2|5|2|8|3|12|3|3|3|8|2|5|4|3|5|15|13|2|11|10|4|11|7|4|10|3|3|12|1|7|4,0.0011788998963311315
0,cuda,capacity_matched_deepsets,forward_resident_inputs,32,32,b005_0222|b005_0196|b004_0350|b005_0273|b005_0303|b005_0266|b004_0168|b005_0290|b004_0342|b005_0310|b005_0231|b005_0302|b005_0242|b005_0298|b004_0263|b005_0493|b005_0503|b004_0282|b005_0508|b005_0516|b004_0300|b004_0311|b004_0108|b005_0482|b005_0545|b005_0537|b005_0548|b005_0541|b004_0185|b005_0505|b005_0544|b005_0513,14|12|2|11|9|11|6|10|2|1|8|14|6|2|4|4|5|5|9|1|5|2|6|4|14|5|5|4|8|1|4|9,0.002568800002336502
0,cuda,capacity_matched_deepsets,forward_resident_inputs,32,32,b004_0198|b004_0154|b005_0345|b004_0106|b005_0356|b004_0270|b005_0376|b005_0323|b005_0380|b004_0192|b005_0350|b004_0115|b004_0367|b004_0378|b005_0361|b005_0378|b005_0714|b005_0792|b005_0773|b005_0723|b005_0799|b005_0786|b005_0783|b005_0805|b005_0736|b005_0758|b005_0737|b005_0784|b005_0733|b005_0774|b005_0757|b005_0727,3|8|4|3|2|2|3|11|7|3|4|3|5|8|8|11|3|6|7|1|8|2|4|10|3|8|15|1|1|14|9|2,0.0013435999862849712
0,cuda,capacity_matched_deepsets,common_input_to_host_output,32,32,b005_0092|b004_0388|b004_0356|b005_0086|b005_0119|b005_0098|b004_0253|b005_0107|b004_0277|b004_0258|b005_0121|b005_0087|b005_0120|b005_0133|b004_0244|b005_0628|b005_0575|b005_0569|b005_0629|b005_0651|b005_0559|b005_0627|b005_0610|b005_0626|b005_0612|b005_0554|b005_0578|b005_0604|b005_0442|b005_0470|b005_0446|b005_0434,3|1|6|11|7|7|3|1|8|4|4|5|3|13|1|10|3|4|4|14|6|10|7|9|10|8|7|13|7|3|9|1,0.010151199996471405
0,cuda,capacity_matched_deepsets,common_input_to_host_output,32,32,b005_0431|b005_0460|b005_0438|b005_0444|b004_0349|b005_0465|b004_0326|b005_0418|b004_0217|b004_0215|b005_0449|b004_0241|b004_0321|b005_0467|b005_0684|b005_0654|b005_0688|b005_0680|b005_0690|b005_0660|b005_0709|b005_0672|b004_0029|b004_0013|b005_0070|b005_0004|b005_0025|b005_0002|b005_0047|b005_0033|b005_0049|b004_0065,9|2|5|9|8|10|6|4|2|2|10|2|1|11|8|3|4|11|5|8|11|9|1|6|6|13|7|5|2|15|8|3,0.011946299928240478
0,cuda,capacity_matched_deepsets,common_input_to_host_output,32,32,b004_0024|b005_0062|b004_0082|b004_0022|b005_0065|b004_0070|b005_0019|b004_0008|b004_0006|b005_0040|b004_0039|b004_0088|b004_0012|b004_0003|b004_0084|b004_0259|b005_0185|b005_0160|b005_0217|b005_0205|b005_0219|b004_0313|b005_0198|b005_0199|b005_0211|b005_0209|b004_0140|b005_0172|b005_0181|b004_0197|b005_0170|b004_0181,4|2|5|2|8|3|12|3|3|3|8|2|5|4|3|5|15|13|2|11|10|4|11|7|4|10|3|3|12|1|7|4,0.009652600041590631
0,cuda,capacity_matched_deepsets,common_input_to_host_output,32,32,b005_0222|b005_0196|b004_0350|b005_0273|b005_0303|b005_0266|b004_0168|b005_0290|b004_0342|b005_0310|b005_0231|b005_0302|b005_0242|b005_0298|b004_0263|b005_0493|b005_0503|b004_0282|b005_0508|b005_0516|b004_0300|b004_0311|b004_0108|b005_0482|b005_0545|b005_0537|b005_0548|b005_0541|b004_0185|b005_0505|b005_0544|b005_0513,14|12|2|11|9|11|6|10|2|1|8|14|6|2|4|4|5|5|9|1|5|2|6|4|14|5|5|4|8|1|4|9,0.009488500072620809
0,cuda,capacity_matched_deepsets,common_input_to_host_output,32,32,b004_0198|b004_0154|b005_0345|b004_0106|b005_0356|b004_0270|b005_0376|b005_0323|b005_0380|b004_0192|b005_0350|b004_0115|b004_0367|b004_0378|b005_0361|b005_0378|b005_0714|b005_0792|b005_0773|b005_0723|b005_0799|b005_0786|b005_0783|b005_0805|b005_0736|b005_0758|b005_0737|b005_0784|b005_0733|b005_0774|b005_0757|b005_0727,3|8|4|3|2|2|3|11|7|3|4|3|5|8|8|11|3|6|7|1|8|2|4|10|3|8|15|1|1|14|9|2,0.0092644999967888
0,cuda,gnn,forward_resident_inputs,1,1,b005_0092,3,0.0032351999543607235
0,cuda,gnn,forward_resident_inputs,1,1,b004_0388,1,0.0018006000900641084
0,cuda,gnn,forward_resident_inputs,1,1,b004_0356,6,0.0034138000337406993
0,cuda,gnn,forward_resident_inputs,1,1,b005_0086,11,0.0027338999789208174
0,cuda,gnn,forward_resident_inputs,1,1,b005_0119,7,0.005007999949157238
0,cuda,gnn,forward_resident_inputs,1,1,b005_0098,7,0.004384999978356063
0,cuda,gnn,forward_resident_inputs,1,1,b004_0253,3,0.0027718999190256
0,cuda,gnn,forward_resident_inputs,1,1,b005_0107,1,0.002618699916638434
0,cuda,gnn,forward_resident_inputs,1,1,b004_0277,8,0.0027941999724134803
0,cuda,gnn,forward_resident_inputs,1,1,b004_0258,4,0.0034845999907702208
0,cuda,gnn,forward_resident_inputs,1,1,b005_0121,4,0.002952700015157461
0,cuda,gnn,forward_resident_inputs,1,1,b005_0087,5,0.005035300040617585
0,cuda,gnn,forward_resident_inputs,1,1,b005_0120,3,0.004953199997544289
0,cuda,gnn,forward_resident_inputs,1,1,b005_0133,13,0.0038667001063004136
0,cuda,gnn,forward_resident_inputs,1,1,b004_0244,1,0.0019163000397384167
0,cuda,gnn,forward_resident_inputs,1,1,b005_0628,10,0.003411599900573492
0,cuda,gnn,forward_resident_inputs,1,1,b005_0575,3,0.002684699953533709
0,cuda,gnn,forward_resident_inputs,1,1,b005_0569,4,0.004324599984101951
0,cuda,gnn,forward_resident_inputs,1,1,b005_0629,4,0.003328000078909099
0,cuda,gnn,forward_resident_inputs,1,1,b005_0651,14,0.002742899931035936
0,cuda,gnn,forward_resident_inputs,1,1,b005_0559,6,0.0033934999955818057
0,cuda,gnn,forward_resident_inputs,1,1,b005_0627,10,0.002737400005571544
0,cuda,gnn,forward_resident_inputs,1,1,b005_0610,7,0.0032030000584200025
0,cuda,gnn,forward_resident_inputs,1,1,b005_0626,9,0.0034170999424532056
0,cuda,gnn,forward_resident_inputs,1,1,b005_0612,10,0.005095600034110248
0,cuda,gnn,forward_resident_inputs,1,1,b005_0554,8,0.005224399967119098
0,cuda,gnn,forward_resident_inputs,1,1,b005_0578,7,0.003221800085157156
0,cuda,gnn,forward_resident_inputs,1,1,b005_0604,13,0.0028560999780893326
0,cuda,gnn,forward_resident_inputs,1,1,b005_0442,7,0.002998699899762869
0,cuda,gnn,forward_resident_inputs,1,1,b005_0470,3,0.0031970000127330422
0,cuda,gnn,forward_resident_inputs,1,1,b005_0446,9,0.0026738999877125025
0,cuda,gnn,forward_resident_inputs,1,1,b005_0434,1,0.0030988999642431736
0,cuda,gnn,forward_resident_inputs,1,1,b005_0431,9,0.0033785999985411763
0,cuda,gnn,forward_resident_inputs,1,1,b005_0460,2,0.003466299967840314
0,cuda,gnn,forward_resident_inputs,1,1,b005_0438,5,0.002744099940173328
0,cuda,gnn,forward_resident_inputs,1,1,b005_0444,9,0.0031666000140830874
0,cuda,gnn,forward_resident_inputs,1,1,b004_0349,8,0.004158700001426041
0,cuda,gnn,forward_resident_inputs,1,1,b005_0465,10,0.003043700009584427
0,cuda,gnn,forward_resident_inputs,1,1,b004_0326,6,0.003287400002591312
0,cuda,gnn,forward_resident_inputs,1,1,b005_0418,4,0.0025972999865189195
0,cuda,gnn,forward_resident_inputs,1,1,b004_0217,2,0.003101699985563755
0,cuda,gnn,forward_resident_inputs,1,1,b004_0215,2,0.0025510999839752913
0,cuda,gnn,forward_resident_inputs,1,1,b005_0449,10,0.0038506999844685197
0,cuda,gnn,forward_resident_inputs,1,1,b004_0241,2,0.0032402999931946397
0,cuda,gnn,forward_resident_inputs,1,1,b004_0321,1,0.0019266000017523766
0,cuda,gnn,forward_resident_inputs,1,1,b005_0467,11,0.0028252999763935804
0,cuda,gnn,forward_resident_inputs,1,1,b005_0684,8,0.003291300032287836
0,cuda,gnn,forward_resident_inputs,1,1,b005_0654,3,0.003926899982616305
0,cuda,gnn,forward_resident_inputs,1,1,b005_0688,4,0.003805499989539385
0,cuda,gnn,forward_resident_inputs,1,1,b005_0680,11,0.0035980999236926436
0,cuda,gnn,forward_resident_inputs,1,1,b005_0690,5,0.0035690999357029796
0,cuda,gnn,forward_resident_inputs,1,1,b005_0660,8,0.0034750999184325337
0,cuda,gnn,forward_resident_inputs,1,1,b005_0709,11,0.003741999971680343
0,cuda,gnn,forward_resident_inputs,1,1,b005_0672,9,0.003216500044800341
0,cuda,gnn,forward_resident_inputs,1,1,b004_0029,1,0.002118700067512691
0,cuda,gnn,forward_resident_inputs,1,1,b004_0013,6,0.003460500040091574
0,cuda,gnn,forward_resident_inputs,1,1,b005_0070,6,0.003114700084552169
0,cuda,gnn,forward_resident_inputs,1,1,b005_0004,13,0.003496199962683022
0,cuda,gnn,forward_resident_inputs,1,1,b005_0025,7,0.0028553000884130597
0,cuda,gnn,forward_resident_inputs,1,1,b005_0002,5,0.00323150004260242
0,cuda,gnn,forward_resident_inputs,1,1,b005_0047,2,0.0025951999705284834
0,cuda,gnn,forward_resident_inputs,1,1,b005_0033,15,0.0034569998970255256
0,cuda,gnn,forward_resident_inputs,1,1,b005_0049,8,0.0033436999656260014
0,cuda,gnn,forward_resident_inputs,1,1,b004_0065,3,0.0027218000032007694
0,cuda,gnn,forward_resident_inputs,1,1,b004_0024,4,0.0033976000268012285
0,cuda,gnn,forward_resident_inputs,1,1,b005_0062,2,0.0032937999349087477
0,cuda,gnn,forward_resident_inputs,1,1,b004_0082,5,0.004585699993185699
0,cuda,gnn,forward_resident_inputs,1,1,b004_0022,2,0.003477300051599741
0,cuda,gnn,forward_resident_inputs,1,1,b005_0065,8,0.0029274000553414226
0,cuda,gnn,forward_resident_inputs,1,1,b004_0070,3,0.0037486000219359994
0,cuda,gnn,forward_resident_inputs,1,1,b005_0019,12,0.0028096999740228057
0,cuda,gnn,forward_resident_inputs,1,1,b004_0008,3,0.0037530000554397702
0,cuda,gnn,forward_resident_inputs,1,1,b004_0006,3,0.003473999910056591
0,cuda,gnn,forward_resident_inputs,1,1,b005_0040,3,0.0027937000850215554
0,cuda,gnn,forward_resident_inputs,1,1,b004_0039,8,0.004250099998898804
0,cuda,gnn,forward_resident_inputs,1,1,b004_0088,2,0.005585600039921701
0,cuda,gnn,forward_resident_inputs,1,1,b004_0012,5,0.005022600060328841
0,cuda,gnn,forward_resident_inputs,1,1,b004_0003,4,0.002962999977171421
0,cuda,gnn,forward_resident_inputs,1,1,b004_0084,3,0.00490559998434037
0,cuda,gnn,forward_resident_inputs,1,1,b004_0259,5,0.004055400029756129
0,cuda,gnn,forward_resident_inputs,1,1,b005_0185,15,0.002761100069619715
0,cuda,gnn,forward_resident_inputs,1,1,b005_0160,13,0.005432300036773086
0,cuda,gnn,forward_resident_inputs,1,1,b005_0217,2,0.0032019000500440598
0,cuda,gnn,forward_resident_inputs,1,1,b005_0205,11,0.00262560008559376
0,cuda,gnn,forward_resident_inputs,1,1,b005_0219,10,0.005257900105789304
0,cuda,gnn,forward_resident_inputs,1,1,b004_0313,4,0.0038099000230431557
0,cuda,gnn,forward_resident_inputs,1,1,b005_0198,11,0.0027626999653875828
0,cuda,gnn,forward_resident_inputs,1,1,b005_0199,7,0.0038776000728830695
0,cuda,gnn,forward_resident_inputs,1,1,b005_0211,4,0.004497500020079315
0,cuda,gnn,forward_resident_inputs,1,1,b005_0209,10,0.004834200022742152
0,cuda,gnn,forward_resident_inputs,1,1,b004_0140,3,0.0029287999495863914
0,cuda,gnn,forward_resident_inputs,1,1,b005_0172,3,0.0031629999866709113
0,cuda,gnn,forward_resident_inputs,1,1,b005_0181,12,0.0027893000515177846
0,cuda,gnn,forward_resident_inputs,1,1,b004_0197,1,0.0023862000089138746
0,cuda,gnn,forward_resident_inputs,1,1,b005_0170,7,0.002724899910390377
0,cuda,gnn,forward_resident_inputs,1,1,b004_0181,4,0.0034426000202074647
0,cuda,gnn,forward_resident_inputs,1,1,b005_0222,14,0.0026802000356838107
0,cuda,gnn,forward_resident_inputs,1,1,b005_0196,12,0.0036904999287799
0,cuda,gnn,forward_resident_inputs,1,1,b004_0350,2,0.0033438999671489
0,cuda,gnn,forward_resident_inputs,1,1,b005_0273,11,0.0028078999603167176
0,cuda,gnn,forward_resident_inputs,1,1,b005_0303,9,0.004298300016671419
0,cuda,gnn,forward_resident_inputs,1,1,b005_0266,11,0.0044142999686300755
0,cuda,gnn,forward_resident_inputs,1,1,b004_0168,6,0.0028907000087201595
0,cuda,gnn,forward_resident_inputs,1,1,b005_0290,10,0.003564300015568733
0,cuda,gnn,forward_resident_inputs,1,1,b004_0342,2,0.0028325000312179327
0,cuda,gnn,forward_resident_inputs,1,1,b005_0310,1,0.002533000078983605
0,cuda,gnn,forward_resident_inputs,1,1,b005_0231,8,0.0028785000322386622
0,cuda,gnn,forward_resident_inputs,1,1,b005_0302,14,0.0039017999079078436
0,cuda,gnn,forward_resident_inputs,1,1,b005_0242,6,0.0029169999761506915
0,cuda,gnn,forward_resident_inputs,1,1,b005_0298,2,0.003270600107498467
0,cuda,gnn,forward_resident_inputs,1,1,b004_0263,4,0.003272100002504885
0,cuda,gnn,forward_resident_inputs,1,1,b005_0493,4,0.0027067000046372414
0,cuda,gnn,forward_resident_inputs,1,1,b005_0503,5,0.0035204000305384398
0,cuda,gnn,forward_resident_inputs,1,1,b004_0282,5,0.002799700014293194
0,cuda,gnn,forward_resident_inputs,1,1,b005_0508,9,0.0034570000134408474
0,cuda,gnn,forward_resident_inputs,1,1,b005_0516,1,0.0018276000628247857
0,cuda,gnn,forward_resident_inputs,1,1,b004_0300,5,0.0034808999625965953
0,cuda,gnn,forward_resident_inputs,1,1,b004_0311,2,0.002969500026665628
0,cuda,gnn,forward_resident_inputs,1,1,b004_0108,6,0.0034476000582799315
0,cuda,gnn,forward_resident_inputs,1,1,b005_0482,4,0.0026461000088602304
0,cuda,gnn,forward_resident_inputs,1,1,b005_0545,14,0.003062700037844479
0,cuda,gnn,forward_resident_inputs,1,1,b005_0537,5,0.002825999981723726
0,cuda,gnn,forward_resident_inputs,1,1,b005_0548,5,0.002664600033313036
0,cuda,gnn,forward_resident_inputs,1,1,b005_0541,4,0.0032604000298306346
0,cuda,gnn,forward_resident_inputs,1,1,b004_0185,8,0.0029850000282749534
0,cuda,gnn,forward_resident_inputs,1,1,b005_0505,1,0.003210199996829033
0,cuda,gnn,forward_resident_inputs,1,1,b005_0544,4,0.003007100080139935
0,cuda,gnn,forward_resident_inputs,1,1,b005_0513,9,0.0046539000468328595
0,cuda,gnn,forward_resident_inputs,1,1,b004_0198,3,0.004439899930730462
0,cuda,gnn,forward_resident_inputs,1,1,b004_0154,8,0.0032911000307649374
0,cuda,gnn,forward_resident_inputs,1,1,b005_0345,4,0.003019999945536256
0,cuda,gnn,forward_resident_inputs,1,1,b004_0106,3,0.003390299971215427
0,cuda,gnn,forward_resident_inputs,1,1,b005_0356,2,0.0026941000251099467
0,cuda,gnn,forward_resident_inputs,1,1,b004_0270,2,0.003167900023981929
0,cuda,gnn,forward_resident_inputs,1,1,b005_0376,3,0.0027971999952569604
0,cuda,gnn,forward_resident_inputs,1,1,b005_0323,11,0.004152999958023429
0,cuda,gnn,forward_resident_inputs,1,1,b005_0380,7,0.005024000070989132
0,cuda,gnn,forward_resident_inputs,1,1,b004_0192,3,0.002778199966996908
0,cuda,gnn,forward_resident_inputs,1,1,b005_0350,4,0.0033807000145316124
0,cuda,gnn,forward_resident_inputs,1,1,b004_0115,3,0.0027537000132724643
0,cuda,gnn,forward_resident_inputs,1,1,b004_0367,5,0.003159699961543083
0,cuda,gnn,forward_resident_inputs,1,1,b004_0378,8,0.002759799943305552
0,cuda,gnn,forward_resident_inputs,1,1,b005_0361,8,0.0035061000380665064
0,cuda,gnn,forward_resident_inputs,1,1,b005_0378,11,0.003119800006970763
0,cuda,gnn,forward_resident_inputs,1,1,b005_0714,3,0.0027119999285787344
0,cuda,gnn,forward_resident_inputs,1,1,b005_0792,6,0.0033134999684989452
0,cuda,gnn,forward_resident_inputs,1,1,b005_0773,7,0.0036091000074520707
0,cuda,gnn,forward_resident_inputs,1,1,b005_0723,1,0.002575900056399405
0,cuda,gnn,forward_resident_inputs,1,1,b005_0799,8,0.0027982000028714538
0,cuda,gnn,forward_resident_inputs,1,1,b005_0786,2,0.0045050999615341425
0,cuda,gnn,forward_resident_inputs,1,1,b005_0783,4,0.00418239994905889
0,cuda,gnn,forward_resident_inputs,1,1,b005_0805,10,0.003352499916218221
0,cuda,gnn,forward_resident_inputs,1,1,b005_0736,3,0.0033907999750226736
0,cuda,gnn,forward_resident_inputs,1,1,b005_0758,8,0.003742599976249039
0,cuda,gnn,forward_resident_inputs,1,1,b005_0737,15,0.004624500055797398
0,cuda,gnn,forward_resident_inputs,1,1,b005_0784,1,0.0025494000874459743
0,cuda,gnn,forward_resident_inputs,1,1,b005_0733,1,0.001981200068257749
0,cuda,gnn,forward_resident_inputs,1,1,b005_0774,14,0.0033796000061556697
0,cuda,gnn,forward_resident_inputs,1,1,b005_0757,9,0.003307799925096333
0,cuda,gnn,forward_resident_inputs,1,1,b005_0727,2,0.0036296999314799905
0,cuda,gnn,common_input_to_host_output,1,1,b005_0092,3,0.0038397000171244144
0,cuda,gnn,common_input_to_host_output,1,1,b004_0388,1,0.0033907999750226736
0,cuda,gnn,common_input_to_host_output,1,1,b004_0356,6,0.004319099942222238
0,cuda,gnn,common_input_to_host_output,1,1,b005_0086,11,0.003488000016659498
0,cuda,gnn,common_input_to_host_output,1,1,b005_0119,7,0.004592800047248602
0,cuda,gnn,common_input_to_host_output,1,1,b005_0098,7,0.004344400018453598
0,cuda,gnn,common_input_to_host_output,1,1,b004_0253,3,0.0040348999900743365
0,cuda,gnn,common_input_to_host_output,1,1,b005_0107,1,0.002374999923631549
0,cuda,gnn,common_input_to_host_output,1,1,b004_0277,8,0.0041671000653877854
0,cuda,gnn,common_input_to_host_output,1,1,b004_0258,4,0.003194799995981157
0,cuda,gnn,common_input_to_host_output,1,1,b005_0121,4,0.004650300019420683
0,cuda,gnn,common_input_to_host_output,1,1,b005_0087,5,0.004525800002738833
0,cuda,gnn,common_input_to_host_output,1,1,b005_0120,3,0.004986399901099503
0,cuda,gnn,common_input_to_host_output,1,1,b005_0133,13,0.003746400005184114
0,cuda,gnn,common_input_to_host_output,1,1,b004_0244,1,0.0029442000668495893
0,cuda,gnn,common_input_to_host_output,1,1,b005_0628,10,0.004351800074800849
0,cuda,gnn,common_input_to_host_output,1,1,b005_0575,3,0.0033063999144360423
0,cuda,gnn,common_input_to_host_output,1,1,b005_0569,4,0.00423289998434484
0,cuda,gnn,common_input_to_host_output,1,1,b005_0629,4,0.004224400036036968
0,cuda,gnn,common_input_to_host_output,1,1,b005_0651,14,0.0038638999685645103
0,cuda,gnn,common_input_to_host_output,1,1,b005_0559,6,0.004757300019264221
0,cuda,gnn,common_input_to_host_output,1,1,b005_0627,10,0.005544800078496337
0,cuda,gnn,common_input_to_host_output,1,1,b005_0610,7,0.004564999951981008
0,cuda,gnn,common_input_to_host_output,1,1,b005_0626,9,0.004088499932549894
0,cuda,gnn,common_input_to_host_output,1,1,b005_0612,10,0.006487600039690733
0,cuda,gnn,common_input_to_host_output,1,1,b005_0554,8,0.003688800032250583
0,cuda,gnn,common_input_to_host_output,1,1,b005_0578,7,0.0038653999799862504
0,cuda,gnn,common_input_to_host_output,1,1,b005_0604,13,0.006357699981890619
0,cuda,gnn,common_input_to_host_output,1,1,b005_0442,7,0.004546900046989322
0,cuda,gnn,common_input_to_host_output,1,1,b005_0470,3,0.0037164000095799565
0,cuda,gnn,common_input_to_host_output,1,1,b005_0446,9,0.003953499952331185
0,cuda,gnn,common_input_to_host_output,1,1,b005_0434,1,0.0035337000153958797
0,cuda,gnn,common_input_to_host_output,1,1,b005_0431,9,0.003895200090482831
0,cuda,gnn,common_input_to_host_output,1,1,b005_0460,2,0.0040351999923586845
0,cuda,gnn,common_input_to_host_output,1,1,b005_0438,5,0.0043255999917164445
0,cuda,gnn,common_input_to_host_output,1,1,b005_0444,9,0.005576099967584014
0,cuda,gnn,common_input_to_host_output,1,1,b004_0349,8,0.004993299953639507
0,cuda,gnn,common_input_to_host_output,1,1,b005_0465,10,0.0036773000610992312
0,cuda,gnn,common_input_to_host_output,1,1,b004_0326,6,0.004589600022882223
0,cuda,gnn,common_input_to_host_output,1,1,b005_0418,4,0.004402599995955825
0,cuda,gnn,common_input_to_host_output,1,1,b004_0217,2,0.004075400065630674
0,cuda,gnn,common_input_to_host_output,1,1,b004_0215,2,0.003832499962300062
0,cuda,gnn,common_input_to_host_output,1,1,b005_0449,10,0.007144899922423065
0,cuda,gnn,common_input_to_host_output,1,1,b004_0241,2,0.00413649994879961
0,cuda,gnn,common_input_to_host_output,1,1,b004_0321,1,0.00336899992544204
0,cuda,gnn,common_input_to_host_output,1,1,b005_0467,11,0.004758599912747741
0,cuda,gnn,common_input_to_host_output,1,1,b005_0684,8,0.003772800089791417
0,cuda,gnn,common_input_to_host_output,1,1,b005_0654,3,0.00573110010009259
0,cuda,gnn,common_input_to_host_output,1,1,b005_0688,4,0.00574259995482862
0,cuda,gnn,common_input_to_host_output,1,1,b005_0680,11,0.004762999946251512
0,cuda,gnn,common_input_to_host_output,1,1,b005_0690,5,0.004297300009056926
0,cuda,gnn,common_input_to_host_output,1,1,b005_0660,8,0.003537100041285157
0,cuda,gnn,common_input_to_host_output,1,1,b005_0709,11,0.005026599974371493
0,cuda,gnn,common_input_to_host_output,1,1,b005_0672,9,0.004486300051212311
0,cuda,gnn,common_input_to_host_output,1,1,b004_0029,1,0.003751400043256581
0,cuda,gnn,common_input_to_host_output,1,1,b004_0013,6,0.00565369997639209
0,cuda,gnn,common_input_to_host_output,1,1,b005_0070,6,0.004692399990744889
0,cuda,gnn,common_input_to_host_output,1,1,b005_0004,13,0.003965000039897859
0,cuda,gnn,common_input_to_host_output,1,1,b005_0025,7,0.004701199941337109
0,cuda,gnn,common_input_to_host_output,1,1,b005_0002,5,0.0048065000446513295
0,cuda,gnn,common_input_to_host_output,1,1,b005_0047,2,0.004906300106085837
0,cuda,gnn,common_input_to_host_output,1,1,b005_0033,15,0.003997400053776801
0,cuda,gnn,common_input_to_host_output,1,1,b005_0049,8,0.004195199930109084
0,cuda,gnn,common_input_to_host_output,1,1,b004_0065,3,0.0042100000428035855
0,cuda,gnn,common_input_to_host_output,1,1,b004_0024,4,0.004061700077727437
0,cuda,gnn,common_input_to_host_output,1,1,b005_0062,2,0.0039953000377863646
0,cuda,gnn,common_input_to_host_output,1,1,b004_0082,5,0.00411440001334995
0,cuda,gnn,common_input_to_host_output,1,1,b004_0022,2,0.004153199959546328
0,cuda,gnn,common_input_to_host_output,1,1,b005_0065,8,0.0038464999524876475
0,cuda,gnn,common_input_to_host_output,1,1,b004_0070,3,0.00415279995650053
0,cuda,gnn,common_input_to_host_output,1,1,b005_0019,12,0.004384999978356063
0,cuda,gnn,common_input_to_host_output,1,1,b004_0008,3,0.0035204000305384398
0,cuda,gnn,common_input_to_host_output,1,1,b004_0006,3,0.004100300022400916
0,cuda,gnn,common_input_to_host_output,1,1,b005_0040,3,0.004576199920848012
0,cuda,gnn,common_input_to_host_output,1,1,b004_0039,8,0.0038334999699145555
0,cuda,gnn,common_input_to_host_output,1,1,b004_0088,2,0.004146999912336469
0,cuda,gnn,common_input_to_host_output,1,1,b004_0012,5,0.004332600045017898
0,cuda,gnn,common_input_to_host_output,1,1,b004_0003,4,0.004165100050158799
0,cuda,gnn,common_input_to_host_output,1,1,b004_0084,3,0.0034667999716475606
0,cuda,gnn,common_input_to_host_output,1,1,b004_0259,5,0.005490300012752414
0,cuda,gnn,common_input_to_host_output,1,1,b005_0185,15,0.004958100034855306
0,cuda,gnn,common_input_to_host_output,1,1,b005_0160,13,0.0042347999988123775
0,cuda,gnn,common_input_to_host_output,1,1,b005_0217,2,0.003191700088791549
0,cuda,gnn,common_input_to_host_output,1,1,b005_0205,11,0.0037451001117005944
0,cuda,gnn,common_input_to_host_output,1,1,b005_0219,10,0.003964700037613511
0,cuda,gnn,common_input_to_host_output,1,1,b004_0313,4,0.0033603000920265913
0,cuda,gnn,common_input_to_host_output,1,1,b005_0198,11,0.005811500013805926
0,cuda,gnn,common_input_to_host_output,1,1,b005_0199,7,0.005049700033850968
0,cuda,gnn,common_input_to_host_output,1,1,b005_0211,4,0.004482200019992888
0,cuda,gnn,common_input_to_host_output,1,1,b005_0209,10,0.003694099956192076
0,cuda,gnn,common_input_to_host_output,1,1,b004_0140,3,0.003568699932657182
0,cuda,gnn,common_input_to_host_output,1,1,b005_0172,3,0.00392619997728616
0,cuda,gnn,common_input_to_host_output,1,1,b005_0181,12,0.003444699919782579
0,cuda,gnn,common_input_to_host_output,1,1,b004_0197,1,0.0025412000250071287
0,cuda,gnn,common_input_to_host_output,1,1,b005_0170,7,0.003262900048866868
0,cuda,gnn,common_input_to_host_output,1,1,b004_0181,4,0.00423740001861006
0,cuda,gnn,common_input_to_host_output,1,1,b005_0222,14,0.0048599999863654375
0,cuda,gnn,common_input_to_host_output,1,1,b005_0196,12,0.004521099966950715
0,cuda,gnn,common_input_to_host_output,1,1,b004_0350,2,0.0030512999510392547
0,cuda,gnn,common_input_to_host_output,1,1,b005_0273,11,0.003851399989798665
0,cuda,gnn,common_input_to_host_output,1,1,b005_0303,9,0.003992400015704334
0,cuda,gnn,common_input_to_host_output,1,1,b005_0266,11,0.0033877999521791935
0,cuda,gnn,common_input_to_host_output,1,1,b004_0168,6,0.0037966000381857157
0,cuda,gnn,common_input_to_host_output,1,1,b005_0290,10,0.0036244000075384974
0,cuda,gnn,common_input_to_host_output,1,1,b004_0342,2,0.003914500004611909
0,cuda,gnn,common_input_to_host_output,1,1,b005_0310,1,0.0036503999726846814
0,cuda,gnn,common_input_to_host_output,1,1,b005_0231,8,0.003551800036802888
0,cuda,gnn,common_input_to_host_output,1,1,b005_0302,14,0.004249399993568659
0,cuda,gnn,common_input_to_host_output,1,1,b005_0242,6,0.0039020999101921916
0,cuda,gnn,common_input_to_host_output,1,1,b005_0298,2,0.0030584000051021576
0,cuda,gnn,common_input_to_host_output,1,1,b004_0263,4,0.004107500077225268
0,cuda,gnn,common_input_to_host_output,1,1,b005_0493,4,0.0038966999854892492
0,cuda,gnn,common_input_to_host_output,1,1,b005_0503,5,0.0032508999574929476
0,cuda,gnn,common_input_to_host_output,1,1,b004_0282,5,0.003946300013922155
0,cuda,gnn,common_input_to_host_output,1,1,b005_0508,9,0.005495300050824881
0,cuda,gnn,common_input_to_host_output,1,1,b005_0516,1,0.0023644999600946903
0,cuda,gnn,common_input_to_host_output,1,1,b004_0300,5,0.00513219996355474
0,cuda,gnn,common_input_to_host_output,1,1,b004_0311,2,0.0049053000984713435
0,cuda,gnn,common_input_to_host_output,1,1,b004_0108,6,0.004580700071528554
0,cuda,gnn,common_input_to_host_output,1,1,b005_0482,4,0.00328739988617599
0,cuda,gnn,common_input_to_host_output,1,1,b005_0545,14,0.004563999944366515
0,cuda,gnn,common_input_to_host_output,1,1,b005_0537,5,0.005166199989616871
0,cuda,gnn,common_input_to_host_output,1,1,b005_0548,5,0.0038719000294804573
0,cuda,gnn,common_input_to_host_output,1,1,b005_0541,4,0.0032494000624865294
0,cuda,gnn,common_input_to_host_output,1,1,b004_0185,8,0.0036696000024676323
0,cuda,gnn,common_input_to_host_output,1,1,b005_0505,1,0.0021705999970436096
0,cuda,gnn,common_input_to_host_output,1,1,b005_0544,4,0.004176000016741455
0,cuda,gnn,common_input_to_host_output,1,1,b005_0513,9,0.004113800008781254
0,cuda,gnn,common_input_to_host_output,1,1,b004_0198,3,0.003172999946400523
0,cuda,gnn,common_input_to_host_output,1,1,b004_0154,8,0.0038880000356584787
0,cuda,gnn,common_input_to_host_output,1,1,b005_0345,4,0.005522900028154254
0,cuda,gnn,common_input_to_host_output,1,1,b004_0106,3,0.005346900084987283
0,cuda,gnn,common_input_to_host_output,1,1,b005_0356,2,0.0030886000022292137
0,cuda,gnn,common_input_to_host_output,1,1,b004_0270,2,0.0037359000416472554
0,cuda,gnn,common_input_to_host_output,1,1,b005_0376,3,0.0038647999754175544
0,cuda,gnn,common_input_to_host_output,1,1,b005_0323,11,0.00343729997985065
0,cuda,gnn,common_input_to_host_output,1,1,b005_0380,7,0.003734600031748414
0,cuda,gnn,common_input_to_host_output,1,1,b004_0192,3,0.0030266999965533614
0,cuda,gnn,common_input_to_host_output,1,1,b005_0350,4,0.004530200036242604
0,cuda,gnn,common_input_to_host_output,1,1,b004_0115,3,0.004095700103789568
0,cuda,gnn,common_input_to_host_output,1,1,b004_0367,5,0.003168199909850955
0,cuda,gnn,common_input_to_host_output,1,1,b004_0378,8,0.005691800033673644
0,cuda,gnn,common_input_to_host_output,1,1,b005_0361,8,0.003951099934056401
0,cuda,gnn,common_input_to_host_output,1,1,b005_0378,11,0.004100000020116568
0,cuda,gnn,common_input_to_host_output,1,1,b005_0714,3,0.0032597000245004892
0,cuda,gnn,common_input_to_host_output,1,1,b005_0792,6,0.003922100062482059
0,cuda,gnn,common_input_to_host_output,1,1,b005_0773,7,0.004722899990156293
0,cuda,gnn,common_input_to_host_output,1,1,b005_0723,1,0.0033088999334722757
0,cuda,gnn,common_input_to_host_output,1,1,b005_0799,8,0.003940599970519543
0,cuda,gnn,common_input_to_host_output,1,1,b005_0786,2,0.003785200067795813
0,cuda,gnn,common_input_to_host_output,1,1,b005_0783,4,0.00337199994828552
0,cuda,gnn,common_input_to_host_output,1,1,b005_0805,10,0.005215299897827208
0,cuda,gnn,common_input_to_host_output,1,1,b005_0736,3,0.004082600004039705
0,cuda,gnn,common_input_to_host_output,1,1,b005_0758,8,0.0036607999354600906
0,cuda,gnn,common_input_to_host_output,1,1,b005_0737,15,0.005755299935117364
0,cuda,gnn,common_input_to_host_output,1,1,b005_0784,1,0.002648100024089217
0,cuda,gnn,common_input_to_host_output,1,1,b005_0733,1,0.0023230999941006303
0,cuda,gnn,common_input_to_host_output,1,1,b005_0774,14,0.004216799978166819
0,cuda,gnn,common_input_to_host_output,1,1,b005_0757,9,0.004289899952709675
0,cuda,gnn,common_input_to_host_output,1,1,b005_0727,2,0.003029500017873943
0,cuda,gnn,forward_resident_inputs,32,32,b005_0092|b004_0388|b004_0356|b005_0086|b005_0119|b005_0098|b004_0253|b005_0107|b004_0277|b004_0258|b005_0121|b005_0087|b005_0120|b005_0133|b004_0244|b005_0628|b005_0575|b005_0569|b005_0629|b005_0651|b005_0559|b005_0627|b005_0610|b005_0626|b005_0612|b005_0554|b005_0578|b005_0604|b005_0442|b005_0470|b005_0446|b005_0434,3|1|6|11|7|7|3|1|8|4|4|5|3|13|1|10|3|4|4|14|6|10|7|9|10|8|7|13|7|3|9|1,0.003404600080102682
0,cuda,gnn,forward_resident_inputs,32,32,b005_0431|b005_0460|b005_0438|b005_0444|b004_0349|b005_0465|b004_0326|b005_0418|b004_0217|b004_0215|b005_0449|b004_0241|b004_0321|b005_0467|b005_0684|b005_0654|b005_0688|b005_0680|b005_0690|b005_0660|b005_0709|b005_0672|b004_0029|b004_0013|b005_0070|b005_0004|b005_0025|b005_0002|b005_0047|b005_0033|b005_0049|b004_0065,9|2|5|9|8|10|6|4|2|2|10|2|1|11|8|3|4|11|5|8|11|9|1|6|6|13|7|5|2|15|8|3,0.004696400021202862
0,cuda,gnn,forward_resident_inputs,32,32,b004_0024|b005_0062|b004_0082|b004_0022|b005_0065|b004_0070|b005_0019|b004_0008|b004_0006|b005_0040|b004_0039|b004_0088|b004_0012|b004_0003|b004_0084|b004_0259|b005_0185|b005_0160|b005_0217|b005_0205|b005_0219|b004_0313|b005_0198|b005_0199|b005_0211|b005_0209|b004_0140|b005_0172|b005_0181|b004_0197|b005_0170|b004_0181,4|2|5|2|8|3|12|3|3|3|8|2|5|4|3|5|15|13|2|11|10|4|11|7|4|10|3|3|12|1|7|4,0.00312180002219975
0,cuda,gnn,forward_resident_inputs,32,32,b005_0222|b005_0196|b004_0350|b005_0273|b005_0303|b005_0266|b004_0168|b005_0290|b004_0342|b005_0310|b005_0231|b005_0302|b005_0242|b005_0298|b004_0263|b005_0493|b005_0503|b004_0282|b005_0508|b005_0516|b004_0300|b004_0311|b004_0108|b005_0482|b005_0545|b005_0537|b005_0548|b005_0541|b004_0185|b005_0505|b005_0544|b005_0513,14|12|2|11|9|11|6|10|2|1|8|14|6|2|4|4|5|5|9|1|5|2|6|4|14|5|5|4|8|1|4|9,0.004591700038872659
0,cuda,gnn,forward_resident_inputs,32,32,b004_0198|b004_0154|b005_0345|b004_0106|b005_0356|b004_0270|b005_0376|b005_0323|b005_0380|b004_0192|b005_0350|b004_0115|b004_0367|b004_0378|b005_0361|b005_0378|b005_0714|b005_0792|b005_0773|b005_0723|b005_0799|b005_0786|b005_0783|b005_0805|b005_0736|b005_0758|b005_0737|b005_0784|b005_0733|b005_0774|b005_0757|b005_0727,3|8|4|3|2|2|3|11|7|3|4|3|5|8|8|11|3|6|7|1|8|2|4|10|3|8|15|1|1|14|9|2,0.0032571000047028065
0,cuda,gnn,common_input_to_host_output,32,32,b005_0092|b004_0388|b004_0356|b005_0086|b005_0119|b005_0098|b004_0253|b005_0107|b004_0277|b004_0258|b005_0121|b005_0087|b005_0120|b005_0133|b004_0244|b005_0628|b005_0575|b005_0569|b005_0629|b005_0651|b005_0559|b005_0627|b005_0610|b005_0626|b005_0612|b005_0554|b005_0578|b005_0604|b005_0442|b005_0470|b005_0446|b005_0434,3|1|6|11|7|7|3|1|8|4|4|5|3|13|1|10|3|4|4|14|6|10|7|9|10|8|7|13|7|3|9|1,0.012154900003224611
0,cuda,gnn,common_input_to_host_output,32,32,b005_0431|b005_0460|b005_0438|b005_0444|b004_0349|b005_0465|b004_0326|b005_0418|b004_0217|b004_0215|b005_0449|b004_0241|b004_0321|b005_0467|b005_0684|b005_0654|b005_0688|b005_0680|b005_0690|b005_0660|b005_0709|b005_0672|b004_0029|b004_0013|b005_0070|b005_0004|b005_0025|b005_0002|b005_0047|b005_0033|b005_0049|b004_0065,9|2|5|9|8|10|6|4|2|2|10|2|1|11|8|3|4|11|5|8|11|9|1|6|6|13|7|5|2|15|8|3,0.011409700033254921
0,cuda,gnn,common_input_to_host_output,32,32,b004_0024|b005_0062|b004_0082|b004_0022|b005_0065|b004_0070|b005_0019|b004_0008|b004_0006|b005_0040|b004_0039|b004_0088|b004_0012|b004_0003|b004_0084|b004_0259|b005_0185|b005_0160|b005_0217|b005_0205|b005_0219|b004_0313|b005_0198|b005_0199|b005_0211|b005_0209|b004_0140|b005_0172|b005_0181|b004_0197|b005_0170|b004_0181,4|2|5|2|8|3|12|3|3|3|8|2|5|4|3|5|15|13|2|11|10|4|11|7|4|10|3|3|12|1|7|4,0.010488500003702939
0,cuda,gnn,common_input_to_host_output,32,32,b005_0222|b005_0196|b004_0350|b005_0273|b005_0303|b005_0266|b004_0168|b005_0290|b004_0342|b005_0310|b005_0231|b005_0302|b005_0242|b005_0298|b004_0263|b005_0493|b005_0503|b004_0282|b005_0508|b005_0516|b004_0300|b004_0311|b004_0108|b005_0482|b005_0545|b005_0537|b005_0548|b005_0541|b004_0185|b005_0505|b005_0544|b005_0513,14|12|2|11|9|11|6|10|2|1|8|14|6|2|4|4|5|5|9|1|5|2|6|4|14|5|5|4|8|1|4|9,0.011299600009806454
0,cuda,gnn,common_input_to_host_output,32,32,b004_0198|b004_0154|b005_0345|b004_0106|b005_0356|b004_0270|b005_0376|b005_0323|b005_0380|b004_0192|b005_0350|b004_0115|b004_0367|b004_0378|b005_0361|b005_0378|b005_0714|b005_0792|b005_0773|b005_0723|b005_0799|b005_0786|b005_0783|b005_0805|b005_0736|b005_0758|b005_0737|b005_0784|b005_0733|b005_0774|b005_0757|b005_0727,3|8|4|3|2|2|3|11|7|3|4|3|5|8|8|11|3|6|7|1|8|2|4|10|3|8|15|1|1|14|9|2,0.010997600038535893
0,cuda,set_attention,forward_resident_inputs,1,1,b005_0092,3,0.0029860000358894467
0,cuda,set_attention,forward_resident_inputs,1,1,b004_0388,1,0.004468300030566752
0,cuda,set_attention,forward_resident_inputs,1,1,b004_0356,6,0.002826999989338219
0,cuda,set_attention,forward_resident_inputs,1,1,b005_0086,11,0.0035453999880701303
0,cuda,set_attention,forward_resident_inputs,1,1,b005_0119,7,0.0026740001048892736
0,cuda,set_attention,forward_resident_inputs,1,1,b005_0098,7,0.003486100002191961
0,cuda,set_attention,forward_resident_inputs,1,1,b004_0253,3,0.0025900000473484397
0,cuda,set_attention,forward_resident_inputs,1,1,b005_0107,1,0.0033171999966725707
0,cuda,set_attention,forward_resident_inputs,1,1,b004_0277,8,0.0026668000500649214
0,cuda,set_attention,forward_resident_inputs,1,1,b004_0258,4,0.0038421000353991985
0,cuda,set_attention,forward_resident_inputs,1,1,b005_0121,4,0.003547400003299117
0,cuda,set_attention,forward_resident_inputs,1,1,b005_0087,5,0.0026825000531971455
0,cuda,set_attention,forward_resident_inputs,1,1,b005_0120,3,0.003872400033287704
0,cuda,set_attention,forward_resident_inputs,1,1,b005_0133,13,0.00291119993198663
0,cuda,set_attention,forward_resident_inputs,1,1,b004_0244,1,0.003509199945256114
0,cuda,set_attention,forward_resident_inputs,1,1,b005_0628,10,0.002837899955920875
0,cuda,set_attention,forward_resident_inputs,1,1,b005_0575,3,0.004211099934764206
0,cuda,set_attention,forward_resident_inputs,1,1,b005_0569,4,0.003512199968099594
0,cuda,set_attention,forward_resident_inputs,1,1,b005_0629,4,0.002662000013515353
0,cuda,set_attention,forward_resident_inputs,1,1,b005_0651,14,0.0033139000879600644
0,cuda,set_attention,forward_resident_inputs,1,1,b005_0559,6,0.003258099895901978
0,cuda,set_attention,forward_resident_inputs,1,1,b005_0627,10,0.003731000004336238
0,cuda,set_attention,forward_resident_inputs,1,1,b005_0610,7,0.003859699936583638
0,cuda,set_attention,forward_resident_inputs,1,1,b005_0626,9,0.002928100060671568
0,cuda,set_attention,forward_resident_inputs,1,1,b005_0612,10,0.00323150004260242
0,cuda,set_attention,forward_resident_inputs,1,1,b005_0554,8,0.0027196999872103333
0,cuda,set_attention,forward_resident_inputs,1,1,b005_0578,7,0.003424700000323355
0,cuda,set_attention,forward_resident_inputs,1,1,b005_0604,13,0.003271699999459088
0,cuda,set_attention,forward_resident_inputs,1,1,b005_0442,7,0.0027378000086173415
0,cuda,set_attention,forward_resident_inputs,1,1,b005_0470,3,0.003767400048673153
0,cuda,set_attention,forward_resident_inputs,1,1,b005_0446,9,0.0026793000288307667
0,cuda,set_attention,forward_resident_inputs,1,1,b005_0434,1,0.003161500091664493
0,cuda,set_attention,forward_resident_inputs,1,1,b005_0431,9,0.0025621000677347183
0,cuda,set_attention,forward_resident_inputs,1,1,b005_0460,2,0.0038106999127194285
0,cuda,set_attention,forward_resident_inputs,1,1,b005_0438,5,0.00279880000744015
0,cuda,set_attention,forward_resident_inputs,1,1,b005_0444,9,0.003553799935616553
0,cuda,set_attention,forward_resident_inputs,1,1,b004_0349,8,0.003495599958114326
0,cuda,set_attention,forward_resident_inputs,1,1,b005_0465,10,0.0027215000009164214
0,cuda,set_attention,forward_resident_inputs,1,1,b004_0326,6,0.0034057999728247523
0,cuda,set_attention,forward_resident_inputs,1,1,b005_0418,4,0.0028013999108225107
0,cuda,set_attention,forward_resident_inputs,1,1,b004_0217,2,0.0030095999827608466
0,cuda,set_attention,forward_resident_inputs,1,1,b004_0215,2,0.0025513001019135118
0,cuda,set_attention,forward_resident_inputs,1,1,b005_0449,10,0.0032769000390544534
0,cuda,set_attention,forward_resident_inputs,1,1,b004_0241,2,0.0029898000648245215
0,cuda,set_attention,forward_resident_inputs,1,1,b004_0321,1,0.0034141000360250473
0,cuda,set_attention,forward_resident_inputs,1,1,b005_0467,11,0.0025436999276280403
0,cuda,set_attention,forward_resident_inputs,1,1,b005_0684,8,0.003809400019235909
0,cuda,set_attention,forward_resident_inputs,1,1,b005_0654,3,0.003245700034312904
0,cuda,set_attention,forward_resident_inputs,1,1,b005_0688,4,0.0027211999986320734
0,cuda,set_attention,forward_resident_inputs,1,1,b005_0680,11,0.004361399915069342
0,cuda,set_attention,forward_resident_inputs,1,1,b005_0690,5,0.004250099998898804
0,cuda,set_attention,forward_resident_inputs,1,1,b005_0660,8,0.0027351999888196588
0,cuda,set_attention,forward_resident_inputs,1,1,b005_0709,11,0.004078399972058833
0,cuda,set_attention,forward_resident_inputs,1,1,b005_0672,9,0.002711100038141012
0,cuda,set_attention,forward_resident_inputs,1,1,b004_0029,1,0.0031249000458046794
0,cuda,set_attention,forward_resident_inputs,1,1,b004_0013,6,0.002532399957999587
0,cuda,set_attention,forward_resident_inputs,1,1,b005_0070,6,0.003605100093409419
0,cuda,set_attention,forward_resident_inputs,1,1,b005_0004,13,0.0031488999957218766
0,cuda,set_attention,forward_resident_inputs,1,1,b005_0025,7,0.003043700009584427
0,cuda,set_attention,forward_resident_inputs,1,1,b005_0002,5,0.003374899970367551
0,cuda,set_attention,forward_resident_inputs,1,1,b005_0047,2,0.00265039992518723
0,cuda,set_attention,forward_resident_inputs,1,1,b005_0033,15,0.0029100000392645597
0,cuda,set_attention,forward_resident_inputs,1,1,b005_0049,8,0.0028783000307157636
0,cuda,set_attention,forward_resident_inputs,1,1,b004_0065,3,0.0044105000561103225
0,cuda,set_attention,forward_resident_inputs,1,1,b004_0024,4,0.0033541000448167324
0,cuda,set_attention,forward_resident_inputs,1,1,b005_0062,2,0.00258819991722703
0,cuda,set_attention,forward_resident_inputs,1,1,b004_0082,5,0.003100000089034438
0,cuda,set_attention,forward_resident_inputs,1,1,b004_0022,2,0.0029871000442653894
0,cuda,set_attention,forward_resident_inputs,1,1,b005_0065,8,0.0031366999028250575
0,cuda,set_attention,forward_resident_inputs,1,1,b004_0070,3,0.0028409999795258045
0,cuda,set_attention,forward_resident_inputs,1,1,b005_0019,12,0.003366599907167256
0,cuda,set_attention,forward_resident_inputs,1,1,b004_0008,3,0.0029752999544143677
0,cuda,set_attention,forward_resident_inputs,1,1,b004_0006,3,0.003184499917551875
0,cuda,set_attention,forward_resident_inputs,1,1,b005_0040,3,0.00451910006813705
0,cuda,set_attention,forward_resident_inputs,1,1,b004_0039,8,0.004957400029525161
0,cuda,set_attention,forward_resident_inputs,1,1,b004_0088,2,0.0028620000230148435
0,cuda,set_attention,forward_resident_inputs,1,1,b004_0012,5,0.003604499972425401
0,cuda,set_attention,forward_resident_inputs,1,1,b004_0003,4,0.002943200059235096
0,cuda,set_attention,forward_resident_inputs,1,1,b004_0084,3,0.0031952999997884035
0,cuda,set_attention,forward_resident_inputs,1,1,b004_0259,5,0.0025876000290736556
0,cuda,set_attention,forward_resident_inputs,1,1,b005_0185,15,0.003354300046339631
0,cuda,set_attention,forward_resident_inputs,1,1,b005_0160,13,0.0026953999185934663
0,cuda,set_attention,forward_resident_inputs,1,1,b005_0217,2,0.003743499983102083
0,cuda,set_attention,forward_resident_inputs,1,1,b005_0205,11,0.0034893000265583396
0,cuda,set_attention,forward_resident_inputs,1,1,b005_0219,10,0.002795400097966194
0,cuda,set_attention,forward_resident_inputs,1,1,b004_0313,4,0.003547400003299117
0,cuda,set_attention,forward_resident_inputs,1,1,b005_0198,11,0.002633800031617284
0,cuda,set_attention,forward_resident_inputs,1,1,b005_0199,7,0.003353299922309816
0,cuda,set_attention,forward_resident_inputs,1,1,b005_0211,4,0.00275890005286783
0,cuda,set_attention,forward_resident_inputs,1,1,b005_0209,10,0.003097199951298535
0,cuda,set_attention,forward_resident_inputs,1,1,b004_0140,3,0.002996099996380508
0,cuda,set_attention,forward_resident_inputs,1,1,b005_0172,3,0.0033996999263763428
0,cuda,set_attention,forward_resident_inputs,1,1,b005_0181,12,0.003652299987152219
0,cuda,set_attention,forward_resident_inputs,1,1,b004_0197,1,0.002678500022739172
0,cuda,set_attention,forward_resident_inputs,1,1,b005_0170,7,0.003241600003093481
0,cuda,set_attention,forward_resident_inputs,1,1,b004_0181,4,0.002781700110062957
0,cuda,set_attention,forward_resident_inputs,1,1,b005_0222,14,0.0031871000537648797
0,cuda,set_attention,forward_resident_inputs,1,1,b005_0196,12,0.002535599982365966
0,cuda,set_attention,forward_resident_inputs,1,1,b004_0350,2,0.003303700010292232
0,cuda,set_attention,forward_resident_inputs,1,1,b005_0273,11,0.002759799943305552
0,cuda,set_attention,forward_resident_inputs,1,1,b005_0303,9,0.003720699925906956
0,cuda,set_attention,forward_resident_inputs,1,1,b005_0266,11,0.003535000025294721
0,cuda,set_attention,forward_resident_inputs,1,1,b004_0168,6,0.0032543999841436744
0,cuda,set_attention,forward_resident_inputs,1,1,b005_0290,10,0.0032776000443845987
0,cuda,set_attention,forward_resident_inputs,1,1,b004_0342,2,0.00302990002091974
0,cuda,set_attention,forward_resident_inputs,1,1,b005_0310,1,0.0032736000139266253
0,cuda,set_attention,forward_resident_inputs,1,1,b005_0231,8,0.0025861000176519156
0,cuda,set_attention,forward_resident_inputs,1,1,b005_0302,14,0.00324749993160367
0,cuda,set_attention,forward_resident_inputs,1,1,b005_0242,6,0.0025547000113874674
0,cuda,set_attention,forward_resident_inputs,1,1,b005_0298,2,0.0036771000595763326
0,cuda,set_attention,forward_resident_inputs,1,1,b004_0263,4,0.003615399939008057
0,cuda,set_attention,forward_resident_inputs,1,1,b005_0493,4,0.0026250999653711915
0,cuda,set_attention,forward_resident_inputs,1,1,b005_0503,5,0.0038418000331148505
0,cuda,set_attention,forward_resident_inputs,1,1,b004_0282,5,0.0030544999754056334
0,cuda,set_attention,forward_resident_inputs,1,1,b005_0508,9,0.0032938000513240695
0,cuda,set_attention,forward_resident_inputs,1,1,b005_0516,1,0.003103499999269843
0,cuda,set_attention,forward_resident_inputs,1,1,b004_0300,5,0.0034336999524384737
0,cuda,set_attention,forward_resident_inputs,1,1,b004_0311,2,0.0032682999735698104
0,cuda,set_attention,forward_resident_inputs,1,1,b004_0108,6,0.002853000070899725
0,cuda,set_attention,forward_resident_inputs,1,1,b005_0482,4,0.004802600014954805
0,cuda,set_attention,forward_resident_inputs,1,1,b005_0545,14,0.003614499932155013
0,cuda,set_attention,forward_resident_inputs,1,1,b005_0537,5,0.002671399968676269
0,cuda,set_attention,forward_resident_inputs,1,1,b005_0548,5,0.0040602999506518245
0,cuda,set_attention,forward_resident_inputs,1,1,b005_0541,4,0.005075799999758601
0,cuda,set_attention,forward_resident_inputs,1,1,b004_0185,8,0.004662999999709427
0,cuda,set_attention,forward_resident_inputs,1,1,b005_0505,1,0.0030178000451996922
0,cuda,set_attention,forward_resident_inputs,1,1,b005_0544,4,0.0031006999779492617
0,cuda,set_attention,forward_resident_inputs,1,1,b005_0513,9,0.0028029999230057
0,cuda,set_attention,forward_resident_inputs,1,1,b004_0198,3,0.003349200007505715
0,cuda,set_attention,forward_resident_inputs,1,1,b004_0154,8,0.0028938999166712165
0,cuda,set_attention,forward_resident_inputs,1,1,b005_0345,4,0.0037254999624565244
0,cuda,set_attention,forward_resident_inputs,1,1,b004_0106,3,0.004122700076550245
0,cuda,set_attention,forward_resident_inputs,1,1,b005_0356,2,0.003991900011897087
0,cuda,set_attention,forward_resident_inputs,1,1,b004_0270,2,0.003503600019030273
0,cuda,set_attention,forward_resident_inputs,1,1,b005_0376,3,0.0035170000046491623
0,cuda,set_attention,forward_resident_inputs,1,1,b005_0323,11,0.0026316000148653984
0,cuda,set_attention,forward_resident_inputs,1,1,b005_0380,7,0.00388329999987036
0,cuda,set_attention,forward_resident_inputs,1,1,b004_0192,3,0.0025683999992907047
0,cuda,set_attention,forward_resident_inputs,1,1,b005_0350,4,0.0033684999216347933
0,cuda,set_attention,forward_resident_inputs,1,1,b004_0115,3,0.0025921000633388758
0,cuda,set_attention,forward_resident_inputs,1,1,b004_0367,5,0.0034340000711381435
0,cuda,set_attention,forward_resident_inputs,1,1,b004_0378,8,0.00338410004042089
0,cuda,set_attention,forward_resident_inputs,1,1,b005_0361,8,0.003778000012971461
0,cuda,set_attention,forward_resident_inputs,1,1,b005_0378,11,0.003149600001052022
0,cuda,set_attention,forward_resident_inputs,1,1,b005_0714,3,0.002602399908937514
0,cuda,set_attention,forward_resident_inputs,1,1,b005_0792,6,0.003099900088272989
0,cuda,set_attention,forward_resident_inputs,1,1,b005_0773,7,0.002701900084502995
0,cuda,set_attention,forward_resident_inputs,1,1,b005_0723,1,0.0031769999768584967
0,cuda,set_attention,forward_resident_inputs,1,1,b005_0799,8,0.0027824999997392297
0,cuda,set_attention,forward_resident_inputs,1,1,b005_0786,2,0.003243600018322468
0,cuda,set_attention,forward_resident_inputs,1,1,b005_0783,4,0.00273199996445328
0,cuda,set_attention,forward_resident_inputs,1,1,b005_0805,10,0.003550300025381148
0,cuda,set_attention,forward_resident_inputs,1,1,b005_0736,3,0.003297800081782043
0,cuda,set_attention,forward_resident_inputs,1,1,b005_0758,8,0.002761899959295988
0,cuda,set_attention,forward_resident_inputs,1,1,b005_0737,15,0.003118299995549023
0,cuda,set_attention,forward_resident_inputs,1,1,b005_0784,1,0.002587100025266409
0,cuda,set_attention,forward_resident_inputs,1,1,b005_0733,1,0.0033132999669760466
0,cuda,set_attention,forward_resident_inputs,1,1,b005_0774,14,0.0027034999802708626
0,cuda,set_attention,forward_resident_inputs,1,1,b005_0757,9,0.003130100085400045
0,cuda,set_attention,forward_resident_inputs,1,1,b005_0727,2,0.0025968000991269946
0,cuda,set_attention,common_input_to_host_output,1,1,b005_0092,3,0.004991300054825842
0,cuda,set_attention,common_input_to_host_output,1,1,b004_0388,1,0.003176200087182224
0,cuda,set_attention,common_input_to_host_output,1,1,b004_0356,6,0.0038991000037640333
0,cuda,set_attention,common_input_to_host_output,1,1,b005_0086,11,0.0039076999528333545
0,cuda,set_attention,common_input_to_host_output,1,1,b005_0119,7,0.0030841000843793154
0,cuda,set_attention,common_input_to_host_output,1,1,b005_0098,7,0.004941999912261963
0,cuda,set_attention,common_input_to_host_output,1,1,b004_0253,3,0.0038424000376835465
0,cuda,set_attention,common_input_to_host_output,1,1,b005_0107,1,0.0035716999555006623
0,cuda,set_attention,common_input_to_host_output,1,1,b004_0277,8,0.00422989996150136
0,cuda,set_attention,common_input_to_host_output,1,1,b004_0258,4,0.003969999961555004
0,cuda,set_attention,common_input_to_host_output,1,1,b005_0121,4,0.00348620000295341
0,cuda,set_attention,common_input_to_host_output,1,1,b005_0087,5,0.006098699988797307
0,cuda,set_attention,common_input_to_host_output,1,1,b005_0120,3,0.004416800104081631
0,cuda,set_attention,common_input_to_host_output,1,1,b005_0133,13,0.003980599925853312
0,cuda,set_attention,common_input_to_host_output,1,1,b004_0244,1,0.00299429998267442
0,cuda,set_attention,common_input_to_host_output,1,1,b005_0628,10,0.007518900092691183
0,cuda,set_attention,common_input_to_host_output,1,1,b005_0575,3,0.0035659000277519226
0,cuda,set_attention,common_input_to_host_output,1,1,b005_0569,4,0.0037679000524803996
0,cuda,set_attention,common_input_to_host_output,1,1,b005_0629,4,0.0030544999754056334
0,cuda,set_attention,common_input_to_host_output,1,1,b005_0651,14,0.004081300110556185
0,cuda,set_attention,common_input_to_host_output,1,1,b005_0559,6,0.0039206999354064465
0,cuda,set_attention,common_input_to_host_output,1,1,b005_0627,10,0.003471700008958578
0,cuda,set_attention,common_input_to_host_output,1,1,b005_0610,7,0.004146000021137297
0,cuda,set_attention,common_input_to_host_output,1,1,b005_0626,9,0.004339699982665479
0,cuda,set_attention,common_input_to_host_output,1,1,b005_0612,10,0.00338860007468611
0,cuda,set_attention,common_input_to_host_output,1,1,b005_0554,8,0.004328400013037026
0,cuda,set_attention,common_input_to_host_output,1,1,b005_0578,7,0.003613000037148595
0,cuda,set_attention,common_input_to_host_output,1,1,b005_0604,13,0.00356480001937598
0,cuda,set_attention,common_input_to_host_output,1,1,b005_0442,7,0.004289700067602098
0,cuda,set_attention,common_input_to_host_output,1,1,b005_0470,3,0.0046088999370113015
0,cuda,set_attention,common_input_to_host_output,1,1,b005_0446,9,0.004273399943485856
0,cuda,set_attention,common_input_to_host_output,1,1,b005_0434,1,0.0034354000817984343
0,cuda,set_attention,common_input_to_host_output,1,1,b005_0431,9,0.0048720999620854855
0,cuda,set_attention,common_input_to_host_output,1,1,b005_0460,2,0.004516699933446944
0,cuda,set_attention,common_input_to_host_output,1,1,b005_0438,5,0.0031475999858230352
0,cuda,set_attention,common_input_to_host_output,1,1,b005_0444,9,0.004273399943485856
0,cuda,set_attention,common_input_to_host_output,1,1,b004_0349,8,0.004134700051508844
0,cuda,set_attention,common_input_to_host_output,1,1,b005_0465,10,0.0036160999443382025
0,cuda,set_attention,common_input_to_host_output,1,1,b004_0326,6,0.0035056000342592597
0,cuda,set_attention,common_input_to_host_output,1,1,b005_0418,4,0.0046802000142633915
0,cuda,set_attention,common_input_to_host_output,1,1,b004_0217,2,0.0034588000271469355
0,cuda,set_attention,common_input_to_host_output,1,1,b004_0215,2,0.003698199987411499
0,cuda,set_attention,common_input_to_host_output,1,1,b005_0449,10,0.004041000036522746
0,cuda,set_attention,common_input_to_host_output,1,1,b004_0241,2,0.003237099968828261
0,cuda,set_attention,common_input_to_host_output,1,1,b004_0321,1,0.004130000015720725
0,cuda,set_attention,common_input_to_host_output,1,1,b005_0467,11,0.004696000018157065
0,cuda,set_attention,common_input_to_host_output,1,1,b005_0684,8,0.005568699911236763
0,cuda,set_attention,common_input_to_host_output,1,1,b005_0654,3,0.005189800052903593
0,cuda,set_attention,common_input_to_host_output,1,1,b005_0688,4,0.003280899953097105
0,cuda,set_attention,common_input_to_host_output,1,1,b005_0680,11,0.004704699967987835
0,cuda,set_attention,common_input_to_host_output,1,1,b005_0690,5,0.003814699943177402
0,cuda,set_attention,common_input_to_host_output,1,1,b005_0660,8,0.0033550000516697764
0,cuda,set_attention,common_input_to_host_output,1,1,b005_0709,11,0.004177700029686093
0,cuda,set_attention,common_input_to_host_output,1,1,b005_0672,9,0.0038215999957174063
0,cuda,set_attention,common_input_to_host_output,1,1,b004_0029,1,0.003036899957805872
0,cuda,set_attention,common_input_to_host_output,1,1,b004_0013,6,0.0038007000694051385
0,cuda,set_attention,common_input_to_host_output,1,1,b005_0070,6,0.005163799971342087
0,cuda,set_attention,common_input_to_host_output,1,1,b005_0004,13,0.004114700015634298
0,cuda,set_attention,common_input_to_host_output,1,1,b005_0025,7,0.005210399976931512
0,cuda,set_attention,common_input_to_host_output,1,1,b005_0002,5,0.00462849996984005
0,cuda,set_attention,common_input_to_host_output,1,1,b005_0047,2,0.0036469000624492764
0,cuda,set_attention,common_input_to_host_output,1,1,b005_0033,15,0.003555299947038293
0,cuda,set_attention,common_input_to_host_output,1,1,b005_0049,8,0.00417820003349334
0,cuda,set_attention,common_input_to_host_output,1,1,b004_0065,3,0.0044368000235408545
0,cuda,set_attention,common_input_to_host_output,1,1,b004_0024,4,0.0034259000094607472
0,cuda,set_attention,common_input_to_host_output,1,1,b005_0062,2,0.0035152999917045236
0,cuda,set_attention,common_input_to_host_output,1,1,b004_0082,5,0.0036624999484047294
0,cuda,set_attention,common_input_to_host_output,1,1,b004_0022,2,0.003261899924837053
0,cuda,set_attention,common_input_to_host_output,1,1,b005_0065,8,0.004233500105328858
0,cuda,set_attention,common_input_to_host_output,1,1,b004_0070,3,0.003944800002500415
0,cuda,set_attention,common_input_to_host_output,1,1,b005_0019,12,0.003327899961732328
0,cuda,set_attention,common_input_to_host_output,1,1,b004_0008,3,0.0037496000295504928
0,cuda,set_attention,common_input_to_host_output,1,1,b004_0006,3,0.004358000005595386
0,cuda,set_attention,common_input_to_host_output,1,1,b005_0040,3,0.0033086000476032495
0,cuda,set_attention,common_input_to_host_output,1,1,b004_0039,8,0.003833400085568428
0,cuda,set_attention,common_input_to_host_output,1,1,b004_0088,2,0.004093299969099462
0,cuda,set_attention,common_input_to_host_output,1,1,b004_0012,5,0.003212300012819469
0,cuda,set_attention,common_input_to_host_output,1,1,b004_0003,4,0.0038072000024840236
0,cuda,set_attention,common_input_to_host_output,1,1,b004_0084,3,0.0031148999696597457
0,cuda,set_attention,common_input_to_host_output,1,1,b004_0259,5,0.00397660001181066
0,cuda,set_attention,common_input_to_host_output,1,1,b005_0185,15,0.004181199939921498
0,cuda,set_attention,common_input_to_host_output,1,1,b005_0160,13,0.0037731999764218926
0,cuda,set_attention,common_input_to_host_output,1,1,b005_0217,2,0.004108499968424439
0,cuda,set_attention,common_input_to_host_output,1,1,b005_0205,11,0.004089999943971634
0,cuda,set_attention,common_input_to_host_output,1,1,b005_0219,10,0.0041223999578505754
0,cuda,set_attention,common_input_to_host_output,1,1,b004_0313,4,0.00393649993930012
0,cuda,set_attention,common_input_to_host_output,1,1,b005_0198,11,0.0040852000238373876
0,cuda,set_attention,common_input_to_host_output,1,1,b005_0199,7,0.004332100041210651
0,cuda,set_attention,common_input_to_host_output,1,1,b005_0211,4,0.003600900061428547
0,cuda,set_attention,common_input_to_host_output,1,1,b005_0209,10,0.004003499983809888
0,cuda,set_attention,common_input_to_host_output,1,1,b004_0140,3,0.004114000010304153
0,cuda,set_attention,common_input_to_host_output,1,1,b005_0172,3,0.004739500000141561
0,cuda,set_attention,common_input_to_host_output,1,1,b005_0181,12,0.0037970999255776405
0,cuda,set_attention,common_input_to_host_output,1,1,b004_0197,1,0.0034812999656423926
0,cuda,set_attention,common_input_to_host_output,1,1,b005_0170,7,0.0031490999972447753
0,cuda,set_attention,common_input_to_host_output,1,1,b004_0181,4,0.0037333000218495727
0,cuda,set_attention,common_input_to_host_output,1,1,b005_0222,14,0.004505100077949464
0,cuda,set_attention,common_input_to_host_output,1,1,b005_0196,12,0.006001800065860152
0,cuda,set_attention,common_input_to_host_output,1,1,b004_0350,2,0.0035072999307885766
0,cuda,set_attention,common_input_to_host_output,1,1,b005_0273,11,0.004395100055262446
0,cuda,set_attention,common_input_to_host_output,1,1,b005_0303,9,0.0037797000259160995
0,cuda,set_attention,common_input_to_host_output,1,1,b005_0266,11,0.0033087999327108264
0,cuda,set_attention,common_input_to_host_output,1,1,b004_0168,6,0.003359599970281124
0,cuda,set_attention,common_input_to_host_output,1,1,b005_0290,10,0.0033777999924495816
0,cuda,set_attention,common_input_to_host_output,1,1,b004_0342,2,0.004277499974705279
0,cuda,set_attention,common_input_to_host_output,1,1,b005_0310,1,0.003722800058312714
0,cuda,set_attention,common_input_to_host_output,1,1,b005_0231,8,0.0035988999297842383
0,cuda,set_attention,common_input_to_host_output,1,1,b005_0302,14,0.0039706999668851495
0,cuda,set_attention,common_input_to_host_output,1,1,b005_0242,6,0.003811500035226345
0,cuda,set_attention,common_input_to_host_output,1,1,b005_0298,2,0.003415399929508567
0,cuda,set_attention,common_input_to_host_output,1,1,b004_0263,4,0.004144800011999905
0,cuda,set_attention,common_input_to_host_output,1,1,b005_0493,4,0.003957199980504811
0,cuda,set_attention,common_input_to_host_output,1,1,b005_0503,5,0.0032785999355837703
0,cuda,set_attention,common_input_to_host_output,1,1,b004_0282,5,0.003847799962386489
0,cuda,set_attention,common_input_to_host_output,1,1,b005_0508,9,0.00511320005171001
0,cuda,set_attention,common_input_to_host_output,1,1,b005_0516,1,0.004901799955405295
0,cuda,set_attention,common_input_to_host_output,1,1,b004_0300,5,0.0033189000096172094
0,cuda,set_attention,common_input_to_host_output,1,1,b004_0311,2,0.0034172999439761043
0,cuda,set_attention,common_input_to_host_output,1,1,b004_0108,6,0.0031154999742284417
0,cuda,set_attention,common_input_to_host_output,1,1,b005_0482,4,0.0040481999749317765
0,cuda,set_attention,common_input_to_host_output,1,1,b005_0545,14,0.006168799940496683
0,cuda,set_attention,common_input_to_host_output,1,1,b005_0537,5,0.004469900042749941
0,cuda,set_attention,common_input_to_host_output,1,1,b005_0548,5,0.0044241000432521105
0,cuda,set_attention,common_input_to_host_output,1,1,b005_0541,4,0.003583999932743609
0,cuda,set_attention,common_input_to_host_output,1,1,b004_0185,8,0.004203099990263581
0,cuda,set_attention,common_input_to_host_output,1,1,b005_0505,1,0.0037200000369921327
0,cuda,set_attention,common_input_to_host_output,1,1,b005_0544,4,0.0030966000631451607
0,cuda,set_attention,common_input_to_host_output,1,1,b005_0513,9,0.00404309993609786
0,cuda,set_attention,common_input_to_host_output,1,1,b004_0198,3,0.0034465999342501163
0,cuda,set_attention,common_input_to_host_output,1,1,b004_0154,8,0.0034082999918609858
0,cuda,set_attention,common_input_to_host_output,1,1,b005_0345,4,0.0038360999897122383
0,cuda,set_attention,common_input_to_host_output,1,1,b004_0106,3,0.0035375000443309546
0,cuda,set_attention,common_input_to_host_output,1,1,b005_0356,2,0.004443799960426986
0,cuda,set_attention,common_input_to_host_output,1,1,b004_0270,2,0.003628399921581149
0,cuda,set_attention,common_input_to_host_output,1,1,b005_0376,3,0.003243599901907146
0,cuda,set_attention,common_input_to_host_output,1,1,b005_0323,11,0.00410239992197603
0,cuda,set_attention,common_input_to_host_output,1,1,b005_0380,7,0.003855900024063885
0,cuda,set_attention,common_input_to_host_output,1,1,b004_0192,3,0.0030931999208405614
0,cuda,set_attention,common_input_to_host_output,1,1,b005_0350,4,0.0036287999246269464
0,cuda,set_attention,common_input_to_host_output,1,1,b004_0115,3,0.0031292999628931284
0,cuda,set_attention,common_input_to_host_output,1,1,b004_0367,5,0.005370500031858683
0,cuda,set_attention,common_input_to_host_output,1,1,b004_0378,8,0.003631099942140281
0,cuda,set_attention,common_input_to_host_output,1,1,b005_0361,8,0.0032317000441253185
0,cuda,set_attention,common_input_to_host_output,1,1,b005_0378,11,0.003905000048689544
0,cuda,set_attention,common_input_to_host_output,1,1,b005_0714,3,0.00356630003079772
0,cuda,set_attention,common_input_to_host_output,1,1,b005_0792,6,0.003113799961283803
0,cuda,set_attention,common_input_to_host_output,1,1,b005_0773,7,0.004149100044742227
0,cuda,set_attention,common_input_to_host_output,1,1,b005_0723,1,0.003984099952504039
0,cuda,set_attention,common_input_to_host_output,1,1,b005_0799,8,0.0033961000153794885
0,cuda,set_attention,common_input_to_host_output,1,1,b005_0786,2,0.005725499941036105
0,cuda,set_attention,common_input_to_host_output,1,1,b005_0783,4,0.004387199995107949
0,cuda,set_attention,common_input_to_host_output,1,1,b005_0805,10,0.00422260002233088
0,cuda,set_attention,common_input_to_host_output,1,1,b005_0736,3,0.003237099968828261
0,cuda,set_attention,common_input_to_host_output,1,1,b005_0758,8,0.004515599925071001
0,cuda,set_attention,common_input_to_host_output,1,1,b005_0737,15,0.003928999998606741
0,cuda,set_attention,common_input_to_host_output,1,1,b005_0784,1,0.003241300000809133
0,cuda,set_attention,common_input_to_host_output,1,1,b005_0733,1,0.0034710000036284328
0,cuda,set_attention,common_input_to_host_output,1,1,b005_0774,14,0.004908400005660951
0,cuda,set_attention,common_input_to_host_output,1,1,b005_0757,9,0.003593200002796948
0,cuda,set_attention,common_input_to_host_output,1,1,b005_0727,2,0.004428400075994432
0,cuda,set_attention,forward_resident_inputs,32,32,b005_0092|b004_0388|b004_0356|b005_0086|b005_0119|b005_0098|b004_0253|b005_0107|b004_0277|b004_0258|b005_0121|b005_0087|b005_0120|b005_0133|b004_0244|b005_0628|b005_0575|b005_0569|b005_0629|b005_0651|b005_0559|b005_0627|b005_0610|b005_0626|b005_0612|b005_0554|b005_0578|b005_0604|b005_0442|b005_0470|b005_0446|b005_0434,3|1|6|11|7|7|3|1|8|4|4|5|3|13|1|10|3|4|4|14|6|10|7|9|10|8|7|13|7|3|9|1,0.007097800029441714
0,cuda,set_attention,forward_resident_inputs,32,32,b005_0431|b005_0460|b005_0438|b005_0444|b004_0349|b005_0465|b004_0326|b005_0418|b004_0217|b004_0215|b005_0449|b004_0241|b004_0321|b005_0467|b005_0684|b005_0654|b005_0688|b005_0680|b005_0690|b005_0660|b005_0709|b005_0672|b004_0029|b004_0013|b005_0070|b005_0004|b005_0025|b005_0002|b005_0047|b005_0033|b005_0049|b004_0065,9|2|5|9|8|10|6|4|2|2|10|2|1|11|8|3|4|11|5|8|11|9|1|6|6|13|7|5|2|15|8|3,0.006889599957503378
0,cuda,set_attention,forward_resident_inputs,32,32,b004_0024|b005_0062|b004_0082|b004_0022|b005_0065|b004_0070|b005_0019|b004_0008|b004_0006|b005_0040|b004_0039|b004_0088|b004_0012|b004_0003|b004_0084|b004_0259|b005_0185|b005_0160|b005_0217|b005_0205|b005_0219|b004_0313|b005_0198|b005_0199|b005_0211|b005_0209|b004_0140|b005_0172|b005_0181|b004_0197|b005_0170|b004_0181,4|2|5|2|8|3|12|3|3|3|8|2|5|4|3|5|15|13|2|11|10|4|11|7|4|10|3|3|12|1|7|4,0.007536799996159971
0,cuda,set_attention,forward_resident_inputs,32,32,b005_0222|b005_0196|b004_0350|b005_0273|b005_0303|b005_0266|b004_0168|b005_0290|b004_0342|b005_0310|b005_0231|b005_0302|b005_0242|b005_0298|b004_0263|b005_0493|b005_0503|b004_0282|b005_0508|b005_0516|b004_0300|b004_0311|b004_0108|b005_0482|b005_0545|b005_0537|b005_0548|b005_0541|b004_0185|b005_0505|b005_0544|b005_0513,14|12|2|11|9|11|6|10|2|1|8|14|6|2|4|4|5|5|9|1|5|2|6|4|14|5|5|4|8|1|4|9,0.007433700026012957
0,cuda,set_attention,forward_resident_inputs,32,32,b004_0198|b004_0154|b005_0345|b004_0106|b005_0356|b004_0270|b005_0376|b005_0323|b005_0380|b004_0192|b005_0350|b004_0115|b004_0367|b004_0378|b005_0361|b005_0378|b005_0714|b005_0792|b005_0773|b005_0723|b005_0799|b005_0786|b005_0783|b005_0805|b005_0736|b005_0758|b005_0737|b005_0784|b005_0733|b005_0774|b005_0757|b005_0727,3|8|4|3|2|2|3|11|7|3|4|3|5|8|8|11|3|6|7|1|8|2|4|10|3|8|15|1|1|14|9|2,0.006709299981594086
0,cuda,set_attention,common_input_to_host_output,32,32,b005_0092|b004_0388|b004_0356|b005_0086|b005_0119|b005_0098|b004_0253|b005_0107|b004_0277|b004_0258|b005_0121|b005_0087|b005_0120|b005_0133|b004_0244|b005_0628|b005_0575|b005_0569|b005_0629|b005_0651|b005_0559|b005_0627|b005_0610|b005_0626|b005_0612|b005_0554|b005_0578|b005_0604|b005_0442|b005_0470|b005_0446|b005_0434,3|1|6|11|7|7|3|1|8|4|4|5|3|13|1|10|3|4|4|14|6|10|7|9|10|8|7|13|7|3|9|1,0.017314799944870174
0,cuda,set_attention,common_input_to_host_output,32,32,b005_0431|b005_0460|b005_0438|b005_0444|b004_0349|b005_0465|b004_0326|b005_0418|b004_0217|b004_0215|b005_0449|b004_0241|b004_0321|b005_0467|b005_0684|b005_0654|b005_0688|b005_0680|b005_0690|b005_0660|b005_0709|b005_0672|b004_0029|b004_0013|b005_0070|b005_0004|b005_0025|b005_0002|b005_0047|b005_0033|b005_0049|b004_0065,9|2|5|9|8|10|6|4|2|2|10|2|1|11|8|3|4|11|5|8|11|9|1|6|6|13|7|5|2|15|8|3,0.015863799955695868
0,cuda,set_attention,common_input_to_host_output,32,32,b004_0024|b005_0062|b004_0082|b004_0022|b005_0065|b004_0070|b005_0019|b004_0008|b004_0006|b005_0040|b004_0039|b004_0088|b004_0012|b004_0003|b004_0084|b004_0259|b005_0185|b005_0160|b005_0217|b005_0205|b005_0219|b004_0313|b005_0198|b005_0199|b005_0211|b005_0209|b004_0140|b005_0172|b005_0181|b004_0197|b005_0170|b004_0181,4|2|5|2|8|3|12|3|3|3|8|2|5|4|3|5|15|13|2|11|10|4|11|7|4|10|3|3|12|1|7|4,0.014231599983759224
0,cuda,set_attention,common_input_to_host_output,32,32,b005_0222|b005_0196|b004_0350|b005_0273|b005_0303|b005_0266|b004_0168|b005_0290|b004_0342|b005_0310|b005_0231|b005_0302|b005_0242|b005_0298|b004_0263|b005_0493|b005_0503|b004_0282|b005_0508|b005_0516|b004_0300|b004_0311|b004_0108|b005_0482|b005_0545|b005_0537|b005_0548|b005_0541|b004_0185|b005_0505|b005_0544|b005_0513,14|12|2|11|9|11|6|10|2|1|8|14|6|2|4|4|5|5|9|1|5|2|6|4|14|5|5|4|8|1|4|9,0.014772800030186772
0,cuda,set_attention,common_input_to_host_output,32,32,b004_0198|b004_0154|b005_0345|b004_0106|b005_0356|b004_0270|b005_0376|b005_0323|b005_0380|b004_0192|b005_0350|b004_0115|b004_0367|b004_0378|b005_0361|b005_0378|b005_0714|b005_0792|b005_0773|b005_0723|b005_0799|b005_0786|b005_0783|b005_0805|b005_0736|b005_0758|b005_0737|b005_0784|b005_0733|b005_0774|b005_0757|b005_0727,3|8|4|3|2|2|3|11|7|3|4|3|5|8|8|11|3|6|7|1|8|2|4|10|3|8|15|1|1|14|9|2,0.015196099993772805
1,cpu,common_features,feature_preparation_only,1,1,b005_0092,3,0.00012390001211315393
1,cpu,common_features,feature_preparation_only,1,1,b004_0388,1,9.730004239827394e-05
1,cpu,common_features,feature_preparation_only,1,1,b004_0356,6,0.00017310003750026226
1,cpu,common_features,feature_preparation_only,1,1,b005_0086,11,0.00033710000570863485
1,cpu,common_features,feature_preparation_only,1,1,b005_0119,7,0.00020320003386586905
1,cpu,common_features,feature_preparation_only,1,1,b005_0098,7,0.00019699998665601015
1,cpu,common_features,feature_preparation_only,1,1,b004_0253,3,0.00012070010416209698
1,cpu,common_features,feature_preparation_only,1,1,b005_0107,1,9.620003402233124e-05
1,cpu,common_features,feature_preparation_only,1,1,b004_0277,8,0.00022659997921437025
1,cpu,common_features,feature_preparation_only,1,1,b004_0258,4,0.00013320008292794228
1,cpu,common_features,feature_preparation_only,1,1,b005_0121,4,0.0001401000190526247
1,cpu,common_features,feature_preparation_only,1,1,b005_0087,5,0.00016729999333620071
1,cpu,common_features,feature_preparation_only,1,1,b005_0120,3,0.00013229995965957642
1,cpu,common_features,feature_preparation_only,1,1,b005_0133,13,0.00046360003761947155
1,cpu,common_features,feature_preparation_only,1,1,b004_0244,1,0.00010559998918324709
1,cpu,common_features,feature_preparation_only,1,1,b005_0628,10,0.00035030010621994734
1,cpu,common_features,feature_preparation_only,1,1,b005_0575,3,0.0001412000274285674
1,cpu,common_features,feature_preparation_only,1,1,b005_0569,4,0.00015199999324977398
1,cpu,common_features,feature_preparation_only,1,1,b005_0629,4,0.00014300004113465548
1,cpu,common_features,feature_preparation_only,1,1,b005_0651,14,0.0004951999289914966
1,cpu,common_features,feature_preparation_only,1,1,b005_0559,6,0.00018269999418407679
1,cpu,common_features,feature_preparation_only,1,1,b005_0627,10,0.0004064999520778656
1,cpu,common_features,feature_preparation_only,1,1,b005_0610,7,0.00021570001263171434
1,cpu,common_features,feature_preparation_only,1,1,b005_0626,9,0.00042129994835704565
1,cpu,common_features,feature_preparation_only,1,1,b005_0612,10,0.0005236000288277864
1,cpu,common_features,feature_preparation_only,1,1,b005_0554,8,0.0003288999432697892
1,cpu,common_features,feature_preparation_only,1,1,b005_0578,7,0.00021399999968707561
1,cpu,common_features,feature_preparation_only,1,1,b005_0604,13,0.0004411999834701419
1,cpu,common_features,feature_preparation_only,1,1,b005_0442,7,0.00021840003319084644
1,cpu,common_features,feature_preparation_only,1,1,b005_0470,3,0.0001319000730291009
1,cpu,common_features,feature_preparation_only,1,1,b005_0446,9,0.0002677000593394041
1,cpu,common_features,feature_preparation_only,1,1,b005_0434,1,0.00010900001507252455
1,cpu,common_features,feature_preparation_only,1,1,b005_0431,9,0.00026809994596987963
1,cpu,common_features,feature_preparation_only,1,1,b005_0460,2,0.00021700002253055573
1,cpu,common_features,feature_preparation_only,1,1,b005_0438,5,0.00020260002929717302
1,cpu,common_features,feature_preparation_only,1,1,b005_0444,9,0.00027730001602321863
1,cpu,common_features,feature_preparation_only,1,1,b004_0349,8,0.00024039996787905693
1,cpu,common_features,feature_preparation_only,1,1,b005_0465,10,0.0003071000101044774
1,cpu,common_features,feature_preparation_only,1,1,b004_0326,6,0.0001852000132203102
1,cpu,common_features,feature_preparation_only,1,1,b005_0418,4,0.00022829999215900898
1,cpu,common_features,feature_preparation_only,1,1,b004_0217,2,0.0001686000032350421
1,cpu,common_features,feature_preparation_only,1,1,b004_0215,2,0.00012700003571808338
1,cpu,common_features,feature_preparation_only,1,1,b005_0449,10,0.000309599912725389
1,cpu,common_features,feature_preparation_only,1,1,b004_0241,2,0.00012069998774677515
1,cpu,common_features,feature_preparation_only,1,1,b004_0321,1,0.00010750000365078449
1,cpu,common_features,feature_preparation_only,1,1,b005_0467,11,0.00035830005072057247
1,cpu,common_features,feature_preparation_only,1,1,b005_0684,8,0.0003173999721184373
1,cpu,common_features,feature_preparation_only,1,1,b005_0654,3,0.0001357999863103032
1,cpu,common_features,feature_preparation_only,1,1,b005_0688,4,0.00013940001372247934
1,cpu,common_features,feature_preparation_only,1,1,b005_0680,11,0.0003391000209376216
1,cpu,common_features,feature_preparation_only,1,1,b005_0690,5,0.00015330000314861536
1,cpu,common_features,feature_preparation_only,1,1,b005_0660,8,0.00022249994799494743
1,cpu,common_features,feature_preparation_only,1,1,b005_0709,11,0.00033549999352544546
1,cpu,common_features,feature_preparation_only,1,1,b005_0672,9,0.000255199964158237
1,cpu,common_features,feature_preparation_only,1,1,b004_0029,1,8.669996168464422e-05
1,cpu,common_features,feature_preparation_only,1,1,b004_0013,6,0.0001596999354660511
1,cpu,common_features,feature_preparation_only,1,1,b005_0070,6,0.00015829992480576038
1,cpu,common_features,feature_preparation_only,1,1,b005_0004,13,0.0004104999825358391
1,cpu,common_features,feature_preparation_only,1,1,b005_0025,7,0.00018199998885393143
1,cpu,common_features,feature_preparation_only,1,1,b005_0002,5,0.00013639999087899923
1,cpu,common_features,feature_preparation_only,1,1,b005_0047,2,9.550002869218588e-05
1,cpu,common_features,feature_preparation_only,1,1,b005_0033,15,0.0005665000062435865
1,cpu,common_features,feature_preparation_only,1,1,b005_0049,8,0.00021050008945167065
1,cpu,common_features,feature_preparation_only,1,1,b004_0065,3,0.00010659999679774046
1,cpu,common_features,feature_preparation_only,1,1,b004_0024,4,0.00011869997251778841
1,cpu,common_features,feature_preparation_only,1,1,b005_0062,2,9.410001803189516e-05
1,cpu,common_features,feature_preparation_only,1,1,b004_0082,5,0.00013530009891837835
1,cpu,common_features,feature_preparation_only,1,1,b004_0022,2,9.470002260059118e-05
1,cpu,common_features,feature_preparation_only,1,1,b005_0065,8,0.0002106999745592475
1,cpu,common_features,feature_preparation_only,1,1,b004_0070,3,0.00010549998842179775
1,cpu,common_features,feature_preparation_only,1,1,b005_0019,12,0.000362900085747242
1,cpu,common_features,feature_preparation_only,1,1,b004_0008,3,0.00010419997852295637
1,cpu,common_features,feature_preparation_only,1,1,b004_0006,3,0.00010559998918324709
1,cpu,common_features,feature_preparation_only,1,1,b005_0040,3,0.00010559998918324709
1,cpu,common_features,feature_preparation_only,1,1,b004_0039,8,0.0003942999755963683
1,cpu,common_features,feature_preparation_only,1,1,b004_0088,2,0.00014220003504306078
1,cpu,common_features,feature_preparation_only,1,1,b004_0012,5,0.00015710003208369017
1,cpu,common_features,feature_preparation_only,1,1,b004_0003,4,0.00012800004333257675
1,cpu,common_features,feature_preparation_only,1,1,b004_0084,3,0.00010930001735687256
1,cpu,common_features,feature_preparation_only,1,1,b004_0259,5,0.00013040006160736084
1,cpu,common_features,feature_preparation_only,1,1,b005_0185,15,0.000606900081038475
1,cpu,common_features,feature_preparation_only,1,1,b005_0160,13,0.00047259998973459005
1,cpu,common_features,feature_preparation_only,1,1,b005_0217,2,0.00015870004426687956
1,cpu,common_features,feature_preparation_only,1,1,b005_0205,11,0.00032270001247525215
1,cpu,common_features,feature_preparation_only,1,1,b005_0219,10,0.00027249997947365046
1,cpu,common_features,feature_preparation_only,1,1,b004_0313,4,0.00011280004400759935
1,cpu,common_features,feature_preparation_only,1,1,b005_0198,11,0.0003770999610424042
1,cpu,common_features,feature_preparation_only,1,1,b005_0199,7,0.00018070009537041187
1,cpu,common_features,feature_preparation_only,1,1,b005_0211,4,0.00011120003182440996
1,cpu,common_features,feature_preparation_only,1,1,b005_0209,10,0.00026789994444698095
1,cpu,common_features,feature_preparation_only,1,1,b004_0140,3,9.619991760700941e-05
1,cpu,common_features,feature_preparation_only,1,1,b005_0172,3,9.640003554522991e-05
1,cpu,common_features,feature_preparation_only,1,1,b005_0181,12,0.00035390001721680164
1,cpu,common_features,feature_preparation_only,1,1,b004_0197,1,7.569999434053898e-05
1,cpu,common_features,feature_preparation_only,1,1,b005_0170,7,0.00017339992336928844
1,cpu,common_features,feature_preparation_only,1,1,b004_0181,4,0.0001137999352067709
1,cpu,common_features,feature_preparation_only,1,1,b005_0222,14,0.0004537999629974365
1,cpu,common_features,feature_preparation_only,1,1,b005_0196,12,0.0003515999997034669
1,cpu,common_features,feature_preparation_only,1,1,b004_0350,2,8.700008038431406e-05
1,cpu,common_features,feature_preparation_only,1,1,b005_0273,11,0.0004988000728189945
1,cpu,common_features,feature_preparation_only,1,1,b005_0303,9,0.0002799000358209014
1,cpu,common_features,feature_preparation_only,1,1,b005_0266,11,0.0003293000627309084
1,cpu,common_features,feature_preparation_only,1,1,b004_0168,6,0.0001631999621167779
1,cpu,common_features,feature_preparation_only,1,1,b005_0290,10,0.0002804000396281481
1,cpu,common_features,feature_preparation_only,1,1,b004_0342,2,0.00010000006295740604
1,cpu,common_features,feature_preparation_only,1,1,b005_0310,1,8.63000750541687e-05
1,cpu,common_features,feature_preparation_only,1,1,b005_0231,8,0.00021650001872330904
1,cpu,common_features,feature_preparation_only,1,1,b005_0302,14,0.00046060001477599144
1,cpu,common_features,feature_preparation_only,1,1,b005_0242,6,0.00015820004045963287
1,cpu,common_features,feature_preparation_only,1,1,b005_0298,2,9.709992446005344e-05
1,cpu,common_features,feature_preparation_only,1,1,b004_0263,4,0.00014569994527846575
1,cpu,common_features,feature_preparation_only,1,1,b005_0493,4,0.00013209995813667774
1,cpu,common_features,feature_preparation_only,1,1,b005_0503,5,0.00014610006473958492
1,cpu,common_features,feature_preparation_only,1,1,b004_0282,5,0.00014880008529871702
1,cpu,common_features,feature_preparation_only,1,1,b005_0508,9,0.00025589996948838234
1,cpu,common_features,feature_preparation_only,1,1,b005_0516,1,9.42000187933445e-05
1,cpu,common_features,feature_preparation_only,1,1,b004_0300,5,0.00014939997345209122
1,cpu,common_features,feature_preparation_only,1,1,b004_0311,2,0.00011090002954006195
1,cpu,common_features,feature_preparation_only,1,1,b004_0108,6,0.00016880000475794077
1,cpu,common_features,feature_preparation_only,1,1,b005_0482,4,0.00013050006236881018
1,cpu,common_features,feature_preparation_only,1,1,b005_0545,14,0.00047179998364299536
1,cpu,common_features,feature_preparation_only,1,1,b005_0537,5,0.00014880008529871702
1,cpu,common_features,feature_preparation_only,1,1,b005_0548,5,0.00014610006473958492
1,cpu,common_features,feature_preparation_only,1,1,b005_0541,4,0.00013029994443058968
1,cpu,common_features,feature_preparation_only,1,1,b004_0185,8,0.00022309995256364346
1,cpu,common_features,feature_preparation_only,1,1,b005_0505,1,9.169999975711107e-05
1,cpu,common_features,feature_preparation_only,1,1,b005_0544,4,0.0001311000669375062
1,cpu,common_features,feature_preparation_only,1,1,b005_0513,9,0.0002519000554457307
1,cpu,common_features,feature_preparation_only,1,1,b004_0198,3,0.00017079990357160568
1,cpu,common_features,feature_preparation_only,1,1,b004_0154,8,0.00038159999530762434
1,cpu,common_features,feature_preparation_only,1,1,b005_0345,4,0.00016169995069503784
1,cpu,common_features,feature_preparation_only,1,1,b004_0106,3,0.00012500002048909664
1,cpu,common_features,feature_preparation_only,1,1,b005_0356,2,0.00011020002420991659
1,cpu,common_features,feature_preparation_only,1,1,b004_0270,2,0.00010910001583397388
1,cpu,common_features,feature_preparation_only,1,1,b005_0376,3,0.00011969998013228178
1,cpu,common_features,feature_preparation_only,1,1,b005_0323,11,0.0003731000469997525
1,cpu,common_features,feature_preparation_only,1,1,b005_0380,7,0.0001998000079765916
1,cpu,common_features,feature_preparation_only,1,1,b004_0192,3,0.00011899997480213642
1,cpu,common_features,feature_preparation_only,1,1,b005_0350,4,0.000130399945192039
1,cpu,common_features,feature_preparation_only,1,1,b004_0115,3,0.00012099999003112316
1,cpu,common_features,feature_preparation_only,1,1,b004_0367,5,0.00014839996583759785
1,cpu,common_features,feature_preparation_only,1,1,b004_0378,8,0.0002310998970642686
1,cpu,common_features,feature_preparation_only,1,1,b005_0361,8,0.00022240006364881992
1,cpu,common_features,feature_preparation_only,1,1,b005_0378,11,0.0003306000726297498
1,cpu,common_features,feature_preparation_only,1,1,b005_0714,3,9.720004163682461e-05
1,cpu,common_features,feature_preparation_only,1,1,b005_0792,6,0.00015400000847876072
1,cpu,common_features,feature_preparation_only,1,1,b005_0773,7,0.0001743000466376543
1,cpu,common_features,feature_preparation_only,1,1,b005_0723,1,7.43999844416976e-05
1,cpu,common_features,feature_preparation_only,1,1,b005_0799,8,0.00020080001559108496
1,cpu,common_features,feature_preparation_only,1,1,b005_0786,2,8.479994721710682e-05
1,cpu,common_features,feature_preparation_only,1,1,b005_0783,4,0.00010910001583397388
1,cpu,common_features,feature_preparation_only,1,1,b005_0805,10,0.0002690000692382455
1,cpu,common_features,feature_preparation_only,1,1,b005_0736,3,0.0004741000011563301
1,cpu,common_features,feature_preparation_only,1,1,b005_0758,8,0.00027489999774843454
1,cpu,common_features,feature_preparation_only,1,1,b005_0737,15,0.000523699913173914
1,cpu,common_features,feature_preparation_only,1,1,b005_0784,1,7.740000728517771e-05
1,cpu,common_features,feature_preparation_only,1,1,b005_0733,1,7.139996159821749e-05
1,cpu,common_features,feature_preparation_only,1,1,b005_0774,14,0.0006570001132786274
1,cpu,common_features,feature_preparation_only,1,1,b005_0757,9,0.00027899991255253553
1,cpu,common_features,feature_preparation_only,1,1,b005_0727,2,9.270000737160444e-05
1,cpu,common_features,feature_preparation_only,32,32,b005_0092|b004_0388|b004_0356|b005_0086|b005_0119|b005_0098|b004_0253|b005_0107|b004_0277|b004_0258|b005_0121|b005_0087|b005_0120|b005_0133|b004_0244|b005_0628|b005_0575|b005_0569|b005_0629|b005_0651|b005_0559|b005_0627|b005_0610|b005_0626|b005_0612|b005_0554|b005_0578|b005_0604|b005_0442|b005_0470|b005_0446|b005_0434,3|1|6|11|7|7|3|1|8|4|4|5|3|13|1|10|3|4|4|14|6|10|7|9|10|8|7|13|7|3|9|1,0.008567399927414954
1,cpu,common_features,feature_preparation_only,32,32,b005_0431|b005_0460|b005_0438|b005_0444|b004_0349|b005_0465|b004_0326|b005_0418|b004_0217|b004_0215|b005_0449|b004_0241|b004_0321|b005_0467|b005_0684|b005_0654|b005_0688|b005_0680|b005_0690|b005_0660|b005_0709|b005_0672|b004_0029|b004_0013|b005_0070|b005_0004|b005_0025|b005_0002|b005_0047|b005_0033|b005_0049|b004_0065,9|2|5|9|8|10|6|4|2|2|10|2|1|11|8|3|4|11|5|8|11|9|1|6|6|13|7|5|2|15|8|3,0.007333699963055551
1,cpu,common_features,feature_preparation_only,32,32,b004_0024|b005_0062|b004_0082|b004_0022|b005_0065|b004_0070|b005_0019|b004_0008|b004_0006|b005_0040|b004_0039|b004_0088|b004_0012|b004_0003|b004_0084|b004_0259|b005_0185|b005_0160|b005_0217|b005_0205|b005_0219|b004_0313|b005_0198|b005_0199|b005_0211|b005_0209|b004_0140|b005_0172|b005_0181|b004_0197|b005_0170|b004_0181,4|2|5|2|8|3|12|3|3|3|8|2|5|4|3|5|15|13|2|11|10|4|11|7|4|10|3|3|12|1|7|4,0.006154200062155724
1,cpu,common_features,feature_preparation_only,32,32,b005_0222|b005_0196|b004_0350|b005_0273|b005_0303|b005_0266|b004_0168|b005_0290|b004_0342|b005_0310|b005_0231|b005_0302|b005_0242|b005_0298|b004_0263|b005_0493|b005_0503|b004_0282|b005_0508|b005_0516|b004_0300|b004_0311|b004_0108|b005_0482|b005_0545|b005_0537|b005_0548|b005_0541|b004_0185|b005_0505|b005_0544|b005_0513,14|12|2|11|9|11|6|10|2|1|8|14|6|2|4|4|5|5|9|1|5|2|6|4|14|5|5|4|8|1|4|9,0.007469899952411652
1,cpu,common_features,feature_preparation_only,32,32,b004_0198|b004_0154|b005_0345|b004_0106|b005_0356|b004_0270|b005_0376|b005_0323|b005_0380|b004_0192|b005_0350|b004_0115|b004_0367|b004_0378|b005_0361|b005_0378|b005_0714|b005_0792|b005_0773|b005_0723|b005_0799|b005_0786|b005_0783|b005_0805|b005_0736|b005_0758|b005_0737|b005_0784|b005_0733|b005_0774|b005_0757|b005_0727,3|8|4|3|2|2|3|11|7|3|4|3|5|8|8|11|3|6|7|1|8|2|4|10|3|8|15|1|1|14|9|2,0.006270900019444525
1,cuda,gnn,forward_resident_inputs,1,1,b005_0092,3,0.0025825999910011888
1,cuda,gnn,forward_resident_inputs,1,1,b004_0388,1,0.0025024000788107514
1,cuda,gnn,forward_resident_inputs,1,1,b004_0356,6,0.002925500040873885
1,cuda,gnn,forward_resident_inputs,1,1,b005_0086,11,0.0037386000622063875
1,cuda,gnn,forward_resident_inputs,1,1,b005_0119,7,0.002688799984753132
1,cuda,gnn,forward_resident_inputs,1,1,b005_0098,7,0.0039305000100284815
1,cuda,gnn,forward_resident_inputs,1,1,b004_0253,3,0.003931200015358627
1,cuda,gnn,forward_resident_inputs,1,1,b005_0107,1,0.0020213000243529677
1,cuda,gnn,forward_resident_inputs,1,1,b004_0277,8,0.004029199946671724
1,cuda,gnn,forward_resident_inputs,1,1,b004_0258,4,0.002767199999652803
1,cuda,gnn,forward_resident_inputs,1,1,b005_0121,4,0.0033695000456646085
1,cuda,gnn,forward_resident_inputs,1,1,b005_0087,5,0.0028927999082952738
1,cuda,gnn,forward_resident_inputs,1,1,b005_0120,3,0.003675500047393143
1,cuda,gnn,forward_resident_inputs,1,1,b005_0133,13,0.0038001000648364425
1,cuda,gnn,forward_resident_inputs,1,1,b004_0244,1,0.0018807000014930964
1,cuda,gnn,forward_resident_inputs,1,1,b005_0628,10,0.004456099937669933
1,cuda,gnn,forward_resident_inputs,1,1,b005_0575,3,0.002811299986205995
1,cuda,gnn,forward_resident_inputs,1,1,b005_0569,4,0.003333800006657839
1,cuda,gnn,forward_resident_inputs,1,1,b005_0629,4,0.002604199922643602
1,cuda,gnn,forward_resident_inputs,1,1,b005_0651,14,0.004961700062267482
1,cuda,gnn,forward_resident_inputs,1,1,b005_0559,6,0.003396800020709634
1,cuda,gnn,forward_resident_inputs,1,1,b005_0627,10,0.002624999964609742
1,cuda,gnn,forward_resident_inputs,1,1,b005_0610,7,0.0033263000659644604
1,cuda,gnn,forward_resident_inputs,1,1,b005_0626,9,0.002666100044734776
1,cuda,gnn,forward_resident_inputs,1,1,b005_0612,10,0.005812599905766547
1,cuda,gnn,forward_resident_inputs,1,1,b005_0554,8,0.0043469000374898314
1,cuda,gnn,forward_resident_inputs,1,1,b005_0578,7,0.0035839000483974814
1,cuda,gnn,forward_resident_inputs,1,1,b005_0604,13,0.002750599989667535
1,cuda,gnn,forward_resident_inputs,1,1,b005_0442,7,0.004069100017659366
1,cuda,gnn,forward_resident_inputs,1,1,b005_0470,3,0.0037267999723553658
1,cuda,gnn,forward_resident_inputs,1,1,b005_0446,9,0.004076499957591295
1,cuda,gnn,forward_resident_inputs,1,1,b005_0434,1,0.0030709999846294522
1,cuda,gnn,forward_resident_inputs,1,1,b005_0431,9,0.0027344999834895134
1,cuda,gnn,forward_resident_inputs,1,1,b005_0460,2,0.003502400009892881
1,cuda,gnn,forward_resident_inputs,1,1,b005_0438,5,0.003435299964621663
1,cuda,gnn,forward_resident_inputs,1,1,b005_0444,9,0.002851799945347011
1,cuda,gnn,forward_resident_inputs,1,1,b004_0349,8,0.003479400067590177
1,cuda,gnn,forward_resident_inputs,1,1,b005_0465,10,0.002629399998113513
1,cuda,gnn,forward_resident_inputs,1,1,b004_0326,6,0.0035696999402716756
1,cuda,gnn,forward_resident_inputs,1,1,b005_0418,4,0.0027985000051558018
1,cuda,gnn,forward_resident_inputs,1,1,b004_0217,2,0.0032641999423503876
1,cuda,gnn,forward_resident_inputs,1,1,b004_0215,2,0.0025906000519171357
1,cuda,gnn,forward_resident_inputs,1,1,b005_0449,10,0.0031704000430181623
1,cuda,gnn,forward_resident_inputs,1,1,b004_0241,2,0.0037900999886915088
1,cuda,gnn,forward_resident_inputs,1,1,b004_0321,1,0.002074600080959499
1,cuda,gnn,forward_resident_inputs,1,1,b005_0467,11,0.003517500008456409
1,cuda,gnn,forward_resident_inputs,1,1,b005_0684,8,0.002808299963362515
1,cuda,gnn,forward_resident_inputs,1,1,b005_0654,3,0.0033376000355929136
1,cuda,gnn,forward_resident_inputs,1,1,b005_0688,4,0.002765499986708164
1,cuda,gnn,forward_resident_inputs,1,1,b005_0680,11,0.003934900043532252
1,cuda,gnn,forward_resident_inputs,1,1,b005_0690,5,0.0028108000988140702
1,cuda,gnn,forward_resident_inputs,1,1,b005_0660,8,0.004292600089684129
1,cuda,gnn,forward_resident_inputs,1,1,b005_0709,11,0.003291600034572184
1,cuda,gnn,forward_resident_inputs,1,1,b005_0672,9,0.0034498999593779445
1,cuda,gnn,forward_resident_inputs,1,1,b004_0029,1,0.0026930999010801315
1,cuda,gnn,forward_resident_inputs,1,1,b004_0013,6,0.0028292000060901046
1,cuda,gnn,forward_resident_inputs,1,1,b005_0070,6,0.005156400031410158
1,cuda,gnn,forward_resident_inputs,1,1,b005_0004,13,0.004639999940991402
1,cuda,gnn,forward_resident_inputs,1,1,b005_0025,7,0.004192300024442375
1,cuda,gnn,forward_resident_inputs,1,1,b005_0002,5,0.002693900023587048
1,cuda,gnn,forward_resident_inputs,1,1,b005_0047,2,0.0033242000499740243
1,cuda,gnn,forward_resident_inputs,1,1,b005_0033,15,0.0031008999794721603
1,cuda,gnn,forward_resident_inputs,1,1,b005_0049,8,0.004333500051870942
1,cuda,gnn,forward_resident_inputs,1,1,b004_0065,3,0.0034082999918609858
1,cuda,gnn,forward_resident_inputs,1,1,b004_0024,4,0.002607600064948201
1,cuda,gnn,forward_resident_inputs,1,1,b005_0062,2,0.0031608999706804752
1,cuda,gnn,forward_resident_inputs,1,1,b004_0082,5,0.0028922000201418996
1,cuda,gnn,forward_resident_inputs,1,1,b004_0022,2,0.0034609000431373715
1,cuda,gnn,forward_resident_inputs,1,1,b005_0065,8,0.003537300042808056
1,cuda,gnn,forward_resident_inputs,1,1,b004_0070,3,0.003050500061362982
1,cuda,gnn,forward_resident_inputs,1,1,b005_0019,12,0.003471900010481477
1,cuda,gnn,forward_resident_inputs,1,1,b004_0008,3,0.002788499929010868
1,cuda,gnn,forward_resident_inputs,1,1,b004_0006,3,0.005416700034402311
1,cuda,gnn,forward_resident_inputs,1,1,b005_0040,3,0.0038939000805839896
1,cuda,gnn,forward_resident_inputs,1,1,b004_0039,8,0.0031227999133989215
1,cuda,gnn,forward_resident_inputs,1,1,b004_0088,2,0.0032767000375315547
1,cuda,gnn,forward_resident_inputs,1,1,b004_0012,5,0.0036210999824106693
1,cuda,gnn,forward_resident_inputs,1,1,b004_0003,4,0.002665399922989309
1,cuda,gnn,forward_resident_inputs,1,1,b004_0084,3,0.003576099989004433
1,cuda,gnn,forward_resident_inputs,1,1,b004_0259,5,0.0048275000881403685
1,cuda,gnn,forward_resident_inputs,1,1,b005_0185,15,0.003176000085659325
1,cuda,gnn,forward_resident_inputs,1,1,b005_0160,13,0.0032353000715374947
1,cuda,gnn,forward_resident_inputs,1,1,b005_0217,2,0.0025698000099509954
1,cuda,gnn,forward_resident_inputs,1,1,b005_0205,11,0.0033505000174045563
1,cuda,gnn,forward_resident_inputs,1,1,b005_0219,10,0.0030634000431746244
1,cuda,gnn,forward_resident_inputs,1,1,b004_0313,4,0.0034644000697880983
1,cuda,gnn,forward_resident_inputs,1,1,b005_0198,11,0.0036277000326663256
1,cuda,gnn,forward_resident_inputs,1,1,b005_0199,7,0.0028440000023692846
1,cuda,gnn,forward_resident_inputs,1,1,b005_0211,4,0.003854000009596348
1,cuda,gnn,forward_resident_inputs,1,1,b005_0209,10,0.003155800048261881
1,cuda,gnn,forward_resident_inputs,1,1,b004_0140,3,0.00413799996022135
1,cuda,gnn,forward_resident_inputs,1,1,b005_0172,3,0.004050499992445111
1,cuda,gnn,forward_resident_inputs,1,1,b005_0181,12,0.0028521999483928084
1,cuda,gnn,forward_resident_inputs,1,1,b004_0197,1,0.0029439000645652413
1,cuda,gnn,forward_resident_inputs,1,1,b005_0170,7,0.0029042999958619475
1,cuda,gnn,forward_resident_inputs,1,1,b004_0181,4,0.003361399983987212
1,cuda,gnn,forward_resident_inputs,1,1,b005_0222,14,0.0035287999780848622
1,cuda,gnn,forward_resident_inputs,1,1,b005_0196,12,0.0032201999565586448
1,cuda,gnn,forward_resident_inputs,1,1,b004_0350,2,0.004082700004801154
1,cuda,gnn,forward_resident_inputs,1,1,b005_0273,11,0.003990199998952448
1,cuda,gnn,forward_resident_inputs,1,1,b005_0303,9,0.003073600004427135
1,cuda,gnn,forward_resident_inputs,1,1,b005_0266,11,0.004521400085650384
1,cuda,gnn,forward_resident_inputs,1,1,b004_0168,6,0.0048010998871177435
1,cuda,gnn,forward_resident_inputs,1,1,b005_0290,10,0.0026132999919354916
1,cuda,gnn,forward_resident_inputs,1,1,b004_0342,2,0.0031889999518170953
1,cuda,gnn,forward_resident_inputs,1,1,b005_0310,1,0.0018877999391406775
1,cuda,gnn,forward_resident_inputs,1,1,b005_0231,8,0.0036222999915480614
1,cuda,gnn,forward_resident_inputs,1,1,b005_0302,14,0.0027850999031215906
1,cuda,gnn,forward_resident_inputs,1,1,b005_0242,6,0.0033577000722289085
1,cuda,gnn,forward_resident_inputs,1,1,b005_0298,2,0.0031783999875187874
1,cuda,gnn,forward_resident_inputs,1,1,b004_0263,4,0.0029276000568643212
1,cuda,gnn,forward_resident_inputs,1,1,b005_0493,4,0.0035513000329956412
1,cuda,gnn,forward_resident_inputs,1,1,b005_0503,5,0.003739100066013634
1,cuda,gnn,forward_resident_inputs,1,1,b004_0282,5,0.0032372999703511596
1,cuda,gnn,forward_resident_inputs,1,1,b005_0508,9,0.002941400045529008
1,cuda,gnn,forward_resident_inputs,1,1,b005_0516,1,0.0020692000398412347
1,cuda,gnn,forward_resident_inputs,1,1,b004_0300,5,0.003064700053073466
1,cuda,gnn,forward_resident_inputs,1,1,b004_0311,2,0.002753600012511015
1,cuda,gnn,forward_resident_inputs,1,1,b004_0108,6,0.003798399935476482
1,cuda,gnn,forward_resident_inputs,1,1,b005_0482,4,0.0053588999435305595
1,cuda,gnn,forward_resident_inputs,1,1,b005_0545,14,0.0028779000276699662
1,cuda,gnn,forward_resident_inputs,1,1,b005_0537,5,0.004956100019626319
1,cuda,gnn,forward_resident_inputs,1,1,b005_0548,5,0.003850799985229969
1,cuda,gnn,forward_resident_inputs,1,1,b005_0541,4,0.0026536999503150582
1,cuda,gnn,forward_resident_inputs,1,1,b004_0185,8,0.003479899954982102
1,cuda,gnn,forward_resident_inputs,1,1,b005_0505,1,0.0018099000444635749
1,cuda,gnn,forward_resident_inputs,1,1,b005_0544,4,0.003617499954998493
1,cuda,gnn,forward_resident_inputs,1,1,b005_0513,9,0.004357800004072487
1,cuda,gnn,forward_resident_inputs,1,1,b004_0198,3,0.0038955999771133065
1,cuda,gnn,forward_resident_inputs,1,1,b004_0154,8,0.0039227999513968825
1,cuda,gnn,forward_resident_inputs,1,1,b005_0345,4,0.003513599978759885
1,cuda,gnn,forward_resident_inputs,1,1,b004_0106,3,0.0027534000109881163
1,cuda,gnn,forward_resident_inputs,1,1,b005_0356,2,0.003397500026039779
1,cuda,gnn,forward_resident_inputs,1,1,b004_0270,2,0.002697500050999224
1,cuda,gnn,forward_resident_inputs,1,1,b005_0376,3,0.003550900029949844
1,cuda,gnn,forward_resident_inputs,1,1,b005_0323,11,0.0026874999748542905
1,cuda,gnn,forward_resident_inputs,1,1,b005_0380,7,0.004732100060209632
1,cuda,gnn,forward_resident_inputs,1,1,b004_0192,3,0.003579300013370812
1,cuda,gnn,forward_resident_inputs,1,1,b005_0350,4,0.00280180003028363
1,cuda,gnn,forward_resident_inputs,1,1,b004_0115,3,0.0035613999934867024
1,cuda,gnn,forward_resident_inputs,1,1,b004_0367,5,0.003057599999010563
1,cuda,gnn,forward_resident_inputs,1,1,b004_0378,8,0.0028005000203847885
1,cuda,gnn,forward_resident_inputs,1,1,b005_0361,8,0.003605299978516996
1,cuda,gnn,forward_resident_inputs,1,1,b005_0378,11,0.002876900020055473
1,cuda,gnn,forward_resident_inputs,1,1,b005_0714,3,0.003719800035469234
1,cuda,gnn,forward_resident_inputs,1,1,b005_0792,6,0.0028310000197961926
1,cuda,gnn,forward_resident_inputs,1,1,b005_0773,7,0.003621100098825991
1,cuda,gnn,forward_resident_inputs,1,1,b005_0723,1,0.0021968999644741416
1,cuda,gnn,forward_resident_inputs,1,1,b005_0799,8,0.003139900043606758
1,cuda,gnn,forward_resident_inputs,1,1,b005_0786,2,0.0037444999907165766
1,cuda,gnn,forward_resident_inputs,1,1,b005_0783,4,0.002987300045788288
1,cuda,gnn,forward_resident_inputs,1,1,b005_0805,10,0.003994800033979118
1,cuda,gnn,forward_resident_inputs,1,1,b005_0736,3,0.0031484999926760793
1,cuda,gnn,forward_resident_inputs,1,1,b005_0758,8,0.0031299999682232738
1,cuda,gnn,forward_resident_inputs,1,1,b005_0737,15,0.00333360000513494
1,cuda,gnn,forward_resident_inputs,1,1,b005_0784,1,0.002046499983407557
1,cuda,gnn,forward_resident_inputs,1,1,b005_0733,1,0.0018536999123170972
1,cuda,gnn,forward_resident_inputs,1,1,b005_0774,14,0.0038596000522375107
1,cuda,gnn,forward_resident_inputs,1,1,b005_0757,9,0.0035247999476268888
1,cuda,gnn,forward_resident_inputs,1,1,b005_0727,2,0.002896999940276146
1,cuda,gnn,common_input_to_host_output,1,1,b005_0092,3,0.003983499947935343
1,cuda,gnn,common_input_to_host_output,1,1,b004_0388,1,0.0023047999711707234
1,cuda,gnn,common_input_to_host_output,1,1,b004_0356,6,0.004592900048010051
1,cuda,gnn,common_input_to_host_output,1,1,b005_0086,11,0.0034713000059127808
1,cuda,gnn,common_input_to_host_output,1,1,b005_0119,7,0.004145999904721975
1,cuda,gnn,common_input_to_host_output,1,1,b005_0098,7,0.003909599967300892
1,cuda,gnn,common_input_to_host_output,1,1,b004_0253,3,0.0030206000665202737
1,cuda,gnn,common_input_to_host_output,1,1,b005_0107,1,0.0033811000175774097
1,cuda,gnn,common_input_to_host_output,1,1,b004_0277,8,0.004304900066927075
1,cuda,gnn,common_input_to_host_output,1,1,b004_0258,4,0.003418400068767369
1,cuda,gnn,common_input_to_host_output,1,1,b005_0121,4,0.003698799991980195
1,cuda,gnn,common_input_to_host_output,1,1,b005_0087,5,0.004376400029286742
1,cuda,gnn,common_input_to_host_output,1,1,b005_0120,3,0.0037048000376671553
1,cuda,gnn,common_input_to_host_output,1,1,b005_0133,13,0.004608900053426623
1,cuda,gnn,common_input_to_host_output,1,1,b004_0244,1,0.002516999957151711
1,cuda,gnn,common_input_to_host_output,1,1,b005_0628,10,0.003692799946293235
1,cuda,gnn,common_input_to_host_output,1,1,b005_0575,3,0.005006200051866472
1,cuda,gnn,common_input_to_host_output,1,1,b005_0569,4,0.005878100055269897
1,cuda,gnn,common_input_to_host_output,1,1,b005_0629,4,0.0053013000870123506
1,cuda,gnn,common_input_to_host_output,1,1,b005_0651,14,0.004496900015510619
1,cuda,gnn,common_input_to_host_output,1,1,b005_0559,6,0.0037943999050185084
1,cuda,gnn,common_input_to_host_output,1,1,b005_0627,10,0.005286399973556399
1,cuda,gnn,common_input_to_host_output,1,1,b005_0610,7,0.0045661999611184
1,cuda,gnn,common_input_to_host_output,1,1,b005_0626,9,0.004562799935229123
1,cuda,gnn,common_input_to_host_output,1,1,b005_0612,10,0.003449999960139394
1,cuda,gnn,common_input_to_host_output,1,1,b005_0554,8,0.004104099934920669
1,cuda,gnn,common_input_to_host_output,1,1,b005_0578,7,0.004408900043927133
1,cuda,gnn,common_input_to_host_output,1,1,b005_0604,13,0.004632700001820922
1,cuda,gnn,common_input_to_host_output,1,1,b005_0442,7,0.0034944999497383833
1,cuda,gnn,common_input_to_host_output,1,1,b005_0470,3,0.003728699986822903
1,cuda,gnn,common_input_to_host_output,1,1,b005_0446,9,0.004343600012362003
1,cuda,gnn,common_input_to_host_output,1,1,b005_0434,1,0.0023120000259950757
1,cuda,gnn,common_input_to_host_output,1,1,b005_0431,9,0.0045559999998658895
1,cuda,gnn,common_input_to_host_output,1,1,b005_0460,2,0.0031440999591723084
1,cuda,gnn,common_input_to_host_output,1,1,b005_0438,5,0.005978400004096329
1,cuda,gnn,common_input_to_host_output,1,1,b005_0444,9,0.00469520001206547
1,cuda,gnn,common_input_to_host_output,1,1,b004_0349,8,0.005588299944065511
1,cuda,gnn,common_input_to_host_output,1,1,b005_0465,10,0.0045146000338718295
1,cuda,gnn,common_input_to_host_output,1,1,b004_0326,6,0.004175500012934208
1,cuda,gnn,common_input_to_host_output,1,1,b005_0418,4,0.003244600025936961
1,cuda,gnn,common_input_to_host_output,1,1,b004_0217,2,0.003755499958060682
1,cuda,gnn,common_input_to_host_output,1,1,b004_0215,2,0.003069200087338686
1,cuda,gnn,common_input_to_host_output,1,1,b005_0449,10,0.0062055999878793955
1,cuda,gnn,common_input_to_host_output,1,1,b004_0241,2,0.006699700024910271
1,cuda,gnn,common_input_to_host_output,1,1,b004_0321,1,0.0023490999592468143
1,cuda,gnn,common_input_to_host_output,1,1,b005_0467,11,0.004673899966292083
1,cuda,gnn,common_input_to_host_output,1,1,b005_0684,8,0.005538200028240681
1,cuda,gnn,common_input_to_host_output,1,1,b005_0654,3,0.0033307999838143587
1,cuda,gnn,common_input_to_host_output,1,1,b005_0688,4,0.004225900047458708
1,cuda,gnn,common_input_to_host_output,1,1,b005_0680,11,0.005138800013810396
1,cuda,gnn,common_input_to_host_output,1,1,b005_0690,5,0.004348099930211902
1,cuda,gnn,common_input_to_host_output,1,1,b005_0660,8,0.0035468999994918704
1,cuda,gnn,common_input_to_host_output,1,1,b005_0709,11,0.0048813000321388245
1,cuda,gnn,common_input_to_host_output,1,1,b005_0672,9,0.004132599919103086
1,cuda,gnn,common_input_to_host_output,1,1,b004_0029,1,0.002176900045014918
1,cuda,gnn,common_input_to_host_output,1,1,b004_0013,6,0.0037121999775990844
1,cuda,gnn,common_input_to_host_output,1,1,b005_0070,6,0.004650400020182133
1,cuda,gnn,common_input_to_host_output,1,1,b005_0004,13,0.004141399986110628
1,cuda,gnn,common_input_to_host_output,1,1,b005_0025,7,0.003847799962386489
1,cuda,gnn,common_input_to_host_output,1,1,b005_0002,5,0.00457230000756681
1,cuda,gnn,common_input_to_host_output,1,1,b005_0047,2,0.0032357999589294195
1,cuda,gnn,common_input_to_host_output,1,1,b005_0033,15,0.004808500059880316
1,cuda,gnn,common_input_to_host_output,1,1,b005_0049,8,0.003891599946655333
1,cuda,gnn,common_input_to_host_output,1,1,b004_0065,3,0.004425899940542877
1,cuda,gnn,common_input_to_host_output,1,1,b004_0024,4,0.0036210999824106693
1,cuda,gnn,common_input_to_host_output,1,1,b005_0062,2,0.00440940004773438
1,cuda,gnn,common_input_to_host_output,1,1,b004_0082,5,0.004151000059209764
1,cuda,gnn,common_input_to_host_output,1,1,b004_0022,2,0.0034878000151365995
1,cuda,gnn,common_input_to_host_output,1,1,b005_0065,8,0.003649999969638884
1,cuda,gnn,common_input_to_host_output,1,1,b004_0070,3,0.003840999910607934
1,cuda,gnn,common_input_to_host_output,1,1,b005_0019,12,0.003575799986720085
1,cuda,gnn,common_input_to_host_output,1,1,b004_0008,3,0.003628399921581149
1,cuda,gnn,common_input_to_host_output,1,1,b004_0006,3,0.0031154999742284417
1,cuda,gnn,common_input_to_host_output,1,1,b005_0040,3,0.005072699976153672
1,cuda,gnn,common_input_to_host_output,1,1,b004_0039,8,0.004025900037959218
1,cuda,gnn,common_input_to_host_output,1,1,b004_0088,2,0.003971800091676414
1,cuda,gnn,common_input_to_host_output,1,1,b004_0012,5,0.00333059998229146
1,cuda,gnn,common_input_to_host_output,1,1,b004_0003,4,0.003510700073093176
1,cuda,gnn,common_input_to_host_output,1,1,b004_0084,3,0.003051200066693127
1,cuda,gnn,common_input_to_host_output,1,1,b004_0259,5,0.0043512999545782804
1,cuda,gnn,common_input_to_host_output,1,1,b005_0185,15,0.0043635000474750996
1,cuda,gnn,common_input_to_host_output,1,1,b005_0160,13,0.003785800072364509
1,cuda,gnn,common_input_to_host_output,1,1,b005_0217,2,0.004136500065214932
1,cuda,gnn,common_input_to_host_output,1,1,b005_0205,11,0.005805599968880415
1,cuda,gnn,common_input_to_host_output,1,1,b005_0219,10,0.004198199952952564
1,cuda,gnn,common_input_to_host_output,1,1,b004_0313,4,0.003115599974989891
1,cuda,gnn,common_input_to_host_output,1,1,b005_0198,11,0.004342000000178814
1,cuda,gnn,common_input_to_host_output,1,1,b005_0199,7,0.004318399936892092
1,cuda,gnn,common_input_to_host_output,1,1,b005_0211,4,0.0038102000253275037
1,cuda,gnn,common_input_to_host_output,1,1,b005_0209,10,0.003649500082246959
1,cuda,gnn,common_input_to_host_output,1,1,b004_0140,3,0.004831400001421571
1,cuda,gnn,common_input_to_host_output,1,1,b005_0172,3,0.0037227000575512648
1,cuda,gnn,common_input_to_host_output,1,1,b005_0181,12,0.0037248999578878284
1,cuda,gnn,common_input_to_host_output,1,1,b004_0197,1,0.002547999960370362
1,cuda,gnn,common_input_to_host_output,1,1,b005_0170,7,0.003298999974504113
1,cuda,gnn,common_input_to_host_output,1,1,b004_0181,4,0.005549599998630583
1,cuda,gnn,common_input_to_host_output,1,1,b005_0222,14,0.0043469000374898314
1,cuda,gnn,common_input_to_host_output,1,1,b005_0196,12,0.004257099935784936
1,cuda,gnn,common_input_to_host_output,1,1,b004_0350,2,0.0035522000398486853
1,cuda,gnn,common_input_to_host_output,1,1,b005_0273,11,0.006057700025849044
1,cuda,gnn,common_input_to_host_output,1,1,b005_0303,9,0.004116100026294589
1,cuda,gnn,common_input_to_host_output,1,1,b005_0266,11,0.004119299934245646
1,cuda,gnn,common_input_to_host_output,1,1,b004_0168,6,0.003264700062572956
1,cuda,gnn,common_input_to_host_output,1,1,b005_0290,10,0.004260099958628416
1,cuda,gnn,common_input_to_host_output,1,1,b004_0342,2,0.0038701000157743692
1,cuda,gnn,common_input_to_host_output,1,1,b005_0310,1,0.0023644999600946903
1,cuda,gnn,common_input_to_host_output,1,1,b005_0231,8,0.0038150999462231994
1,cuda,gnn,common_input_to_host_output,1,1,b005_0302,14,0.004641400068067014
1,cuda,gnn,common_input_to_host_output,1,1,b005_0242,6,0.003323799930512905
1,cuda,gnn,common_input_to_host_output,1,1,b005_0298,2,0.0036832999903708696
1,cuda,gnn,common_input_to_host_output,1,1,b004_0263,4,0.00323750008828938
1,cuda,gnn,common_input_to_host_output,1,1,b005_0493,4,0.005578900105319917
1,cuda,gnn,common_input_to_host_output,1,1,b005_0503,5,0.004310599993914366
1,cuda,gnn,common_input_to_host_output,1,1,b004_0282,5,0.004353900090791285
1,cuda,gnn,common_input_to_host_output,1,1,b005_0508,9,0.003397800028324127
1,cuda,gnn,common_input_to_host_output,1,1,b005_0516,1,0.003782099927775562
1,cuda,gnn,common_input_to_host_output,1,1,b004_0300,5,0.004339899984188378
1,cuda,gnn,common_input_to_host_output,1,1,b004_0311,2,0.0032200999557971954
1,cuda,gnn,common_input_to_host_output,1,1,b004_0108,6,0.003966299933381379
1,cuda,gnn,common_input_to_host_output,1,1,b005_0482,4,0.004211099934764206
1,cuda,gnn,common_input_to_host_output,1,1,b005_0545,14,0.004078300087712705
1,cuda,gnn,common_input_to_host_output,1,1,b005_0537,5,0.003659800044260919
1,cuda,gnn,common_input_to_host_output,1,1,b005_0548,5,0.0040429000509902835
1,cuda,gnn,common_input_to_host_output,1,1,b005_0541,4,0.0031358000123873353
1,cuda,gnn,common_input_to_host_output,1,1,b004_0185,8,0.005454199970699847
1,cuda,gnn,common_input_to_host_output,1,1,b005_0505,1,0.00288609997369349
1,cuda,gnn,common_input_to_host_output,1,1,b005_0544,4,0.0032399999909102917
1,cuda,gnn,common_input_to_host_output,1,1,b005_0513,9,0.0037679000524803996
1,cuda,gnn,common_input_to_host_output,1,1,b004_0198,3,0.003941499977372587
1,cuda,gnn,common_input_to_host_output,1,1,b004_0154,8,0.003620699979364872
1,cuda,gnn,common_input_to_host_output,1,1,b005_0345,4,0.0038716000271961093
1,cuda,gnn,common_input_to_host_output,1,1,b004_0106,3,0.003875100053846836
1,cuda,gnn,common_input_to_host_output,1,1,b005_0356,2,0.004295599996112287
1,cuda,gnn,common_input_to_host_output,1,1,b004_0270,2,0.003699099994264543
1,cuda,gnn,common_input_to_host_output,1,1,b005_0376,3,0.0038648999761790037
1,cuda,gnn,common_input_to_host_output,1,1,b005_0323,11,0.005766900023445487
1,cuda,gnn,common_input_to_host_output,1,1,b005_0380,7,0.003886000020429492
1,cuda,gnn,common_input_to_host_output,1,1,b004_0192,3,0.003938199952244759
1,cuda,gnn,common_input_to_host_output,1,1,b005_0350,4,0.0043648999417200685
1,cuda,gnn,common_input_to_host_output,1,1,b004_0115,3,0.0034126000246033072
1,cuda,gnn,common_input_to_host_output,1,1,b004_0367,5,0.005732699995860457
1,cuda,gnn,common_input_to_host_output,1,1,b004_0378,8,0.0038504000985994935
1,cuda,gnn,common_input_to_host_output,1,1,b005_0361,8,0.00476629997137934
1,cuda,gnn,common_input_to_host_output,1,1,b005_0378,11,0.004276300081983209
1,cuda,gnn,common_input_to_host_output,1,1,b005_0714,3,0.003647400066256523
1,cuda,gnn,common_input_to_host_output,1,1,b005_0792,6,0.0036961000878363848
1,cuda,gnn,common_input_to_host_output,1,1,b005_0773,7,0.003199600032530725
1,cuda,gnn,common_input_to_host_output,1,1,b005_0723,1,0.0024754999903962016
1,cuda,gnn,common_input_to_host_output,1,1,b005_0799,8,0.004570999997667968
1,cuda,gnn,common_input_to_host_output,1,1,b005_0786,2,0.0033521000295877457
1,cuda,gnn,common_input_to_host_output,1,1,b005_0783,4,0.003737000050023198
1,cuda,gnn,common_input_to_host_output,1,1,b005_0805,10,0.003445400041528046
1,cuda,gnn,common_input_to_host_output,1,1,b005_0736,3,0.0036970999790355563
1,cuda,gnn,common_input_to_host_output,1,1,b005_0758,8,0.00419579993467778
1,cuda,gnn,common_input_to_host_output,1,1,b005_0737,15,0.003679300076328218
1,cuda,gnn,common_input_to_host_output,1,1,b005_0784,1,0.0028518999461084604
1,cuda,gnn,common_input_to_host_output,1,1,b005_0733,1,0.0030632999259978533
1,cuda,gnn,common_input_to_host_output,1,1,b005_0774,14,0.005354000022634864
1,cuda,gnn,common_input_to_host_output,1,1,b005_0757,9,0.004268900025635958
1,cuda,gnn,common_input_to_host_output,1,1,b005_0727,2,0.004254300030879676
1,cuda,gnn,forward_resident_inputs,32,32,b005_0092|b004_0388|b004_0356|b005_0086|b005_0119|b005_0098|b004_0253|b005_0107|b004_0277|b004_0258|b005_0121|b005_0087|b005_0120|b005_0133|b004_0244|b005_0628|b005_0575|b005_0569|b005_0629|b005_0651|b005_0559|b005_0627|b005_0610|b005_0626|b005_0612|b005_0554|b005_0578|b005_0604|b005_0442|b005_0470|b005_0446|b005_0434,3|1|6|11|7|7|3|1|8|4|4|5|3|13|1|10|3|4|4|14|6|10|7|9|10|8|7|13|7|3|9|1,0.0035106000723317266
1,cuda,gnn,forward_resident_inputs,32,32,b005_0431|b005_0460|b005_0438|b005_0444|b004_0349|b005_0465|b004_0326|b005_0418|b004_0217|b004_0215|b005_0449|b004_0241|b004_0321|b005_0467|b005_0684|b005_0654|b005_0688|b005_0680|b005_0690|b005_0660|b005_0709|b005_0672|b004_0029|b004_0013|b005_0070|b005_0004|b005_0025|b005_0002|b005_0047|b005_0033|b005_0049|b004_0065,9|2|5|9|8|10|6|4|2|2|10|2|1|11|8|3|4|11|5|8|11|9|1|6|6|13|7|5|2|15|8|3,0.0042313999729231
1,cuda,gnn,forward_resident_inputs,32,32,b004_0024|b005_0062|b004_0082|b004_0022|b005_0065|b004_0070|b005_0019|b004_0008|b004_0006|b005_0040|b004_0039|b004_0088|b004_0012|b004_0003|b004_0084|b004_0259|b005_0185|b005_0160|b005_0217|b005_0205|b005_0219|b004_0313|b005_0198|b005_0199|b005_0211|b005_0209|b004_0140|b005_0172|b005_0181|b004_0197|b005_0170|b004_0181,4|2|5|2|8|3|12|3|3|3|8|2|5|4|3|5|15|13|2|11|10|4|11|7|4|10|3|3|12|1|7|4,0.0038666999898850918
1,cuda,gnn,forward_resident_inputs,32,32,b005_0222|b005_0196|b004_0350|b005_0273|b005_0303|b005_0266|b004_0168|b005_0290|b004_0342|b005_0310|b005_0231|b005_0302|b005_0242|b005_0298|b004_0263|b005_0493|b005_0503|b004_0282|b005_0508|b005_0516|b004_0300|b004_0311|b004_0108|b005_0482|b005_0545|b005_0537|b005_0548|b005_0541|b004_0185|b005_0505|b005_0544|b005_0513,14|12|2|11|9|11|6|10|2|1|8|14|6|2|4|4|5|5|9|1|5|2|6|4|14|5|5|4|8|1|4|9,0.003702000016346574
1,cuda,gnn,forward_resident_inputs,32,32,b004_0198|b004_0154|b005_0345|b004_0106|b005_0356|b004_0270|b005_0376|b005_0323|b005_0380|b004_0192|b005_0350|b004_0115|b004_0367|b004_0378|b005_0361|b005_0378|b005_0714|b005_0792|b005_0773|b005_0723|b005_0799|b005_0786|b005_0783|b005_0805|b005_0736|b005_0758|b005_0737|b005_0784|b005_0733|b005_0774|b005_0757|b005_0727,3|8|4|3|2|2|3|11|7|3|4|3|5|8|8|11|3|6|7|1|8|2|4|10|3|8|15|1|1|14|9|2,0.003023599972948432
1,cuda,gnn,common_input_to_host_output,32,32,b005_0092|b004_0388|b004_0356|b005_0086|b005_0119|b005_0098|b004_0253|b005_0107|b004_0277|b004_0258|b005_0121|b005_0087|b005_0120|b005_0133|b004_0244|b005_0628|b005_0575|b005_0569|b005_0629|b005_0651|b005_0559|b005_0627|b005_0610|b005_0626|b005_0612|b005_0554|b005_0578|b005_0604|b005_0442|b005_0470|b005_0446|b005_0434,3|1|6|11|7|7|3|1|8|4|4|5|3|13|1|10|3|4|4|14|6|10|7|9|10|8|7|13|7|3|9|1,0.011452200007624924
1,cuda,gnn,common_input_to_host_output,32,32,b005_0431|b005_0460|b005_0438|b005_0444|b004_0349|b005_0465|b004_0326|b005_0418|b004_0217|b004_0215|b005_0449|b004_0241|b004_0321|b005_0467|b005_0684|b005_0654|b005_0688|b005_0680|b005_0690|b005_0660|b005_0709|b005_0672|b004_0029|b004_0013|b005_0070|b005_0004|b005_0025|b005_0002|b005_0047|b005_0033|b005_0049|b004_0065,9|2|5|9|8|10|6|4|2|2|10|2|1|11|8|3|4|11|5|8|11|9|1|6|6|13|7|5|2|15|8|3,0.011982399970293045
1,cuda,gnn,common_input_to_host_output,32,32,b004_0024|b005_0062|b004_0082|b004_0022|b005_0065|b004_0070|b005_0019|b004_0008|b004_0006|b005_0040|b004_0039|b004_0088|b004_0012|b004_0003|b004_0084|b004_0259|b005_0185|b005_0160|b005_0217|b005_0205|b005_0219|b004_0313|b005_0198|b005_0199|b005_0211|b005_0209|b004_0140|b005_0172|b005_0181|b004_0197|b005_0170|b004_0181,4|2|5|2|8|3|12|3|3|3|8|2|5|4|3|5|15|13|2|11|10|4|11|7|4|10|3|3|12|1|7|4,0.011312299990095198
1,cuda,gnn,common_input_to_host_output,32,32,b005_0222|b005_0196|b004_0350|b005_0273|b005_0303|b005_0266|b004_0168|b005_0290|b004_0342|b005_0310|b005_0231|b005_0302|b005_0242|b005_0298|b004_0263|b005_0493|b005_0503|b004_0282|b005_0508|b005_0516|b004_0300|b004_0311|b004_0108|b005_0482|b005_0545|b005_0537|b005_0548|b005_0541|b004_0185|b005_0505|b005_0544|b005_0513,14|12|2|11|9|11|6|10|2|1|8|14|6|2|4|4|5|5|9|1|5|2|6|4|14|5|5|4|8|1|4|9,0.0119581000180915
1,cuda,gnn,common_input_to_host_output,32,32,b004_0198|b004_0154|b005_0345|b004_0106|b005_0356|b004_0270|b005_0376|b005_0323|b005_0380|b004_0192|b005_0350|b004_0115|b004_0367|b004_0378|b005_0361|b005_0378|b005_0714|b005_0792|b005_0773|b005_0723|b005_0799|b005_0786|b005_0783|b005_0805|b005_0736|b005_0758|b005_0737|b005_0784|b005_0733|b005_0774|b005_0757|b005_0727,3|8|4|3|2|2|3|11|7|3|4|3|5|8|8|11|3|6|7|1|8|2|4|10|3|8|15|1|1|14|9|2,0.012275799992494285
1,cuda,set_attention,forward_resident_inputs,1,1,b005_0092,3,0.004136700066737831
1,cuda,set_attention,forward_resident_inputs,1,1,b004_0388,1,0.0032035999465733767
1,cuda,set_attention,forward_resident_inputs,1,1,b004_0356,6,0.003830399946309626
1,cuda,set_attention,forward_resident_inputs,1,1,b005_0086,11,0.0035920999944210052
1,cuda,set_attention,forward_resident_inputs,1,1,b005_0119,7,0.0030104999896138906
1,cuda,set_attention,forward_resident_inputs,1,1,b005_0098,7,0.0033912999788299203
1,cuda,set_attention,forward_resident_inputs,1,1,b004_0253,3,0.005310800042934716
1,cuda,set_attention,forward_resident_inputs,1,1,b005_0107,1,0.0028159000212326646
1,cuda,set_attention,forward_resident_inputs,1,1,b004_0277,8,0.004371299990452826
1,cuda,set_attention,forward_resident_inputs,1,1,b004_0258,4,0.0033631999976933002
1,cuda,set_attention,forward_resident_inputs,1,1,b005_0121,4,0.002821700065396726
1,cuda,set_attention,forward_resident_inputs,1,1,b005_0087,5,0.0032180999405682087
1,cuda,set_attention,forward_resident_inputs,1,1,b005_0120,3,0.0026546999579295516
1,cuda,set_attention,forward_resident_inputs,1,1,b005_0133,13,0.0039013000205159187
1,cuda,set_attention,forward_resident_inputs,1,1,b004_0244,1,0.0033651000121608377
1,cuda,set_attention,forward_resident_inputs,1,1,b005_0628,10,0.00328469998203218
1,cuda,set_attention,forward_resident_inputs,1,1,b005_0575,3,0.0034570000134408474
1,cuda,set_attention,forward_resident_inputs,1,1,b005_0569,4,0.0027715000323951244
1,cuda,set_attention,forward_resident_inputs,1,1,b005_0629,4,0.003184500033967197
1,cuda,set_attention,forward_resident_inputs,1,1,b005_0651,14,0.0028578999917954206
1,cuda,set_attention,forward_resident_inputs,1,1,b005_0559,6,0.003555099945515394
1,cuda,set_attention,forward_resident_inputs,1,1,b005_0627,10,0.003727999981492758
1,cuda,set_attention,forward_resident_inputs,1,1,b005_0610,7,0.0032900000223889947
1,cuda,set_attention,forward_resident_inputs,1,1,b005_0626,9,0.003491500043310225
1,cuda,set_attention,forward_resident_inputs,1,1,b005_0612,10,0.0036099000135436654
1,cuda,set_attention,forward_resident_inputs,1,1,b005_0554,8,0.004024200025014579
1,cuda,set_attention,forward_resident_inputs,1,1,b005_0578,7,0.0034129000268876553
1,cuda,set_attention,forward_resident_inputs,1,1,b005_0604,13,0.0028303000144660473
1,cuda,set_attention,forward_resident_inputs,1,1,b005_0442,7,0.003598500043153763
1,cuda,set_attention,forward_resident_inputs,1,1,b005_0470,3,0.003693699953146279
1,cuda,set_attention,forward_resident_inputs,1,1,b005_0446,9,0.00515600002836436
1,cuda,set_attention,forward_resident_inputs,1,1,b005_0434,1,0.0027959999861195683
1,cuda,set_attention,forward_resident_inputs,1,1,b005_0431,9,0.0034536999883130193
1,cuda,set_attention,forward_resident_inputs,1,1,b005_0460,2,0.0029458999633789062
1,cuda,set_attention,forward_resident_inputs,1,1,b005_0438,5,0.0038238000124692917
1,cuda,set_attention,forward_resident_inputs,1,1,b005_0444,9,0.00341070001013577
1,cuda,set_attention,forward_resident_inputs,1,1,b004_0349,8,0.002801300026476383
1,cuda,set_attention,forward_resident_inputs,1,1,b005_0465,10,0.003325799945741892
1,cuda,set_attention,forward_resident_inputs,1,1,b004_0326,6,0.002933699986897409
1,cuda,set_attention,forward_resident_inputs,1,1,b005_0418,4,0.004628299968317151
1,cuda,set_attention,forward_resident_inputs,1,1,b004_0217,2,0.005124200019054115
1,cuda,set_attention,forward_resident_inputs,1,1,b004_0215,2,0.004073700052686036
1,cuda,set_attention,forward_resident_inputs,1,1,b005_0449,10,0.0032532999757677317
1,cuda,set_attention,forward_resident_inputs,1,1,b004_0241,2,0.0037668999284505844
1,cuda,set_attention,forward_resident_inputs,1,1,b004_0321,1,0.003006200073286891
1,cuda,set_attention,forward_resident_inputs,1,1,b005_0467,11,0.0033870000625029206
1,cuda,set_attention,forward_resident_inputs,1,1,b005_0684,8,0.003334100008942187
1,cuda,set_attention,forward_resident_inputs,1,1,b005_0654,3,0.002710500033572316
1,cuda,set_attention,forward_resident_inputs,1,1,b005_0688,4,0.0030582998879253864
1,cuda,set_attention,forward_resident_inputs,1,1,b005_0680,11,0.002842299989424646
1,cuda,set_attention,forward_resident_inputs,1,1,b005_0690,5,0.003863300080411136
1,cuda,set_attention,forward_resident_inputs,1,1,b005_0660,8,0.005507500027306378
1,cuda,set_attention,forward_resident_inputs,1,1,b005_0709,11,0.002971199923194945
1,cuda,set_attention,forward_resident_inputs,1,1,b005_0672,9,0.003826300031505525
1,cuda,set_attention,forward_resident_inputs,1,1,b004_0029,1,0.004119599936529994
1,cuda,set_attention,forward_resident_inputs,1,1,b004_0013,6,0.0029805999947711825
1,cuda,set_attention,forward_resident_inputs,1,1,b005_0070,6,0.0034718000097200274
1,cuda,set_attention,forward_resident_inputs,1,1,b005_0004,13,0.003586699953302741
1,cuda,set_attention,forward_resident_inputs,1,1,b005_0025,7,0.003002300043590367
1,cuda,set_attention,forward_resident_inputs,1,1,b005_0002,5,0.0043536999728530645
1,cuda,set_attention,forward_resident_inputs,1,1,b005_0047,2,0.004490799969062209
1,cuda,set_attention,forward_resident_inputs,1,1,b005_0033,15,0.002819199929945171
1,cuda,set_attention,forward_resident_inputs,1,1,b005_0049,8,0.003968500066548586
1,cuda,set_attention,forward_resident_inputs,1,1,b004_0065,3,0.004190500010736287
1,cuda,set_attention,forward_resident_inputs,1,1,b004_0024,4,0.0030021999264135957
1,cuda,set_attention,forward_resident_inputs,1,1,b005_0062,2,0.0036792000755667686
1,cuda,set_attention,forward_resident_inputs,1,1,b004_0082,5,0.003251899965107441
1,cuda,set_attention,forward_resident_inputs,1,1,b004_0022,2,0.0044880000641569495
1,cuda,set_attention,forward_resident_inputs,1,1,b005_0065,8,0.0035043000243604183
1,cuda,set_attention,forward_resident_inputs,1,1,b004_0070,3,0.003105000010691583
1,cuda,set_attention,forward_resident_inputs,1,1,b005_0019,12,0.004295999999158084
1,cuda,set_attention,forward_resident_inputs,1,1,b004_0008,3,0.003266099956817925
1,cuda,set_attention,forward_resident_inputs,1,1,b004_0006,3,0.002715799957513809
1,cuda,set_attention,forward_resident_inputs,1,1,b005_0040,3,0.003142000059597194
1,cuda,set_attention,forward_resident_inputs,1,1,b004_0039,8,0.0027852000202983618
1,cuda,set_attention,forward_resident_inputs,1,1,b004_0088,2,0.003291300032287836
1,cuda,set_attention,forward_resident_inputs,1,1,b004_0012,5,0.00303869997151196
1,cuda,set_attention,forward_resident_inputs,1,1,b004_0003,4,0.003589599975384772
1,cuda,set_attention,forward_resident_inputs,1,1,b004_0084,3,0.0033792000031098723
1,cuda,set_attention,forward_resident_inputs,1,1,b004_0259,5,0.0030933000380173326
1,cuda,set_attention,forward_resident_inputs,1,1,b005_0185,15,0.0035605999873951077
1,cuda,set_attention,forward_resident_inputs,1,1,b005_0160,13,0.003389199962839484
1,cuda,set_attention,forward_resident_inputs,1,1,b005_0217,2,0.004556600004434586
1,cuda,set_attention,forward_resident_inputs,1,1,b005_0205,11,0.00398999999742955
1,cuda,set_attention,forward_resident_inputs,1,1,b005_0219,10,0.0035726999631151557
1,cuda,set_attention,forward_resident_inputs,1,1,b004_0313,4,0.0030715001048520207
1,cuda,set_attention,forward_resident_inputs,1,1,b005_0198,11,0.004045499954372644
1,cuda,set_attention,forward_resident_inputs,1,1,b005_0199,7,0.004151499946601689
1,cuda,set_attention,forward_resident_inputs,1,1,b005_0211,4,0.003132499987259507
1,cuda,set_attention,forward_resident_inputs,1,1,b005_0209,10,0.003697600099258125
1,cuda,set_attention,forward_resident_inputs,1,1,b004_0140,3,0.003923699958249927
1,cuda,set_attention,forward_resident_inputs,1,1,b005_0172,3,0.0031078000320121646
1,cuda,set_attention,forward_resident_inputs,1,1,b005_0181,12,0.004046599962748587
1,cuda,set_attention,forward_resident_inputs,1,1,b004_0197,1,0.0038850000128149986
1,cuda,set_attention,forward_resident_inputs,1,1,b005_0170,7,0.0030158000299707055
1,cuda,set_attention,forward_resident_inputs,1,1,b004_0181,4,0.003960100002586842
1,cuda,set_attention,forward_resident_inputs,1,1,b005_0222,14,0.004305999958887696
1,cuda,set_attention,forward_resident_inputs,1,1,b005_0196,12,0.0030796999344602227
1,cuda,set_attention,forward_resident_inputs,1,1,b004_0350,2,0.0036103000165894628
1,cuda,set_attention,forward_resident_inputs,1,1,b005_0273,11,0.00372190005145967
1,cuda,set_attention,forward_resident_inputs,1,1,b005_0303,9,0.0030892000067979097
1,cuda,set_attention,forward_resident_inputs,1,1,b005_0266,11,0.00485959998331964
1,cuda,set_attention,forward_resident_inputs,1,1,b004_0168,6,0.0043515999568626285
1,cuda,set_attention,forward_resident_inputs,1,1,b005_0290,10,0.0030128000071272254
1,cuda,set_attention,forward_resident_inputs,1,1,b004_0342,2,0.0037469000089913607
1,cuda,set_attention,forward_resident_inputs,1,1,b005_0310,1,0.003722999943420291
1,cuda,set_attention,forward_resident_inputs,1,1,b005_0231,8,0.0032876000041142106
1,cuda,set_attention,forward_resident_inputs,1,1,b005_0302,14,0.003576999995857477
1,cuda,set_attention,forward_resident_inputs,1,1,b005_0242,6,0.0033725000685080886
1,cuda,set_attention,forward_resident_inputs,1,1,b005_0298,2,0.004234299995005131
1,cuda,set_attention,forward_resident_inputs,1,1,b004_0263,4,0.0035152999917045236
1,cuda,set_attention,forward_resident_inputs,1,1,b005_0493,4,0.0035833000438287854
1,cuda,set_attention,forward_resident_inputs,1,1,b005_0503,5,0.003618599963374436
1,cuda,set_attention,forward_resident_inputs,1,1,b004_0282,5,0.00507139996625483
1,cuda,set_attention,forward_resident_inputs,1,1,b005_0508,9,0.004713200032711029
1,cuda,set_attention,forward_resident_inputs,1,1,b005_0516,1,0.003524300060234964
1,cuda,set_attention,forward_resident_inputs,1,1,b004_0300,5,0.003977000014856458
1,cuda,set_attention,forward_resident_inputs,1,1,b004_0311,2,0.003938299953006208
1,cuda,set_attention,forward_resident_inputs,1,1,b004_0108,6,0.00386850000359118
1,cuda,set_attention,forward_resident_inputs,1,1,b005_0482,4,0.003413100028410554
1,cuda,set_attention,forward_resident_inputs,1,1,b005_0545,14,0.0036868000170215964
1,cuda,set_attention,forward_resident_inputs,1,1,b005_0537,5,0.004643900087103248
1,cuda,set_attention,forward_resident_inputs,1,1,b005_0548,5,0.0029981000116094947
1,cuda,set_attention,forward_resident_inputs,1,1,b005_0541,4,0.005426899995654821
1,cuda,set_attention,forward_resident_inputs,1,1,b004_0185,8,0.0036910000490024686
1,cuda,set_attention,forward_resident_inputs,1,1,b005_0505,1,0.0034386999905109406
1,cuda,set_attention,forward_resident_inputs,1,1,b005_0544,4,0.00332609994802624
1,cuda,set_attention,forward_resident_inputs,1,1,b005_0513,9,0.004807800054550171
1,cuda,set_attention,forward_resident_inputs,1,1,b004_0198,3,0.004759500036016107
1,cuda,set_attention,forward_resident_inputs,1,1,b004_0154,8,0.003424599999561906
1,cuda,set_attention,forward_resident_inputs,1,1,b005_0345,4,0.005217900034040213
1,cuda,set_attention,forward_resident_inputs,1,1,b004_0106,3,0.0030701999785378575
1,cuda,set_attention,forward_resident_inputs,1,1,b005_0356,2,0.005132499965839088
1,cuda,set_attention,forward_resident_inputs,1,1,b004_0270,2,0.004659500089474022
1,cuda,set_attention,forward_resident_inputs,1,1,b005_0376,3,0.005838699988089502
1,cuda,set_attention,forward_resident_inputs,1,1,b005_0323,11,0.004302800050936639
1,cuda,set_attention,forward_resident_inputs,1,1,b005_0380,7,0.0031792999943718314
1,cuda,set_attention,forward_resident_inputs,1,1,b004_0192,3,0.0035189000191166997
1,cuda,set_attention,forward_resident_inputs,1,1,b005_0350,4,0.0037406000774353743
1,cuda,set_attention,forward_resident_inputs,1,1,b004_0115,3,0.003027200000360608
1,cuda,set_attention,forward_resident_inputs,1,1,b004_0367,5,0.003643800038844347
1,cuda,set_attention,forward_resident_inputs,1,1,b004_0378,8,0.0029267999343574047
1,cuda,set_attention,forward_resident_inputs,1,1,b005_0361,8,0.0036138000432401896
1,cuda,set_attention,forward_resident_inputs,1,1,b005_0378,11,0.0041510999435558915
1,cuda,set_attention,forward_resident_inputs,1,1,b005_0714,3,0.003167600021697581
1,cuda,set_attention,forward_resident_inputs,1,1,b005_0792,6,0.00354850001167506
1,cuda,set_attention,forward_resident_inputs,1,1,b005_0773,7,0.0030206000665202737
1,cuda,set_attention,forward_resident_inputs,1,1,b005_0723,1,0.004024000023491681
1,cuda,set_attention,forward_resident_inputs,1,1,b005_0799,8,0.0033037998946383595
1,cuda,set_attention,forward_resident_inputs,1,1,b005_0786,2,0.0026760000037029386
1,cuda,set_attention,forward_resident_inputs,1,1,b005_0783,4,0.004978800076059997
1,cuda,set_attention,forward_resident_inputs,1,1,b005_0805,10,0.004440499935299158
1,cuda,set_attention,forward_resident_inputs,1,1,b005_0736,3,0.0026584999868646264
1,cuda,set_attention,forward_resident_inputs,1,1,b005_0758,8,0.0038093000184744596
1,cuda,set_attention,forward_resident_inputs,1,1,b005_0737,15,0.00332909997086972
1,cuda,set_attention,forward_resident_inputs,1,1,b005_0784,1,0.0035794000141322613
1,cuda,set_attention,forward_resident_inputs,1,1,b005_0733,1,0.003550400026142597
1,cuda,set_attention,forward_resident_inputs,1,1,b005_0774,14,0.0030066000763326883
1,cuda,set_attention,forward_resident_inputs,1,1,b005_0757,9,0.0034404000034555793
1,cuda,set_attention,forward_resident_inputs,1,1,b005_0727,2,0.0035954000195488334
1,cuda,set_attention,common_input_to_host_output,1,1,b005_0092,3,0.003364799893461168
1,cuda,set_attention,common_input_to_host_output,1,1,b004_0388,1,0.0038295999402180314
1,cuda,set_attention,common_input_to_host_output,1,1,b004_0356,6,0.0037107999669387937
1,cuda,set_attention,common_input_to_host_output,1,1,b005_0086,11,0.0038484999677166343
1,cuda,set_attention,common_input_to_host_output,1,1,b005_0119,7,0.004028500057756901
1,cuda,set_attention,common_input_to_host_output,1,1,b005_0098,7,0.003631899948231876
1,cuda,set_attention,common_input_to_host_output,1,1,b004_0253,3,0.003119500004686415
1,cuda,set_attention,common_input_to_host_output,1,1,b005_0107,1,0.003856699913740158
1,cuda,set_attention,common_input_to_host_output,1,1,b004_0277,8,0.004337000078521669
1,cuda,set_attention,common_input_to_host_output,1,1,b004_0258,4,0.005536199896596372
1,cuda,set_attention,common_input_to_host_output,1,1,b005_0121,4,0.003531700000166893
1,cuda,set_attention,common_input_to_host_output,1,1,b005_0087,5,0.003818299970589578
1,cuda,set_attention,common_input_to_host_output,1,1,b005_0120,3,0.0034742000279948115
1,cuda,set_attention,common_input_to_host_output,1,1,b005_0133,13,0.003938400070182979
1,cuda,set_attention,common_input_to_host_output,1,1,b004_0244,1,0.003396200016140938
1,cuda,set_attention,common_input_to_host_output,1,1,b005_0628,10,0.0036269999109208584
1,cuda,set_attention,common_input_to_host_output,1,1,b005_0575,3,0.0049999000038951635
1,cuda,set_attention,common_input_to_host_output,1,1,b005_0569,4,0.003604499972425401
1,cuda,set_attention,common_input_to_host_output,1,1,b005_0629,4,0.003282099962234497
1,cuda,set_attention,common_input_to_host_output,1,1,b005_0651,14,0.004894400015473366
1,cuda,set_attention,common_input_to_host_output,1,1,b005_0559,6,0.005767100024968386
1,cuda,set_attention,common_input_to_host_output,1,1,b005_0627,10,0.004184499965049326
1,cuda,set_attention,common_input_to_host_output,1,1,b005_0610,7,0.0048828000435605645
1,cuda,set_attention,common_input_to_host_output,1,1,b005_0626,9,0.006307799951173365
1,cuda,set_attention,common_input_to_host_output,1,1,b005_0612,10,0.004452100023627281
1,cuda,set_attention,common_input_to_host_output,1,1,b005_0554,8,0.00379290001001209
1,cuda,set_attention,common_input_to_host_output,1,1,b005_0578,7,0.003751200041733682
1,cuda,set_attention,common_input_to_host_output,1,1,b005_0604,13,0.004145000013522804
1,cuda,set_attention,common_input_to_host_output,1,1,b005_0442,7,0.003413699916563928
1,cuda,set_attention,common_input_to_host_output,1,1,b005_0470,3,0.00437820004299283
1,cuda,set_attention,common_input_to_host_output,1,1,b005_0446,9,0.0043512999545782804
1,cuda,set_attention,common_input_to_host_output,1,1,b005_0434,1,0.0032461000373587012
1,cuda,set_attention,common_input_to_host_output,1,1,b005_0431,9,0.005879499949514866
1,cuda,set_attention,common_input_to_host_output,1,1,b005_0460,2,0.004324899986386299
1,cuda,set_attention,common_input_to_host_output,1,1,b005_0438,5,0.0037525000516325235
1,cuda,set_attention,common_input_to_host_output,1,1,b005_0444,9,0.0050487000262364745
1,cuda,set_attention,common_input_to_host_output,1,1,b004_0349,8,0.003384700044989586
1,cuda,set_attention,common_input_to_host_output,1,1,b005_0465,10,0.0035121000837534666
1,cuda,set_attention,common_input_to_host_output,1,1,b004_0326,6,0.0032369999680668116
1,cuda,set_attention,common_input_to_host_output,1,1,b005_0418,4,0.00398999999742955
1,cuda,set_attention,common_input_to_host_output,1,1,b004_0217,2,0.004488200065679848
1,cuda,set_attention,common_input_to_host_output,1,1,b004_0215,2,0.003221999970264733
1,cuda,set_attention,common_input_to_host_output,1,1,b005_0449,10,0.00523460004478693
1,cuda,set_attention,common_input_to_host_output,1,1,b004_0241,2,0.0037329000188037753
1,cuda,set_attention,common_input_to_host_output,1,1,b004_0321,1,0.004565499955788255
1,cuda,set_attention,common_input_to_host_output,1,1,b005_0467,11,0.0036823999835178256
1,cuda,set_attention,common_input_to_host_output,1,1,b005_0684,8,0.003820299985818565
1,cuda,set_attention,common_input_to_host_output,1,1,b005_0654,3,0.003757599974051118
1,cuda,set_attention,common_input_to_host_output,1,1,b005_0688,4,0.00406130007468164
1,cuda,set_attention,common_input_to_host_output,1,1,b005_0680,11,0.00442260003183037
1,cuda,set_attention,common_input_to_host_output,1,1,b005_0690,5,0.003618400078266859
1,cuda,set_attention,common_input_to_host_output,1,1,b005_0660,8,0.0032125000143423676
1,cuda,set_attention,common_input_to_host_output,1,1,b005_0709,11,0.004057599930092692
1,cuda,set_attention,common_input_to_host_output,1,1,b005_0672,9,0.004142299992963672
1,cuda,set_attention,common_input_to_host_output,1,1,b004_0029,1,0.0032772000413388014
1,cuda,set_attention,common_input_to_host_output,1,1,b004_0013,6,0.0038816999876871705
1,cuda,set_attention,common_input_to_host_output,1,1,b005_0070,6,0.004607700044289231
1,cuda,set_attention,common_input_to_host_output,1,1,b005_0004,13,0.003612500033341348
1,cuda,set_attention,common_input_to_host_output,1,1,b005_0025,7,0.0037794000236317515
1,cuda,set_attention,common_input_to_host_output,1,1,b005_0002,5,0.0035590999759733677
1,cuda,set_attention,common_input_to_host_output,1,1,b005_0047,2,0.003445599926635623
1,cuda,set_attention,common_input_to_host_output,1,1,b005_0033,15,0.004092599963769317
1,cuda,set_attention,common_input_to_host_output,1,1,b005_0049,8,0.003184800036251545
1,cuda,set_attention,common_input_to_host_output,1,1,b004_0065,3,0.004178100032731891
1,cuda,set_attention,common_input_to_host_output,1,1,b004_0024,4,0.0038397000171244144
1,cuda,set_attention,common_input_to_host_output,1,1,b005_0062,2,0.0033443999709561467
1,cuda,set_attention,common_input_to_host_output,1,1,b004_0082,5,0.003983000060543418
1,cuda,set_attention,common_input_to_host_output,1,1,b004_0022,2,0.0038978999946266413
1,cuda,set_attention,common_input_to_host_output,1,1,b005_0065,8,0.0033759999787434936
1,cuda,set_attention,common_input_to_host_output,1,1,b004_0070,3,0.003585799946449697
1,cuda,set_attention,common_input_to_host_output,1,1,b005_0019,12,0.004435300012119114
1,cuda,set_attention,common_input_to_host_output,1,1,b004_0008,3,0.003424599999561906
1,cuda,set_attention,common_input_to_host_output,1,1,b004_0006,3,0.003620700095780194
1,cuda,set_attention,common_input_to_host_output,1,1,b005_0040,3,0.0031254999339580536
1,cuda,set_attention,common_input_to_host_output,1,1,b004_0039,8,0.00551749998703599
1,cuda,set_attention,common_input_to_host_output,1,1,b004_0088,2,0.0036129000363871455
1,cuda,set_attention,common_input_to_host_output,1,1,b004_0012,5,0.004154799971729517
1,cuda,set_attention,common_input_to_host_output,1,1,b004_0003,4,0.00602269999217242
1,cuda,set_attention,common_input_to_host_output,1,1,b004_0084,3,0.0038029999705031514
1,cuda,set_attention,common_input_to_host_output,1,1,b004_0259,5,0.004428599961102009
1,cuda,set_attention,common_input_to_host_output,1,1,b005_0185,15,0.005410899990238249
1,cuda,set_attention,common_input_to_host_output,1,1,b005_0160,13,0.005488299997523427
1,cuda,set_attention,common_input_to_host_output,1,1,b005_0217,2,0.004765599966049194
1,cuda,set_attention,common_input_to_host_output,1,1,b005_0205,11,0.003719399916008115
1,cuda,set_attention,common_input_to_host_output,1,1,b005_0219,10,0.004462899989448488
1,cuda,set_attention,common_input_to_host_output,1,1,b004_0313,4,0.004139899974688888
1,cuda,set_attention,common_input_to_host_output,1,1,b005_0198,11,0.0045952999498695135
1,cuda,set_attention,common_input_to_host_output,1,1,b005_0199,7,0.0031654000049456954
1,cuda,set_attention,common_input_to_host_output,1,1,b005_0211,4,0.003462199936620891
1,cuda,set_attention,common_input_to_host_output,1,1,b005_0209,10,0.003344800090417266
1,cuda,set_attention,common_input_to_host_output,1,1,b004_0140,3,0.004064799984917045
1,cuda,set_attention,common_input_to_host_output,1,1,b005_0172,3,0.00454560003709048
1,cuda,set_attention,common_input_to_host_output,1,1,b005_0181,12,0.0050218000542372465
1,cuda,set_attention,common_input_to_host_output,1,1,b004_0197,1,0.0030986000783741474
1,cuda,set_attention,common_input_to_host_output,1,1,b005_0170,7,0.0036815000930801034
1,cuda,set_attention,common_input_to_host_output,1,1,b004_0181,4,0.003744899993762374
1,cuda,set_attention,common_input_to_host_output,1,1,b005_0222,14,0.003655299893580377
1,cuda,set_attention,common_input_to_host_output,1,1,b005_0196,12,0.00408780004363507
1,cuda,set_attention,common_input_to_host_output,1,1,b004_0350,2,0.0038612999487668276
1,cuda,set_attention,common_input_to_host_output,1,1,b005_0273,11,0.003331799991428852
1,cuda,set_attention,common_input_to_host_output,1,1,b005_0303,9,0.003638099995441735
1,cuda,set_attention,common_input_to_host_output,1,1,b005_0266,11,0.00380319997202605
1,cuda,set_attention,common_input_to_host_output,1,1,b004_0168,6,0.0040846000192686915
1,cuda,set_attention,common_input_to_host_output,1,1,b005_0290,10,0.0037709999596700072
1,cuda,set_attention,common_input_to_host_output,1,1,b004_0342,2,0.00407300004735589
1,cuda,set_attention,common_input_to_host_output,1,1,b005_0310,1,0.003687600023113191
1,cuda,set_attention,common_input_to_host_output,1,1,b005_0231,8,0.005300999968312681
1,cuda,set_attention,common_input_to_host_output,1,1,b005_0302,14,0.0060634000692516565
1,cuda,set_attention,common_input_to_host_output,1,1,b005_0242,6,0.0041837000753730536
1,cuda,set_attention,common_input_to_host_output,1,1,b005_0298,2,0.0031150999711826444
1,cuda,set_attention,common_input_to_host_output,1,1,b004_0263,4,0.003960000001825392
1,cuda,set_attention,common_input_to_host_output,1,1,b005_0493,4,0.003759399987757206
1,cuda,set_attention,common_input_to_host_output,1,1,b005_0503,5,0.0034944000653922558
1,cuda,set_attention,common_input_to_host_output,1,1,b004_0282,5,0.003679599962197244
1,cuda,set_attention,common_input_to_host_output,1,1,b005_0508,9,0.0041145000141114
1,cuda,set_attention,common_input_to_host_output,1,1,b005_0516,1,0.005040199961513281
1,cuda,set_attention,common_input_to_host_output,1,1,b004_0300,5,0.003849599976092577
1,cuda,set_attention,common_input_to_host_output,1,1,b004_0311,2,0.004141699988394976
1,cuda,set_attention,common_input_to_host_output,1,1,b004_0108,6,0.004601699998602271
1,cuda,set_attention,common_input_to_host_output,1,1,b005_0482,4,0.0037764000007882714
1,cuda,set_attention,common_input_to_host_output,1,1,b005_0545,14,0.004691799986176193
1,cuda,set_attention,common_input_to_host_output,1,1,b005_0537,5,0.0037306000012904406
1,cuda,set_attention,common_input_to_host_output,1,1,b005_0548,5,0.0035694000544026494
1,cuda,set_attention,common_input_to_host_output,1,1,b005_0541,4,0.003995299921371043
1,cuda,set_attention,common_input_to_host_output,1,1,b004_0185,8,0.0038250000216066837
1,cuda,set_attention,common_input_to_host_output,1,1,b005_0505,1,0.0031008999794721603
1,cuda,set_attention,common_input_to_host_output,1,1,b005_0544,4,0.003398000029847026
1,cuda,set_attention,common_input_to_host_output,1,1,b005_0513,9,0.00326410005800426
1,cuda,set_attention,common_input_to_host_output,1,1,b004_0198,3,0.004407400032505393
1,cuda,set_attention,common_input_to_host_output,1,1,b004_0154,8,0.003643799922429025
1,cuda,set_attention,common_input_to_host_output,1,1,b005_0345,4,0.003226499888114631
1,cuda,set_attention,common_input_to_host_output,1,1,b004_0106,3,0.0049091000109910965
1,cuda,set_attention,common_input_to_host_output,1,1,b005_0356,2,0.003911099978722632
1,cuda,set_attention,common_input_to_host_output,1,1,b004_0270,2,0.0031626999843865633
1,cuda,set_attention,common_input_to_host_output,1,1,b005_0376,3,0.004041099920868874
1,cuda,set_attention,common_input_to_host_output,1,1,b005_0323,11,0.003585900063626468
1,cuda,set_attention,common_input_to_host_output,1,1,b005_0380,7,0.003375799977220595
1,cuda,set_attention,common_input_to_host_output,1,1,b004_0192,3,0.003716600011102855
1,cuda,set_attention,common_input_to_host_output,1,1,b005_0350,4,0.0031974000157788396
1,cuda,set_attention,common_input_to_host_output,1,1,b004_0115,3,0.004419100005179644
1,cuda,set_attention,common_input_to_host_output,1,1,b004_0367,5,0.0040475999703630805
1,cuda,set_attention,common_input_to_host_output,1,1,b004_0378,8,0.005858800024725497
1,cuda,set_attention,common_input_to_host_output,1,1,b005_0361,8,0.0036468999460339546
1,cuda,set_attention,common_input_to_host_output,1,1,b005_0378,11,0.004394100047647953
1,cuda,set_attention,common_input_to_host_output,1,1,b005_0714,3,0.005846899934113026
1,cuda,set_attention,common_input_to_host_output,1,1,b005_0792,6,0.006404499989002943
1,cuda,set_attention,common_input_to_host_output,1,1,b005_0773,7,0.0075607000617310405
1,cuda,set_attention,common_input_to_host_output,1,1,b005_0723,1,0.0032872000010684133
1,cuda,set_attention,common_input_to_host_output,1,1,b005_0799,8,0.0038347000954672694
1,cuda,set_attention,common_input_to_host_output,1,1,b005_0786,2,0.004583500092849135
1,cuda,set_attention,common_input_to_host_output,1,1,b005_0783,4,0.0033497000113129616
1,cuda,set_attention,common_input_to_host_output,1,1,b005_0805,10,0.003527499968186021
1,cuda,set_attention,common_input_to_host_output,1,1,b005_0736,3,0.0031180999940261245
1,cuda,set_attention,common_input_to_host_output,1,1,b005_0758,8,0.004408700042404234
1,cuda,set_attention,common_input_to_host_output,1,1,b005_0737,15,0.006729800021275878
1,cuda,set_attention,common_input_to_host_output,1,1,b005_0784,1,0.003784499946050346
1,cuda,set_attention,common_input_to_host_output,1,1,b005_0733,1,0.0037872999673709273
1,cuda,set_attention,common_input_to_host_output,1,1,b005_0774,14,0.003667399985715747
1,cuda,set_attention,common_input_to_host_output,1,1,b005_0757,9,0.0034839999862015247
1,cuda,set_attention,common_input_to_host_output,1,1,b005_0727,2,0.0030384999699890614
1,cuda,set_attention,forward_resident_inputs,32,32,b005_0092|b004_0388|b004_0356|b005_0086|b005_0119|b005_0098|b004_0253|b005_0107|b004_0277|b004_0258|b005_0121|b005_0087|b005_0120|b005_0133|b004_0244|b005_0628|b005_0575|b005_0569|b005_0629|b005_0651|b005_0559|b005_0627|b005_0610|b005_0626|b005_0612|b005_0554|b005_0578|b005_0604|b005_0442|b005_0470|b005_0446|b005_0434,3|1|6|11|7|7|3|1|8|4|4|5|3|13|1|10|3|4|4|14|6|10|7|9|10|8|7|13|7|3|9|1,0.0065530999563634396
1,cuda,set_attention,forward_resident_inputs,32,32,b005_0431|b005_0460|b005_0438|b005_0444|b004_0349|b005_0465|b004_0326|b005_0418|b004_0217|b004_0215|b005_0449|b004_0241|b004_0321|b005_0467|b005_0684|b005_0654|b005_0688|b005_0680|b005_0690|b005_0660|b005_0709|b005_0672|b004_0029|b004_0013|b005_0070|b005_0004|b005_0025|b005_0002|b005_0047|b005_0033|b005_0049|b004_0065,9|2|5|9|8|10|6|4|2|2|10|2|1|11|8|3|4|11|5|8|11|9|1|6|6|13|7|5|2|15|8|3,0.006474899942986667
1,cuda,set_attention,forward_resident_inputs,32,32,b004_0024|b005_0062|b004_0082|b004_0022|b005_0065|b004_0070|b005_0019|b004_0008|b004_0006|b005_0040|b004_0039|b004_0088|b004_0012|b004_0003|b004_0084|b004_0259|b005_0185|b005_0160|b005_0217|b005_0205|b005_0219|b004_0313|b005_0198|b005_0199|b005_0211|b005_0209|b004_0140|b005_0172|b005_0181|b004_0197|b005_0170|b004_0181,4|2|5|2|8|3|12|3|3|3|8|2|5|4|3|5|15|13|2|11|10|4|11|7|4|10|3|3|12|1|7|4,0.00898889999371022
1,cuda,set_attention,forward_resident_inputs,32,32,b005_0222|b005_0196|b004_0350|b005_0273|b005_0303|b005_0266|b004_0168|b005_0290|b004_0342|b005_0310|b005_0231|b005_0302|b005_0242|b005_0298|b004_0263|b005_0493|b005_0503|b004_0282|b005_0508|b005_0516|b004_0300|b004_0311|b004_0108|b005_0482|b005_0545|b005_0537|b005_0548|b005_0541|b004_0185|b005_0505|b005_0544|b005_0513,14|12|2|11|9|11|6|10|2|1|8|14|6|2|4|4|5|5|9|1|5|2|6|4|14|5|5|4|8|1|4|9,0.008433800074271858
1,cuda,set_attention,forward_resident_inputs,32,32,b004_0198|b004_0154|b005_0345|b004_0106|b005_0356|b004_0270|b005_0376|b005_0323|b005_0380|b004_0192|b005_0350|b004_0115|b004_0367|b004_0378|b005_0361|b005_0378|b005_0714|b005_0792|b005_0773|b005_0723|b005_0799|b005_0786|b005_0783|b005_0805|b005_0736|b005_0758|b005_0737|b005_0784|b005_0733|b005_0774|b005_0757|b005_0727,3|8|4|3|2|2|3|11|7|3|4|3|5|8|8|11|3|6|7|1|8|2|4|10|3|8|15|1|1|14|9|2,0.007068399921990931
1,cuda,set_attention,common_input_to_host_output,32,32,b005_0092|b004_0388|b004_0356|b005_0086|b005_0119|b005_0098|b004_0253|b005_0107|b004_0277|b004_0258|b005_0121|b005_0087|b005_0120|b005_0133|b004_0244|b005_0628|b005_0575|b005_0569|b005_0629|b005_0651|b005_0559|b005_0627|b005_0610|b005_0626|b005_0612|b005_0554|b005_0578|b005_0604|b005_0442|b005_0470|b005_0446|b005_0434,3|1|6|11|7|7|3|1|8|4|4|5|3|13|1|10|3|4|4|14|6|10|7|9|10|8|7|13|7|3|9|1,0.015465099946595728
1,cuda,set_attention,common_input_to_host_output,32,32,b005_0431|b005_0460|b005_0438|b005_0444|b004_0349|b005_0465|b004_0326|b005_0418|b004_0217|b004_0215|b005_0449|b004_0241|b004_0321|b005_0467|b005_0684|b005_0654|b005_0688|b005_0680|b005_0690|b005_0660|b005_0709|b005_0672|b004_0029|b004_0013|b005_0070|b005_0004|b005_0025|b005_0002|b005_0047|b005_0033|b005_0049|b004_0065,9|2|5|9|8|10|6|4|2|2|10|2|1|11|8|3|4|11|5|8|11|9|1|6|6|13|7|5|2|15|8|3,0.016802600002847612
1,cuda,set_attention,common_input_to_host_output,32,32,b004_0024|b005_0062|b004_0082|b004_0022|b005_0065|b004_0070|b005_0019|b004_0008|b004_0006|b005_0040|b004_0039|b004_0088|b004_0012|b004_0003|b004_0084|b004_0259|b005_0185|b005_0160|b005_0217|b005_0205|b005_0219|b004_0313|b005_0198|b005_0199|b005_0211|b005_0209|b004_0140|b005_0172|b005_0181|b004_0197|b005_0170|b004_0181,4|2|5|2|8|3|12|3|3|3|8|2|5|4|3|5|15|13|2|11|10|4|11|7|4|10|3|3|12|1|7|4,0.014251000015065074
1,cuda,set_attention,common_input_to_host_output,32,32,b005_0222|b005_0196|b004_0350|b005_0273|b005_0303|b005_0266|b004_0168|b005_0290|b004_0342|b005_0310|b005_0231|b005_0302|b005_0242|b005_0298|b004_0263|b005_0493|b005_0503|b004_0282|b005_0508|b005_0516|b004_0300|b004_0311|b004_0108|b005_0482|b005_0545|b005_0537|b005_0548|b005_0541|b004_0185|b005_0505|b005_0544|b005_0513,14|12|2|11|9|11|6|10|2|1|8|14|6|2|4|4|5|5|9|1|5|2|6|4|14|5|5|4|8|1|4|9,0.01593029999639839
1,cuda,set_attention,common_input_to_host_output,32,32,b004_0198|b004_0154|b005_0345|b004_0106|b005_0356|b004_0270|b005_0376|b005_0323|b005_0380|b004_0192|b005_0350|b004_0115|b004_0367|b004_0378|b005_0361|b005_0378|b005_0714|b005_0792|b005_0773|b005_0723|b005_0799|b005_0786|b005_0783|b005_0805|b005_0736|b005_0758|b005_0737|b005_0784|b005_0733|b005_0774|b005_0757|b005_0727,3|8|4|3|2|2|3|11|7|3|4|3|5|8|8|11|3|6|7|1|8|2|4|10|3|8|15|1|1|14|9|2,0.01403219997882843
1,cuda,capacity_matched_deepsets,forward_resident_inputs,1,1,b005_0092,3,0.0019866001093760133
1,cuda,capacity_matched_deepsets,forward_resident_inputs,1,1,b004_0388,1,0.0012304999399930239
1,cuda,capacity_matched_deepsets,forward_resident_inputs,1,1,b004_0356,6,0.001140700071118772
1,cuda,capacity_matched_deepsets,forward_resident_inputs,1,1,b005_0086,11,0.0019658999517560005
1,cuda,capacity_matched_deepsets,forward_resident_inputs,1,1,b005_0119,7,0.0011882999679073691
1,cuda,capacity_matched_deepsets,forward_resident_inputs,1,1,b005_0098,7,0.001275799935683608
1,cuda,capacity_matched_deepsets,forward_resident_inputs,1,1,b004_0253,3,0.0011632000096142292
1,cuda,capacity_matched_deepsets,forward_resident_inputs,1,1,b005_0107,1,0.0018268999410793185
1,cuda,capacity_matched_deepsets,forward_resident_inputs,1,1,b004_0277,8,0.0011742999777197838
1,cuda,capacity_matched_deepsets,forward_resident_inputs,1,1,b004_0258,4,0.001184699940495193
1,cuda,capacity_matched_deepsets,forward_resident_inputs,1,1,b005_0121,4,0.0012574000284075737
1,cuda,capacity_matched_deepsets,forward_resident_inputs,1,1,b005_0087,5,0.002741500036790967
1,cuda,capacity_matched_deepsets,forward_resident_inputs,1,1,b005_0120,3,0.00112439994700253
1,cuda,capacity_matched_deepsets,forward_resident_inputs,1,1,b005_0133,13,0.0011253999546170235
1,cuda,capacity_matched_deepsets,forward_resident_inputs,1,1,b004_0244,1,0.002549299970269203
1,cuda,capacity_matched_deepsets,forward_resident_inputs,1,1,b005_0628,10,0.0012808999745175242
1,cuda,capacity_matched_deepsets,forward_resident_inputs,1,1,b005_0575,3,0.0011974000371992588
1,cuda,capacity_matched_deepsets,forward_resident_inputs,1,1,b005_0569,4,0.0011700999457389116
1,cuda,capacity_matched_deepsets,forward_resident_inputs,1,1,b005_0629,4,0.0019859999883919954
1,cuda,capacity_matched_deepsets,forward_resident_inputs,1,1,b005_0651,14,0.0011613999959081411
1,cuda,capacity_matched_deepsets,forward_resident_inputs,1,1,b005_0559,6,0.0010833999840542674
1,cuda,capacity_matched_deepsets,forward_resident_inputs,1,1,b005_0627,10,0.0011498000239953399
1,cuda,capacity_matched_deepsets,forward_resident_inputs,1,1,b005_0610,7,0.0023617000551894307
1,cuda,capacity_matched_deepsets,forward_resident_inputs,1,1,b005_0626,9,0.0014205999905243516
1,cuda,capacity_matched_deepsets,forward_resident_inputs,1,1,b005_0612,10,0.0011818999191746116
1,cuda,capacity_matched_deepsets,forward_resident_inputs,1,1,b005_0554,8,0.0020836000330746174
1,cuda,capacity_matched_deepsets,forward_resident_inputs,1,1,b005_0578,7,0.001247699954546988
1,cuda,capacity_matched_deepsets,forward_resident_inputs,1,1,b005_0604,13,0.0011802000226452947
1,cuda,capacity_matched_deepsets,forward_resident_inputs,1,1,b005_0442,7,0.0012151999399065971
1,cuda,capacity_matched_deepsets,forward_resident_inputs,1,1,b005_0470,3,0.001815799972973764
1,cuda,capacity_matched_deepsets,forward_resident_inputs,1,1,b005_0446,9,0.0011941000120714307
1,cuda,capacity_matched_deepsets,forward_resident_inputs,1,1,b005_0434,1,0.001864899997599423
1,cuda,capacity_matched_deepsets,forward_resident_inputs,1,1,b005_0431,9,0.0017738000024110079
1,cuda,capacity_matched_deepsets,forward_resident_inputs,1,1,b005_0460,2,0.0015425001038238406
1,cuda,capacity_matched_deepsets,forward_resident_inputs,1,1,b005_0438,5,0.0011717000743374228
1,cuda,capacity_matched_deepsets,forward_resident_inputs,1,1,b005_0444,9,0.0012392000062391162
1,cuda,capacity_matched_deepsets,forward_resident_inputs,1,1,b004_0349,8,0.0019145000260323286
1,cuda,capacity_matched_deepsets,forward_resident_inputs,1,1,b005_0465,10,0.0012514999834820628
1,cuda,capacity_matched_deepsets,forward_resident_inputs,1,1,b004_0326,6,0.0011647000210359693
1,cuda,capacity_matched_deepsets,forward_resident_inputs,1,1,b005_0418,4,0.0013836000580340624
1,cuda,capacity_matched_deepsets,forward_resident_inputs,1,1,b004_0217,2,0.0019594000186771154
1,cuda,capacity_matched_deepsets,forward_resident_inputs,1,1,b004_0215,2,0.0012300999369472265
1,cuda,capacity_matched_deepsets,forward_resident_inputs,1,1,b005_0449,10,0.0012324999552220106
1,cuda,capacity_matched_deepsets,forward_resident_inputs,1,1,b004_0241,2,0.002381299971602857
1,cuda,capacity_matched_deepsets,forward_resident_inputs,1,1,b004_0321,1,0.0012678999919444323
1,cuda,capacity_matched_deepsets,forward_resident_inputs,1,1,b005_0467,11,0.0011457999935373664
1,cuda,capacity_matched_deepsets,forward_resident_inputs,1,1,b005_0684,8,0.0011766999959945679
1,cuda,capacity_matched_deepsets,forward_resident_inputs,1,1,b005_0654,3,0.0024690000573173165
1,cuda,capacity_matched_deepsets,forward_resident_inputs,1,1,b005_0688,4,0.0012316000647842884
1,cuda,capacity_matched_deepsets,forward_resident_inputs,1,1,b005_0680,11,0.0012218999909237027
1,cuda,capacity_matched_deepsets,forward_resident_inputs,1,1,b005_0690,5,0.0034398999996483326
1,cuda,capacity_matched_deepsets,forward_resident_inputs,1,1,b005_0660,8,0.0015901000006124377
1,cuda,capacity_matched_deepsets,forward_resident_inputs,1,1,b005_0709,11,0.0013647000305354595
1,cuda,capacity_matched_deepsets,forward_resident_inputs,1,1,b005_0672,9,0.0019434000132605433
1,cuda,capacity_matched_deepsets,forward_resident_inputs,1,1,b004_0029,1,0.0012447000481188297
1,cuda,capacity_matched_deepsets,forward_resident_inputs,1,1,b004_0013,6,0.0012294999323785305
1,cuda,capacity_matched_deepsets,forward_resident_inputs,1,1,b005_0070,6,0.0019983999663963914
1,cuda,capacity_matched_deepsets,forward_resident_inputs,1,1,b005_0004,13,0.0012397000100463629
1,cuda,capacity_matched_deepsets,forward_resident_inputs,1,1,b005_0025,7,0.0011746999807655811
1,cuda,capacity_matched_deepsets,forward_resident_inputs,1,1,b005_0002,5,0.001146599999628961
1,cuda,capacity_matched_deepsets,forward_resident_inputs,1,1,b005_0047,2,0.0016211000038310885
1,cuda,capacity_matched_deepsets,forward_resident_inputs,1,1,b005_0033,15,0.0017024000408127904
1,cuda,capacity_matched_deepsets,forward_resident_inputs,1,1,b005_0049,8,0.001253900001756847
1,cuda,capacity_matched_deepsets,forward_resident_inputs,1,1,b004_0065,3,0.001326399971731007
1,cuda,capacity_matched_deepsets,forward_resident_inputs,1,1,b004_0024,4,0.0020140999695286155
1,cuda,capacity_matched_deepsets,forward_resident_inputs,1,1,b005_0062,2,0.0011826000409200788
1,cuda,capacity_matched_deepsets,forward_resident_inputs,1,1,b004_0082,5,0.001157799968495965
1,cuda,capacity_matched_deepsets,forward_resident_inputs,1,1,b004_0022,2,0.0018421999411657453
1,cuda,capacity_matched_deepsets,forward_resident_inputs,1,1,b005_0065,8,0.0012774999486282468
1,cuda,capacity_matched_deepsets,forward_resident_inputs,1,1,b004_0070,3,0.0011506000300869346
1,cuda,capacity_matched_deepsets,forward_resident_inputs,1,1,b005_0019,12,0.0011563000734895468
1,cuda,capacity_matched_deepsets,forward_resident_inputs,1,1,b004_0008,3,0.0026966999284923077
1,cuda,capacity_matched_deepsets,forward_resident_inputs,1,1,b004_0006,3,0.0012707000132650137
1,cuda,capacity_matched_deepsets,forward_resident_inputs,1,1,b005_0040,3,0.001137400045990944
1,cuda,capacity_matched_deepsets,forward_resident_inputs,1,1,b004_0039,8,0.0011621000012382865
1,cuda,capacity_matched_deepsets,forward_resident_inputs,1,1,b004_0088,2,0.00209619989618659
1,cuda,capacity_matched_deepsets,forward_resident_inputs,1,1,b004_0012,5,0.0011526000453159213
1,cuda,capacity_matched_deepsets,forward_resident_inputs,1,1,b004_0003,4,0.0011504999129101634
1,cuda,capacity_matched_deepsets,forward_resident_inputs,1,1,b004_0084,3,0.001206299988552928
1,cuda,capacity_matched_deepsets,forward_resident_inputs,1,1,b004_0259,5,0.0016017999732866883
1,cuda,capacity_matched_deepsets,forward_resident_inputs,1,1,b005_0185,15,0.0013016000157222152
1,cuda,capacity_matched_deepsets,forward_resident_inputs,1,1,b005_0160,13,0.0012391000054776669
1,cuda,capacity_matched_deepsets,forward_resident_inputs,1,1,b005_0217,2,0.002057200064882636
1,cuda,capacity_matched_deepsets,forward_resident_inputs,1,1,b005_0205,11,0.0013377000577747822
1,cuda,capacity_matched_deepsets,forward_resident_inputs,1,1,b005_0219,10,0.0011594999814406037
1,cuda,capacity_matched_deepsets,forward_resident_inputs,1,1,b004_0313,4,0.0012896000407636166
1,cuda,capacity_matched_deepsets,forward_resident_inputs,1,1,b005_0198,11,0.001977900043129921
1,cuda,capacity_matched_deepsets,forward_resident_inputs,1,1,b005_0199,7,0.0012672999873757362
1,cuda,capacity_matched_deepsets,forward_resident_inputs,1,1,b005_0211,4,0.0011412000749260187
1,cuda,capacity_matched_deepsets,forward_resident_inputs,1,1,b005_0209,10,0.0020267999498173594
1,cuda,capacity_matched_deepsets,forward_resident_inputs,1,1,b004_0140,3,0.002840900095179677
1,cuda,capacity_matched_deepsets,forward_resident_inputs,1,1,b005_0172,3,0.002405199920758605
1,cuda,capacity_matched_deepsets,forward_resident_inputs,1,1,b005_0181,12,0.002047099987976253
1,cuda,capacity_matched_deepsets,forward_resident_inputs,1,1,b004_0197,1,0.0019422000041231513
1,cuda,capacity_matched_deepsets,forward_resident_inputs,1,1,b005_0170,7,0.0020524999126791954
1,cuda,capacity_matched_deepsets,forward_resident_inputs,1,1,b004_0181,4,0.0011108999606221914
1,cuda,capacity_matched_deepsets,forward_resident_inputs,1,1,b005_0222,14,0.0011032000184059143
1,cuda,capacity_matched_deepsets,forward_resident_inputs,1,1,b005_0196,12,0.0010813000844791532
1,cuda,capacity_matched_deepsets,forward_resident_inputs,1,1,b004_0350,2,0.0022582000819966197
1,cuda,capacity_matched_deepsets,forward_resident_inputs,1,1,b005_0273,11,0.001130899996496737
1,cuda,capacity_matched_deepsets,forward_resident_inputs,1,1,b005_0303,9,0.0010945999529212713
1,cuda,capacity_matched_deepsets,forward_resident_inputs,1,1,b005_0266,11,0.0012851000064983964
1,cuda,capacity_matched_deepsets,forward_resident_inputs,1,1,b004_0168,6,0.001232100068591535
1,cuda,capacity_matched_deepsets,forward_resident_inputs,1,1,b005_0290,10,0.0011322000063955784
1,cuda,capacity_matched_deepsets,forward_resident_inputs,1,1,b004_0342,2,0.0011180000146850944
1,cuda,capacity_matched_deepsets,forward_resident_inputs,1,1,b005_0310,1,0.001268099993467331
1,cuda,capacity_matched_deepsets,forward_resident_inputs,1,1,b005_0231,8,0.0014584999298676848
1,cuda,capacity_matched_deepsets,forward_resident_inputs,1,1,b005_0302,14,0.0011463999981060624
1,cuda,capacity_matched_deepsets,forward_resident_inputs,1,1,b005_0242,6,0.001151299919001758
1,cuda,capacity_matched_deepsets,forward_resident_inputs,1,1,b005_0298,2,0.0013292999938130379
1,cuda,capacity_matched_deepsets,forward_resident_inputs,1,1,b004_0263,4,0.0021243999944999814
1,cuda,capacity_matched_deepsets,forward_resident_inputs,1,1,b005_0493,4,0.0011745999800041318
1,cuda,capacity_matched_deepsets,forward_resident_inputs,1,1,b005_0503,5,0.0011328000109642744
1,cuda,capacity_matched_deepsets,forward_resident_inputs,1,1,b004_0282,5,0.0021643999498337507
1,cuda,capacity_matched_deepsets,forward_resident_inputs,1,1,b005_0508,9,0.001128499978221953
1,cuda,capacity_matched_deepsets,forward_resident_inputs,1,1,b005_0516,1,0.0011206000344827771
1,cuda,capacity_matched_deepsets,forward_resident_inputs,1,1,b004_0300,5,0.0011288999812677503
1,cuda,capacity_matched_deepsets,forward_resident_inputs,1,1,b004_0311,2,0.0019857001025229692
1,cuda,capacity_matched_deepsets,forward_resident_inputs,1,1,b004_0108,6,0.0011056000366806984
1,cuda,capacity_matched_deepsets,forward_resident_inputs,1,1,b005_0482,4,0.0011392999440431595
1,cuda,capacity_matched_deepsets,forward_resident_inputs,1,1,b005_0545,14,0.0010906000388786197
1,cuda,capacity_matched_deepsets,forward_resident_inputs,1,1,b005_0537,5,0.002085600048303604
1,cuda,capacity_matched_deepsets,forward_resident_inputs,1,1,b005_0548,5,0.0011506000300869346
1,cuda,capacity_matched_deepsets,forward_resident_inputs,1,1,b005_0541,4,0.001091600046493113
1,cuda,capacity_matched_deepsets,forward_resident_inputs,1,1,b004_0185,8,0.0010714000090956688
1,cuda,capacity_matched_deepsets,forward_resident_inputs,1,1,b005_0505,1,0.0017743000062182546
1,cuda,capacity_matched_deepsets,forward_resident_inputs,1,1,b005_0544,4,0.0013601999962702394
1,cuda,capacity_matched_deepsets,forward_resident_inputs,1,1,b005_0513,9,0.0017272999975830317
1,cuda,capacity_matched_deepsets,forward_resident_inputs,1,1,b004_0198,3,0.0020496000070124865
1,cuda,capacity_matched_deepsets,forward_resident_inputs,1,1,b004_0154,8,0.002046799985691905
1,cuda,capacity_matched_deepsets,forward_resident_inputs,1,1,b005_0345,4,0.002950900001451373
1,cuda,capacity_matched_deepsets,forward_resident_inputs,1,1,b004_0106,3,0.0013345000334084034
1,cuda,capacity_matched_deepsets,forward_resident_inputs,1,1,b005_0356,2,0.0011955000227317214
1,cuda,capacity_matched_deepsets,forward_resident_inputs,1,1,b004_0270,2,0.0012843000004068017
1,cuda,capacity_matched_deepsets,forward_resident_inputs,1,1,b005_0376,3,0.002305899979546666
1,cuda,capacity_matched_deepsets,forward_resident_inputs,1,1,b005_0323,11,0.001548500033095479
1,cuda,capacity_matched_deepsets,forward_resident_inputs,1,1,b005_0380,7,0.001156299957074225
1,cuda,capacity_matched_deepsets,forward_resident_inputs,1,1,b004_0192,3,0.0021521999733522534
1,cuda,capacity_matched_deepsets,forward_resident_inputs,1,1,b005_0350,4,0.001451799995265901
1,cuda,capacity_matched_deepsets,forward_resident_inputs,1,1,b004_0115,3,0.0011581999715417624
1,cuda,capacity_matched_deepsets,forward_resident_inputs,1,1,b004_0367,5,0.0011395999463275075
1,cuda,capacity_matched_deepsets,forward_resident_inputs,1,1,b004_0378,8,0.0023842999944463372
1,cuda,capacity_matched_deepsets,forward_resident_inputs,1,1,b005_0361,8,0.0011523000430315733
1,cuda,capacity_matched_deepsets,forward_resident_inputs,1,1,b005_0378,11,0.0011909999884665012
1,cuda,capacity_matched_deepsets,forward_resident_inputs,1,1,b005_0714,3,0.0023018999490886927
1,cuda,capacity_matched_deepsets,forward_resident_inputs,1,1,b005_0792,6,0.0013188000302761793
1,cuda,capacity_matched_deepsets,forward_resident_inputs,1,1,b005_0773,7,0.0014442000538110733
1,cuda,capacity_matched_deepsets,forward_resident_inputs,1,1,b005_0723,1,0.00214819994289428
1,cuda,capacity_matched_deepsets,forward_resident_inputs,1,1,b005_0799,8,0.0012351999757811427
1,cuda,capacity_matched_deepsets,forward_resident_inputs,1,1,b005_0786,2,0.0011344000231474638
1,cuda,capacity_matched_deepsets,forward_resident_inputs,1,1,b005_0783,4,0.0017503999406471848
1,cuda,capacity_matched_deepsets,forward_resident_inputs,1,1,b005_0805,10,0.002398999989964068
1,cuda,capacity_matched_deepsets,forward_resident_inputs,1,1,b005_0736,3,0.0012737000361084938
1,cuda,capacity_matched_deepsets,forward_resident_inputs,1,1,b005_0758,8,0.0011768999975174665
1,cuda,capacity_matched_deepsets,forward_resident_inputs,1,1,b005_0737,15,0.0012691000010818243
1,cuda,capacity_matched_deepsets,forward_resident_inputs,1,1,b005_0784,1,0.0017523999558761716
1,cuda,capacity_matched_deepsets,forward_resident_inputs,1,1,b005_0733,1,0.001105200033634901
1,cuda,capacity_matched_deepsets,forward_resident_inputs,1,1,b005_0774,14,0.0010979999788105488
1,cuda,capacity_matched_deepsets,forward_resident_inputs,1,1,b005_0757,9,0.0011644000187516212
1,cuda,capacity_matched_deepsets,forward_resident_inputs,1,1,b005_0727,2,0.0016722000436857343
1,cuda,capacity_matched_deepsets,common_input_to_host_output,1,1,b005_0092,3,0.0015975000569596887
1,cuda,capacity_matched_deepsets,common_input_to_host_output,1,1,b004_0388,1,0.0025473000714555383
1,cuda,capacity_matched_deepsets,common_input_to_host_output,1,1,b004_0356,6,0.0017744998913258314
1,cuda,capacity_matched_deepsets,common_input_to_host_output,1,1,b005_0086,11,0.0017749000107869506
1,cuda,capacity_matched_deepsets,common_input_to_host_output,1,1,b005_0119,7,0.0024500000290572643
1,cuda,capacity_matched_deepsets,common_input_to_host_output,1,1,b005_0098,7,0.0017054000636562705
1,cuda,capacity_matched_deepsets,common_input_to_host_output,1,1,b004_0253,3,0.001566499937325716
1,cuda,capacity_matched_deepsets,common_input_to_host_output,1,1,b005_0107,1,0.002639800077304244
1,cuda,capacity_matched_deepsets,common_input_to_host_output,1,1,b004_0277,8,0.001972300000488758
1,cuda,capacity_matched_deepsets,common_input_to_host_output,1,1,b004_0258,4,0.002673099981620908
1,cuda,capacity_matched_deepsets,common_input_to_host_output,1,1,b005_0121,4,0.0032897000201046467
1,cuda,capacity_matched_deepsets,common_input_to_host_output,1,1,b005_0087,5,0.0024211000418290496
1,cuda,capacity_matched_deepsets,common_input_to_host_output,1,1,b005_0120,3,0.003613300039432943
1,cuda,capacity_matched_deepsets,common_input_to_host_output,1,1,b005_0133,13,0.004018699983134866
1,cuda,capacity_matched_deepsets,common_input_to_host_output,1,1,b004_0244,1,0.0019350999500602484
1,cuda,capacity_matched_deepsets,common_input_to_host_output,1,1,b005_0628,10,0.0030155000276863575
1,cuda,capacity_matched_deepsets,common_input_to_host_output,1,1,b005_0575,3,0.0017408999847248197
1,cuda,capacity_matched_deepsets,common_input_to_host_output,1,1,b005_0569,4,0.001547000021673739
1,cuda,capacity_matched_deepsets,common_input_to_host_output,1,1,b005_0629,4,0.0024666000390425324
1,cuda,capacity_matched_deepsets,common_input_to_host_output,1,1,b005_0651,14,0.0020514000207185745
1,cuda,capacity_matched_deepsets,common_input_to_host_output,1,1,b005_0559,6,0.0016311999643221498
1,cuda,capacity_matched_deepsets,common_input_to_host_output,1,1,b005_0627,10,0.002474999986588955
1,cuda,capacity_matched_deepsets,common_input_to_host_output,1,1,b005_0610,7,0.001631900086067617
1,cuda,capacity_matched_deepsets,common_input_to_host_output,1,1,b005_0626,9,0.0016802999889478087
1,cuda,capacity_matched_deepsets,common_input_to_host_output,1,1,b005_0612,10,0.002465900033712387
1,cuda,capacity_matched_deepsets,common_input_to_host_output,1,1,b005_0554,8,0.0017937000375241041
1,cuda,capacity_matched_deepsets,common_input_to_host_output,1,1,b005_0578,7,0.0016426000511273742
1,cuda,capacity_matched_deepsets,common_input_to_host_output,1,1,b005_0604,13,0.004001199966296554
1,cuda,capacity_matched_deepsets,common_input_to_host_output,1,1,b005_0442,7,0.0032577000092715025
1,cuda,capacity_matched_deepsets,common_input_to_host_output,1,1,b005_0470,3,0.0016976000042632222
1,cuda,capacity_matched_deepsets,common_input_to_host_output,1,1,b005_0446,9,0.0016628000885248184
1,cuda,capacity_matched_deepsets,common_input_to_host_output,1,1,b005_0434,1,0.0025522999931126833
1,cuda,capacity_matched_deepsets,common_input_to_host_output,1,1,b005_0431,9,0.002836800063960254
1,cuda,capacity_matched_deepsets,common_input_to_host_output,1,1,b005_0460,2,0.0027827000012621284
1,cuda,capacity_matched_deepsets,common_input_to_host_output,1,1,b005_0438,5,0.0018508000066503882
1,cuda,capacity_matched_deepsets,common_input_to_host_output,1,1,b005_0444,9,0.0016980000073090196
1,cuda,capacity_matched_deepsets,common_input_to_host_output,1,1,b004_0349,8,0.0021780000533908606
1,cuda,capacity_matched_deepsets,common_input_to_host_output,1,1,b005_0465,10,0.0018550000386312604
1,cuda,capacity_matched_deepsets,common_input_to_host_output,1,1,b004_0326,6,0.001590800005942583
1,cuda,capacity_matched_deepsets,common_input_to_host_output,1,1,b005_0418,4,0.0023563000140711665
1,cuda,capacity_matched_deepsets,common_input_to_host_output,1,1,b004_0217,2,0.001585200079716742
1,cuda,capacity_matched_deepsets,common_input_to_host_output,1,1,b004_0215,2,0.0015456000110134482
1,cuda,capacity_matched_deepsets,common_input_to_host_output,1,1,b005_0449,10,0.00344480003695935
1,cuda,capacity_matched_deepsets,common_input_to_host_output,1,1,b004_0241,2,0.0017075000796467066
1,cuda,capacity_matched_deepsets,common_input_to_host_output,1,1,b004_0321,1,0.001628299942240119
1,cuda,capacity_matched_deepsets,common_input_to_host_output,1,1,b005_0467,11,0.0028315000236034393
1,cuda,capacity_matched_deepsets,common_input_to_host_output,1,1,b005_0684,8,0.0016556999180465937
1,cuda,capacity_matched_deepsets,common_input_to_host_output,1,1,b005_0654,3,0.0014847000129520893
1,cuda,capacity_matched_deepsets,common_input_to_host_output,1,1,b005_0688,4,0.0033236000454053283
1,cuda,capacity_matched_deepsets,common_input_to_host_output,1,1,b005_0680,11,0.0019511999562382698
1,cuda,capacity_matched_deepsets,common_input_to_host_output,1,1,b005_0690,5,0.0023288000375032425
1,cuda,capacity_matched_deepsets,common_input_to_host_output,1,1,b005_0660,8,0.0018315999768674374
1,cuda,capacity_matched_deepsets,common_input_to_host_output,1,1,b005_0709,11,0.0017816000618040562
1,cuda,capacity_matched_deepsets,common_input_to_host_output,1,1,b005_0672,9,0.0027288999408483505
1,cuda,capacity_matched_deepsets,common_input_to_host_output,1,1,b004_0029,1,0.0015947000356391072
1,cuda,capacity_matched_deepsets,common_input_to_host_output,1,1,b004_0013,6,0.001617699977941811
1,cuda,capacity_matched_deepsets,common_input_to_host_output,1,1,b005_0070,6,0.0028469000244513154
1,cuda,capacity_matched_deepsets,common_input_to_host_output,1,1,b005_0004,13,0.003499399987049401
1,cuda,capacity_matched_deepsets,common_input_to_host_output,1,1,b005_0025,7,0.003727199975401163
1,cuda,capacity_matched_deepsets,common_input_to_host_output,1,1,b005_0002,5,0.0029896999476477504
1,cuda,capacity_matched_deepsets,common_input_to_host_output,1,1,b005_0047,2,0.0016979000065475702
1,cuda,capacity_matched_deepsets,common_input_to_host_output,1,1,b005_0033,15,0.0022969000274315476
1,cuda,capacity_matched_deepsets,common_input_to_host_output,1,1,b005_0049,8,0.0032384999794885516
1,cuda,capacity_matched_deepsets,common_input_to_host_output,1,1,b004_0065,3,0.0016388000221922994
1,cuda,capacity_matched_deepsets,common_input_to_host_output,1,1,b004_0024,4,0.0016876999288797379
1,cuda,capacity_matched_deepsets,common_input_to_host_output,1,1,b005_0062,2,0.0022977000335231423
1,cuda,capacity_matched_deepsets,common_input_to_host_output,1,1,b004_0082,5,0.0015965999336913228
1,cuda,capacity_matched_deepsets,common_input_to_host_output,1,1,b004_0022,2,0.0014965999871492386
1,cuda,capacity_matched_deepsets,common_input_to_host_output,1,1,b005_0065,8,0.0027333999751135707
1,cuda,capacity_matched_deepsets,common_input_to_host_output,1,1,b004_0070,3,0.001716200029477477
1,cuda,capacity_matched_deepsets,common_input_to_host_output,1,1,b005_0019,12,0.0026361000491306186
1,cuda,capacity_matched_deepsets,common_input_to_host_output,1,1,b004_0008,3,0.0028529000701382756
1,cuda,capacity_matched_deepsets,common_input_to_host_output,1,1,b004_0006,3,0.002805399941280484
1,cuda,capacity_matched_deepsets,common_input_to_host_output,1,1,b005_0040,3,0.0018833000212907791
1,cuda,capacity_matched_deepsets,common_input_to_host_output,1,1,b004_0039,8,0.0016197999939322472
1,cuda,capacity_matched_deepsets,common_input_to_host_output,1,1,b004_0088,2,0.002215099986642599
1,cuda,capacity_matched_deepsets,common_input_to_host_output,1,1,b004_0012,5,0.0018726999405771494
1,cuda,capacity_matched_deepsets,common_input_to_host_output,1,1,b004_0003,4,0.00251290004234761
1,cuda,capacity_matched_deepsets,common_input_to_host_output,1,1,b004_0084,3,0.002603699918836355
1,cuda,capacity_matched_deepsets,common_input_to_host_output,1,1,b004_0259,5,0.0016556000337004662
1,cuda,capacity_matched_deepsets,common_input_to_host_output,1,1,b005_0185,15,0.0019354000687599182
1,cuda,capacity_matched_deepsets,common_input_to_host_output,1,1,b005_0160,13,0.002404900034889579
1,cuda,capacity_matched_deepsets,common_input_to_host_output,1,1,b005_0217,2,0.0014767999527975917
1,cuda,capacity_matched_deepsets,common_input_to_host_output,1,1,b005_0205,11,0.001900400035083294
1,cuda,capacity_matched_deepsets,common_input_to_host_output,1,1,b005_0219,10,0.0035427999682724476
1,cuda,capacity_matched_deepsets,common_input_to_host_output,1,1,b004_0313,4,0.003701500012539327
1,cuda,capacity_matched_deepsets,common_input_to_host_output,1,1,b005_0198,11,0.002257299958728254
1,cuda,capacity_matched_deepsets,common_input_to_host_output,1,1,b005_0199,7,0.0016453999560326338
1,cuda,capacity_matched_deepsets,common_input_to_host_output,1,1,b005_0211,4,0.0023635000688955188
1,cuda,capacity_matched_deepsets,common_input_to_host_output,1,1,b005_0209,10,0.0018511000089347363
1,cuda,capacity_matched_deepsets,common_input_to_host_output,1,1,b004_0140,3,0.0016119999345391989
1,cuda,capacity_matched_deepsets,common_input_to_host_output,1,1,b005_0172,3,0.002195300068706274
1,cuda,capacity_matched_deepsets,common_input_to_host_output,1,1,b005_0181,12,0.0018186999950557947
1,cuda,capacity_matched_deepsets,common_input_to_host_output,1,1,b004_0197,1,0.0014052999904379249
1,cuda,capacity_matched_deepsets,common_input_to_host_output,1,1,b005_0170,7,0.0023886000271886587
1,cuda,capacity_matched_deepsets,common_input_to_host_output,1,1,b004_0181,4,0.0015690000727772713
1,cuda,capacity_matched_deepsets,common_input_to_host_output,1,1,b005_0222,14,0.0018742999527603388
1,cuda,capacity_matched_deepsets,common_input_to_host_output,1,1,b005_0196,12,0.0026805000379681587
1,cuda,capacity_matched_deepsets,common_input_to_host_output,1,1,b004_0350,2,0.0015502000460401177
1,cuda,capacity_matched_deepsets,common_input_to_host_output,1,1,b005_0273,11,0.0017568999901413918
1,cuda,capacity_matched_deepsets,common_input_to_host_output,1,1,b005_0303,9,0.0023171999491751194
1,cuda,capacity_matched_deepsets,common_input_to_host_output,1,1,b005_0266,11,0.0018325999844819307
1,cuda,capacity_matched_deepsets,common_input_to_host_output,1,1,b004_0168,6,0.0019794999388977885
1,cuda,capacity_matched_deepsets,common_input_to_host_output,1,1,b005_0290,10,0.00242979999165982
1,cuda,capacity_matched_deepsets,common_input_to_host_output,1,1,b004_0342,2,0.0017317000310868025
1,cuda,capacity_matched_deepsets,common_input_to_host_output,1,1,b005_0310,1,0.001435499987564981
1,cuda,capacity_matched_deepsets,common_input_to_host_output,1,1,b005_0231,8,0.0022809000220149755
1,cuda,capacity_matched_deepsets,common_input_to_host_output,1,1,b005_0302,14,0.0019136000191792846
1,cuda,capacity_matched_deepsets,common_input_to_host_output,1,1,b005_0242,6,0.001651700004003942
1,cuda,capacity_matched_deepsets,common_input_to_host_output,1,1,b005_0298,2,0.002054999931715429
1,cuda,capacity_matched_deepsets,common_input_to_host_output,1,1,b004_0263,4,0.0015425999881699681
1,cuda,capacity_matched_deepsets,common_input_to_host_output,1,1,b005_0493,4,0.0015393000794574618
1,cuda,capacity_matched_deepsets,common_input_to_host_output,1,1,b005_0503,5,0.002518499968573451
1,cuda,capacity_matched_deepsets,common_input_to_host_output,1,1,b004_0282,5,0.001838000025600195
1,cuda,capacity_matched_deepsets,common_input_to_host_output,1,1,b005_0508,9,0.0018450000789016485
1,cuda,capacity_matched_deepsets,common_input_to_host_output,1,1,b005_0516,1,0.0023999999975785613
1,cuda,capacity_matched_deepsets,common_input_to_host_output,1,1,b004_0300,5,0.0016213000053539872
1,cuda,capacity_matched_deepsets,common_input_to_host_output,1,1,b004_0311,2,0.0014895000495016575
1,cuda,capacity_matched_deepsets,common_input_to_host_output,1,1,b004_0108,6,0.0023617000551894307
1,cuda,capacity_matched_deepsets,common_input_to_host_output,1,1,b005_0482,4,0.0022345000179484487
1,cuda,capacity_matched_deepsets,common_input_to_host_output,1,1,b005_0545,14,0.0027762000681832433
1,cuda,capacity_matched_deepsets,common_input_to_host_output,1,1,b005_0537,5,0.0019952000584453344
1,cuda,capacity_matched_deepsets,common_input_to_host_output,1,1,b005_0548,5,0.00213820009957999
1,cuda,capacity_matched_deepsets,common_input_to_host_output,1,1,b005_0541,4,0.0025310999481007457
1,cuda,capacity_matched_deepsets,common_input_to_host_output,1,1,b004_0185,8,0.0017948000459000468
1,cuda,capacity_matched_deepsets,common_input_to_host_output,1,1,b005_0505,1,0.0014890999300405383
1,cuda,capacity_matched_deepsets,common_input_to_host_output,1,1,b005_0544,4,0.002235199906863272
1,cuda,capacity_matched_deepsets,common_input_to_host_output,1,1,b005_0513,9,0.002289600088261068
1,cuda,capacity_matched_deepsets,common_input_to_host_output,1,1,b004_0198,3,0.0017024000408127904
1,cuda,capacity_matched_deepsets,common_input_to_host_output,1,1,b004_0154,8,0.0028300000121816993
1,cuda,capacity_matched_deepsets,common_input_to_host_output,1,1,b005_0345,4,0.001727099996060133
1,cuda,capacity_matched_deepsets,common_input_to_host_output,1,1,b004_0106,3,0.00181940000038594
1,cuda,capacity_matched_deepsets,common_input_to_host_output,1,1,b005_0356,2,0.0030476999236270785
1,cuda,capacity_matched_deepsets,common_input_to_host_output,1,1,b004_0270,2,0.0019859999883919954
1,cuda,capacity_matched_deepsets,common_input_to_host_output,1,1,b005_0376,3,0.003402200061827898
1,cuda,capacity_matched_deepsets,common_input_to_host_output,1,1,b005_0323,11,0.001927300007082522
1,cuda,capacity_matched_deepsets,common_input_to_host_output,1,1,b005_0380,7,0.002228100085631013
1,cuda,capacity_matched_deepsets,common_input_to_host_output,1,1,b004_0192,3,0.0016474999720230699
1,cuda,capacity_matched_deepsets,common_input_to_host_output,1,1,b005_0350,4,0.001586899976246059
1,cuda,capacity_matched_deepsets,common_input_to_host_output,1,1,b004_0115,3,0.0026049999287351966
1,cuda,capacity_matched_deepsets,common_input_to_host_output,1,1,b004_0367,5,0.0027419000398367643
1,cuda,capacity_matched_deepsets,common_input_to_host_output,1,1,b004_0378,8,0.001995700062252581
1,cuda,capacity_matched_deepsets,common_input_to_host_output,1,1,b005_0361,8,0.002305199974216521
1,cuda,capacity_matched_deepsets,common_input_to_host_output,1,1,b005_0378,11,0.0017652999376878142
1,cuda,capacity_matched_deepsets,common_input_to_host_output,1,1,b005_0714,3,0.002378900069743395
1,cuda,capacity_matched_deepsets,common_input_to_host_output,1,1,b005_0792,6,0.002852899953722954
1,cuda,capacity_matched_deepsets,common_input_to_host_output,1,1,b005_0773,7,0.0030200000619515777
1,cuda,capacity_matched_deepsets,common_input_to_host_output,1,1,b005_0723,1,0.001676000072620809
1,cuda,capacity_matched_deepsets,common_input_to_host_output,1,1,b005_0799,8,0.0020860000513494015
1,cuda,capacity_matched_deepsets,common_input_to_host_output,1,1,b005_0786,2,0.002217500004917383
1,cuda,capacity_matched_deepsets,common_input_to_host_output,1,1,b005_0783,4,0.0017201000591740012
1,cuda,capacity_matched_deepsets,common_input_to_host_output,1,1,b005_0805,10,0.0017486000433564186
1,cuda,capacity_matched_deepsets,common_input_to_host_output,1,1,b005_0736,3,0.0022053999127820134
1,cuda,capacity_matched_deepsets,common_input_to_host_output,1,1,b005_0758,8,0.0016719000414013863
1,cuda,capacity_matched_deepsets,common_input_to_host_output,1,1,b005_0737,15,0.0019180000526830554
1,cuda,capacity_matched_deepsets,common_input_to_host_output,1,1,b005_0784,1,0.002393099945038557
1,cuda,capacity_matched_deepsets,common_input_to_host_output,1,1,b005_0733,1,0.0015184000367298722
1,cuda,capacity_matched_deepsets,common_input_to_host_output,1,1,b005_0774,14,0.0018876000540331006
1,cuda,capacity_matched_deepsets,common_input_to_host_output,1,1,b005_0757,9,0.0021938999416306615
1,cuda,capacity_matched_deepsets,common_input_to_host_output,1,1,b005_0727,2,0.0016000999603420496
1,cuda,capacity_matched_deepsets,forward_resident_inputs,32,32,b005_0092|b004_0388|b004_0356|b005_0086|b005_0119|b005_0098|b004_0253|b005_0107|b004_0277|b004_0258|b005_0121|b005_0087|b005_0120|b005_0133|b004_0244|b005_0628|b005_0575|b005_0569|b005_0629|b005_0651|b005_0559|b005_0627|b005_0610|b005_0626|b005_0612|b005_0554|b005_0578|b005_0604|b005_0442|b005_0470|b005_0446|b005_0434,3|1|6|11|7|7|3|1|8|4|4|5|3|13|1|10|3|4|4|14|6|10|7|9|10|8|7|13|7|3|9|1,0.00156439992133528
1,cuda,capacity_matched_deepsets,forward_resident_inputs,32,32,b005_0431|b005_0460|b005_0438|b005_0444|b004_0349|b005_0465|b004_0326|b005_0418|b004_0217|b004_0215|b005_0449|b004_0241|b004_0321|b005_0467|b005_0684|b005_0654|b005_0688|b005_0680|b005_0690|b005_0660|b005_0709|b005_0672|b004_0029|b004_0013|b005_0070|b005_0004|b005_0025|b005_0002|b005_0047|b005_0033|b005_0049|b004_0065,9|2|5|9|8|10|6|4|2|2|10|2|1|11|8|3|4|11|5|8|11|9|1|6|6|13|7|5|2|15|8|3,0.002083999919705093
1,cuda,capacity_matched_deepsets,forward_resident_inputs,32,32,b004_0024|b005_0062|b004_0082|b004_0022|b005_0065|b004_0070|b005_0019|b004_0008|b004_0006|b005_0040|b004_0039|b004_0088|b004_0012|b004_0003|b004_0084|b004_0259|b005_0185|b005_0160|b005_0217|b005_0205|b005_0219|b004_0313|b005_0198|b005_0199|b005_0211|b005_0209|b004_0140|b005_0172|b005_0181|b004_0197|b005_0170|b004_0181,4|2|5|2|8|3|12|3|3|3|8|2|5|4|3|5|15|13|2|11|10|4|11|7|4|10|3|3|12|1|7|4,0.0019667999586090446
1,cuda,capacity_matched_deepsets,forward_resident_inputs,32,32,b005_0222|b005_0196|b004_0350|b005_0273|b005_0303|b005_0266|b004_0168|b005_0290|b004_0342|b005_0310|b005_0231|b005_0302|b005_0242|b005_0298|b004_0263|b005_0493|b005_0503|b004_0282|b005_0508|b005_0516|b004_0300|b004_0311|b004_0108|b005_0482|b005_0545|b005_0537|b005_0548|b005_0541|b004_0185|b005_0505|b005_0544|b005_0513,14|12|2|11|9|11|6|10|2|1|8|14|6|2|4|4|5|5|9|1|5|2|6|4|14|5|5|4|8|1|4|9,0.0021773999324068427
1,cuda,capacity_matched_deepsets,forward_resident_inputs,32,32,b004_0198|b004_0154|b005_0345|b004_0106|b005_0356|b004_0270|b005_0376|b005_0323|b005_0380|b004_0192|b005_0350|b004_0115|b004_0367|b004_0378|b005_0361|b005_0378|b005_0714|b005_0792|b005_0773|b005_0723|b005_0799|b005_0786|b005_0783|b005_0805|b005_0736|b005_0758|b005_0737|b005_0784|b005_0733|b005_0774|b005_0757|b005_0727,3|8|4|3|2|2|3|11|7|3|4|3|5|8|8|11|3|6|7|1|8|2|4|10|3|8|15|1|1|14|9|2,0.0017385000828653574
1,cuda,capacity_matched_deepsets,common_input_to_host_output,32,32,b005_0092|b004_0388|b004_0356|b005_0086|b005_0119|b005_0098|b004_0253|b005_0107|b004_0277|b004_0258|b005_0121|b005_0087|b005_0120|b005_0133|b004_0244|b005_0628|b005_0575|b005_0569|b005_0629|b005_0651|b005_0559|b005_0627|b005_0610|b005_0626|b005_0612|b005_0554|b005_0578|b005_0604|b005_0442|b005_0470|b005_0446|b005_0434,3|1|6|11|7|7|3|1|8|4|4|5|3|13|1|10|3|4|4|14|6|10|7|9|10|8|7|13|7|3|9|1,0.010442500002682209
1,cuda,capacity_matched_deepsets,common_input_to_host_output,32,32,b005_0431|b005_0460|b005_0438|b005_0444|b004_0349|b005_0465|b004_0326|b005_0418|b004_0217|b004_0215|b005_0449|b004_0241|b004_0321|b005_0467|b005_0684|b005_0654|b005_0688|b005_0680|b005_0690|b005_0660|b005_0709|b005_0672|b004_0029|b004_0013|b005_0070|b005_0004|b005_0025|b005_0002|b005_0047|b005_0033|b005_0049|b004_0065,9|2|5|9|8|10|6|4|2|2|10|2|1|11|8|3|4|11|5|8|11|9|1|6|6|13|7|5|2|15|8|3,0.009742600028403103
1,cuda,capacity_matched_deepsets,common_input_to_host_output,32,32,b004_0024|b005_0062|b004_0082|b004_0022|b005_0065|b004_0070|b005_0019|b004_0008|b004_0006|b005_0040|b004_0039|b004_0088|b004_0012|b004_0003|b004_0084|b004_0259|b005_0185|b005_0160|b005_0217|b005_0205|b005_0219|b004_0313|b005_0198|b005_0199|b005_0211|b005_0209|b004_0140|b005_0172|b005_0181|b004_0197|b005_0170|b004_0181,4|2|5|2|8|3|12|3|3|3|8|2|5|4|3|5|15|13|2|11|10|4|11|7|4|10|3|3|12|1|7|4,0.008971899980679154
1,cuda,capacity_matched_deepsets,common_input_to_host_output,32,32,b005_0222|b005_0196|b004_0350|b005_0273|b005_0303|b005_0266|b004_0168|b005_0290|b004_0342|b005_0310|b005_0231|b005_0302|b005_0242|b005_0298|b004_0263|b005_0493|b005_0503|b004_0282|b005_0508|b005_0516|b004_0300|b004_0311|b004_0108|b005_0482|b005_0545|b005_0537|b005_0548|b005_0541|b004_0185|b005_0505|b005_0544|b005_0513,14|12|2|11|9|11|6|10|2|1|8|14|6|2|4|4|5|5|9|1|5|2|6|4|14|5|5|4|8|1|4|9,0.009911600034683943
1,cuda,capacity_matched_deepsets,common_input_to_host_output,32,32,b004_0198|b004_0154|b005_0345|b004_0106|b005_0356|b004_0270|b005_0376|b005_0323|b005_0380|b004_0192|b005_0350|b004_0115|b004_0367|b004_0378|b005_0361|b005_0378|b005_0714|b005_0792|b005_0773|b005_0723|b005_0799|b005_0786|b005_0783|b005_0805|b005_0736|b005_0758|b005_0737|b005_0784|b005_0733|b005_0774|b005_0757|b005_0727,3|8|4|3|2|2|3|11|7|3|4|3|5|8|8|11|3|6|7|1|8|2|4|10|3|8|15|1|1|14|9|2,0.008103700005449355
1,cpu,gnn,forward_resident_inputs,1,1,b005_0092,3,0.0018097000429406762
1,cpu,gnn,forward_resident_inputs,1,1,b004_0388,1,0.0016481999773532152
1,cpu,gnn,forward_resident_inputs,1,1,b004_0356,6,0.0020357000175863504
1,cpu,gnn,forward_resident_inputs,1,1,b005_0086,11,0.0025969999842345715
1,cpu,gnn,forward_resident_inputs,1,1,b005_0119,7,0.002190499915741384
1,cpu,gnn,forward_resident_inputs,1,1,b005_0098,7,0.0019517999608069658
1,cpu,gnn,forward_resident_inputs,1,1,b004_0253,3,0.0021023000590503216
1,cpu,gnn,forward_resident_inputs,1,1,b005_0107,1,0.001395300030708313
1,cpu,gnn,forward_resident_inputs,1,1,b004_0277,8,0.0020276999566704035
1,cpu,gnn,forward_resident_inputs,1,1,b004_0258,4,0.0027300999499857426
1,cpu,gnn,forward_resident_inputs,1,1,b005_0121,4,0.0021243999944999814
1,cpu,gnn,forward_resident_inputs,1,1,b005_0087,5,0.002040299936197698
1,cpu,gnn,forward_resident_inputs,1,1,b005_0120,3,0.0022409000666812062
1,cpu,gnn,forward_resident_inputs,1,1,b005_0133,13,0.0023039999650791287
1,cpu,gnn,forward_resident_inputs,1,1,b004_0244,1,0.001242400030605495
1,cpu,gnn,forward_resident_inputs,1,1,b005_0628,10,0.0026263000909239054
1,cpu,gnn,forward_resident_inputs,1,1,b005_0575,3,0.0017227999633178115
1,cpu,gnn,forward_resident_inputs,1,1,b005_0569,4,0.002254400053061545
1,cpu,gnn,forward_resident_inputs,1,1,b005_0629,4,0.0020059000235050917
1,cpu,gnn,forward_resident_inputs,1,1,b005_0651,14,0.0021455000387504697
1,cpu,gnn,forward_resident_inputs,1,1,b005_0559,6,0.0022552000591531396
1,cpu,gnn,forward_resident_inputs,1,1,b005_0627,10,0.0020707999356091022
1,cpu,gnn,forward_resident_inputs,1,1,b005_0610,7,0.0019063000800088048
1,cpu,gnn,forward_resident_inputs,1,1,b005_0626,9,0.002437800052575767
1,cpu,gnn,forward_resident_inputs,1,1,b005_0612,10,0.0028566999826580286
1,cpu,gnn,forward_resident_inputs,1,1,b005_0554,8,0.0024500000290572643
1,cpu,gnn,forward_resident_inputs,1,1,b005_0578,7,0.0019384999759495258
1,cpu,gnn,forward_resident_inputs,1,1,b005_0604,13,0.0022010999964550138
1,cpu,gnn,forward_resident_inputs,1,1,b005_0442,7,0.002262099995277822
1,cpu,gnn,forward_resident_inputs,1,1,b005_0470,3,0.0017621000297367573
1,cpu,gnn,forward_resident_inputs,1,1,b005_0446,9,0.002668399945832789
1,cpu,gnn,forward_resident_inputs,1,1,b005_0434,1,0.0015188000397756696
1,cpu,gnn,forward_resident_inputs,1,1,b005_0431,9,0.002189100021496415
1,cpu,gnn,forward_resident_inputs,1,1,b005_0460,2,0.002089100074954331
1,cpu,gnn,forward_resident_inputs,1,1,b005_0438,5,0.0020087999291718006
1,cpu,gnn,forward_resident_inputs,1,1,b005_0444,9,0.0019546999828889966
1,cpu,gnn,forward_resident_inputs,1,1,b004_0349,8,0.00245939998421818
1,cpu,gnn,forward_resident_inputs,1,1,b005_0465,10,0.0034742000279948115
1,cpu,gnn,forward_resident_inputs,1,1,b004_0326,6,0.0033499000128358603
1,cpu,gnn,forward_resident_inputs,1,1,b005_0418,4,0.0019715999951586127
1,cpu,gnn,forward_resident_inputs,1,1,b004_0217,2,0.002585000009275973
1,cpu,gnn,forward_resident_inputs,1,1,b004_0215,2,0.0020438000792637467
1,cpu,gnn,forward_resident_inputs,1,1,b005_0449,10,0.002503100084140897
1,cpu,gnn,forward_resident_inputs,1,1,b004_0241,2,0.002524400013498962
1,cpu,gnn,forward_resident_inputs,1,1,b004_0321,1,0.0014754999428987503
1,cpu,gnn,forward_resident_inputs,1,1,b005_0467,11,0.0033174999989569187
1,cpu,gnn,forward_resident_inputs,1,1,b005_0684,8,0.002568800002336502
1,cpu,gnn,forward_resident_inputs,1,1,b005_0654,3,0.0026042000390589237
1,cpu,gnn,forward_resident_inputs,1,1,b005_0688,4,0.0020690999226644635
1,cpu,gnn,forward_resident_inputs,1,1,b005_0680,11,0.0027017000829800963
1,cpu,gnn,forward_resident_inputs,1,1,b005_0690,5,0.0026624000165611506
1,cpu,gnn,forward_resident_inputs,1,1,b005_0660,8,0.002653099945746362
1,cpu,gnn,forward_resident_inputs,1,1,b005_0709,11,0.00374399998690933
1,cpu,gnn,forward_resident_inputs,1,1,b005_0672,9,0.002302000066265464
1,cpu,gnn,forward_resident_inputs,1,1,b004_0029,1,0.0015851000789552927
1,cpu,gnn,forward_resident_inputs,1,1,b004_0013,6,0.001999499974772334
1,cpu,gnn,forward_resident_inputs,1,1,b005_0070,6,0.0018553000409156084
1,cpu,gnn,forward_resident_inputs,1,1,b005_0004,13,0.0025776000693440437
1,cpu,gnn,forward_resident_inputs,1,1,b005_0025,7,0.002001799992285669
1,cpu,gnn,forward_resident_inputs,1,1,b005_0002,5,0.0023314999416470528
1,cpu,gnn,forward_resident_inputs,1,1,b005_0047,2,0.0025354999816045165
1,cpu,gnn,forward_resident_inputs,1,1,b005_0033,15,0.0025025000795722008
1,cpu,gnn,forward_resident_inputs,1,1,b005_0049,8,0.002605099929496646
1,cpu,gnn,forward_resident_inputs,1,1,b004_0065,3,0.0018157000886276364
1,cpu,gnn,forward_resident_inputs,1,1,b004_0024,4,0.0022069000406190753
1,cpu,gnn,forward_resident_inputs,1,1,b005_0062,2,0.0019448999082669616
1,cpu,gnn,forward_resident_inputs,1,1,b004_0082,5,0.0021256000036373734
1,cpu,gnn,forward_resident_inputs,1,1,b004_0022,2,0.0022275999654084444
1,cpu,gnn,forward_resident_inputs,1,1,b005_0065,8,0.002300000051036477
1,cpu,gnn,forward_resident_inputs,1,1,b004_0070,3,0.002085800049826503
1,cpu,gnn,forward_resident_inputs,1,1,b005_0019,12,0.0026259999722242355
1,cpu,gnn,forward_resident_inputs,1,1,b004_0008,3,0.0017515000654384494
1,cpu,gnn,forward_resident_inputs,1,1,b004_0006,3,0.002784100011922419
1,cpu,gnn,forward_resident_inputs,1,1,b005_0040,3,0.0019130000146105886
1,cpu,gnn,forward_resident_inputs,1,1,b004_0039,8,0.0022914999863132834
1,cpu,gnn,forward_resident_inputs,1,1,b004_0088,2,0.002079900004900992
1,cpu,gnn,forward_resident_inputs,1,1,b004_0012,5,0.0018856999231502414
1,cpu,gnn,forward_resident_inputs,1,1,b004_0003,4,0.0020170999923720956
1,cpu,gnn,forward_resident_inputs,1,1,b004_0084,3,0.0021663999650627375
1,cpu,gnn,forward_resident_inputs,1,1,b004_0259,5,0.0022571999579668045
1,cpu,gnn,forward_resident_inputs,1,1,b005_0185,15,0.0026651000371202826
1,cpu,gnn,forward_resident_inputs,1,1,b005_0160,13,0.002314700046554208
1,cpu,gnn,forward_resident_inputs,1,1,b005_0217,2,0.001596400048583746
1,cpu,gnn,forward_resident_inputs,1,1,b005_0205,11,0.002856199978850782
1,cpu,gnn,forward_resident_inputs,1,1,b005_0219,10,0.0022211000323295593
1,cpu,gnn,forward_resident_inputs,1,1,b004_0313,4,0.002557500032708049
1,cpu,gnn,forward_resident_inputs,1,1,b005_0198,11,0.0022876999573782086
1,cpu,gnn,forward_resident_inputs,1,1,b005_0199,7,0.002223700052127242
1,cpu,gnn,forward_resident_inputs,1,1,b005_0211,4,0.002166499965824187
1,cpu,gnn,forward_resident_inputs,1,1,b005_0209,10,0.002230699989013374
1,cpu,gnn,forward_resident_inputs,1,1,b004_0140,3,0.002182300086133182
1,cpu,gnn,forward_resident_inputs,1,1,b005_0172,3,0.0019021000480279326
1,cpu,gnn,forward_resident_inputs,1,1,b005_0181,12,0.002027799957431853
1,cpu,gnn,forward_resident_inputs,1,1,b004_0197,1,0.0015464999014511704
1,cpu,gnn,forward_resident_inputs,1,1,b005_0170,7,0.0021698999917134643
1,cpu,gnn,forward_resident_inputs,1,1,b004_0181,4,0.0017035999335348606
1,cpu,gnn,forward_resident_inputs,1,1,b005_0222,14,0.0028898000018671155
1,cpu,gnn,forward_resident_inputs,1,1,b005_0196,12,0.0020441000815480947
1,cpu,gnn,forward_resident_inputs,1,1,b004_0350,2,0.001725899986922741
1,cpu,gnn,forward_resident_inputs,1,1,b005_0273,11,0.0023180999560281634
1,cpu,gnn,forward_resident_inputs,1,1,b005_0303,9,0.001927000004798174
1,cpu,gnn,forward_resident_inputs,1,1,b005_0266,11,0.0025430999230593443
1,cpu,gnn,forward_resident_inputs,1,1,b004_0168,6,0.001823800033889711
1,cpu,gnn,forward_resident_inputs,1,1,b005_0290,10,0.002109199995175004
1,cpu,gnn,forward_resident_inputs,1,1,b004_0342,2,0.00190069992095232
1,cpu,gnn,forward_resident_inputs,1,1,b005_0310,1,0.0011879000812768936
1,cpu,gnn,forward_resident_inputs,1,1,b005_0231,8,0.0019128000130876899
1,cpu,gnn,forward_resident_inputs,1,1,b005_0302,14,0.002386000007390976
1,cpu,gnn,forward_resident_inputs,1,1,b005_0242,6,0.0018125999486073852
1,cpu,gnn,forward_resident_inputs,1,1,b005_0298,2,0.0018073000246658921
1,cpu,gnn,forward_resident_inputs,1,1,b004_0263,4,0.0021288000280037522
1,cpu,gnn,forward_resident_inputs,1,1,b005_0493,4,0.0022551999427378178
1,cpu,gnn,forward_resident_inputs,1,1,b005_0503,5,0.0021363000851124525
1,cpu,gnn,forward_resident_inputs,1,1,b004_0282,5,0.002439300063997507
1,cpu,gnn,forward_resident_inputs,1,1,b005_0508,9,0.002244699979200959
1,cpu,gnn,forward_resident_inputs,1,1,b005_0516,1,0.0012526999926194549
1,cpu,gnn,forward_resident_inputs,1,1,b004_0300,5,0.002534800092689693
1,cpu,gnn,forward_resident_inputs,1,1,b004_0311,2,0.0016849000239744782
1,cpu,gnn,forward_resident_inputs,1,1,b004_0108,6,0.0018693999154493213
1,cpu,gnn,forward_resident_inputs,1,1,b005_0482,4,0.00230529997497797
1,cpu,gnn,forward_resident_inputs,1,1,b005_0545,14,0.002309700008481741
1,cpu,gnn,forward_resident_inputs,1,1,b005_0537,5,0.0023925999412313104
1,cpu,gnn,forward_resident_inputs,1,1,b005_0548,5,0.001973699894733727
1,cpu,gnn,forward_resident_inputs,1,1,b005_0541,4,0.0019937000470235944
1,cpu,gnn,forward_resident_inputs,1,1,b004_0185,8,0.0030649000545963645
1,cpu,gnn,forward_resident_inputs,1,1,b005_0505,1,0.001433399971574545
1,cpu,gnn,forward_resident_inputs,1,1,b005_0544,4,0.0024486000183969736
1,cpu,gnn,forward_resident_inputs,1,1,b005_0513,9,0.002320899977348745
1,cpu,gnn,forward_resident_inputs,1,1,b004_0198,3,0.0017690000822767615
1,cpu,gnn,forward_resident_inputs,1,1,b004_0154,8,0.002536199986934662
1,cpu,gnn,forward_resident_inputs,1,1,b005_0345,4,0.0020192000083625317
1,cpu,gnn,forward_resident_inputs,1,1,b004_0106,3,0.0024561999598518014
1,cpu,gnn,forward_resident_inputs,1,1,b005_0356,2,0.002376199932768941
1,cpu,gnn,forward_resident_inputs,1,1,b004_0270,2,0.0016392000252380967
1,cpu,gnn,forward_resident_inputs,1,1,b005_0376,3,0.0022308999905362725
1,cpu,gnn,forward_resident_inputs,1,1,b005_0323,11,0.002219800022430718
1,cpu,gnn,forward_resident_inputs,1,1,b005_0380,7,0.002006000024266541
1,cpu,gnn,forward_resident_inputs,1,1,b004_0192,3,0.0021833000937476754
1,cpu,gnn,forward_resident_inputs,1,1,b005_0350,4,0.0021138000302016735
1,cpu,gnn,forward_resident_inputs,1,1,b004_0115,3,0.0018257000483572483
1,cpu,gnn,forward_resident_inputs,1,1,b004_0367,5,0.002435700036585331
1,cpu,gnn,forward_resident_inputs,1,1,b004_0378,8,0.001990599907003343
1,cpu,gnn,forward_resident_inputs,1,1,b005_0361,8,0.002854199963621795
1,cpu,gnn,forward_resident_inputs,1,1,b005_0378,11,0.0021439000265672803
1,cpu,gnn,forward_resident_inputs,1,1,b005_0714,3,0.0017079999670386314
1,cpu,gnn,forward_resident_inputs,1,1,b005_0792,6,0.0024673999287188053
1,cpu,gnn,forward_resident_inputs,1,1,b005_0773,7,0.0020688000367954373
1,cpu,gnn,forward_resident_inputs,1,1,b005_0723,1,0.001170799951069057
1,cpu,gnn,forward_resident_inputs,1,1,b005_0799,8,0.00236149993725121
1,cpu,gnn,forward_resident_inputs,1,1,b005_0786,2,0.001545500010251999
1,cpu,gnn,forward_resident_inputs,1,1,b005_0783,4,0.001743400003761053
1,cpu,gnn,forward_resident_inputs,1,1,b005_0805,10,0.0023845999967306852
1,cpu,gnn,forward_resident_inputs,1,1,b005_0736,3,0.0016916000749915838
1,cpu,gnn,forward_resident_inputs,1,1,b005_0758,8,0.002086400054395199
1,cpu,gnn,forward_resident_inputs,1,1,b005_0737,15,0.0027452000649645925
1,cpu,gnn,forward_resident_inputs,1,1,b005_0784,1,0.0012589000398293138
1,cpu,gnn,forward_resident_inputs,1,1,b005_0733,1,0.001192399999126792
1,cpu,gnn,forward_resident_inputs,1,1,b005_0774,14,0.002401100005954504
1,cpu,gnn,forward_resident_inputs,1,1,b005_0757,9,0.00202369992621243
1,cpu,gnn,forward_resident_inputs,1,1,b005_0727,2,0.0016772999661043286
1,cpu,gnn,common_input_to_host_output,1,1,b005_0092,3,0.0031030999962240458
1,cpu,gnn,common_input_to_host_output,1,1,b004_0388,1,0.0015799000393599272
1,cpu,gnn,common_input_to_host_output,1,1,b004_0356,6,0.002683199942111969
1,cpu,gnn,common_input_to_host_output,1,1,b005_0086,11,0.0026383999502286315
1,cpu,gnn,common_input_to_host_output,1,1,b005_0119,7,0.0034290000330656767
1,cpu,gnn,common_input_to_host_output,1,1,b005_0098,7,0.004423700040206313
1,cpu,gnn,common_input_to_host_output,1,1,b004_0253,3,0.005504300002939999
1,cpu,gnn,common_input_to_host_output,1,1,b005_0107,1,0.00361949997022748
1,cpu,gnn,common_input_to_host_output,1,1,b004_0277,8,0.006036399980075657
1,cpu,gnn,common_input_to_host_output,1,1,b004_0258,4,0.0036950999638065696
1,cpu,gnn,common_input_to_host_output,1,1,b005_0121,4,0.003054700093343854
1,cpu,gnn,common_input_to_host_output,1,1,b005_0087,5,0.0033129999646916986
1,cpu,gnn,common_input_to_host_output,1,1,b005_0120,3,0.0027004999574273825
1,cpu,gnn,common_input_to_host_output,1,1,b005_0133,13,0.0039724999805912375
1,cpu,gnn,common_input_to_host_output,1,1,b004_0244,1,0.0016234000213444233
1,cpu,gnn,common_input_to_host_output,1,1,b005_0628,10,0.0037741000996902585
1,cpu,gnn,common_input_to_host_output,1,1,b005_0575,3,0.0022709000622853637
1,cpu,gnn,common_input_to_host_output,1,1,b005_0569,4,0.0030406999867409468
1,cpu,gnn,common_input_to_host_output,1,1,b005_0629,4,0.0030737000051885843
1,cpu,gnn,common_input_to_host_output,1,1,b005_0651,14,0.0038351999828591943
1,cpu,gnn,common_input_to_host_output,1,1,b005_0559,6,0.0022740999702364206
1,cpu,gnn,common_input_to_host_output,1,1,b005_0627,10,0.002700099954381585
1,cpu,gnn,common_input_to_host_output,1,1,b005_0610,7,0.0021910000359639525
1,cpu,gnn,common_input_to_host_output,1,1,b005_0626,9,0.002889299998059869
1,cpu,gnn,common_input_to_host_output,1,1,b005_0612,10,0.002821600064635277
1,cpu,gnn,common_input_to_host_output,1,1,b005_0554,8,0.0027212999993935227
1,cpu,gnn,common_input_to_host_output,1,1,b005_0578,7,0.002247900003567338
1,cpu,gnn,common_input_to_host_output,1,1,b005_0604,13,0.002878700033761561
1,cpu,gnn,common_input_to_host_output,1,1,b005_0442,7,0.0023886000271886587
1,cpu,gnn,common_input_to_host_output,1,1,b005_0470,3,0.0020326999947428703
1,cpu,gnn,common_input_to_host_output,1,1,b005_0446,9,0.003423099988140166
1,cpu,gnn,common_input_to_host_output,1,1,b005_0434,1,0.0015131999971345067
1,cpu,gnn,common_input_to_host_output,1,1,b005_0431,9,0.0029319999739527702
1,cpu,gnn,common_input_to_host_output,1,1,b005_0460,2,0.0019850999815389514
1,cpu,gnn,common_input_to_host_output,1,1,b005_0438,5,0.002377200056798756
1,cpu,gnn,common_input_to_host_output,1,1,b005_0444,9,0.003027800004929304
1,cpu,gnn,common_input_to_host_output,1,1,b004_0349,8,0.002444499987177551
1,cpu,gnn,common_input_to_host_output,1,1,b005_0465,10,0.0030009999172762036
1,cpu,gnn,common_input_to_host_output,1,1,b004_0326,6,0.002140299999155104
1,cpu,gnn,common_input_to_host_output,1,1,b005_0418,4,0.0024499999126419425
1,cpu,gnn,common_input_to_host_output,1,1,b004_0217,2,0.001907799975015223
1,cpu,gnn,common_input_to_host_output,1,1,b004_0215,2,0.0018124999478459358
1,cpu,gnn,common_input_to_host_output,1,1,b005_0449,10,0.002900599967688322
1,cpu,gnn,common_input_to_host_output,1,1,b004_0241,2,0.0020129999611526728
1,cpu,gnn,common_input_to_host_output,1,1,b004_0321,1,0.0015061000594869256
1,cpu,gnn,common_input_to_host_output,1,1,b005_0467,11,0.002686800085939467
1,cpu,gnn,common_input_to_host_output,1,1,b005_0684,8,0.002315299934707582
1,cpu,gnn,common_input_to_host_output,1,1,b005_0654,3,0.002316499943844974
1,cpu,gnn,common_input_to_host_output,1,1,b005_0688,4,0.0020129000768065453
1,cpu,gnn,common_input_to_host_output,1,1,b005_0680,11,0.0025967999827116728
1,cpu,gnn,common_input_to_host_output,1,1,b005_0690,5,0.002362100058235228
1,cpu,gnn,common_input_to_host_output,1,1,b005_0660,8,0.0024837999371811748
1,cpu,gnn,common_input_to_host_output,1,1,b005_0709,11,0.0029711000388488173
1,cpu,gnn,common_input_to_host_output,1,1,b005_0672,9,0.002517600078135729
1,cpu,gnn,common_input_to_host_output,1,1,b004_0029,1,0.0016531000146642327
1,cpu,gnn,common_input_to_host_output,1,1,b004_0013,6,0.002466399921104312
1,cpu,gnn,common_input_to_host_output,1,1,b005_0070,6,0.0021612999262288213
1,cpu,gnn,common_input_to_host_output,1,1,b005_0004,13,0.0031339999986812472
1,cpu,gnn,common_input_to_host_output,1,1,b005_0025,7,0.0021256000036373734
1,cpu,gnn,common_input_to_host_output,1,1,b005_0002,5,0.0024065999314188957
1,cpu,gnn,common_input_to_host_output,1,1,b005_0047,2,0.0017766000237315893
1,cpu,gnn,common_input_to_host_output,1,1,b005_0033,15,0.0028622999088838696
1,cpu,gnn,common_input_to_host_output,1,1,b005_0049,8,0.0026743001071736217
1,cpu,gnn,common_input_to_host_output,1,1,b004_0065,3,0.0020701999310404062
1,cpu,gnn,common_input_to_host_output,1,1,b004_0024,4,0.002356100012548268
1,cpu,gnn,common_input_to_host_output,1,1,b005_0062,2,0.0019468999234959483
1,cpu,gnn,common_input_to_host_output,1,1,b004_0082,5,0.0020882999524474144
1,cpu,gnn,common_input_to_host_output,1,1,b004_0022,2,0.0022486000088974833
1,cpu,gnn,common_input_to_host_output,1,1,b005_0065,8,0.0022716999519616365
1,cpu,gnn,common_input_to_host_output,1,1,b004_0070,3,0.002112700021825731
1,cpu,gnn,common_input_to_host_output,1,1,b005_0019,12,0.0028737999964505434
1,cpu,gnn,common_input_to_host_output,1,1,b004_0008,3,0.0020433999598026276
1,cpu,gnn,common_input_to_host_output,1,1,b004_0006,3,0.0022928001126274467
1,cpu,gnn,common_input_to_host_output,1,1,b005_0040,3,0.0020748000824823976
1,cpu,gnn,common_input_to_host_output,1,1,b004_0039,8,0.0025240000104531646
1,cpu,gnn,common_input_to_host_output,1,1,b004_0088,2,0.0018198000034317374
1,cpu,gnn,common_input_to_host_output,1,1,b004_0012,5,0.0020958000095561147
1,cpu,gnn,common_input_to_host_output,1,1,b004_0003,4,0.0024694999447092414
1,cpu,gnn,common_input_to_host_output,1,1,b004_0084,3,0.001976699917577207
1,cpu,gnn,common_input_to_host_output,1,1,b004_0259,5,0.0021413000067695975
1,cpu,gnn,common_input_to_host_output,1,1,b005_0185,15,0.003383500035852194
1,cpu,gnn,common_input_to_host_output,1,1,b005_0160,13,0.0026359999319538474
1,cpu,gnn,common_input_to_host_output,1,1,b005_0217,2,0.002000599983148277
1,cpu,gnn,common_input_to_host_output,1,1,b005_0205,11,0.0025189999723806977
1,cpu,gnn,common_input_to_host_output,1,1,b005_0219,10,0.0029866000404581428
1,cpu,gnn,common_input_to_host_output,1,1,b004_0313,4,0.0022057000314816833
1,cpu,gnn,common_input_to_host_output,1,1,b005_0198,11,0.0026851999573409557
1,cpu,gnn,common_input_to_host_output,1,1,b005_0199,7,0.002361199934966862
1,cpu,gnn,common_input_to_host_output,1,1,b005_0211,4,0.002015099977143109
1,cpu,gnn,common_input_to_host_output,1,1,b005_0209,10,0.002769000013358891
1,cpu,gnn,common_input_to_host_output,1,1,b004_0140,3,0.00210829998832196
1,cpu,gnn,common_input_to_host_output,1,1,b005_0172,3,0.002176400041207671
1,cpu,gnn,common_input_to_host_output,1,1,b005_0181,12,0.003038400085642934
1,cpu,gnn,common_input_to_host_output,1,1,b004_0197,1,0.0016071000136435032
1,cpu,gnn,common_input_to_host_output,1,1,b005_0170,7,0.002571700024418533
1,cpu,gnn,common_input_to_host_output,1,1,b004_0181,4,0.002206399920396507
1,cpu,gnn,common_input_to_host_output,1,1,b005_0222,14,0.003335600020363927
1,cpu,gnn,common_input_to_host_output,1,1,b005_0196,12,0.002753000007942319
1,cpu,gnn,common_input_to_host_output,1,1,b004_0350,2,0.002008299925364554
1,cpu,gnn,common_input_to_host_output,1,1,b005_0273,11,0.0026573999784886837
1,cpu,gnn,common_input_to_host_output,1,1,b005_0303,9,0.002356700017116964
1,cpu,gnn,common_input_to_host_output,1,1,b005_0266,11,0.0027750000590458512
1,cpu,gnn,common_input_to_host_output,1,1,b004_0168,6,0.0020963000133633614
1,cpu,gnn,common_input_to_host_output,1,1,b005_0290,10,0.003551800036802888
1,cpu,gnn,common_input_to_host_output,1,1,b004_0342,2,0.0021078999852761626
1,cpu,gnn,common_input_to_host_output,1,1,b005_0310,1,0.0016270000487565994
1,cpu,gnn,common_input_to_host_output,1,1,b005_0231,8,0.0029485999839380383
1,cpu,gnn,common_input_to_host_output,1,1,b005_0302,14,0.003226200002245605
1,cpu,gnn,common_input_to_host_output,1,1,b005_0242,6,0.0024858000688254833
1,cpu,gnn,common_input_to_host_output,1,1,b005_0298,2,0.0020329999970272183
1,cpu,gnn,common_input_to_host_output,1,1,b004_0263,4,0.0026854999596253037
1,cpu,gnn,common_input_to_host_output,1,1,b005_0493,4,0.0020378000335767865
1,cpu,gnn,common_input_to_host_output,1,1,b005_0503,5,0.0024166000075638294
1,cpu,gnn,common_input_to_host_output,1,1,b004_0282,5,0.0021941999439150095
1,cpu,gnn,common_input_to_host_output,1,1,b005_0508,9,0.0024840999394655228
1,cpu,gnn,common_input_to_host_output,1,1,b005_0516,1,0.0019711999921128154
1,cpu,gnn,common_input_to_host_output,1,1,b004_0300,5,0.002616699901409447
1,cpu,gnn,common_input_to_host_output,1,1,b004_0311,2,0.0035966000286862254
1,cpu,gnn,common_input_to_host_output,1,1,b004_0108,6,0.002475899993441999
1,cpu,gnn,common_input_to_host_output,1,1,b005_0482,4,0.003272100002504885
1,cpu,gnn,common_input_to_host_output,1,1,b005_0545,14,0.0032387999817728996
1,cpu,gnn,common_input_to_host_output,1,1,b005_0537,5,0.0035566999576985836
1,cpu,gnn,common_input_to_host_output,1,1,b005_0548,5,0.0024305999977514148
1,cpu,gnn,common_input_to_host_output,1,1,b005_0541,4,0.0026906999992206693
1,cpu,gnn,common_input_to_host_output,1,1,b004_0185,8,0.002297599916346371
1,cpu,gnn,common_input_to_host_output,1,1,b005_0505,1,0.0017094999784603715
1,cpu,gnn,common_input_to_host_output,1,1,b005_0544,4,0.002181099960580468
1,cpu,gnn,common_input_to_host_output,1,1,b005_0513,9,0.002610200084745884
1,cpu,gnn,common_input_to_host_output,1,1,b004_0198,3,0.0029657999984920025
1,cpu,gnn,common_input_to_host_output,1,1,b004_0154,8,0.0024252000730484724
1,cpu,gnn,common_input_to_host_output,1,1,b005_0345,4,0.002509100013412535
1,cpu,gnn,common_input_to_host_output,1,1,b004_0106,3,0.0021106000058352947
1,cpu,gnn,common_input_to_host_output,1,1,b005_0356,2,0.002064200001768768
1,cpu,gnn,common_input_to_host_output,1,1,b004_0270,2,0.0022591999731957912
1,cpu,gnn,common_input_to_host_output,1,1,b005_0376,3,0.0025201999815180898
1,cpu,gnn,common_input_to_host_output,1,1,b005_0323,11,0.003244200022891164
1,cpu,gnn,common_input_to_host_output,1,1,b005_0380,7,0.002268600044772029
1,cpu,gnn,common_input_to_host_output,1,1,b004_0192,3,0.0023686999920755625
1,cpu,gnn,common_input_to_host_output,1,1,b005_0350,4,0.0021711000008508563
1,cpu,gnn,common_input_to_host_output,1,1,b004_0115,3,0.0019653000636026263
1,cpu,gnn,common_input_to_host_output,1,1,b004_0367,5,0.002945900079794228
1,cpu,gnn,common_input_to_host_output,1,1,b004_0378,8,0.0024793000193312764
1,cpu,gnn,common_input_to_host_output,1,1,b005_0361,8,0.003254899987950921
1,cpu,gnn,common_input_to_host_output,1,1,b005_0378,11,0.0026638000272214413
1,cpu,gnn,common_input_to_host_output,1,1,b005_0714,3,0.0024277999764308333
1,cpu,gnn,common_input_to_host_output,1,1,b005_0792,6,0.002370300004258752
1,cpu,gnn,common_input_to_host_output,1,1,b005_0773,7,0.003508700057864189
1,cpu,gnn,common_input_to_host_output,1,1,b005_0723,1,0.001686000032350421
1,cpu,gnn,common_input_to_host_output,1,1,b005_0799,8,0.002382799983024597
1,cpu,gnn,common_input_to_host_output,1,1,b005_0786,2,0.0023276000283658504
1,cpu,gnn,common_input_to_host_output,1,1,b005_0783,4,0.0021077999845147133
1,cpu,gnn,common_input_to_host_output,1,1,b005_0805,10,0.0028904000064358115
1,cpu,gnn,common_input_to_host_output,1,1,b005_0736,3,0.0022820000303909183
1,cpu,gnn,common_input_to_host_output,1,1,b005_0758,8,0.002854699967429042
1,cpu,gnn,common_input_to_host_output,1,1,b005_0737,15,0.003001400036737323
1,cpu,gnn,common_input_to_host_output,1,1,b005_0784,1,0.0014106000307947397
1,cpu,gnn,common_input_to_host_output,1,1,b005_0733,1,0.0019305999157950282
1,cpu,gnn,common_input_to_host_output,1,1,b005_0774,14,0.0028689999599009752
1,cpu,gnn,common_input_to_host_output,1,1,b005_0757,9,0.0034565000096336007
1,cpu,gnn,common_input_to_host_output,1,1,b005_0727,2,0.002049999893642962
1,cpu,gnn,forward_resident_inputs,32,32,b005_0092|b004_0388|b004_0356|b005_0086|b005_0119|b005_0098|b004_0253|b005_0107|b004_0277|b004_0258|b005_0121|b005_0087|b005_0120|b005_0133|b004_0244|b005_0628|b005_0575|b005_0569|b005_0629|b005_0651|b005_0559|b005_0627|b005_0610|b005_0626|b005_0612|b005_0554|b005_0578|b005_0604|b005_0442|b005_0470|b005_0446|b005_0434,3|1|6|11|7|7|3|1|8|4|4|5|3|13|1|10|3|4|4|14|6|10|7|9|10|8|7|13|7|3|9|1,0.005474300007335842
1,cpu,gnn,forward_resident_inputs,32,32,b005_0431|b005_0460|b005_0438|b005_0444|b004_0349|b005_0465|b004_0326|b005_0418|b004_0217|b004_0215|b005_0449|b004_0241|b004_0321|b005_0467|b005_0684|b005_0654|b005_0688|b005_0680|b005_0690|b005_0660|b005_0709|b005_0672|b004_0029|b004_0013|b005_0070|b005_0004|b005_0025|b005_0002|b005_0047|b005_0033|b005_0049|b004_0065,9|2|5|9|8|10|6|4|2|2|10|2|1|11|8|3|4|11|5|8|11|9|1|6|6|13|7|5|2|15|8|3,0.00580629997421056
1,cpu,gnn,forward_resident_inputs,32,32,b004_0024|b005_0062|b004_0082|b004_0022|b005_0065|b004_0070|b005_0019|b004_0008|b004_0006|b005_0040|b004_0039|b004_0088|b004_0012|b004_0003|b004_0084|b004_0259|b005_0185|b005_0160|b005_0217|b005_0205|b005_0219|b004_0313|b005_0198|b005_0199|b005_0211|b005_0209|b004_0140|b005_0172|b005_0181|b004_0197|b005_0170|b004_0181,4|2|5|2|8|3|12|3|3|3|8|2|5|4|3|5|15|13|2|11|10|4|11|7|4|10|3|3|12|1|7|4,0.00584050000179559
1,cpu,gnn,forward_resident_inputs,32,32,b005_0222|b005_0196|b004_0350|b005_0273|b005_0303|b005_0266|b004_0168|b005_0290|b004_0342|b005_0310|b005_0231|b005_0302|b005_0242|b005_0298|b004_0263|b005_0493|b005_0503|b004_0282|b005_0508|b005_0516|b004_0300|b004_0311|b004_0108|b005_0482|b005_0545|b005_0537|b005_0548|b005_0541|b004_0185|b005_0505|b005_0544|b005_0513,14|12|2|11|9|11|6|10|2|1|8|14|6|2|4|4|5|5|9|1|5|2|6|4|14|5|5|4|8|1|4|9,0.005987200071103871
1,cpu,gnn,forward_resident_inputs,32,32,b004_0198|b004_0154|b005_0345|b004_0106|b005_0356|b004_0270|b005_0376|b005_0323|b005_0380|b004_0192|b005_0350|b004_0115|b004_0367|b004_0378|b005_0361|b005_0378|b005_0714|b005_0792|b005_0773|b005_0723|b005_0799|b005_0786|b005_0783|b005_0805|b005_0736|b005_0758|b005_0737|b005_0784|b005_0733|b005_0774|b005_0757|b005_0727,3|8|4|3|2|2|3|11|7|3|4|3|5|8|8|11|3|6|7|1|8|2|4|10|3|8|15|1|1|14|9|2,0.005047100014053285
1,cpu,gnn,common_input_to_host_output,32,32,b005_0092|b004_0388|b004_0356|b005_0086|b005_0119|b005_0098|b004_0253|b005_0107|b004_0277|b004_0258|b005_0121|b005_0087|b005_0120|b005_0133|b004_0244|b005_0628|b005_0575|b005_0569|b005_0629|b005_0651|b005_0559|b005_0627|b005_0610|b005_0626|b005_0612|b005_0554|b005_0578|b005_0604|b005_0442|b005_0470|b005_0446|b005_0434,3|1|6|11|7|7|3|1|8|4|4|5|3|13|1|10|3|4|4|14|6|10|7|9|10|8|7|13|7|3|9|1,0.013220200082287192
1,cpu,gnn,common_input_to_host_output,32,32,b005_0431|b005_0460|b005_0438|b005_0444|b004_0349|b005_0465|b004_0326|b005_0418|b004_0217|b004_0215|b005_0449|b004_0241|b004_0321|b005_0467|b005_0684|b005_0654|b005_0688|b005_0680|b005_0690|b005_0660|b005_0709|b005_0672|b004_0029|b004_0013|b005_0070|b005_0004|b005_0025|b005_0002|b005_0047|b005_0033|b005_0049|b004_0065,9|2|5|9|8|10|6|4|2|2|10|2|1|11|8|3|4|11|5|8|11|9|1|6|6|13|7|5|2|15|8|3,0.01382759993430227
1,cpu,gnn,common_input_to_host_output,32,32,b004_0024|b005_0062|b004_0082|b004_0022|b005_0065|b004_0070|b005_0019|b004_0008|b004_0006|b005_0040|b004_0039|b004_0088|b004_0012|b004_0003|b004_0084|b004_0259|b005_0185|b005_0160|b005_0217|b005_0205|b005_0219|b004_0313|b005_0198|b005_0199|b005_0211|b005_0209|b004_0140|b005_0172|b005_0181|b004_0197|b005_0170|b004_0181,4|2|5|2|8|3|12|3|3|3|8|2|5|4|3|5|15|13|2|11|10|4|11|7|4|10|3|3|12|1|7|4,0.012227099970914423
1,cpu,gnn,common_input_to_host_output,32,32,b005_0222|b005_0196|b004_0350|b005_0273|b005_0303|b005_0266|b004_0168|b005_0290|b004_0342|b005_0310|b005_0231|b005_0302|b005_0242|b005_0298|b004_0263|b005_0493|b005_0503|b004_0282|b005_0508|b005_0516|b004_0300|b004_0311|b004_0108|b005_0482|b005_0545|b005_0537|b005_0548|b005_0541|b004_0185|b005_0505|b005_0544|b005_0513,14|12|2|11|9|11|6|10|2|1|8|14|6|2|4|4|5|5|9|1|5|2|6|4|14|5|5|4|8|1|4|9,0.013400700059719384
1,cpu,gnn,common_input_to_host_output,32,32,b004_0198|b004_0154|b005_0345|b004_0106|b005_0356|b004_0270|b005_0376|b005_0323|b005_0380|b004_0192|b005_0350|b004_0115|b004_0367|b004_0378|b005_0361|b005_0378|b005_0714|b005_0792|b005_0773|b005_0723|b005_0799|b005_0786|b005_0783|b005_0805|b005_0736|b005_0758|b005_0737|b005_0784|b005_0733|b005_0774|b005_0757|b005_0727,3|8|4|3|2|2|3|11|7|3|4|3|5|8|8|11|3|6|7|1|8|2|4|10|3|8|15|1|1|14|9|2,0.011616500094532967
1,cpu,set_attention,forward_resident_inputs,1,1,b005_0092,3,0.002730900072492659
1,cpu,set_attention,forward_resident_inputs,1,1,b004_0388,1,0.002046499983407557
1,cpu,set_attention,forward_resident_inputs,1,1,b004_0356,6,0.0025426000356674194
1,cpu,set_attention,forward_resident_inputs,1,1,b005_0086,11,0.0022194000193849206
1,cpu,set_attention,forward_resident_inputs,1,1,b005_0119,7,0.002371200011111796
1,cpu,set_attention,forward_resident_inputs,1,1,b005_0098,7,0.0024058999260887504
1,cpu,set_attention,forward_resident_inputs,1,1,b004_0253,3,0.0024615000002086163
1,cpu,set_attention,forward_resident_inputs,1,1,b005_0107,1,0.0022199000231921673
1,cpu,set_attention,forward_resident_inputs,1,1,b004_0277,8,0.001995700062252581
1,cpu,set_attention,forward_resident_inputs,1,1,b004_0258,4,0.002346100052818656
1,cpu,set_attention,forward_resident_inputs,1,1,b005_0121,4,0.002063599997200072
1,cpu,set_attention,forward_resident_inputs,1,1,b005_0087,5,0.002009499934501946
1,cpu,set_attention,forward_resident_inputs,1,1,b005_0120,3,0.002540399902500212
1,cpu,set_attention,forward_resident_inputs,1,1,b005_0133,13,0.002315299934707582
1,cpu,set_attention,forward_resident_inputs,1,1,b004_0244,1,0.002382999984547496
1,cpu,set_attention,forward_resident_inputs,1,1,b005_0628,10,0.0023234999971464276
1,cpu,set_attention,forward_resident_inputs,1,1,b005_0575,3,0.0020996000384911895
1,cpu,set_attention,forward_resident_inputs,1,1,b005_0569,4,0.002832600031979382
1,cpu,set_attention,forward_resident_inputs,1,1,b005_0629,4,0.0022927001118659973
1,cpu,set_attention,forward_resident_inputs,1,1,b005_0651,14,0.00259269995149225
1,cpu,set_attention,forward_resident_inputs,1,1,b005_0559,6,0.0020275000715628266
1,cpu,set_attention,forward_resident_inputs,1,1,b005_0627,10,0.001992100034840405
1,cpu,set_attention,forward_resident_inputs,1,1,b005_0610,7,0.0024790000170469284
1,cpu,set_attention,forward_resident_inputs,1,1,b005_0626,9,0.0019431000109761953
1,cpu,set_attention,forward_resident_inputs,1,1,b005_0612,10,0.0028211999451741576
1,cpu,set_attention,forward_resident_inputs,1,1,b005_0554,8,0.0022106999531388283
1,cpu,set_attention,forward_resident_inputs,1,1,b005_0578,7,0.0021726000122725964
1,cpu,set_attention,forward_resident_inputs,1,1,b005_0604,13,0.0025204999838024378
1,cpu,set_attention,forward_resident_inputs,1,1,b005_0442,7,0.00206990004517138
1,cpu,set_attention,forward_resident_inputs,1,1,b005_0470,3,0.0024240000639110804
1,cpu,set_attention,forward_resident_inputs,1,1,b005_0446,9,0.0022398000583052635
1,cpu,set_attention,forward_resident_inputs,1,1,b005_0434,1,0.0025759999407455325
1,cpu,set_attention,forward_resident_inputs,1,1,b005_0431,9,0.0025034999707713723
1,cpu,set_attention,forward_resident_inputs,1,1,b005_0460,2,0.0020781001076102257
1,cpu,set_attention,forward_resident_inputs,1,1,b005_0438,5,0.0025007999502122402
1,cpu,set_attention,forward_resident_inputs,1,1,b005_0444,9,0.0022194000193849206
1,cpu,set_attention,forward_resident_inputs,1,1,b004_0349,8,0.002127300016582012
1,cpu,set_attention,forward_resident_inputs,1,1,b005_0465,10,0.0023883000249043107
1,cpu,set_attention,forward_resident_inputs,1,1,b004_0326,6,0.0023610000498592854
1,cpu,set_attention,forward_resident_inputs,1,1,b005_0418,4,0.0026714999694377184
1,cpu,set_attention,forward_resident_inputs,1,1,b004_0217,2,0.002319499966688454
1,cpu,set_attention,forward_resident_inputs,1,1,b004_0215,2,0.0026081999531015754
1,cpu,set_attention,forward_resident_inputs,1,1,b005_0449,10,0.0022638000082224607
1,cpu,set_attention,forward_resident_inputs,1,1,b004_0241,2,0.0020483999978750944
1,cpu,set_attention,forward_resident_inputs,1,1,b004_0321,1,0.003425800008699298
1,cpu,set_attention,forward_resident_inputs,1,1,b005_0467,11,0.0024437999818474054
1,cpu,set_attention,forward_resident_inputs,1,1,b005_0684,8,0.0028224000707268715
1,cpu,set_attention,forward_resident_inputs,1,1,b005_0654,3,0.002126400009728968
1,cpu,set_attention,forward_resident_inputs,1,1,b005_0688,4,0.0024204000364989042
1,cpu,set_attention,forward_resident_inputs,1,1,b005_0680,11,0.0021825999720022082
1,cpu,set_attention,forward_resident_inputs,1,1,b005_0690,5,0.0024231000570580363
1,cpu,set_attention,forward_resident_inputs,1,1,b005_0660,8,0.002332199946977198
1,cpu,set_attention,forward_resident_inputs,1,1,b005_0709,11,0.001927900011651218
1,cpu,set_attention,forward_resident_inputs,1,1,b005_0672,9,0.002208600053563714
1,cpu,set_attention,forward_resident_inputs,1,1,b004_0029,1,0.0021168000530451536
1,cpu,set_attention,forward_resident_inputs,1,1,b004_0013,6,0.002287300070747733
1,cpu,set_attention,forward_resident_inputs,1,1,b005_0070,6,0.002874600002542138
1,cpu,set_attention,forward_resident_inputs,1,1,b005_0004,13,0.0023620999418199062
1,cpu,set_attention,forward_resident_inputs,1,1,b005_0025,7,0.002505799988284707
1,cpu,set_attention,forward_resident_inputs,1,1,b005_0002,5,0.0020867999410256743
1,cpu,set_attention,forward_resident_inputs,1,1,b005_0047,2,0.0020123000722378492
1,cpu,set_attention,forward_resident_inputs,1,1,b005_0033,15,0.0023770000552758574
1,cpu,set_attention,forward_resident_inputs,1,1,b005_0049,8,0.0020392000442370772
1,cpu,set_attention,forward_resident_inputs,1,1,b004_0065,3,0.002299100044183433
1,cpu,set_attention,forward_resident_inputs,1,1,b004_0024,4,0.002110299887135625
1,cpu,set_attention,forward_resident_inputs,1,1,b005_0062,2,0.0019733000081032515
1,cpu,set_attention,forward_resident_inputs,1,1,b004_0082,5,0.0026778000174090266
1,cpu,set_attention,forward_resident_inputs,1,1,b004_0022,2,0.002024299930781126
1,cpu,set_attention,forward_resident_inputs,1,1,b005_0065,8,0.0022273999638855457
1,cpu,set_attention,forward_resident_inputs,1,1,b004_0070,3,0.0027350999880582094
1,cpu,set_attention,forward_resident_inputs,1,1,b005_0019,12,0.0022999000502750278
1,cpu,set_attention,forward_resident_inputs,1,1,b004_0008,3,0.0029570000478997827
1,cpu,set_attention,forward_resident_inputs,1,1,b004_0006,3,0.00214669993147254
1,cpu,set_attention,forward_resident_inputs,1,1,b005_0040,3,0.0025929000694304705
1,cpu,set_attention,forward_resident_inputs,1,1,b004_0039,8,0.002128099906258285
1,cpu,set_attention,forward_resident_inputs,1,1,b004_0088,2,0.0023247000062838197
1,cpu,set_attention,forward_resident_inputs,1,1,b004_0012,5,0.003133299993351102
1,cpu,set_attention,forward_resident_inputs,1,1,b004_0003,4,0.002864199923351407
1,cpu,set_attention,forward_resident_inputs,1,1,b004_0084,3,0.002530299942009151
1,cpu,set_attention,forward_resident_inputs,1,1,b004_0259,5,0.002009300049394369
1,cpu,set_attention,forward_resident_inputs,1,1,b005_0185,15,0.002762800082564354
1,cpu,set_attention,forward_resident_inputs,1,1,b005_0160,13,0.002132000052370131
1,cpu,set_attention,forward_resident_inputs,1,1,b005_0217,2,0.0026666000485420227
1,cpu,set_attention,forward_resident_inputs,1,1,b005_0205,11,0.00252920005004853
1,cpu,set_attention,forward_resident_inputs,1,1,b005_0219,10,0.002544300048612058
1,cpu,set_attention,forward_resident_inputs,1,1,b004_0313,4,0.0023666999768465757
1,cpu,set_attention,forward_resident_inputs,1,1,b005_0198,11,0.0020890000741928816
1,cpu,set_attention,forward_resident_inputs,1,1,b005_0199,7,0.002439600066281855
1,cpu,set_attention,forward_resident_inputs,1,1,b005_0211,4,0.0021216999739408493
1,cpu,set_attention,forward_resident_inputs,1,1,b005_0209,10,0.0020703000482171774
1,cpu,set_attention,forward_resident_inputs,1,1,b004_0140,3,0.002916199970059097
1,cpu,set_attention,forward_resident_inputs,1,1,b005_0172,3,0.0021268000127747655
1,cpu,set_attention,forward_resident_inputs,1,1,b005_0181,12,0.0026167999021708965
1,cpu,set_attention,forward_resident_inputs,1,1,b004_0197,1,0.0020728999515995383
1,cpu,set_attention,forward_resident_inputs,1,1,b005_0170,7,0.0026325000217184424
1,cpu,set_attention,forward_resident_inputs,1,1,b004_0181,4,0.002391000045463443
1,cpu,set_attention,forward_resident_inputs,1,1,b005_0222,14,0.0023977000964805484
1,cpu,set_attention,forward_resident_inputs,1,1,b005_0196,12,0.0028652000473812222
1,cpu,set_attention,forward_resident_inputs,1,1,b004_0350,2,0.0024323000106960535
1,cpu,set_attention,forward_resident_inputs,1,1,b005_0273,11,0.002638000063598156
1,cpu,set_attention,forward_resident_inputs,1,1,b005_0303,9,0.002117499941959977
1,cpu,set_attention,forward_resident_inputs,1,1,b005_0266,11,0.0024324998958036304
1,cpu,set_attention,forward_resident_inputs,1,1,b004_0168,6,0.002243999973870814
1,cpu,set_attention,forward_resident_inputs,1,1,b005_0290,10,0.0023476999485865235
1,cpu,set_attention,forward_resident_inputs,1,1,b004_0342,2,0.0027062000008299947
1,cpu,set_attention,forward_resident_inputs,1,1,b005_0310,1,0.0022984000388532877
1,cpu,set_attention,forward_resident_inputs,1,1,b005_0231,8,0.002402600017376244
1,cpu,set_attention,forward_resident_inputs,1,1,b005_0302,14,0.0021473000524565578
1,cpu,set_attention,forward_resident_inputs,1,1,b005_0242,6,0.0021726000122725964
1,cpu,set_attention,forward_resident_inputs,1,1,b005_0298,2,0.002966900006867945
1,cpu,set_attention,forward_resident_inputs,1,1,b004_0263,4,0.002279500011354685
1,cpu,set_attention,forward_resident_inputs,1,1,b005_0493,4,0.002605800051242113
1,cpu,set_attention,forward_resident_inputs,1,1,b005_0503,5,0.002320399973541498
1,cpu,set_attention,forward_resident_inputs,1,1,b004_0282,5,0.0026270999806001782
1,cpu,set_attention,forward_resident_inputs,1,1,b005_0508,9,0.0021333000622689724
1,cpu,set_attention,forward_resident_inputs,1,1,b005_0516,1,0.0019758999114856124
1,cpu,set_attention,forward_resident_inputs,1,1,b004_0300,5,0.0029842000221833587
1,cpu,set_attention,forward_resident_inputs,1,1,b004_0311,2,0.0022426999639719725
1,cpu,set_attention,forward_resident_inputs,1,1,b004_0108,6,0.002426600083708763
1,cpu,set_attention,forward_resident_inputs,1,1,b005_0482,4,0.0021005000453442335
1,cpu,set_attention,forward_resident_inputs,1,1,b005_0545,14,0.001965199946425855
1,cpu,set_attention,forward_resident_inputs,1,1,b005_0537,5,0.0025703998981043696
1,cpu,set_attention,forward_resident_inputs,1,1,b005_0548,5,0.0022775999968871474
1,cpu,set_attention,forward_resident_inputs,1,1,b005_0541,4,0.0026496000355109572
1,cpu,set_attention,forward_resident_inputs,1,1,b004_0185,8,0.0022060999181121588
1,cpu,set_attention,forward_resident_inputs,1,1,b005_0505,1,0.0021176000591367483
1,cpu,set_attention,forward_resident_inputs,1,1,b005_0544,4,0.002693199901841581
1,cpu,set_attention,forward_resident_inputs,1,1,b005_0513,9,0.002092299982905388
1,cpu,set_attention,forward_resident_inputs,1,1,b004_0198,3,0.0025514999870210886
1,cpu,set_attention,forward_resident_inputs,1,1,b004_0154,8,0.002312899916432798
1,cpu,set_attention,forward_resident_inputs,1,1,b005_0345,4,0.0024474000092595816
1,cpu,set_attention,forward_resident_inputs,1,1,b004_0106,3,0.0023758000461384654
1,cpu,set_attention,forward_resident_inputs,1,1,b005_0356,2,0.0021297999192029238
1,cpu,set_attention,forward_resident_inputs,1,1,b004_0270,2,0.002716899965889752
1,cpu,set_attention,forward_resident_inputs,1,1,b005_0376,3,0.002337499987334013
1,cpu,set_attention,forward_resident_inputs,1,1,b005_0323,11,0.002644199994392693
1,cpu,set_attention,forward_resident_inputs,1,1,b005_0380,7,0.0027758999494835734
1,cpu,set_attention,forward_resident_inputs,1,1,b004_0192,3,0.0025665999855846167
1,cpu,set_attention,forward_resident_inputs,1,1,b005_0350,4,0.002638899954035878
1,cpu,set_attention,forward_resident_inputs,1,1,b004_0115,3,0.0023740000324323773
1,cpu,set_attention,forward_resident_inputs,1,1,b004_0367,5,0.0025288000470027328
1,cpu,set_attention,forward_resident_inputs,1,1,b004_0378,8,0.0020610999781638384
1,cpu,set_attention,forward_resident_inputs,1,1,b005_0361,8,0.002869000076316297
1,cpu,set_attention,forward_resident_inputs,1,1,b005_0378,11,0.0024666000390425324
1,cpu,set_attention,forward_resident_inputs,1,1,b005_0714,3,0.0026928000152111053
1,cpu,set_attention,forward_resident_inputs,1,1,b005_0792,6,0.00234250002540648
1,cpu,set_attention,forward_resident_inputs,1,1,b005_0773,7,0.0023123999126255512
1,cpu,set_attention,forward_resident_inputs,1,1,b005_0723,1,0.0027894999366253614
1,cpu,set_attention,forward_resident_inputs,1,1,b005_0799,8,0.002251400030218065
1,cpu,set_attention,forward_resident_inputs,1,1,b005_0786,2,0.0024806999135762453
1,cpu,set_attention,forward_resident_inputs,1,1,b005_0783,4,0.002343400032259524
1,cpu,set_attention,forward_resident_inputs,1,1,b005_0805,10,0.0024077999405562878
1,cpu,set_attention,forward_resident_inputs,1,1,b005_0736,3,0.0025966999819502234
1,cpu,set_attention,forward_resident_inputs,1,1,b005_0758,8,0.0021397999953478575
1,cpu,set_attention,forward_resident_inputs,1,1,b005_0737,15,0.0028306000167503953
1,cpu,set_attention,forward_resident_inputs,1,1,b005_0784,1,0.0023323000641539693
1,cpu,set_attention,forward_resident_inputs,1,1,b005_0733,1,0.002527099917642772
1,cpu,set_attention,forward_resident_inputs,1,1,b005_0774,14,0.0021572000114247203
1,cpu,set_attention,forward_resident_inputs,1,1,b005_0757,9,0.002162400051020086
1,cpu,set_attention,forward_resident_inputs,1,1,b005_0727,2,0.002172500011511147
1,cpu,set_attention,common_input_to_host_output,1,1,b005_0092,3,0.002688600099645555
1,cpu,set_attention,common_input_to_host_output,1,1,b004_0388,1,0.002064800006337464
1,cpu,set_attention,common_input_to_host_output,1,1,b004_0356,6,0.0029912000754848123
1,cpu,set_attention,common_input_to_host_output,1,1,b005_0086,11,0.0025113000301644206
1,cpu,set_attention,common_input_to_host_output,1,1,b005_0119,7,0.0025869000237435102
1,cpu,set_attention,common_input_to_host_output,1,1,b005_0098,7,0.0024009000044316053
1,cpu,set_attention,common_input_to_host_output,1,1,b004_0253,3,0.002683799946680665
1,cpu,set_attention,common_input_to_host_output,1,1,b005_0107,1,0.002440999960526824
1,cpu,set_attention,common_input_to_host_output,1,1,b004_0277,8,0.002314700046554208
1,cpu,set_attention,common_input_to_host_output,1,1,b004_0258,4,0.0030032999347895384
1,cpu,set_attention,common_input_to_host_output,1,1,b005_0121,4,0.0022586999693885446
1,cpu,set_attention,common_input_to_host_output,1,1,b005_0087,5,0.002929299953393638
1,cpu,set_attention,common_input_to_host_output,1,1,b005_0120,3,0.0026984000578522682
1,cpu,set_attention,common_input_to_host_output,1,1,b005_0133,13,0.003354300046339631
1,cpu,set_attention,common_input_to_host_output,1,1,b004_0244,1,0.002150900079868734
1,cpu,set_attention,common_input_to_host_output,1,1,b005_0628,10,0.002840899978764355
1,cpu,set_attention,common_input_to_host_output,1,1,b005_0575,3,0.0022516000317409635
1,cpu,set_attention,common_input_to_host_output,1,1,b005_0569,4,0.0023268000222742558
1,cpu,set_attention,common_input_to_host_output,1,1,b005_0629,4,0.0025768999475985765
1,cpu,set_attention,common_input_to_host_output,1,1,b005_0651,14,0.002794399973936379
1,cpu,set_attention,common_input_to_host_output,1,1,b005_0559,6,0.003260199911892414
1,cpu,set_attention,common_input_to_host_output,1,1,b005_0627,10,0.0034623000537976623
1,cpu,set_attention,common_input_to_host_output,1,1,b005_0610,7,0.002706300001591444
1,cpu,set_attention,common_input_to_host_output,1,1,b005_0626,9,0.002584200003184378
1,cpu,set_attention,common_input_to_host_output,1,1,b005_0612,10,0.0031214000191539526
1,cpu,set_attention,common_input_to_host_output,1,1,b005_0554,8,0.0025548000121489167
1,cpu,set_attention,common_input_to_host_output,1,1,b005_0578,7,0.0026913000037893653
1,cpu,set_attention,common_input_to_host_output,1,1,b005_0604,13,0.002483899937942624
1,cpu,set_attention,common_input_to_host_output,1,1,b005_0442,7,0.002724400022998452
1,cpu,set_attention,common_input_to_host_output,1,1,b005_0470,3,0.0023291000397875905
1,cpu,set_attention,common_input_to_host_output,1,1,b005_0446,9,0.003032500040717423
1,cpu,set_attention,common_input_to_host_output,1,1,b005_0434,1,0.0022267999593168497
1,cpu,set_attention,common_input_to_host_output,1,1,b005_0431,9,0.002643899992108345
1,cpu,set_attention,common_input_to_host_output,1,1,b005_0460,2,0.0024268999695777893
1,cpu,set_attention,common_input_to_host_output,1,1,b005_0438,5,0.002473900094628334
1,cpu,set_attention,common_input_to_host_output,1,1,b005_0444,9,0.0028173000318929553
1,cpu,set_attention,common_input_to_host_output,1,1,b004_0349,8,0.00278550002258271
1,cpu,set_attention,common_input_to_host_output,1,1,b005_0465,10,0.0029776999726891518
1,cpu,set_attention,common_input_to_host_output,1,1,b004_0326,6,0.002299700048752129
1,cpu,set_attention,common_input_to_host_output,1,1,b005_0418,4,0.0027878000400960445
1,cpu,set_attention,common_input_to_host_output,1,1,b004_0217,2,0.002271900069899857
1,cpu,set_attention,common_input_to_host_output,1,1,b004_0215,2,0.0024390999460592866
1,cpu,set_attention,common_input_to_host_output,1,1,b005_0449,10,0.003020100062713027
1,cpu,set_attention,common_input_to_host_output,1,1,b004_0241,2,0.002556600025855005
1,cpu,set_attention,common_input_to_host_output,1,1,b004_0321,1,0.0027612000703811646
1,cpu,set_attention,common_input_to_host_output,1,1,b005_0467,11,0.0026944000273942947
1,cpu,set_attention,common_input_to_host_output,1,1,b005_0684,8,0.0028816000558435917
1,cpu,set_attention,common_input_to_host_output,1,1,b005_0654,3,0.0022953000152483582
1,cpu,set_attention,common_input_to_host_output,1,1,b005_0688,4,0.0031437999568879604
1,cpu,set_attention,common_input_to_host_output,1,1,b005_0680,11,0.0024594999849796295
1,cpu,set_attention,common_input_to_host_output,1,1,b005_0690,5,0.002592999953776598
1,cpu,set_attention,common_input_to_host_output,1,1,b005_0660,8,0.0022622999968007207
1,cpu,set_attention,common_input_to_host_output,1,1,b005_0709,11,0.0027308999560773373
1,cpu,set_attention,common_input_to_host_output,1,1,b005_0672,9,0.002670499961823225
1,cpu,set_attention,common_input_to_host_output,1,1,b004_0029,1,0.0025512001011520624
1,cpu,set_attention,common_input_to_host_output,1,1,b004_0013,6,0.002541300025768578
1,cpu,set_attention,common_input_to_host_output,1,1,b005_0070,6,0.0022698999382555485
1,cpu,set_attention,common_input_to_host_output,1,1,b005_0004,13,0.0030342000536620617
1,cpu,set_attention,common_input_to_host_output,1,1,b005_0025,7,0.002274499973282218
1,cpu,set_attention,common_input_to_host_output,1,1,b005_0002,5,0.0031537999166175723
1,cpu,set_attention,common_input_to_host_output,1,1,b005_0047,2,0.002287300070747733
1,cpu,set_attention,common_input_to_host_output,1,1,b005_0033,15,0.0032650999492034316
1,cpu,set_attention,common_input_to_host_output,1,1,b005_0049,8,0.0023879000218585134
1,cpu,set_attention,common_input_to_host_output,1,1,b004_0065,3,0.0025162999518215656
1,cpu,set_attention,common_input_to_host_output,1,1,b004_0024,4,0.0022046000231057405
1,cpu,set_attention,common_input_to_host_output,1,1,b005_0062,2,0.002100100042298436
1,cpu,set_attention,common_input_to_host_output,1,1,b004_0082,5,0.002862700028344989
1,cpu,set_attention,common_input_to_host_output,1,1,b004_0022,2,0.002119799959473312
1,cpu,set_attention,common_input_to_host_output,1,1,b005_0065,8,0.0025879000313580036
1,cpu,set_attention,common_input_to_host_output,1,1,b004_0070,3,0.0021373999770730734
1,cpu,set_attention,common_input_to_host_output,1,1,b005_0019,12,0.0025643999688327312
1,cpu,set_attention,common_input_to_host_output,1,1,b004_0008,3,0.002461700001731515
1,cpu,set_attention,common_input_to_host_output,1,1,b004_0006,3,0.0026724999770522118
1,cpu,set_attention,common_input_to_host_output,1,1,b005_0040,3,0.002694800030440092
1,cpu,set_attention,common_input_to_host_output,1,1,b004_0039,8,0.002343800035305321
1,cpu,set_attention,common_input_to_host_output,1,1,b004_0088,2,0.002610699972137809
1,cpu,set_attention,common_input_to_host_output,1,1,b004_0012,5,0.0022344000171869993
1,cpu,set_attention,common_input_to_host_output,1,1,b004_0003,4,0.0020963000133633614
1,cpu,set_attention,common_input_to_host_output,1,1,b004_0084,3,0.0025919999461621046
1,cpu,set_attention,common_input_to_host_output,1,1,b004_0259,5,0.0021564000053331256
1,cpu,set_attention,common_input_to_host_output,1,1,b005_0185,15,0.003023900091648102
1,cpu,set_attention,common_input_to_host_output,1,1,b005_0160,13,0.0025444000493735075
1,cpu,set_attention,common_input_to_host_output,1,1,b005_0217,2,0.0024740000953897834
1,cpu,set_attention,common_input_to_host_output,1,1,b005_0205,11,0.002439900068566203
1,cpu,set_attention,common_input_to_host_output,1,1,b005_0219,10,0.004002099973149598
1,cpu,set_attention,common_input_to_host_output,1,1,b004_0313,4,0.0027187999803572893
1,cpu,set_attention,common_input_to_host_output,1,1,b005_0198,11,0.0032107000006362796
1,cpu,set_attention,common_input_to_host_output,1,1,b005_0199,7,0.002538300002925098
1,cpu,set_attention,common_input_to_host_output,1,1,b005_0211,4,0.0026282999897375703
1,cpu,set_attention,common_input_to_host_output,1,1,b005_0209,10,0.0027698000194504857
1,cpu,set_attention,common_input_to_host_output,1,1,b004_0140,3,0.002588000032119453
1,cpu,set_attention,common_input_to_host_output,1,1,b005_0172,3,0.0025056001031771302
1,cpu,set_attention,common_input_to_host_output,1,1,b005_0181,12,0.002442199969664216
1,cpu,set_attention,common_input_to_host_output,1,1,b004_0197,1,0.002453200053423643
1,cpu,set_attention,common_input_to_host_output,1,1,b005_0170,7,0.002118099946528673
1,cpu,set_attention,common_input_to_host_output,1,1,b004_0181,4,0.003019200055859983
1,cpu,set_attention,common_input_to_host_output,1,1,b005_0222,14,0.0027037999825552106
1,cpu,set_attention,common_input_to_host_output,1,1,b005_0196,12,0.0037305000005289912
1,cpu,set_attention,common_input_to_host_output,1,1,b004_0350,2,0.002206800039857626
1,cpu,set_attention,common_input_to_host_output,1,1,b005_0273,11,0.0030264999950304627
1,cpu,set_attention,common_input_to_host_output,1,1,b005_0303,9,0.00269660004414618
1,cpu,set_attention,common_input_to_host_output,1,1,b005_0266,11,0.0032194999512284994
1,cpu,set_attention,common_input_to_host_output,1,1,b004_0168,6,0.0022983000380918384
1,cpu,set_attention,common_input_to_host_output,1,1,b005_0290,10,0.00273800001014024
1,cpu,set_attention,common_input_to_host_output,1,1,b004_0342,2,0.002363799954764545
1,cpu,set_attention,common_input_to_host_output,1,1,b005_0310,1,0.002141500008292496
1,cpu,set_attention,common_input_to_host_output,1,1,b005_0231,8,0.0034588000271469355
1,cpu,set_attention,common_input_to_host_output,1,1,b005_0302,14,0.002966000000014901
1,cpu,set_attention,common_input_to_host_output,1,1,b005_0242,6,0.002440800075419247
1,cpu,set_attention,common_input_to_host_output,1,1,b005_0298,2,0.002419700031168759
1,cpu,set_attention,common_input_to_host_output,1,1,b004_0263,4,0.0032795999431982636
1,cpu,set_attention,common_input_to_host_output,1,1,b005_0493,4,0.002597399987280369
1,cpu,set_attention,common_input_to_host_output,1,1,b005_0503,5,0.0029720000457018614
1,cpu,set_attention,common_input_to_host_output,1,1,b004_0282,5,0.0022372000385075808
1,cpu,set_attention,common_input_to_host_output,1,1,b005_0508,9,0.002866900060325861
1,cpu,set_attention,common_input_to_host_output,1,1,b005_0516,1,0.0021111000096425414
1,cpu,set_attention,common_input_to_host_output,1,1,b004_0300,5,0.002419400028884411
1,cpu,set_attention,common_input_to_host_output,1,1,b004_0311,2,0.0024812999181449413
1,cpu,set_attention,common_input_to_host_output,1,1,b004_0108,6,0.002337900106795132
1,cpu,set_attention,common_input_to_host_output,1,1,b005_0482,4,0.0027329999720677733
1,cpu,set_attention,common_input_to_host_output,1,1,b005_0545,14,0.002455799956806004
1,cpu,set_attention,common_input_to_host_output,1,1,b005_0537,5,0.002547999960370362
1,cpu,set_attention,common_input_to_host_output,1,1,b005_0548,5,0.0024178000167012215
1,cpu,set_attention,common_input_to_host_output,1,1,b005_0541,4,0.002950900001451373
1,cpu,set_attention,common_input_to_host_output,1,1,b004_0185,8,0.002798600005917251
1,cpu,set_attention,common_input_to_host_output,1,1,b005_0505,1,0.0022760999854654074
1,cpu,set_attention,common_input_to_host_output,1,1,b005_0544,4,0.0025843000039458275
1,cpu,set_attention,common_input_to_host_output,1,1,b005_0513,9,0.0022236999357119203
1,cpu,set_attention,common_input_to_host_output,1,1,b004_0198,3,0.0026355000445619226
1,cpu,set_attention,common_input_to_host_output,1,1,b004_0154,8,0.002475899993441999
1,cpu,set_attention,common_input_to_host_output,1,1,b005_0345,4,0.0026369999395683408
1,cpu,set_attention,common_input_to_host_output,1,1,b004_0106,3,0.0022583999671041965
1,cpu,set_attention,common_input_to_host_output,1,1,b005_0356,2,0.002851200057193637
1,cpu,set_attention,common_input_to_host_output,1,1,b004_0270,2,0.0029138000681996346
1,cpu,set_attention,common_input_to_host_output,1,1,b005_0376,3,0.0028008000226691365
1,cpu,set_attention,common_input_to_host_output,1,1,b005_0323,11,0.00296040007378906
1,cpu,set_attention,common_input_to_host_output,1,1,b005_0380,7,0.0024175000144168735
1,cpu,set_attention,common_input_to_host_output,1,1,b004_0192,3,0.003039100090973079
1,cpu,set_attention,common_input_to_host_output,1,1,b005_0350,4,0.002476199995726347
1,cpu,set_attention,common_input_to_host_output,1,1,b004_0115,3,0.0031562000513076782
1,cpu,set_attention,common_input_to_host_output,1,1,b004_0367,5,0.002442799974232912
1,cpu,set_attention,common_input_to_host_output,1,1,b004_0378,8,0.0028174000326544046
1,cpu,set_attention,common_input_to_host_output,1,1,b005_0361,8,0.0022327000042423606
1,cpu,set_attention,common_input_to_host_output,1,1,b005_0378,11,0.0027962999884039164
1,cpu,set_attention,common_input_to_host_output,1,1,b005_0714,3,0.0023579999106004834
1,cpu,set_attention,common_input_to_host_output,1,1,b005_0792,6,0.0025328999618068337
1,cpu,set_attention,common_input_to_host_output,1,1,b005_0773,7,0.0026514000492170453
1,cpu,set_attention,common_input_to_host_output,1,1,b005_0723,1,0.0025421999162063003
1,cpu,set_attention,common_input_to_host_output,1,1,b005_0799,8,0.0027069998905062675
1,cpu,set_attention,common_input_to_host_output,1,1,b005_0786,2,0.0021297000348567963
1,cpu,set_attention,common_input_to_host_output,1,1,b005_0783,4,0.0028260000981390476
1,cpu,set_attention,common_input_to_host_output,1,1,b005_0805,10,0.0023929999442771077
1,cpu,set_attention,common_input_to_host_output,1,1,b005_0736,3,0.0025020999601110816
1,cpu,set_attention,common_input_to_host_output,1,1,b005_0758,8,0.0023290999233722687
1,cpu,set_attention,common_input_to_host_output,1,1,b005_0737,15,0.0027290000580251217
1,cpu,set_attention,common_input_to_host_output,1,1,b005_0784,1,0.0025027000810950994
1,cpu,set_attention,common_input_to_host_output,1,1,b005_0733,1,0.0020052000181749463
1,cpu,set_attention,common_input_to_host_output,1,1,b005_0774,14,0.003259599907323718
1,cpu,set_attention,common_input_to_host_output,1,1,b005_0757,9,0.0023617999395355582
1,cpu,set_attention,common_input_to_host_output,1,1,b005_0727,2,0.0024213000433519483
1,cpu,set_attention,forward_resident_inputs,32,32,b005_0092|b004_0388|b004_0356|b005_0086|b005_0119|b005_0098|b004_0253|b005_0107|b004_0277|b004_0258|b005_0121|b005_0087|b005_0120|b005_0133|b004_0244|b005_0628|b005_0575|b005_0569|b005_0629|b005_0651|b005_0559|b005_0627|b005_0610|b005_0626|b005_0612|b005_0554|b005_0578|b005_0604|b005_0442|b005_0470|b005_0446|b005_0434,3|1|6|11|7|7|3|1|8|4|4|5|3|13|1|10|3|4|4|14|6|10|7|9|10|8|7|13|7|3|9|1,0.005663700052537024
1,cpu,set_attention,forward_resident_inputs,32,32,b005_0431|b005_0460|b005_0438|b005_0444|b004_0349|b005_0465|b004_0326|b005_0418|b004_0217|b004_0215|b005_0449|b004_0241|b004_0321|b005_0467|b005_0684|b005_0654|b005_0688|b005_0680|b005_0690|b005_0660|b005_0709|b005_0672|b004_0029|b004_0013|b005_0070|b005_0004|b005_0025|b005_0002|b005_0047|b005_0033|b005_0049|b004_0065,9|2|5|9|8|10|6|4|2|2|10|2|1|11|8|3|4|11|5|8|11|9|1|6|6|13|7|5|2|15|8|3,0.006785499979741871
1,cpu,set_attention,forward_resident_inputs,32,32,b004_0024|b005_0062|b004_0082|b004_0022|b005_0065|b004_0070|b005_0019|b004_0008|b004_0006|b005_0040|b004_0039|b004_0088|b004_0012|b004_0003|b004_0084|b004_0259|b005_0185|b005_0160|b005_0217|b005_0205|b005_0219|b004_0313|b005_0198|b005_0199|b005_0211|b005_0209|b004_0140|b005_0172|b005_0181|b004_0197|b005_0170|b004_0181,4|2|5|2|8|3|12|3|3|3|8|2|5|4|3|5|15|13|2|11|10|4|11|7|4|10|3|3|12|1|7|4,0.0069206999614834785
1,cpu,set_attention,forward_resident_inputs,32,32,b005_0222|b005_0196|b004_0350|b005_0273|b005_0303|b005_0266|b004_0168|b005_0290|b004_0342|b005_0310|b005_0231|b005_0302|b005_0242|b005_0298|b004_0263|b005_0493|b005_0503|b004_0282|b005_0508|b005_0516|b004_0300|b004_0311|b004_0108|b005_0482|b005_0545|b005_0537|b005_0548|b005_0541|b004_0185|b005_0505|b005_0544|b005_0513,14|12|2|11|9|11|6|10|2|1|8|14|6|2|4|4|5|5|9|1|5|2|6|4|14|5|5|4|8|1|4|9,0.005437899962998927
1,cpu,set_attention,forward_resident_inputs,32,32,b004_0198|b004_0154|b005_0345|b004_0106|b005_0356|b004_0270|b005_0376|b005_0323|b005_0380|b004_0192|b005_0350|b004_0115|b004_0367|b004_0378|b005_0361|b005_0378|b005_0714|b005_0792|b005_0773|b005_0723|b005_0799|b005_0786|b005_0783|b005_0805|b005_0736|b005_0758|b005_0737|b005_0784|b005_0733|b005_0774|b005_0757|b005_0727,3|8|4|3|2|2|3|11|7|3|4|3|5|8|8|11|3|6|7|1|8|2|4|10|3|8|15|1|1|14|9|2,0.005949100013822317
1,cpu,set_attention,common_input_to_host_output,32,32,b005_0092|b004_0388|b004_0356|b005_0086|b005_0119|b005_0098|b004_0253|b005_0107|b004_0277|b004_0258|b005_0121|b005_0087|b005_0120|b005_0133|b004_0244|b005_0628|b005_0575|b005_0569|b005_0629|b005_0651|b005_0559|b005_0627|b005_0610|b005_0626|b005_0612|b005_0554|b005_0578|b005_0604|b005_0442|b005_0470|b005_0446|b005_0434,3|1|6|11|7|7|3|1|8|4|4|5|3|13|1|10|3|4|4|14|6|10|7|9|10|8|7|13|7|3|9|1,0.014209600049071014
1,cpu,set_attention,common_input_to_host_output,32,32,b005_0431|b005_0460|b005_0438|b005_0444|b004_0349|b005_0465|b004_0326|b005_0418|b004_0217|b004_0215|b005_0449|b004_0241|b004_0321|b005_0467|b005_0684|b005_0654|b005_0688|b005_0680|b005_0690|b005_0660|b005_0709|b005_0672|b004_0029|b004_0013|b005_0070|b005_0004|b005_0025|b005_0002|b005_0047|b005_0033|b005_0049|b004_0065,9|2|5|9|8|10|6|4|2|2|10|2|1|11|8|3|4|11|5|8|11|9|1|6|6|13|7|5|2|15|8|3,0.01406210009008646
1,cpu,set_attention,common_input_to_host_output,32,32,b004_0024|b005_0062|b004_0082|b004_0022|b005_0065|b004_0070|b005_0019|b004_0008|b004_0006|b005_0040|b004_0039|b004_0088|b004_0012|b004_0003|b004_0084|b004_0259|b005_0185|b005_0160|b005_0217|b005_0205|b005_0219|b004_0313|b005_0198|b005_0199|b005_0211|b005_0209|b004_0140|b005_0172|b005_0181|b004_0197|b005_0170|b004_0181,4|2|5|2|8|3|12|3|3|3|8|2|5|4|3|5|15|13|2|11|10|4|11|7|4|10|3|3|12|1|7|4,0.013215300044976175
1,cpu,set_attention,common_input_to_host_output,32,32,b005_0222|b005_0196|b004_0350|b005_0273|b005_0303|b005_0266|b004_0168|b005_0290|b004_0342|b005_0310|b005_0231|b005_0302|b005_0242|b005_0298|b004_0263|b005_0493|b005_0503|b004_0282|b005_0508|b005_0516|b004_0300|b004_0311|b004_0108|b005_0482|b005_0545|b005_0537|b005_0548|b005_0541|b004_0185|b005_0505|b005_0544|b005_0513,14|12|2|11|9|11|6|10|2|1|8|14|6|2|4|4|5|5|9|1|5|2|6|4|14|5|5|4|8|1|4|9,0.013300599996000528
1,cpu,set_attention,common_input_to_host_output,32,32,b004_0198|b004_0154|b005_0345|b004_0106|b005_0356|b004_0270|b005_0376|b005_0323|b005_0380|b004_0192|b005_0350|b004_0115|b004_0367|b004_0378|b005_0361|b005_0378|b005_0714|b005_0792|b005_0773|b005_0723|b005_0799|b005_0786|b005_0783|b005_0805|b005_0736|b005_0758|b005_0737|b005_0784|b005_0733|b005_0774|b005_0757|b005_0727,3|8|4|3|2|2|3|11|7|3|4|3|5|8|8|11|3|6|7|1|8|2|4|10|3|8|15|1|1|14|9|2,0.01323809998575598
1,cpu,capacity_matched_deepsets,forward_resident_inputs,1,1,b005_0092,3,0.00135709997266531
1,cpu,capacity_matched_deepsets,forward_resident_inputs,1,1,b004_0388,1,0.0009580999612808228
1,cpu,capacity_matched_deepsets,forward_resident_inputs,1,1,b004_0356,6,0.0010279000271111727
1,cpu,capacity_matched_deepsets,forward_resident_inputs,1,1,b005_0086,11,0.0010463000508025289
1,cpu,capacity_matched_deepsets,forward_resident_inputs,1,1,b005_0119,7,0.001286999904550612
1,cpu,capacity_matched_deepsets,forward_resident_inputs,1,1,b005_0098,7,0.001227300032041967
1,cpu,capacity_matched_deepsets,forward_resident_inputs,1,1,b004_0253,3,0.0010101000079885125
1,cpu,capacity_matched_deepsets,forward_resident_inputs,1,1,b005_0107,1,0.0009577000746503472
1,cpu,capacity_matched_deepsets,forward_resident_inputs,1,1,b004_0277,8,0.0010273000225424767
1,cpu,capacity_matched_deepsets,forward_resident_inputs,1,1,b004_0258,4,0.001244200044311583
1,cpu,capacity_matched_deepsets,forward_resident_inputs,1,1,b005_0121,4,0.0012376001104712486
1,cpu,capacity_matched_deepsets,forward_resident_inputs,1,1,b005_0087,5,0.0012984999921172857
1,cpu,capacity_matched_deepsets,forward_resident_inputs,1,1,b005_0120,3,0.0013258999679237604
1,cpu,capacity_matched_deepsets,forward_resident_inputs,1,1,b005_0133,13,0.0011498000239953399
1,cpu,capacity_matched_deepsets,forward_resident_inputs,1,1,b004_0244,1,0.0014122000429779291
1,cpu,capacity_matched_deepsets,forward_resident_inputs,1,1,b005_0628,10,0.0012996000004932284
1,cpu,capacity_matched_deepsets,forward_resident_inputs,1,1,b005_0575,3,0.0010041999630630016
1,cpu,capacity_matched_deepsets,forward_resident_inputs,1,1,b005_0569,4,0.0010288999183103442
1,cpu,capacity_matched_deepsets,forward_resident_inputs,1,1,b005_0629,4,0.0010341000743210316
1,cpu,capacity_matched_deepsets,forward_resident_inputs,1,1,b005_0651,14,0.0014211999950930476
1,cpu,capacity_matched_deepsets,forward_resident_inputs,1,1,b005_0559,6,0.0012719000224024057
1,cpu,capacity_matched_deepsets,forward_resident_inputs,1,1,b005_0627,10,0.0011606999905779958
1,cpu,capacity_matched_deepsets,forward_resident_inputs,1,1,b005_0610,7,0.0012537000002339482
1,cpu,capacity_matched_deepsets,forward_resident_inputs,1,1,b005_0626,9,0.0019679999677464366
1,cpu,capacity_matched_deepsets,forward_resident_inputs,1,1,b005_0612,10,0.0015082999598234892
1,cpu,capacity_matched_deepsets,forward_resident_inputs,1,1,b005_0554,8,0.0011856999481096864
1,cpu,capacity_matched_deepsets,forward_resident_inputs,1,1,b005_0578,7,0.0012976001016795635
1,cpu,capacity_matched_deepsets,forward_resident_inputs,1,1,b005_0604,13,0.0016983000095933676
1,cpu,capacity_matched_deepsets,forward_resident_inputs,1,1,b005_0442,7,0.0013007000088691711
1,cpu,capacity_matched_deepsets,forward_resident_inputs,1,1,b005_0470,3,0.0012037999695166945
1,cpu,capacity_matched_deepsets,forward_resident_inputs,1,1,b005_0446,9,0.0012203000951558352
1,cpu,capacity_matched_deepsets,forward_resident_inputs,1,1,b005_0434,1,0.0012428999179974198
1,cpu,capacity_matched_deepsets,forward_resident_inputs,1,1,b005_0431,9,0.0015048000495880842
1,cpu,capacity_matched_deepsets,forward_resident_inputs,1,1,b005_0460,2,0.001209300011396408
1,cpu,capacity_matched_deepsets,forward_resident_inputs,1,1,b005_0438,5,0.001398799940943718
1,cpu,capacity_matched_deepsets,forward_resident_inputs,1,1,b005_0444,9,0.0012888999190181494
1,cpu,capacity_matched_deepsets,forward_resident_inputs,1,1,b004_0349,8,0.0015085000777617097
1,cpu,capacity_matched_deepsets,forward_resident_inputs,1,1,b005_0465,10,0.001174400094896555
1,cpu,capacity_matched_deepsets,forward_resident_inputs,1,1,b004_0326,6,0.0010697999969124794
1,cpu,capacity_matched_deepsets,forward_resident_inputs,1,1,b005_0418,4,0.0010751000372692943
1,cpu,capacity_matched_deepsets,forward_resident_inputs,1,1,b004_0217,2,0.001263100071810186
1,cpu,capacity_matched_deepsets,forward_resident_inputs,1,1,b004_0215,2,0.001243000035174191
1,cpu,capacity_matched_deepsets,forward_resident_inputs,1,1,b005_0449,10,0.0011270999675616622
1,cpu,capacity_matched_deepsets,forward_resident_inputs,1,1,b004_0241,2,0.0011171000078320503
1,cpu,capacity_matched_deepsets,forward_resident_inputs,1,1,b004_0321,1,0.001122599933296442
1,cpu,capacity_matched_deepsets,forward_resident_inputs,1,1,b005_0467,11,0.0014082998968660831
1,cpu,capacity_matched_deepsets,forward_resident_inputs,1,1,b005_0684,8,0.0015445000026375055
1,cpu,capacity_matched_deepsets,forward_resident_inputs,1,1,b005_0654,3,0.0013225000584498048
1,cpu,capacity_matched_deepsets,forward_resident_inputs,1,1,b005_0688,4,0.0011195000261068344
1,cpu,capacity_matched_deepsets,forward_resident_inputs,1,1,b005_0680,11,0.0016354999970644712
1,cpu,capacity_matched_deepsets,forward_resident_inputs,1,1,b005_0690,5,0.001353300060145557
1,cpu,capacity_matched_deepsets,forward_resident_inputs,1,1,b005_0660,8,0.0012218999909237027
1,cpu,capacity_matched_deepsets,forward_resident_inputs,1,1,b005_0709,11,0.0010677999816834927
1,cpu,capacity_matched_deepsets,forward_resident_inputs,1,1,b005_0672,9,0.0010954999597743154
1,cpu,capacity_matched_deepsets,forward_resident_inputs,1,1,b004_0029,1,0.0013644000282511115
1,cpu,capacity_matched_deepsets,forward_resident_inputs,1,1,b004_0013,6,0.0011482000118121505
1,cpu,capacity_matched_deepsets,forward_resident_inputs,1,1,b005_0070,6,0.001130299991928041
1,cpu,capacity_matched_deepsets,forward_resident_inputs,1,1,b005_0004,13,0.0011657000286504626
1,cpu,capacity_matched_deepsets,forward_resident_inputs,1,1,b005_0025,7,0.001975199906155467
1,cpu,capacity_matched_deepsets,forward_resident_inputs,1,1,b005_0002,5,0.0014811999863013625
1,cpu,capacity_matched_deepsets,forward_resident_inputs,1,1,b005_0047,2,0.0012233000015839934
1,cpu,capacity_matched_deepsets,forward_resident_inputs,1,1,b005_0033,15,0.0011840000515803695
1,cpu,capacity_matched_deepsets,forward_resident_inputs,1,1,b005_0049,8,0.0014401000225916505
1,cpu,capacity_matched_deepsets,forward_resident_inputs,1,1,b004_0065,3,0.0014236000133678317
1,cpu,capacity_matched_deepsets,forward_resident_inputs,1,1,b004_0024,4,0.0012034999672323465
1,cpu,capacity_matched_deepsets,forward_resident_inputs,1,1,b005_0062,2,0.0011442999821156263
1,cpu,capacity_matched_deepsets,forward_resident_inputs,1,1,b004_0082,5,0.0011557000689208508
1,cpu,capacity_matched_deepsets,forward_resident_inputs,1,1,b004_0022,2,0.0014606000622734427
1,cpu,capacity_matched_deepsets,forward_resident_inputs,1,1,b005_0065,8,0.0012974999845027924
1,cpu,capacity_matched_deepsets,forward_resident_inputs,1,1,b004_0070,3,0.0012729000300168991
1,cpu,capacity_matched_deepsets,forward_resident_inputs,1,1,b005_0019,12,0.0011790000135079026
1,cpu,capacity_matched_deepsets,forward_resident_inputs,1,1,b004_0008,3,0.0018061000155285
1,cpu,capacity_matched_deepsets,forward_resident_inputs,1,1,b004_0006,3,0.0013973000459372997
1,cpu,capacity_matched_deepsets,forward_resident_inputs,1,1,b005_0040,3,0.0011964000295847654
1,cpu,capacity_matched_deepsets,forward_resident_inputs,1,1,b004_0039,8,0.0011530000483617187
1,cpu,capacity_matched_deepsets,forward_resident_inputs,1,1,b004_0088,2,0.0015382999554276466
1,cpu,capacity_matched_deepsets,forward_resident_inputs,1,1,b004_0012,5,0.0014264999190345407
1,cpu,capacity_matched_deepsets,forward_resident_inputs,1,1,b004_0003,4,0.0011294999858364463
1,cpu,capacity_matched_deepsets,forward_resident_inputs,1,1,b004_0084,3,0.0011358000338077545
1,cpu,capacity_matched_deepsets,forward_resident_inputs,1,1,b004_0259,5,0.0013711999636143446
1,cpu,capacity_matched_deepsets,forward_resident_inputs,1,1,b005_0185,15,0.001921099959872663
1,cpu,capacity_matched_deepsets,forward_resident_inputs,1,1,b005_0160,13,0.0011793000157922506
1,cpu,capacity_matched_deepsets,forward_resident_inputs,1,1,b005_0217,2,0.0010786999482661486
1,cpu,capacity_matched_deepsets,forward_resident_inputs,1,1,b005_0205,11,0.0012517999857664108
1,cpu,capacity_matched_deepsets,forward_resident_inputs,1,1,b005_0219,10,0.0015062999445945024
1,cpu,capacity_matched_deepsets,forward_resident_inputs,1,1,b004_0313,4,0.0012440000427886844
1,cpu,capacity_matched_deepsets,forward_resident_inputs,1,1,b005_0198,11,0.0011349000269547105
1,cpu,capacity_matched_deepsets,forward_resident_inputs,1,1,b005_0199,7,0.0011495000217109919
1,cpu,capacity_matched_deepsets,forward_resident_inputs,1,1,b005_0211,4,0.001449099974706769
1,cpu,capacity_matched_deepsets,forward_resident_inputs,1,1,b005_0209,10,0.0012883000308647752
1,cpu,capacity_matched_deepsets,forward_resident_inputs,1,1,b004_0140,3,0.0011332000140100718
1,cpu,capacity_matched_deepsets,forward_resident_inputs,1,1,b005_0172,3,0.0013275999808683991
1,cpu,capacity_matched_deepsets,forward_resident_inputs,1,1,b005_0181,12,0.0017164999153465033
1,cpu,capacity_matched_deepsets,forward_resident_inputs,1,1,b004_0197,1,0.0012260000221431255
1,cpu,capacity_matched_deepsets,forward_resident_inputs,1,1,b005_0170,7,0.0012725999113172293
1,cpu,capacity_matched_deepsets,forward_resident_inputs,1,1,b004_0181,4,0.0012211001012474298
1,cpu,capacity_matched_deepsets,forward_resident_inputs,1,1,b005_0222,14,0.001380200032144785
1,cpu,capacity_matched_deepsets,forward_resident_inputs,1,1,b005_0196,12,0.0016153999604284763
1,cpu,capacity_matched_deepsets,forward_resident_inputs,1,1,b004_0350,2,0.001091900048777461
1,cpu,capacity_matched_deepsets,forward_resident_inputs,1,1,b005_0273,11,0.0011085999431088567
1,cpu,capacity_matched_deepsets,forward_resident_inputs,1,1,b005_0303,9,0.0012104999041184783
1,cpu,capacity_matched_deepsets,forward_resident_inputs,1,1,b005_0266,11,0.0015027000335976481
1,cpu,capacity_matched_deepsets,forward_resident_inputs,1,1,b004_0168,6,0.0014833000022917986
1,cpu,capacity_matched_deepsets,forward_resident_inputs,1,1,b005_0290,10,0.0014699999010190368
1,cpu,capacity_matched_deepsets,forward_resident_inputs,1,1,b004_0342,2,0.001139800064265728
1,cpu,capacity_matched_deepsets,forward_resident_inputs,1,1,b005_0310,1,0.0013604999985545874
1,cpu,capacity_matched_deepsets,forward_resident_inputs,1,1,b005_0231,8,0.0013183000264689326
1,cpu,capacity_matched_deepsets,forward_resident_inputs,1,1,b005_0302,14,0.0012417000252753496
1,cpu,capacity_matched_deepsets,forward_resident_inputs,1,1,b005_0242,6,0.0011035000206902623
1,cpu,capacity_matched_deepsets,forward_resident_inputs,1,1,b005_0298,2,0.0011686000507324934
1,cpu,capacity_matched_deepsets,forward_resident_inputs,1,1,b004_0263,4,0.001554700080305338
1,cpu,capacity_matched_deepsets,forward_resident_inputs,1,1,b005_0493,4,0.0011740999761968851
1,cpu,capacity_matched_deepsets,forward_resident_inputs,1,1,b005_0503,5,0.0011042000260204077
1,cpu,capacity_matched_deepsets,forward_resident_inputs,1,1,b004_0282,5,0.0011938000097870827
1,cpu,capacity_matched_deepsets,forward_resident_inputs,1,1,b005_0508,9,0.0019695000955834985
1,cpu,capacity_matched_deepsets,forward_resident_inputs,1,1,b005_0516,1,0.0012021000729873776
1,cpu,capacity_matched_deepsets,forward_resident_inputs,1,1,b004_0300,5,0.0011626000050455332
1,cpu,capacity_matched_deepsets,forward_resident_inputs,1,1,b004_0311,2,0.0011197999119758606
1,cpu,capacity_matched_deepsets,forward_resident_inputs,1,1,b004_0108,6,0.001410100026987493
1,cpu,capacity_matched_deepsets,forward_resident_inputs,1,1,b005_0482,4,0.001469200011342764
1,cpu,capacity_matched_deepsets,forward_resident_inputs,1,1,b005_0545,14,0.0013155000051483512
1,cpu,capacity_matched_deepsets,forward_resident_inputs,1,1,b005_0537,5,0.0012056000996381044
1,cpu,capacity_matched_deepsets,forward_resident_inputs,1,1,b005_0548,5,0.0014532000059261918
1,cpu,capacity_matched_deepsets,forward_resident_inputs,1,1,b005_0541,4,0.0014628999633714557
1,cpu,capacity_matched_deepsets,forward_resident_inputs,1,1,b004_0185,8,0.0013286999892443419
1,cpu,capacity_matched_deepsets,forward_resident_inputs,1,1,b005_0505,1,0.0011454999912530184
1,cpu,capacity_matched_deepsets,forward_resident_inputs,1,1,b005_0544,4,0.0011204000329598784
1,cpu,capacity_matched_deepsets,forward_resident_inputs,1,1,b005_0513,9,0.0015484000323340297
1,cpu,capacity_matched_deepsets,forward_resident_inputs,1,1,b004_0198,3,0.001142999972216785
1,cpu,capacity_matched_deepsets,forward_resident_inputs,1,1,b004_0154,8,0.001193000003695488
1,cpu,capacity_matched_deepsets,forward_resident_inputs,1,1,b005_0345,4,0.0011887999717146158
1,cpu,capacity_matched_deepsets,forward_resident_inputs,1,1,b004_0106,3,0.001344999996945262
1,cpu,capacity_matched_deepsets,forward_resident_inputs,1,1,b005_0356,2,0.0013633000198751688
1,cpu,capacity_matched_deepsets,forward_resident_inputs,1,1,b004_0270,2,0.0011087000602856278
1,cpu,capacity_matched_deepsets,forward_resident_inputs,1,1,b005_0376,3,0.001078000059351325
1,cpu,capacity_matched_deepsets,forward_resident_inputs,1,1,b005_0323,11,0.0010921000503003597
1,cpu,capacity_matched_deepsets,forward_resident_inputs,1,1,b005_0380,7,0.0015802000416442752
1,cpu,capacity_matched_deepsets,forward_resident_inputs,1,1,b004_0192,3,0.0015533999539911747
1,cpu,capacity_matched_deepsets,forward_resident_inputs,1,1,b005_0350,4,0.0011301999911665916
1,cpu,capacity_matched_deepsets,forward_resident_inputs,1,1,b004_0115,3,0.0010609999299049377
1,cpu,capacity_matched_deepsets,forward_resident_inputs,1,1,b004_0367,5,0.0013249999610707164
1,cpu,capacity_matched_deepsets,forward_resident_inputs,1,1,b004_0378,8,0.0013358999276533723
1,cpu,capacity_matched_deepsets,forward_resident_inputs,1,1,b005_0361,8,0.0011130999773740768
1,cpu,capacity_matched_deepsets,forward_resident_inputs,1,1,b005_0378,11,0.0010996999917551875
1,cpu,capacity_matched_deepsets,forward_resident_inputs,1,1,b005_0714,3,0.0011230999371036887
1,cpu,capacity_matched_deepsets,forward_resident_inputs,1,1,b005_0792,6,0.0018779999809339643
1,cpu,capacity_matched_deepsets,forward_resident_inputs,1,1,b005_0773,7,0.001365399919450283
1,cpu,capacity_matched_deepsets,forward_resident_inputs,1,1,b005_0723,1,0.0011884999694302678
1,cpu,capacity_matched_deepsets,forward_resident_inputs,1,1,b005_0799,8,0.0014214999973773956
1,cpu,capacity_matched_deepsets,forward_resident_inputs,1,1,b005_0786,2,0.0016901999479159713
1,cpu,capacity_matched_deepsets,forward_resident_inputs,1,1,b005_0783,4,0.0013171000173315406
1,cpu,capacity_matched_deepsets,forward_resident_inputs,1,1,b005_0805,10,0.0011555999517440796
1,cpu,capacity_matched_deepsets,forward_resident_inputs,1,1,b005_0736,3,0.0010587000288069248
1,cpu,capacity_matched_deepsets,forward_resident_inputs,1,1,b005_0758,8,0.0014469000743702054
1,cpu,capacity_matched_deepsets,forward_resident_inputs,1,1,b005_0737,15,0.0014007999561727047
1,cpu,capacity_matched_deepsets,forward_resident_inputs,1,1,b005_0784,1,0.0010268999030813575
1,cpu,capacity_matched_deepsets,forward_resident_inputs,1,1,b005_0733,1,0.0009871000656858087
1,cpu,capacity_matched_deepsets,forward_resident_inputs,1,1,b005_0774,14,0.0011085000587627292
1,cpu,capacity_matched_deepsets,forward_resident_inputs,1,1,b005_0757,9,0.001585699967108667
1,cpu,capacity_matched_deepsets,forward_resident_inputs,1,1,b005_0727,2,0.0013117999769747257
1,cpu,capacity_matched_deepsets,common_input_to_host_output,1,1,b005_0092,3,0.0012391000054776669
1,cpu,capacity_matched_deepsets,common_input_to_host_output,1,1,b004_0388,1,0.0013000000035390258
1,cpu,capacity_matched_deepsets,common_input_to_host_output,1,1,b004_0356,6,0.001671499921940267
1,cpu,capacity_matched_deepsets,common_input_to_host_output,1,1,b005_0086,11,0.0015434999950230122
1,cpu,capacity_matched_deepsets,common_input_to_host_output,1,1,b005_0119,7,0.0014418000355362892
1,cpu,capacity_matched_deepsets,common_input_to_host_output,1,1,b005_0098,7,0.002063399995677173
1,cpu,capacity_matched_deepsets,common_input_to_host_output,1,1,b004_0253,3,0.0016277999384328723
1,cpu,capacity_matched_deepsets,common_input_to_host_output,1,1,b005_0107,1,0.0012552000116556883
1,cpu,capacity_matched_deepsets,common_input_to_host_output,1,1,b004_0277,8,0.0013495000312104821
1,cpu,capacity_matched_deepsets,common_input_to_host_output,1,1,b004_0258,4,0.0015810000477358699
1,cpu,capacity_matched_deepsets,common_input_to_host_output,1,1,b005_0121,4,0.0014912999467924237
1,cpu,capacity_matched_deepsets,common_input_to_host_output,1,1,b005_0087,5,0.0013595999917015433
1,cpu,capacity_matched_deepsets,common_input_to_host_output,1,1,b005_0120,3,0.0013207999290898442
1,cpu,capacity_matched_deepsets,common_input_to_host_output,1,1,b005_0133,13,0.002024100045673549
1,cpu,capacity_matched_deepsets,common_input_to_host_output,1,1,b004_0244,1,0.001380199915729463
1,cpu,capacity_matched_deepsets,common_input_to_host_output,1,1,b005_0628,10,0.0016026999801397324
1,cpu,capacity_matched_deepsets,common_input_to_host_output,1,1,b005_0575,3,0.0012476000702008605
1,cpu,capacity_matched_deepsets,common_input_to_host_output,1,1,b005_0569,4,0.0016922999639064074
1,cpu,capacity_matched_deepsets,common_input_to_host_output,1,1,b005_0629,4,0.001469200011342764
1,cpu,capacity_matched_deepsets,common_input_to_host_output,1,1,b005_0651,14,0.0016838000155985355
1,cpu,capacity_matched_deepsets,common_input_to_host_output,1,1,b005_0559,6,0.00155890011228621
1,cpu,capacity_matched_deepsets,common_input_to_host_output,1,1,b005_0627,10,0.001828499953262508
1,cpu,capacity_matched_deepsets,common_input_to_host_output,1,1,b005_0610,7,0.0014915000647306442
1,cpu,capacity_matched_deepsets,common_input_to_host_output,1,1,b005_0626,9,0.0014328999677672982
1,cpu,capacity_matched_deepsets,common_input_to_host_output,1,1,b005_0612,10,0.002010800060816109
1,cpu,capacity_matched_deepsets,common_input_to_host_output,1,1,b005_0554,8,0.0015635000308975577
1,cpu,capacity_matched_deepsets,common_input_to_host_output,1,1,b005_0578,7,0.0014764999505132437
1,cpu,capacity_matched_deepsets,common_input_to_host_output,1,1,b005_0604,13,0.002097700024023652
1,cpu,capacity_matched_deepsets,common_input_to_host_output,1,1,b005_0442,7,0.001659700064919889
1,cpu,capacity_matched_deepsets,common_input_to_host_output,1,1,b005_0470,3,0.0012326999567449093
1,cpu,capacity_matched_deepsets,common_input_to_host_output,1,1,b005_0446,9,0.0014584000455215573
1,cpu,capacity_matched_deepsets,common_input_to_host_output,1,1,b005_0434,1,0.0013840000610798597
1,cpu,capacity_matched_deepsets,common_input_to_host_output,1,1,b005_0431,9,0.0016089999116957188
1,cpu,capacity_matched_deepsets,common_input_to_host_output,1,1,b005_0460,2,0.0012735999189317226
1,cpu,capacity_matched_deepsets,common_input_to_host_output,1,1,b005_0438,5,0.0015575999859720469
1,cpu,capacity_matched_deepsets,common_input_to_host_output,1,1,b005_0444,9,0.0018678999040275812
1,cpu,capacity_matched_deepsets,common_input_to_host_output,1,1,b004_0349,8,0.0015312000177800655
1,cpu,capacity_matched_deepsets,common_input_to_host_output,1,1,b005_0465,10,0.0014705000212416053
1,cpu,capacity_matched_deepsets,common_input_to_host_output,1,1,b004_0326,6,0.0013586999848484993
1,cpu,capacity_matched_deepsets,common_input_to_host_output,1,1,b005_0418,4,0.00180460000410676
1,cpu,capacity_matched_deepsets,common_input_to_host_output,1,1,b004_0217,2,0.0012915999395772815
1,cpu,capacity_matched_deepsets,common_input_to_host_output,1,1,b004_0215,2,0.0012208999833092093
1,cpu,capacity_matched_deepsets,common_input_to_host_output,1,1,b005_0449,10,0.0016672000056132674
1,cpu,capacity_matched_deepsets,common_input_to_host_output,1,1,b004_0241,2,0.0017154999077320099
1,cpu,capacity_matched_deepsets,common_input_to_host_output,1,1,b004_0321,1,0.001305100042372942
1,cpu,capacity_matched_deepsets,common_input_to_host_output,1,1,b005_0467,11,0.0015658000484108925
1,cpu,capacity_matched_deepsets,common_input_to_host_output,1,1,b005_0684,8,0.0017018000362440944
1,cpu,capacity_matched_deepsets,common_input_to_host_output,1,1,b005_0654,3,0.001581899938173592
1,cpu,capacity_matched_deepsets,common_input_to_host_output,1,1,b005_0688,4,0.001589899999089539
1,cpu,capacity_matched_deepsets,common_input_to_host_output,1,1,b005_0680,11,0.0015494999242946506
1,cpu,capacity_matched_deepsets,common_input_to_host_output,1,1,b005_0690,5,0.0016618999652564526
1,cpu,capacity_matched_deepsets,common_input_to_host_output,1,1,b005_0660,8,0.0014545000158250332
1,cpu,capacity_matched_deepsets,common_input_to_host_output,1,1,b005_0709,11,0.001568300067447126
1,cpu,capacity_matched_deepsets,common_input_to_host_output,1,1,b005_0672,9,0.0015910000074654818
1,cpu,capacity_matched_deepsets,common_input_to_host_output,1,1,b004_0029,1,0.0015937000280246139
1,cpu,capacity_matched_deepsets,common_input_to_host_output,1,1,b004_0013,6,0.0014628999633714557
1,cpu,capacity_matched_deepsets,common_input_to_host_output,1,1,b005_0070,6,0.0013429000973701477
1,cpu,capacity_matched_deepsets,common_input_to_host_output,1,1,b005_0004,13,0.00178829999640584
1,cpu,capacity_matched_deepsets,common_input_to_host_output,1,1,b005_0025,7,0.001880299998447299
1,cpu,capacity_matched_deepsets,common_input_to_host_output,1,1,b005_0002,5,0.0012759999372065067
1,cpu,capacity_matched_deepsets,common_input_to_host_output,1,1,b005_0047,2,0.0011854999465867877
1,cpu,capacity_matched_deepsets,common_input_to_host_output,1,1,b005_0033,15,0.001961599919013679
1,cpu,capacity_matched_deepsets,common_input_to_host_output,1,1,b005_0049,8,0.0013949999120086432
1,cpu,capacity_matched_deepsets,common_input_to_host_output,1,1,b004_0065,3,0.0012802999699488282
1,cpu,capacity_matched_deepsets,common_input_to_host_output,1,1,b004_0024,4,0.0012811999768018723
1,cpu,capacity_matched_deepsets,common_input_to_host_output,1,1,b005_0062,2,0.0014680000022053719
1,cpu,capacity_matched_deepsets,common_input_to_host_output,1,1,b004_0082,5,0.0015437999973073602
1,cpu,capacity_matched_deepsets,common_input_to_host_output,1,1,b004_0022,2,0.0012249000137671828
1,cpu,capacity_matched_deepsets,common_input_to_host_output,1,1,b005_0065,8,0.0016009999671950936
1,cpu,capacity_matched_deepsets,common_input_to_host_output,1,1,b004_0070,3,0.001918500056490302
1,cpu,capacity_matched_deepsets,common_input_to_host_output,1,1,b005_0019,12,0.0018619999755173922
1,cpu,capacity_matched_deepsets,common_input_to_host_output,1,1,b004_0008,3,0.0013371999375522137
1,cpu,capacity_matched_deepsets,common_input_to_host_output,1,1,b004_0006,3,0.0013554999604821205
1,cpu,capacity_matched_deepsets,common_input_to_host_output,1,1,b005_0040,3,0.0017779999179765582
1,cpu,capacity_matched_deepsets,common_input_to_host_output,1,1,b004_0039,8,0.0016954999882727861
1,cpu,capacity_matched_deepsets,common_input_to_host_output,1,1,b004_0088,2,0.001524799969047308
1,cpu,capacity_matched_deepsets,common_input_to_host_output,1,1,b004_0012,5,0.0019189000595360994
1,cpu,capacity_matched_deepsets,common_input_to_host_output,1,1,b004_0003,4,0.0027851000195369124
1,cpu,capacity_matched_deepsets,common_input_to_host_output,1,1,b004_0084,3,0.001429300056770444
1,cpu,capacity_matched_deepsets,common_input_to_host_output,1,1,b004_0259,5,0.0017435000045225024
1,cpu,capacity_matched_deepsets,common_input_to_host_output,1,1,b005_0185,15,0.001936200074851513
1,cpu,capacity_matched_deepsets,common_input_to_host_output,1,1,b005_0160,13,0.0016621999675408006
1,cpu,capacity_matched_deepsets,common_input_to_host_output,1,1,b005_0217,2,0.0014285999350249767
1,cpu,capacity_matched_deepsets,common_input_to_host_output,1,1,b005_0205,11,0.0018248000415042043
1,cpu,capacity_matched_deepsets,common_input_to_host_output,1,1,b005_0219,10,0.0014466000720858574
1,cpu,capacity_matched_deepsets,common_input_to_host_output,1,1,b004_0313,4,0.0012709000147879124
1,cpu,capacity_matched_deepsets,common_input_to_host_output,1,1,b005_0198,11,0.0018618999747559428
1,cpu,capacity_matched_deepsets,common_input_to_host_output,1,1,b005_0199,7,0.00152449996676296
1,cpu,capacity_matched_deepsets,common_input_to_host_output,1,1,b005_0211,4,0.0013095000758767128
1,cpu,capacity_matched_deepsets,common_input_to_host_output,1,1,b005_0209,10,0.0015786000294610858
1,cpu,capacity_matched_deepsets,common_input_to_host_output,1,1,b004_0140,3,0.0017068999586626887
1,cpu,capacity_matched_deepsets,common_input_to_host_output,1,1,b005_0172,3,0.001275799935683608
1,cpu,capacity_matched_deepsets,common_input_to_host_output,1,1,b005_0181,12,0.0015086999628692865
1,cpu,capacity_matched_deepsets,common_input_to_host_output,1,1,b004_0197,1,0.0011810999130830169
1,cpu,capacity_matched_deepsets,common_input_to_host_output,1,1,b005_0170,7,0.0016530000139027834
1,cpu,capacity_matched_deepsets,common_input_to_host_output,1,1,b004_0181,4,0.0013433999847620726
1,cpu,capacity_matched_deepsets,common_input_to_host_output,1,1,b005_0222,14,0.001737500075250864
1,cpu,capacity_matched_deepsets,common_input_to_host_output,1,1,b005_0196,12,0.002047099987976253
1,cpu,capacity_matched_deepsets,common_input_to_host_output,1,1,b004_0350,2,0.0015098999720066786
1,cpu,capacity_matched_deepsets,common_input_to_host_output,1,1,b005_0273,11,0.0015607000095769763
1,cpu,capacity_matched_deepsets,common_input_to_host_output,1,1,b005_0303,9,0.001567999948747456
1,cpu,capacity_matched_deepsets,common_input_to_host_output,1,1,b005_0266,11,0.0018706999253481627
1,cpu,capacity_matched_deepsets,common_input_to_host_output,1,1,b004_0168,6,0.0013410999672487378
1,cpu,capacity_matched_deepsets,common_input_to_host_output,1,1,b005_0290,10,0.0014866000274196267
1,cpu,capacity_matched_deepsets,common_input_to_host_output,1,1,b004_0342,2,0.0011711000697687268
1,cpu,capacity_matched_deepsets,common_input_to_host_output,1,1,b005_0310,1,0.001599899958819151
1,cpu,capacity_matched_deepsets,common_input_to_host_output,1,1,b005_0231,8,0.0015500999288633466
1,cpu,capacity_matched_deepsets,common_input_to_host_output,1,1,b005_0302,14,0.0018587000668048859
1,cpu,capacity_matched_deepsets,common_input_to_host_output,1,1,b005_0242,6,0.001513299997895956
1,cpu,capacity_matched_deepsets,common_input_to_host_output,1,1,b005_0298,2,0.0015927000204101205
1,cpu,capacity_matched_deepsets,common_input_to_host_output,1,1,b004_0263,4,0.0015252999728545547
1,cpu,capacity_matched_deepsets,common_input_to_host_output,1,1,b005_0493,4,0.0014314999571070075
1,cpu,capacity_matched_deepsets,common_input_to_host_output,1,1,b005_0503,5,0.0016777999699115753
1,cpu,capacity_matched_deepsets,common_input_to_host_output,1,1,b004_0282,5,0.0015214999439194798
1,cpu,capacity_matched_deepsets,common_input_to_host_output,1,1,b005_0508,9,0.0014736999291926622
1,cpu,capacity_matched_deepsets,common_input_to_host_output,1,1,b005_0516,1,0.0011823000386357307
1,cpu,capacity_matched_deepsets,common_input_to_host_output,1,1,b004_0300,5,0.0016066000098362565
1,cpu,capacity_matched_deepsets,common_input_to_host_output,1,1,b004_0311,2,0.0015708999708294868
1,cpu,capacity_matched_deepsets,common_input_to_host_output,1,1,b004_0108,6,0.0015431999927386642
1,cpu,capacity_matched_deepsets,common_input_to_host_output,1,1,b005_0482,4,0.0014908000594004989
1,cpu,capacity_matched_deepsets,common_input_to_host_output,1,1,b005_0545,14,0.002139599993824959
1,cpu,capacity_matched_deepsets,common_input_to_host_output,1,1,b005_0537,5,0.0016217000083997846
1,cpu,capacity_matched_deepsets,common_input_to_host_output,1,1,b005_0548,5,0.0012914999388158321
1,cpu,capacity_matched_deepsets,common_input_to_host_output,1,1,b005_0541,4,0.0015060999430716038
1,cpu,capacity_matched_deepsets,common_input_to_host_output,1,1,b004_0185,8,0.0017893000040203333
1,cpu,capacity_matched_deepsets,common_input_to_host_output,1,1,b005_0505,1,0.0011602999875321984
1,cpu,capacity_matched_deepsets,common_input_to_host_output,1,1,b005_0544,4,0.0012317999498918653
1,cpu,capacity_matched_deepsets,common_input_to_host_output,1,1,b005_0513,9,0.0018014999805018306
1,cpu,capacity_matched_deepsets,common_input_to_host_output,1,1,b004_0198,3,0.0015405999729409814
1,cpu,capacity_matched_deepsets,common_input_to_host_output,1,1,b004_0154,8,0.0014939999673515558
1,cpu,capacity_matched_deepsets,common_input_to_host_output,1,1,b005_0345,4,0.001332600018940866
1,cpu,capacity_matched_deepsets,common_input_to_host_output,1,1,b004_0106,3,0.0017459000227972865
1,cpu,capacity_matched_deepsets,common_input_to_host_output,1,1,b005_0356,2,0.0016214000061154366
1,cpu,capacity_matched_deepsets,common_input_to_host_output,1,1,b004_0270,2,0.0013427999801933765
1,cpu,capacity_matched_deepsets,common_input_to_host_output,1,1,b005_0376,3,0.001413899939507246
1,cpu,capacity_matched_deepsets,common_input_to_host_output,1,1,b005_0323,11,0.00199709995649755
1,cpu,capacity_matched_deepsets,common_input_to_host_output,1,1,b005_0380,7,0.0015405999729409814
1,cpu,capacity_matched_deepsets,common_input_to_host_output,1,1,b004_0192,3,0.001257800031453371
1,cpu,capacity_matched_deepsets,common_input_to_host_output,1,1,b005_0350,4,0.0013261999702081084
1,cpu,capacity_matched_deepsets,common_input_to_host_output,1,1,b004_0115,3,0.001721500069834292
1,cpu,capacity_matched_deepsets,common_input_to_host_output,1,1,b004_0367,5,0.0014684000052511692
1,cpu,capacity_matched_deepsets,common_input_to_host_output,1,1,b004_0378,8,0.0014329999685287476
1,cpu,capacity_matched_deepsets,common_input_to_host_output,1,1,b005_0361,8,0.0014662999892607331
1,cpu,capacity_matched_deepsets,common_input_to_host_output,1,1,b005_0378,11,0.001979699940420687
1,cpu,capacity_matched_deepsets,common_input_to_host_output,1,1,b005_0714,3,0.0013561000814661384
1,cpu,capacity_matched_deepsets,common_input_to_host_output,1,1,b005_0792,6,0.0013044000370427966
1,cpu,capacity_matched_deepsets,common_input_to_host_output,1,1,b005_0773,7,0.0017012999160215259
1,cpu,capacity_matched_deepsets,common_input_to_host_output,1,1,b005_0723,1,0.0014424000401049852
1,cpu,capacity_matched_deepsets,common_input_to_host_output,1,1,b005_0799,8,0.0016638999804854393
1,cpu,capacity_matched_deepsets,common_input_to_host_output,1,1,b005_0786,2,0.0013473000144585967
1,cpu,capacity_matched_deepsets,common_input_to_host_output,1,1,b005_0783,4,0.0017087999731302261
1,cpu,capacity_matched_deepsets,common_input_to_host_output,1,1,b005_0805,10,0.0016317999688908458
1,cpu,capacity_matched_deepsets,common_input_to_host_output,1,1,b005_0736,3,0.0013020000187680125
1,cpu,capacity_matched_deepsets,common_input_to_host_output,1,1,b005_0758,8,0.0016280000563710928
1,cpu,capacity_matched_deepsets,common_input_to_host_output,1,1,b005_0737,15,0.002267200034111738
1,cpu,capacity_matched_deepsets,common_input_to_host_output,1,1,b005_0784,1,0.0011876000789925456
1,cpu,capacity_matched_deepsets,common_input_to_host_output,1,1,b005_0733,1,0.001131199998781085
1,cpu,capacity_matched_deepsets,common_input_to_host_output,1,1,b005_0774,14,0.0021780000533908606
1,cpu,capacity_matched_deepsets,common_input_to_host_output,1,1,b005_0757,9,0.002304099965840578
1,cpu,capacity_matched_deepsets,common_input_to_host_output,1,1,b005_0727,2,0.001498800003901124
1,cpu,capacity_matched_deepsets,forward_resident_inputs,32,32,b005_0092|b004_0388|b004_0356|b005_0086|b005_0119|b005_0098|b004_0253|b005_0107|b004_0277|b004_0258|b005_0121|b005_0087|b005_0120|b005_0133|b004_0244|b005_0628|b005_0575|b005_0569|b005_0629|b005_0651|b005_0559|b005_0627|b005_0610|b005_0626|b005_0612|b005_0554|b005_0578|b005_0604|b005_0442|b005_0470|b005_0446|b005_0434,3|1|6|11|7|7|3|1|8|4|4|5|3|13|1|10|3|4|4|14|6|10|7|9|10|8|7|13|7|3|9|1,0.002441299962811172
1,cpu,capacity_matched_deepsets,forward_resident_inputs,32,32,b005_0431|b005_0460|b005_0438|b005_0444|b004_0349|b005_0465|b004_0326|b005_0418|b004_0217|b004_0215|b005_0449|b004_0241|b004_0321|b005_0467|b005_0684|b005_0654|b005_0688|b005_0680|b005_0690|b005_0660|b005_0709|b005_0672|b004_0029|b004_0013|b005_0070|b005_0004|b005_0025|b005_0002|b005_0047|b005_0033|b005_0049|b004_0065,9|2|5|9|8|10|6|4|2|2|10|2|1|11|8|3|4|11|5|8|11|9|1|6|6|13|7|5|2|15|8|3,0.0031111000571399927
1,cpu,capacity_matched_deepsets,forward_resident_inputs,32,32,b004_0024|b005_0062|b004_0082|b004_0022|b005_0065|b004_0070|b005_0019|b004_0008|b004_0006|b005_0040|b004_0039|b004_0088|b004_0012|b004_0003|b004_0084|b004_0259|b005_0185|b005_0160|b005_0217|b005_0205|b005_0219|b004_0313|b005_0198|b005_0199|b005_0211|b005_0209|b004_0140|b005_0172|b005_0181|b004_0197|b005_0170|b004_0181,4|2|5|2|8|3|12|3|3|3|8|2|5|4|3|5|15|13|2|11|10|4|11|7|4|10|3|3|12|1|7|4,0.0026732999831438065
1,cpu,capacity_matched_deepsets,forward_resident_inputs,32,32,b005_0222|b005_0196|b004_0350|b005_0273|b005_0303|b005_0266|b004_0168|b005_0290|b004_0342|b005_0310|b005_0231|b005_0302|b005_0242|b005_0298|b004_0263|b005_0493|b005_0503|b004_0282|b005_0508|b005_0516|b004_0300|b004_0311|b004_0108|b005_0482|b005_0545|b005_0537|b005_0548|b005_0541|b004_0185|b005_0505|b005_0544|b005_0513,14|12|2|11|9|11|6|10|2|1|8|14|6|2|4|4|5|5|9|1|5|2|6|4|14|5|5|4|8|1|4|9,0.0035264999605715275
1,cpu,capacity_matched_deepsets,forward_resident_inputs,32,32,b004_0198|b004_0154|b005_0345|b004_0106|b005_0356|b004_0270|b005_0376|b005_0323|b005_0380|b004_0192|b005_0350|b004_0115|b004_0367|b004_0378|b005_0361|b005_0378|b005_0714|b005_0792|b005_0773|b005_0723|b005_0799|b005_0786|b005_0783|b005_0805|b005_0736|b005_0758|b005_0737|b005_0784|b005_0733|b005_0774|b005_0757|b005_0727,3|8|4|3|2|2|3|11|7|3|4|3|5|8|8|11|3|6|7|1|8|2|4|10|3|8|15|1|1|14|9|2,0.002710200031287968
1,cpu,capacity_matched_deepsets,common_input_to_host_output,32,32,b005_0092|b004_0388|b004_0356|b005_0086|b005_0119|b005_0098|b004_0253|b005_0107|b004_0277|b004_0258|b005_0121|b005_0087|b005_0120|b005_0133|b004_0244|b005_0628|b005_0575|b005_0569|b005_0629|b005_0651|b005_0559|b005_0627|b005_0610|b005_0626|b005_0612|b005_0554|b005_0578|b005_0604|b005_0442|b005_0470|b005_0446|b005_0434,3|1|6|11|7|7|3|1|8|4|4|5|3|13|1|10|3|4|4|14|6|10|7|9|10|8|7|13|7|3|9|1,0.011761700036004186
1,cpu,capacity_matched_deepsets,common_input_to_host_output,32,32,b005_0431|b005_0460|b005_0438|b005_0444|b004_0349|b005_0465|b004_0326|b005_0418|b004_0217|b004_0215|b005_0449|b004_0241|b004_0321|b005_0467|b005_0684|b005_0654|b005_0688|b005_0680|b005_0690|b005_0660|b005_0709|b005_0672|b004_0029|b004_0013|b005_0070|b005_0004|b005_0025|b005_0002|b005_0047|b005_0033|b005_0049|b004_0065,9|2|5|9|8|10|6|4|2|2|10|2|1|11|8|3|4|11|5|8|11|9|1|6|6|13|7|5|2|15|8|3,0.011509199975989759
1,cpu,capacity_matched_deepsets,common_input_to_host_output,32,32,b004_0024|b005_0062|b004_0082|b004_0022|b005_0065|b004_0070|b005_0019|b004_0008|b004_0006|b005_0040|b004_0039|b004_0088|b004_0012|b004_0003|b004_0084|b004_0259|b005_0185|b005_0160|b005_0217|b005_0205|b005_0219|b004_0313|b005_0198|b005_0199|b005_0211|b005_0209|b004_0140|b005_0172|b005_0181|b004_0197|b005_0170|b004_0181,4|2|5|2|8|3|12|3|3|3|8|2|5|4|3|5|15|13|2|11|10|4|11|7|4|10|3|3|12|1|7|4,0.009875599993392825
1,cpu,capacity_matched_deepsets,common_input_to_host_output,32,32,b005_0222|b005_0196|b004_0350|b005_0273|b005_0303|b005_0266|b004_0168|b005_0290|b004_0342|b005_0310|b005_0231|b005_0302|b005_0242|b005_0298|b004_0263|b005_0493|b005_0503|b004_0282|b005_0508|b005_0516|b004_0300|b004_0311|b004_0108|b005_0482|b005_0545|b005_0537|b005_0548|b005_0541|b004_0185|b005_0505|b005_0544|b005_0513,14|12|2|11|9|11|6|10|2|1|8|14|6|2|4|4|5|5|9|1|5|2|6|4|14|5|5|4|8|1|4|9,0.010845600045286119
1,cpu,capacity_matched_deepsets,common_input_to_host_output,32,32,b004_0198|b004_0154|b005_0345|b004_0106|b005_0356|b004_0270|b005_0376|b005_0323|b005_0380|b004_0192|b005_0350|b004_0115|b004_0367|b004_0378|b005_0361|b005_0378|b005_0714|b005_0792|b005_0773|b005_0723|b005_0799|b005_0786|b005_0783|b005_0805|b005_0736|b005_0758|b005_0737|b005_0784|b005_0733|b005_0774|b005_0757|b005_0727,3|8|4|3|2|2|3|11|7|3|4|3|5|8|8|11|3|6|7|1|8|2|4|10|3|8|15|1|1|14|9|2,0.00946890003979206
2,cpu,common_features,feature_preparation_only,1,1,b005_0092,3,0.00011939997784793377
2,cpu,common_features,feature_preparation_only,1,1,b004_0388,1,9.560002945363522e-05
2,cpu,common_features,feature_preparation_only,1,1,b004_0356,6,0.00017530005425214767
2,cpu,common_features,feature_preparation_only,1,1,b005_0086,11,0.00033599999733269215
2,cpu,common_features,feature_preparation_only,1,1,b005_0119,7,0.00019789999350905418
2,cpu,common_features,feature_preparation_only,1,1,b005_0098,7,0.00019449996761977673
2,cpu,common_features,feature_preparation_only,1,1,b004_0253,3,0.0001194999786093831
2,cpu,common_features,feature_preparation_only,1,1,b005_0107,1,0.0001053001033142209
2,cpu,common_features,feature_preparation_only,1,1,b004_0277,8,0.0009679000359028578
2,cpu,common_features,feature_preparation_only,1,1,b004_0258,4,0.0001922000665217638
2,cpu,common_features,feature_preparation_only,1,1,b005_0121,4,0.00014320004265755415
2,cpu,common_features,feature_preparation_only,1,1,b005_0087,5,0.00018260010983794928
2,cpu,common_features,feature_preparation_only,1,1,b005_0120,3,0.00028389994986355305
2,cpu,common_features,feature_preparation_only,1,1,b005_0133,13,0.00048580009024590254
2,cpu,common_features,feature_preparation_only,1,1,b004_0244,1,0.00010279996786266565
2,cpu,common_features,feature_preparation_only,1,1,b005_0628,10,0.0003296000650152564
2,cpu,common_features,feature_preparation_only,1,1,b005_0575,3,0.0001319999573752284
2,cpu,common_features,feature_preparation_only,1,1,b005_0569,4,0.00023100001271814108
2,cpu,common_features,feature_preparation_only,1,1,b005_0629,4,0.0001588000450283289
2,cpu,common_features,feature_preparation_only,1,1,b005_0651,14,0.0004954999312758446
2,cpu,common_features,feature_preparation_only,1,1,b005_0559,6,0.00026549992617219687
2,cpu,common_features,feature_preparation_only,1,1,b005_0627,10,0.00034650007728487253
2,cpu,common_features,feature_preparation_only,1,1,b005_0610,7,0.00021790002938359976
2,cpu,common_features,feature_preparation_only,1,1,b005_0626,9,0.00027739990036934614
2,cpu,common_features,feature_preparation_only,1,1,b005_0612,10,0.00030720001086592674
2,cpu,common_features,feature_preparation_only,1,1,b005_0554,8,0.00023579993285238743
2,cpu,common_features,feature_preparation_only,1,1,b005_0578,7,0.00020779995247721672
2,cpu,common_features,feature_preparation_only,1,1,b005_0604,13,0.0005747999530285597
2,cpu,common_features,feature_preparation_only,1,1,b005_0442,7,0.00027709989808499813
2,cpu,common_features,feature_preparation_only,1,1,b005_0470,3,0.00014100002590566874
2,cpu,common_features,feature_preparation_only,1,1,b005_0446,9,0.0005655999993905425
2,cpu,common_features,feature_preparation_only,1,1,b005_0434,1,0.00011799996718764305
2,cpu,common_features,feature_preparation_only,1,1,b005_0431,9,0.0002802000381052494
2,cpu,common_features,feature_preparation_only,1,1,b005_0460,2,0.0001221999991685152
2,cpu,common_features,feature_preparation_only,1,1,b005_0438,5,0.000161800067871809
2,cpu,common_features,feature_preparation_only,1,1,b005_0444,9,0.00026569992769509554
2,cpu,common_features,feature_preparation_only,1,1,b004_0349,8,0.00023330003023147583
2,cpu,common_features,feature_preparation_only,1,1,b005_0465,10,0.0003029999788850546
2,cpu,common_features,feature_preparation_only,1,1,b004_0326,6,0.0001824999926611781
2,cpu,common_features,feature_preparation_only,1,1,b005_0418,4,0.00014269992243498564
2,cpu,common_features,feature_preparation_only,1,1,b004_0217,2,0.00011929997708648443
2,cpu,common_features,feature_preparation_only,1,1,b004_0215,2,0.00011879997327923775
2,cpu,common_features,feature_preparation_only,1,1,b005_0449,10,0.0003076000139117241
2,cpu,common_features,feature_preparation_only,1,1,b004_0241,2,0.00012020010035485029
2,cpu,common_features,feature_preparation_only,1,1,b004_0321,1,0.00010649999603629112
2,cpu,common_features,feature_preparation_only,1,1,b005_0467,11,0.000344799947924912
2,cpu,common_features,feature_preparation_only,1,1,b005_0684,8,0.00022909999825060368
2,cpu,common_features,feature_preparation_only,1,1,b005_0654,3,0.00011669995728880167
2,cpu,common_features,feature_preparation_only,1,1,b005_0688,4,0.00013159995432943106
2,cpu,common_features,feature_preparation_only,1,1,b005_0680,11,0.00033009995240718126
2,cpu,common_features,feature_preparation_only,1,1,b005_0690,5,0.00014749995898455381
2,cpu,common_features,feature_preparation_only,1,1,b005_0660,8,0.00022179994266480207
2,cpu,common_features,feature_preparation_only,1,1,b005_0709,11,0.0003307999577373266
2,cpu,common_features,feature_preparation_only,1,1,b005_0672,9,0.00042420008685439825
2,cpu,common_features,feature_preparation_only,1,1,b004_0029,1,0.00010269996710121632
2,cpu,common_features,feature_preparation_only,1,1,b004_0013,6,0.00017829996068030596
2,cpu,common_features,feature_preparation_only,1,1,b005_0070,6,0.00016430008690804243
2,cpu,common_features,feature_preparation_only,1,1,b005_0004,13,0.0004270999925211072
2,cpu,common_features,feature_preparation_only,1,1,b005_0025,7,0.00018580001778900623
2,cpu,common_features,feature_preparation_only,1,1,b005_0002,5,0.00013620010577142239
2,cpu,common_features,feature_preparation_only,1,1,b005_0047,2,9.620003402233124e-05
2,cpu,common_features,feature_preparation_only,1,1,b005_0033,15,0.0005836000200361013
2,cpu,common_features,feature_preparation_only,1,1,b005_0049,8,0.00023079989477992058
2,cpu,common_features,feature_preparation_only,1,1,b004_0065,3,0.00011030002497136593
2,cpu,common_features,feature_preparation_only,1,1,b004_0024,4,0.00012119999155402184
2,cpu,common_features,feature_preparation_only,1,1,b005_0062,2,9.540002793073654e-05
2,cpu,common_features,feature_preparation_only,1,1,b004_0082,5,0.00013509998098015785
2,cpu,common_features,feature_preparation_only,1,1,b004_0022,2,9.510002564638853e-05
2,cpu,common_features,feature_preparation_only,1,1,b005_0065,8,0.00021329999435693026
2,cpu,common_features,feature_preparation_only,1,1,b004_0070,3,0.00010570010636001825
2,cpu,common_features,feature_preparation_only,1,1,b005_0019,12,0.00036700000055134296
2,cpu,common_features,feature_preparation_only,1,1,b004_0008,3,0.00011000002268701792
2,cpu,common_features,feature_preparation_only,1,1,b004_0006,3,0.0001078000059351325
2,cpu,common_features,feature_preparation_only,1,1,b005_0040,3,0.00010529998689889908
2,cpu,common_features,feature_preparation_only,1,1,b004_0039,8,0.00021169998217374086
2,cpu,common_features,feature_preparation_only,1,1,b004_0088,2,9.479990694671869e-05
2,cpu,common_features,feature_preparation_only,1,1,b004_0012,5,0.0001379000023007393
2,cpu,common_features,feature_preparation_only,1,1,b004_0003,4,0.00012069998774677515
2,cpu,common_features,feature_preparation_only,1,1,b004_0084,3,0.00010440009646117687
2,cpu,common_features,feature_preparation_only,1,1,b004_0259,5,0.00012590002734214067
2,cpu,common_features,feature_preparation_only,1,1,b005_0185,15,0.0005077999085187912
2,cpu,common_features,feature_preparation_only,1,1,b005_0160,13,0.00048040004912763834
2,cpu,common_features,feature_preparation_only,1,1,b005_0217,2,0.0001235000090673566
2,cpu,common_features,feature_preparation_only,1,1,b005_0205,11,0.00031940010376274586
2,cpu,common_features,feature_preparation_only,1,1,b005_0219,10,0.00027650000993162394
2,cpu,common_features,feature_preparation_only,1,1,b004_0313,4,0.00010960001964122057
2,cpu,common_features,feature_preparation_only,1,1,b005_0198,11,0.0003098000306636095
2,cpu,common_features,feature_preparation_only,1,1,b005_0199,7,0.0001751999370753765
2,cpu,common_features,feature_preparation_only,1,1,b005_0211,4,0.00011369993444532156
2,cpu,common_features,feature_preparation_only,1,1,b005_0209,10,0.0002695999573916197
2,cpu,common_features,feature_preparation_only,1,1,b004_0140,3,9.570003021508455e-05
2,cpu,common_features,feature_preparation_only,1,1,b005_0172,3,9.50000248849392e-05
2,cpu,common_features,feature_preparation_only,1,1,b005_0181,12,0.00035530002787709236
2,cpu,common_features,feature_preparation_only,1,1,b004_0197,1,7.960002403706312e-05
2,cpu,common_features,feature_preparation_only,1,1,b005_0170,7,0.00017589994240552187
2,cpu,common_features,feature_preparation_only,1,1,b004_0181,4,0.00011720007751137018
2,cpu,common_features,feature_preparation_only,1,1,b005_0222,14,0.0004621000261977315
2,cpu,common_features,feature_preparation_only,1,1,b005_0196,12,0.00036639999598264694
2,cpu,common_features,feature_preparation_only,1,1,b004_0350,2,9.139999747276306e-05
2,cpu,common_features,feature_preparation_only,1,1,b005_0273,11,0.00033840001560747623
2,cpu,common_features,feature_preparation_only,1,1,b005_0303,9,0.0003302000695839524
2,cpu,common_features,feature_preparation_only,1,1,b005_0266,11,0.0003659999929368496
2,cpu,common_features,feature_preparation_only,1,1,b004_0168,6,0.0001686000032350421
2,cpu,common_features,feature_preparation_only,1,1,b005_0290,10,0.0002859999658539891
2,cpu,common_features,feature_preparation_only,1,1,b004_0342,2,0.00010039994958788157
2,cpu,common_features,feature_preparation_only,1,1,b005_0310,1,8.540006820112467e-05
2,cpu,common_features,feature_preparation_only,1,1,b005_0231,8,0.000291600008495152
2,cpu,common_features,feature_preparation_only,1,1,b005_0302,14,0.0006827999604865909
2,cpu,common_features,feature_preparation_only,1,1,b005_0242,6,0.0002101999707520008
2,cpu,common_features,feature_preparation_only,1,1,b005_0298,2,0.00010259996633976698
2,cpu,common_features,feature_preparation_only,1,1,b004_0263,4,0.0001417999155819416
2,cpu,common_features,feature_preparation_only,1,1,b005_0493,4,0.00013299996498972178
2,cpu,common_features,feature_preparation_only,1,1,b005_0503,5,0.00014859996736049652
2,cpu,common_features,feature_preparation_only,1,1,b004_0282,5,0.00014929997269064188
2,cpu,common_features,feature_preparation_only,1,1,b005_0508,9,0.00025699997786432505
2,cpu,common_features,feature_preparation_only,1,1,b005_0516,1,9.629991836845875e-05
2,cpu,common_features,feature_preparation_only,1,1,b004_0300,5,0.00015219999477267265
2,cpu,common_features,feature_preparation_only,1,1,b004_0311,2,0.00010939990170300007
2,cpu,common_features,feature_preparation_only,1,1,b004_0108,6,0.0001759000588208437
2,cpu,common_features,feature_preparation_only,1,1,b005_0482,4,0.0001365999924018979
2,cpu,common_features,feature_preparation_only,1,1,b005_0545,14,0.0005000999663025141
2,cpu,common_features,feature_preparation_only,1,1,b005_0537,5,0.00015829992480576038
2,cpu,common_features,feature_preparation_only,1,1,b005_0548,5,0.00015380000695586205
2,cpu,common_features,feature_preparation_only,1,1,b005_0541,4,0.0001425999216735363
2,cpu,common_features,feature_preparation_only,1,1,b004_0185,8,0.00023969996254891157
2,cpu,common_features,feature_preparation_only,1,1,b005_0505,1,9.989994578063488e-05
2,cpu,common_features,feature_preparation_only,1,1,b005_0544,4,0.00014220003504306078
2,cpu,common_features,feature_preparation_only,1,1,b005_0513,9,0.00039279996417462826
2,cpu,common_features,feature_preparation_only,1,1,b004_0198,3,0.0001949000870808959
2,cpu,common_features,feature_preparation_only,1,1,b004_0154,8,0.00023640005383640528
2,cpu,common_features,feature_preparation_only,1,1,b005_0345,4,0.0001370999962091446
2,cpu,common_features,feature_preparation_only,1,1,b004_0106,3,0.00012049998622387648
2,cpu,common_features,feature_preparation_only,1,1,b005_0356,2,0.00011069991160184145
2,cpu,common_features,feature_preparation_only,1,1,b004_0270,2,0.00010960001964122057
2,cpu,common_features,feature_preparation_only,1,1,b005_0376,3,0.00011930009350180626
2,cpu,common_features,feature_preparation_only,1,1,b005_0323,11,0.0004366000648587942
2,cpu,common_features,feature_preparation_only,1,1,b005_0380,7,0.0004851000849157572
2,cpu,common_features,feature_preparation_only,1,1,b004_0192,3,0.00020490004681050777
2,cpu,common_features,feature_preparation_only,1,1,b005_0350,4,0.00014870008453726768
2,cpu,common_features,feature_preparation_only,1,1,b004_0115,3,0.0001241000136360526
2,cpu,common_features,feature_preparation_only,1,1,b004_0367,5,0.00017609994392842054
2,cpu,common_features,feature_preparation_only,1,1,b004_0378,8,0.00035699992440640926
2,cpu,common_features,feature_preparation_only,1,1,b005_0361,8,0.0002463998971506953
2,cpu,common_features,feature_preparation_only,1,1,b005_0378,11,0.00036700000055134296
2,cpu,common_features,feature_preparation_only,1,1,b005_0714,3,0.00014140002895146608
2,cpu,common_features,feature_preparation_only,1,1,b005_0792,6,0.00015570002142339945
2,cpu,common_features,feature_preparation_only,1,1,b005_0773,7,0.00017809995915740728
2,cpu,common_features,feature_preparation_only,1,1,b005_0723,1,7.850001566112041e-05
2,cpu,common_features,feature_preparation_only,1,1,b005_0799,8,0.00021780002862215042
2,cpu,common_features,feature_preparation_only,1,1,b005_0786,2,9.220000356435776e-05
2,cpu,common_features,feature_preparation_only,1,1,b005_0783,4,0.00011859997175633907
2,cpu,common_features,feature_preparation_only,1,1,b005_0805,10,0.0003622999647632241
2,cpu,common_features,feature_preparation_only,1,1,b005_0736,3,0.00011169991921633482
2,cpu,common_features,feature_preparation_only,1,1,b005_0758,8,0.000206699944101274
2,cpu,common_features,feature_preparation_only,1,1,b005_0737,15,0.0005110000493004918
2,cpu,common_features,feature_preparation_only,1,1,b005_0784,1,7.509998977184296e-05
2,cpu,common_features,feature_preparation_only,1,1,b005_0733,1,7.079995702952147e-05
2,cpu,common_features,feature_preparation_only,1,1,b005_0774,14,0.0004579999949783087
2,cpu,common_features,feature_preparation_only,1,1,b005_0757,9,0.00024049996864050627
2,cpu,common_features,feature_preparation_only,1,1,b005_0727,2,9.100011084228754e-05
2,cpu,common_features,feature_preparation_only,32,32,b005_0092|b004_0388|b004_0356|b005_0086|b005_0119|b005_0098|b004_0253|b005_0107|b004_0277|b004_0258|b005_0121|b005_0087|b005_0120|b005_0133|b004_0244|b005_0628|b005_0575|b005_0569|b005_0629|b005_0651|b005_0559|b005_0627|b005_0610|b005_0626|b005_0612|b005_0554|b005_0578|b005_0604|b005_0442|b005_0470|b005_0446|b005_0434,3|1|6|11|7|7|3|1|8|4|4|5|3|13|1|10|3|4|4|14|6|10|7|9|10|8|7|13|7|3|9|1,0.007725899922661483
2,cpu,common_features,feature_preparation_only,32,32,b005_0431|b005_0460|b005_0438|b005_0444|b004_0349|b005_0465|b004_0326|b005_0418|b004_0217|b004_0215|b005_0449|b004_0241|b004_0321|b005_0467|b005_0684|b005_0654|b005_0688|b005_0680|b005_0690|b005_0660|b005_0709|b005_0672|b004_0029|b004_0013|b005_0070|b005_0004|b005_0025|b005_0002|b005_0047|b005_0033|b005_0049|b004_0065,9|2|5|9|8|10|6|4|2|2|10|2|1|11|8|3|4|11|5|8|11|9|1|6|6|13|7|5|2|15|8|3,0.0070884000742807984
2,cpu,common_features,feature_preparation_only,32,32,b004_0024|b005_0062|b004_0082|b004_0022|b005_0065|b004_0070|b005_0019|b004_0008|b004_0006|b005_0040|b004_0039|b004_0088|b004_0012|b004_0003|b004_0084|b004_0259|b005_0185|b005_0160|b005_0217|b005_0205|b005_0219|b004_0313|b005_0198|b005_0199|b005_0211|b005_0209|b004_0140|b005_0172|b005_0181|b004_0197|b005_0170|b004_0181,4|2|5|2|8|3|12|3|3|3|8|2|5|4|3|5|15|13|2|11|10|4|11|7|4|10|3|3|12|1|7|4,0.006608799914829433
2,cpu,common_features,feature_preparation_only,32,32,b005_0222|b005_0196|b004_0350|b005_0273|b005_0303|b005_0266|b004_0168|b005_0290|b004_0342|b005_0310|b005_0231|b005_0302|b005_0242|b005_0298|b004_0263|b005_0493|b005_0503|b004_0282|b005_0508|b005_0516|b004_0300|b004_0311|b004_0108|b005_0482|b005_0545|b005_0537|b005_0548|b005_0541|b004_0185|b005_0505|b005_0544|b005_0513,14|12|2|11|9|11|6|10|2|1|8|14|6|2|4|4|5|5|9|1|5|2|6|4|14|5|5|4|8|1|4|9,0.0069290000246837735
2,cpu,common_features,feature_preparation_only,32,32,b004_0198|b004_0154|b005_0345|b004_0106|b005_0356|b004_0270|b005_0376|b005_0323|b005_0380|b004_0192|b005_0350|b004_0115|b004_0367|b004_0378|b005_0361|b005_0378|b005_0714|b005_0792|b005_0773|b005_0723|b005_0799|b005_0786|b005_0783|b005_0805|b005_0736|b005_0758|b005_0737|b005_0784|b005_0733|b005_0774|b005_0757|b005_0727,3|8|4|3|2|2|3|11|7|3|4|3|5|8|8|11|3|6|7|1|8|2|4|10|3|8|15|1|1|14|9|2,0.005985700059682131
2,cpu,set_attention,forward_resident_inputs,1,1,b005_0092,3,0.0025960999773815274
2,cpu,set_attention,forward_resident_inputs,1,1,b004_0388,1,0.002195600070990622
2,cpu,set_attention,forward_resident_inputs,1,1,b004_0356,6,0.0019227999728173018
2,cpu,set_attention,forward_resident_inputs,1,1,b005_0086,11,0.0023959000827744603
2,cpu,set_attention,forward_resident_inputs,1,1,b005_0119,7,0.0022229000460356474
2,cpu,set_attention,forward_resident_inputs,1,1,b005_0098,7,0.002164300065487623
2,cpu,set_attention,forward_resident_inputs,1,1,b004_0253,3,0.002392500056885183
2,cpu,set_attention,forward_resident_inputs,1,1,b005_0107,1,0.002342300023883581
2,cpu,set_attention,forward_resident_inputs,1,1,b004_0277,8,0.0023392000002786517
2,cpu,set_attention,forward_resident_inputs,1,1,b004_0258,4,0.0018851999193429947
2,cpu,set_attention,forward_resident_inputs,1,1,b005_0121,4,0.0018662000074982643
2,cpu,set_attention,forward_resident_inputs,1,1,b005_0087,5,0.002405300037935376
2,cpu,set_attention,forward_resident_inputs,1,1,b005_0120,3,0.0020332999993115664
2,cpu,set_attention,forward_resident_inputs,1,1,b005_0133,13,0.002708100015297532
2,cpu,set_attention,forward_resident_inputs,1,1,b004_0244,1,0.0025424000341445208
2,cpu,set_attention,forward_resident_inputs,1,1,b005_0628,10,0.002053899923339486
2,cpu,set_attention,forward_resident_inputs,1,1,b005_0575,3,0.0024658999172970653
2,cpu,set_attention,forward_resident_inputs,1,1,b005_0569,4,0.0020572999492287636
2,cpu,set_attention,forward_resident_inputs,1,1,b005_0629,4,0.0021946000633761287
2,cpu,set_attention,forward_resident_inputs,1,1,b005_0651,14,0.0022200000239536166
2,cpu,set_attention,forward_resident_inputs,1,1,b005_0559,6,0.0022131999721750617
2,cpu,set_attention,forward_resident_inputs,1,1,b005_0627,10,0.0025718999095261097
2,cpu,set_attention,forward_resident_inputs,1,1,b005_0610,7,0.0019120000069960952
2,cpu,set_attention,forward_resident_inputs,1,1,b005_0626,9,0.002263300004415214
2,cpu,set_attention,forward_resident_inputs,1,1,b005_0612,10,0.002196800080128014
2,cpu,set_attention,forward_resident_inputs,1,1,b005_0554,8,0.0018456000834703445
2,cpu,set_attention,forward_resident_inputs,1,1,b005_0578,7,0.002607300062663853
2,cpu,set_attention,forward_resident_inputs,1,1,b005_0604,13,0.0020753999706357718
2,cpu,set_attention,forward_resident_inputs,1,1,b005_0442,7,0.0018469999777153134
2,cpu,set_attention,forward_resident_inputs,1,1,b005_0470,3,0.002437999937683344
2,cpu,set_attention,forward_resident_inputs,1,1,b005_0446,9,0.0019118000054731965
2,cpu,set_attention,forward_resident_inputs,1,1,b005_0434,1,0.002244299976155162
2,cpu,set_attention,forward_resident_inputs,1,1,b005_0431,9,0.002210599952377379
2,cpu,set_attention,forward_resident_inputs,1,1,b005_0460,2,0.0020123000722378492
2,cpu,set_attention,forward_resident_inputs,1,1,b005_0438,5,0.0031174999894574285
2,cpu,set_attention,forward_resident_inputs,1,1,b005_0444,9,0.0020408000564202666
2,cpu,set_attention,forward_resident_inputs,1,1,b004_0349,8,0.0026285999920219183
2,cpu,set_attention,forward_resident_inputs,1,1,b005_0465,10,0.00220620003528893
2,cpu,set_attention,forward_resident_inputs,1,1,b004_0326,6,0.001861400087364018
2,cpu,set_attention,forward_resident_inputs,1,1,b005_0418,4,0.0023944000713527203
2,cpu,set_attention,forward_resident_inputs,1,1,b004_0217,2,0.002454400062561035
2,cpu,set_attention,forward_resident_inputs,1,1,b004_0215,2,0.0024402999551966786
2,cpu,set_attention,forward_resident_inputs,1,1,b005_0449,10,0.0022997999330982566
2,cpu,set_attention,forward_resident_inputs,1,1,b004_0241,2,0.0019289000192657113
2,cpu,set_attention,forward_resident_inputs,1,1,b004_0321,1,0.0025285000447183847
2,cpu,set_attention,forward_resident_inputs,1,1,b005_0467,11,0.0019506999524310231
2,cpu,set_attention,forward_resident_inputs,1,1,b005_0684,8,0.0019218999659642577
2,cpu,set_attention,forward_resident_inputs,1,1,b005_0654,3,0.002794200088828802
2,cpu,set_attention,forward_resident_inputs,1,1,b005_0688,4,0.0020816000178456306
2,cpu,set_attention,forward_resident_inputs,1,1,b005_0680,11,0.0025178000796586275
2,cpu,set_attention,forward_resident_inputs,1,1,b005_0690,5,0.002114000031724572
2,cpu,set_attention,forward_resident_inputs,1,1,b005_0660,8,0.0019015000434592366
2,cpu,set_attention,forward_resident_inputs,1,1,b005_0709,11,0.002527400036342442
2,cpu,set_attention,forward_resident_inputs,1,1,b005_0672,9,0.0021915000397711992
2,cpu,set_attention,forward_resident_inputs,1,1,b004_0029,1,0.0024332000175490975
2,cpu,set_attention,forward_resident_inputs,1,1,b004_0013,6,0.0020077999215573072
2,cpu,set_attention,forward_resident_inputs,1,1,b005_0070,6,0.001867000013589859
2,cpu,set_attention,forward_resident_inputs,1,1,b005_0004,13,0.0026216000551357865
2,cpu,set_attention,forward_resident_inputs,1,1,b005_0025,7,0.001992400037124753
2,cpu,set_attention,forward_resident_inputs,1,1,b005_0002,5,0.0020756000885739923
2,cpu,set_attention,forward_resident_inputs,1,1,b005_0047,2,0.002625199966132641
2,cpu,set_attention,forward_resident_inputs,1,1,b005_0033,15,0.0019176999339833856
2,cpu,set_attention,forward_resident_inputs,1,1,b005_0049,8,0.0027663999935612082
2,cpu,set_attention,forward_resident_inputs,1,1,b004_0065,3,0.0023621999425813556
2,cpu,set_attention,forward_resident_inputs,1,1,b004_0024,4,0.002280700020492077
2,cpu,set_attention,forward_resident_inputs,1,1,b005_0062,2,0.0024304999969899654
2,cpu,set_attention,forward_resident_inputs,1,1,b004_0082,5,0.002156800008378923
2,cpu,set_attention,forward_resident_inputs,1,1,b004_0022,2,0.00286400003824383
2,cpu,set_attention,forward_resident_inputs,1,1,b005_0065,8,0.0019035999430343509
2,cpu,set_attention,forward_resident_inputs,1,1,b004_0070,3,0.002087599947117269
2,cpu,set_attention,forward_resident_inputs,1,1,b005_0019,12,0.002251800033263862
2,cpu,set_attention,forward_resident_inputs,1,1,b004_0008,3,0.0018359000096097589
2,cpu,set_attention,forward_resident_inputs,1,1,b004_0006,3,0.001978099928237498
2,cpu,set_attention,forward_resident_inputs,1,1,b005_0040,3,0.002318799961358309
2,cpu,set_attention,forward_resident_inputs,1,1,b004_0039,8,0.0019307999173179269
2,cpu,set_attention,forward_resident_inputs,1,1,b004_0088,2,0.0021837999811396003
2,cpu,set_attention,forward_resident_inputs,1,1,b004_0012,5,0.0019769000355154276
2,cpu,set_attention,forward_resident_inputs,1,1,b004_0003,4,0.002079300000332296
2,cpu,set_attention,forward_resident_inputs,1,1,b004_0084,3,0.0025538000045344234
2,cpu,set_attention,forward_resident_inputs,1,1,b004_0259,5,0.001901600044220686
2,cpu,set_attention,forward_resident_inputs,1,1,b005_0185,15,0.0026944999117404222
2,cpu,set_attention,forward_resident_inputs,1,1,b005_0160,13,0.002294400008395314
2,cpu,set_attention,forward_resident_inputs,1,1,b005_0217,2,0.0019440000178292394
2,cpu,set_attention,forward_resident_inputs,1,1,b005_0205,11,0.0025985001120716333
2,cpu,set_attention,forward_resident_inputs,1,1,b005_0219,10,0.0019290000200271606
2,cpu,set_attention,forward_resident_inputs,1,1,b004_0313,4,0.0020243999315425754
2,cpu,set_attention,forward_resident_inputs,1,1,b005_0198,11,0.002205300028435886
2,cpu,set_attention,forward_resident_inputs,1,1,b005_0199,7,0.0026087999576702714
2,cpu,set_attention,forward_resident_inputs,1,1,b005_0211,4,0.0025719000259414315
2,cpu,set_attention,forward_resident_inputs,1,1,b005_0209,10,0.0020232999231666327
2,cpu,set_attention,forward_resident_inputs,1,1,b004_0140,3,0.0020207999041303992
2,cpu,set_attention,forward_resident_inputs,1,1,b005_0172,3,0.0023265999043360353
2,cpu,set_attention,forward_resident_inputs,1,1,b005_0181,12,0.0020178999984636903
2,cpu,set_attention,forward_resident_inputs,1,1,b004_0197,1,0.002320399973541498
2,cpu,set_attention,forward_resident_inputs,1,1,b005_0170,7,0.0025149999419227242
2,cpu,set_attention,forward_resident_inputs,1,1,b004_0181,4,0.0023990001063793898
2,cpu,set_attention,forward_resident_inputs,1,1,b005_0222,14,0.0024280999787151814
2,cpu,set_attention,forward_resident_inputs,1,1,b005_0196,12,0.0019554999889805913
2,cpu,set_attention,forward_resident_inputs,1,1,b004_0350,2,0.0025433999253436923
2,cpu,set_attention,forward_resident_inputs,1,1,b005_0273,11,0.0022191000171005726
2,cpu,set_attention,forward_resident_inputs,1,1,b005_0303,9,0.0029619999695569277
2,cpu,set_attention,forward_resident_inputs,1,1,b005_0266,11,0.002321199979633093
2,cpu,set_attention,forward_resident_inputs,1,1,b004_0168,6,0.002253900049254298
2,cpu,set_attention,forward_resident_inputs,1,1,b005_0290,10,0.0024818999227136374
2,cpu,set_attention,forward_resident_inputs,1,1,b004_0342,2,0.0019145000260323286
2,cpu,set_attention,forward_resident_inputs,1,1,b005_0310,1,0.002112700021825731
2,cpu,set_attention,forward_resident_inputs,1,1,b005_0231,8,0.002327099908143282
2,cpu,set_attention,forward_resident_inputs,1,1,b005_0302,14,0.0019516999600455165
2,cpu,set_attention,forward_resident_inputs,1,1,b005_0242,6,0.0022596000926569104
2,cpu,set_attention,forward_resident_inputs,1,1,b005_0298,2,0.0020502000115811825
2,cpu,set_attention,forward_resident_inputs,1,1,b004_0263,4,0.002014799974858761
2,cpu,set_attention,forward_resident_inputs,1,1,b005_0493,4,0.0024813999189063907
2,cpu,set_attention,forward_resident_inputs,1,1,b005_0503,5,0.002163900062441826
2,cpu,set_attention,forward_resident_inputs,1,1,b004_0282,5,0.0021965999621897936
2,cpu,set_attention,forward_resident_inputs,1,1,b005_0508,9,0.002234799903817475
2,cpu,set_attention,forward_resident_inputs,1,1,b005_0516,1,0.0019258999964222312
2,cpu,set_attention,forward_resident_inputs,1,1,b004_0300,5,0.0023161000572144985
2,cpu,set_attention,forward_resident_inputs,1,1,b004_0311,2,0.0019643999403342605
2,cpu,set_attention,forward_resident_inputs,1,1,b004_0108,6,0.0018916999688372016
2,cpu,set_attention,forward_resident_inputs,1,1,b005_0482,4,0.0027715000323951244
2,cpu,set_attention,forward_resident_inputs,1,1,b005_0545,14,0.002110700006596744
2,cpu,set_attention,forward_resident_inputs,1,1,b005_0537,5,0.002618500031530857
2,cpu,set_attention,forward_resident_inputs,1,1,b005_0548,5,0.0020542999263852835
2,cpu,set_attention,forward_resident_inputs,1,1,b005_0541,4,0.001968699973076582
2,cpu,set_attention,forward_resident_inputs,1,1,b004_0185,8,0.0026005000108852983
2,cpu,set_attention,forward_resident_inputs,1,1,b005_0505,1,0.0019060999620705843
2,cpu,set_attention,forward_resident_inputs,1,1,b005_0544,4,0.0029024999821558595
2,cpu,set_attention,forward_resident_inputs,1,1,b005_0513,9,0.0022603999823331833
2,cpu,set_attention,forward_resident_inputs,1,1,b004_0198,3,0.0019570000004023314
2,cpu,set_attention,forward_resident_inputs,1,1,b004_0154,8,0.002422700054012239
2,cpu,set_attention,forward_resident_inputs,1,1,b005_0345,4,0.00186959991697222
2,cpu,set_attention,forward_resident_inputs,1,1,b004_0106,3,0.0020921999821439385
2,cpu,set_attention,forward_resident_inputs,1,1,b005_0356,2,0.002294400008395314
2,cpu,set_attention,forward_resident_inputs,1,1,b004_0270,2,0.002317700069397688
2,cpu,set_attention,forward_resident_inputs,1,1,b005_0376,3,0.002511700033210218
2,cpu,set_attention,forward_resident_inputs,1,1,b005_0323,11,0.002345200045965612
2,cpu,set_attention,forward_resident_inputs,1,1,b005_0380,7,0.002344300039112568
2,cpu,set_attention,forward_resident_inputs,1,1,b004_0192,3,0.002276599989272654
2,cpu,set_attention,forward_resident_inputs,1,1,b005_0350,4,0.0020085000433027744
2,cpu,set_attention,forward_resident_inputs,1,1,b004_0115,3,0.002357000019401312
2,cpu,set_attention,forward_resident_inputs,1,1,b004_0367,5,0.0024278999771922827
2,cpu,set_attention,forward_resident_inputs,1,1,b004_0378,8,0.0021051999647170305
2,cpu,set_attention,forward_resident_inputs,1,1,b005_0361,8,0.002579099964350462
2,cpu,set_attention,forward_resident_inputs,1,1,b005_0378,11,0.0019938999321311712
2,cpu,set_attention,forward_resident_inputs,1,1,b005_0714,3,0.0023093000054359436
2,cpu,set_attention,forward_resident_inputs,1,1,b005_0792,6,0.0021010999334976077
2,cpu,set_attention,forward_resident_inputs,1,1,b005_0773,7,0.001998899970203638
2,cpu,set_attention,forward_resident_inputs,1,1,b005_0723,1,0.0036814999766647816
2,cpu,set_attention,forward_resident_inputs,1,1,b005_0799,8,0.00213939999230206
2,cpu,set_attention,forward_resident_inputs,1,1,b005_0786,2,0.003837199998088181
2,cpu,set_attention,forward_resident_inputs,1,1,b005_0783,4,0.002155900001525879
2,cpu,set_attention,forward_resident_inputs,1,1,b005_0805,10,0.0028981000650674105
2,cpu,set_attention,forward_resident_inputs,1,1,b005_0736,3,0.0021454000379890203
2,cpu,set_attention,forward_resident_inputs,1,1,b005_0758,8,0.003414300037547946
2,cpu,set_attention,forward_resident_inputs,1,1,b005_0737,15,0.0021194000728428364
2,cpu,set_attention,forward_resident_inputs,1,1,b005_0784,1,0.0029465999687090516
2,cpu,set_attention,forward_resident_inputs,1,1,b005_0733,1,0.0020471999887377024
2,cpu,set_attention,forward_resident_inputs,1,1,b005_0774,14,0.002195300068706274
2,cpu,set_attention,forward_resident_inputs,1,1,b005_0757,9,0.002353799995034933
2,cpu,set_attention,forward_resident_inputs,1,1,b005_0727,2,0.0027194999856874347
2,cpu,set_attention,common_input_to_host_output,1,1,b005_0092,3,0.0023645999608561397
2,cpu,set_attention,common_input_to_host_output,1,1,b004_0388,1,0.002768700011074543
2,cpu,set_attention,common_input_to_host_output,1,1,b004_0356,6,0.002275999984703958
2,cpu,set_attention,common_input_to_host_output,1,1,b005_0086,11,0.0027013999642804265
2,cpu,set_attention,common_input_to_host_output,1,1,b005_0119,7,0.00245039991568774
2,cpu,set_attention,common_input_to_host_output,1,1,b005_0098,7,0.0029088000301271677
2,cpu,set_attention,common_input_to_host_output,1,1,b004_0253,3,0.002634999924339354
2,cpu,set_attention,common_input_to_host_output,1,1,b005_0107,1,0.0021606000373139977
2,cpu,set_attention,common_input_to_host_output,1,1,b004_0277,8,0.002830799901857972
2,cpu,set_attention,common_input_to_host_output,1,1,b004_0258,4,0.0023671999806538224
2,cpu,set_attention,common_input_to_host_output,1,1,b005_0121,4,0.0034515000879764557
2,cpu,set_attention,common_input_to_host_output,1,1,b005_0087,5,0.0024942999007180333
2,cpu,set_attention,common_input_to_host_output,1,1,b005_0120,3,0.0027284000534564257
2,cpu,set_attention,common_input_to_host_output,1,1,b005_0133,13,0.002637699944898486
2,cpu,set_attention,common_input_to_host_output,1,1,b004_0244,1,0.0024717000778764486
2,cpu,set_attention,common_input_to_host_output,1,1,b005_0628,10,0.002436599927023053
2,cpu,set_attention,common_input_to_host_output,1,1,b005_0575,3,0.0024772000033408403
2,cpu,set_attention,common_input_to_host_output,1,1,b005_0569,4,0.0025646000867709517
2,cpu,set_attention,common_input_to_host_output,1,1,b005_0629,4,0.0021715000038966537
2,cpu,set_attention,common_input_to_host_output,1,1,b005_0651,14,0.0031364000169560313
2,cpu,set_attention,common_input_to_host_output,1,1,b005_0559,6,0.002344900043681264
2,cpu,set_attention,common_input_to_host_output,1,1,b005_0627,10,0.0027121000457555056
2,cpu,set_attention,common_input_to_host_output,1,1,b005_0610,7,0.0028383000753819942
2,cpu,set_attention,common_input_to_host_output,1,1,b005_0626,9,0.003117699990980327
2,cpu,set_attention,common_input_to_host_output,1,1,b005_0612,10,0.0026042000390589237
2,cpu,set_attention,common_input_to_host_output,1,1,b005_0554,8,0.0026192000368610024
2,cpu,set_attention,common_input_to_host_output,1,1,b005_0578,7,0.002386300009675324
2,cpu,set_attention,common_input_to_host_output,1,1,b005_0604,13,0.00273199996445328
2,cpu,set_attention,common_input_to_host_output,1,1,b005_0442,7,0.0030184000497683883
2,cpu,set_attention,common_input_to_host_output,1,1,b005_0470,3,0.002172799897380173
2,cpu,set_attention,common_input_to_host_output,1,1,b005_0446,9,0.0027918999549001455
2,cpu,set_attention,common_input_to_host_output,1,1,b005_0434,1,0.002098300028592348
2,cpu,set_attention,common_input_to_host_output,1,1,b005_0431,9,0.0027443000581115484
2,cpu,set_attention,common_input_to_host_output,1,1,b005_0460,2,0.002421800047159195
2,cpu,set_attention,common_input_to_host_output,1,1,b005_0438,5,0.0025460999459028244
2,cpu,set_attention,common_input_to_host_output,1,1,b005_0444,9,0.003016300033777952
2,cpu,set_attention,common_input_to_host_output,1,1,b004_0349,8,0.0032167999306693673
2,cpu,set_attention,common_input_to_host_output,1,1,b005_0465,10,0.0027129999361932278
2,cpu,set_attention,common_input_to_host_output,1,1,b004_0326,6,0.0029688000213354826
2,cpu,set_attention,common_input_to_host_output,1,1,b005_0418,4,0.002605800051242113
2,cpu,set_attention,common_input_to_host_output,1,1,b004_0217,2,0.0023913999320939183
2,cpu,set_attention,common_input_to_host_output,1,1,b004_0215,2,0.0025424999184906483
2,cpu,set_attention,common_input_to_host_output,1,1,b005_0449,10,0.0025350000942125916
2,cpu,set_attention,common_input_to_host_output,1,1,b004_0241,2,0.0028918000170961022
2,cpu,set_attention,common_input_to_host_output,1,1,b004_0321,1,0.0021425000159069896
2,cpu,set_attention,common_input_to_host_output,1,1,b005_0467,11,0.0030917999101802707
2,cpu,set_attention,common_input_to_host_output,1,1,b005_0684,8,0.002531199948862195
2,cpu,set_attention,common_input_to_host_output,1,1,b005_0654,3,0.003133299993351102
2,cpu,set_attention,common_input_to_host_output,1,1,b005_0688,4,0.0029037001077085733
2,cpu,set_attention,common_input_to_host_output,1,1,b005_0680,11,0.002916899975389242
2,cpu,set_attention,common_input_to_host_output,1,1,b005_0690,5,0.0025513999862596393
2,cpu,set_attention,common_input_to_host_output,1,1,b005_0660,8,0.002688199980184436
2,cpu,set_attention,common_input_to_host_output,1,1,b005_0709,11,0.0024905999889597297
2,cpu,set_attention,common_input_to_host_output,1,1,b005_0672,9,0.002338399994187057
2,cpu,set_attention,common_input_to_host_output,1,1,b004_0029,1,0.002898199949413538
2,cpu,set_attention,common_input_to_host_output,1,1,b004_0013,6,0.0022276999661698937
2,cpu,set_attention,common_input_to_host_output,1,1,b005_0070,6,0.002692700014449656
2,cpu,set_attention,common_input_to_host_output,1,1,b005_0004,13,0.002529099932871759
2,cpu,set_attention,common_input_to_host_output,1,1,b005_0025,7,0.0026284001069143414
2,cpu,set_attention,common_input_to_host_output,1,1,b005_0002,5,0.0023404000094160438
2,cpu,set_attention,common_input_to_host_output,1,1,b005_0047,2,0.0031036000000312924
2,cpu,set_attention,common_input_to_host_output,1,1,b005_0033,15,0.0030198999447748065
2,cpu,set_attention,common_input_to_host_output,1,1,b005_0049,8,0.0026190000353381038
2,cpu,set_attention,common_input_to_host_output,1,1,b004_0065,3,0.0024475998943671584
2,cpu,set_attention,common_input_to_host_output,1,1,b004_0024,4,0.0020825000246986747
2,cpu,set_attention,common_input_to_host_output,1,1,b005_0062,2,0.0026036000344902277
2,cpu,set_attention,common_input_to_host_output,1,1,b004_0082,5,0.002384799998253584
2,cpu,set_attention,common_input_to_host_output,1,1,b004_0022,2,0.0026785999070852995
2,cpu,set_attention,common_input_to_host_output,1,1,b005_0065,8,0.002431600005365908
2,cpu,set_attention,common_input_to_host_output,1,1,b004_0070,3,0.0023090000031515956
2,cpu,set_attention,common_input_to_host_output,1,1,b005_0019,12,0.0026949000312015414
2,cpu,set_attention,common_input_to_host_output,1,1,b004_0008,3,0.0020466999849304557
2,cpu,set_attention,common_input_to_host_output,1,1,b004_0006,3,0.0030372999608516693
2,cpu,set_attention,common_input_to_host_output,1,1,b005_0040,3,0.0025432000402361155
2,cpu,set_attention,common_input_to_host_output,1,1,b004_0039,8,0.0027477999683469534
2,cpu,set_attention,common_input_to_host_output,1,1,b004_0088,2,0.002176599926315248
2,cpu,set_attention,common_input_to_host_output,1,1,b004_0012,5,0.0023800000781193376
2,cpu,set_attention,common_input_to_host_output,1,1,b004_0003,4,0.002334599965251982
2,cpu,set_attention,common_input_to_host_output,1,1,b004_0084,3,0.0021306000417098403
2,cpu,set_attention,common_input_to_host_output,1,1,b004_0259,5,0.00291119993198663
2,cpu,set_attention,common_input_to_host_output,1,1,b005_0185,15,0.0027632000856101513
2,cpu,set_attention,common_input_to_host_output,1,1,b005_0160,13,0.003019199939444661
2,cpu,set_attention,common_input_to_host_output,1,1,b005_0217,2,0.002173700020648539
2,cpu,set_attention,common_input_to_host_output,1,1,b005_0205,11,0.0024736999766901135
2,cpu,set_attention,common_input_to_host_output,1,1,b005_0219,10,0.0024353000335395336
2,cpu,set_attention,common_input_to_host_output,1,1,b004_0313,4,0.002459699986502528
2,cpu,set_attention,common_input_to_host_output,1,1,b005_0198,11,0.002883999957703054
2,cpu,set_attention,common_input_to_host_output,1,1,b005_0199,7,0.0023909000447019935
2,cpu,set_attention,common_input_to_host_output,1,1,b005_0211,4,0.0027074000099673867
2,cpu,set_attention,common_input_to_host_output,1,1,b005_0209,10,0.00226239999756217
2,cpu,set_attention,common_input_to_host_output,1,1,b004_0140,3,0.002313300035893917
2,cpu,set_attention,common_input_to_host_output,1,1,b005_0172,3,0.002472899970598519
2,cpu,set_attention,common_input_to_host_output,1,1,b005_0181,12,0.0030943999299779534
2,cpu,set_attention,common_input_to_host_output,1,1,b004_0197,1,0.0025825999910011888
2,cpu,set_attention,common_input_to_host_output,1,1,b005_0170,7,0.0028899998869746923
2,cpu,set_attention,common_input_to_host_output,1,1,b004_0181,4,0.002580600092187524
2,cpu,set_attention,common_input_to_host_output,1,1,b005_0222,14,0.002548599964939058
2,cpu,set_attention,common_input_to_host_output,1,1,b005_0196,12,0.0033310999860987067
2,cpu,set_attention,common_input_to_host_output,1,1,b004_0350,2,0.0023804999655112624
2,cpu,set_attention,common_input_to_host_output,1,1,b005_0273,11,0.0030725999968126416
2,cpu,set_attention,common_input_to_host_output,1,1,b005_0303,9,0.002255300059914589
2,cpu,set_attention,common_input_to_host_output,1,1,b005_0266,11,0.002925700042396784
2,cpu,set_attention,common_input_to_host_output,1,1,b004_0168,6,0.002267200034111738
2,cpu,set_attention,common_input_to_host_output,1,1,b005_0290,10,0.003305200021713972
2,cpu,set_attention,common_input_to_host_output,1,1,b004_0342,2,0.0022959999041631818
2,cpu,set_attention,common_input_to_host_output,1,1,b005_0310,1,0.0021849999902769923
2,cpu,set_attention,common_input_to_host_output,1,1,b005_0231,8,0.0024618000024929643
2,cpu,set_attention,common_input_to_host_output,1,1,b005_0302,14,0.0024261000799015164
2,cpu,set_attention,common_input_to_host_output,1,1,b005_0242,6,0.0029097000369802117
2,cpu,set_attention,common_input_to_host_output,1,1,b005_0298,2,0.002427700092084706
2,cpu,set_attention,common_input_to_host_output,1,1,b004_0263,4,0.0027303999522700906
2,cpu,set_attention,common_input_to_host_output,1,1,b005_0493,4,0.0024800000246614218
2,cpu,set_attention,common_input_to_host_output,1,1,b005_0503,5,0.0024741999804973602
2,cpu,set_attention,common_input_to_host_output,1,1,b004_0282,5,0.00253649998921901
2,cpu,set_attention,common_input_to_host_output,1,1,b005_0508,9,0.0027817999944090843
2,cpu,set_attention,common_input_to_host_output,1,1,b005_0516,1,0.002530599944293499
2,cpu,set_attention,common_input_to_host_output,1,1,b004_0300,5,0.0021881000138819218
2,cpu,set_attention,common_input_to_host_output,1,1,b004_0311,2,0.002585700014606118
2,cpu,set_attention,common_input_to_host_output,1,1,b004_0108,6,0.0022835000418126583
2,cpu,set_attention,common_input_to_host_output,1,1,b005_0482,4,0.002374499919824302
2,cpu,set_attention,common_input_to_host_output,1,1,b005_0545,14,0.0027048999909311533
2,cpu,set_attention,common_input_to_host_output,1,1,b005_0537,5,0.002555099898017943
2,cpu,set_attention,common_input_to_host_output,1,1,b005_0548,5,0.0025522999931126833
2,cpu,set_attention,common_input_to_host_output,1,1,b005_0541,4,0.0021427999017760158
2,cpu,set_attention,common_input_to_host_output,1,1,b004_0185,8,0.0030740000074729323
2,cpu,set_attention,common_input_to_host_output,1,1,b005_0505,1,0.002469200058840215
2,cpu,set_attention,common_input_to_host_output,1,1,b005_0544,4,0.0032825999660417438
2,cpu,set_attention,common_input_to_host_output,1,1,b005_0513,9,0.0025293000508099794
2,cpu,set_attention,common_input_to_host_output,1,1,b004_0198,3,0.0027559000300243497
2,cpu,set_attention,common_input_to_host_output,1,1,b004_0154,8,0.0023242998868227005
2,cpu,set_attention,common_input_to_host_output,1,1,b005_0345,4,0.0025322999572381377
2,cpu,set_attention,common_input_to_host_output,1,1,b004_0106,3,0.0024051000364124775
2,cpu,set_attention,common_input_to_host_output,1,1,b005_0356,2,0.0024914999958127737
2,cpu,set_attention,common_input_to_host_output,1,1,b004_0270,2,0.003030100022442639
2,cpu,set_attention,common_input_to_host_output,1,1,b005_0376,3,0.0021982999751344323
2,cpu,set_attention,common_input_to_host_output,1,1,b005_0323,11,0.002938700024969876
2,cpu,set_attention,common_input_to_host_output,1,1,b005_0380,7,0.0023089000023901463
2,cpu,set_attention,common_input_to_host_output,1,1,b004_0192,3,0.0027395000215619802
2,cpu,set_attention,common_input_to_host_output,1,1,b005_0350,4,0.002644499996677041
2,cpu,set_attention,common_input_to_host_output,1,1,b004_0115,3,0.002693599904887378
2,cpu,set_attention,common_input_to_host_output,1,1,b004_0367,5,0.0025938000762835145
2,cpu,set_attention,common_input_to_host_output,1,1,b004_0378,8,0.0023378999903798103
2,cpu,set_attention,common_input_to_host_output,1,1,b005_0361,8,0.0028502000495791435
2,cpu,set_attention,common_input_to_host_output,1,1,b005_0378,11,0.0024794000200927258
2,cpu,set_attention,common_input_to_host_output,1,1,b005_0714,3,0.003047300036996603
2,cpu,set_attention,common_input_to_host_output,1,1,b005_0792,6,0.0022516000317409635
2,cpu,set_attention,common_input_to_host_output,1,1,b005_0773,7,0.0028827000642195344
2,cpu,set_attention,common_input_to_host_output,1,1,b005_0723,1,0.0020993000362068415
2,cpu,set_attention,common_input_to_host_output,1,1,b005_0799,8,0.002518500084988773
2,cpu,set_attention,common_input_to_host_output,1,1,b005_0786,2,0.002696800045669079
2,cpu,set_attention,common_input_to_host_output,1,1,b005_0783,4,0.0025163000682368875
2,cpu,set_attention,common_input_to_host_output,1,1,b005_0805,10,0.0027086999034509063
2,cpu,set_attention,common_input_to_host_output,1,1,b005_0736,3,0.0023328999523073435
2,cpu,set_attention,common_input_to_host_output,1,1,b005_0758,8,0.0032728000078350306
2,cpu,set_attention,common_input_to_host_output,1,1,b005_0737,15,0.0025972999865189195
2,cpu,set_attention,common_input_to_host_output,1,1,b005_0784,1,0.0029359000036492944
2,cpu,set_attention,common_input_to_host_output,1,1,b005_0733,1,0.002238700049929321
2,cpu,set_attention,common_input_to_host_output,1,1,b005_0774,14,0.003951899940147996
2,cpu,set_attention,common_input_to_host_output,1,1,b005_0757,9,0.002442200086079538
2,cpu,set_attention,common_input_to_host_output,1,1,b005_0727,2,0.0026983999414369464
2,cpu,set_attention,forward_resident_inputs,32,32,b005_0092|b004_0388|b004_0356|b005_0086|b005_0119|b005_0098|b004_0253|b005_0107|b004_0277|b004_0258|b005_0121|b005_0087|b005_0120|b005_0133|b004_0244|b005_0628|b005_0575|b005_0569|b005_0629|b005_0651|b005_0559|b005_0627|b005_0610|b005_0626|b005_0612|b005_0554|b005_0578|b005_0604|b005_0442|b005_0470|b005_0446|b005_0434,3|1|6|11|7|7|3|1|8|4|4|5|3|13|1|10|3|4|4|14|6|10|7|9|10|8|7|13|7|3|9|1,0.005667299963533878
2,cpu,set_attention,forward_resident_inputs,32,32,b005_0431|b005_0460|b005_0438|b005_0444|b004_0349|b005_0465|b004_0326|b005_0418|b004_0217|b004_0215|b005_0449|b004_0241|b004_0321|b005_0467|b005_0684|b005_0654|b005_0688|b005_0680|b005_0690|b005_0660|b005_0709|b005_0672|b004_0029|b004_0013|b005_0070|b005_0004|b005_0025|b005_0002|b005_0047|b005_0033|b005_0049|b004_0065,9|2|5|9|8|10|6|4|2|2|10|2|1|11|8|3|4|11|5|8|11|9|1|6|6|13|7|5|2|15|8|3,0.005944599979557097
2,cpu,set_attention,forward_resident_inputs,32,32,b004_0024|b005_0062|b004_0082|b004_0022|b005_0065|b004_0070|b005_0019|b004_0008|b004_0006|b005_0040|b004_0039|b004_0088|b004_0012|b004_0003|b004_0084|b004_0259|b005_0185|b005_0160|b005_0217|b005_0205|b005_0219|b004_0313|b005_0198|b005_0199|b005_0211|b005_0209|b004_0140|b005_0172|b005_0181|b004_0197|b005_0170|b004_0181,4|2|5|2|8|3|12|3|3|3|8|2|5|4|3|5|15|13|2|11|10|4|11|7|4|10|3|3|12|1|7|4,0.006345900008454919
2,cpu,set_attention,forward_resident_inputs,32,32,b005_0222|b005_0196|b004_0350|b005_0273|b005_0303|b005_0266|b004_0168|b005_0290|b004_0342|b005_0310|b005_0231|b005_0302|b005_0242|b005_0298|b004_0263|b005_0493|b005_0503|b004_0282|b005_0508|b005_0516|b004_0300|b004_0311|b004_0108|b005_0482|b005_0545|b005_0537|b005_0548|b005_0541|b004_0185|b005_0505|b005_0544|b005_0513,14|12|2|11|9|11|6|10|2|1|8|14|6|2|4|4|5|5|9|1|5|2|6|4|14|5|5|4|8|1|4|9,0.0056714999955147505
2,cpu,set_attention,forward_resident_inputs,32,32,b004_0198|b004_0154|b005_0345|b004_0106|b005_0356|b004_0270|b005_0376|b005_0323|b005_0380|b004_0192|b005_0350|b004_0115|b004_0367|b004_0378|b005_0361|b005_0378|b005_0714|b005_0792|b005_0773|b005_0723|b005_0799|b005_0786|b005_0783|b005_0805|b005_0736|b005_0758|b005_0737|b005_0784|b005_0733|b005_0774|b005_0757|b005_0727,3|8|4|3|2|2|3|11|7|3|4|3|5|8|8|11|3|6|7|1|8|2|4|10|3|8|15|1|1|14|9|2,0.006034600082784891
2,cpu,set_attention,common_input_to_host_output,32,32,b005_0092|b004_0388|b004_0356|b005_0086|b005_0119|b005_0098|b004_0253|b005_0107|b004_0277|b004_0258|b005_0121|b005_0087|b005_0120|b005_0133|b004_0244|b005_0628|b005_0575|b005_0569|b005_0629|b005_0651|b005_0559|b005_0627|b005_0610|b005_0626|b005_0612|b005_0554|b005_0578|b005_0604|b005_0442|b005_0470|b005_0446|b005_0434,3|1|6|11|7|7|3|1|8|4|4|5|3|13|1|10|3|4|4|14|6|10|7|9|10|8|7|13|7|3|9|1,0.014625299954786897
2,cpu,set_attention,common_input_to_host_output,32,32,b005_0431|b005_0460|b005_0438|b005_0444|b004_0349|b005_0465|b004_0326|b005_0418|b004_0217|b004_0215|b005_0449|b004_0241|b004_0321|b005_0467|b005_0684|b005_0654|b005_0688|b005_0680|b005_0690|b005_0660|b005_0709|b005_0672|b004_0029|b004_0013|b005_0070|b005_0004|b005_0025|b005_0002|b005_0047|b005_0033|b005_0049|b004_0065,9|2|5|9|8|10|6|4|2|2|10|2|1|11|8|3|4|11|5|8|11|9|1|6|6|13|7|5|2|15|8|3,0.014001399977132678
2,cpu,set_attention,common_input_to_host_output,32,32,b004_0024|b005_0062|b004_0082|b004_0022|b005_0065|b004_0070|b005_0019|b004_0008|b004_0006|b005_0040|b004_0039|b004_0088|b004_0012|b004_0003|b004_0084|b004_0259|b005_0185|b005_0160|b005_0217|b005_0205|b005_0219|b004_0313|b005_0198|b005_0199|b005_0211|b005_0209|b004_0140|b005_0172|b005_0181|b004_0197|b005_0170|b004_0181,4|2|5|2|8|3|12|3|3|3|8|2|5|4|3|5|15|13|2|11|10|4|11|7|4|10|3|3|12|1|7|4,0.01254200004041195
2,cpu,set_attention,common_input_to_host_output,32,32,b005_0222|b005_0196|b004_0350|b005_0273|b005_0303|b005_0266|b004_0168|b005_0290|b004_0342|b005_0310|b005_0231|b005_0302|b005_0242|b005_0298|b004_0263|b005_0493|b005_0503|b004_0282|b005_0508|b005_0516|b004_0300|b004_0311|b004_0108|b005_0482|b005_0545|b005_0537|b005_0548|b005_0541|b004_0185|b005_0505|b005_0544|b005_0513,14|12|2|11|9|11|6|10|2|1|8|14|6|2|4|4|5|5|9|1|5|2|6|4|14|5|5|4|8|1|4|9,0.01351530000101775
2,cpu,set_attention,common_input_to_host_output,32,32,b004_0198|b004_0154|b005_0345|b004_0106|b005_0356|b004_0270|b005_0376|b005_0323|b005_0380|b004_0192|b005_0350|b004_0115|b004_0367|b004_0378|b005_0361|b005_0378|b005_0714|b005_0792|b005_0773|b005_0723|b005_0799|b005_0786|b005_0783|b005_0805|b005_0736|b005_0758|b005_0737|b005_0784|b005_0733|b005_0774|b005_0757|b005_0727,3|8|4|3|2|2|3|11|7|3|4|3|5|8|8|11|3|6|7|1|8|2|4|10|3|8|15|1|1|14|9|2,0.01265589997638017
2,cpu,capacity_matched_deepsets,forward_resident_inputs,1,1,b005_0092,3,0.001105399918742478
2,cpu,capacity_matched_deepsets,forward_resident_inputs,1,1,b004_0388,1,0.0009705000557005405
2,cpu,capacity_matched_deepsets,forward_resident_inputs,1,1,b004_0356,6,0.0012054999824613333
2,cpu,capacity_matched_deepsets,forward_resident_inputs,1,1,b005_0086,11,0.0014977999962866306
2,cpu,capacity_matched_deepsets,forward_resident_inputs,1,1,b005_0119,7,0.0011893999762833118
2,cpu,capacity_matched_deepsets,forward_resident_inputs,1,1,b005_0098,7,0.0013152000028640032
2,cpu,capacity_matched_deepsets,forward_resident_inputs,1,1,b004_0253,3,0.001055500004440546
2,cpu,capacity_matched_deepsets,forward_resident_inputs,1,1,b005_0107,1,0.0013821999309584498
2,cpu,capacity_matched_deepsets,forward_resident_inputs,1,1,b004_0277,8,0.0016548000276088715
2,cpu,capacity_matched_deepsets,forward_resident_inputs,1,1,b004_0258,4,0.0013673000503331423
2,cpu,capacity_matched_deepsets,forward_resident_inputs,1,1,b005_0121,4,0.001084199990145862
2,cpu,capacity_matched_deepsets,forward_resident_inputs,1,1,b005_0087,5,0.0013432999840006232
2,cpu,capacity_matched_deepsets,forward_resident_inputs,1,1,b005_0120,3,0.0019990999717265368
2,cpu,capacity_matched_deepsets,forward_resident_inputs,1,1,b005_0133,13,0.0013407999649643898
2,cpu,capacity_matched_deepsets,forward_resident_inputs,1,1,b004_0244,1,0.0009922001045197248
2,cpu,capacity_matched_deepsets,forward_resident_inputs,1,1,b005_0628,10,0.0012772999471053481
2,cpu,capacity_matched_deepsets,forward_resident_inputs,1,1,b005_0575,3,0.0013310000067576766
2,cpu,capacity_matched_deepsets,forward_resident_inputs,1,1,b005_0569,4,0.001304500037804246
2,cpu,capacity_matched_deepsets,forward_resident_inputs,1,1,b005_0629,4,0.0010688999900594354
2,cpu,capacity_matched_deepsets,forward_resident_inputs,1,1,b005_0651,14,0.0010895999148488045
2,cpu,capacity_matched_deepsets,forward_resident_inputs,1,1,b005_0559,6,0.0013337000273168087
2,cpu,capacity_matched_deepsets,forward_resident_inputs,1,1,b005_0627,10,0.001388799981214106
2,cpu,capacity_matched_deepsets,forward_resident_inputs,1,1,b005_0610,7,0.0011301999911665916
2,cpu,capacity_matched_deepsets,forward_resident_inputs,1,1,b005_0626,9,0.0010241999989375472
2,cpu,capacity_matched_deepsets,forward_resident_inputs,1,1,b005_0612,10,0.0010013999417424202
2,cpu,capacity_matched_deepsets,forward_resident_inputs,1,1,b005_0554,8,0.0012597000459209085
2,cpu,capacity_matched_deepsets,forward_resident_inputs,1,1,b005_0578,7,0.0012709998991340399
2,cpu,capacity_matched_deepsets,forward_resident_inputs,1,1,b005_0604,13,0.0012691000010818243
2,cpu,capacity_matched_deepsets,forward_resident_inputs,1,1,b005_0442,7,0.0010520999785512686
2,cpu,capacity_matched_deepsets,forward_resident_inputs,1,1,b005_0470,3,0.0010664999717846513
2,cpu,capacity_matched_deepsets,forward_resident_inputs,1,1,b005_0446,9,0.0015421999851241708
2,cpu,capacity_matched_deepsets,forward_resident_inputs,1,1,b005_0434,1,0.0012209000997245312
2,cpu,capacity_matched_deepsets,forward_resident_inputs,1,1,b005_0431,9,0.0012854000087827444
2,cpu,capacity_matched_deepsets,forward_resident_inputs,1,1,b005_0460,2,0.0010781999444589019
2,cpu,capacity_matched_deepsets,forward_resident_inputs,1,1,b005_0438,5,0.0012626999523490667
2,cpu,capacity_matched_deepsets,forward_resident_inputs,1,1,b005_0444,9,0.0014451999450102448
2,cpu,capacity_matched_deepsets,forward_resident_inputs,1,1,b004_0349,8,0.0011118000838905573
2,cpu,capacity_matched_deepsets,forward_resident_inputs,1,1,b005_0465,10,0.0010379999876022339
2,cpu,capacity_matched_deepsets,forward_resident_inputs,1,1,b004_0326,6,0.0010014999425038695
2,cpu,capacity_matched_deepsets,forward_resident_inputs,1,1,b005_0418,4,0.0013255999656394124
2,cpu,capacity_matched_deepsets,forward_resident_inputs,1,1,b004_0217,2,0.0013238999526947737
2,cpu,capacity_matched_deepsets,forward_resident_inputs,1,1,b004_0215,2,0.0011888000881299376
2,cpu,capacity_matched_deepsets,forward_resident_inputs,1,1,b005_0449,10,0.0010596000356599689
2,cpu,capacity_matched_deepsets,forward_resident_inputs,1,1,b004_0241,2,0.001294099958613515
2,cpu,capacity_matched_deepsets,forward_resident_inputs,1,1,b004_0321,1,0.00169039994943887
2,cpu,capacity_matched_deepsets,forward_resident_inputs,1,1,b005_0467,11,0.001409500022418797
2,cpu,capacity_matched_deepsets,forward_resident_inputs,1,1,b005_0684,8,0.0011975000379607081
2,cpu,capacity_matched_deepsets,forward_resident_inputs,1,1,b005_0654,3,0.0011297999881207943
2,cpu,capacity_matched_deepsets,forward_resident_inputs,1,1,b005_0688,4,0.0013691999483853579
2,cpu,capacity_matched_deepsets,forward_resident_inputs,1,1,b005_0680,11,0.0013102999655529857
2,cpu,capacity_matched_deepsets,forward_resident_inputs,1,1,b005_0690,5,0.0010463999351486564
2,cpu,capacity_matched_deepsets,forward_resident_inputs,1,1,b005_0660,8,0.0010112000163644552
2,cpu,capacity_matched_deepsets,forward_resident_inputs,1,1,b005_0709,11,0.0009956000139936805
2,cpu,capacity_matched_deepsets,forward_resident_inputs,1,1,b005_0672,9,0.0015113999834284186
2,cpu,capacity_matched_deepsets,forward_resident_inputs,1,1,b004_0029,1,0.0010697999969124794
2,cpu,capacity_matched_deepsets,forward_resident_inputs,1,1,b004_0013,6,0.0014274000423029065
2,cpu,capacity_matched_deepsets,forward_resident_inputs,1,1,b005_0070,6,0.0011118999682366848
2,cpu,capacity_matched_deepsets,forward_resident_inputs,1,1,b005_0004,13,0.001248599961400032
2,cpu,capacity_matched_deepsets,forward_resident_inputs,1,1,b005_0025,7,0.0014006000710651278
2,cpu,capacity_matched_deepsets,forward_resident_inputs,1,1,b005_0002,5,0.0012287999270483851
2,cpu,capacity_matched_deepsets,forward_resident_inputs,1,1,b005_0047,2,0.0011065000435337424
2,cpu,capacity_matched_deepsets,forward_resident_inputs,1,1,b005_0033,15,0.0010596000356599689
2,cpu,capacity_matched_deepsets,forward_resident_inputs,1,1,b005_0049,8,0.0012762000551447272
2,cpu,capacity_matched_deepsets,forward_resident_inputs,1,1,b004_0065,3,0.0013099999632686377
2,cpu,capacity_matched_deepsets,forward_resident_inputs,1,1,b004_0024,4,0.0011802000226452947
2,cpu,capacity_matched_deepsets,forward_resident_inputs,1,1,b005_0062,2,0.001000800053589046
2,cpu,capacity_matched_deepsets,forward_resident_inputs,1,1,b004_0082,5,0.0010131000308319926
2,cpu,capacity_matched_deepsets,forward_resident_inputs,1,1,b004_0022,2,0.0012841999996453524
2,cpu,capacity_matched_deepsets,forward_resident_inputs,1,1,b005_0065,8,0.0014479999663308263
2,cpu,capacity_matched_deepsets,forward_resident_inputs,1,1,b004_0070,3,0.0011709000682458282
2,cpu,capacity_matched_deepsets,forward_resident_inputs,1,1,b005_0019,12,0.0011576999677345157
2,cpu,capacity_matched_deepsets,forward_resident_inputs,1,1,b004_0008,3,0.0011087999446317554
2,cpu,capacity_matched_deepsets,forward_resident_inputs,1,1,b004_0006,3,0.0014708000235259533
2,cpu,capacity_matched_deepsets,forward_resident_inputs,1,1,b005_0040,3,0.001156899961642921
2,cpu,capacity_matched_deepsets,forward_resident_inputs,1,1,b004_0039,8,0.001059299916960299
2,cpu,capacity_matched_deepsets,forward_resident_inputs,1,1,b004_0088,2,0.0009753999765962362
2,cpu,capacity_matched_deepsets,forward_resident_inputs,1,1,b004_0012,5,0.0010525999823585153
2,cpu,capacity_matched_deepsets,forward_resident_inputs,1,1,b004_0003,4,0.0013002000050619245
2,cpu,capacity_matched_deepsets,forward_resident_inputs,1,1,b004_0084,3,0.0010655999649316072
2,cpu,capacity_matched_deepsets,forward_resident_inputs,1,1,b004_0259,5,0.0010053000878542662
2,cpu,capacity_matched_deepsets,forward_resident_inputs,1,1,b005_0185,15,0.0011212000390514731
2,cpu,capacity_matched_deepsets,forward_resident_inputs,1,1,b005_0160,13,0.0016087000258266926
2,cpu,capacity_matched_deepsets,forward_resident_inputs,1,1,b005_0217,2,0.0014473999617621303
2,cpu,capacity_matched_deepsets,forward_resident_inputs,1,1,b005_0205,11,0.001092200051061809
2,cpu,capacity_matched_deepsets,forward_resident_inputs,1,1,b005_0219,10,0.0010091000003740191
2,cpu,capacity_matched_deepsets,forward_resident_inputs,1,1,b004_0313,4,0.001052499981597066
2,cpu,capacity_matched_deepsets,forward_resident_inputs,1,1,b005_0198,11,0.0013503000373020768
2,cpu,capacity_matched_deepsets,forward_resident_inputs,1,1,b005_0199,7,0.0012980999890714884
2,cpu,capacity_matched_deepsets,forward_resident_inputs,1,1,b005_0211,4,0.0010754000395536423
2,cpu,capacity_matched_deepsets,forward_resident_inputs,1,1,b005_0209,10,0.0010109998984262347
2,cpu,capacity_matched_deepsets,forward_resident_inputs,1,1,b004_0140,3,0.0009880000725388527
2,cpu,capacity_matched_deepsets,forward_resident_inputs,1,1,b005_0172,3,0.001258599921129644
2,cpu,capacity_matched_deepsets,forward_resident_inputs,1,1,b005_0181,12,0.001256600022315979
2,cpu,capacity_matched_deepsets,forward_resident_inputs,1,1,b004_0197,1,0.0010063000954687595
2,cpu,capacity_matched_deepsets,forward_resident_inputs,1,1,b005_0170,7,0.0013280999846756458
2,cpu,capacity_matched_deepsets,forward_resident_inputs,1,1,b004_0181,4,0.0014135000528767705
2,cpu,capacity_matched_deepsets,forward_resident_inputs,1,1,b005_0222,14,0.001610900042578578
2,cpu,capacity_matched_deepsets,forward_resident_inputs,1,1,b005_0196,12,0.0011544999433681369
2,cpu,capacity_matched_deepsets,forward_resident_inputs,1,1,b004_0350,2,0.0009886999614536762
2,cpu,capacity_matched_deepsets,forward_resident_inputs,1,1,b005_0273,11,0.0010154999326914549
2,cpu,capacity_matched_deepsets,forward_resident_inputs,1,1,b005_0303,9,0.001304800040088594
2,cpu,capacity_matched_deepsets,forward_resident_inputs,1,1,b005_0266,11,0.0013761000009253621
2,cpu,capacity_matched_deepsets,forward_resident_inputs,1,1,b004_0168,6,0.0010970999719575047
2,cpu,capacity_matched_deepsets,forward_resident_inputs,1,1,b005_0290,10,0.0010436999145895243
2,cpu,capacity_matched_deepsets,forward_resident_inputs,1,1,b004_0342,2,0.0010348999639973044
2,cpu,capacity_matched_deepsets,forward_resident_inputs,1,1,b005_0310,1,0.0012339999666437507
2,cpu,capacity_matched_deepsets,forward_resident_inputs,1,1,b005_0231,8,0.0016388000221922994
2,cpu,capacity_matched_deepsets,forward_resident_inputs,1,1,b005_0302,14,0.001397400046698749
2,cpu,capacity_matched_deepsets,forward_resident_inputs,1,1,b005_0242,6,0.001262799953110516
2,cpu,capacity_matched_deepsets,forward_resident_inputs,1,1,b005_0298,2,0.0012685999972745776
2,cpu,capacity_matched_deepsets,forward_resident_inputs,1,1,b004_0263,4,0.0013423999771475792
2,cpu,capacity_matched_deepsets,forward_resident_inputs,1,1,b005_0493,4,0.0012517999857664108
2,cpu,capacity_matched_deepsets,forward_resident_inputs,1,1,b005_0503,5,0.0011639000149443746
2,cpu,capacity_matched_deepsets,forward_resident_inputs,1,1,b004_0282,5,0.0010710000060498714
2,cpu,capacity_matched_deepsets,forward_resident_inputs,1,1,b005_0508,9,0.0014094000216573477
2,cpu,capacity_matched_deepsets,forward_resident_inputs,1,1,b005_0516,1,0.0012116000289097428
2,cpu,capacity_matched_deepsets,forward_resident_inputs,1,1,b004_0300,5,0.0011131999781355262
2,cpu,capacity_matched_deepsets,forward_resident_inputs,1,1,b004_0311,2,0.001007299986667931
2,cpu,capacity_matched_deepsets,forward_resident_inputs,1,1,b004_0108,6,0.0013170000165700912
2,cpu,capacity_matched_deepsets,forward_resident_inputs,1,1,b005_0482,4,0.0015838000690564513
2,cpu,capacity_matched_deepsets,forward_resident_inputs,1,1,b005_0545,14,0.0011390000581741333
2,cpu,capacity_matched_deepsets,forward_resident_inputs,1,1,b005_0537,5,0.0010151000460609794
2,cpu,capacity_matched_deepsets,forward_resident_inputs,1,1,b005_0548,5,0.001039800001308322
2,cpu,capacity_matched_deepsets,forward_resident_inputs,1,1,b005_0541,4,0.0012538000009953976
2,cpu,capacity_matched_deepsets,forward_resident_inputs,1,1,b004_0185,8,0.0014987000031396747
2,cpu,capacity_matched_deepsets,forward_resident_inputs,1,1,b005_0505,1,0.0010464000515639782
2,cpu,capacity_matched_deepsets,forward_resident_inputs,1,1,b005_0544,4,0.0011074000503867865
2,cpu,capacity_matched_deepsets,forward_resident_inputs,1,1,b005_0513,9,0.0010618999367579818
2,cpu,capacity_matched_deepsets,forward_resident_inputs,1,1,b004_0198,3,0.001271400018595159
2,cpu,capacity_matched_deepsets,forward_resident_inputs,1,1,b004_0154,8,0.0013612000038847327
2,cpu,capacity_matched_deepsets,forward_resident_inputs,1,1,b005_0345,4,0.0012923000613227487
2,cpu,capacity_matched_deepsets,forward_resident_inputs,1,1,b004_0106,3,0.001294699963182211
2,cpu,capacity_matched_deepsets,forward_resident_inputs,1,1,b005_0356,2,0.0012165999505668879
2,cpu,capacity_matched_deepsets,forward_resident_inputs,1,1,b004_0270,2,0.0014616999542340636
2,cpu,capacity_matched_deepsets,forward_resident_inputs,1,1,b005_0376,3,0.0012070999946445227
2,cpu,capacity_matched_deepsets,forward_resident_inputs,1,1,b005_0323,11,0.0012586000375449657
2,cpu,capacity_matched_deepsets,forward_resident_inputs,1,1,b005_0380,7,0.0010554000036790967
2,cpu,capacity_matched_deepsets,forward_resident_inputs,1,1,b004_0192,3,0.0012270999141037464
2,cpu,capacity_matched_deepsets,forward_resident_inputs,1,1,b005_0350,4,0.00136160000693053
2,cpu,capacity_matched_deepsets,forward_resident_inputs,1,1,b004_0115,3,0.001106100040487945
2,cpu,capacity_matched_deepsets,forward_resident_inputs,1,1,b004_0367,5,0.0010847999947145581
2,cpu,capacity_matched_deepsets,forward_resident_inputs,1,1,b004_0378,8,0.0010414000134915113
2,cpu,capacity_matched_deepsets,forward_resident_inputs,1,1,b005_0361,8,0.0016870999243110418
2,cpu,capacity_matched_deepsets,forward_resident_inputs,1,1,b005_0378,11,0.0013975000474601984
2,cpu,capacity_matched_deepsets,forward_resident_inputs,1,1,b005_0714,3,0.0011009000008925796
2,cpu,capacity_matched_deepsets,forward_resident_inputs,1,1,b005_0792,6,0.0010691999923437834
2,cpu,capacity_matched_deepsets,forward_resident_inputs,1,1,b005_0773,7,0.001305100042372942
2,cpu,capacity_matched_deepsets,forward_resident_inputs,1,1,b005_0723,1,0.0013655999209731817
2,cpu,capacity_matched_deepsets,forward_resident_inputs,1,1,b005_0799,8,0.0011229000519961119
2,cpu,capacity_matched_deepsets,forward_resident_inputs,1,1,b005_0786,2,0.0009931999957188964
2,cpu,capacity_matched_deepsets,forward_resident_inputs,1,1,b005_0783,4,0.0010797999566420913
2,cpu,capacity_matched_deepsets,forward_resident_inputs,1,1,b005_0805,10,0.001348499907180667
2,cpu,capacity_matched_deepsets,forward_resident_inputs,1,1,b005_0736,3,0.0012681999942287803
2,cpu,capacity_matched_deepsets,forward_resident_inputs,1,1,b005_0758,8,0.0011215000413358212
2,cpu,capacity_matched_deepsets,forward_resident_inputs,1,1,b005_0737,15,0.0012255000183358788
2,cpu,capacity_matched_deepsets,forward_resident_inputs,1,1,b005_0784,1,0.0010024000657722354
2,cpu,capacity_matched_deepsets,forward_resident_inputs,1,1,b005_0733,1,0.0015552000841125846
2,cpu,capacity_matched_deepsets,forward_resident_inputs,1,1,b005_0774,14,0.0012507999781519175
2,cpu,capacity_matched_deepsets,forward_resident_inputs,1,1,b005_0757,9,0.0011301999911665916
2,cpu,capacity_matched_deepsets,forward_resident_inputs,1,1,b005_0727,2,0.0011424999684095383
2,cpu,capacity_matched_deepsets,common_input_to_host_output,1,1,b005_0092,3,0.0012803999707102776
2,cpu,capacity_matched_deepsets,common_input_to_host_output,1,1,b004_0388,1,0.0011750999838113785
2,cpu,capacity_matched_deepsets,common_input_to_host_output,1,1,b004_0356,6,0.0018051000079140067
2,cpu,capacity_matched_deepsets,common_input_to_host_output,1,1,b005_0086,11,0.0019271000055596232
2,cpu,capacity_matched_deepsets,common_input_to_host_output,1,1,b005_0119,7,0.001558799995109439
2,cpu,capacity_matched_deepsets,common_input_to_host_output,1,1,b005_0098,7,0.002188700018450618
2,cpu,capacity_matched_deepsets,common_input_to_host_output,1,1,b004_0253,3,0.0016949999844655395
2,cpu,capacity_matched_deepsets,common_input_to_host_output,1,1,b005_0107,1,0.0012215999886393547
2,cpu,capacity_matched_deepsets,common_input_to_host_output,1,1,b004_0277,8,0.001680399989709258
2,cpu,capacity_matched_deepsets,common_input_to_host_output,1,1,b004_0258,4,0.0017265999922528863
2,cpu,capacity_matched_deepsets,common_input_to_host_output,1,1,b005_0121,4,0.0013711999636143446
2,cpu,capacity_matched_deepsets,common_input_to_host_output,1,1,b005_0087,5,0.001283199992030859
2,cpu,capacity_matched_deepsets,common_input_to_host_output,1,1,b005_0120,3,0.001364499912597239
2,cpu,capacity_matched_deepsets,common_input_to_host_output,1,1,b005_0133,13,0.0022411999525502324
2,cpu,capacity_matched_deepsets,common_input_to_host_output,1,1,b004_0244,1,0.0012623999500647187
2,cpu,capacity_matched_deepsets,common_input_to_host_output,1,1,b005_0628,10,0.0016002999618649483
2,cpu,capacity_matched_deepsets,common_input_to_host_output,1,1,b005_0575,3,0.0017807000549510121
2,cpu,capacity_matched_deepsets,common_input_to_host_output,1,1,b005_0569,4,0.001459800056181848
2,cpu,capacity_matched_deepsets,common_input_to_host_output,1,1,b005_0629,4,0.0012639999622479081
2,cpu,capacity_matched_deepsets,common_input_to_host_output,1,1,b005_0651,14,0.001663499977439642
2,cpu,capacity_matched_deepsets,common_input_to_host_output,1,1,b005_0559,6,0.0017730999970808625
2,cpu,capacity_matched_deepsets,common_input_to_host_output,1,1,b005_0627,10,0.001550499931909144
2,cpu,capacity_matched_deepsets,common_input_to_host_output,1,1,b005_0610,7,0.0014416000340133905
2,cpu,capacity_matched_deepsets,common_input_to_host_output,1,1,b005_0626,9,0.002368199988268316
2,cpu,capacity_matched_deepsets,common_input_to_host_output,1,1,b005_0612,10,0.0017979000695049763
2,cpu,capacity_matched_deepsets,common_input_to_host_output,1,1,b005_0554,8,0.0015261999797075987
2,cpu,capacity_matched_deepsets,common_input_to_host_output,1,1,b005_0578,7,0.0017510999459773302
2,cpu,capacity_matched_deepsets,common_input_to_host_output,1,1,b005_0604,13,0.002212399966083467
2,cpu,capacity_matched_deepsets,common_input_to_host_output,1,1,b005_0442,7,0.0014314999571070075
2,cpu,capacity_matched_deepsets,common_input_to_host_output,1,1,b005_0470,3,0.0012610000558197498
2,cpu,capacity_matched_deepsets,common_input_to_host_output,1,1,b005_0446,9,0.0018338999943807721
2,cpu,capacity_matched_deepsets,common_input_to_host_output,1,1,b005_0434,1,0.0013522000517696142
2,cpu,capacity_matched_deepsets,common_input_to_host_output,1,1,b005_0431,9,0.001664699986577034
2,cpu,capacity_matched_deepsets,common_input_to_host_output,1,1,b005_0460,2,0.0012894000392407179
2,cpu,capacity_matched_deepsets,common_input_to_host_output,1,1,b005_0438,5,0.0017545000882819295
2,cpu,capacity_matched_deepsets,common_input_to_host_output,1,1,b005_0444,9,0.001523400074802339
2,cpu,capacity_matched_deepsets,common_input_to_host_output,1,1,b004_0349,8,0.0014594000531360507
2,cpu,capacity_matched_deepsets,common_input_to_host_output,1,1,b005_0465,10,0.0017331999260932207
2,cpu,capacity_matched_deepsets,common_input_to_host_output,1,1,b004_0326,6,0.0016905000666156411
2,cpu,capacity_matched_deepsets,common_input_to_host_output,1,1,b005_0418,4,0.0013285999884828925
2,cpu,capacity_matched_deepsets,common_input_to_host_output,1,1,b004_0217,2,0.001214300049468875
2,cpu,capacity_matched_deepsets,common_input_to_host_output,1,1,b004_0215,2,0.0016956999897956848
2,cpu,capacity_matched_deepsets,common_input_to_host_output,1,1,b005_0449,10,0.001934699947014451
2,cpu,capacity_matched_deepsets,common_input_to_host_output,1,1,b004_0241,2,0.0013825000496581197
2,cpu,capacity_matched_deepsets,common_input_to_host_output,1,1,b004_0321,1,0.0011750999838113785
2,cpu,capacity_matched_deepsets,common_input_to_host_output,1,1,b005_0467,11,0.0018747999565675855
2,cpu,capacity_matched_deepsets,common_input_to_host_output,1,1,b005_0684,8,0.0015200000489130616
2,cpu,capacity_matched_deepsets,common_input_to_host_output,1,1,b005_0654,3,0.0013099000789225101
2,cpu,capacity_matched_deepsets,common_input_to_host_output,1,1,b005_0688,4,0.0012633000733330846
2,cpu,capacity_matched_deepsets,common_input_to_host_output,1,1,b005_0680,11,0.0019538000924512744
2,cpu,capacity_matched_deepsets,common_input_to_host_output,1,1,b005_0690,5,0.001401199959218502
2,cpu,capacity_matched_deepsets,common_input_to_host_output,1,1,b005_0660,8,0.0017318000318482518
2,cpu,capacity_matched_deepsets,common_input_to_host_output,1,1,b005_0709,11,0.0019334000535309315
2,cpu,capacity_matched_deepsets,common_input_to_host_output,1,1,b005_0672,9,0.0016392000252380967
2,cpu,capacity_matched_deepsets,common_input_to_host_output,1,1,b004_0029,1,0.001221099984832108
2,cpu,capacity_matched_deepsets,common_input_to_host_output,1,1,b004_0013,6,0.0013066999381408095
2,cpu,capacity_matched_deepsets,common_input_to_host_output,1,1,b005_0070,6,0.001693999976851046
2,cpu,capacity_matched_deepsets,common_input_to_host_output,1,1,b005_0004,13,0.0025308000622317195
2,cpu,capacity_matched_deepsets,common_input_to_host_output,1,1,b005_0025,7,0.0013676000526174903
2,cpu,capacity_matched_deepsets,common_input_to_host_output,1,1,b005_0002,5,0.0015820999396964908
2,cpu,capacity_matched_deepsets,common_input_to_host_output,1,1,b005_0047,2,0.001586599973961711
2,cpu,capacity_matched_deepsets,common_input_to_host_output,1,1,b005_0033,15,0.0017324999207630754
2,cpu,capacity_matched_deepsets,common_input_to_host_output,1,1,b005_0049,8,0.0014598999405279756
2,cpu,capacity_matched_deepsets,common_input_to_host_output,1,1,b004_0065,3,0.0016494999872520566
2,cpu,capacity_matched_deepsets,common_input_to_host_output,1,1,b004_0024,4,0.0013501999201253057
2,cpu,capacity_matched_deepsets,common_input_to_host_output,1,1,b005_0062,2,0.0012622999493032694
2,cpu,capacity_matched_deepsets,common_input_to_host_output,1,1,b004_0082,5,0.0012638000771403313
2,cpu,capacity_matched_deepsets,common_input_to_host_output,1,1,b004_0022,2,0.001436099992133677
2,cpu,capacity_matched_deepsets,common_input_to_host_output,1,1,b005_0065,8,0.0015397999668493867
2,cpu,capacity_matched_deepsets,common_input_to_host_output,1,1,b004_0070,3,0.0012704000109806657
2,cpu,capacity_matched_deepsets,common_input_to_host_output,1,1,b005_0019,12,0.0015901000006124377
2,cpu,capacity_matched_deepsets,common_input_to_host_output,1,1,b004_0008,3,0.0017770999111235142
2,cpu,capacity_matched_deepsets,common_input_to_host_output,1,1,b004_0006,3,0.0014643999747931957
2,cpu,capacity_matched_deepsets,common_input_to_host_output,1,1,b005_0040,3,0.0014628000790253282
2,cpu,capacity_matched_deepsets,common_input_to_host_output,1,1,b004_0039,8,0.0017609000205993652
2,cpu,capacity_matched_deepsets,common_input_to_host_output,1,1,b004_0088,2,0.0015133999986574054
2,cpu,capacity_matched_deepsets,common_input_to_host_output,1,1,b004_0012,5,0.001465399982407689
2,cpu,capacity_matched_deepsets,common_input_to_host_output,1,1,b004_0003,4,0.001256600022315979
2,cpu,capacity_matched_deepsets,common_input_to_host_output,1,1,b004_0084,3,0.0014325000811368227
2,cpu,capacity_matched_deepsets,common_input_to_host_output,1,1,b004_0259,5,0.0016851999098435044
2,cpu,capacity_matched_deepsets,common_input_to_host_output,1,1,b005_0185,15,0.0018872000509873033
2,cpu,capacity_matched_deepsets,common_input_to_host_output,1,1,b005_0160,13,0.0017509999452158809
2,cpu,capacity_matched_deepsets,common_input_to_host_output,1,1,b005_0217,2,0.0017807999392971396
2,cpu,capacity_matched_deepsets,common_input_to_host_output,1,1,b005_0205,11,0.0017117999959737062
2,cpu,capacity_matched_deepsets,common_input_to_host_output,1,1,b005_0219,10,0.0015661000506952405
2,cpu,capacity_matched_deepsets,common_input_to_host_output,1,1,b004_0313,4,0.0017072000773623586
2,cpu,capacity_matched_deepsets,common_input_to_host_output,1,1,b005_0198,11,0.0018485999898985028
2,cpu,capacity_matched_deepsets,common_input_to_host_output,1,1,b005_0199,7,0.0013300999999046326
2,cpu,capacity_matched_deepsets,common_input_to_host_output,1,1,b005_0211,4,0.0013270999770611525
2,cpu,capacity_matched_deepsets,common_input_to_host_output,1,1,b005_0209,10,0.0021570000099018216
2,cpu,capacity_matched_deepsets,common_input_to_host_output,1,1,b004_0140,3,0.001489599933847785
2,cpu,capacity_matched_deepsets,common_input_to_host_output,1,1,b005_0172,3,0.0012914999388158321
2,cpu,capacity_matched_deepsets,common_input_to_host_output,1,1,b005_0181,12,0.0020579000702127814
2,cpu,capacity_matched_deepsets,common_input_to_host_output,1,1,b004_0197,1,0.0014868000289425254
2,cpu,capacity_matched_deepsets,common_input_to_host_output,1,1,b005_0170,7,0.0015707999700680375
2,cpu,capacity_matched_deepsets,common_input_to_host_output,1,1,b004_0181,4,0.0014236000133678317
2,cpu,capacity_matched_deepsets,common_input_to_host_output,1,1,b005_0222,14,0.0022223000414669514
2,cpu,capacity_matched_deepsets,common_input_to_host_output,1,1,b005_0196,12,0.001720299944281578
2,cpu,capacity_matched_deepsets,common_input_to_host_output,1,1,b004_0350,2,0.001371299964375794
2,cpu,capacity_matched_deepsets,common_input_to_host_output,1,1,b005_0273,11,0.0017712999833747745
2,cpu,capacity_matched_deepsets,common_input_to_host_output,1,1,b005_0303,9,0.0016098999185487628
2,cpu,capacity_matched_deepsets,common_input_to_host_output,1,1,b005_0266,11,0.0015356999356299639
2,cpu,capacity_matched_deepsets,common_input_to_host_output,1,1,b004_0168,6,0.001514500007033348
2,cpu,capacity_matched_deepsets,common_input_to_host_output,1,1,b005_0290,10,0.0019874999998137355
2,cpu,capacity_matched_deepsets,common_input_to_host_output,1,1,b004_0342,2,0.0014278000453487039
2,cpu,capacity_matched_deepsets,common_input_to_host_output,1,1,b005_0310,1,0.0012607000535354018
2,cpu,capacity_matched_deepsets,common_input_to_host_output,1,1,b005_0231,8,0.0014029999729245901
2,cpu,capacity_matched_deepsets,common_input_to_host_output,1,1,b005_0302,14,0.0021584000205621123
2,cpu,capacity_matched_deepsets,common_input_to_host_output,1,1,b005_0242,6,0.001521600061096251
2,cpu,capacity_matched_deepsets,common_input_to_host_output,1,1,b005_0298,2,0.001228800043463707
2,cpu,capacity_matched_deepsets,common_input_to_host_output,1,1,b004_0263,4,0.0015168000245466828
2,cpu,capacity_matched_deepsets,common_input_to_host_output,1,1,b005_0493,4,0.0018390000332146883
2,cpu,capacity_matched_deepsets,common_input_to_host_output,1,1,b005_0503,5,0.001420999993570149
2,cpu,capacity_matched_deepsets,common_input_to_host_output,1,1,b004_0282,5,0.0013376999413594604
2,cpu,capacity_matched_deepsets,common_input_to_host_output,1,1,b005_0508,9,0.0018566000508144498
2,cpu,capacity_matched_deepsets,common_input_to_host_output,1,1,b005_0516,1,0.0014186999760568142
2,cpu,capacity_matched_deepsets,common_input_to_host_output,1,1,b004_0300,5,0.001361300004646182
2,cpu,capacity_matched_deepsets,common_input_to_host_output,1,1,b004_0311,2,0.001363299903459847
2,cpu,capacity_matched_deepsets,common_input_to_host_output,1,1,b004_0108,6,0.0018470999784767628
2,cpu,capacity_matched_deepsets,common_input_to_host_output,1,1,b005_0482,4,0.001538999960757792
2,cpu,capacity_matched_deepsets,common_input_to_host_output,1,1,b005_0545,14,0.0017570999916642904
2,cpu,capacity_matched_deepsets,common_input_to_host_output,1,1,b005_0537,5,0.0015665999380871654
2,cpu,capacity_matched_deepsets,common_input_to_host_output,1,1,b005_0548,5,0.0018174999859184027
2,cpu,capacity_matched_deepsets,common_input_to_host_output,1,1,b005_0541,4,0.0014139999402686954
2,cpu,capacity_matched_deepsets,common_input_to_host_output,1,1,b004_0185,8,0.0015408000908792019
2,cpu,capacity_matched_deepsets,common_input_to_host_output,1,1,b005_0505,1,0.0016101000364869833
2,cpu,capacity_matched_deepsets,common_input_to_host_output,1,1,b005_0544,4,0.0016119000501930714
2,cpu,capacity_matched_deepsets,common_input_to_host_output,1,1,b005_0513,9,0.0016527000116184354
2,cpu,capacity_matched_deepsets,common_input_to_host_output,1,1,b004_0198,3,0.001320500043220818
2,cpu,capacity_matched_deepsets,common_input_to_host_output,1,1,b004_0154,8,0.0016837000148370862
2,cpu,capacity_matched_deepsets,common_input_to_host_output,1,1,b005_0345,4,0.0014298000605776906
2,cpu,capacity_matched_deepsets,common_input_to_host_output,1,1,b004_0106,3,0.0012498999712988734
2,cpu,capacity_matched_deepsets,common_input_to_host_output,1,1,b005_0356,2,0.0013614000054076314
2,cpu,capacity_matched_deepsets,common_input_to_host_output,1,1,b004_0270,2,0.001571600092574954
2,cpu,capacity_matched_deepsets,common_input_to_host_output,1,1,b005_0376,3,0.0013250999618321657
2,cpu,capacity_matched_deepsets,common_input_to_host_output,1,1,b005_0323,11,0.0015176000306382775
2,cpu,capacity_matched_deepsets,common_input_to_host_output,1,1,b005_0380,7,0.0013202999252825975
2,cpu,capacity_matched_deepsets,common_input_to_host_output,1,1,b004_0192,3,0.0018704000394791365
2,cpu,capacity_matched_deepsets,common_input_to_host_output,1,1,b005_0350,4,0.001561200013384223
2,cpu,capacity_matched_deepsets,common_input_to_host_output,1,1,b004_0115,3,0.0013154000043869019
2,cpu,capacity_matched_deepsets,common_input_to_host_output,1,1,b004_0367,5,0.0013743999879807234
2,cpu,capacity_matched_deepsets,common_input_to_host_output,1,1,b004_0378,8,0.0016336000990122557
2,cpu,capacity_matched_deepsets,common_input_to_host_output,1,1,b005_0361,8,0.0014073000056669116
2,cpu,capacity_matched_deepsets,common_input_to_host_output,1,1,b005_0378,11,0.0016120000509545207
2,cpu,capacity_matched_deepsets,common_input_to_host_output,1,1,b005_0714,3,0.001487900037318468
2,cpu,capacity_matched_deepsets,common_input_to_host_output,1,1,b005_0792,6,0.0014908000594004989
2,cpu,capacity_matched_deepsets,common_input_to_host_output,1,1,b005_0773,7,0.0013123999815434217
2,cpu,capacity_matched_deepsets,common_input_to_host_output,1,1,b005_0723,1,0.0013897999888285995
2,cpu,capacity_matched_deepsets,common_input_to_host_output,1,1,b005_0799,8,0.001838900032453239
2,cpu,capacity_matched_deepsets,common_input_to_host_output,1,1,b005_0786,2,0.0015087999636307359
2,cpu,capacity_matched_deepsets,common_input_to_host_output,1,1,b005_0783,4,0.0012940000742673874
2,cpu,capacity_matched_deepsets,common_input_to_host_output,1,1,b005_0805,10,0.0014907000586390495
2,cpu,capacity_matched_deepsets,common_input_to_host_output,1,1,b005_0736,3,0.0016425000503659248
2,cpu,capacity_matched_deepsets,common_input_to_host_output,1,1,b005_0758,8,0.0018537999130785465
2,cpu,capacity_matched_deepsets,common_input_to_host_output,1,1,b005_0737,15,0.001829099957831204
2,cpu,capacity_matched_deepsets,common_input_to_host_output,1,1,b005_0784,1,0.0011229000519961119
2,cpu,capacity_matched_deepsets,common_input_to_host_output,1,1,b005_0733,1,0.0016078000189736485
2,cpu,capacity_matched_deepsets,common_input_to_host_output,1,1,b005_0774,14,0.0020579000702127814
2,cpu,capacity_matched_deepsets,common_input_to_host_output,1,1,b005_0757,9,0.0015298000071197748
2,cpu,capacity_matched_deepsets,common_input_to_host_output,1,1,b005_0727,2,0.0020946000004187226
2,cpu,capacity_matched_deepsets,forward_resident_inputs,32,32,b005_0092|b004_0388|b004_0356|b005_0086|b005_0119|b005_0098|b004_0253|b005_0107|b004_0277|b004_0258|b005_0121|b005_0087|b005_0120|b005_0133|b004_0244|b005_0628|b005_0575|b005_0569|b005_0629|b005_0651|b005_0559|b005_0627|b005_0610|b005_0626|b005_0612|b005_0554|b005_0578|b005_0604|b005_0442|b005_0470|b005_0446|b005_0434,3|1|6|11|7|7|3|1|8|4|4|5|3|13|1|10|3|4|4|14|6|10|7|9|10|8|7|13|7|3|9|1,0.002897400059737265
2,cpu,capacity_matched_deepsets,forward_resident_inputs,32,32,b005_0431|b005_0460|b005_0438|b005_0444|b004_0349|b005_0465|b004_0326|b005_0418|b004_0217|b004_0215|b005_0449|b004_0241|b004_0321|b005_0467|b005_0684|b005_0654|b005_0688|b005_0680|b005_0690|b005_0660|b005_0709|b005_0672|b004_0029|b004_0013|b005_0070|b005_0004|b005_0025|b005_0002|b005_0047|b005_0033|b005_0049|b004_0065,9|2|5|9|8|10|6|4|2|2|10|2|1|11|8|3|4|11|5|8|11|9|1|6|6|13|7|5|2|15|8|3,0.0029851000290364027
2,cpu,capacity_matched_deepsets,forward_resident_inputs,32,32,b004_0024|b005_0062|b004_0082|b004_0022|b005_0065|b004_0070|b005_0019|b004_0008|b004_0006|b005_0040|b004_0039|b004_0088|b004_0012|b004_0003|b004_0084|b004_0259|b005_0185|b005_0160|b005_0217|b005_0205|b005_0219|b004_0313|b005_0198|b005_0199|b005_0211|b005_0209|b004_0140|b005_0172|b005_0181|b004_0197|b005_0170|b004_0181,4|2|5|2|8|3|12|3|3|3|8|2|5|4|3|5|15|13|2|11|10|4|11|7|4|10|3|3|12|1|7|4,0.003588800085708499
2,cpu,capacity_matched_deepsets,forward_resident_inputs,32,32,b005_0222|b005_0196|b004_0350|b005_0273|b005_0303|b005_0266|b004_0168|b005_0290|b004_0342|b005_0310|b005_0231|b005_0302|b005_0242|b005_0298|b004_0263|b005_0493|b005_0503|b004_0282|b005_0508|b005_0516|b004_0300|b004_0311|b004_0108|b005_0482|b005_0545|b005_0537|b005_0548|b005_0541|b004_0185|b005_0505|b005_0544|b005_0513,14|12|2|11|9|11|6|10|2|1|8|14|6|2|4|4|5|5|9|1|5|2|6|4|14|5|5|4|8|1|4|9,0.002444499987177551
2,cpu,capacity_matched_deepsets,forward_resident_inputs,32,32,b004_0198|b004_0154|b005_0345|b004_0106|b005_0356|b004_0270|b005_0376|b005_0323|b005_0380|b004_0192|b005_0350|b004_0115|b004_0367|b004_0378|b005_0361|b005_0378|b005_0714|b005_0792|b005_0773|b005_0723|b005_0799|b005_0786|b005_0783|b005_0805|b005_0736|b005_0758|b005_0737|b005_0784|b005_0733|b005_0774|b005_0757|b005_0727,3|8|4|3|2|2|3|11|7|3|4|3|5|8|8|11|3|6|7|1|8|2|4|10|3|8|15|1|1|14|9|2,0.003021900076419115
2,cpu,capacity_matched_deepsets,common_input_to_host_output,32,32,b005_0092|b004_0388|b004_0356|b005_0086|b005_0119|b005_0098|b004_0253|b005_0107|b004_0277|b004_0258|b005_0121|b005_0087|b005_0120|b005_0133|b004_0244|b005_0628|b005_0575|b005_0569|b005_0629|b005_0651|b005_0559|b005_0627|b005_0610|b005_0626|b005_0612|b005_0554|b005_0578|b005_0604|b005_0442|b005_0470|b005_0446|b005_0434,3|1|6|11|7|7|3|1|8|4|4|5|3|13|1|10|3|4|4|14|6|10|7|9|10|8|7|13|7|3|9|1,0.01104390004184097
2,cpu,capacity_matched_deepsets,common_input_to_host_output,32,32,b005_0431|b005_0460|b005_0438|b005_0444|b004_0349|b005_0465|b004_0326|b005_0418|b004_0217|b004_0215|b005_0449|b004_0241|b004_0321|b005_0467|b005_0684|b005_0654|b005_0688|b005_0680|b005_0690|b005_0660|b005_0709|b005_0672|b004_0029|b004_0013|b005_0070|b005_0004|b005_0025|b005_0002|b005_0047|b005_0033|b005_0049|b004_0065,9|2|5|9|8|10|6|4|2|2|10|2|1|11|8|3|4|11|5|8|11|9|1|6|6|13|7|5|2|15|8|3,0.010739399935118854
2,cpu,capacity_matched_deepsets,common_input_to_host_output,32,32,b004_0024|b005_0062|b004_0082|b004_0022|b005_0065|b004_0070|b005_0019|b004_0008|b004_0006|b005_0040|b004_0039|b004_0088|b004_0012|b004_0003|b004_0084|b004_0259|b005_0185|b005_0160|b005_0217|b005_0205|b005_0219|b004_0313|b005_0198|b005_0199|b005_0211|b005_0209|b004_0140|b005_0172|b005_0181|b004_0197|b005_0170|b004_0181,4|2|5|2|8|3|12|3|3|3|8|2|5|4|3|5|15|13|2|11|10|4|11|7|4|10|3|3|12|1|7|4,0.009823299944400787
2,cpu,capacity_matched_deepsets,common_input_to_host_output,32,32,b005_0222|b005_0196|b004_0350|b005_0273|b005_0303|b005_0266|b004_0168|b005_0290|b004_0342|b005_0310|b005_0231|b005_0302|b005_0242|b005_0298|b004_0263|b005_0493|b005_0503|b004_0282|b005_0508|b005_0516|b004_0300|b004_0311|b004_0108|b005_0482|b005_0545|b005_0537|b005_0548|b005_0541|b004_0185|b005_0505|b005_0544|b005_0513,14|12|2|11|9|11|6|10|2|1|8|14|6|2|4|4|5|5|9|1|5|2|6|4|14|5|5|4|8|1|4|9,0.01024520001374185
2,cpu,capacity_matched_deepsets,common_input_to_host_output,32,32,b004_0198|b004_0154|b005_0345|b004_0106|b005_0356|b004_0270|b005_0376|b005_0323|b005_0380|b004_0192|b005_0350|b004_0115|b004_0367|b004_0378|b005_0361|b005_0378|b005_0714|b005_0792|b005_0773|b005_0723|b005_0799|b005_0786|b005_0783|b005_0805|b005_0736|b005_0758|b005_0737|b005_0784|b005_0733|b005_0774|b005_0757|b005_0727,3|8|4|3|2|2|3|11|7|3|4|3|5|8|8|11|3|6|7|1|8|2|4|10|3|8|15|1|1|14|9|2,0.009875999996438622
2,cpu,gnn,forward_resident_inputs,1,1,b005_0092,3,0.001804900006391108
2,cpu,gnn,forward_resident_inputs,1,1,b004_0388,1,0.0013359999284148216
2,cpu,gnn,forward_resident_inputs,1,1,b004_0356,6,0.002696300041861832
2,cpu,gnn,forward_resident_inputs,1,1,b005_0086,11,0.0024121999740600586
2,cpu,gnn,forward_resident_inputs,1,1,b005_0119,7,0.002723500016145408
2,cpu,gnn,forward_resident_inputs,1,1,b005_0098,7,0.0021995999850332737
2,cpu,gnn,forward_resident_inputs,1,1,b004_0253,3,0.0021735000191256404
2,cpu,gnn,forward_resident_inputs,1,1,b005_0107,1,0.0018441000720486045
2,cpu,gnn,forward_resident_inputs,1,1,b004_0277,8,0.00228899996727705
2,cpu,gnn,forward_resident_inputs,1,1,b004_0258,4,0.002119300072081387
2,cpu,gnn,forward_resident_inputs,1,1,b005_0121,4,0.0024653999134898186
2,cpu,gnn,forward_resident_inputs,1,1,b005_0087,5,0.0019945999374613166
2,cpu,gnn,forward_resident_inputs,1,1,b005_0120,3,0.0022492000134661794
2,cpu,gnn,forward_resident_inputs,1,1,b005_0133,13,0.0023973999777808785
2,cpu,gnn,forward_resident_inputs,1,1,b004_0244,1,0.0011981000425294042
2,cpu,gnn,forward_resident_inputs,1,1,b005_0628,10,0.002621699939481914
2,cpu,gnn,forward_resident_inputs,1,1,b005_0575,3,0.0020876999478787184
2,cpu,gnn,forward_resident_inputs,1,1,b005_0569,4,0.002637299941852689
2,cpu,gnn,forward_resident_inputs,1,1,b005_0629,4,0.0029080999083817005
2,cpu,gnn,forward_resident_inputs,1,1,b005_0651,14,0.0024884999729692936
2,cpu,gnn,forward_resident_inputs,1,1,b005_0559,6,0.0022621999960392714
2,cpu,gnn,forward_resident_inputs,1,1,b005_0627,10,0.00200889992993325
2,cpu,gnn,forward_resident_inputs,1,1,b005_0610,7,0.0023274000268429518
2,cpu,gnn,forward_resident_inputs,1,1,b005_0626,9,0.0022095999447628856
2,cpu,gnn,forward_resident_inputs,1,1,b005_0612,10,0.0026947000296786427
2,cpu,gnn,forward_resident_inputs,1,1,b005_0554,8,0.00241650000680238
2,cpu,gnn,forward_resident_inputs,1,1,b005_0578,7,0.001892699976451695
2,cpu,gnn,forward_resident_inputs,1,1,b005_0604,13,0.0027546000201255083
2,cpu,gnn,forward_resident_inputs,1,1,b005_0442,7,0.0020065000280737877
2,cpu,gnn,forward_resident_inputs,1,1,b005_0470,3,0.001893599983304739
2,cpu,gnn,forward_resident_inputs,1,1,b005_0446,9,0.0025910999393090606
2,cpu,gnn,forward_resident_inputs,1,1,b005_0434,1,0.0015100999735295773
2,cpu,gnn,forward_resident_inputs,1,1,b005_0431,9,0.0022881999611854553
2,cpu,gnn,forward_resident_inputs,1,1,b005_0460,2,0.0019211999606341124
2,cpu,gnn,forward_resident_inputs,1,1,b005_0438,5,0.0018732999451458454
2,cpu,gnn,forward_resident_inputs,1,1,b005_0444,9,0.002378599951043725
2,cpu,gnn,forward_resident_inputs,1,1,b004_0349,8,0.002136400085873902
2,cpu,gnn,forward_resident_inputs,1,1,b005_0465,10,0.002135499962605536
2,cpu,gnn,forward_resident_inputs,1,1,b004_0326,6,0.0028622999088838696
2,cpu,gnn,forward_resident_inputs,1,1,b005_0418,4,0.0018088000360876322
2,cpu,gnn,forward_resident_inputs,1,1,b004_0217,2,0.001831799978390336
2,cpu,gnn,forward_resident_inputs,1,1,b004_0215,2,0.0019131000153720379
2,cpu,gnn,forward_resident_inputs,1,1,b005_0449,10,0.002005700021982193
2,cpu,gnn,forward_resident_inputs,1,1,b004_0241,2,0.0019298000261187553
2,cpu,gnn,forward_resident_inputs,1,1,b004_0321,1,0.0016392999095842242
2,cpu,gnn,forward_resident_inputs,1,1,b005_0467,11,0.002755899913609028
2,cpu,gnn,forward_resident_inputs,1,1,b005_0684,8,0.002921600011177361
2,cpu,gnn,forward_resident_inputs,1,1,b005_0654,3,0.001787500106729567
2,cpu,gnn,forward_resident_inputs,1,1,b005_0688,4,0.0019680000841617584
2,cpu,gnn,forward_resident_inputs,1,1,b005_0680,11,0.0025369999930262566
2,cpu,gnn,forward_resident_inputs,1,1,b005_0690,5,0.001814400078728795
2,cpu,gnn,forward_resident_inputs,1,1,b005_0660,8,0.002285200054757297
2,cpu,gnn,forward_resident_inputs,1,1,b005_0709,11,0.00266669993288815
2,cpu,gnn,forward_resident_inputs,1,1,b005_0672,9,0.002047699992544949
2,cpu,gnn,forward_resident_inputs,1,1,b004_0029,1,0.0014486000873148441
2,cpu,gnn,forward_resident_inputs,1,1,b004_0013,6,0.0018859999254345894
2,cpu,gnn,forward_resident_inputs,1,1,b005_0070,6,0.0018564000492915511
2,cpu,gnn,forward_resident_inputs,1,1,b005_0004,13,0.0026102999690920115
2,cpu,gnn,forward_resident_inputs,1,1,b005_0025,7,0.0019557999912649393
2,cpu,gnn,forward_resident_inputs,1,1,b005_0002,5,0.002595999976620078
2,cpu,gnn,forward_resident_inputs,1,1,b005_0047,2,0.0021786000579595566
2,cpu,gnn,forward_resident_inputs,1,1,b005_0033,15,0.0023273000260815024
2,cpu,gnn,forward_resident_inputs,1,1,b005_0049,8,0.002930699964053929
2,cpu,gnn,forward_resident_inputs,1,1,b004_0065,3,0.0019363999599590898
2,cpu,gnn,forward_resident_inputs,1,1,b004_0024,4,0.002401400008238852
2,cpu,gnn,forward_resident_inputs,1,1,b005_0062,2,0.002199399983510375
2,cpu,gnn,forward_resident_inputs,1,1,b004_0082,5,0.00194540002848953
2,cpu,gnn,forward_resident_inputs,1,1,b004_0022,2,0.002215899992734194
2,cpu,gnn,forward_resident_inputs,1,1,b005_0065,8,0.002099400036968291
2,cpu,gnn,forward_resident_inputs,1,1,b004_0070,3,0.001762900035828352
2,cpu,gnn,forward_resident_inputs,1,1,b005_0019,12,0.002814200008288026
2,cpu,gnn,forward_resident_inputs,1,1,b004_0008,3,0.0017928999150171876
2,cpu,gnn,forward_resident_inputs,1,1,b004_0006,3,0.0029534000204876065
2,cpu,gnn,forward_resident_inputs,1,1,b005_0040,3,0.0020582000724971294
2,cpu,gnn,forward_resident_inputs,1,1,b004_0039,8,0.0020574999507516623
2,cpu,gnn,forward_resident_inputs,1,1,b004_0088,2,0.003802899969741702
2,cpu,gnn,forward_resident_inputs,1,1,b004_0012,5,0.002319099963642657
2,cpu,gnn,forward_resident_inputs,1,1,b004_0003,4,0.00243130000308156
2,cpu,gnn,forward_resident_inputs,1,1,b004_0084,3,0.0023650999646633863
2,cpu,gnn,forward_resident_inputs,1,1,b004_0259,5,0.0026400999631732702
2,cpu,gnn,forward_resident_inputs,1,1,b005_0185,15,0.002582099987193942
2,cpu,gnn,forward_resident_inputs,1,1,b005_0160,13,0.002992199966683984
2,cpu,gnn,forward_resident_inputs,1,1,b005_0217,2,0.0018470000941306353
2,cpu,gnn,forward_resident_inputs,1,1,b005_0205,11,0.0021028999472036958
2,cpu,gnn,forward_resident_inputs,1,1,b005_0219,10,0.0036621999461203814
2,cpu,gnn,forward_resident_inputs,1,1,b004_0313,4,0.0019243999850004911
2,cpu,gnn,forward_resident_inputs,1,1,b005_0198,11,0.003014400019310415
2,cpu,gnn,forward_resident_inputs,1,1,b005_0199,7,0.0021980999736115336
2,cpu,gnn,forward_resident_inputs,1,1,b005_0211,4,0.002440200070850551
2,cpu,gnn,forward_resident_inputs,1,1,b005_0209,10,0.0025892999256029725
2,cpu,gnn,forward_resident_inputs,1,1,b004_0140,3,0.002612799988128245
2,cpu,gnn,forward_resident_inputs,1,1,b005_0172,3,0.0020791999995708466
2,cpu,gnn,forward_resident_inputs,1,1,b005_0181,12,0.0021183000644668937
2,cpu,gnn,forward_resident_inputs,1,1,b004_0197,1,0.0015021000290289521
2,cpu,gnn,forward_resident_inputs,1,1,b005_0170,7,0.0021536999847739935
2,cpu,gnn,forward_resident_inputs,1,1,b004_0181,4,0.0017966000596061349
2,cpu,gnn,forward_resident_inputs,1,1,b005_0222,14,0.0027283000526949763
2,cpu,gnn,forward_resident_inputs,1,1,b005_0196,12,0.002410599961876869
2,cpu,gnn,forward_resident_inputs,1,1,b004_0350,2,0.002013999968767166
2,cpu,gnn,forward_resident_inputs,1,1,b005_0273,11,0.0025560000212863088
2,cpu,gnn,forward_resident_inputs,1,1,b005_0303,9,0.002129600034095347
2,cpu,gnn,forward_resident_inputs,1,1,b005_0266,11,0.0025514999870210886
2,cpu,gnn,forward_resident_inputs,1,1,b004_0168,6,0.001996800070628524
2,cpu,gnn,forward_resident_inputs,1,1,b005_0290,10,0.0027567000361159444
2,cpu,gnn,forward_resident_inputs,1,1,b004_0342,2,0.0019223999697715044
2,cpu,gnn,forward_resident_inputs,1,1,b005_0310,1,0.0013292999938130379
2,cpu,gnn,forward_resident_inputs,1,1,b005_0231,8,0.0022812000242993236
2,cpu,gnn,forward_resident_inputs,1,1,b005_0302,14,0.0027974999975413084
2,cpu,gnn,forward_resident_inputs,1,1,b005_0242,6,0.001832999987527728
2,cpu,gnn,forward_resident_inputs,1,1,b005_0298,2,0.0020311999833211303
2,cpu,gnn,forward_resident_inputs,1,1,b004_0263,4,0.002063599997200072
2,cpu,gnn,forward_resident_inputs,1,1,b005_0493,4,0.00210829998832196
2,cpu,gnn,forward_resident_inputs,1,1,b005_0503,5,0.002159200026653707
2,cpu,gnn,forward_resident_inputs,1,1,b004_0282,5,0.0017949000466614962
2,cpu,gnn,forward_resident_inputs,1,1,b005_0508,9,0.002459099981933832
2,cpu,gnn,forward_resident_inputs,1,1,b005_0516,1,0.0013215000508353114
2,cpu,gnn,forward_resident_inputs,1,1,b004_0300,5,0.0018497999990358949
2,cpu,gnn,forward_resident_inputs,1,1,b004_0311,2,0.0016156999627128243
2,cpu,gnn,forward_resident_inputs,1,1,b004_0108,6,0.002945199958048761
2,cpu,gnn,forward_resident_inputs,1,1,b005_0482,4,0.002012499957345426
2,cpu,gnn,forward_resident_inputs,1,1,b005_0545,14,0.0032915000338107347
2,cpu,gnn,forward_resident_inputs,1,1,b005_0537,5,0.0019167999271303415
2,cpu,gnn,forward_resident_inputs,1,1,b005_0548,5,0.0022347000194713473
2,cpu,gnn,forward_resident_inputs,1,1,b005_0541,4,0.0020900999661535025
2,cpu,gnn,forward_resident_inputs,1,1,b004_0185,8,0.0022895000874996185
2,cpu,gnn,forward_resident_inputs,1,1,b005_0505,1,0.0017658999422565103
2,cpu,gnn,forward_resident_inputs,1,1,b005_0544,4,0.0020143999718129635
2,cpu,gnn,forward_resident_inputs,1,1,b005_0513,9,0.001993600046262145
2,cpu,gnn,forward_resident_inputs,1,1,b004_0198,3,0.0024996999418362975
2,cpu,gnn,forward_resident_inputs,1,1,b004_0154,8,0.002228099969215691
2,cpu,gnn,forward_resident_inputs,1,1,b005_0345,4,0.0020944999996572733
2,cpu,gnn,forward_resident_inputs,1,1,b004_0106,3,0.002450800035148859
2,cpu,gnn,forward_resident_inputs,1,1,b005_0356,2,0.0018924999749287963
2,cpu,gnn,forward_resident_inputs,1,1,b004_0270,2,0.002168099978007376
2,cpu,gnn,forward_resident_inputs,1,1,b005_0376,3,0.0018785999855026603
2,cpu,gnn,forward_resident_inputs,1,1,b005_0323,11,0.002204099902883172
2,cpu,gnn,forward_resident_inputs,1,1,b005_0380,7,0.00298099999781698
2,cpu,gnn,forward_resident_inputs,1,1,b004_0192,3,0.0018368999008089304
2,cpu,gnn,forward_resident_inputs,1,1,b005_0350,4,0.0024190000258386135
2,cpu,gnn,forward_resident_inputs,1,1,b004_0115,3,0.002038300037384033
2,cpu,gnn,forward_resident_inputs,1,1,b004_0367,5,0.0017869999865069985
2,cpu,gnn,forward_resident_inputs,1,1,b004_0378,8,0.0026241999585181475
2,cpu,gnn,forward_resident_inputs,1,1,b005_0361,8,0.0020358000183477998
2,cpu,gnn,forward_resident_inputs,1,1,b005_0378,11,0.002308199997060001
2,cpu,gnn,forward_resident_inputs,1,1,b005_0714,3,0.0022894999710842967
2,cpu,gnn,forward_resident_inputs,1,1,b005_0792,6,0.002180699957534671
2,cpu,gnn,forward_resident_inputs,1,1,b005_0773,7,0.002615200006403029
2,cpu,gnn,forward_resident_inputs,1,1,b005_0723,1,0.0014430000446736813
2,cpu,gnn,forward_resident_inputs,1,1,b005_0799,8,0.0023381999926641583
2,cpu,gnn,forward_resident_inputs,1,1,b005_0786,2,0.0024929000064730644
2,cpu,gnn,forward_resident_inputs,1,1,b005_0783,4,0.0020010999869555235
2,cpu,gnn,forward_resident_inputs,1,1,b005_0805,10,0.0026174000231549144
2,cpu,gnn,forward_resident_inputs,1,1,b005_0736,3,0.0025317000690847635
2,cpu,gnn,forward_resident_inputs,1,1,b005_0758,8,0.0021075999829918146
2,cpu,gnn,forward_resident_inputs,1,1,b005_0737,15,0.002803600043989718
2,cpu,gnn,forward_resident_inputs,1,1,b005_0784,1,0.0012224999954923987
2,cpu,gnn,forward_resident_inputs,1,1,b005_0733,1,0.0011635000118985772
2,cpu,gnn,forward_resident_inputs,1,1,b005_0774,14,0.0031267000595107675
2,cpu,gnn,forward_resident_inputs,1,1,b005_0757,9,0.0022371000377461314
2,cpu,gnn,forward_resident_inputs,1,1,b005_0727,2,0.0025951999705284834
2,cpu,gnn,common_input_to_host_output,1,1,b005_0092,3,0.0022552000591531396
2,cpu,gnn,common_input_to_host_output,1,1,b004_0388,1,0.0014148000627756119
2,cpu,gnn,common_input_to_host_output,1,1,b004_0356,6,0.003023100085556507
2,cpu,gnn,common_input_to_host_output,1,1,b005_0086,11,0.0029349999967962503
2,cpu,gnn,common_input_to_host_output,1,1,b005_0119,7,0.0032256999984383583
2,cpu,gnn,common_input_to_host_output,1,1,b005_0098,7,0.0022672999184578657
2,cpu,gnn,common_input_to_host_output,1,1,b004_0253,3,0.002500200062058866
2,cpu,gnn,common_input_to_host_output,1,1,b005_0107,1,0.0015669999411329627
2,cpu,gnn,common_input_to_host_output,1,1,b004_0277,8,0.002360299928113818
2,cpu,gnn,common_input_to_host_output,1,1,b004_0258,4,0.0026219000574201345
2,cpu,gnn,common_input_to_host_output,1,1,b005_0121,4,0.002535399980843067
2,cpu,gnn,common_input_to_host_output,1,1,b005_0087,5,0.0026562000857666135
2,cpu,gnn,common_input_to_host_output,1,1,b005_0120,3,0.0021448000334203243
2,cpu,gnn,common_input_to_host_output,1,1,b005_0133,13,0.0032260000007227063
2,cpu,gnn,common_input_to_host_output,1,1,b004_0244,1,0.0017866999842226505
2,cpu,gnn,common_input_to_host_output,1,1,b005_0628,10,0.0028785000322386622
2,cpu,gnn,common_input_to_host_output,1,1,b005_0575,3,0.0036689999978989363
2,cpu,gnn,common_input_to_host_output,1,1,b005_0569,4,0.002128100022673607
2,cpu,gnn,common_input_to_host_output,1,1,b005_0629,4,0.002773200045339763
2,cpu,gnn,common_input_to_host_output,1,1,b005_0651,14,0.002891700016334653
2,cpu,gnn,common_input_to_host_output,1,1,b005_0559,6,0.0027705999091267586
2,cpu,gnn,common_input_to_host_output,1,1,b005_0627,10,0.0027211999986320734
2,cpu,gnn,common_input_to_host_output,1,1,b005_0610,7,0.0030052000656723976
2,cpu,gnn,common_input_to_host_output,1,1,b005_0626,9,0.0024983000475913286
2,cpu,gnn,common_input_to_host_output,1,1,b005_0612,10,0.003034600056707859
2,cpu,gnn,common_input_to_host_output,1,1,b005_0554,8,0.0023641999578103423
2,cpu,gnn,common_input_to_host_output,1,1,b005_0578,7,0.002782600000500679
2,cpu,gnn,common_input_to_host_output,1,1,b005_0604,13,0.0034839999862015247
2,cpu,gnn,common_input_to_host_output,1,1,b005_0442,7,0.0031361000146716833
2,cpu,gnn,common_input_to_host_output,1,1,b005_0470,3,0.002249400014989078
2,cpu,gnn,common_input_to_host_output,1,1,b005_0446,9,0.0030799000523984432
2,cpu,gnn,common_input_to_host_output,1,1,b005_0434,1,0.0014378000050783157
2,cpu,gnn,common_input_to_host_output,1,1,b005_0431,9,0.002567299990914762
2,cpu,gnn,common_input_to_host_output,1,1,b005_0460,2,0.002928399946540594
2,cpu,gnn,common_input_to_host_output,1,1,b005_0438,5,0.0022884999634698033
2,cpu,gnn,common_input_to_host_output,1,1,b005_0444,9,0.003284499980509281
2,cpu,gnn,common_input_to_host_output,1,1,b004_0349,8,0.0025927999522536993
2,cpu,gnn,common_input_to_host_output,1,1,b005_0465,10,0.0033853999339044094
2,cpu,gnn,common_input_to_host_output,1,1,b004_0326,6,0.0026962999254465103
2,cpu,gnn,common_input_to_host_output,1,1,b005_0418,4,0.003113499958999455
2,cpu,gnn,common_input_to_host_output,1,1,b004_0217,2,0.0019102999940514565
2,cpu,gnn,common_input_to_host_output,1,1,b004_0215,2,0.002487200079485774
2,cpu,gnn,common_input_to_host_output,1,1,b005_0449,10,0.0027339999796822667
2,cpu,gnn,common_input_to_host_output,1,1,b004_0241,2,0.0021099000005051494
2,cpu,gnn,common_input_to_host_output,1,1,b004_0321,1,0.001996499951928854
2,cpu,gnn,common_input_to_host_output,1,1,b005_0467,11,0.002742700045928359
2,cpu,gnn,common_input_to_host_output,1,1,b005_0684,8,0.0032061999663710594
2,cpu,gnn,common_input_to_host_output,1,1,b005_0654,3,0.0019981999648734927
2,cpu,gnn,common_input_to_host_output,1,1,b005_0688,4,0.0026123999850824475
2,cpu,gnn,common_input_to_host_output,1,1,b005_0680,11,0.002739699906669557
2,cpu,gnn,common_input_to_host_output,1,1,b005_0690,5,0.0033120999578386545
2,cpu,gnn,common_input_to_host_output,1,1,b005_0660,8,0.0029316999716684222
2,cpu,gnn,common_input_to_host_output,1,1,b005_0709,11,0.003193999989889562
2,cpu,gnn,common_input_to_host_output,1,1,b005_0672,9,0.0025126999244093895
2,cpu,gnn,common_input_to_host_output,1,1,b004_0029,1,0.0013403999619185925
2,cpu,gnn,common_input_to_host_output,1,1,b004_0013,6,0.0029871000442653894
2,cpu,gnn,common_input_to_host_output,1,1,b005_0070,6,0.002427700092084706
2,cpu,gnn,common_input_to_host_output,1,1,b005_0004,13,0.003527799970470369
2,cpu,gnn,common_input_to_host_output,1,1,b005_0025,7,0.0021356999641284347
2,cpu,gnn,common_input_to_host_output,1,1,b005_0002,5,0.0028682000702247024
2,cpu,gnn,common_input_to_host_output,1,1,b005_0047,2,0.0019283000146970153
2,cpu,gnn,common_input_to_host_output,1,1,b005_0033,15,0.004094600095413625
2,cpu,gnn,common_input_to_host_output,1,1,b005_0049,8,0.0028816000558435917
2,cpu,gnn,common_input_to_host_output,1,1,b004_0065,3,0.003001400036737323
2,cpu,gnn,common_input_to_host_output,1,1,b004_0024,4,0.0021591000258922577
2,cpu,gnn,common_input_to_host_output,1,1,b005_0062,2,0.0022655000211670995
2,cpu,gnn,common_input_to_host_output,1,1,b004_0082,5,0.0024445001035928726
2,cpu,gnn,common_input_to_host_output,1,1,b004_0022,2,0.002297900035046041
2,cpu,gnn,common_input_to_host_output,1,1,b005_0065,8,0.0029013999737799168
2,cpu,gnn,common_input_to_host_output,1,1,b004_0070,3,0.0020291999680921435
2,cpu,gnn,common_input_to_host_output,1,1,b005_0019,12,0.003217100049369037
2,cpu,gnn,common_input_to_host_output,1,1,b004_0008,3,0.0020094000501558185
2,cpu,gnn,common_input_to_host_output,1,1,b004_0006,3,0.0023707000073045492
2,cpu,gnn,common_input_to_host_output,1,1,b005_0040,3,0.0024142999900504947
2,cpu,gnn,common_input_to_host_output,1,1,b004_0039,8,0.0028078999603167176
2,cpu,gnn,common_input_to_host_output,1,1,b004_0088,2,0.002064900007098913
2,cpu,gnn,common_input_to_host_output,1,1,b004_0012,5,0.002227499964646995
2,cpu,gnn,common_input_to_host_output,1,1,b004_0003,4,0.002711900044232607
2,cpu,gnn,common_input_to_host_output,1,1,b004_0084,3,0.0021223999792709947
2,cpu,gnn,common_input_to_host_output,1,1,b004_0259,5,0.00280330004170537
2,cpu,gnn,common_input_to_host_output,1,1,b005_0185,15,0.0033990000374615192
2,cpu,gnn,common_input_to_host_output,1,1,b005_0160,13,0.0034916000440716743
2,cpu,gnn,common_input_to_host_output,1,1,b005_0217,2,0.0021364999702200294
2,cpu,gnn,common_input_to_host_output,1,1,b005_0205,11,0.0035016000038012862
2,cpu,gnn,common_input_to_host_output,1,1,b005_0219,10,0.003125599934719503
2,cpu,gnn,common_input_to_host_output,1,1,b004_0313,4,0.00263709994032979
2,cpu,gnn,common_input_to_host_output,1,1,b005_0198,11,0.0026897999923676252
2,cpu,gnn,common_input_to_host_output,1,1,b005_0199,7,0.0026253999676555395
2,cpu,gnn,common_input_to_host_output,1,1,b005_0211,4,0.0023858000058680773
2,cpu,gnn,common_input_to_host_output,1,1,b005_0209,10,0.003543600090779364
2,cpu,gnn,common_input_to_host_output,1,1,b004_0140,3,0.002745400066487491
2,cpu,gnn,common_input_to_host_output,1,1,b005_0172,3,0.0025960000930354
2,cpu,gnn,common_input_to_host_output,1,1,b005_0181,12,0.0030678000766783953
2,cpu,gnn,common_input_to_host_output,1,1,b004_0197,1,0.001460400060750544
2,cpu,gnn,common_input_to_host_output,1,1,b005_0170,7,0.0029054000042378902
2,cpu,gnn,common_input_to_host_output,1,1,b004_0181,4,0.0027197999879717827
2,cpu,gnn,common_input_to_host_output,1,1,b005_0222,14,0.0037029999075457454
2,cpu,gnn,common_input_to_host_output,1,1,b005_0196,12,0.002726099919527769
2,cpu,gnn,common_input_to_host_output,1,1,b004_0350,2,0.002217400004155934
2,cpu,gnn,common_input_to_host_output,1,1,b005_0273,11,0.0025704000145196915
2,cpu,gnn,common_input_to_host_output,1,1,b005_0303,9,0.003282700083218515
2,cpu,gnn,common_input_to_host_output,1,1,b005_0266,11,0.0028879999881610274
2,cpu,gnn,common_input_to_host_output,1,1,b004_0168,6,0.0026184000307694077
2,cpu,gnn,common_input_to_host_output,1,1,b005_0290,10,0.00252920005004853
2,cpu,gnn,common_input_to_host_output,1,1,b004_0342,2,0.0021022000582888722
2,cpu,gnn,common_input_to_host_output,1,1,b005_0310,1,0.0015611000126227736
2,cpu,gnn,common_input_to_host_output,1,1,b005_0231,8,0.0023394000018015504
2,cpu,gnn,common_input_to_host_output,1,1,b005_0302,14,0.004460799973458052
2,cpu,gnn,common_input_to_host_output,1,1,b005_0242,6,0.002260700101032853
2,cpu,gnn,common_input_to_host_output,1,1,b005_0298,2,0.0021823999704793096
2,cpu,gnn,common_input_to_host_output,1,1,b004_0263,4,0.00230110005941242
2,cpu,gnn,common_input_to_host_output,1,1,b005_0493,4,0.002750299987383187
2,cpu,gnn,common_input_to_host_output,1,1,b005_0503,5,0.0024532999377697706
2,cpu,gnn,common_input_to_host_output,1,1,b004_0282,5,0.0028388999635353684
2,cpu,gnn,common_input_to_host_output,1,1,b005_0508,9,0.002772199921309948
2,cpu,gnn,common_input_to_host_output,1,1,b005_0516,1,0.0013769000070169568
2,cpu,gnn,common_input_to_host_output,1,1,b004_0300,5,0.0027534000109881163
2,cpu,gnn,common_input_to_host_output,1,1,b004_0311,2,0.0019628999289125204
2,cpu,gnn,common_input_to_host_output,1,1,b004_0108,6,0.002327699912711978
2,cpu,gnn,common_input_to_host_output,1,1,b005_0482,4,0.0025087998947128654
2,cpu,gnn,common_input_to_host_output,1,1,b005_0545,14,0.0029388999100774527
2,cpu,gnn,common_input_to_host_output,1,1,b005_0537,5,0.002394899958744645
2,cpu,gnn,common_input_to_host_output,1,1,b005_0548,5,0.0021502000745385885
2,cpu,gnn,common_input_to_host_output,1,1,b005_0541,4,0.002814000006765127
2,cpu,gnn,common_input_to_host_output,1,1,b004_0185,8,0.0025115000316873193
2,cpu,gnn,common_input_to_host_output,1,1,b005_0505,1,0.001435799989849329
2,cpu,gnn,common_input_to_host_output,1,1,b005_0544,4,0.0026554999640211463
2,cpu,gnn,common_input_to_host_output,1,1,b005_0513,9,0.002486199955455959
2,cpu,gnn,common_input_to_host_output,1,1,b004_0198,3,0.0024618000024929643
2,cpu,gnn,common_input_to_host_output,1,1,b004_0154,8,0.002516099950298667
2,cpu,gnn,common_input_to_host_output,1,1,b005_0345,4,0.0028445000061765313
2,cpu,gnn,common_input_to_host_output,1,1,b004_0106,3,0.0023295999271795154
2,cpu,gnn,common_input_to_host_output,1,1,b005_0356,2,0.0019168999278917909
2,cpu,gnn,common_input_to_host_output,1,1,b004_0270,2,0.002488899976015091
2,cpu,gnn,common_input_to_host_output,1,1,b005_0376,3,0.0020667999051511288
2,cpu,gnn,common_input_to_host_output,1,1,b005_0323,11,0.002992499968968332
2,cpu,gnn,common_input_to_host_output,1,1,b005_0380,7,0.0027273999294266105
2,cpu,gnn,common_input_to_host_output,1,1,b004_0192,3,0.0024217000463977456
2,cpu,gnn,common_input_to_host_output,1,1,b005_0350,4,0.0025203999830409884
2,cpu,gnn,common_input_to_host_output,1,1,b004_0115,3,0.002164200064726174
2,cpu,gnn,common_input_to_host_output,1,1,b004_0367,5,0.0024751999881118536
2,cpu,gnn,common_input_to_host_output,1,1,b004_0378,8,0.0026516999350860715
2,cpu,gnn,common_input_to_host_output,1,1,b005_0361,8,0.0030627999221906066
2,cpu,gnn,common_input_to_host_output,1,1,b005_0378,11,0.003285399987362325
2,cpu,gnn,common_input_to_host_output,1,1,b005_0714,3,0.0024473000084981322
2,cpu,gnn,common_input_to_host_output,1,1,b005_0792,6,0.002281000022776425
2,cpu,gnn,common_input_to_host_output,1,1,b005_0773,7,0.0024778000079095364
2,cpu,gnn,common_input_to_host_output,1,1,b005_0723,1,0.0015608000103384256
2,cpu,gnn,common_input_to_host_output,1,1,b005_0799,8,0.002340200007893145
2,cpu,gnn,common_input_to_host_output,1,1,b005_0786,2,0.002674399991519749
2,cpu,gnn,common_input_to_host_output,1,1,b005_0783,4,0.002467299927957356
2,cpu,gnn,common_input_to_host_output,1,1,b005_0805,10,0.002820800058543682
2,cpu,gnn,common_input_to_host_output,1,1,b005_0736,3,0.0023597999243065715
2,cpu,gnn,common_input_to_host_output,1,1,b005_0758,8,0.0026626999024301767
2,cpu,gnn,common_input_to_host_output,1,1,b005_0737,15,0.0032641999423503876
2,cpu,gnn,common_input_to_host_output,1,1,b005_0784,1,0.0015451000072062016
2,cpu,gnn,common_input_to_host_output,1,1,b005_0733,1,0.0016068000113591552
2,cpu,gnn,common_input_to_host_output,1,1,b005_0774,14,0.0030475000385195017
2,cpu,gnn,common_input_to_host_output,1,1,b005_0757,9,0.0026693999534472823
2,cpu,gnn,common_input_to_host_output,1,1,b005_0727,2,0.002076399978250265
2,cpu,gnn,forward_resident_inputs,32,32,b005_0092|b004_0388|b004_0356|b005_0086|b005_0119|b005_0098|b004_0253|b005_0107|b004_0277|b004_0258|b005_0121|b005_0087|b005_0120|b005_0133|b004_0244|b005_0628|b005_0575|b005_0569|b005_0629|b005_0651|b005_0559|b005_0627|b005_0610|b005_0626|b005_0612|b005_0554|b005_0578|b005_0604|b005_0442|b005_0470|b005_0446|b005_0434,3|1|6|11|7|7|3|1|8|4|4|5|3|13|1|10|3|4|4|14|6|10|7|9|10|8|7|13|7|3|9|1,0.005663000047206879
2,cpu,gnn,forward_resident_inputs,32,32,b005_0431|b005_0460|b005_0438|b005_0444|b004_0349|b005_0465|b004_0326|b005_0418|b004_0217|b004_0215|b005_0449|b004_0241|b004_0321|b005_0467|b005_0684|b005_0654|b005_0688|b005_0680|b005_0690|b005_0660|b005_0709|b005_0672|b004_0029|b004_0013|b005_0070|b005_0004|b005_0025|b005_0002|b005_0047|b005_0033|b005_0049|b004_0065,9|2|5|9|8|10|6|4|2|2|10|2|1|11|8|3|4|11|5|8|11|9|1|6|6|13|7|5|2|15|8|3,0.00522249995265156
2,cpu,gnn,forward_resident_inputs,32,32,b004_0024|b005_0062|b004_0082|b004_0022|b005_0065|b004_0070|b005_0019|b004_0008|b004_0006|b005_0040|b004_0039|b004_0088|b004_0012|b004_0003|b004_0084|b004_0259|b005_0185|b005_0160|b005_0217|b005_0205|b005_0219|b004_0313|b005_0198|b005_0199|b005_0211|b005_0209|b004_0140|b005_0172|b005_0181|b004_0197|b005_0170|b004_0181,4|2|5|2|8|3|12|3|3|3|8|2|5|4|3|5|15|13|2|11|10|4|11|7|4|10|3|3|12|1|7|4,0.005600699922069907
2,cpu,gnn,forward_resident_inputs,32,32,b005_0222|b005_0196|b004_0350|b005_0273|b005_0303|b005_0266|b004_0168|b005_0290|b004_0342|b005_0310|b005_0231|b005_0302|b005_0242|b005_0298|b004_0263|b005_0493|b005_0503|b004_0282|b005_0508|b005_0516|b004_0300|b004_0311|b004_0108|b005_0482|b005_0545|b005_0537|b005_0548|b005_0541|b004_0185|b005_0505|b005_0544|b005_0513,14|12|2|11|9|11|6|10|2|1|8|14|6|2|4|4|5|5|9|1|5|2|6|4|14|5|5|4|8|1|4|9,0.005234900047071278
2,cpu,gnn,forward_resident_inputs,32,32,b004_0198|b004_0154|b005_0345|b004_0106|b005_0356|b004_0270|b005_0376|b005_0323|b005_0380|b004_0192|b005_0350|b004_0115|b004_0367|b004_0378|b005_0361|b005_0378|b005_0714|b005_0792|b005_0773|b005_0723|b005_0799|b005_0786|b005_0783|b005_0805|b005_0736|b005_0758|b005_0737|b005_0784|b005_0733|b005_0774|b005_0757|b005_0727,3|8|4|3|2|2|3|11|7|3|4|3|5|8|8|11|3|6|7|1|8|2|4|10|3|8|15|1|1|14|9|2,0.005444800015538931
2,cpu,gnn,common_input_to_host_output,32,32,b005_0092|b004_0388|b004_0356|b005_0086|b005_0119|b005_0098|b004_0253|b005_0107|b004_0277|b004_0258|b005_0121|b005_0087|b005_0120|b005_0133|b004_0244|b005_0628|b005_0575|b005_0569|b005_0629|b005_0651|b005_0559|b005_0627|b005_0610|b005_0626|b005_0612|b005_0554|b005_0578|b005_0604|b005_0442|b005_0470|b005_0446|b005_0434,3|1|6|11|7|7|3|1|8|4|4|5|3|13|1|10|3|4|4|14|6|10|7|9|10|8|7|13|7|3|9|1,0.014828299987129867
2,cpu,gnn,common_input_to_host_output,32,32,b005_0431|b005_0460|b005_0438|b005_0444|b004_0349|b005_0465|b004_0326|b005_0418|b004_0217|b004_0215|b005_0449|b004_0241|b004_0321|b005_0467|b005_0684|b005_0654|b005_0688|b005_0680|b005_0690|b005_0660|b005_0709|b005_0672|b004_0029|b004_0013|b005_0070|b005_0004|b005_0025|b005_0002|b005_0047|b005_0033|b005_0049|b004_0065,9|2|5|9|8|10|6|4|2|2|10|2|1|11|8|3|4|11|5|8|11|9|1|6|6|13|7|5|2|15|8|3,0.013902800041250885
2,cpu,gnn,common_input_to_host_output,32,32,b004_0024|b005_0062|b004_0082|b004_0022|b005_0065|b004_0070|b005_0019|b004_0008|b004_0006|b005_0040|b004_0039|b004_0088|b004_0012|b004_0003|b004_0084|b004_0259|b005_0185|b005_0160|b005_0217|b005_0205|b005_0219|b004_0313|b005_0198|b005_0199|b005_0211|b005_0209|b004_0140|b005_0172|b005_0181|b004_0197|b005_0170|b004_0181,4|2|5|2|8|3|12|3|3|3|8|2|5|4|3|5|15|13|2|11|10|4|11|7|4|10|3|3|12|1|7|4,0.012662400025874376
2,cpu,gnn,common_input_to_host_output,32,32,b005_0222|b005_0196|b004_0350|b005_0273|b005_0303|b005_0266|b004_0168|b005_0290|b004_0342|b005_0310|b005_0231|b005_0302|b005_0242|b005_0298|b004_0263|b005_0493|b005_0503|b004_0282|b005_0508|b005_0516|b004_0300|b004_0311|b004_0108|b005_0482|b005_0545|b005_0537|b005_0548|b005_0541|b004_0185|b005_0505|b005_0544|b005_0513,14|12|2|11|9|11|6|10|2|1|8|14|6|2|4|4|5|5|9|1|5|2|6|4|14|5|5|4|8|1|4|9,0.013675200054422021
2,cpu,gnn,common_input_to_host_output,32,32,b004_0198|b004_0154|b005_0345|b004_0106|b005_0356|b004_0270|b005_0376|b005_0323|b005_0380|b004_0192|b005_0350|b004_0115|b004_0367|b004_0378|b005_0361|b005_0378|b005_0714|b005_0792|b005_0773|b005_0723|b005_0799|b005_0786|b005_0783|b005_0805|b005_0736|b005_0758|b005_0737|b005_0784|b005_0733|b005_0774|b005_0757|b005_0727,3|8|4|3|2|2|3|11|7|3|4|3|5|8|8|11|3|6|7|1|8|2|4|10|3|8|15|1|1|14|9|2,0.011864100000821054
2,cuda,set_attention,forward_resident_inputs,1,1,b005_0092,3,0.0029622999718412757
2,cuda,set_attention,forward_resident_inputs,1,1,b004_0388,1,0.004075800068676472
2,cuda,set_attention,forward_resident_inputs,1,1,b004_0356,6,0.0032103999983519316
2,cuda,set_attention,forward_resident_inputs,1,1,b005_0086,11,0.003297499963082373
2,cuda,set_attention,forward_resident_inputs,1,1,b005_0119,7,0.0034357999684289098
2,cuda,set_attention,forward_resident_inputs,1,1,b005_0098,7,0.002910400042310357
2,cuda,set_attention,forward_resident_inputs,1,1,b004_0253,3,0.003380900016054511
2,cuda,set_attention,forward_resident_inputs,1,1,b005_0107,1,0.0027327999705448747
2,cuda,set_attention,forward_resident_inputs,1,1,b004_0277,8,0.003208799986168742
2,cuda,set_attention,forward_resident_inputs,1,1,b004_0258,4,0.003497099969536066
2,cuda,set_attention,forward_resident_inputs,1,1,b005_0121,4,0.0030036999378353357
2,cuda,set_attention,forward_resident_inputs,1,1,b005_0087,5,0.0038314000703394413
2,cuda,set_attention,forward_resident_inputs,1,1,b005_0120,3,0.002779899979941547
2,cuda,set_attention,forward_resident_inputs,1,1,b005_0133,13,0.0029766999650746584
2,cuda,set_attention,forward_resident_inputs,1,1,b004_0244,1,0.0027786000864580274
2,cuda,set_attention,forward_resident_inputs,1,1,b005_0628,10,0.004268100019544363
2,cuda,set_attention,forward_resident_inputs,1,1,b005_0575,3,0.0031823000172153115
2,cuda,set_attention,forward_resident_inputs,1,1,b005_0569,4,0.002895900048315525
2,cuda,set_attention,forward_resident_inputs,1,1,b005_0629,4,0.0036054999800398946
2,cuda,set_attention,forward_resident_inputs,1,1,b005_0651,14,0.002706300001591444
2,cuda,set_attention,forward_resident_inputs,1,1,b005_0559,6,0.003313099965453148
2,cuda,set_attention,forward_resident_inputs,1,1,b005_0627,10,0.0036119999131187797
2,cuda,set_attention,forward_resident_inputs,1,1,b005_0610,7,0.002953000017441809
2,cuda,set_attention,forward_resident_inputs,1,1,b005_0626,9,0.0034293000353500247
2,cuda,set_attention,forward_resident_inputs,1,1,b005_0612,10,0.0029400999192148447
2,cuda,set_attention,forward_resident_inputs,1,1,b005_0554,8,0.004516400047577918
2,cuda,set_attention,forward_resident_inputs,1,1,b005_0578,7,0.0048701000632718205
2,cuda,set_attention,forward_resident_inputs,1,1,b005_0604,13,0.0029718000441789627
2,cuda,set_attention,forward_resident_inputs,1,1,b005_0442,7,0.003394500003196299
2,cuda,set_attention,forward_resident_inputs,1,1,b005_0470,3,0.003882999997586012
2,cuda,set_attention,forward_resident_inputs,1,1,b005_0446,9,0.0027108999202027917
2,cuda,set_attention,forward_resident_inputs,1,1,b005_0434,1,0.003499999991618097
2,cuda,set_attention,forward_resident_inputs,1,1,b005_0431,9,0.002673399983905256
2,cuda,set_attention,forward_resident_inputs,1,1,b005_0460,2,0.004516800050623715
2,cuda,set_attention,forward_resident_inputs,1,1,b005_0438,5,0.005016400013118982
2,cuda,set_attention,forward_resident_inputs,1,1,b005_0444,9,0.003575799986720085
2,cuda,set_attention,forward_resident_inputs,1,1,b004_0349,8,0.0030764000257477164
2,cuda,set_attention,forward_resident_inputs,1,1,b005_0465,10,0.0035939000081270933
2,cuda,set_attention,forward_resident_inputs,1,1,b004_0326,6,0.004542600014247
2,cuda,set_attention,forward_resident_inputs,1,1,b005_0418,4,0.0029272999381646514
2,cuda,set_attention,forward_resident_inputs,1,1,b004_0217,2,0.003729299991391599
2,cuda,set_attention,forward_resident_inputs,1,1,b004_0215,2,0.0030172000406309962
2,cuda,set_attention,forward_resident_inputs,1,1,b005_0449,10,0.004584599984809756
2,cuda,set_attention,forward_resident_inputs,1,1,b004_0241,2,0.004289899952709675
2,cuda,set_attention,forward_resident_inputs,1,1,b004_0321,1,0.0038772999541833997
2,cuda,set_attention,forward_resident_inputs,1,1,b005_0467,11,0.0034073999850079417
2,cuda,set_attention,forward_resident_inputs,1,1,b005_0684,8,0.004983799997717142
2,cuda,set_attention,forward_resident_inputs,1,1,b005_0654,3,0.003966999938711524
2,cuda,set_attention,forward_resident_inputs,1,1,b005_0688,4,0.002669100067578256
2,cuda,set_attention,forward_resident_inputs,1,1,b005_0680,11,0.003989299992099404
2,cuda,set_attention,forward_resident_inputs,1,1,b005_0690,5,0.0036837999941781163
2,cuda,set_attention,forward_resident_inputs,1,1,b005_0660,8,0.003097799955867231
2,cuda,set_attention,forward_resident_inputs,1,1,b005_0709,11,0.0032036000629886985
2,cuda,set_attention,forward_resident_inputs,1,1,b005_0672,9,0.002679400029592216
2,cuda,set_attention,forward_resident_inputs,1,1,b004_0029,1,0.0034805999603122473
2,cuda,set_attention,forward_resident_inputs,1,1,b004_0013,6,0.003396300016902387
2,cuda,set_attention,forward_resident_inputs,1,1,b005_0070,6,0.0029242000309750438
2,cuda,set_attention,forward_resident_inputs,1,1,b005_0004,13,0.004808400059118867
2,cuda,set_attention,forward_resident_inputs,1,1,b005_0025,7,0.004209900042042136
2,cuda,set_attention,forward_resident_inputs,1,1,b005_0002,5,0.0026769000105559826
2,cuda,set_attention,forward_resident_inputs,1,1,b005_0047,2,0.004634200013242662
2,cuda,set_attention,forward_resident_inputs,1,1,b005_0033,15,0.003815900068730116
2,cuda,set_attention,forward_resident_inputs,1,1,b005_0049,8,0.0028885999927297235
2,cuda,set_attention,forward_resident_inputs,1,1,b004_0065,3,0.003481400082819164
2,cuda,set_attention,forward_resident_inputs,1,1,b004_0024,4,0.004398899967782199
2,cuda,set_attention,forward_resident_inputs,1,1,b005_0062,2,0.0036669999826699495
2,cuda,set_attention,forward_resident_inputs,1,1,b004_0082,5,0.003634300082921982
2,cuda,set_attention,forward_resident_inputs,1,1,b004_0022,2,0.00418399996124208
2,cuda,set_attention,forward_resident_inputs,1,1,b005_0065,8,0.0027543000178411603
2,cuda,set_attention,forward_resident_inputs,1,1,b004_0070,3,0.004080399987287819
2,cuda,set_attention,forward_resident_inputs,1,1,b005_0019,12,0.0030716999899595976
2,cuda,set_attention,forward_resident_inputs,1,1,b004_0008,3,0.0038789999671280384
2,cuda,set_attention,forward_resident_inputs,1,1,b004_0006,3,0.00369380007032305
2,cuda,set_attention,forward_resident_inputs,1,1,b005_0040,3,0.00540350005030632
2,cuda,set_attention,forward_resident_inputs,1,1,b004_0039,8,0.003361099981702864
2,cuda,set_attention,forward_resident_inputs,1,1,b004_0088,2,0.0037007000064477324
2,cuda,set_attention,forward_resident_inputs,1,1,b004_0012,5,0.0038077000062912703
2,cuda,set_attention,forward_resident_inputs,1,1,b004_0003,4,0.002920700004324317
2,cuda,set_attention,forward_resident_inputs,1,1,b004_0084,3,0.004640200058929622
2,cuda,set_attention,forward_resident_inputs,1,1,b004_0259,5,0.0038790000835433602
2,cuda,set_attention,forward_resident_inputs,1,1,b005_0185,15,0.0032278000144287944
2,cuda,set_attention,forward_resident_inputs,1,1,b005_0160,13,0.0041065000696107745
2,cuda,set_attention,forward_resident_inputs,1,1,b005_0217,2,0.004413399961777031
2,cuda,set_attention,forward_resident_inputs,1,1,b005_0205,11,0.005117400083690882
2,cuda,set_attention,forward_resident_inputs,1,1,b005_0219,10,0.0029878999339416623
2,cuda,set_attention,forward_resident_inputs,1,1,b004_0313,4,0.004319500061683357
2,cuda,set_attention,forward_resident_inputs,1,1,b005_0198,11,0.004289999953471124
2,cuda,set_attention,forward_resident_inputs,1,1,b005_0199,7,0.0028921000193804502
2,cuda,set_attention,forward_resident_inputs,1,1,b005_0211,4,0.003696399973705411
2,cuda,set_attention,forward_resident_inputs,1,1,b005_0209,10,0.004681200021877885
2,cuda,set_attention,forward_resident_inputs,1,1,b004_0140,3,0.0031977000180631876
2,cuda,set_attention,forward_resident_inputs,1,1,b005_0172,3,0.003864500089548528
2,cuda,set_attention,forward_resident_inputs,1,1,b005_0181,12,0.003773299977183342
2,cuda,set_attention,forward_resident_inputs,1,1,b004_0197,1,0.003106500022113323
2,cuda,set_attention,forward_resident_inputs,1,1,b005_0170,7,0.003772399970330298
2,cuda,set_attention,forward_resident_inputs,1,1,b004_0181,4,0.0030176000436767936
2,cuda,set_attention,forward_resident_inputs,1,1,b005_0222,14,0.0035946000134572387
2,cuda,set_attention,forward_resident_inputs,1,1,b005_0196,12,0.0037809000350534916
2,cuda,set_attention,forward_resident_inputs,1,1,b004_0350,2,0.0038254999089986086
2,cuda,set_attention,forward_resident_inputs,1,1,b005_0273,11,0.004425200051628053
2,cuda,set_attention,forward_resident_inputs,1,1,b005_0303,9,0.003614200046285987
2,cuda,set_attention,forward_resident_inputs,1,1,b005_0266,11,0.003853200003504753
2,cuda,set_attention,forward_resident_inputs,1,1,b004_0168,6,0.0031099000480026007
2,cuda,set_attention,forward_resident_inputs,1,1,b005_0290,10,0.003599500050768256
2,cuda,set_attention,forward_resident_inputs,1,1,b004_0342,2,0.0029890999430790544
2,cuda,set_attention,forward_resident_inputs,1,1,b005_0310,1,0.003770299954339862
2,cuda,set_attention,forward_resident_inputs,1,1,b005_0231,8,0.004215000080876052
2,cuda,set_attention,forward_resident_inputs,1,1,b005_0302,14,0.003369400044903159
2,cuda,set_attention,forward_resident_inputs,1,1,b005_0242,6,0.0035584999714046717
2,cuda,set_attention,forward_resident_inputs,1,1,b005_0298,2,0.0037586999824270606
2,cuda,set_attention,forward_resident_inputs,1,1,b004_0263,4,0.003205799963325262
2,cuda,set_attention,forward_resident_inputs,1,1,b005_0493,4,0.003142500063404441
2,cuda,set_attention,forward_resident_inputs,1,1,b005_0503,5,0.002853599959053099
2,cuda,set_attention,forward_resident_inputs,1,1,b004_0282,5,0.003469299990683794
2,cuda,set_attention,forward_resident_inputs,1,1,b005_0508,9,0.0030495000537484884
2,cuda,set_attention,forward_resident_inputs,1,1,b005_0516,1,0.003947300021536648
2,cuda,set_attention,forward_resident_inputs,1,1,b004_0300,5,0.0047605000436306
2,cuda,set_attention,forward_resident_inputs,1,1,b004_0311,2,0.0041467000264674425
2,cuda,set_attention,forward_resident_inputs,1,1,b004_0108,6,0.0031844000332057476
2,cuda,set_attention,forward_resident_inputs,1,1,b005_0482,4,0.0035028000129386783
2,cuda,set_attention,forward_resident_inputs,1,1,b005_0545,14,0.003125700051896274
2,cuda,set_attention,forward_resident_inputs,1,1,b005_0537,5,0.0035070000449195504
2,cuda,set_attention,forward_resident_inputs,1,1,b005_0548,5,0.004441999946720898
2,cuda,set_attention,forward_resident_inputs,1,1,b005_0541,4,0.004814399988390505
2,cuda,set_attention,forward_resident_inputs,1,1,b004_0185,8,0.003374099964275956
2,cuda,set_attention,forward_resident_inputs,1,1,b005_0505,1,0.005486099980771542
2,cuda,set_attention,forward_resident_inputs,1,1,b005_0544,4,0.003633800079114735
2,cuda,set_attention,forward_resident_inputs,1,1,b005_0513,9,0.003116499981842935
2,cuda,set_attention,forward_resident_inputs,1,1,b004_0198,3,0.003657099907286465
2,cuda,set_attention,forward_resident_inputs,1,1,b004_0154,8,0.004733299952931702
2,cuda,set_attention,forward_resident_inputs,1,1,b005_0345,4,0.004468900035135448
2,cuda,set_attention,forward_resident_inputs,1,1,b004_0106,3,0.002965899999253452
2,cuda,set_attention,forward_resident_inputs,1,1,b005_0356,2,0.004130600020289421
2,cuda,set_attention,forward_resident_inputs,1,1,b004_0270,2,0.003690500045195222
2,cuda,set_attention,forward_resident_inputs,1,1,b005_0376,3,0.0029968000017106533
2,cuda,set_attention,forward_resident_inputs,1,1,b005_0323,11,0.003755899961106479
2,cuda,set_attention,forward_resident_inputs,1,1,b005_0380,7,0.0029213998932391405
2,cuda,set_attention,forward_resident_inputs,1,1,b004_0192,3,0.003984000068157911
2,cuda,set_attention,forward_resident_inputs,1,1,b005_0350,4,0.0036389000015333295
2,cuda,set_attention,forward_resident_inputs,1,1,b004_0115,3,0.0027602999471127987
2,cuda,set_attention,forward_resident_inputs,1,1,b004_0367,5,0.00350829993840307
2,cuda,set_attention,forward_resident_inputs,1,1,b004_0378,8,0.004384900094009936
2,cuda,set_attention,forward_resident_inputs,1,1,b005_0361,8,0.0028448000084608793
2,cuda,set_attention,forward_resident_inputs,1,1,b005_0378,11,0.003110299934633076
2,cuda,set_attention,forward_resident_inputs,1,1,b005_0714,3,0.0027158999582752585
2,cuda,set_attention,forward_resident_inputs,1,1,b005_0792,6,0.0035346000222489238
2,cuda,set_attention,forward_resident_inputs,1,1,b005_0773,7,0.0027984000043943524
2,cuda,set_attention,forward_resident_inputs,1,1,b005_0723,1,0.0032368999673053622
2,cuda,set_attention,forward_resident_inputs,1,1,b005_0799,8,0.0026427999837324023
2,cuda,set_attention,forward_resident_inputs,1,1,b005_0786,2,0.0034691999899223447
2,cuda,set_attention,forward_resident_inputs,1,1,b005_0783,4,0.0038581000408157706
2,cuda,set_attention,forward_resident_inputs,1,1,b005_0805,10,0.0029881999362260103
2,cuda,set_attention,forward_resident_inputs,1,1,b005_0736,3,0.0035342000192031264
2,cuda,set_attention,forward_resident_inputs,1,1,b005_0758,8,0.002698899945244193
2,cuda,set_attention,forward_resident_inputs,1,1,b005_0737,15,0.003278199932537973
2,cuda,set_attention,forward_resident_inputs,1,1,b005_0784,1,0.002642100094817579
2,cuda,set_attention,forward_resident_inputs,1,1,b005_0733,1,0.003365800017490983
2,cuda,set_attention,forward_resident_inputs,1,1,b005_0774,14,0.0027674000011757016
2,cuda,set_attention,forward_resident_inputs,1,1,b005_0757,9,0.0036059999838471413
2,cuda,set_attention,forward_resident_inputs,1,1,b005_0727,2,0.003450099960900843
2,cuda,set_attention,common_input_to_host_output,1,1,b005_0092,3,0.0036654999712482095
2,cuda,set_attention,common_input_to_host_output,1,1,b004_0388,1,0.004639599937945604
2,cuda,set_attention,common_input_to_host_output,1,1,b004_0356,6,0.005696399952284992
2,cuda,set_attention,common_input_to_host_output,1,1,b005_0086,11,0.003516900003887713
2,cuda,set_attention,common_input_to_host_output,1,1,b005_0119,7,0.0038890999276190996
2,cuda,set_attention,common_input_to_host_output,1,1,b005_0098,7,0.0041105999844148755
2,cuda,set_attention,common_input_to_host_output,1,1,b004_0253,3,0.0034504999639466405
2,cuda,set_attention,common_input_to_host_output,1,1,b005_0107,1,0.003495700075291097
2,cuda,set_attention,common_input_to_host_output,1,1,b004_0277,8,0.0033759999787434936
2,cuda,set_attention,common_input_to_host_output,1,1,b004_0258,4,0.005911999964155257
2,cuda,set_attention,common_input_to_host_output,1,1,b005_0121,4,0.005264100036583841
2,cuda,set_attention,common_input_to_host_output,1,1,b005_0087,5,0.004374200012534857
2,cuda,set_attention,common_input_to_host_output,1,1,b005_0120,3,0.0041195000521838665
2,cuda,set_attention,common_input_to_host_output,1,1,b005_0133,13,0.0036062999861314893
2,cuda,set_attention,common_input_to_host_output,1,1,b004_0244,1,0.0039029999170452356
2,cuda,set_attention,common_input_to_host_output,1,1,b005_0628,10,0.004172000102698803
2,cuda,set_attention,common_input_to_host_output,1,1,b005_0575,3,0.0038366999942809343
2,cuda,set_attention,common_input_to_host_output,1,1,b005_0569,4,0.004282899899408221
2,cuda,set_attention,common_input_to_host_output,1,1,b005_0629,4,0.005179000087082386
2,cuda,set_attention,common_input_to_host_output,1,1,b005_0651,14,0.005641800002194941
2,cuda,set_attention,common_input_to_host_output,1,1,b005_0559,6,0.003938499954529107
2,cuda,set_attention,common_input_to_host_output,1,1,b005_0627,10,0.0033597000874578953
2,cuda,set_attention,common_input_to_host_output,1,1,b005_0610,7,0.004589200019836426
2,cuda,set_attention,common_input_to_host_output,1,1,b005_0626,9,0.003906499943695962
2,cuda,set_attention,common_input_to_host_output,1,1,b005_0612,10,0.00505659996997565
2,cuda,set_attention,common_input_to_host_output,1,1,b005_0554,8,0.00348169996868819
2,cuda,set_attention,common_input_to_host_output,1,1,b005_0578,7,0.004853700054809451
2,cuda,set_attention,common_input_to_host_output,1,1,b005_0604,13,0.005698600085452199
2,cuda,set_attention,common_input_to_host_output,1,1,b005_0442,7,0.004068100010044873
2,cuda,set_attention,common_input_to_host_output,1,1,b005_0470,3,0.0037112999707460403
2,cuda,set_attention,common_input_to_host_output,1,1,b005_0446,9,0.004745000042021275
2,cuda,set_attention,common_input_to_host_output,1,1,b005_0434,1,0.003959299996495247
2,cuda,set_attention,common_input_to_host_output,1,1,b005_0431,9,0.0045894000213593245
2,cuda,set_attention,common_input_to_host_output,1,1,b005_0460,2,0.0035657999105751514
2,cuda,set_attention,common_input_to_host_output,1,1,b005_0438,5,0.0047203999711200595
2,cuda,set_attention,common_input_to_host_output,1,1,b005_0444,9,0.004572800011374056
2,cuda,set_attention,common_input_to_host_output,1,1,b004_0349,8,0.0039212999399751425
2,cuda,set_attention,common_input_to_host_output,1,1,b005_0465,10,0.004657100071199238
2,cuda,set_attention,common_input_to_host_output,1,1,b004_0326,6,0.004376199911348522
2,cuda,set_attention,common_input_to_host_output,1,1,b005_0418,4,0.004924600012600422
2,cuda,set_attention,common_input_to_host_output,1,1,b004_0217,2,0.003951999940909445
2,cuda,set_attention,common_input_to_host_output,1,1,b004_0215,2,0.003226200002245605
2,cuda,set_attention,common_input_to_host_output,1,1,b005_0449,10,0.0038545000134035945
2,cuda,set_attention,common_input_to_host_output,1,1,b004_0241,2,0.003260800032876432
2,cuda,set_attention,common_input_to_host_output,1,1,b004_0321,1,0.00445530004799366
2,cuda,set_attention,common_input_to_host_output,1,1,b005_0467,11,0.0039709999691694975
2,cuda,set_attention,common_input_to_host_output,1,1,b005_0684,8,0.004738899995572865
2,cuda,set_attention,common_input_to_host_output,1,1,b005_0654,3,0.004669399932026863
2,cuda,set_attention,common_input_to_host_output,1,1,b005_0688,4,0.004171099979430437
2,cuda,set_attention,common_input_to_host_output,1,1,b005_0680,11,0.004961299942806363
2,cuda,set_attention,common_input_to_host_output,1,1,b005_0690,5,0.003977400017902255
2,cuda,set_attention,common_input_to_host_output,1,1,b005_0660,8,0.00324330001603812
2,cuda,set_attention,common_input_to_host_output,1,1,b005_0709,11,0.004004499991424382
2,cuda,set_attention,common_input_to_host_output,1,1,b005_0672,9,0.004198299953714013
2,cuda,set_attention,common_input_to_host_output,1,1,b004_0029,1,0.0035658000269904733
2,cuda,set_attention,common_input_to_host_output,1,1,b004_0013,6,0.0050894999876618385
2,cuda,set_attention,common_input_to_host_output,1,1,b005_0070,6,0.0038611999480053782
2,cuda,set_attention,common_input_to_host_output,1,1,b005_0004,13,0.0033599999733269215
2,cuda,set_attention,common_input_to_host_output,1,1,b005_0025,7,0.004305800073780119
2,cuda,set_attention,common_input_to_host_output,1,1,b005_0002,5,0.003935500048100948
2,cuda,set_attention,common_input_to_host_output,1,1,b005_0047,2,0.0031172999879345298
2,cuda,set_attention,common_input_to_host_output,1,1,b005_0033,15,0.004665000014938414
2,cuda,set_attention,common_input_to_host_output,1,1,b005_0049,8,0.004193999920971692
2,cuda,set_attention,common_input_to_host_output,1,1,b004_0065,3,0.004395199939608574
2,cuda,set_attention,common_input_to_host_output,1,1,b004_0024,4,0.0035397999454289675
2,cuda,set_attention,common_input_to_host_output,1,1,b005_0062,2,0.0038379000034183264
2,cuda,set_attention,common_input_to_host_output,1,1,b004_0082,5,0.004868999938480556
2,cuda,set_attention,common_input_to_host_output,1,1,b004_0022,2,0.003332100110128522
2,cuda,set_attention,common_input_to_host_output,1,1,b005_0065,8,0.004140199976973236
2,cuda,set_attention,common_input_to_host_output,1,1,b004_0070,3,0.003976200008764863
2,cuda,set_attention,common_input_to_host_output,1,1,b005_0019,12,0.003855800023302436
2,cuda,set_attention,common_input_to_host_output,1,1,b004_0008,3,0.004405600018799305
2,cuda,set_attention,common_input_to_host_output,1,1,b004_0006,3,0.004003599984571338
2,cuda,set_attention,common_input_to_host_output,1,1,b005_0040,3,0.003200499922968447
2,cuda,set_attention,common_input_to_host_output,1,1,b004_0039,8,0.004052100004628301
2,cuda,set_attention,common_input_to_host_output,1,1,b004_0088,2,0.0036642999621108174
2,cuda,set_attention,common_input_to_host_output,1,1,b004_0012,5,0.002998200012370944
2,cuda,set_attention,common_input_to_host_output,1,1,b004_0003,4,0.00439760007429868
2,cuda,set_attention,common_input_to_host_output,1,1,b004_0084,3,0.0038287999341264367
2,cuda,set_attention,common_input_to_host_output,1,1,b004_0259,5,0.0034078999888151884
2,cuda,set_attention,common_input_to_host_output,1,1,b005_0185,15,0.0044528000289574265
2,cuda,set_attention,common_input_to_host_output,1,1,b005_0160,13,0.004325099987909198
2,cuda,set_attention,common_input_to_host_output,1,1,b005_0217,2,0.003069199970923364
2,cuda,set_attention,common_input_to_host_output,1,1,b005_0205,11,0.0037995000602677464
2,cuda,set_attention,common_input_to_host_output,1,1,b005_0219,10,0.0032595000229775906
2,cuda,set_attention,common_input_to_host_output,1,1,b004_0313,4,0.004165000049397349
2,cuda,set_attention,common_input_to_host_output,1,1,b005_0198,11,0.003967400058172643
2,cuda,set_attention,common_input_to_host_output,1,1,b005_0199,7,0.0031780999852344394
2,cuda,set_attention,common_input_to_host_output,1,1,b005_0211,4,0.006607300019823015
2,cuda,set_attention,common_input_to_host_output,1,1,b005_0209,10,0.003988599986769259
2,cuda,set_attention,common_input_to_host_output,1,1,b004_0140,3,0.00498870003502816
2,cuda,set_attention,common_input_to_host_output,1,1,b005_0172,3,0.00372769997920841
2,cuda,set_attention,common_input_to_host_output,1,1,b005_0181,12,0.0035278000868856907
2,cuda,set_attention,common_input_to_host_output,1,1,b004_0197,1,0.0038050999864935875
2,cuda,set_attention,common_input_to_host_output,1,1,b005_0170,7,0.00391740002669394
2,cuda,set_attention,common_input_to_host_output,1,1,b004_0181,4,0.003095799940638244
2,cuda,set_attention,common_input_to_host_output,1,1,b005_0222,14,0.005097499932162464
2,cuda,set_attention,common_input_to_host_output,1,1,b005_0196,12,0.005466299946419895
2,cuda,set_attention,common_input_to_host_output,1,1,b004_0350,2,0.0038372999988496304
2,cuda,set_attention,common_input_to_host_output,1,1,b005_0273,11,0.0034496000735089183
2,cuda,set_attention,common_input_to_host_output,1,1,b005_0303,9,0.003909600083716214
2,cuda,set_attention,common_input_to_host_output,1,1,b005_0266,11,0.003798399935476482
2,cuda,set_attention,common_input_to_host_output,1,1,b004_0168,6,0.003979400033131242
2,cuda,set_attention,common_input_to_host_output,1,1,b005_0290,10,0.004027700051665306
2,cuda,set_attention,common_input_to_host_output,1,1,b004_0342,2,0.005539000034332275
2,cuda,set_attention,common_input_to_host_output,1,1,b005_0310,1,0.0032016000477597117
2,cuda,set_attention,common_input_to_host_output,1,1,b005_0231,8,0.0039425999857485294
2,cuda,set_attention,common_input_to_host_output,1,1,b005_0302,14,0.004266600008122623
2,cuda,set_attention,common_input_to_host_output,1,1,b005_0242,6,0.0044507000129669905
2,cuda,set_attention,common_input_to_host_output,1,1,b005_0298,2,0.0030798999359831214
2,cuda,set_attention,common_input_to_host_output,1,1,b004_0263,4,0.004268100019544363
2,cuda,set_attention,common_input_to_host_output,1,1,b005_0493,4,0.0030353000620380044
2,cuda,set_attention,common_input_to_host_output,1,1,b005_0503,5,0.00457230000756681
2,cuda,set_attention,common_input_to_host_output,1,1,b004_0282,5,0.005838499986566603
2,cuda,set_attention,common_input_to_host_output,1,1,b005_0508,9,0.004071599920280278
2,cuda,set_attention,common_input_to_host_output,1,1,b005_0516,1,0.004001400084234774
2,cuda,set_attention,common_input_to_host_output,1,1,b004_0300,5,0.004301600041799247
2,cuda,set_attention,common_input_to_host_output,1,1,b004_0311,2,0.004216999979689717
2,cuda,set_attention,common_input_to_host_output,1,1,b004_0108,6,0.00452179997228086
2,cuda,set_attention,common_input_to_host_output,1,1,b005_0482,4,0.0034964000806212425
2,cuda,set_attention,common_input_to_host_output,1,1,b005_0545,14,0.005253400071524084
2,cuda,set_attention,common_input_to_host_output,1,1,b005_0537,5,0.004741799901239574
2,cuda,set_attention,common_input_to_host_output,1,1,b005_0548,5,0.004087500041350722
2,cuda,set_attention,common_input_to_host_output,1,1,b005_0541,4,0.0031985000241547823
2,cuda,set_attention,common_input_to_host_output,1,1,b004_0185,8,0.004005700000561774
2,cuda,set_attention,common_input_to_host_output,1,1,b005_0505,1,0.0036527999909594655
2,cuda,set_attention,common_input_to_host_output,1,1,b005_0544,4,0.0031563000520691276
2,cuda,set_attention,common_input_to_host_output,1,1,b005_0513,9,0.0037675000494346023
2,cuda,set_attention,common_input_to_host_output,1,1,b004_0198,3,0.003191900090314448
2,cuda,set_attention,common_input_to_host_output,1,1,b004_0154,8,0.004284600028768182
2,cuda,set_attention,common_input_to_host_output,1,1,b005_0345,4,0.003928899997845292
2,cuda,set_attention,common_input_to_host_output,1,1,b004_0106,3,0.003424700000323355
2,cuda,set_attention,common_input_to_host_output,1,1,b005_0356,2,0.0036536999978125095
2,cuda,set_attention,common_input_to_host_output,1,1,b004_0270,2,0.0044698999263346195
2,cuda,set_attention,common_input_to_host_output,1,1,b005_0376,3,0.0036622999468818307
2,cuda,set_attention,common_input_to_host_output,1,1,b005_0323,11,0.0035826999228447676
2,cuda,set_attention,common_input_to_host_output,1,1,b005_0380,7,0.0035161999985575676
2,cuda,set_attention,common_input_to_host_output,1,1,b004_0192,3,0.0038777999579906464
2,cuda,set_attention,common_input_to_host_output,1,1,b005_0350,4,0.004590800032019615
2,cuda,set_attention,common_input_to_host_output,1,1,b004_0115,3,0.004802199895493686
2,cuda,set_attention,common_input_to_host_output,1,1,b004_0367,5,0.004307799972593784
2,cuda,set_attention,common_input_to_host_output,1,1,b004_0378,8,0.0032228000927716494
2,cuda,set_attention,common_input_to_host_output,1,1,b005_0361,8,0.0042818000074476
2,cuda,set_attention,common_input_to_host_output,1,1,b005_0378,11,0.004142799996770918
2,cuda,set_attention,common_input_to_host_output,1,1,b005_0714,3,0.0030282000079751015
2,cuda,set_attention,common_input_to_host_output,1,1,b005_0792,6,0.005063800024800003
2,cuda,set_attention,common_input_to_host_output,1,1,b005_0773,7,0.00417069997638464
2,cuda,set_attention,common_input_to_host_output,1,1,b005_0723,1,0.0030866999877616763
2,cuda,set_attention,common_input_to_host_output,1,1,b005_0799,8,0.004163699923083186
2,cuda,set_attention,common_input_to_host_output,1,1,b005_0786,2,0.003858799929730594
2,cuda,set_attention,common_input_to_host_output,1,1,b005_0783,4,0.003195099998265505
2,cuda,set_attention,common_input_to_host_output,1,1,b005_0805,10,0.00525970000308007
2,cuda,set_attention,common_input_to_host_output,1,1,b005_0736,3,0.0037435999838635325
2,cuda,set_attention,common_input_to_host_output,1,1,b005_0758,8,0.003585300059057772
2,cuda,set_attention,common_input_to_host_output,1,1,b005_0737,15,0.00480759993661195
2,cuda,set_attention,common_input_to_host_output,1,1,b005_0784,1,0.0039055999368429184
2,cuda,set_attention,common_input_to_host_output,1,1,b005_0733,1,0.004674800089560449
2,cuda,set_attention,common_input_to_host_output,1,1,b005_0774,14,0.0037598999915644526
2,cuda,set_attention,common_input_to_host_output,1,1,b005_0757,9,0.004905999987386167
2,cuda,set_attention,common_input_to_host_output,1,1,b005_0727,2,0.0035601999843493104
2,cuda,set_attention,forward_resident_inputs,32,32,b005_0092|b004_0388|b004_0356|b005_0086|b005_0119|b005_0098|b004_0253|b005_0107|b004_0277|b004_0258|b005_0121|b005_0087|b005_0120|b005_0133|b004_0244|b005_0628|b005_0575|b005_0569|b005_0629|b005_0651|b005_0559|b005_0627|b005_0610|b005_0626|b005_0612|b005_0554|b005_0578|b005_0604|b005_0442|b005_0470|b005_0446|b005_0434,3|1|6|11|7|7|3|1|8|4|4|5|3|13|1|10|3|4|4|14|6|10|7|9|10|8|7|13|7|3|9|1,0.008392199990339577
2,cuda,set_attention,forward_resident_inputs,32,32,b005_0431|b005_0460|b005_0438|b005_0444|b004_0349|b005_0465|b004_0326|b005_0418|b004_0217|b004_0215|b005_0449|b004_0241|b004_0321|b005_0467|b005_0684|b005_0654|b005_0688|b005_0680|b005_0690|b005_0660|b005_0709|b005_0672|b004_0029|b004_0013|b005_0070|b005_0004|b005_0025|b005_0002|b005_0047|b005_0033|b005_0049|b004_0065,9|2|5|9|8|10|6|4|2|2|10|2|1|11|8|3|4|11|5|8|11|9|1|6|6|13|7|5|2|15|8|3,0.006985999993048608
2,cuda,set_attention,forward_resident_inputs,32,32,b004_0024|b005_0062|b004_0082|b004_0022|b005_0065|b004_0070|b005_0019|b004_0008|b004_0006|b005_0040|b004_0039|b004_0088|b004_0012|b004_0003|b004_0084|b004_0259|b005_0185|b005_0160|b005_0217|b005_0205|b005_0219|b004_0313|b005_0198|b005_0199|b005_0211|b005_0209|b004_0140|b005_0172|b005_0181|b004_0197|b005_0170|b004_0181,4|2|5|2|8|3|12|3|3|3|8|2|5|4|3|5|15|13|2|11|10|4|11|7|4|10|3|3|12|1|7|4,0.007404000032693148
2,cuda,set_attention,forward_resident_inputs,32,32,b005_0222|b005_0196|b004_0350|b005_0273|b005_0303|b005_0266|b004_0168|b005_0290|b004_0342|b005_0310|b005_0231|b005_0302|b005_0242|b005_0298|b004_0263|b005_0493|b005_0503|b004_0282|b005_0508|b005_0516|b004_0300|b004_0311|b004_0108|b005_0482|b005_0545|b005_0537|b005_0548|b005_0541|b004_0185|b005_0505|b005_0544|b005_0513,14|12|2|11|9|11|6|10|2|1|8|14|6|2|4|4|5|5|9|1|5|2|6|4|14|5|5|4|8|1|4|9,0.006719899945892394
2,cuda,set_attention,forward_resident_inputs,32,32,b004_0198|b004_0154|b005_0345|b004_0106|b005_0356|b004_0270|b005_0376|b005_0323|b005_0380|b004_0192|b005_0350|b004_0115|b004_0367|b004_0378|b005_0361|b005_0378|b005_0714|b005_0792|b005_0773|b005_0723|b005_0799|b005_0786|b005_0783|b005_0805|b005_0736|b005_0758|b005_0737|b005_0784|b005_0733|b005_0774|b005_0757|b005_0727,3|8|4|3|2|2|3|11|7|3|4|3|5|8|8|11|3|6|7|1|8|2|4|10|3|8|15|1|1|14|9|2,0.0073382999980822206
2,cuda,set_attention,common_input_to_host_output,32,32,b005_0092|b004_0388|b004_0356|b005_0086|b005_0119|b005_0098|b004_0253|b005_0107|b004_0277|b004_0258|b005_0121|b005_0087|b005_0120|b005_0133|b004_0244|b005_0628|b005_0575|b005_0569|b005_0629|b005_0651|b005_0559|b005_0627|b005_0610|b005_0626|b005_0612|b005_0554|b005_0578|b005_0604|b005_0442|b005_0470|b005_0446|b005_0434,3|1|6|11|7|7|3|1|8|4|4|5|3|13|1|10|3|4|4|14|6|10|7|9|10|8|7|13|7|3|9|1,0.020503500010818243
2,cuda,set_attention,common_input_to_host_output,32,32,b005_0431|b005_0460|b005_0438|b005_0444|b004_0349|b005_0465|b004_0326|b005_0418|b004_0217|b004_0215|b005_0449|b004_0241|b004_0321|b005_0467|b005_0684|b005_0654|b005_0688|b005_0680|b005_0690|b005_0660|b005_0709|b005_0672|b004_0029|b004_0013|b005_0070|b005_0004|b005_0025|b005_0002|b005_0047|b005_0033|b005_0049|b004_0065,9|2|5|9|8|10|6|4|2|2|10|2|1|11|8|3|4|11|5|8|11|9|1|6|6|13|7|5|2|15|8|3,0.01902939996216446
2,cuda,set_attention,common_input_to_host_output,32,32,b004_0024|b005_0062|b004_0082|b004_0022|b005_0065|b004_0070|b005_0019|b004_0008|b004_0006|b005_0040|b004_0039|b004_0088|b004_0012|b004_0003|b004_0084|b004_0259|b005_0185|b005_0160|b005_0217|b005_0205|b005_0219|b004_0313|b005_0198|b005_0199|b005_0211|b005_0209|b004_0140|b005_0172|b005_0181|b004_0197|b005_0170|b004_0181,4|2|5|2|8|3|12|3|3|3|8|2|5|4|3|5|15|13|2|11|10|4|11|7|4|10|3|3|12|1|7|4,0.020075100008398294
2,cuda,set_attention,common_input_to_host_output,32,32,b005_0222|b005_0196|b004_0350|b005_0273|b005_0303|b005_0266|b004_0168|b005_0290|b004_0342|b005_0310|b005_0231|b005_0302|b005_0242|b005_0298|b004_0263|b005_0493|b005_0503|b004_0282|b005_0508|b005_0516|b004_0300|b004_0311|b004_0108|b005_0482|b005_0545|b005_0537|b005_0548|b005_0541|b004_0185|b005_0505|b005_0544|b005_0513,14|12|2|11|9|11|6|10|2|1|8|14|6|2|4|4|5|5|9|1|5|2|6|4|14|5|5|4|8|1|4|9,0.01599349989555776
2,cuda,set_attention,common_input_to_host_output,32,32,b004_0198|b004_0154|b005_0345|b004_0106|b005_0356|b004_0270|b005_0376|b005_0323|b005_0380|b004_0192|b005_0350|b004_0115|b004_0367|b004_0378|b005_0361|b005_0378|b005_0714|b005_0792|b005_0773|b005_0723|b005_0799|b005_0786|b005_0783|b005_0805|b005_0736|b005_0758|b005_0737|b005_0784|b005_0733|b005_0774|b005_0757|b005_0727,3|8|4|3|2|2|3|11|7|3|4|3|5|8|8|11|3|6|7|1|8|2|4|10|3|8|15|1|1|14|9|2,0.01686520001385361
2,cuda,capacity_matched_deepsets,forward_resident_inputs,1,1,b005_0092,3,0.0010924999369308352
2,cuda,capacity_matched_deepsets,forward_resident_inputs,1,1,b004_0388,1,0.0023706000065431
2,cuda,capacity_matched_deepsets,forward_resident_inputs,1,1,b004_0356,6,0.0011362000368535519
2,cuda,capacity_matched_deepsets,forward_resident_inputs,1,1,b005_0086,11,0.001227600034326315
2,cuda,capacity_matched_deepsets,forward_resident_inputs,1,1,b005_0119,7,0.0012330999597907066
2,cuda,capacity_matched_deepsets,forward_resident_inputs,1,1,b005_0098,7,0.0012559000169858336
2,cuda,capacity_matched_deepsets,forward_resident_inputs,1,1,b004_0253,3,0.0011200999142602086
2,cuda,capacity_matched_deepsets,forward_resident_inputs,1,1,b005_0107,1,0.0011261999607086182
2,cuda,capacity_matched_deepsets,forward_resident_inputs,1,1,b004_0277,8,0.0020353998988866806
2,cuda,capacity_matched_deepsets,forward_resident_inputs,1,1,b004_0258,4,0.002010200056247413
2,cuda,capacity_matched_deepsets,forward_resident_inputs,1,1,b005_0121,4,0.0011473000049591064
2,cuda,capacity_matched_deepsets,forward_resident_inputs,1,1,b005_0087,5,0.0019403999904170632
2,cuda,capacity_matched_deepsets,forward_resident_inputs,1,1,b005_0120,3,0.0011978999245911837
2,cuda,capacity_matched_deepsets,forward_resident_inputs,1,1,b005_0133,13,0.0020949000027030706
2,cuda,capacity_matched_deepsets,forward_resident_inputs,1,1,b004_0244,1,0.0015070999506860971
2,cuda,capacity_matched_deepsets,forward_resident_inputs,1,1,b005_0628,10,0.0015213999431580305
2,cuda,capacity_matched_deepsets,forward_resident_inputs,1,1,b005_0575,3,0.0011036000214517117
2,cuda,capacity_matched_deepsets,forward_resident_inputs,1,1,b005_0569,4,0.0011600999860092998
2,cuda,capacity_matched_deepsets,forward_resident_inputs,1,1,b005_0629,4,0.0018196000019088387
2,cuda,capacity_matched_deepsets,forward_resident_inputs,1,1,b005_0651,14,0.0012143999338150024
2,cuda,capacity_matched_deepsets,forward_resident_inputs,1,1,b005_0559,6,0.0011119000846520066
2,cuda,capacity_matched_deepsets,forward_resident_inputs,1,1,b005_0627,10,0.0010868000099435449
2,cuda,capacity_matched_deepsets,forward_resident_inputs,1,1,b005_0610,7,0.002092299982905388
2,cuda,capacity_matched_deepsets,forward_resident_inputs,1,1,b005_0626,9,0.001357699977234006
2,cuda,capacity_matched_deepsets,forward_resident_inputs,1,1,b005_0612,10,0.0012102000182494521
2,cuda,capacity_matched_deepsets,forward_resident_inputs,1,1,b005_0554,8,0.00115430005826056
2,cuda,capacity_matched_deepsets,forward_resident_inputs,1,1,b005_0578,7,0.001608200022019446
2,cuda,capacity_matched_deepsets,forward_resident_inputs,1,1,b005_0604,13,0.0015103000914677978
2,cuda,capacity_matched_deepsets,forward_resident_inputs,1,1,b005_0442,7,0.0011603001039475203
2,cuda,capacity_matched_deepsets,forward_resident_inputs,1,1,b005_0470,3,0.0011289999820291996
2,cuda,capacity_matched_deepsets,forward_resident_inputs,1,1,b005_0446,9,0.002313000033609569
2,cuda,capacity_matched_deepsets,forward_resident_inputs,1,1,b005_0434,1,0.0011418999638408422
2,cuda,capacity_matched_deepsets,forward_resident_inputs,1,1,b005_0431,9,0.001089200028218329
2,cuda,capacity_matched_deepsets,forward_resident_inputs,1,1,b005_0460,2,0.0013970999279990792
2,cuda,capacity_matched_deepsets,forward_resident_inputs,1,1,b005_0438,5,0.0029415999306365848
2,cuda,capacity_matched_deepsets,forward_resident_inputs,1,1,b005_0444,9,0.0011309999972581863
2,cuda,capacity_matched_deepsets,forward_resident_inputs,1,1,b004_0349,8,0.0024310998851433396
2,cuda,capacity_matched_deepsets,forward_resident_inputs,1,1,b005_0465,10,0.0019309999188408256
2,cuda,capacity_matched_deepsets,forward_resident_inputs,1,1,b004_0326,6,0.0011119999689981341
2,cuda,capacity_matched_deepsets,forward_resident_inputs,1,1,b005_0418,4,0.0010864000068977475
2,cuda,capacity_matched_deepsets,forward_resident_inputs,1,1,b004_0217,2,0.002044200082309544
2,cuda,capacity_matched_deepsets,forward_resident_inputs,1,1,b004_0215,2,0.0011934000067412853
2,cuda,capacity_matched_deepsets,forward_resident_inputs,1,1,b005_0449,10,0.00120900000911206
2,cuda,capacity_matched_deepsets,forward_resident_inputs,1,1,b004_0241,2,0.0014454999472945929
2,cuda,capacity_matched_deepsets,forward_resident_inputs,1,1,b004_0321,1,0.0016590000595897436
2,cuda,capacity_matched_deepsets,forward_resident_inputs,1,1,b005_0467,11,0.0011408000718802214
2,cuda,capacity_matched_deepsets,forward_resident_inputs,1,1,b005_0684,8,0.0011219000443816185
2,cuda,capacity_matched_deepsets,forward_resident_inputs,1,1,b005_0654,3,0.0012169999536126852
2,cuda,capacity_matched_deepsets,forward_resident_inputs,1,1,b005_0688,4,0.0015449000056833029
2,cuda,capacity_matched_deepsets,forward_resident_inputs,1,1,b005_0680,11,0.001089800032787025
2,cuda,capacity_matched_deepsets,forward_resident_inputs,1,1,b005_0690,5,0.001173799973912537
2,cuda,capacity_matched_deepsets,forward_resident_inputs,1,1,b005_0660,8,0.001165200024843216
2,cuda,capacity_matched_deepsets,forward_resident_inputs,1,1,b005_0709,11,0.0021634999429807067
2,cuda,capacity_matched_deepsets,forward_resident_inputs,1,1,b005_0672,9,0.0012437999248504639
2,cuda,capacity_matched_deepsets,forward_resident_inputs,1,1,b004_0029,1,0.0018743999535217881
2,cuda,capacity_matched_deepsets,forward_resident_inputs,1,1,b004_0013,6,0.00224609998986125
2,cuda,capacity_matched_deepsets,forward_resident_inputs,1,1,b005_0070,6,0.0014112999197095633
2,cuda,capacity_matched_deepsets,forward_resident_inputs,1,1,b005_0004,13,0.0019533999729901552
2,cuda,capacity_matched_deepsets,forward_resident_inputs,1,1,b005_0025,7,0.0018884999444708228
2,cuda,capacity_matched_deepsets,forward_resident_inputs,1,1,b005_0002,5,0.0011055999202653766
2,cuda,capacity_matched_deepsets,forward_resident_inputs,1,1,b005_0047,2,0.0010878000175580382
2,cuda,capacity_matched_deepsets,forward_resident_inputs,1,1,b005_0033,15,0.0011485000140964985
2,cuda,capacity_matched_deepsets,forward_resident_inputs,1,1,b005_0049,8,0.0023738000309094787
2,cuda,capacity_matched_deepsets,forward_resident_inputs,1,1,b004_0065,3,0.00112289993558079
2,cuda,capacity_matched_deepsets,forward_resident_inputs,1,1,b004_0024,4,0.0011335000162944198
2,cuda,capacity_matched_deepsets,forward_resident_inputs,1,1,b005_0062,2,0.0011749999830499291
2,cuda,capacity_matched_deepsets,forward_resident_inputs,1,1,b004_0082,5,0.001864899997599423
2,cuda,capacity_matched_deepsets,forward_resident_inputs,1,1,b004_0022,2,0.0011676999274641275
2,cuda,capacity_matched_deepsets,forward_resident_inputs,1,1,b005_0065,8,0.0012632999569177628
2,cuda,capacity_matched_deepsets,forward_resident_inputs,1,1,b004_0070,3,0.0012716000201180577
2,cuda,capacity_matched_deepsets,forward_resident_inputs,1,1,b005_0019,12,0.0016616999637335539
2,cuda,capacity_matched_deepsets,forward_resident_inputs,1,1,b004_0008,3,0.0012898000422865152
2,cuda,capacity_matched_deepsets,forward_resident_inputs,1,1,b004_0006,3,0.0011335000162944198
2,cuda,capacity_matched_deepsets,forward_resident_inputs,1,1,b005_0040,3,0.001389399985782802
2,cuda,capacity_matched_deepsets,forward_resident_inputs,1,1,b004_0039,8,0.0016644999850541353
2,cuda,capacity_matched_deepsets,forward_resident_inputs,1,1,b004_0088,2,0.0017760000191628933
2,cuda,capacity_matched_deepsets,forward_resident_inputs,1,1,b004_0012,5,0.0011279999744147062
2,cuda,capacity_matched_deepsets,forward_resident_inputs,1,1,b004_0003,4,0.002574700047262013
2,cuda,capacity_matched_deepsets,forward_resident_inputs,1,1,b004_0084,3,0.0013760000001639128
2,cuda,capacity_matched_deepsets,forward_resident_inputs,1,1,b004_0259,5,0.001090100035071373
2,cuda,capacity_matched_deepsets,forward_resident_inputs,1,1,b005_0185,15,0.0021409000037238
2,cuda,capacity_matched_deepsets,forward_resident_inputs,1,1,b005_0160,13,0.001627099933102727
2,cuda,capacity_matched_deepsets,forward_resident_inputs,1,1,b005_0217,2,0.0011126999743282795
2,cuda,capacity_matched_deepsets,forward_resident_inputs,1,1,b005_0205,11,0.0013427999801933765
2,cuda,capacity_matched_deepsets,forward_resident_inputs,1,1,b005_0219,10,0.0017102999845519662
2,cuda,capacity_matched_deepsets,forward_resident_inputs,1,1,b004_0313,4,0.0012114000273868442
2,cuda,capacity_matched_deepsets,forward_resident_inputs,1,1,b005_0198,11,0.0011767999967560172
2,cuda,capacity_matched_deepsets,forward_resident_inputs,1,1,b005_0199,7,0.002076899982057512
2,cuda,capacity_matched_deepsets,forward_resident_inputs,1,1,b005_0211,4,0.0012861000141128898
2,cuda,capacity_matched_deepsets,forward_resident_inputs,1,1,b005_0209,10,0.0013380999444052577
2,cuda,capacity_matched_deepsets,forward_resident_inputs,1,1,b004_0140,3,0.0012937999563291669
2,cuda,capacity_matched_deepsets,forward_resident_inputs,1,1,b005_0172,3,0.0031336999963968992
2,cuda,capacity_matched_deepsets,forward_resident_inputs,1,1,b005_0181,12,0.0016290999483317137
2,cuda,capacity_matched_deepsets,forward_resident_inputs,1,1,b004_0197,1,0.0013380000600591302
2,cuda,capacity_matched_deepsets,forward_resident_inputs,1,1,b005_0170,7,0.0028654999332502484
2,cuda,capacity_matched_deepsets,forward_resident_inputs,1,1,b004_0181,4,0.0011642000172287226
2,cuda,capacity_matched_deepsets,forward_resident_inputs,1,1,b005_0222,14,0.0011642000172287226
2,cuda,capacity_matched_deepsets,forward_resident_inputs,1,1,b005_0196,12,0.0020994999213144183
2,cuda,capacity_matched_deepsets,forward_resident_inputs,1,1,b004_0350,2,0.0011442999821156263
2,cuda,capacity_matched_deepsets,forward_resident_inputs,1,1,b005_0273,11,0.0012154999421909451
2,cuda,capacity_matched_deepsets,forward_resident_inputs,1,1,b005_0303,9,0.001132100005634129
2,cuda,capacity_matched_deepsets,forward_resident_inputs,1,1,b005_0266,11,0.001774400006979704
2,cuda,capacity_matched_deepsets,forward_resident_inputs,1,1,b004_0168,6,0.001245299936272204
2,cuda,capacity_matched_deepsets,forward_resident_inputs,1,1,b005_0290,10,0.0011921999976038933
2,cuda,capacity_matched_deepsets,forward_resident_inputs,1,1,b004_0342,2,0.001828799955546856
2,cuda,capacity_matched_deepsets,forward_resident_inputs,1,1,b005_0310,1,0.0019419000018388033
2,cuda,capacity_matched_deepsets,forward_resident_inputs,1,1,b005_0231,8,0.001241199905052781
2,cuda,capacity_matched_deepsets,forward_resident_inputs,1,1,b005_0302,14,0.002244999981485307
2,cuda,capacity_matched_deepsets,forward_resident_inputs,1,1,b005_0242,6,0.002189700026065111
2,cuda,capacity_matched_deepsets,forward_resident_inputs,1,1,b005_0298,2,0.0021013999357819557
2,cuda,capacity_matched_deepsets,forward_resident_inputs,1,1,b004_0263,4,0.00169189996086061
2,cuda,capacity_matched_deepsets,forward_resident_inputs,1,1,b005_0493,4,0.0011002999963238835
2,cuda,capacity_matched_deepsets,forward_resident_inputs,1,1,b005_0503,5,0.0010785999475046992
2,cuda,capacity_matched_deepsets,forward_resident_inputs,1,1,b004_0282,5,0.002812199993059039
2,cuda,capacity_matched_deepsets,forward_resident_inputs,1,1,b005_0508,9,0.0012616999447345734
2,cuda,capacity_matched_deepsets,forward_resident_inputs,1,1,b005_0516,1,0.001101300003938377
2,cuda,capacity_matched_deepsets,forward_resident_inputs,1,1,b004_0300,5,0.0010893999133259058
2,cuda,capacity_matched_deepsets,forward_resident_inputs,1,1,b004_0311,2,0.0017271999968215823
2,cuda,capacity_matched_deepsets,forward_resident_inputs,1,1,b004_0108,6,0.0011656999122351408
2,cuda,capacity_matched_deepsets,forward_resident_inputs,1,1,b005_0482,4,0.0011134999804198742
2,cuda,capacity_matched_deepsets,forward_resident_inputs,1,1,b005_0545,14,0.0010977000929415226
2,cuda,capacity_matched_deepsets,forward_resident_inputs,1,1,b005_0537,5,0.0019262999994680285
2,cuda,capacity_matched_deepsets,forward_resident_inputs,1,1,b005_0548,5,0.001356000080704689
2,cuda,capacity_matched_deepsets,forward_resident_inputs,1,1,b005_0541,4,0.0010943999513983727
2,cuda,capacity_matched_deepsets,forward_resident_inputs,1,1,b004_0185,8,0.0011006999993696809
2,cuda,capacity_matched_deepsets,forward_resident_inputs,1,1,b005_0505,1,0.002230499987490475
2,cuda,capacity_matched_deepsets,forward_resident_inputs,1,1,b005_0544,4,0.0019904000218957663
2,cuda,capacity_matched_deepsets,forward_resident_inputs,1,1,b005_0513,9,0.0014128000475466251
2,cuda,capacity_matched_deepsets,forward_resident_inputs,1,1,b004_0198,3,0.0020445999689400196
2,cuda,capacity_matched_deepsets,forward_resident_inputs,1,1,b004_0154,8,0.0011036000214517117
2,cuda,capacity_matched_deepsets,forward_resident_inputs,1,1,b005_0345,4,0.0012265000259503722
2,cuda,capacity_matched_deepsets,forward_resident_inputs,1,1,b004_0106,3,0.0011106000747531652
2,cuda,capacity_matched_deepsets,forward_resident_inputs,1,1,b005_0356,2,0.0018280999502167106
2,cuda,capacity_matched_deepsets,forward_resident_inputs,1,1,b004_0270,2,0.0017593000084161758
2,cuda,capacity_matched_deepsets,forward_resident_inputs,1,1,b005_0376,3,0.0013404000783339143
2,cuda,capacity_matched_deepsets,forward_resident_inputs,1,1,b005_0323,11,0.0015786999138072133
2,cuda,capacity_matched_deepsets,forward_resident_inputs,1,1,b005_0380,7,0.0014070000033825636
2,cuda,capacity_matched_deepsets,forward_resident_inputs,1,1,b004_0192,3,0.0011225000489503145
2,cuda,capacity_matched_deepsets,forward_resident_inputs,1,1,b005_0350,4,0.0011280999751761556
2,cuda,capacity_matched_deepsets,forward_resident_inputs,1,1,b004_0115,3,0.0019239999819546938
2,cuda,capacity_matched_deepsets,forward_resident_inputs,1,1,b004_0367,5,0.0012470000656321645
2,cuda,capacity_matched_deepsets,forward_resident_inputs,1,1,b004_0378,8,0.0011759999906644225
2,cuda,capacity_matched_deepsets,forward_resident_inputs,1,1,b005_0361,8,0.0011400999501347542
2,cuda,capacity_matched_deepsets,forward_resident_inputs,1,1,b005_0378,11,0.001891300082206726
2,cuda,capacity_matched_deepsets,forward_resident_inputs,1,1,b005_0714,3,0.0012851000064983964
2,cuda,capacity_matched_deepsets,forward_resident_inputs,1,1,b005_0792,6,0.0011647999053820968
2,cuda,capacity_matched_deepsets,forward_resident_inputs,1,1,b005_0773,7,0.0011679999297484756
2,cuda,capacity_matched_deepsets,forward_resident_inputs,1,1,b005_0723,1,0.0024997000582516193
2,cuda,capacity_matched_deepsets,forward_resident_inputs,1,1,b005_0799,8,0.001157799968495965
2,cuda,capacity_matched_deepsets,forward_resident_inputs,1,1,b005_0786,2,0.0012123000342398882
2,cuda,capacity_matched_deepsets,forward_resident_inputs,1,1,b005_0783,4,0.0018985000206157565
2,cuda,capacity_matched_deepsets,forward_resident_inputs,1,1,b005_0805,10,0.0011992999352514744
2,cuda,capacity_matched_deepsets,forward_resident_inputs,1,1,b005_0736,3,0.001118800020776689
2,cuda,capacity_matched_deepsets,forward_resident_inputs,1,1,b005_0758,8,0.00112620007712394
2,cuda,capacity_matched_deepsets,forward_resident_inputs,1,1,b005_0737,15,0.002600700012408197
2,cuda,capacity_matched_deepsets,forward_resident_inputs,1,1,b005_0784,1,0.0012712000170722604
2,cuda,capacity_matched_deepsets,forward_resident_inputs,1,1,b005_0733,1,0.00124889996368438
2,cuda,capacity_matched_deepsets,forward_resident_inputs,1,1,b005_0774,14,0.0011045000283047557
2,cuda,capacity_matched_deepsets,forward_resident_inputs,1,1,b005_0757,9,0.002150299958884716
2,cuda,capacity_matched_deepsets,forward_resident_inputs,1,1,b005_0727,2,0.0011579000856727362
2,cuda,capacity_matched_deepsets,common_input_to_host_output,1,1,b005_0092,3,0.0015482999151572585
2,cuda,capacity_matched_deepsets,common_input_to_host_output,1,1,b004_0388,1,0.0024473000084981322
2,cuda,capacity_matched_deepsets,common_input_to_host_output,1,1,b004_0356,6,0.0017460000235587358
2,cuda,capacity_matched_deepsets,common_input_to_host_output,1,1,b005_0086,11,0.002028099959716201
2,cuda,capacity_matched_deepsets,common_input_to_host_output,1,1,b005_0119,7,0.0024506000336259604
2,cuda,capacity_matched_deepsets,common_input_to_host_output,1,1,b005_0098,7,0.002210299950093031
2,cuda,capacity_matched_deepsets,common_input_to_host_output,1,1,b004_0253,3,0.0029232000233605504
2,cuda,capacity_matched_deepsets,common_input_to_host_output,1,1,b005_0107,1,0.0025587999261915684
2,cuda,capacity_matched_deepsets,common_input_to_host_output,1,1,b004_0277,8,0.0031283999560400844
2,cuda,capacity_matched_deepsets,common_input_to_host_output,1,1,b004_0258,4,0.002507800003513694
2,cuda,capacity_matched_deepsets,common_input_to_host_output,1,1,b005_0121,4,0.002761299954727292
2,cuda,capacity_matched_deepsets,common_input_to_host_output,1,1,b005_0087,5,0.0016142999520525336
2,cuda,capacity_matched_deepsets,common_input_to_host_output,1,1,b005_0120,3,0.0015318000223487616
2,cuda,capacity_matched_deepsets,common_input_to_host_output,1,1,b005_0133,13,0.002742400043644011
2,cuda,capacity_matched_deepsets,common_input_to_host_output,1,1,b004_0244,1,0.0016975000035017729
2,cuda,capacity_matched_deepsets,common_input_to_host_output,1,1,b005_0628,10,0.0017321000341325998
2,cuda,capacity_matched_deepsets,common_input_to_host_output,1,1,b005_0575,3,0.0021772999316453934
2,cuda,capacity_matched_deepsets,common_input_to_host_output,1,1,b005_0569,4,0.001828000065870583
2,cuda,capacity_matched_deepsets,common_input_to_host_output,1,1,b005_0629,4,0.001577099901624024
2,cuda,capacity_matched_deepsets,common_input_to_host_output,1,1,b005_0651,14,0.004101199912838638
2,cuda,capacity_matched_deepsets,common_input_to_host_output,1,1,b005_0559,6,0.001979399938136339
2,cuda,capacity_matched_deepsets,common_input_to_host_output,1,1,b005_0627,10,0.003029200015589595
2,cuda,capacity_matched_deepsets,common_input_to_host_output,1,1,b005_0610,7,0.0018587999511510134
2,cuda,capacity_matched_deepsets,common_input_to_host_output,1,1,b005_0626,9,0.001942700007930398
2,cuda,capacity_matched_deepsets,common_input_to_host_output,1,1,b005_0612,10,0.0029193999944254756
2,cuda,capacity_matched_deepsets,common_input_to_host_output,1,1,b005_0554,8,0.0016559000359848142
2,cuda,capacity_matched_deepsets,common_input_to_host_output,1,1,b005_0578,7,0.002380099962465465
2,cuda,capacity_matched_deepsets,common_input_to_host_output,1,1,b005_0604,13,0.002531799953430891
2,cuda,capacity_matched_deepsets,common_input_to_host_output,1,1,b005_0442,7,0.0017007000278681517
2,cuda,capacity_matched_deepsets,common_input_to_host_output,1,1,b005_0470,3,0.0021729000145569444
2,cuda,capacity_matched_deepsets,common_input_to_host_output,1,1,b005_0446,9,0.00207719998434186
2,cuda,capacity_matched_deepsets,common_input_to_host_output,1,1,b005_0434,1,0.0014839000068604946
2,cuda,capacity_matched_deepsets,common_input_to_host_output,1,1,b005_0431,9,0.002852599951438606
2,cuda,capacity_matched_deepsets,common_input_to_host_output,1,1,b005_0460,2,0.0016235000221058726
2,cuda,capacity_matched_deepsets,common_input_to_host_output,1,1,b005_0438,5,0.0028611000161617994
2,cuda,capacity_matched_deepsets,common_input_to_host_output,1,1,b005_0444,9,0.0018686000257730484
2,cuda,capacity_matched_deepsets,common_input_to_host_output,1,1,b004_0349,8,0.0016174999764189124
2,cuda,capacity_matched_deepsets,common_input_to_host_output,1,1,b005_0465,10,0.002297900035046041
2,cuda,capacity_matched_deepsets,common_input_to_host_output,1,1,b004_0326,6,0.0016372998943552375
2,cuda,capacity_matched_deepsets,common_input_to_host_output,1,1,b005_0418,4,0.001516199903562665
2,cuda,capacity_matched_deepsets,common_input_to_host_output,1,1,b004_0217,2,0.0020841999212279916
2,cuda,capacity_matched_deepsets,common_input_to_host_output,1,1,b004_0215,2,0.0018930999794974923
2,cuda,capacity_matched_deepsets,common_input_to_host_output,1,1,b005_0449,10,0.0017874999903142452
2,cuda,capacity_matched_deepsets,common_input_to_host_output,1,1,b004_0241,2,0.0016862000338733196
2,cuda,capacity_matched_deepsets,common_input_to_host_output,1,1,b004_0321,1,0.0019401999888941646
2,cuda,capacity_matched_deepsets,common_input_to_host_output,1,1,b005_0467,11,0.001752600073814392
2,cuda,capacity_matched_deepsets,common_input_to_host_output,1,1,b005_0684,8,0.0016003999626263976
2,cuda,capacity_matched_deepsets,common_input_to_host_output,1,1,b005_0654,3,0.0023577999090775847
2,cuda,capacity_matched_deepsets,common_input_to_host_output,1,1,b005_0688,4,0.0015353000489994884
2,cuda,capacity_matched_deepsets,common_input_to_host_output,1,1,b005_0680,11,0.0017519999528303742
2,cuda,capacity_matched_deepsets,common_input_to_host_output,1,1,b005_0690,5,0.0026527000591158867
2,cuda,capacity_matched_deepsets,common_input_to_host_output,1,1,b005_0660,8,0.0024216000456362963
2,cuda,capacity_matched_deepsets,common_input_to_host_output,1,1,b005_0709,11,0.0026811000425368547
2,cuda,capacity_matched_deepsets,common_input_to_host_output,1,1,b005_0672,9,0.0021370999747887254
2,cuda,capacity_matched_deepsets,common_input_to_host_output,1,1,b004_0029,1,0.00147430005017668
2,cuda,capacity_matched_deepsets,common_input_to_host_output,1,1,b004_0013,6,0.002957699936814606
2,cuda,capacity_matched_deepsets,common_input_to_host_output,1,1,b005_0070,6,0.0018280999502167106
2,cuda,capacity_matched_deepsets,common_input_to_host_output,1,1,b005_0004,13,0.0025878000305965543
2,cuda,capacity_matched_deepsets,common_input_to_host_output,1,1,b005_0025,7,0.0016917000757530332
2,cuda,capacity_matched_deepsets,common_input_to_host_output,1,1,b005_0002,5,0.0015251999720931053
2,cuda,capacity_matched_deepsets,common_input_to_host_output,1,1,b005_0047,2,0.0015771000180393457
2,cuda,capacity_matched_deepsets,common_input_to_host_output,1,1,b005_0033,15,0.0023426999105140567
2,cuda,capacity_matched_deepsets,common_input_to_host_output,1,1,b005_0049,8,0.001768799964338541
2,cuda,capacity_matched_deepsets,common_input_to_host_output,1,1,b004_0065,3,0.0017460000235587358
2,cuda,capacity_matched_deepsets,common_input_to_host_output,1,1,b004_0024,4,0.002668399945832789
2,cuda,capacity_matched_deepsets,common_input_to_host_output,1,1,b005_0062,2,0.00170519994571805
2,cuda,capacity_matched_deepsets,common_input_to_host_output,1,1,b004_0082,5,0.00343879999127239
2,cuda,capacity_matched_deepsets,common_input_to_host_output,1,1,b004_0022,2,0.0017451000167056918
2,cuda,capacity_matched_deepsets,common_input_to_host_output,1,1,b005_0065,8,0.0018649999983608723
2,cuda,capacity_matched_deepsets,common_input_to_host_output,1,1,b004_0070,3,0.0020682000322267413
2,cuda,capacity_matched_deepsets,common_input_to_host_output,1,1,b005_0019,12,0.001811400055885315
2,cuda,capacity_matched_deepsets,common_input_to_host_output,1,1,b004_0008,3,0.001572699984535575
2,cuda,capacity_matched_deepsets,common_input_to_host_output,1,1,b004_0006,3,0.0022748999763280153
2,cuda,capacity_matched_deepsets,common_input_to_host_output,1,1,b005_0040,3,0.0016716999234631658
2,cuda,capacity_matched_deepsets,common_input_to_host_output,1,1,b004_0039,8,0.001660300069488585
2,cuda,capacity_matched_deepsets,common_input_to_host_output,1,1,b004_0088,2,0.002431200002320111
2,cuda,capacity_matched_deepsets,common_input_to_host_output,1,1,b004_0012,5,0.0015678000636398792
2,cuda,capacity_matched_deepsets,common_input_to_host_output,1,1,b004_0003,4,0.0014690000098198652
2,cuda,capacity_matched_deepsets,common_input_to_host_output,1,1,b004_0084,3,0.0021306000417098403
2,cuda,capacity_matched_deepsets,common_input_to_host_output,1,1,b004_0259,5,0.001583700068295002
2,cuda,capacity_matched_deepsets,common_input_to_host_output,1,1,b005_0185,15,0.0019881000043824315
2,cuda,capacity_matched_deepsets,common_input_to_host_output,1,1,b005_0160,13,0.0027326999697834253
2,cuda,capacity_matched_deepsets,common_input_to_host_output,1,1,b005_0217,2,0.0015430001076310873
2,cuda,capacity_matched_deepsets,common_input_to_host_output,1,1,b005_0205,11,0.0024318998912349343
2,cuda,capacity_matched_deepsets,common_input_to_host_output,1,1,b005_0219,10,0.0024740000953897834
2,cuda,capacity_matched_deepsets,common_input_to_host_output,1,1,b004_0313,4,0.0015326000284403563
2,cuda,capacity_matched_deepsets,common_input_to_host_output,1,1,b005_0198,11,0.0017013000324368477
2,cuda,capacity_matched_deepsets,common_input_to_host_output,1,1,b005_0199,7,0.0026687999488785863
2,cuda,capacity_matched_deepsets,common_input_to_host_output,1,1,b005_0211,4,0.0016737000551074743
2,cuda,capacity_matched_deepsets,common_input_to_host_output,1,1,b005_0209,10,0.002723800018429756
2,cuda,capacity_matched_deepsets,common_input_to_host_output,1,1,b004_0140,3,0.0018048000056296587
2,cuda,capacity_matched_deepsets,common_input_to_host_output,1,1,b005_0172,3,0.0015617000171914697
2,cuda,capacity_matched_deepsets,common_input_to_host_output,1,1,b005_0181,12,0.0025155000621452928
2,cuda,capacity_matched_deepsets,common_input_to_host_output,1,1,b004_0197,1,0.0016259999247267842
2,cuda,capacity_matched_deepsets,common_input_to_host_output,1,1,b005_0170,7,0.0017104999860748649
2,cuda,capacity_matched_deepsets,common_input_to_host_output,1,1,b004_0181,4,0.0024229000555351377
2,cuda,capacity_matched_deepsets,common_input_to_host_output,1,1,b005_0222,14,0.002138499985449016
2,cuda,capacity_matched_deepsets,common_input_to_host_output,1,1,b005_0196,12,0.0017871999880298972
2,cuda,capacity_matched_deepsets,common_input_to_host_output,1,1,b004_0350,2,0.002378599951043725
2,cuda,capacity_matched_deepsets,common_input_to_host_output,1,1,b005_0273,11,0.0025288000470027328
2,cuda,capacity_matched_deepsets,common_input_to_host_output,1,1,b005_0303,9,0.002627599984407425
2,cuda,capacity_matched_deepsets,common_input_to_host_output,1,1,b005_0266,11,0.002168399980291724
2,cuda,capacity_matched_deepsets,common_input_to_host_output,1,1,b004_0168,6,0.0016819000011309981
2,cuda,capacity_matched_deepsets,common_input_to_host_output,1,1,b005_0290,10,0.0026048000436276197
2,cuda,capacity_matched_deepsets,common_input_to_host_output,1,1,b004_0342,2,0.0015910000074654818
2,cuda,capacity_matched_deepsets,common_input_to_host_output,1,1,b005_0310,1,0.0015279999934136868
2,cuda,capacity_matched_deepsets,common_input_to_host_output,1,1,b005_0231,8,0.002409099950455129
2,cuda,capacity_matched_deepsets,common_input_to_host_output,1,1,b005_0302,14,0.002002499997615814
2,cuda,capacity_matched_deepsets,common_input_to_host_output,1,1,b005_0242,6,0.0016885000513866544
2,cuda,capacity_matched_deepsets,common_input_to_host_output,1,1,b005_0298,2,0.0025393000105395913
2,cuda,capacity_matched_deepsets,common_input_to_host_output,1,1,b004_0263,4,0.001667400007136166
2,cuda,capacity_matched_deepsets,common_input_to_host_output,1,1,b005_0493,4,0.001531599904410541
2,cuda,capacity_matched_deepsets,common_input_to_host_output,1,1,b005_0503,5,0.0031476999865844846
2,cuda,capacity_matched_deepsets,common_input_to_host_output,1,1,b004_0282,5,0.0018146999645978212
2,cuda,capacity_matched_deepsets,common_input_to_host_output,1,1,b005_0508,9,0.0030932000372558832
2,cuda,capacity_matched_deepsets,common_input_to_host_output,1,1,b005_0516,1,0.0017266999930143356
2,cuda,capacity_matched_deepsets,common_input_to_host_output,1,1,b004_0300,5,0.0020644000032916665
2,cuda,capacity_matched_deepsets,common_input_to_host_output,1,1,b004_0311,2,0.00260149990208447
2,cuda,capacity_matched_deepsets,common_input_to_host_output,1,1,b004_0108,6,0.0016667000018060207
2,cuda,capacity_matched_deepsets,common_input_to_host_output,1,1,b005_0482,4,0.001520700054243207
2,cuda,capacity_matched_deepsets,common_input_to_host_output,1,1,b005_0545,14,0.0034863000037148595
2,cuda,capacity_matched_deepsets,common_input_to_host_output,1,1,b005_0537,5,0.0018381000263616443
2,cuda,capacity_matched_deepsets,common_input_to_host_output,1,1,b005_0548,5,0.002407000050880015
2,cuda,capacity_matched_deepsets,common_input_to_host_output,1,1,b005_0541,4,0.0016365000046789646
2,cuda,capacity_matched_deepsets,common_input_to_host_output,1,1,b004_0185,8,0.001648399978876114
2,cuda,capacity_matched_deepsets,common_input_to_host_output,1,1,b005_0505,1,0.0019514000741764903
2,cuda,capacity_matched_deepsets,common_input_to_host_output,1,1,b005_0544,4,0.001613000058569014
2,cuda,capacity_matched_deepsets,common_input_to_host_output,1,1,b005_0513,9,0.0016424000496044755
2,cuda,capacity_matched_deepsets,common_input_to_host_output,1,1,b004_0198,3,0.002243799972347915
2,cuda,capacity_matched_deepsets,common_input_to_host_output,1,1,b004_0154,8,0.0017337000463157892
2,cuda,capacity_matched_deepsets,common_input_to_host_output,1,1,b005_0345,4,0.0016178999794647098
2,cuda,capacity_matched_deepsets,common_input_to_host_output,1,1,b004_0106,3,0.0030374000780284405
2,cuda,capacity_matched_deepsets,common_input_to_host_output,1,1,b005_0356,2,0.0015959000447764993
2,cuda,capacity_matched_deepsets,common_input_to_host_output,1,1,b004_0270,2,0.0015418000984936953
2,cuda,capacity_matched_deepsets,common_input_to_host_output,1,1,b005_0376,3,0.002270599943585694
2,cuda,capacity_matched_deepsets,common_input_to_host_output,1,1,b005_0323,11,0.0021316000493243337
2,cuda,capacity_matched_deepsets,common_input_to_host_output,1,1,b005_0380,7,0.0030248999828472733
2,cuda,capacity_matched_deepsets,common_input_to_host_output,1,1,b004_0192,3,0.002065700013190508
2,cuda,capacity_matched_deepsets,common_input_to_host_output,1,1,b005_0350,4,0.001675100065767765
2,cuda,capacity_matched_deepsets,common_input_to_host_output,1,1,b004_0115,3,0.0017985000740736723
2,cuda,capacity_matched_deepsets,common_input_to_host_output,1,1,b004_0367,5,0.0024751999881118536
2,cuda,capacity_matched_deepsets,common_input_to_host_output,1,1,b004_0378,8,0.0017265999922528863
2,cuda,capacity_matched_deepsets,common_input_to_host_output,1,1,b005_0361,8,0.0025689000030979514
2,cuda,capacity_matched_deepsets,common_input_to_host_output,1,1,b005_0378,11,0.0026521000545471907
2,cuda,capacity_matched_deepsets,common_input_to_host_output,1,1,b005_0714,3,0.0015252999728545547
2,cuda,capacity_matched_deepsets,common_input_to_host_output,1,1,b005_0792,6,0.0023619000567123294
2,cuda,capacity_matched_deepsets,common_input_to_host_output,1,1,b005_0773,7,0.002298500039614737
2,cuda,capacity_matched_deepsets,common_input_to_host_output,1,1,b005_0723,1,0.0014891999308019876
2,cuda,capacity_matched_deepsets,common_input_to_host_output,1,1,b005_0799,8,0.0022087000543251634
2,cuda,capacity_matched_deepsets,common_input_to_host_output,1,1,b005_0786,2,0.0014581000432372093
2,cuda,capacity_matched_deepsets,common_input_to_host_output,1,1,b005_0783,4,0.0015032999217510223
2,cuda,capacity_matched_deepsets,common_input_to_host_output,1,1,b005_0805,10,0.0026883999817073345
2,cuda,capacity_matched_deepsets,common_input_to_host_output,1,1,b005_0736,3,0.0016844000201672316
2,cuda,capacity_matched_deepsets,common_input_to_host_output,1,1,b005_0758,8,0.0016415000427514315
2,cuda,capacity_matched_deepsets,common_input_to_host_output,1,1,b005_0737,15,0.0025893000420182943
2,cuda,capacity_matched_deepsets,common_input_to_host_output,1,1,b005_0784,1,0.0013777000131085515
2,cuda,capacity_matched_deepsets,common_input_to_host_output,1,1,b005_0733,1,0.0014058999950066209
2,cuda,capacity_matched_deepsets,common_input_to_host_output,1,1,b005_0774,14,0.0024529999354854226
2,cuda,capacity_matched_deepsets,common_input_to_host_output,1,1,b005_0757,9,0.001756399986334145
2,cuda,capacity_matched_deepsets,common_input_to_host_output,1,1,b005_0727,2,0.0014874000335112214
2,cuda,capacity_matched_deepsets,forward_resident_inputs,32,32,b005_0092|b004_0388|b004_0356|b005_0086|b005_0119|b005_0098|b004_0253|b005_0107|b004_0277|b004_0258|b005_0121|b005_0087|b005_0120|b005_0133|b004_0244|b005_0628|b005_0575|b005_0569|b005_0629|b005_0651|b005_0559|b005_0627|b005_0610|b005_0626|b005_0612|b005_0554|b005_0578|b005_0604|b005_0442|b005_0470|b005_0446|b005_0434,3|1|6|11|7|7|3|1|8|4|4|5|3|13|1|10|3|4|4|14|6|10|7|9|10|8|7|13|7|3|9|1,0.0012112000258639455
2,cuda,capacity_matched_deepsets,forward_resident_inputs,32,32,b005_0431|b005_0460|b005_0438|b005_0444|b004_0349|b005_0465|b004_0326|b005_0418|b004_0217|b004_0215|b005_0449|b004_0241|b004_0321|b005_0467|b005_0684|b005_0654|b005_0688|b005_0680|b005_0690|b005_0660|b005_0709|b005_0672|b004_0029|b004_0013|b005_0070|b005_0004|b005_0025|b005_0002|b005_0047|b005_0033|b005_0049|b004_0065,9|2|5|9|8|10|6|4|2|2|10|2|1|11|8|3|4|11|5|8|11|9|1|6|6|13|7|5|2|15|8|3,0.0012797999661415815
2,cuda,capacity_matched_deepsets,forward_resident_inputs,32,32,b004_0024|b005_0062|b004_0082|b004_0022|b005_0065|b004_0070|b005_0019|b004_0008|b004_0006|b005_0040|b004_0039|b004_0088|b004_0012|b004_0003|b004_0084|b004_0259|b005_0185|b005_0160|b005_0217|b005_0205|b005_0219|b004_0313|b005_0198|b005_0199|b005_0211|b005_0209|b004_0140|b005_0172|b005_0181|b004_0197|b005_0170|b004_0181,4|2|5|2|8|3|12|3|3|3|8|2|5|4|3|5|15|13|2|11|10|4|11|7|4|10|3|3|12|1|7|4,0.0014989000046625733
2,cuda,capacity_matched_deepsets,forward_resident_inputs,32,32,b005_0222|b005_0196|b004_0350|b005_0273|b005_0303|b005_0266|b004_0168|b005_0290|b004_0342|b005_0310|b005_0231|b005_0302|b005_0242|b005_0298|b004_0263|b005_0493|b005_0503|b004_0282|b005_0508|b005_0516|b004_0300|b004_0311|b004_0108|b005_0482|b005_0545|b005_0537|b005_0548|b005_0541|b004_0185|b005_0505|b005_0544|b005_0513,14|12|2|11|9|11|6|10|2|1|8|14|6|2|4|4|5|5|9|1|5|2|6|4|14|5|5|4|8|1|4|9,0.0017650999361649156
2,cuda,capacity_matched_deepsets,forward_resident_inputs,32,32,b004_0198|b004_0154|b005_0345|b004_0106|b005_0356|b004_0270|b005_0376|b005_0323|b005_0380|b004_0192|b005_0350|b004_0115|b004_0367|b004_0378|b005_0361|b005_0378|b005_0714|b005_0792|b005_0773|b005_0723|b005_0799|b005_0786|b005_0783|b005_0805|b005_0736|b005_0758|b005_0737|b005_0784|b005_0733|b005_0774|b005_0757|b005_0727,3|8|4|3|2|2|3|11|7|3|4|3|5|8|8|11|3|6|7|1|8|2|4|10|3|8|15|1|1|14|9|2,0.0013569999719038606
2,cuda,capacity_matched_deepsets,common_input_to_host_output,32,32,b005_0092|b004_0388|b004_0356|b005_0086|b005_0119|b005_0098|b004_0253|b005_0107|b004_0277|b004_0258|b005_0121|b005_0087|b005_0120|b005_0133|b004_0244|b005_0628|b005_0575|b005_0569|b005_0629|b005_0651|b005_0559|b005_0627|b005_0610|b005_0626|b005_0612|b005_0554|b005_0578|b005_0604|b005_0442|b005_0470|b005_0446|b005_0434,3|1|6|11|7|7|3|1|8|4|4|5|3|13|1|10|3|4|4|14|6|10|7|9|10|8|7|13|7|3|9|1,0.010158199933357537
2,cuda,capacity_matched_deepsets,common_input_to_host_output,32,32,b005_0431|b005_0460|b005_0438|b005_0444|b004_0349|b005_0465|b004_0326|b005_0418|b004_0217|b004_0215|b005_0449|b004_0241|b004_0321|b005_0467|b005_0684|b005_0654|b005_0688|b005_0680|b005_0690|b005_0660|b005_0709|b005_0672|b004_0029|b004_0013|b005_0070|b005_0004|b005_0025|b005_0002|b005_0047|b005_0033|b005_0049|b004_0065,9|2|5|9|8|10|6|4|2|2|10|2|1|11|8|3|4|11|5|8|11|9|1|6|6|13|7|5|2|15|8|3,0.010174999944865704
2,cuda,capacity_matched_deepsets,common_input_to_host_output,32,32,b004_0024|b005_0062|b004_0082|b004_0022|b005_0065|b004_0070|b005_0019|b004_0008|b004_0006|b005_0040|b004_0039|b004_0088|b004_0012|b004_0003|b004_0084|b004_0259|b005_0185|b005_0160|b005_0217|b005_0205|b005_0219|b004_0313|b005_0198|b005_0199|b005_0211|b005_0209|b004_0140|b005_0172|b005_0181|b004_0197|b005_0170|b004_0181,4|2|5|2|8|3|12|3|3|3|8|2|5|4|3|5|15|13|2|11|10|4|11|7|4|10|3|3|12|1|7|4,0.009615099988877773
2,cuda,capacity_matched_deepsets,common_input_to_host_output,32,32,b005_0222|b005_0196|b004_0350|b005_0273|b005_0303|b005_0266|b004_0168|b005_0290|b004_0342|b005_0310|b005_0231|b005_0302|b005_0242|b005_0298|b004_0263|b005_0493|b005_0503|b004_0282|b005_0508|b005_0516|b004_0300|b004_0311|b004_0108|b005_0482|b005_0545|b005_0537|b005_0548|b005_0541|b004_0185|b005_0505|b005_0544|b005_0513,14|12|2|11|9|11|6|10|2|1|8|14|6|2|4|4|5|5|9|1|5|2|6|4|14|5|5|4|8|1|4|9,0.009107799967750907
2,cuda,capacity_matched_deepsets,common_input_to_host_output,32,32,b004_0198|b004_0154|b005_0345|b004_0106|b005_0356|b004_0270|b005_0376|b005_0323|b005_0380|b004_0192|b005_0350|b004_0115|b004_0367|b004_0378|b005_0361|b005_0378|b005_0714|b005_0792|b005_0773|b005_0723|b005_0799|b005_0786|b005_0783|b005_0805|b005_0736|b005_0758|b005_0737|b005_0784|b005_0733|b005_0774|b005_0757|b005_0727,3|8|4|3|2|2|3|11|7|3|4|3|5|8|8|11|3|6|7|1|8|2|4|10|3|8|15|1|1|14|9|2,0.008858100045472383
2,cuda,gnn,forward_resident_inputs,1,1,b005_0092,3,0.0030589000089094043
2,cuda,gnn,forward_resident_inputs,1,1,b004_0388,1,0.0020083999261260033
2,cuda,gnn,forward_resident_inputs,1,1,b004_0356,6,0.00284319999627769
2,cuda,gnn,forward_resident_inputs,1,1,b005_0086,11,0.003920899936929345
2,cuda,gnn,forward_resident_inputs,1,1,b005_0119,7,0.003641700022853911
2,cuda,gnn,forward_resident_inputs,1,1,b005_0098,7,0.003496600082144141
2,cuda,gnn,forward_resident_inputs,1,1,b004_0253,3,0.002705699997022748
2,cuda,gnn,forward_resident_inputs,1,1,b005_0107,1,0.002459400100633502
2,cuda,gnn,forward_resident_inputs,1,1,b004_0277,8,0.0032175000524148345
2,cuda,gnn,forward_resident_inputs,1,1,b004_0258,4,0.0035465999972075224
2,cuda,gnn,forward_resident_inputs,1,1,b005_0121,4,0.0028211999451741576
2,cuda,gnn,forward_resident_inputs,1,1,b005_0087,5,0.0031881999457255006
2,cuda,gnn,forward_resident_inputs,1,1,b005_0120,3,0.0026673999382182956
2,cuda,gnn,forward_resident_inputs,1,1,b005_0133,13,0.0043453999096527696
2,cuda,gnn,forward_resident_inputs,1,1,b004_0244,1,0.002087000058963895
2,cuda,gnn,forward_resident_inputs,1,1,b005_0628,10,0.0029840999050065875
2,cuda,gnn,forward_resident_inputs,1,1,b005_0575,3,0.0032522999681532383
2,cuda,gnn,forward_resident_inputs,1,1,b005_0569,4,0.002709800028242171
2,cuda,gnn,forward_resident_inputs,1,1,b005_0629,4,0.0034112000139430165
2,cuda,gnn,forward_resident_inputs,1,1,b005_0651,14,0.002635100041516125
2,cuda,gnn,forward_resident_inputs,1,1,b005_0559,6,0.0037240999517962337
2,cuda,gnn,forward_resident_inputs,1,1,b005_0627,10,0.0033843000419437885
2,cuda,gnn,forward_resident_inputs,1,1,b005_0610,7,0.0028318000258877873
2,cuda,gnn,forward_resident_inputs,1,1,b005_0626,9,0.004615399986505508
2,cuda,gnn,forward_resident_inputs,1,1,b005_0612,10,0.004002099973149598
2,cuda,gnn,forward_resident_inputs,1,1,b005_0554,8,0.0028599000070244074
2,cuda,gnn,forward_resident_inputs,1,1,b005_0578,7,0.004178600036539137
2,cuda,gnn,forward_resident_inputs,1,1,b005_0604,13,0.00316019996535033
2,cuda,gnn,forward_resident_inputs,1,1,b005_0442,7,0.003039299976080656
2,cuda,gnn,forward_resident_inputs,1,1,b005_0470,3,0.00355119991581887
2,cuda,gnn,forward_resident_inputs,1,1,b005_0446,9,0.002675600000657141
2,cuda,gnn,forward_resident_inputs,1,1,b005_0434,1,0.0025807999772951007
2,cuda,gnn,forward_resident_inputs,1,1,b005_0431,9,0.0029914999613538384
2,cuda,gnn,forward_resident_inputs,1,1,b005_0460,2,0.0042010999750345945
2,cuda,gnn,forward_resident_inputs,1,1,b005_0438,5,0.004704999970272183
2,cuda,gnn,forward_resident_inputs,1,1,b005_0444,9,0.0032094999914988875
2,cuda,gnn,forward_resident_inputs,1,1,b004_0349,8,0.004759299918077886
2,cuda,gnn,forward_resident_inputs,1,1,b005_0465,10,0.0032743000192567706
2,cuda,gnn,forward_resident_inputs,1,1,b004_0326,6,0.002758100046776235
2,cuda,gnn,forward_resident_inputs,1,1,b005_0418,4,0.0036262000212445855
2,cuda,gnn,forward_resident_inputs,1,1,b004_0217,2,0.0030181999318301678
2,cuda,gnn,forward_resident_inputs,1,1,b004_0215,2,0.005868699983693659
2,cuda,gnn,forward_resident_inputs,1,1,b005_0449,10,0.004344200016930699
2,cuda,gnn,forward_resident_inputs,1,1,b004_0241,2,0.003590799984522164
2,cuda,gnn,forward_resident_inputs,1,1,b004_0321,1,0.00196170003619045
2,cuda,gnn,forward_resident_inputs,1,1,b005_0467,11,0.003539100056514144
2,cuda,gnn,forward_resident_inputs,1,1,b005_0684,8,0.0026685999473556876
2,cuda,gnn,forward_resident_inputs,1,1,b005_0654,3,0.00308640010189265
2,cuda,gnn,forward_resident_inputs,1,1,b005_0688,4,0.002559600048698485
2,cuda,gnn,forward_resident_inputs,1,1,b005_0680,11,0.0035101999528706074
2,cuda,gnn,forward_resident_inputs,1,1,b005_0690,5,0.002664900035597384
2,cuda,gnn,forward_resident_inputs,1,1,b005_0660,8,0.0031002999749034643
2,cuda,gnn,forward_resident_inputs,1,1,b005_0709,11,0.003175900084897876
2,cuda,gnn,forward_resident_inputs,1,1,b005_0672,9,0.0034132000291720033
2,cuda,gnn,forward_resident_inputs,1,1,b004_0029,1,0.0020013999892398715
2,cuda,gnn,forward_resident_inputs,1,1,b004_0013,6,0.003433300065807998
2,cuda,gnn,forward_resident_inputs,1,1,b005_0070,6,0.0032125000143423676
2,cuda,gnn,forward_resident_inputs,1,1,b005_0004,13,0.0026446999981999397
2,cuda,gnn,forward_resident_inputs,1,1,b005_0025,7,0.0032659999560564756
2,cuda,gnn,forward_resident_inputs,1,1,b005_0002,5,0.002969399909488857
2,cuda,gnn,forward_resident_inputs,1,1,b005_0047,2,0.0034588000271469355
2,cuda,gnn,forward_resident_inputs,1,1,b005_0033,15,0.0026590999914333224
2,cuda,gnn,forward_resident_inputs,1,1,b005_0049,8,0.003477600053884089
2,cuda,gnn,forward_resident_inputs,1,1,b004_0065,3,0.0029872000450268388
2,cuda,gnn,forward_resident_inputs,1,1,b004_0024,4,0.0038156999507918954
2,cuda,gnn,forward_resident_inputs,1,1,b005_0062,2,0.0032245999900624156
2,cuda,gnn,forward_resident_inputs,1,1,b004_0082,5,0.002844400005415082
2,cuda,gnn,forward_resident_inputs,1,1,b004_0022,2,0.0033071000361815095
2,cuda,gnn,forward_resident_inputs,1,1,b005_0065,8,0.002971300040371716
2,cuda,gnn,forward_resident_inputs,1,1,b004_0070,3,0.0031956000020727515
2,cuda,gnn,forward_resident_inputs,1,1,b005_0019,12,0.0026439999928697944
2,cuda,gnn,forward_resident_inputs,1,1,b004_0008,3,0.0030867999885231256
2,cuda,gnn,forward_resident_inputs,1,1,b004_0006,3,0.002680600038729608
2,cuda,gnn,forward_resident_inputs,1,1,b005_0040,3,0.0039666000520810485
2,cuda,gnn,forward_resident_inputs,1,1,b004_0039,8,0.0035179000115022063
2,cuda,gnn,forward_resident_inputs,1,1,b004_0088,2,0.002966000000014901
2,cuda,gnn,forward_resident_inputs,1,1,b004_0012,5,0.0033039998961612582
2,cuda,gnn,forward_resident_inputs,1,1,b004_0003,4,0.0027861999114975333
2,cuda,gnn,forward_resident_inputs,1,1,b004_0084,3,0.0032719000009819865
2,cuda,gnn,forward_resident_inputs,1,1,b004_0259,5,0.002669299952685833
2,cuda,gnn,forward_resident_inputs,1,1,b005_0185,15,0.005064700031653047
2,cuda,gnn,forward_resident_inputs,1,1,b005_0160,13,0.003720299922861159
2,cuda,gnn,forward_resident_inputs,1,1,b005_0217,2,0.004252700018696487
2,cuda,gnn,forward_resident_inputs,1,1,b005_0205,11,0.0042987000197172165
2,cuda,gnn,forward_resident_inputs,1,1,b005_0219,10,0.0030609999084845185
2,cuda,gnn,forward_resident_inputs,1,1,b004_0313,4,0.003402099944651127
2,cuda,gnn,forward_resident_inputs,1,1,b005_0198,11,0.0028849999653175473
2,cuda,gnn,forward_resident_inputs,1,1,b005_0199,7,0.003478399943560362
2,cuda,gnn,forward_resident_inputs,1,1,b005_0211,4,0.0027460999554023147
2,cuda,gnn,forward_resident_inputs,1,1,b005_0209,10,0.0033518000273033977
2,cuda,gnn,forward_resident_inputs,1,1,b004_0140,3,0.003054599976167083
2,cuda,gnn,forward_resident_inputs,1,1,b005_0172,3,0.0040735999355092645
2,cuda,gnn,forward_resident_inputs,1,1,b005_0181,12,0.0033073999220505357
2,cuda,gnn,forward_resident_inputs,1,1,b004_0197,1,0.0018916999688372016
2,cuda,gnn,forward_resident_inputs,1,1,b005_0170,7,0.003347499994561076
2,cuda,gnn,forward_resident_inputs,1,1,b004_0181,4,0.002975400071591139
2,cuda,gnn,forward_resident_inputs,1,1,b005_0222,14,0.0034553000004962087
2,cuda,gnn,forward_resident_inputs,1,1,b005_0196,12,0.0026286999927833676
2,cuda,gnn,forward_resident_inputs,1,1,b004_0350,2,0.003204100066795945
2,cuda,gnn,forward_resident_inputs,1,1,b005_0273,11,0.002633300027810037
2,cuda,gnn,forward_resident_inputs,1,1,b005_0303,9,0.0035312999971210957
2,cuda,gnn,forward_resident_inputs,1,1,b005_0266,11,0.0026422999799251556
2,cuda,gnn,forward_resident_inputs,1,1,b004_0168,6,0.003735399921424687
2,cuda,gnn,forward_resident_inputs,1,1,b005_0290,10,0.0033165999921038747
2,cuda,gnn,forward_resident_inputs,1,1,b004_0342,2,0.0027954999823123217
2,cuda,gnn,forward_resident_inputs,1,1,b005_0310,1,0.002616700017824769
2,cuda,gnn,forward_resident_inputs,1,1,b005_0231,8,0.002799800015054643
2,cuda,gnn,forward_resident_inputs,1,1,b005_0302,14,0.003444200032390654
2,cuda,gnn,forward_resident_inputs,1,1,b005_0242,6,0.002662200015038252
2,cuda,gnn,forward_resident_inputs,1,1,b005_0298,2,0.003173000062815845
2,cuda,gnn,forward_resident_inputs,1,1,b004_0263,4,0.0026789000257849693
2,cuda,gnn,forward_resident_inputs,1,1,b005_0493,4,0.0032219000859186053
2,cuda,gnn,forward_resident_inputs,1,1,b005_0503,5,0.003325000056065619
2,cuda,gnn,forward_resident_inputs,1,1,b004_0282,5,0.003228900022804737
2,cuda,gnn,forward_resident_inputs,1,1,b005_0508,9,0.003472300013527274
2,cuda,gnn,forward_resident_inputs,1,1,b005_0516,1,0.003508000052534044
2,cuda,gnn,forward_resident_inputs,1,1,b004_0300,5,0.005416299914941192
2,cuda,gnn,forward_resident_inputs,1,1,b004_0311,2,0.004754299996420741
2,cuda,gnn,forward_resident_inputs,1,1,b004_0108,6,0.0049983999924734235
2,cuda,gnn,forward_resident_inputs,1,1,b005_0482,4,0.002808700082823634
2,cuda,gnn,forward_resident_inputs,1,1,b005_0545,14,0.004471699940040708
2,cuda,gnn,forward_resident_inputs,1,1,b005_0537,5,0.0036407000152394176
2,cuda,gnn,forward_resident_inputs,1,1,b005_0548,5,0.0030423999996855855
2,cuda,gnn,forward_resident_inputs,1,1,b005_0541,4,0.00581969995982945
2,cuda,gnn,forward_resident_inputs,1,1,b004_0185,8,0.0034441000316292048
2,cuda,gnn,forward_resident_inputs,1,1,b005_0505,1,0.0018220000201836228
2,cuda,gnn,forward_resident_inputs,1,1,b005_0544,4,0.0034482000628486276
2,cuda,gnn,forward_resident_inputs,1,1,b005_0513,9,0.0028726999880746007
2,cuda,gnn,forward_resident_inputs,1,1,b004_0198,3,0.0033967000199481845
2,cuda,gnn,forward_resident_inputs,1,1,b004_0154,8,0.004061000072397292
2,cuda,gnn,forward_resident_inputs,1,1,b005_0345,4,0.002737900009378791
2,cuda,gnn,forward_resident_inputs,1,1,b004_0106,3,0.0033717999467626214
2,cuda,gnn,forward_resident_inputs,1,1,b005_0356,2,0.0026299000019207597
2,cuda,gnn,forward_resident_inputs,1,1,b004_0270,2,0.003510500071570277
2,cuda,gnn,forward_resident_inputs,1,1,b005_0376,3,0.002762800082564354
2,cuda,gnn,forward_resident_inputs,1,1,b005_0323,11,0.003231300041079521
2,cuda,gnn,forward_resident_inputs,1,1,b005_0380,7,0.0036140999291092157
2,cuda,gnn,forward_resident_inputs,1,1,b004_0192,3,0.002714799949899316
2,cuda,gnn,forward_resident_inputs,1,1,b005_0350,4,0.0034545999951660633
2,cuda,gnn,forward_resident_inputs,1,1,b004_0115,3,0.0026073999470099807
2,cuda,gnn,forward_resident_inputs,1,1,b004_0367,5,0.0035764999920502305
2,cuda,gnn,forward_resident_inputs,1,1,b004_0378,8,0.00269810005556792
2,cuda,gnn,forward_resident_inputs,1,1,b005_0361,8,0.0033785999985411763
2,cuda,gnn,forward_resident_inputs,1,1,b005_0378,11,0.0026825000531971455
2,cuda,gnn,forward_resident_inputs,1,1,b005_0714,3,0.0032673999667167664
2,cuda,gnn,forward_resident_inputs,1,1,b005_0792,6,0.003633200074546039
2,cuda,gnn,forward_resident_inputs,1,1,b005_0773,7,0.002785900025628507
2,cuda,gnn,forward_resident_inputs,1,1,b005_0723,1,0.0025013000704348087
2,cuda,gnn,forward_resident_inputs,1,1,b005_0799,8,0.0029568999307230115
2,cuda,gnn,forward_resident_inputs,1,1,b005_0786,2,0.003387400065548718
2,cuda,gnn,forward_resident_inputs,1,1,b005_0783,4,0.0031171999871730804
2,cuda,gnn,forward_resident_inputs,1,1,b005_0805,10,0.0038696000119671226
2,cuda,gnn,forward_resident_inputs,1,1,b005_0736,3,0.0028864999767392874
2,cuda,gnn,forward_resident_inputs,1,1,b005_0758,8,0.002905600005760789
2,cuda,gnn,forward_resident_inputs,1,1,b005_0737,15,0.00413230003323406
2,cuda,gnn,forward_resident_inputs,1,1,b005_0784,1,0.002007099916227162
2,cuda,gnn,forward_resident_inputs,1,1,b005_0733,1,0.0027486999751999974
2,cuda,gnn,forward_resident_inputs,1,1,b005_0774,14,0.0031359000131487846
2,cuda,gnn,forward_resident_inputs,1,1,b005_0757,9,0.0037161000072956085
2,cuda,gnn,forward_resident_inputs,1,1,b005_0727,2,0.003165000001899898
2,cuda,gnn,common_input_to_host_output,1,1,b005_0092,3,0.003276399918831885
2,cuda,gnn,common_input_to_host_output,1,1,b004_0388,1,0.003064800053834915
2,cuda,gnn,common_input_to_host_output,1,1,b004_0356,6,0.0033174999989569187
2,cuda,gnn,common_input_to_host_output,1,1,b005_0086,11,0.003634100081399083
2,cuda,gnn,common_input_to_host_output,1,1,b005_0119,7,0.0043515999568626285
2,cuda,gnn,common_input_to_host_output,1,1,b005_0098,7,0.0036994999973103404
2,cuda,gnn,common_input_to_host_output,1,1,b004_0253,3,0.0044006999814882874
2,cuda,gnn,common_input_to_host_output,1,1,b005_0107,1,0.002972699934616685
2,cuda,gnn,common_input_to_host_output,1,1,b004_0277,8,0.0034023000625893474
2,cuda,gnn,common_input_to_host_output,1,1,b004_0258,4,0.004397799959406257
2,cuda,gnn,common_input_to_host_output,1,1,b005_0121,4,0.0036036999663338065
2,cuda,gnn,common_input_to_host_output,1,1,b005_0087,5,0.0034034999553114176
2,cuda,gnn,common_input_to_host_output,1,1,b005_0120,3,0.0040438000578433275
2,cuda,gnn,common_input_to_host_output,1,1,b005_0133,13,0.004316799924708903
2,cuda,gnn,common_input_to_host_output,1,1,b004_0244,1,0.002588799921795726
2,cuda,gnn,common_input_to_host_output,1,1,b005_0628,10,0.004645199980586767
2,cuda,gnn,common_input_to_host_output,1,1,b005_0575,3,0.0033216000301763415
2,cuda,gnn,common_input_to_host_output,1,1,b005_0569,4,0.004346100031398237
2,cuda,gnn,common_input_to_host_output,1,1,b005_0629,4,0.00375879998318851
2,cuda,gnn,common_input_to_host_output,1,1,b005_0651,14,0.0035801000194624066
2,cuda,gnn,common_input_to_host_output,1,1,b005_0559,6,0.006217899965122342
2,cuda,gnn,common_input_to_host_output,1,1,b005_0627,10,0.004159800009801984
2,cuda,gnn,common_input_to_host_output,1,1,b005_0610,7,0.006305999937467277
2,cuda,gnn,common_input_to_host_output,1,1,b005_0626,9,0.004022700013592839
2,cuda,gnn,common_input_to_host_output,1,1,b005_0612,10,0.004188199993222952
2,cuda,gnn,common_input_to_host_output,1,1,b005_0554,8,0.0033370000310242176
2,cuda,gnn,common_input_to_host_output,1,1,b005_0578,7,0.003941999981179833
2,cuda,gnn,common_input_to_host_output,1,1,b005_0604,13,0.004737999988719821
2,cuda,gnn,common_input_to_host_output,1,1,b005_0442,7,0.0035960000241175294
2,cuda,gnn,common_input_to_host_output,1,1,b005_0470,3,0.003961200010962784
2,cuda,gnn,common_input_to_host_output,1,1,b005_0446,9,0.005912499967962503
2,cuda,gnn,common_input_to_host_output,1,1,b005_0434,1,0.0026270999806001782
2,cuda,gnn,common_input_to_host_output,1,1,b005_0431,9,0.004165099933743477
2,cuda,gnn,common_input_to_host_output,1,1,b005_0460,2,0.0037837999407202005
2,cuda,gnn,common_input_to_host_output,1,1,b005_0438,5,0.003545599989593029
2,cuda,gnn,common_input_to_host_output,1,1,b005_0444,9,0.0038478999631479383
2,cuda,gnn,common_input_to_host_output,1,1,b004_0349,8,0.00417369999922812
2,cuda,gnn,common_input_to_host_output,1,1,b005_0465,10,0.0036213999846950173
2,cuda,gnn,common_input_to_host_output,1,1,b004_0326,6,0.0038846000097692013
2,cuda,gnn,common_input_to_host_output,1,1,b005_0418,4,0.004300399916246533
2,cuda,gnn,common_input_to_host_output,1,1,b004_0217,2,0.0033403000561520457
2,cuda,gnn,common_input_to_host_output,1,1,b004_0215,2,0.004458000068552792
2,cuda,gnn,common_input_to_host_output,1,1,b005_0449,10,0.004303799942135811
2,cuda,gnn,common_input_to_host_output,1,1,b004_0241,2,0.004184299963526428
2,cuda,gnn,common_input_to_host_output,1,1,b004_0321,1,0.002436300041154027
2,cuda,gnn,common_input_to_host_output,1,1,b005_0467,11,0.0044241000432521105
2,cuda,gnn,common_input_to_host_output,1,1,b005_0684,8,0.004088299931026995
2,cuda,gnn,common_input_to_host_output,1,1,b005_0654,3,0.00396190001629293
2,cuda,gnn,common_input_to_host_output,1,1,b005_0688,4,0.0050755999982357025
2,cuda,gnn,common_input_to_host_output,1,1,b005_0680,11,0.004845299990847707
2,cuda,gnn,common_input_to_host_output,1,1,b005_0690,5,0.0039984999457374215
2,cuda,gnn,common_input_to_host_output,1,1,b005_0660,8,0.0035314999986439943
2,cuda,gnn,common_input_to_host_output,1,1,b005_0709,11,0.004301700042560697
2,cuda,gnn,common_input_to_host_output,1,1,b005_0672,9,0.00410989997908473
2,cuda,gnn,common_input_to_host_output,1,1,b004_0029,1,0.002226899960078299
2,cuda,gnn,common_input_to_host_output,1,1,b004_0013,6,0.004883200046606362
2,cuda,gnn,common_input_to_host_output,1,1,b005_0070,6,0.0046857999404892325
2,cuda,gnn,common_input_to_host_output,1,1,b005_0004,13,0.003570099943317473
2,cuda,gnn,common_input_to_host_output,1,1,b005_0025,7,0.0036860000109300017
2,cuda,gnn,common_input_to_host_output,1,1,b005_0002,5,0.0037333999061957
2,cuda,gnn,common_input_to_host_output,1,1,b005_0047,2,0.003171699936501682
2,cuda,gnn,common_input_to_host_output,1,1,b005_0033,15,0.004729500040411949
2,cuda,gnn,common_input_to_host_output,1,1,b005_0049,8,0.004028899944387376
2,cuda,gnn,common_input_to_host_output,1,1,b004_0065,3,0.003142000059597194
2,cuda,gnn,common_input_to_host_output,1,1,b004_0024,4,0.005146599956788123
2,cuda,gnn,common_input_to_host_output,1,1,b005_0062,2,0.004027500050142407
2,cuda,gnn,common_input_to_host_output,1,1,b004_0082,5,0.0033764999825507402
2,cuda,gnn,common_input_to_host_output,1,1,b004_0022,2,0.003660299931652844
2,cuda,gnn,common_input_to_host_output,1,1,b005_0065,8,0.004298799904063344
2,cuda,gnn,common_input_to_host_output,1,1,b004_0070,3,0.003382100025191903
2,cuda,gnn,common_input_to_host_output,1,1,b005_0019,12,0.0038626999594271183
2,cuda,gnn,common_input_to_host_output,1,1,b004_0008,3,0.004076700075529516
2,cuda,gnn,common_input_to_host_output,1,1,b004_0006,3,0.00527600001078099
2,cuda,gnn,common_input_to_host_output,1,1,b005_0040,3,0.0034312999341636896
2,cuda,gnn,common_input_to_host_output,1,1,b004_0039,8,0.003954400075599551
2,cuda,gnn,common_input_to_host_output,1,1,b004_0088,2,0.0031883999472483993
2,cuda,gnn,common_input_to_host_output,1,1,b004_0012,5,0.003991800011135638
2,cuda,gnn,common_input_to_host_output,1,1,b004_0003,4,0.0038759999442845583
2,cuda,gnn,common_input_to_host_output,1,1,b004_0084,3,0.003094600047916174
2,cuda,gnn,common_input_to_host_output,1,1,b004_0259,5,0.003983299946412444
2,cuda,gnn,common_input_to_host_output,1,1,b005_0185,15,0.006054600002244115
2,cuda,gnn,common_input_to_host_output,1,1,b005_0160,13,0.00543160003144294
2,cuda,gnn,common_input_to_host_output,1,1,b005_0217,2,0.00549240002874285
2,cuda,gnn,common_input_to_host_output,1,1,b005_0205,11,0.005258999997749925
2,cuda,gnn,common_input_to_host_output,1,1,b005_0219,10,0.00504179997369647
2,cuda,gnn,common_input_to_host_output,1,1,b004_0313,4,0.004024900030344725
2,cuda,gnn,common_input_to_host_output,1,1,b005_0198,11,0.004710800014436245
2,cuda,gnn,common_input_to_host_output,1,1,b005_0199,7,0.004578599939122796
2,cuda,gnn,common_input_to_host_output,1,1,b005_0211,4,0.0038081000093370676
2,cuda,gnn,common_input_to_host_output,1,1,b005_0209,10,0.00338829995598644
2,cuda,gnn,common_input_to_host_output,1,1,b004_0140,3,0.004347599926404655
2,cuda,gnn,common_input_to_host_output,1,1,b005_0172,3,0.003176799975335598
2,cuda,gnn,common_input_to_host_output,1,1,b005_0181,12,0.003564500017091632
2,cuda,gnn,common_input_to_host_output,1,1,b004_0197,1,0.0024861000711098313
2,cuda,gnn,common_input_to_host_output,1,1,b005_0170,7,0.0034420000156387687
2,cuda,gnn,common_input_to_host_output,1,1,b004_0181,4,0.003639600006863475
2,cuda,gnn,common_input_to_host_output,1,1,b005_0222,14,0.004102100036107004
2,cuda,gnn,common_input_to_host_output,1,1,b005_0196,12,0.0037619000067934394
2,cuda,gnn,common_input_to_host_output,1,1,b004_0350,2,0.0044037000043317676
2,cuda,gnn,common_input_to_host_output,1,1,b005_0273,11,0.004537699976935983
2,cuda,gnn,common_input_to_host_output,1,1,b005_0303,9,0.003554099937900901
2,cuda,gnn,common_input_to_host_output,1,1,b005_0266,11,0.004294399986974895
2,cuda,gnn,common_input_to_host_output,1,1,b004_0168,6,0.00469069997780025
2,cuda,gnn,common_input_to_host_output,1,1,b005_0290,10,0.003323499928228557
2,cuda,gnn,common_input_to_host_output,1,1,b004_0342,2,0.004167200066149235
2,cuda,gnn,common_input_to_host_output,1,1,b005_0310,1,0.00291719997767359
2,cuda,gnn,common_input_to_host_output,1,1,b005_0231,8,0.0037562999641522765
2,cuda,gnn,common_input_to_host_output,1,1,b005_0302,14,0.00410089991055429
2,cuda,gnn,common_input_to_host_output,1,1,b005_0242,6,0.003893899964168668
2,cuda,gnn,common_input_to_host_output,1,1,b005_0298,2,0.00357659999281168
2,cuda,gnn,common_input_to_host_output,1,1,b004_0263,4,0.005437999963760376
2,cuda,gnn,common_input_to_host_output,1,1,b005_0493,4,0.00412619998678565
2,cuda,gnn,common_input_to_host_output,1,1,b005_0503,5,0.0045386001002043486
2,cuda,gnn,common_input_to_host_output,1,1,b004_0282,5,0.0037607999984174967
2,cuda,gnn,common_input_to_host_output,1,1,b005_0508,9,0.004527100012637675
2,cuda,gnn,common_input_to_host_output,1,1,b005_0516,1,0.002855099970474839
2,cuda,gnn,common_input_to_host_output,1,1,b004_0300,5,0.0033904999727383256
2,cuda,gnn,common_input_to_host_output,1,1,b004_0311,2,0.0041120999958366156
2,cuda,gnn,common_input_to_host_output,1,1,b004_0108,6,0.003390899975784123
2,cuda,gnn,common_input_to_host_output,1,1,b005_0482,4,0.0035923999967053533
2,cuda,gnn,common_input_to_host_output,1,1,b005_0545,14,0.003973299986682832
2,cuda,gnn,common_input_to_host_output,1,1,b005_0537,5,0.0034241999965161085
2,cuda,gnn,common_input_to_host_output,1,1,b005_0548,5,0.003866499988362193
2,cuda,gnn,common_input_to_host_output,1,1,b005_0541,4,0.0037394999526441097
2,cuda,gnn,common_input_to_host_output,1,1,b004_0185,8,0.0033783999970182776
2,cuda,gnn,common_input_to_host_output,1,1,b005_0505,1,0.002973599941469729
2,cuda,gnn,common_input_to_host_output,1,1,b005_0544,4,0.0033301999792456627
2,cuda,gnn,common_input_to_host_output,1,1,b005_0513,9,0.0042212000116705894
2,cuda,gnn,common_input_to_host_output,1,1,b004_0198,3,0.0040429000509902835
2,cuda,gnn,common_input_to_host_output,1,1,b004_0154,8,0.0034725998993963003
2,cuda,gnn,common_input_to_host_output,1,1,b005_0345,4,0.004614200093783438
2,cuda,gnn,common_input_to_host_output,1,1,b004_0106,3,0.0046258000656962395
2,cuda,gnn,common_input_to_host_output,1,1,b005_0356,2,0.004436300019733608
2,cuda,gnn,common_input_to_host_output,1,1,b004_0270,2,0.0033939999993890524
2,cuda,gnn,common_input_to_host_output,1,1,b005_0376,3,0.003962500020861626
2,cuda,gnn,common_input_to_host_output,1,1,b005_0323,11,0.004236700013279915
2,cuda,gnn,common_input_to_host_output,1,1,b005_0380,7,0.0032555999932810664
2,cuda,gnn,common_input_to_host_output,1,1,b004_0192,3,0.003576999995857477
2,cuda,gnn,common_input_to_host_output,1,1,b005_0350,4,0.0046675000339746475
2,cuda,gnn,common_input_to_host_output,1,1,b004_0115,3,0.0032015000469982624
2,cuda,gnn,common_input_to_host_output,1,1,b004_0367,5,0.005183100001886487
2,cuda,gnn,common_input_to_host_output,1,1,b004_0378,8,0.004049899987876415
2,cuda,gnn,common_input_to_host_output,1,1,b005_0361,8,0.0033773999894037843
2,cuda,gnn,common_input_to_host_output,1,1,b005_0378,11,0.004279999993741512
2,cuda,gnn,common_input_to_host_output,1,1,b005_0714,3,0.004096199991181493
2,cuda,gnn,common_input_to_host_output,1,1,b005_0792,6,0.0033159999875351787
2,cuda,gnn,common_input_to_host_output,1,1,b005_0773,7,0.0050530999433249235
2,cuda,gnn,common_input_to_host_output,1,1,b005_0723,1,0.0030265001114457846
2,cuda,gnn,common_input_to_host_output,1,1,b005_0799,8,0.003229700028896332
2,cuda,gnn,common_input_to_host_output,1,1,b005_0786,2,0.0039062000578269362
2,cuda,gnn,common_input_to_host_output,1,1,b005_0783,4,0.003799599944613874
2,cuda,gnn,common_input_to_host_output,1,1,b005_0805,10,0.003405400086194277
2,cuda,gnn,common_input_to_host_output,1,1,b005_0736,3,0.003895200090482831
2,cuda,gnn,common_input_to_host_output,1,1,b005_0758,8,0.003771499963477254
2,cuda,gnn,common_input_to_host_output,1,1,b005_0737,15,0.004043999942950904
2,cuda,gnn,common_input_to_host_output,1,1,b005_0784,1,0.004247099976055324
2,cuda,gnn,common_input_to_host_output,1,1,b005_0733,1,0.0030668999534100294
2,cuda,gnn,common_input_to_host_output,1,1,b005_0774,14,0.004078499972820282
2,cuda,gnn,common_input_to_host_output,1,1,b005_0757,9,0.00424350006505847
2,cuda,gnn,common_input_to_host_output,1,1,b005_0727,2,0.004108500084839761
2,cuda,gnn,forward_resident_inputs,32,32,b005_0092|b004_0388|b004_0356|b005_0086|b005_0119|b005_0098|b004_0253|b005_0107|b004_0277|b004_0258|b005_0121|b005_0087|b005_0120|b005_0133|b004_0244|b005_0628|b005_0575|b005_0569|b005_0629|b005_0651|b005_0559|b005_0627|b005_0610|b005_0626|b005_0612|b005_0554|b005_0578|b005_0604|b005_0442|b005_0470|b005_0446|b005_0434,3|1|6|11|7|7|3|1|8|4|4|5|3|13|1|10|3|4|4|14|6|10|7|9|10|8|7|13|7|3|9|1,0.0036244000075384974
2,cuda,gnn,forward_resident_inputs,32,32,b005_0431|b005_0460|b005_0438|b005_0444|b004_0349|b005_0465|b004_0326|b005_0418|b004_0217|b004_0215|b005_0449|b004_0241|b004_0321|b005_0467|b005_0684|b005_0654|b005_0688|b005_0680|b005_0690|b005_0660|b005_0709|b005_0672|b004_0029|b004_0013|b005_0070|b005_0004|b005_0025|b005_0002|b005_0047|b005_0033|b005_0049|b004_0065,9|2|5|9|8|10|6|4|2|2|10|2|1|11|8|3|4|11|5|8|11|9|1|6|6|13|7|5|2|15|8|3,0.0027865999145433307
2,cuda,gnn,forward_resident_inputs,32,32,b004_0024|b005_0062|b004_0082|b004_0022|b005_0065|b004_0070|b005_0019|b004_0008|b004_0006|b005_0040|b004_0039|b004_0088|b004_0012|b004_0003|b004_0084|b004_0259|b005_0185|b005_0160|b005_0217|b005_0205|b005_0219|b004_0313|b005_0198|b005_0199|b005_0211|b005_0209|b004_0140|b005_0172|b005_0181|b004_0197|b005_0170|b004_0181,4|2|5|2|8|3|12|3|3|3|8|2|5|4|3|5|15|13|2|11|10|4|11|7|4|10|3|3|12|1|7|4,0.003232400049455464
2,cuda,gnn,forward_resident_inputs,32,32,b005_0222|b005_0196|b004_0350|b005_0273|b005_0303|b005_0266|b004_0168|b005_0290|b004_0342|b005_0310|b005_0231|b005_0302|b005_0242|b005_0298|b004_0263|b005_0493|b005_0503|b004_0282|b005_0508|b005_0516|b004_0300|b004_0311|b004_0108|b005_0482|b005_0545|b005_0537|b005_0548|b005_0541|b004_0185|b005_0505|b005_0544|b005_0513,14|12|2|11|9|11|6|10|2|1|8|14|6|2|4|4|5|5|9|1|5|2|6|4|14|5|5|4|8|1|4|9,0.002782299998216331
2,cuda,gnn,forward_resident_inputs,32,32,b004_0198|b004_0154|b005_0345|b004_0106|b005_0356|b004_0270|b005_0376|b005_0323|b005_0380|b004_0192|b005_0350|b004_0115|b004_0367|b004_0378|b005_0361|b005_0378|b005_0714|b005_0792|b005_0773|b005_0723|b005_0799|b005_0786|b005_0783|b005_0805|b005_0736|b005_0758|b005_0737|b005_0784|b005_0733|b005_0774|b005_0757|b005_0727,3|8|4|3|2|2|3|11|7|3|4|3|5|8|8|11|3|6|7|1|8|2|4|10|3|8|15|1|1|14|9|2,0.0034929999383166432
2,cuda,gnn,common_input_to_host_output,32,32,b005_0092|b004_0388|b004_0356|b005_0086|b005_0119|b005_0098|b004_0253|b005_0107|b004_0277|b004_0258|b005_0121|b005_0087|b005_0120|b005_0133|b004_0244|b005_0628|b005_0575|b005_0569|b005_0629|b005_0651|b005_0559|b005_0627|b005_0610|b005_0626|b005_0612|b005_0554|b005_0578|b005_0604|b005_0442|b005_0470|b005_0446|b005_0434,3|1|6|11|7|7|3|1|8|4|4|5|3|13|1|10|3|4|4|14|6|10|7|9|10|8|7|13|7|3|9|1,0.011790100019425154
2,cuda,gnn,common_input_to_host_output,32,32,b005_0431|b005_0460|b005_0438|b005_0444|b004_0349|b005_0465|b004_0326|b005_0418|b004_0217|b004_0215|b005_0449|b004_0241|b004_0321|b005_0467|b005_0684|b005_0654|b005_0688|b005_0680|b005_0690|b005_0660|b005_0709|b005_0672|b004_0029|b004_0013|b005_0070|b005_0004|b005_0025|b005_0002|b005_0047|b005_0033|b005_0049|b004_0065,9|2|5|9|8|10|6|4|2|2|10|2|1|11|8|3|4|11|5|8|11|9|1|6|6|13|7|5|2|15|8|3,0.01184839999768883
2,cuda,gnn,common_input_to_host_output,32,32,b004_0024|b005_0062|b004_0082|b004_0022|b005_0065|b004_0070|b005_0019|b004_0008|b004_0006|b005_0040|b004_0039|b004_0088|b004_0012|b004_0003|b004_0084|b004_0259|b005_0185|b005_0160|b005_0217|b005_0205|b005_0219|b004_0313|b005_0198|b005_0199|b005_0211|b005_0209|b004_0140|b005_0172|b005_0181|b004_0197|b005_0170|b004_0181,4|2|5|2|8|3|12|3|3|3|8|2|5|4|3|5|15|13|2|11|10|4|11|7|4|10|3|3|12|1|7|4,0.01081549993250519
2,cuda,gnn,common_input_to_host_output,32,32,b005_0222|b005_0196|b004_0350|b005_0273|b005_0303|b005_0266|b004_0168|b005_0290|b004_0342|b005_0310|b005_0231|b005_0302|b005_0242|b005_0298|b004_0263|b005_0493|b005_0503|b004_0282|b005_0508|b005_0516|b004_0300|b004_0311|b004_0108|b005_0482|b005_0545|b005_0537|b005_0548|b005_0541|b004_0185|b005_0505|b005_0544|b005_0513,14|12|2|11|9|11|6|10|2|1|8|14|6|2|4|4|5|5|9|1|5|2|6|4|14|5|5|4|8|1|4|9,0.013205699971877038
2,cuda,gnn,common_input_to_host_output,32,32,b004_0198|b004_0154|b005_0345|b004_0106|b005_0356|b004_0270|b005_0376|b005_0323|b005_0380|b004_0192|b005_0350|b004_0115|b004_0367|b004_0378|b005_0361|b005_0378|b005_0714|b005_0792|b005_0773|b005_0723|b005_0799|b005_0786|b005_0783|b005_0805|b005_0736|b005_0758|b005_0737|b005_0784|b005_0733|b005_0774|b005_0757|b005_0727,3|8|4|3|2|2|3|11|7|3|4|3|5|8|8|11|3|6|7|1|8|2|4|10|3|8|15|1|1|14|9|2,0.010823999997228384
