case_id,family,role,cracks,L_m,b_m,h_m
b004_0000,merged_b004_0000,train,4,1.5,0.14000000059604645,0.20000000298023224
b004_0001,merged_b004_0001,train,4,1.5,0.14000000059604645,0.20000000298023224
b004_0002,merged_b004_0002,train,7,1.5,0.14000000059604645,0.20000000298023224
b004_0003,merged_b004_0003,train,4,1.5,0.14000000059604645,0.20000000298023224
b004_0004,merged_b004_0004,train,5,1.5,0.14000000059604645,0.20000000298023224
b004_0005,merged_b004_0005,train,6,1.5,0.14000000059604645,0.20000000298023224
b004_0006,merged_b004_0006,quarantine,3,1.5,0.14000000059604645,0.20000000298023224
b004_0007,merged_b004_0007,train,4,1.5,0.14000000059604645,0.20000000298023224
b004_0008,merged_b004_0008,train,3,1.5,0.14000000059604645,0.20000000298023224
b004_0009,merged_b004_0009,train,8,1.5,0.14000000059604645,0.20000000298023224
b004_0010,merged_b004_0010,train,5,1.5,0.14000000059604645,0.20000000298023224
b004_0011,merged_b004_0011,train,7,1.5,0.14000000059604645,0.20000000298023224
b004_0012,merged_b004_0012,train,5,1.5,0.14000000059604645,0.20000000298023224
b004_0013,merged_b004_0013,train,6,1.5,0.14000000059604645,0.20000000298023224
b004_0014,merged_b004_0014,train,4,1.5,0.14000000059604645,0.20000000298023224
b004_0015,merged_b004_0015,train,5,1.5,0.14000000059604645,0.20000000298023224
b004_0017,merged_b004_0017,train,7,1.5,0.14000000059604645,0.20000000298023224
b004_0018,merged_b004_0018,train,1,1.5,0.14000000059604645,0.20000000298023224
b004_0019,merged_b004_0019,train,8,1.5,0.14000000059604645,0.20000000298023224
b004_0020,merged_b004_0020,quarantine,4,1.5,0.14000000059604645,0.20000000298023224
b004_0021,merged_b004_0021,train,3,1.5,0.14000000059604645,0.20000000298023224
b004_0022,merged_b004_0022,train,2,1.5,0.14000000059604645,0.20000000298023224
b004_0023,merged_b004_0023,quarantine,7,1.5,0.14000000059604645,0.20000000298023224
b004_0024,merged_b004_0024,train,4,1.5,0.14000000059604645,0.20000000298023224
b004_0025,merged_b004_0025,train,1,1.5,0.14000000059604645,0.20000000298023224
b004_0026,merged_b004_0026,train,6,1.5,0.14000000059604645,0.20000000298023224
b004_0027,merged_b004_0027,train,8,1.5,0.14000000059604645,0.20000000298023224
b004_0028,merged_b004_0028,train,6,1.5,0.14000000059604645,0.20000000298023224
b004_0029,merged_b004_0029,train,1,1.5,0.14000000059604645,0.20000000298023224
b004_0030,merged_b004_0030,quarantine,3,1.5,0.14000000059604645,0.20000000298023224
b004_0031,merged_b004_0031,train,2,1.5,0.14000000059604645,0.20000000298023224
b004_0032,merged_b004_0032,quarantine,1,1.5,0.14000000059604645,0.20000000298023224
b004_0033,merged_b004_0033,train,1,1.5,0.14000000059604645,0.20000000298023224
b004_0034,merged_b004_0034,quarantine,3,1.5,0.14000000059604645,0.20000000298023224
b004_0035,merged_b004_0035,train,4,1.5,0.14000000059604645,0.20000000298023224
b004_0036,merged_b004_0036,train,3,1.5,0.14000000059604645,0.20000000298023224
b004_0037,merged_b004_0037,quarantine,5,1.5,0.14000000059604645,0.20000000298023224
b004_0038,merged_b004_0038,quarantine,5,1.5,0.14000000059604645,0.20000000298023224
b004_0039,merged_b004_0039,train,8,1.5,0.14000000059604645,0.20000000298023224
b004_0040,merged_b004_0040,train,6,1.5,0.14000000059604645,0.20000000298023224
b004_0041,merged_b004_0041,train,6,1.5,0.14000000059604645,0.20000000298023224
b004_0042,merged_b004_0042,train,2,1.5,0.14000000059604645,0.20000000298023224
b004_0043,merged_b004_0043,train,2,1.5,0.14000000059604645,0.20000000298023224
b004_0044,merged_b004_0044,quarantine,3,1.5,0.14000000059604645,0.20000000298023224
b004_0045,merged_b004_0045,train,1,1.5,0.14000000059604645,0.20000000298023224
b004_0046,merged_b004_0046,train,3,1.5,0.14000000059604645,0.20000000298023224
b004_0047,merged_b004_0047,quarantine,3,1.5,0.14000000059604645,0.20000000298023224
b004_0048,merged_b004_0048,quarantine,2,1.5,0.14000000059604645,0.20000000298023224
b004_0049,merged_b004_0049,quarantine,6,1.5,0.14000000059604645,0.20000000298023224
b004_0050,merged_b004_0050,train,7,1.5,0.14000000059604645,0.20000000298023224
b004_0051,merged_b004_0051,quarantine,4,1.5,0.14000000059604645,0.20000000298023224
b004_0052,merged_b004_0052,train,6,1.5,0.14000000059604645,0.20000000298023224
b004_0053,merged_b004_0053,train,7,1.5,0.14000000059604645,0.20000000298023224
b004_0054,merged_b004_0054,train,8,1.5,0.14000000059604645,0.20000000298023224
b004_0055,merged_b004_0055,train,1,1.5,0.14000000059604645,0.20000000298023224
b004_0056,merged_b004_0056,train,8,1.5,0.14000000059604645,0.20000000298023224
b004_0057,merged_b004_0057,train,3,1.5,0.14000000059604645,0.20000000298023224
b004_0058,merged_b004_0058,quarantine,7,1.5,0.14000000059604645,0.20000000298023224
b004_0059,merged_b004_0059,train,7,1.5,0.14000000059604645,0.20000000298023224
b004_0060,merged_b004_0060,quarantine,8,1.5,0.14000000059604645,0.20000000298023224
b004_0061,merged_b004_0061,train,8,1.5,0.14000000059604645,0.20000000298023224
b004_0062,merged_b004_0062,train,2,1.5,0.14000000059604645,0.20000000298023224
b004_0063,merged_b004_0063,train,6,1.5,0.14000000059604645,0.20000000298023224
b004_0064,merged_b004_0064,train,7,1.5,0.14000000059604645,0.20000000298023224
b004_0065,merged_b004_0065,train,3,1.5,0.14000000059604645,0.20000000298023224
b004_0066,merged_b004_0066,train,8,1.5,0.14000000059604645,0.20000000298023224
b004_0067,merged_b004_0067,train,7,1.5,0.14000000059604645,0.20000000298023224
b004_0068,merged_b004_0068,train,2,1.5,0.14000000059604645,0.20000000298023224
b004_0069,merged_b004_0069,train,8,1.5,0.14000000059604645,0.20000000298023224
b004_0070,merged_b004_0070,quarantine,3,1.5,0.14000000059604645,0.20000000298023224
b004_0071,merged_b004_0071,train,1,1.5,0.14000000059604645,0.20000000298023224
b004_0072,merged_b004_0072,train,3,1.5,0.14000000059604645,0.20000000298023224
b004_0073,merged_b004_0073,quarantine,8,1.5,0.14000000059604645,0.20000000298023224
b004_0074,merged_b004_0074,train,8,1.5,0.14000000059604645,0.20000000298023224
b004_0075,merged_b004_0075,train,2,1.5,0.14000000059604645,0.20000000298023224
b004_0076,merged_b004_0076,train,6,1.5,0.14000000059604645,0.20000000298023224
b004_0077,merged_b004_0077,train,5,1.5,0.14000000059604645,0.20000000298023224
b004_0078,merged_b004_0078,train,7,1.5,0.14000000059604645,0.20000000298023224
b004_0079,merged_b004_0079,train,1,1.5,0.14000000059604645,0.20000000298023224
b004_0080,merged_b004_0080,train,4,1.5,0.14000000059604645,0.20000000298023224
b004_0081,merged_b004_0081,train,4,1.5,0.14000000059604645,0.20000000298023224
b004_0082,merged_b004_0082,train,5,1.5,0.14000000059604645,0.20000000298023224
b004_0084,merged_b004_0084,quarantine,3,1.5,0.14000000059604645,0.20000000298023224
b004_0086,merged_b004_0086,train,8,1.5,0.14000000059604645,0.20000000298023224
b004_0087,merged_b004_0087,train,7,1.5,0.14000000059604645,0.20000000298023224
b004_0088,merged_b004_0088,train,2,1.5,0.14000000059604645,0.20000000298023224
b004_0089,merged_b004_0089,train,4,1.5,0.14000000059604645,0.20000000298023224
b004_0090,merged_b004_0090,quarantine,1,1.5,0.14000000059604645,0.20000000298023224
b004_0091,merged_b004_0091,train,6,1.5,0.14000000059604645,0.20000000298023224
b004_0092,merged_b004_0092,train,4,1.5,0.14000000059604645,0.20000000298023224
b004_0093,merged_b004_0093,quarantine,8,1.5,0.14000000059604645,0.20000000298023224
b004_0094,merged_b004_0094,quarantine,5,1.5,0.14000000059604645,0.20000000298023224
b004_0095,merged_b004_0095,train,7,1.5,0.14000000059604645,0.20000000298023224
b004_0096,merged_b004_0096,train,2,1.5,0.14000000059604645,0.20000000298023224
b004_0097,merged_b004_0097,train,1,1.5,0.14000000059604645,0.20000000298023224
b004_0098,merged_b004_0098,train,7,1.5,0.14000000059604645,0.20000000298023224
b004_0099,merged_b004_0099,train,1,1.5,0.14000000059604645,0.20000000298023224
b004_0100,merged_b004_0100,train,4,1.5,0.14000000059604645,0.20000000298023224
b004_0101,merged_b004_0101,train,7,1.5,0.14000000059604645,0.20000000298023224
b004_0102,merged_b004_0102,train,5,1.5,0.14000000059604645,0.20000000298023224
b004_0103,merged_b004_0103,train,1,1.5,0.14000000059604645,0.20000000298023224
b004_0104,merged_b004_0104,train,7,1.5,0.14000000059604645,0.20000000298023224
b004_0106,merged_b004_0106,train,3,1.5,0.14000000059604645,0.20000000298023224
b004_0108,merged_b004_0108,train,6,1.5,0.14000000059604645,0.20000000298023224
b004_0109,merged_b004_0109,train,5,1.5,0.14000000059604645,0.20000000298023224
b004_0112,merged_b004_0112,train,2,1.5,0.14000000059604645,0.20000000298023224
b004_0113,merged_b004_0113,train,3,1.5,0.14000000059604645,0.20000000298023224
b004_0115,merged_b004_0115,quarantine,3,1.5,0.14000000059604645,0.20000000298023224
b004_0116,merged_b004_0116,train,6,1.5,0.14000000059604645,0.20000000298023224
b004_0117,merged_b004_0117,quarantine,1,1.5,0.14000000059604645,0.20000000298023224
b004_0118,merged_b004_0118,train,7,1.5,0.14000000059604645,0.20000000298023224
b004_0120,merged_b004_0120,train,4,1.5,0.14000000059604645,0.20000000298023224
b004_0121,merged_b004_0121,train,6,1.5,0.14000000059604645,0.20000000298023224
b004_0123,merged_b004_0123,quarantine,2,1.5,0.14000000059604645,0.20000000298023224
b004_0124,merged_b004_0124,train,1,1.5,0.14000000059604645,0.20000000298023224
b004_0125,merged_b004_0125,train,5,1.5,0.14000000059604645,0.20000000298023224
b004_0126,merged_b004_0126,train,7,1.5,0.14000000059604645,0.20000000298023224
b004_0127,merged_b004_0127,train,4,1.5,0.14000000059604645,0.20000000298023224
b004_0128,merged_b004_0128,train,4,1.5,0.14000000059604645,0.20000000298023224
b004_0129,merged_b004_0129,quarantine,6,1.5,0.14000000059604645,0.20000000298023224
b004_0130,merged_b004_0130,train,8,1.5,0.14000000059604645,0.20000000298023224
b004_0131,merged_b004_0131,train,1,1.5,0.14000000059604645,0.20000000298023224
b004_0132,merged_b004_0132,train,2,1.5,0.14000000059604645,0.20000000298023224
b004_0133,merged_b004_0133,train,8,1.5,0.14000000059604645,0.20000000298023224
b004_0135,merged_b004_0135,train,3,1.5,0.14000000059604645,0.20000000298023224
b004_0136,merged_b004_0136,train,2,1.5,0.14000000059604645,0.20000000298023224
b004_0137,merged_b004_0137,train,1,1.5,0.14000000059604645,0.20000000298023224
b004_0139,merged_b004_0139,train,2,1.5,0.14000000059604645,0.20000000298023224
b004_0140,merged_b004_0140,train,3,1.5,0.14000000059604645,0.20000000298023224
b004_0144,merged_b004_0144,train,5,1.5,0.14000000059604645,0.20000000298023224
b004_0145,merged_b004_0145,train,6,1.5,0.14000000059604645,0.20000000298023224
b004_0147,merged_b004_0147,train,7,1.5,0.14000000059604645,0.20000000298023224
b004_0148,merged_b004_0148,quarantine,4,1.5,0.14000000059604645,0.20000000298023224
b004_0149,merged_b004_0149,train,1,1.5,0.14000000059604645,0.20000000298023224
b004_0151,merged_b004_0151,quarantine,5,1.5,0.14000000059604645,0.20000000298023224
b004_0153,merged_b004_0153,train,1,1.5,0.14000000059604645,0.20000000298023224
b004_0154,merged_b004_0154,train,8,1.5,0.14000000059604645,0.20000000298023224
b004_0155,merged_b004_0155,train,6,1.5,0.14000000059604645,0.20000000298023224
b004_0156,merged_b004_0156,train,7,1.5,0.14000000059604645,0.20000000298023224
b004_0157,merged_b004_0157,train,8,1.5,0.14000000059604645,0.20000000298023224
b004_0158,merged_b004_0158,train,5,1.5,0.14000000059604645,0.20000000298023224
b004_0159,merged_b004_0159,train,4,1.5,0.14000000059604645,0.20000000298023224
b004_0161,merged_b004_0161,train,6,1.5,0.14000000059604645,0.20000000298023224
b004_0162,merged_b004_0162,train,7,1.5,0.14000000059604645,0.20000000298023224
b004_0163,merged_b004_0163,train,8,1.5,0.14000000059604645,0.20000000298023224
b004_0164,merged_b004_0164,train,8,1.5,0.14000000059604645,0.20000000298023224
b004_0166,merged_b004_0166,train,6,1.5,0.14000000059604645,0.20000000298023224
b004_0167,merged_b004_0167,train,1,1.5,0.14000000059604645,0.20000000298023224
b004_0168,merged_b004_0168,train,6,1.5,0.14000000059604645,0.20000000298023224
b004_0171,merged_b004_0171,train,4,1.5,0.14000000059604645,0.20000000298023224
b004_0172,merged_b004_0172,train,5,1.5,0.14000000059604645,0.20000000298023224
b004_0173,merged_b004_0173,train,7,1.5,0.14000000059604645,0.20000000298023224
b004_0176,merged_b004_0176,train,3,1.5,0.14000000059604645,0.20000000298023224
b004_0177,merged_b004_0177,quarantine,2,1.5,0.14000000059604645,0.20000000298023224
b004_0179,merged_b004_0179,train,5,1.5,0.14000000059604645,0.20000000298023224
b004_0180,merged_b004_0180,train,3,1.5,0.14000000059604645,0.20000000298023224
b004_0181,merged_b004_0181,train,4,1.5,0.14000000059604645,0.20000000298023224
b004_0182,merged_b004_0182,train,1,1.5,0.14000000059604645,0.20000000298023224
b004_0183,merged_b004_0183,train,3,1.5,0.14000000059604645,0.20000000298023224
b004_0185,merged_b004_0185,quarantine,8,1.5,0.14000000059604645,0.20000000298023224
b004_0186,merged_b004_0186,train,8,1.5,0.14000000059604645,0.20000000298023224
b004_0187,merged_b004_0187,train,2,1.5,0.14000000059604645,0.20000000298023224
b004_0188,merged_b004_0188,train,7,1.5,0.14000000059604645,0.20000000298023224
b004_0189,merged_b004_0189,train,1,1.5,0.14000000059604645,0.20000000298023224
b004_0190,merged_b004_0190,train,5,1.5,0.14000000059604645,0.20000000298023224
b004_0191,merged_b004_0191,train,5,1.5,0.14000000059604645,0.20000000298023224
b004_0192,merged_b004_0192,train,3,1.5,0.14000000059604645,0.20000000298023224
b004_0193,merged_b004_0193,train,1,1.5,0.14000000059604645,0.20000000298023224
b004_0194,merged_b004_0194,train,3,1.5,0.14000000059604645,0.20000000298023224
b004_0195,merged_b004_0195,train,1,1.5,0.14000000059604645,0.20000000298023224
b004_0196,merged_b004_0196,train,2,1.5,0.14000000059604645,0.20000000298023224
b004_0197,merged_b004_0197,train,1,1.5,0.14000000059604645,0.20000000298023224
b004_0198,merged_b004_0198,train,3,1.5,0.14000000059604645,0.20000000298023224
b004_0204,merged_b004_0204,train,4,1.5,0.14000000059604645,0.20000000298023224
b004_0205,merged_b004_0205,train,5,1.5,0.14000000059604645,0.20000000298023224
b004_0206,merged_b004_0206,train,8,1.5,0.14000000059604645,0.20000000298023224
b004_0208,merged_b004_0208,train,3,1.5,0.14000000059604645,0.20000000298023224
b004_0209,merged_b004_0209,train,7,1.5,0.14000000059604645,0.20000000298023224
b004_0210,merged_b004_0210,train,4,1.5,0.14000000059604645,0.20000000298023224
b004_0213,merged_b004_0213,train,8,1.5,0.14000000059604645,0.20000000298023224
b004_0215,merged_b004_0215,train,2,1.5,0.14000000059604645,0.20000000298023224
b004_0217,merged_b004_0217,train,2,1.5,0.14000000059604645,0.20000000298023224
b004_0218,merged_b004_0218,quarantine,2,1.5,0.14000000059604645,0.20000000298023224
b004_0219,merged_b004_0219,quarantine,7,1.5,0.14000000059604645,0.20000000298023224
b004_0220,merged_b004_0220,train,7,1.5,0.14000000059604645,0.20000000298023224
b004_0221,merged_b004_0221,train,4,1.5,0.14000000059604645,0.20000000298023224
b004_0222,merged_b004_0222,quarantine,1,1.5,0.14000000059604645,0.20000000298023224
b004_0224,merged_b004_0224,quarantine,6,1.5,0.14000000059604645,0.20000000298023224
b004_0225,merged_b004_0225,train,5,1.5,0.14000000059604645,0.20000000298023224
b004_0226,merged_b004_0226,train,7,1.5,0.14000000059604645,0.20000000298023224
b004_0227,merged_b004_0227,train,1,1.5,0.14000000059604645,0.20000000298023224
b004_0228,merged_b004_0228,train,7,1.5,0.14000000059604645,0.20000000298023224
b004_0229,merged_b004_0229,train,4,1.5,0.14000000059604645,0.20000000298023224
b004_0231,merged_b004_0231,train,5,1.5,0.14000000059604645,0.20000000298023224
b004_0232,merged_b004_0232,train,2,1.5,0.14000000059604645,0.20000000298023224
b004_0233,merged_b004_0233,train,4,1.5,0.14000000059604645,0.20000000298023224
b004_0234,merged_b004_0234,train,7,1.5,0.14000000059604645,0.20000000298023224
b004_0235,merged_b004_0235,train,5,1.5,0.14000000059604645,0.20000000298023224
b004_0236,merged_b004_0236,train,2,1.5,0.14000000059604645,0.20000000298023224
b004_0237,merged_b004_0237,train,7,1.5,0.14000000059604645,0.20000000298023224
b004_0238,merged_b004_0238,train,3,1.5,0.14000000059604645,0.20000000298023224
b004_0240,merged_b004_0240,train,4,1.5,0.14000000059604645,0.20000000298023224
b004_0241,merged_b004_0241,train,2,1.5,0.14000000059604645,0.20000000298023224
b004_0242,merged_b004_0242,train,6,1.5,0.14000000059604645,0.20000000298023224
b004_0245,merged_b004_0245,train,3,1.5,0.14000000059604645,0.20000000298023224
b004_0246,merged_b004_0246,train,5,1.5,0.14000000059604645,0.20000000298023224
b004_0247,merged_b004_0247,train,1,1.5,0.14000000059604645,0.20000000298023224
b004_0249,merged_b004_0249,train,1,1.5,0.14000000059604645,0.20000000298023224
b004_0252,merged_b004_0252,train,8,1.5,0.14000000059604645,0.20000000298023224
b004_0253,merged_b004_0253,train,3,1.5,0.14000000059604645,0.20000000298023224
b004_0254,merged_b004_0254,train,7,1.5,0.14000000059604645,0.20000000298023224
b004_0255,merged_b004_0255,train,4,1.5,0.14000000059604645,0.20000000298023224
b004_0257,merged_b004_0257,train,6,1.5,0.14000000059604645,0.20000000298023224
b004_0258,merged_b004_0258,train,4,1.5,0.14000000059604645,0.20000000298023224
b004_0259,merged_b004_0259,train,5,1.5,0.14000000059604645,0.20000000298023224
b004_0260,merged_b004_0260,train,5,1.5,0.14000000059604645,0.20000000298023224
b004_0261,merged_b004_0261,train,3,1.5,0.14000000059604645,0.20000000298023224
b004_0263,merged_b004_0263,train,4,1.5,0.14000000059604645,0.20000000298023224
b004_0264,merged_b004_0264,train,3,1.5,0.14000000059604645,0.20000000298023224
b004_0265,merged_b004_0265,quarantine,1,1.5,0.14000000059604645,0.20000000298023224
b004_0266,merged_b004_0266,train,8,1.5,0.14000000059604645,0.20000000298023224
b004_0267,merged_b004_0267,train,8,1.5,0.14000000059604645,0.20000000298023224
b004_0268,merged_b004_0268,train,6,1.5,0.14000000059604645,0.20000000298023224
b004_0269,merged_b004_0269,quarantine,5,1.5,0.14000000059604645,0.20000000298023224
b004_0270,merged_b004_0270,train,2,1.5,0.14000000059604645,0.20000000298023224
b004_0272,merged_b004_0272,train,3,1.5,0.14000000059604645,0.20000000298023224
b004_0273,merged_b004_0273,train,7,1.5,0.14000000059604645,0.20000000298023224
b004_0274,merged_b004_0274,train,4,1.5,0.14000000059604645,0.20000000298023224
b004_0275,merged_b004_0275,train,3,1.5,0.14000000059604645,0.20000000298023224
b004_0276,merged_b004_0276,train,3,1.5,0.14000000059604645,0.20000000298023224
b004_0277,merged_b004_0277,train,8,1.5,0.14000000059604645,0.20000000298023224
b004_0278,merged_b004_0278,train,3,1.5,0.14000000059604645,0.20000000298023224
b004_0279,merged_b004_0279,train,7,1.5,0.14000000059604645,0.20000000298023224
b004_0280,merged_b004_0280,train,3,1.5,0.14000000059604645,0.20000000298023224
b004_0282,merged_b004_0282,train,5,1.5,0.14000000059604645,0.20000000298023224
b004_0283,merged_b004_0283,quarantine,6,1.5,0.14000000059604645,0.20000000298023224
b004_0284,merged_b004_0284,train,7,1.5,0.14000000059604645,0.20000000298023224
b004_0285,merged_b004_0285,train,5,1.5,0.14000000059604645,0.20000000298023224
b004_0286,merged_b004_0286,train,2,1.5,0.14000000059604645,0.20000000298023224
b004_0287,merged_b004_0287,train,5,1.5,0.14000000059604645,0.20000000298023224
b004_0288,merged_b004_0288,train,4,1.5,0.14000000059604645,0.20000000298023224
b004_0291,merged_b004_0291,train,1,1.5,0.14000000059604645,0.20000000298023224
b004_0292,merged_b004_0292,train,5,1.5,0.14000000059604645,0.20000000298023224
b004_0293,merged_b004_0293,quarantine,8,1.5,0.14000000059604645,0.20000000298023224
b004_0294,merged_b004_0294,train,4,1.5,0.14000000059604645,0.20000000298023224
b004_0295,merged_b004_0295,train,8,1.5,0.14000000059604645,0.20000000298023224
b004_0296,merged_b004_0296,train,1,1.5,0.14000000059604645,0.20000000298023224
b004_0297,merged_b004_0297,train,6,1.5,0.14000000059604645,0.20000000298023224
b004_0298,merged_b004_0298,train,5,1.5,0.14000000059604645,0.20000000298023224
b004_0300,merged_b004_0300,train,5,1.5,0.14000000059604645,0.20000000298023224
b004_0301,merged_b004_0301,train,5,1.5,0.14000000059604645,0.20000000298023224
b004_0302,merged_b004_0302,train,5,1.5,0.14000000059604645,0.20000000298023224
b004_0303,merged_b004_0303,quarantine,7,1.5,0.14000000059604645,0.20000000298023224
b004_0304,merged_b004_0304,train,1,1.5,0.14000000059604645,0.20000000298023224
b004_0307,merged_b004_0307,train,3,1.5,0.14000000059604645,0.20000000298023224
b004_0308,merged_b004_0308,train,7,1.5,0.14000000059604645,0.20000000298023224
b004_0309,merged_b004_0309,quarantine,8,1.5,0.14000000059604645,0.20000000298023224
b004_0310,merged_b004_0310,train,6,1.5,0.14000000059604645,0.20000000298023224
b004_0311,merged_b004_0311,train,2,1.5,0.14000000059604645,0.20000000298023224
b004_0312,merged_b004_0312,quarantine,8,1.5,0.14000000059604645,0.20000000298023224
b004_0313,merged_b004_0313,quarantine,4,1.5,0.14000000059604645,0.20000000298023224
b004_0314,merged_b004_0314,train,4,1.5,0.14000000059604645,0.20000000298023224
b004_0315,merged_b004_0315,train,6,1.5,0.14000000059604645,0.20000000298023224
b004_0317,merged_b004_0317,train,6,1.5,0.14000000059604645,0.20000000298023224
b004_0318,merged_b004_0318,train,8,1.5,0.14000000059604645,0.20000000298023224
b004_0319,merged_b004_0319,train,7,1.5,0.14000000059604645,0.20000000298023224
b004_0320,merged_b004_0320,quarantine,4,1.5,0.14000000059604645,0.20000000298023224
b004_0321,merged_b004_0321,train,1,1.5,0.14000000059604645,0.20000000298023224
b004_0322,merged_b004_0322,train,3,1.5,0.14000000059604645,0.20000000298023224
b004_0325,merged_b004_0325,quarantine,8,1.5,0.14000000059604645,0.20000000298023224
b004_0326,merged_b004_0326,train,6,1.5,0.14000000059604645,0.20000000298023224
b004_0327,merged_b004_0327,train,5,1.5,0.14000000059604645,0.20000000298023224
b004_0328,merged_b004_0328,quarantine,4,1.5,0.14000000059604645,0.20000000298023224
b004_0332,merged_b004_0332,quarantine,7,1.5,0.14000000059604645,0.20000000298023224
b004_0333,merged_b004_0333,train,3,1.5,0.14000000059604645,0.20000000298023224
b004_0334,merged_b004_0334,train,5,1.5,0.14000000059604645,0.20000000298023224
b004_0335,merged_b004_0335,quarantine,4,1.5,0.14000000059604645,0.20000000298023224
b004_0336,merged_b004_0336,quarantine,1,1.5,0.14000000059604645,0.20000000298023224
b004_0337,merged_b004_0337,train,6,1.5,0.14000000059604645,0.20000000298023224
b004_0338,merged_b004_0338,train,1,1.5,0.14000000059604645,0.20000000298023224
b004_0339,merged_b004_0339,train,3,1.5,0.14000000059604645,0.20000000298023224
b004_0341,merged_b004_0341,train,1,1.5,0.14000000059604645,0.20000000298023224
b004_0342,merged_b004_0342,train,2,1.5,0.14000000059604645,0.20000000298023224
b004_0343,merged_b004_0343,train,2,1.5,0.14000000059604645,0.20000000298023224
b004_0344,merged_b004_0344,train,2,1.5,0.14000000059604645,0.20000000298023224
b004_0345,merged_b004_0345,train,8,1.5,0.14000000059604645,0.20000000298023224
b004_0346,merged_b004_0346,quarantine,4,1.5,0.14000000059604645,0.20000000298023224
b004_0347,merged_b004_0347,train,6,1.5,0.14000000059604645,0.20000000298023224
b004_0348,merged_b004_0348,train,1,1.5,0.14000000059604645,0.20000000298023224
b004_0349,merged_b004_0349,quarantine,8,1.5,0.14000000059604645,0.20000000298023224
b004_0350,merged_b004_0350,train,2,1.5,0.14000000059604645,0.20000000298023224
b004_0351,merged_b004_0351,train,6,1.5,0.14000000059604645,0.20000000298023224
b004_0354,merged_b004_0354,train,2,1.5,0.14000000059604645,0.20000000298023224
b004_0355,merged_b004_0355,train,6,1.5,0.14000000059604645,0.20000000298023224
b004_0356,merged_b004_0356,train,6,1.5,0.14000000059604645,0.20000000298023224
b004_0357,merged_b004_0357,quarantine,2,1.5,0.14000000059604645,0.20000000298023224
b004_0358,merged_b004_0358,train,1,1.5,0.14000000059604645,0.20000000298023224
b004_0360,merged_b004_0360,train,4,1.5,0.14000000059604645,0.20000000298023224
b004_0361,merged_b004_0361,train,6,1.5,0.14000000059604645,0.20000000298023224
b004_0362,merged_b004_0362,train,8,1.5,0.14000000059604645,0.20000000298023224
b004_0365,merged_b004_0365,train,5,1.5,0.14000000059604645,0.20000000298023224
b004_0366,merged_b004_0366,train,5,1.5,0.14000000059604645,0.20000000298023224
b004_0367,merged_b004_0367,train,5,1.5,0.14000000059604645,0.20000000298023224
b004_0368,merged_b004_0368,quarantine,3,1.5,0.14000000059604645,0.20000000298023224
b004_0369,merged_b004_0369,train,2,1.5,0.14000000059604645,0.20000000298023224
b004_0370,merged_b004_0370,train,8,1.5,0.14000000059604645,0.20000000298023224
b004_0371,merged_b004_0371,quarantine,7,1.5,0.14000000059604645,0.20000000298023224
b004_0373,merged_b004_0373,train,4,1.5,0.14000000059604645,0.20000000298023224
b004_0374,merged_b004_0374,train,1,1.5,0.14000000059604645,0.20000000298023224
b004_0376,merged_b004_0376,train,6,1.5,0.14000000059604645,0.20000000298023224
b004_0377,merged_b004_0377,train,3,1.5,0.14000000059604645,0.20000000298023224
b004_0378,merged_b004_0378,train,8,1.5,0.14000000059604645,0.20000000298023224
b004_0379,merged_b004_0379,quarantine,6,1.5,0.14000000059604645,0.20000000298023224
b004_0380,merged_b004_0380,train,5,1.5,0.14000000059604645,0.20000000298023224
b004_0381,merged_b004_0381,train,8,1.5,0.14000000059604645,0.20000000298023224
b004_0382,merged_b004_0382,train,6,1.5,0.14000000059604645,0.20000000298023224
b004_0384,merged_b004_0384,train,2,1.5,0.14000000059604645,0.20000000298023224
b004_0385,merged_b004_0385,train,7,1.5,0.14000000059604645,0.20000000298023224
b004_0386,merged_b004_0386,train,5,1.5,0.14000000059604645,0.20000000298023224
b004_0387,merged_b004_0387,train,8,1.5,0.14000000059604645,0.20000000298023224
b004_0388,merged_b004_0388,train,1,1.5,0.14000000059604645,0.20000000298023224
b004_0390,merged_b004_0390,train,2,1.5,0.14000000059604645,0.20000000298023224
b004_0391,merged_b004_0391,quarantine,1,1.5,0.14000000059604645,0.20000000298023224
b004_0393,merged_b004_0393,train,8,1.5,0.14000000059604645,0.20000000298023224
b004_0396,merged_b004_0396,train,7,1.5,0.14000000059604645,0.20000000298023224
b004_0397,merged_b004_0397,train,1,1.5,0.14000000059604645,0.20000000298023224
b004_0398,merged_b004_0398,train,1,1.5,0.14000000059604645,0.20000000298023224
b004_0399,merged_b004_0399,train,6,1.5,0.14000000059604645,0.20000000298023224
b005_0000,merged_b005_0000,train,6,1.5,0.14000000059604645,0.20000000298023224
b005_0001,merged_b005_0001,train,2,1.5,0.14000000059604645,0.20000000298023224
b005_0002,merged_b005_0002,train,5,1.5,0.14000000059604645,0.20000000298023224
b005_0003,merged_b005_0003,train,2,1.5,0.14000000059604645,0.20000000298023224
b005_0004,merged_b005_0004,count,13,1.5,0.14000000059604645,0.20000000298023224
b005_0005,merged_b005_0005,train,1,1.5,0.14000000059604645,0.20000000298023224
b005_0006,merged_b005_0006,train,10,1.5,0.14000000059604645,0.20000000298023224
b005_0007,merged_b005_0007,quarantine,8,1.5,0.14000000059604645,0.20000000298023224
b005_0008,merged_b005_0008,count,13,1.5,0.14000000059604645,0.20000000298023224
b005_0010,merged_b005_0010,train,10,1.5,0.14000000059604645,0.20000000298023224
b005_0011,merged_b005_0011,count,12,1.5,0.14000000059604645,0.20000000298023224
b005_0013,merged_b005_0013,count,13,1.5,0.14000000059604645,0.20000000298023224
b005_0014,merged_b005_0014,train,11,1.5,0.14000000059604645,0.20000000298023224
b005_0015,merged_b005_0015,train,5,1.5,0.14000000059604645,0.20000000298023224
b005_0016,merged_b005_0016,train,2,1.5,0.14000000059604645,0.20000000298023224
b005_0017,merged_b005_0017,train,8,1.5,0.14000000059604645,0.20000000298023224
b005_0018,merged_b005_0018,count,13,1.5,0.14000000059604645,0.20000000298023224
b005_0019,merged_b005_0019,count,12,1.5,0.14000000059604645,0.20000000298023224
b005_0020,merged_b005_0020,train,1,1.5,0.14000000059604645,0.20000000298023224
b005_0021,merged_b005_0021,train,4,1.5,0.14000000059604645,0.20000000298023224
b005_0022,merged_b005_0022,train,2,1.5,0.14000000059604645,0.20000000298023224
b005_0023,merged_b005_0023,train,11,1.5,0.14000000059604645,0.20000000298023224
b005_0025,merged_b005_0025,train,7,1.5,0.14000000059604645,0.20000000298023224
b005_0026,merged_b005_0026,train,8,1.5,0.14000000059604645,0.20000000298023224
b005_0027,merged_b005_0027,train,4,1.5,0.14000000059604645,0.20000000298023224
b005_0028,merged_b005_0028,train,7,1.5,0.14000000059604645,0.20000000298023224
b005_0029,merged_b005_0029,train,2,1.5,0.14000000059604645,0.20000000298023224
b005_0031,merged_b005_0031,train,6,1.5,0.14000000059604645,0.20000000298023224
b005_0032,merged_b005_0032,train,4,1.5,0.14000000059604645,0.20000000298023224
b005_0033,merged_b005_0033,count,15,1.5,0.14000000059604645,0.20000000298023224
b005_0034,merged_b005_0034,train,5,1.5,0.14000000059604645,0.20000000298023224
b005_0035,merged_b005_0035,quarantine,7,1.5,0.14000000059604645,0.20000000298023224
b005_0036,merged_b005_0036,quarantine,9,1.5,0.14000000059604645,0.20000000298023224
b005_0037,merged_b005_0037,train,1,1.5,0.14000000059604645,0.20000000298023224
b005_0038,merged_b005_0038,quarantine,10,1.5,0.14000000059604645,0.20000000298023224
b005_0039,merged_b005_0039,quarantine,10,1.5,0.14000000059604645,0.20000000298023224
b005_0040,merged_b005_0040,train,3,1.5,0.14000000059604645,0.20000000298023224
b005_0042,merged_b005_0042,train,1,1.5,0.14000000059604645,0.20000000298023224
b005_0043,merged_b005_0043,train,4,1.5,0.14000000059604645,0.20000000298023224
b005_0044,merged_b005_0044,train,5,1.5,0.14000000059604645,0.20000000298023224
b005_0045,merged_b005_0045,train,2,1.5,0.14000000059604645,0.20000000298023224
b005_0046,merged_b005_0046,train,1,1.5,0.14000000059604645,0.20000000298023224
b005_0047,merged_b005_0047,train,2,1.5,0.14000000059604645,0.20000000298023224
b005_0048,merged_b005_0048,train,4,1.5,0.14000000059604645,0.20000000298023224
b005_0050,merged_b005_0050,train,4,1.5,0.14000000059604645,0.20000000298023224
b005_0051,merged_b005_0051,quarantine,6,1.5,0.14000000059604645,0.20000000298023224
b005_0053,merged_b005_0053,train,3,1.5,0.14000000059604645,0.20000000298023224
b005_0055,merged_b005_0055,quarantine,10,1.5,0.14000000059604645,0.20000000298023224
b005_0056,merged_b005_0056,train,10,1.5,0.14000000059604645,0.20000000298023224
b005_0058,merged_b005_0058,train,1,1.5,0.14000000059604645,0.20000000298023224
b005_0059,merged_b005_0059,quarantine,8,1.5,0.14000000059604645,0.20000000298023224
b005_0060,merged_b005_0060,train,9,1.5,0.14000000059604645,0.20000000298023224
b005_0062,merged_b005_0062,train,2,1.5,0.14000000059604645,0.20000000298023224
b005_0063,merged_b005_0063,train,8,1.5,0.14000000059604645,0.20000000298023224
b005_0065,merged_b005_0065,quarantine,8,1.5,0.14000000059604645,0.20000000298023224
b005_0066,merged_b005_0066,quarantine,6,1.5,0.14000000059604645,0.20000000298023224
b005_0067,merged_b005_0067,train,1,1.5,0.14000000059604645,0.20000000298023224
b005_0068,merged_b005_0068,train,11,1.5,0.14000000059604645,0.20000000298023224
b005_0069,merged_b005_0069,train,3,1.5,0.14000000059604645,0.20000000298023224
b005_0070,merged_b005_0070,train,6,1.5,0.14000000059604645,0.20000000298023224
b005_0072,merged_b005_0072,train,9,1.5,0.14000000059604645,0.20000000298023224
b005_0073,merged_b005_0073,train,3,1.5,0.14000000059604645,0.20000000298023224
b005_0075,merged_b005_0075,train,8,1.5,0.14000000059604645,0.20000000298023224
b005_0076,merged_b005_0076,quarantine,11,1.5,0.14000000059604645,0.20000000298023224
b005_0077,merged_b005_0077,train,3,1.5,0.14000000059604645,0.20000000298023224
b005_0079,merged_b005_0079,count,12,1.5,0.14000000059604645,0.20000000298023224
b005_0080,merged_b005_0080,train,5,1.5,0.14000000059604645,0.20000000298023224
b005_0081,merged_b005_0081,count,14,1.5,0.14000000059604645,0.20000000298023224
b005_0084,merged_b005_0084,train,7,1.5,0.14000000059604645,0.20000000298023224
b005_0085,merged_b005_0085,train,6,1.5,0.14000000059604645,0.20000000298023224
b005_0086,merged_b005_0086,train,11,1.5,0.14000000059604645,0.20000000298023224
b005_0087,merged_b005_0087,train,5,1.5,0.14000000059604645,0.20000000298023224
b005_0088,merged_b005_0088,train,6,1.5,0.14000000059604645,0.20000000298023224
b005_0089,merged_b005_0089,train,4,1.5,0.14000000059604645,0.20000000298023224
b005_0090,merged_b005_0090,quarantine,6,1.5,0.14000000059604645,0.20000000298023224
b005_0091,merged_b005_0091,quarantine,6,1.5,0.14000000059604645,0.20000000298023224
b005_0092,merged_b005_0092,train,3,1.5,0.14000000059604645,0.20000000298023224
b005_0093,merged_b005_0093,quarantine,7,1.5,0.14000000059604645,0.20000000298023224
b005_0094,merged_b005_0094,count,12,1.5,0.14000000059604645,0.20000000298023224
b005_0095,merged_b005_0095,train,3,1.5,0.14000000059604645,0.20000000298023224
b005_0096,merged_b005_0096,count,14,1.5,0.14000000059604645,0.20000000298023224
b005_0097,merged_b005_0097,train,2,1.5,0.14000000059604645,0.20000000298023224
b005_0098,merged_b005_0098,train,7,1.5,0.14000000059604645,0.20000000298023224
b005_0100,merged_b005_0100,train,6,1.5,0.14000000059604645,0.20000000298023224
b005_0101,merged_b005_0101,count,12,1.5,0.14000000059604645,0.20000000298023224
b005_0104,merged_b005_0104,quarantine,11,1.5,0.14000000059604645,0.20000000298023224
b005_0105,merged_b005_0105,train,7,1.5,0.14000000059604645,0.20000000298023224
b005_0106,merged_b005_0106,train,3,1.5,0.14000000059604645,0.20000000298023224
b005_0107,merged_b005_0107,train,1,1.5,0.14000000059604645,0.20000000298023224
b005_0108,merged_b005_0108,train,5,1.5,0.14000000059604645,0.20000000298023224
b005_0109,merged_b005_0109,train,11,1.5,0.14000000059604645,0.20000000298023224
b005_0110,merged_b005_0110,train,1,1.5,0.14000000059604645,0.20000000298023224
b005_0111,merged_b005_0111,quarantine,2,1.5,0.14000000059604645,0.20000000298023224
b005_0112,merged_b005_0112,train,7,1.5,0.14000000059604645,0.20000000298023224
b005_0113,merged_b005_0113,train,4,1.5,0.14000000059604645,0.20000000298023224
b005_0115,merged_b005_0115,train,7,1.5,0.14000000059604645,0.20000000298023224
b005_0116,merged_b005_0116,train,6,1.5,0.14000000059604645,0.20000000298023224
b005_0117,merged_b005_0117,train,9,1.5,0.14000000059604645,0.20000000298023224
b005_0118,merged_b005_0118,train,1,1.5,0.14000000059604645,0.20000000298023224
b005_0119,merged_b005_0119,train,7,1.5,0.14000000059604645,0.20000000298023224
b005_0120,merged_b005_0120,train,3,1.5,0.14000000059604645,0.20000000298023224
b005_0121,merged_b005_0121,quarantine,4,1.5,0.14000000059604645,0.20000000298023224
b005_0122,merged_b005_0122,train,3,1.5,0.14000000059604645,0.20000000298023224
b005_0123,merged_b005_0123,count,12,1.5,0.14000000059604645,0.20000000298023224
b005_0124,merged_b005_0124,train,2,1.5,0.14000000059604645,0.20000000298023224
b005_0126,merged_b005_0126,count,13,1.5,0.14000000059604645,0.20000000298023224
b005_0127,merged_b005_0127,train,2,1.5,0.14000000059604645,0.20000000298023224
b005_0128,merged_b005_0128,train,7,1.5,0.14000000059604645,0.20000000298023224
b005_0129,merged_b005_0129,quarantine,3,1.5,0.14000000059604645,0.20000000298023224
b005_0130,merged_b005_0130,count,12,1.5,0.14000000059604645,0.20000000298023224
b005_0131,merged_b005_0131,train,11,1.5,0.14000000059604645,0.20000000298023224
b005_0132,merged_b005_0132,train,10,1.5,0.14000000059604645,0.20000000298023224
b005_0133,merged_b005_0133,count,13,1.5,0.14000000059604645,0.20000000298023224
b005_0135,merged_b005_0135,quarantine,4,1.5,0.14000000059604645,0.20000000298023224
b005_0136,merged_b005_0136,train,9,1.5,0.14000000059604645,0.20000000298023224
b005_0137,merged_b005_0137,train,10,1.5,0.14000000059604645,0.20000000298023224
b005_0138,merged_b005_0138,train,7,1.5,0.14000000059604645,0.20000000298023224
b005_0139,merged_b005_0139,train,3,1.5,0.14000000059604645,0.20000000298023224
b005_0140,merged_b005_0140,train,6,1.5,0.14000000059604645,0.20000000298023224
b005_0141,merged_b005_0141,train,1,1.5,0.14000000059604645,0.20000000298023224
b005_0144,merged_b005_0144,quarantine,3,1.5,0.14000000059604645,0.20000000298023224
b005_0146,merged_b005_0146,train,11,1.5,0.14000000059604645,0.20000000298023224
b005_0147,merged_b005_0147,train,8,1.5,0.14000000059604645,0.20000000298023224
b005_0148,merged_b005_0148,train,9,1.5,0.14000000059604645,0.20000000298023224
b005_0149,merged_b005_0149,train,8,1.5,0.14000000059604645,0.20000000298023224
b005_0150,merged_b005_0150,count,12,1.5,0.14000000059604645,0.20000000298023224
b005_0153,merged_b005_0153,train,10,1.5,0.14000000059604645,0.20000000298023224
b005_0155,merged_b005_0155,train,7,1.5,0.14000000059604645,0.20000000298023224
b005_0156,merged_b005_0156,count,12,1.5,0.14000000059604645,0.20000000298023224
b005_0157,merged_b005_0157,train,7,1.5,0.14000000059604645,0.20000000298023224
b005_0158,merged_b005_0158,train,5,1.5,0.14000000059604645,0.20000000298023224
b005_0160,merged_b005_0160,count,13,1.5,0.14000000059604645,0.20000000298023224
b005_0161,merged_b005_0161,quarantine,10,1.5,0.14000000059604645,0.20000000298023224
b005_0162,merged_b005_0162,train,5,1.5,0.14000000059604645,0.20000000298023224
b005_0163,merged_b005_0163,train,3,1.5,0.14000000059604645,0.20000000298023224
b005_0164,merged_b005_0164,quarantine,9,1.5,0.14000000059604645,0.20000000298023224
b005_0165,merged_b005_0165,count,13,1.5,0.14000000059604645,0.20000000298023224
b005_0166,merged_b005_0166,train,11,1.5,0.14000000059604645,0.20000000298023224
b005_0167,merged_b005_0167,train,5,1.5,0.14000000059604645,0.20000000298023224
b005_0168,merged_b005_0168,quarantine,7,1.5,0.14000000059604645,0.20000000298023224
b005_0169,merged_b005_0169,train,9,1.5,0.14000000059604645,0.20000000298023224
b005_0170,merged_b005_0170,train,7,1.5,0.14000000059604645,0.20000000298023224
b005_0171,merged_b005_0171,train,8,1.5,0.14000000059604645,0.20000000298023224
b005_0172,merged_b005_0172,train,3,1.5,0.14000000059604645,0.20000000298023224
b005_0173,merged_b005_0173,count,14,1.5,0.14000000059604645,0.20000000298023224
b005_0174,merged_b005_0174,count,13,1.5,0.14000000059604645,0.20000000298023224
b005_0175,merged_b005_0175,quarantine,10,1.5,0.14000000059604645,0.20000000298023224
b005_0176,merged_b005_0176,train,7,1.5,0.14000000059604645,0.20000000298023224
b005_0177,merged_b005_0177,train,4,1.5,0.14000000059604645,0.20000000298023224
b005_0178,merged_b005_0178,quarantine,5,1.5,0.14000000059604645,0.20000000298023224
b005_0179,merged_b005_0179,train,6,1.5,0.14000000059604645,0.20000000298023224
b005_0180,merged_b005_0180,quarantine,11,1.5,0.14000000059604645,0.20000000298023224
b005_0181,merged_b005_0181,count,12,1.5,0.14000000059604645,0.20000000298023224
b005_0182,merged_b005_0182,train,5,1.5,0.14000000059604645,0.20000000298023224
b005_0183,merged_b005_0183,count,15,1.5,0.14000000059604645,0.20000000298023224
b005_0184,merged_b005_0184,count,14,1.5,0.14000000059604645,0.20000000298023224
b005_0185,merged_b005_0185,count,15,1.5,0.14000000059604645,0.20000000298023224
b005_0186,merged_b005_0186,quarantine,1,1.5,0.14000000059604645,0.20000000298023224
b005_0187,merged_b005_0187,train,1,1.5,0.14000000059604645,0.20000000298023224
b005_0188,merged_b005_0188,quarantine,6,1.5,0.14000000059604645,0.20000000298023224
b005_0189,merged_b005_0189,count,14,1.5,0.14000000059604645,0.20000000298023224
b005_0190,merged_b005_0190,train,7,1.5,0.14000000059604645,0.20000000298023224
b005_0191,merged_b005_0191,count,15,1.5,0.14000000059604645,0.20000000298023224
b005_0192,merged_b005_0192,count,12,1.5,0.14000000059604645,0.20000000298023224
b005_0193,merged_b005_0193,train,8,1.5,0.14000000059604645,0.20000000298023224
b005_0194,merged_b005_0194,train,8,1.5,0.14000000059604645,0.20000000298023224
b005_0196,merged_b005_0196,count,12,1.5,0.14000000059604645,0.20000000298023224
b005_0197,merged_b005_0197,count,12,1.5,0.14000000059604645,0.20000000298023224
b005_0198,merged_b005_0198,train,11,1.5,0.14000000059604645,0.20000000298023224
b005_0199,merged_b005_0199,train,7,1.5,0.14000000059604645,0.20000000298023224
b005_0200,merged_b005_0200,count,12,1.5,0.14000000059604645,0.20000000298023224
b005_0201,merged_b005_0201,train,7,1.5,0.14000000059604645,0.20000000298023224
b005_0202,merged_b005_0202,train,6,1.5,0.14000000059604645,0.20000000298023224
b005_0203,merged_b005_0203,count,15,1.5,0.14000000059604645,0.20000000298023224
b005_0204,merged_b005_0204,count,13,1.5,0.14000000059604645,0.20000000298023224
b005_0205,merged_b005_0205,quarantine,11,1.5,0.14000000059604645,0.20000000298023224
b005_0206,merged_b005_0206,train,7,1.5,0.14000000059604645,0.20000000298023224
b005_0207,merged_b005_0207,quarantine,4,1.5,0.14000000059604645,0.20000000298023224
b005_0208,merged_b005_0208,train,2,1.5,0.14000000059604645,0.20000000298023224
b005_0209,merged_b005_0209,train,10,1.5,0.14000000059604645,0.20000000298023224
b005_0210,merged_b005_0210,train,8,1.5,0.14000000059604645,0.20000000298023224
b005_0211,merged_b005_0211,train,4,1.5,0.14000000059604645,0.20000000298023224
b005_0212,merged_b005_0212,train,6,1.5,0.14000000059604645,0.20000000298023224
b005_0213,merged_b005_0213,train,6,1.5,0.14000000059604645,0.20000000298023224
b005_0214,merged_b005_0214,train,11,1.5,0.14000000059604645,0.20000000298023224
b005_0215,merged_b005_0215,train,11,1.5,0.14000000059604645,0.20000000298023224
b005_0216,merged_b005_0216,count,13,1.5,0.14000000059604645,0.20000000298023224
b005_0217,merged_b005_0217,quarantine,2,1.5,0.14000000059604645,0.20000000298023224
b005_0218,merged_b005_0218,count,13,1.5,0.14000000059604645,0.20000000298023224
b005_0219,merged_b005_0219,train,10,1.5,0.14000000059604645,0.20000000298023224
b005_0220,merged_b005_0220,train,6,1.5,0.14000000059604645,0.20000000298023224
b005_0221,merged_b005_0221,count,15,1.5,0.14000000059604645,0.20000000298023224
b005_0222,merged_b005_0222,count,14,1.5,0.14000000059604645,0.20000000298023224
b005_0223,merged_b005_0223,count,15,1.5,0.14000000059604645,0.20000000298023224
b005_0224,merged_b005_0224,count,14,1.5,0.14000000059604645,0.20000000298023224
b005_0225,merged_b005_0225,quarantine,6,1.5,0.14000000059604645,0.20000000298023224
b005_0231,merged_b005_0231,train,8,1.5,0.14000000059604645,0.20000000298023224
b005_0232,merged_b005_0232,count,15,1.5,0.14000000059604645,0.20000000298023224
b005_0233,merged_b005_0233,train,9,1.5,0.14000000059604645,0.20000000298023224
b005_0234,merged_b005_0234,train,7,1.5,0.14000000059604645,0.20000000298023224
b005_0235,merged_b005_0235,train,5,1.5,0.14000000059604645,0.20000000298023224
b005_0237,merged_b005_0237,train,9,1.5,0.14000000059604645,0.20000000298023224
b005_0240,merged_b005_0240,train,5,1.5,0.14000000059604645,0.20000000298023224
b005_0241,merged_b005_0241,quarantine,6,1.5,0.14000000059604645,0.20000000298023224
b005_0242,merged_b005_0242,train,6,1.5,0.14000000059604645,0.20000000298023224
b005_0243,merged_b005_0243,train,3,1.5,0.14000000059604645,0.20000000298023224
b005_0244,merged_b005_0244,train,7,1.5,0.14000000059604645,0.20000000298023224
b005_0246,merged_b005_0246,quarantine,10,1.5,0.14000000059604645,0.20000000298023224
b005_0250,merged_b005_0250,train,3,1.5,0.14000000059604645,0.20000000298023224
b005_0251,merged_b005_0251,train,10,1.5,0.14000000059604645,0.20000000298023224
b005_0252,merged_b005_0252,quarantine,11,1.5,0.14000000059604645,0.20000000298023224
b005_0253,merged_b005_0253,count,12,1.5,0.14000000059604645,0.20000000298023224
b005_0254,merged_b005_0254,train,4,1.5,0.14000000059604645,0.20000000298023224
b005_0255,merged_b005_0255,train,9,1.5,0.14000000059604645,0.20000000298023224
b005_0257,merged_b005_0257,count,12,1.5,0.14000000059604645,0.20000000298023224
b005_0258,merged_b005_0258,count,14,1.5,0.14000000059604645,0.20000000298023224
b005_0259,merged_b005_0259,train,2,1.5,0.14000000059604645,0.20000000298023224
b005_0262,merged_b005_0262,train,10,1.5,0.14000000059604645,0.20000000298023224
b005_0264,merged_b005_0264,train,8,1.5,0.14000000059604645,0.20000000298023224
b005_0265,merged_b005_0265,train,7,1.5,0.14000000059604645,0.20000000298023224
b005_0266,merged_b005_0266,quarantine,11,1.5,0.14000000059604645,0.20000000298023224
b005_0267,merged_b005_0267,train,9,1.5,0.14000000059604645,0.20000000298023224
b005_0269,merged_b005_0269,train,2,1.5,0.14000000059604645,0.20000000298023224
b005_0270,merged_b005_0270,train,2,1.5,0.14000000059604645,0.20000000298023224
b005_0272,merged_b005_0272,train,6,1.5,0.14000000059604645,0.20000000298023224
b005_0273,merged_b005_0273,train,11,1.5,0.14000000059604645,0.20000000298023224
b005_0274,merged_b005_0274,count,15,1.5,0.14000000059604645,0.20000000298023224
b005_0278,merged_b005_0278,quarantine,5,1.5,0.14000000059604645,0.20000000298023224
b005_0279,merged_b005_0279,train,3,1.5,0.14000000059604645,0.20000000298023224
b005_0283,merged_b005_0283,train,2,1.5,0.14000000059604645,0.20000000298023224
b005_0286,merged_b005_0286,train,7,1.5,0.14000000059604645,0.20000000298023224
b005_0289,merged_b005_0289,count,14,1.5,0.14000000059604645,0.20000000298023224
b005_0290,merged_b005_0290,quarantine,10,1.5,0.14000000059604645,0.20000000298023224
b005_0291,merged_b005_0291,train,2,1.5,0.14000000059604645,0.20000000298023224
b005_0293,merged_b005_0293,train,9,1.5,0.14000000059604645,0.20000000298023224
b005_0294,merged_b005_0294,train,3,1.5,0.14000000059604645,0.20000000298023224
b005_0296,merged_b005_0296,train,4,1.5,0.14000000059604645,0.20000000298023224
b005_0297,merged_b005_0297,count,15,1.5,0.14000000059604645,0.20000000298023224
b005_0298,merged_b005_0298,train,2,1.5,0.14000000059604645,0.20000000298023224
b005_0299,merged_b005_0299,count,13,1.5,0.14000000059604645,0.20000000298023224
b005_0300,merged_b005_0300,train,4,1.5,0.14000000059604645,0.20000000298023224
b005_0301,merged_b005_0301,count,14,1.5,0.14000000059604645,0.20000000298023224
b005_0302,merged_b005_0302,count,14,1.5,0.14000000059604645,0.20000000298023224
b005_0303,merged_b005_0303,train,9,1.5,0.14000000059604645,0.20000000298023224
b005_0304,merged_b005_0304,train,8,1.5,0.14000000059604645,0.20000000298023224
b005_0305,merged_b005_0305,train,6,1.5,0.14000000059604645,0.20000000298023224
b005_0308,merged_b005_0308,count,12,1.5,0.14000000059604645,0.20000000298023224
b005_0310,merged_b005_0310,train,1,1.5,0.14000000059604645,0.20000000298023224
b005_0313,merged_b005_0313,train,8,1.5,0.14000000059604645,0.20000000298023224
b005_0316,merged_b005_0316,quarantine,7,1.5,0.14000000059604645,0.20000000298023224
b005_0317,merged_b005_0317,train,2,1.5,0.14000000059604645,0.20000000298023224
b005_0318,merged_b005_0318,train,7,1.5,0.14000000059604645,0.20000000298023224
b005_0319,merged_b005_0319,train,2,1.5,0.14000000059604645,0.20000000298023224
b005_0320,merged_b005_0320,quarantine,9,1.5,0.14000000059604645,0.20000000298023224
b005_0322,merged_b005_0322,count,12,1.5,0.14000000059604645,0.20000000298023224
b005_0323,merged_b005_0323,train,11,1.5,0.14000000059604645,0.20000000298023224
b005_0324,merged_b005_0324,train,3,1.5,0.14000000059604645,0.20000000298023224
b005_0325,merged_b005_0325,train,6,1.5,0.14000000059604645,0.20000000298023224
b005_0326,merged_b005_0326,quarantine,4,1.5,0.14000000059604645,0.20000000298023224
b005_0327,merged_b005_0327,train,1,1.5,0.14000000059604645,0.20000000298023224
b005_0328,merged_b005_0328,quarantine,10,1.5,0.14000000059604645,0.20000000298023224
b005_0329,merged_b005_0329,train,5,1.5,0.14000000059604645,0.20000000298023224
b005_0330,merged_b005_0330,train,7,1.5,0.14000000059604645,0.20000000298023224
b005_0331,merged_b005_0331,train,8,1.5,0.14000000059604645,0.20000000298023224
b005_0332,merged_b005_0332,train,8,1.5,0.14000000059604645,0.20000000298023224
b005_0333,merged_b005_0333,train,1,1.5,0.14000000059604645,0.20000000298023224
b005_0334,merged_b005_0334,count,14,1.5,0.14000000059604645,0.20000000298023224
b005_0336,merged_b005_0336,train,5,1.5,0.14000000059604645,0.20000000298023224
b005_0338,merged_b005_0338,train,11,1.5,0.14000000059604645,0.20000000298023224
b005_0339,merged_b005_0339,train,1,1.5,0.14000000059604645,0.20000000298023224
b005_0341,merged_b005_0341,train,9,1.5,0.14000000059604645,0.20000000298023224
b005_0345,merged_b005_0345,train,4,1.5,0.14000000059604645,0.20000000298023224
b005_0346,merged_b005_0346,train,7,1.5,0.14000000059604645,0.20000000298023224
b005_0347,merged_b005_0347,train,8,1.5,0.14000000059604645,0.20000000298023224
b005_0348,merged_b005_0348,train,5,1.5,0.14000000059604645,0.20000000298023224
b005_0349,merged_b005_0349,train,8,1.5,0.14000000059604645,0.20000000298023224
b005_0350,merged_b005_0350,train,4,1.5,0.14000000059604645,0.20000000298023224
b005_0351,merged_b005_0351,train,9,1.5,0.14000000059604645,0.20000000298023224
b005_0352,merged_b005_0352,train,8,1.5,0.14000000059604645,0.20000000298023224
b005_0353,merged_b005_0353,train,6,1.5,0.14000000059604645,0.20000000298023224
b005_0354,merged_b005_0354,train,8,1.5,0.14000000059604645,0.20000000298023224
b005_0355,merged_b005_0355,train,4,1.5,0.14000000059604645,0.20000000298023224
b005_0356,merged_b005_0356,train,2,1.5,0.14000000059604645,0.20000000298023224
b005_0359,merged_b005_0359,train,5,1.5,0.14000000059604645,0.20000000298023224
b005_0360,merged_b005_0360,train,8,1.5,0.14000000059604645,0.20000000298023224
b005_0361,merged_b005_0361,train,8,1.5,0.14000000059604645,0.20000000298023224
b005_0362,merged_b005_0362,count,14,1.5,0.14000000059604645,0.20000000298023224
b005_0363,merged_b005_0363,quarantine,3,1.5,0.14000000059604645,0.20000000298023224
b005_0364,merged_b005_0364,quarantine,7,1.5,0.14000000059604645,0.20000000298023224
b005_0365,merged_b005_0365,train,2,1.5,0.14000000059604645,0.20000000298023224
b005_0366,merged_b005_0366,train,1,1.5,0.14000000059604645,0.20000000298023224
b005_0367,merged_b005_0367,train,6,1.5,0.14000000059604645,0.20000000298023224
b005_0369,merged_b005_0369,train,11,1.5,0.14000000059604645,0.20000000298023224
b005_0370,merged_b005_0370,quarantine,5,1.5,0.14000000059604645,0.20000000298023224
b005_0374,merged_b005_0374,train,1,1.5,0.14000000059604645,0.20000000298023224
b005_0376,merged_b005_0376,train,3,1.5,0.14000000059604645,0.20000000298023224
b005_0378,merged_b005_0378,quarantine,11,1.5,0.14000000059604645,0.20000000298023224
b005_0379,merged_b005_0379,count,15,1.5,0.14000000059604645,0.20000000298023224
b005_0380,merged_b005_0380,train,7,1.5,0.14000000059604645,0.20000000298023224
b005_0381,merged_b005_0381,quarantine,8,1.5,0.14000000059604645,0.20000000298023224
b005_0382,merged_b005_0382,train,6,1.5,0.14000000059604645,0.20000000298023224
b005_0383,merged_b005_0383,quarantine,9,1.5,0.14000000059604645,0.20000000298023224
b005_0384,merged_b005_0384,count,13,1.5,0.14000000059604645,0.20000000298023224
b005_0386,merged_b005_0386,quarantine,8,1.5,0.14000000059604645,0.20000000298023224
b005_0387,merged_b005_0387,train,1,1.5,0.14000000059604645,0.20000000298023224
b005_0388,merged_b005_0388,train,10,1.5,0.14000000059604645,0.20000000298023224
b005_0391,merged_b005_0391,train,7,1.5,0.14000000059604645,0.20000000298023224
b005_0392,merged_b005_0392,train,10,1.5,0.14000000059604645,0.20000000298023224
b005_0393,merged_b005_0393,train,5,1.5,0.14000000059604645,0.20000000298023224
b005_0394,merged_b005_0394,quarantine,9,1.5,0.14000000059604645,0.20000000298023224
b005_0395,merged_b005_0395,quarantine,5,1.5,0.14000000059604645,0.20000000298023224
b005_0397,merged_b005_0397,quarantine,1,1.5,0.14000000059604645,0.20000000298023224
b005_0398,merged_b005_0398,count,13,1.5,0.14000000059604645,0.20000000298023224
b005_0399,merged_b005_0399,count,13,1.5,0.14000000059604645,0.20000000298023224
b005_0400,merged_b005_0400,quarantine,9,1.5,0.14000000059604645,0.20000000298023224
b005_0401,merged_b005_0401,count,12,1.5,0.14000000059604645,0.20000000298023224
b005_0402,merged_b005_0402,quarantine,9,1.5,0.14000000059604645,0.20000000298023224
b005_0404,merged_b005_0404,train,4,1.5,0.14000000059604645,0.20000000298023224
b005_0405,merged_b005_0405,train,11,1.5,0.14000000059604645,0.20000000298023224
b005_0406,merged_b005_0406,train,9,1.5,0.14000000059604645,0.20000000298023224
b005_0408,merged_b005_0408,count,14,1.5,0.14000000059604645,0.20000000298023224
b005_0409,merged_b005_0409,train,2,1.5,0.14000000059604645,0.20000000298023224
b005_0411,merged_b005_0411,train,9,1.5,0.14000000059604645,0.20000000298023224
b005_0412,merged_b005_0412,count,12,1.5,0.14000000059604645,0.20000000298023224
b005_0413,merged_b005_0413,train,9,1.5,0.14000000059604645,0.20000000298023224
b005_0414,merged_b005_0414,train,9,1.5,0.14000000059604645,0.20000000298023224
b005_0415,merged_b005_0415,train,11,1.5,0.14000000059604645,0.20000000298023224
b005_0417,merged_b005_0417,count,14,1.5,0.14000000059604645,0.20000000298023224
b005_0419,merged_b005_0419,count,12,1.5,0.14000000059604645,0.20000000298023224
b005_0420,merged_b005_0420,train,5,1.5,0.14000000059604645,0.20000000298023224
b005_0421,merged_b005_0421,count,12,1.5,0.14000000059604645,0.20000000298023224
b005_0422,merged_b005_0422,train,3,1.5,0.14000000059604645,0.20000000298023224
b005_0423,merged_b005_0423,train,6,1.5,0.14000000059604645,0.20000000298023224
b005_0424,merged_b005_0424,train,1,1.5,0.14000000059604645,0.20000000298023224
b005_0425,merged_b005_0425,train,5,1.5,0.14000000059604645,0.20000000298023224
b005_0426,merged_b005_0426,train,7,1.5,0.14000000059604645,0.20000000298023224
b005_0427,merged_b005_0427,train,5,1.5,0.14000000059604645,0.20000000298023224
b005_0428,merged_b005_0428,train,10,1.5,0.14000000059604645,0.20000000298023224
b005_0430,merged_b005_0430,train,3,1.5,0.14000000059604645,0.20000000298023224
b005_0431,merged_b005_0431,train,9,1.5,0.14000000059604645,0.20000000298023224
b005_0433,merged_b005_0433,quarantine,5,1.5,0.14000000059604645,0.20000000298023224
b005_0434,merged_b005_0434,train,1,1.5,0.14000000059604645,0.20000000298023224
b005_0435,merged_b005_0435,train,1,1.5,0.14000000059604645,0.20000000298023224
b005_0437,merged_b005_0437,count,13,1.5,0.14000000059604645,0.20000000298023224
b005_0438,merged_b005_0438,train,5,1.5,0.14000000059604645,0.20000000298023224
b005_0440,merged_b005_0440,quarantine,10,1.5,0.14000000059604645,0.20000000298023224
b005_0441,merged_b005_0441,train,1,1.5,0.14000000059604645,0.20000000298023224
b005_0442,merged_b005_0442,quarantine,7,1.5,0.14000000059604645,0.20000000298023224
b005_0443,merged_b005_0443,count,13,1.5,0.14000000059604645,0.20000000298023224
b005_0444,merged_b005_0444,train,9,1.5,0.14000000059604645,0.20000000298023224
b005_0445,merged_b005_0445,train,7,1.5,0.14000000059604645,0.20000000298023224
b005_0446,merged_b005_0446,quarantine,9,1.5,0.14000000059604645,0.20000000298023224
b005_0447,merged_b005_0447,quarantine,1,1.5,0.14000000059604645,0.20000000298023224
b005_0450,merged_b005_0450,count,13,1.5,0.14000000059604645,0.20000000298023224
b005_0451,merged_b005_0451,train,4,1.5,0.14000000059604645,0.20000000298023224
b005_0452,merged_b005_0452,train,2,1.5,0.14000000059604645,0.20000000298023224
b005_0453,merged_b005_0453,count,13,1.5,0.14000000059604645,0.20000000298023224
b005_0454,merged_b005_0454,count,15,1.5,0.14000000059604645,0.20000000298023224
b005_0455,merged_b005_0455,count,13,1.5,0.14000000059604645,0.20000000298023224
b005_0456,merged_b005_0456,train,8,1.5,0.14000000059604645,0.20000000298023224
b005_0457,merged_b005_0457,train,5,1.5,0.14000000059604645,0.20000000298023224
b005_0458,merged_b005_0458,train,5,1.5,0.14000000059604645,0.20000000298023224
b005_0459,merged_b005_0459,train,11,1.5,0.14000000059604645,0.20000000298023224
b005_0460,merged_b005_0460,train,2,1.5,0.14000000059604645,0.20000000298023224
b005_0461,merged_b005_0461,train,8,1.5,0.14000000059604645,0.20000000298023224
b005_0462,merged_b005_0462,count,12,1.5,0.14000000059604645,0.20000000298023224
b005_0463,merged_b005_0463,train,6,1.5,0.14000000059604645,0.20000000298023224
b005_0465,merged_b005_0465,train,10,1.5,0.14000000059604645,0.20000000298023224
b005_0466,merged_b005_0466,train,10,1.5,0.14000000059604645,0.20000000298023224
b005_0467,merged_b005_0467,quarantine,11,1.5,0.14000000059604645,0.20000000298023224
b005_0468,merged_b005_0468,train,11,1.5,0.14000000059604645,0.20000000298023224
b005_0469,merged_b005_0469,train,9,1.5,0.14000000059604645,0.20000000298023224
b005_0470,merged_b005_0470,train,3,1.5,0.14000000059604645,0.20000000298023224
b005_0471,merged_b005_0471,train,10,1.5,0.14000000059604645,0.20000000298023224
b005_0474,merged_b005_0474,train,4,1.5,0.14000000059604645,0.20000000298023224
b005_0475,merged_b005_0475,train,11,1.5,0.14000000059604645,0.20000000298023224
b005_0476,merged_b005_0476,quarantine,1,1.5,0.14000000059604645,0.20000000298023224
b005_0477,merged_b005_0477,train,7,1.5,0.14000000059604645,0.20000000298023224
b005_0478,merged_b005_0478,train,6,1.5,0.14000000059604645,0.20000000298023224
b005_0479,merged_b005_0479,train,6,1.5,0.14000000059604645,0.20000000298023224
b005_0480,merged_b005_0480,train,5,1.5,0.14000000059604645,0.20000000298023224
b005_0481,merged_b005_0481,train,3,1.5,0.14000000059604645,0.20000000298023224
b005_0482,merged_b005_0482,train,4,1.5,0.14000000059604645,0.20000000298023224
b005_0485,merged_b005_0485,train,2,1.5,0.14000000059604645,0.20000000298023224
b005_0487,merged_b005_0487,train,5,1.5,0.14000000059604645,0.20000000298023224
b005_0489,merged_b005_0489,train,8,1.5,0.14000000059604645,0.20000000298023224
b005_0490,merged_b005_0490,train,11,1.5,0.14000000059604645,0.20000000298023224
b005_0492,merged_b005_0492,count,12,1.5,0.14000000059604645,0.20000000298023224
b005_0493,merged_b005_0493,train,4,1.5,0.14000000059604645,0.20000000298023224
b005_0495,merged_b005_0495,train,2,1.5,0.14000000059604645,0.20000000298023224
b005_0496,merged_b005_0496,count,12,1.5,0.14000000059604645,0.20000000298023224
b005_0498,merged_b005_0498,train,8,1.5,0.14000000059604645,0.20000000298023224
b005_0500,merged_b005_0500,train,1,1.5,0.14000000059604645,0.20000000298023224
b005_0501,merged_b005_0501,train,4,1.5,0.14000000059604645,0.20000000298023224
b005_0503,merged_b005_0503,train,5,1.5,0.14000000059604645,0.20000000298023224
b005_0504,merged_b005_0504,train,3,1.5,0.14000000059604645,0.20000000298023224
b005_0505,merged_b005_0505,train,1,1.5,0.14000000059604645,0.20000000298023224
b005_0506,merged_b005_0506,quarantine,6,1.5,0.14000000059604645,0.20000000298023224
b005_0507,merged_b005_0507,quarantine,2,1.5,0.14000000059604645,0.20000000298023224
b005_0508,merged_b005_0508,quarantine,9,1.5,0.14000000059604645,0.20000000298023224
b005_0509,merged_b005_0509,train,5,1.5,0.14000000059604645,0.20000000298023224
b005_0511,merged_b005_0511,train,4,1.5,0.14000000059604645,0.20000000298023224
b005_0513,merged_b005_0513,quarantine,9,1.5,0.14000000059604645,0.20000000298023224
b005_0514,merged_b005_0514,train,3,1.5,0.14000000059604645,0.20000000298023224
b005_0515,merged_b005_0515,train,9,1.5,0.14000000059604645,0.20000000298023224
b005_0516,merged_b005_0516,train,1,1.5,0.14000000059604645,0.20000000298023224
b005_0517,merged_b005_0517,train,9,1.5,0.14000000059604645,0.20000000298023224
b005_0518,merged_b005_0518,train,8,1.5,0.14000000059604645,0.20000000298023224
b005_0519,merged_b005_0519,train,2,1.5,0.14000000059604645,0.20000000298023224
b005_0521,merged_b005_0521,train,10,1.5,0.14000000059604645,0.20000000298023224
b005_0522,merged_b005_0522,quarantine,7,1.5,0.14000000059604645,0.20000000298023224
b005_0523,merged_b005_0523,train,1,1.5,0.14000000059604645,0.20000000298023224
b005_0524,merged_b005_0524,train,3,1.5,0.14000000059604645,0.20000000298023224
b005_0525,merged_b005_0525,train,1,1.5,0.14000000059604645,0.20000000298023224
b005_0526,merged_b005_0526,train,3,1.5,0.14000000059604645,0.20000000298023224
b005_0528,merged_b005_0528,train,5,1.5,0.14000000059604645,0.20000000298023224
b005_0529,merged_b005_0529,train,10,1.5,0.14000000059604645,0.20000000298023224
b005_0531,merged_b005_0531,train,8,1.5,0.14000000059604645,0.20000000298023224
b005_0532,merged_b005_0532,quarantine,3,1.5,0.14000000059604645,0.20000000298023224
b005_0534,merged_b005_0534,train,11,1.5,0.14000000059604645,0.20000000298023224
b005_0535,merged_b005_0535,train,7,1.5,0.14000000059604645,0.20000000298023224
b005_0536,merged_b005_0536,quarantine,1,1.5,0.14000000059604645,0.20000000298023224
b005_0537,merged_b005_0537,train,5,1.5,0.14000000059604645,0.20000000298023224
b005_0538,merged_b005_0538,train,1,1.5,0.14000000059604645,0.20000000298023224
b005_0539,merged_b005_0539,train,3,1.5,0.14000000059604645,0.20000000298023224
b005_0540,merged_b005_0540,train,3,1.5,0.14000000059604645,0.20000000298023224
b005_0541,merged_b005_0541,train,4,1.5,0.14000000059604645,0.20000000298023224
b005_0542,merged_b005_0542,train,3,1.5,0.14000000059604645,0.20000000298023224
b005_0543,merged_b005_0543,train,3,1.5,0.14000000059604645,0.20000000298023224
b005_0544,merged_b005_0544,train,4,1.5,0.14000000059604645,0.20000000298023224
b005_0545,merged_b005_0545,count,14,1.5,0.14000000059604645,0.20000000298023224
b005_0547,merged_b005_0547,train,3,1.5,0.14000000059604645,0.20000000298023224
b005_0548,merged_b005_0548,train,5,1.5,0.14000000059604645,0.20000000298023224
b005_0549,merged_b005_0549,count,12,1.5,0.14000000059604645,0.20000000298023224
b005_0550,merged_b005_0550,train,8,1.5,0.14000000059604645,0.20000000298023224
b005_0551,merged_b005_0551,quarantine,10,1.5,0.14000000059604645,0.20000000298023224
b005_0552,merged_b005_0552,count,15,1.5,0.14000000059604645,0.20000000298023224
b005_0554,merged_b005_0554,train,8,1.5,0.14000000059604645,0.20000000298023224
b005_0555,merged_b005_0555,train,9,1.5,0.14000000059604645,0.20000000298023224
b005_0557,merged_b005_0557,train,7,1.5,0.14000000059604645,0.20000000298023224
b005_0558,merged_b005_0558,count,12,1.5,0.14000000059604645,0.20000000298023224
b005_0559,merged_b005_0559,quarantine,6,1.5,0.14000000059604645,0.20000000298023224
b005_0560,merged_b005_0560,train,6,1.5,0.14000000059604645,0.20000000298023224
b005_0561,merged_b005_0561,train,4,1.5,0.14000000059604645,0.20000000298023224
b005_0563,merged_b005_0563,count,13,1.5,0.14000000059604645,0.20000000298023224
b005_0566,merged_b005_0566,train,4,1.5,0.14000000059604645,0.20000000298023224
b005_0567,merged_b005_0516,train,1,1.5,0.14000000059604645,0.20000000298023224
b005_0568,merged_b005_0568,quarantine,10,1.5,0.14000000059604645,0.20000000298023224
b005_0569,merged_b005_0569,train,4,1.5,0.14000000059604645,0.20000000298023224
b005_0570,merged_b005_0570,quarantine,1,1.5,0.14000000059604645,0.20000000298023224
b005_0571,merged_b005_0571,quarantine,9,1.5,0.14000000059604645,0.20000000298023224
b005_0572,merged_b005_0572,train,6,1.5,0.14000000059604645,0.20000000298023224
b005_0573,merged_b005_0573,quarantine,7,1.5,0.14000000059604645,0.20000000298023224
b005_0574,merged_b005_0574,count,12,1.5,0.14000000059604645,0.20000000298023224
b005_0575,merged_b005_0575,train,3,1.5,0.14000000059604645,0.20000000298023224
b005_0576,merged_b005_0576,train,8,1.5,0.14000000059604645,0.20000000298023224
b005_0577,merged_b005_0577,train,6,1.5,0.14000000059604645,0.20000000298023224
b005_0578,merged_b005_0578,train,7,1.5,0.14000000059604645,0.20000000298023224
b005_0579,merged_b005_0579,quarantine,3,1.5,0.14000000059604645,0.20000000298023224
b005_0580,merged_b005_0580,train,3,1.5,0.14000000059604645,0.20000000298023224
b005_0581,merged_b005_0581,quarantine,2,1.5,0.14000000059604645,0.20000000298023224
b005_0582,merged_b005_0582,train,5,1.5,0.14000000059604645,0.20000000298023224
b005_0583,merged_b005_0583,train,1,1.5,0.14000000059604645,0.20000000298023224
b005_0584,merged_b005_0584,train,11,1.5,0.14000000059604645,0.20000000298023224
b005_0585,merged_b005_0585,count,15,1.5,0.14000000059604645,0.20000000298023224
b005_0586,merged_b005_0586,quarantine,4,1.5,0.14000000059604645,0.20000000298023224
b005_0588,merged_b005_0588,quarantine,10,1.5,0.14000000059604645,0.20000000298023224
b005_0590,merged_b005_0590,train,2,1.5,0.14000000059604645,0.20000000298023224
b005_0591,merged_b005_0591,train,4,1.5,0.14000000059604645,0.20000000298023224
b005_0592,merged_b005_0592,count,12,1.5,0.14000000059604645,0.20000000298023224
b005_0593,merged_b005_0593,train,4,1.5,0.14000000059604645,0.20000000298023224
b005_0594,merged_b005_0594,train,2,1.5,0.14000000059604645,0.20000000298023224
b005_0595,merged_b005_0595,train,2,1.5,0.14000000059604645,0.20000000298023224
b005_0597,merged_b005_0597,quarantine,9,1.5,0.14000000059604645,0.20000000298023224
b005_0598,merged_b005_0598,train,11,1.5,0.14000000059604645,0.20000000298023224
b005_0599,merged_b005_0599,train,3,1.5,0.14000000059604645,0.20000000298023224
b005_0601,merged_b005_0601,count,13,1.5,0.14000000059604645,0.20000000298023224
b005_0602,merged_b005_0602,count,14,1.5,0.14000000059604645,0.20000000298023224
b005_0604,merged_b005_0604,count,13,1.5,0.14000000059604645,0.20000000298023224
b005_0605,merged_b005_0605,quarantine,1,1.5,0.14000000059604645,0.20000000298023224
b005_0607,merged_b005_0607,train,1,1.5,0.14000000059604645,0.20000000298023224
b005_0608,merged_b005_0608,quarantine,11,1.5,0.14000000059604645,0.20000000298023224
b005_0610,merged_b005_0610,train,7,1.5,0.14000000059604645,0.20000000298023224
b005_0612,merged_b005_0612,train,10,1.5,0.14000000059604645,0.20000000298023224
b005_0613,merged_b005_0613,train,4,1.5,0.14000000059604645,0.20000000298023224
b005_0614,merged_b005_0614,train,5,1.5,0.14000000059604645,0.20000000298023224
b005_0615,merged_b005_0615,quarantine,9,1.5,0.14000000059604645,0.20000000298023224
b005_0618,merged_b005_0618,count,12,1.5,0.14000000059604645,0.20000000298023224
b005_0619,merged_b005_0619,train,3,1.5,0.14000000059604645,0.20000000298023224
b005_0621,merged_b005_0621,count,14,1.5,0.14000000059604645,0.20000000298023224
b005_0622,merged_b005_0622,count,14,1.5,0.14000000059604645,0.20000000298023224
b005_0623,merged_b005_0623,count,13,1.5,0.14000000059604645,0.20000000298023224
b005_0626,merged_b005_0626,train,9,1.5,0.14000000059604645,0.20000000298023224
b005_0627,merged_b005_0627,train,10,1.5,0.14000000059604645,0.20000000298023224
b005_0628,merged_b005_0628,train,10,1.5,0.14000000059604645,0.20000000298023224
b005_0629,merged_b005_0629,train,4,1.5,0.14000000059604645,0.20000000298023224
b005_0630,merged_b005_0630,quarantine,2,1.5,0.14000000059604645,0.20000000298023224
b005_0631,merged_b005_0631,count,14,1.5,0.14000000059604645,0.20000000298023224
b005_0632,merged_b005_0632,count,12,1.5,0.14000000059604645,0.20000000298023224
b005_0635,merged_b005_0635,train,10,1.5,0.14000000059604645,0.20000000298023224
b005_0636,merged_b005_0636,train,8,1.5,0.14000000059604645,0.20000000298023224
b005_0637,merged_b005_0637,train,10,1.5,0.14000000059604645,0.20000000298023224
b005_0640,merged_b005_0640,train,5,1.5,0.14000000059604645,0.20000000298023224
b005_0641,merged_b005_0641,train,4,1.5,0.14000000059604645,0.20000000298023224
b005_0642,merged_b005_0642,count,12,1.5,0.14000000059604645,0.20000000298023224
b005_0644,merged_b005_0644,train,1,1.5,0.14000000059604645,0.20000000298023224
b005_0648,merged_b005_0648,quarantine,3,1.5,0.14000000059604645,0.20000000298023224
b005_0650,merged_b005_0650,train,2,1.5,0.14000000059604645,0.20000000298023224
b005_0651,merged_b005_0651,count,14,1.5,0.14000000059604645,0.20000000298023224
b005_0652,merged_b005_0652,train,9,1.5,0.14000000059604645,0.20000000298023224
b005_0653,merged_b005_0653,count,13,1.5,0.14000000059604645,0.20000000298023224
b005_0654,merged_b005_0654,train,3,1.5,0.14000000059604645,0.20000000298023224
b005_0655,merged_b005_0655,train,2,1.5,0.14000000059604645,0.20000000298023224
b005_0656,merged_b005_0656,train,9,1.5,0.14000000059604645,0.20000000298023224
b005_0657,merged_b005_0657,train,11,1.5,0.14000000059604645,0.20000000298023224
b005_0658,merged_b005_0658,count,14,1.5,0.14000000059604645,0.20000000298023224
b005_0659,merged_b005_0659,train,2,1.5,0.14000000059604645,0.20000000298023224
b005_0660,merged_b005_0660,train,8,1.5,0.14000000059604645,0.20000000298023224
b005_0661,merged_b005_0661,train,6,1.5,0.14000000059604645,0.20000000298023224
b005_0662,merged_b005_0662,train,7,1.5,0.14000000059604645,0.20000000298023224
b005_0663,merged_b005_0663,count,15,1.5,0.14000000059604645,0.20000000298023224
b005_0664,merged_b005_0664,train,10,1.5,0.14000000059604645,0.20000000298023224
b005_0667,merged_b005_0667,count,15,1.5,0.14000000059604645,0.20000000298023224
b005_0668,merged_b005_0668,train,6,1.5,0.14000000059604645,0.20000000298023224
b005_0669,merged_b005_0669,train,9,1.5,0.14000000059604645,0.20000000298023224
b005_0670,merged_b005_0670,train,8,1.5,0.14000000059604645,0.20000000298023224
b005_0671,merged_b005_0671,train,4,1.5,0.14000000059604645,0.20000000298023224
b005_0672,merged_b005_0672,train,9,1.5,0.14000000059604645,0.20000000298023224
b005_0675,merged_b005_0675,count,13,1.5,0.14000000059604645,0.20000000298023224
b005_0676,merged_b005_0676,count,12,1.5,0.14000000059604645,0.20000000298023224
b005_0678,merged_b005_0678,train,5,1.5,0.14000000059604645,0.20000000298023224
b005_0679,merged_b005_0679,count,15,1.5,0.14000000059604645,0.20000000298023224
b005_0680,merged_b005_0680,train,11,1.5,0.14000000059604645,0.20000000298023224
b005_0681,merged_b005_0681,quarantine,4,1.5,0.14000000059604645,0.20000000298023224
b005_0682,merged_b005_0682,train,1,1.5,0.14000000059604645,0.20000000298023224
b005_0683,merged_b005_0683,train,8,1.5,0.14000000059604645,0.20000000298023224
b005_0684,merged_b005_0684,quarantine,8,1.5,0.14000000059604645,0.20000000298023224
b005_0685,merged_b005_0685,train,7,1.5,0.14000000059604645,0.20000000298023224
b005_0686,merged_b005_0686,train,5,1.5,0.14000000059604645,0.20000000298023224
b005_0687,merged_b005_0687,train,1,1.5,0.14000000059604645,0.20000000298023224
b005_0688,merged_b005_0688,train,4,1.5,0.14000000059604645,0.20000000298023224
b005_0689,merged_b005_0689,quarantine,5,1.5,0.14000000059604645,0.20000000298023224
b005_0690,merged_b005_0690,quarantine,5,1.5,0.14000000059604645,0.20000000298023224
b005_0691,merged_b005_0691,train,2,1.5,0.14000000059604645,0.20000000298023224
b005_0693,merged_b005_0693,train,9,1.5,0.14000000059604645,0.20000000298023224
b005_0695,merged_b005_0695,quarantine,9,1.5,0.14000000059604645,0.20000000298023224
b005_0696,merged_b005_0696,count,12,1.5,0.14000000059604645,0.20000000298023224
b005_0697,merged_b005_0697,count,13,1.5,0.14000000059604645,0.20000000298023224
b005_0698,merged_b005_0698,count,13,1.5,0.14000000059604645,0.20000000298023224
b005_0700,merged_b005_0700,train,5,1.5,0.14000000059604645,0.20000000298023224
b005_0701,merged_b005_0701,train,10,1.5,0.14000000059604645,0.20000000298023224
b005_0702,merged_b005_0702,train,10,1.5,0.14000000059604645,0.20000000298023224
b005_0703,merged_b005_0703,count,13,1.5,0.14000000059604645,0.20000000298023224
b005_0705,merged_b005_0705,count,14,1.5,0.14000000059604645,0.20000000298023224
b005_0706,merged_b005_0706,quarantine,2,1.5,0.14000000059604645,0.20000000298023224
b005_0707,merged_b005_0707,train,3,1.5,0.14000000059604645,0.20000000298023224
b005_0708,merged_b005_0708,train,4,1.5,0.14000000059604645,0.20000000298023224
b005_0709,merged_b005_0709,train,11,1.5,0.14000000059604645,0.20000000298023224
b005_0710,merged_b005_0710,train,8,1.5,0.14000000059604645,0.20000000298023224
b005_0711,merged_b005_0711,count,15,1.5,0.14000000059604645,0.20000000298023224
b005_0713,merged_b005_0713,count,13,1.5,0.14000000059604645,0.20000000298023224
b005_0714,merged_b005_0714,train,3,1.5,0.14000000059604645,0.20000000298023224
b005_0715,merged_b005_0715,count,15,1.5,0.14000000059604645,0.20000000298023224
b005_0716,merged_b005_0716,train,4,1.5,0.14000000059604645,0.20000000298023224
b005_0717,merged_b005_0717,train,6,1.5,0.14000000059604645,0.20000000298023224
b005_0718,merged_b005_0718,train,11,1.5,0.14000000059604645,0.20000000298023224
b005_0719,merged_b005_0719,train,5,1.5,0.14000000059604645,0.20000000298023224
b005_0720,merged_b005_0720,train,3,1.5,0.14000000059604645,0.20000000298023224
b005_0721,merged_b005_0721,train,2,1.5,0.14000000059604645,0.20000000298023224
b005_0722,merged_b005_0722,train,5,1.5,0.14000000059604645,0.20000000298023224
b005_0723,merged_b005_0723,train,1,1.5,0.14000000059604645,0.20000000298023224
b005_0724,merged_b005_0724,count,12,1.5,0.14000000059604645,0.20000000298023224
b005_0725,merged_b005_0725,train,6,1.5,0.14000000059604645,0.20000000298023224
b005_0726,merged_b005_0726,train,11,1.5,0.14000000059604645,0.20000000298023224
b005_0727,merged_b005_0727,train,2,1.5,0.14000000059604645,0.20000000298023224
b005_0728,merged_b005_0728,train,3,1.5,0.14000000059604645,0.20000000298023224
b005_0729,merged_b005_0729,quarantine,7,1.5,0.14000000059604645,0.20000000298023224
b005_0730,merged_b005_0730,count,12,1.5,0.14000000059604645,0.20000000298023224
b005_0731,merged_b005_0731,train,4,1.5,0.14000000059604645,0.20000000298023224
b005_0732,merged_b005_0732,train,7,1.5,0.14000000059604645,0.20000000298023224
b005_0733,merged_b005_0733,train,1,1.5,0.14000000059604645,0.20000000298023224
b005_0734,merged_b005_0734,train,6,1.5,0.14000000059604645,0.20000000298023224
b005_0735,merged_b005_0735,count,12,1.5,0.14000000059604645,0.20000000298023224
b005_0736,merged_b005_0736,train,3,1.5,0.14000000059604645,0.20000000298023224
b005_0737,merged_b005_0737,count,15,1.5,0.14000000059604645,0.20000000298023224
b005_0738,merged_b005_0738,count,12,1.5,0.14000000059604645,0.20000000298023224
b005_0739,merged_b005_0739,train,4,1.5,0.14000000059604645,0.20000000298023224
b005_0740,merged_b005_0740,train,1,1.5,0.14000000059604645,0.20000000298023224
b005_0741,merged_b005_0741,count,12,1.5,0.14000000059604645,0.20000000298023224
b005_0742,merged_b005_0742,count,12,1.5,0.14000000059604645,0.20000000298023224
b005_0743,merged_b005_0743,count,15,1.5,0.14000000059604645,0.20000000298023224
b005_0744,merged_b005_0744,train,10,1.5,0.14000000059604645,0.20000000298023224
b005_0745,merged_b005_0745,train,3,1.5,0.14000000059604645,0.20000000298023224
b005_0746,merged_b005_0746,quarantine,1,1.5,0.14000000059604645,0.20000000298023224
b005_0747,merged_b005_0747,count,15,1.5,0.14000000059604645,0.20000000298023224
b005_0748,merged_b005_0748,train,3,1.5,0.14000000059604645,0.20000000298023224
b005_0749,merged_b005_0749,train,8,1.5,0.14000000059604645,0.20000000298023224
b005_0750,merged_b005_0750,train,6,1.5,0.14000000059604645,0.20000000298023224
b005_0751,merged_b005_0751,train,7,1.5,0.14000000059604645,0.20000000298023224
b005_0752,merged_b005_0752,count,14,1.5,0.14000000059604645,0.20000000298023224
b005_0753,merged_b005_0753,count,13,1.5,0.14000000059604645,0.20000000298023224
b005_0754,merged_b005_0754,count,15,1.5,0.14000000059604645,0.20000000298023224
b005_0755,merged_b005_0755,count,13,1.5,0.14000000059604645,0.20000000298023224
b005_0756,merged_b005_0756,train,7,1.5,0.14000000059604645,0.20000000298023224
b005_0757,merged_b005_0757,quarantine,9,1.5,0.14000000059604645,0.20000000298023224
b005_0758,merged_b005_0758,train,8,1.5,0.14000000059604645,0.20000000298023224
b005_0759,merged_b005_0759,train,5,1.5,0.14000000059604645,0.20000000298023224
b005_0760,merged_b005_0760,train,8,1.5,0.14000000059604645,0.20000000298023224
b005_0761,merged_b005_0761,train,10,1.5,0.14000000059604645,0.20000000298023224
b005_0762,merged_b005_0762,train,8,1.5,0.14000000059604645,0.20000000298023224
b005_0763,merged_b005_0763,train,10,1.5,0.14000000059604645,0.20000000298023224
b005_0764,merged_b005_0764,quarantine,10,1.5,0.14000000059604645,0.20000000298023224
b005_0765,merged_b005_0765,train,6,1.5,0.14000000059604645,0.20000000298023224
b005_0766,merged_b005_0766,train,8,1.5,0.14000000059604645,0.20000000298023224
b005_0767,merged_b005_0767,quarantine,9,1.5,0.14000000059604645,0.20000000298023224
b005_0768,merged_b005_0768,train,7,1.5,0.14000000059604645,0.20000000298023224
b005_0769,merged_b005_0769,train,4,1.5,0.14000000059604645,0.20000000298023224
b005_0770,merged_b005_0770,train,4,1.5,0.14000000059604645,0.20000000298023224
b005_0771,merged_b005_0771,train,4,1.5,0.14000000059604645,0.20000000298023224
b005_0772,merged_b005_0772,train,2,1.5,0.14000000059604645,0.20000000298023224
b005_0773,merged_b005_0773,train,7,1.5,0.14000000059604645,0.20000000298023224
b005_0774,merged_b005_0774,count,14,1.5,0.14000000059604645,0.20000000298023224
b005_0775,merged_b005_0775,train,2,1.5,0.14000000059604645,0.20000000298023224
b005_0776,merged_b005_0776,train,8,1.5,0.14000000059604645,0.20000000298023224
b005_0777,merged_b005_0777,count,13,1.5,0.14000000059604645,0.20000000298023224
b005_0778,merged_b005_0778,train,3,1.5,0.14000000059604645,0.20000000298023224
b005_0779,merged_b005_0779,count,14,1.5,0.14000000059604645,0.20000000298023224
b005_0780,merged_b005_0780,train,3,1.5,0.14000000059604645,0.20000000298023224
b005_0781,merged_b005_0781,quarantine,1,1.5,0.14000000059604645,0.20000000298023224
b005_0782,merged_b005_0782,train,6,1.5,0.14000000059604645,0.20000000298023224
b005_0783,merged_b005_0783,train,4,1.5,0.14000000059604645,0.20000000298023224
b005_0784,merged_b005_0784,train,1,1.5,0.14000000059604645,0.20000000298023224
b005_0785,merged_b005_0785,train,10,1.5,0.14000000059604645,0.20000000298023224
b005_0786,merged_b005_0786,quarantine,2,1.5,0.14000000059604645,0.20000000298023224
b005_0787,merged_b005_0787,train,6,1.5,0.14000000059604645,0.20000000298023224
b005_0788,merged_b005_0788,quarantine,11,1.5,0.14000000059604645,0.20000000298023224
b005_0789,merged_b005_0789,train,2,1.5,0.14000000059604645,0.20000000298023224
b005_0790,merged_b005_0790,train,5,1.5,0.14000000059604645,0.20000000298023224
b005_0791,merged_b005_0791,count,15,1.5,0.14000000059604645,0.20000000298023224
b005_0792,merged_b005_0792,train,6,1.5,0.14000000059604645,0.20000000298023224
b005_0793,merged_b005_0793,train,5,1.5,0.14000000059604645,0.20000000298023224
b005_0794,merged_b005_0794,quarantine,4,1.5,0.14000000059604645,0.20000000298023224
b005_0795,merged_b005_0795,train,1,1.5,0.14000000059604645,0.20000000298023224
b005_0796,merged_b005_0796,train,3,1.5,0.14000000059604645,0.20000000298023224
b005_0797,merged_b005_0797,train,6,1.5,0.14000000059604645,0.20000000298023224
b005_0798,merged_b005_0798,quarantine,1,1.5,0.14000000059604645,0.20000000298023224
b005_0799,merged_b005_0799,train,8,1.5,0.14000000059604645,0.20000000298023224
b005_0800,merged_b005_0800,count,13,1.5,0.14000000059604645,0.20000000298023224
b005_0801,merged_b005_0801,count,14,1.5,0.14000000059604645,0.20000000298023224
b005_0802,merged_b005_0802,train,11,1.5,0.14000000059604645,0.20000000298023224
b005_0803,merged_b005_0803,count,14,1.5,0.14000000059604645,0.20000000298023224
b005_0804,merged_b005_0804,count,14,1.5,0.14000000059604645,0.20000000298023224
b005_0805,merged_b005_0805,train,10,1.5,0.14000000059604645,0.20000000298023224
b005_0809,merged_b005_0809,train,5,1.5,0.14000000059604645,0.20000000298023224
ms500_0001,merged_b005_0334,count,14,1.0,0.10000000149011612,0.14000000059604645
ms500_0002,merged_b004_0378,train,8,1.0,0.10000000149011612,0.14000000059604645
ms500_0003,merged_b004_0068,train,2,1.0,0.10000000149011612,0.14000000059604645
ms500_0004,merged_b005_0055,quarantine,10,1.0,0.10000000149011612,0.14000000059604645
ms500_0005,merged_b005_0408,count,14,1.0,0.10000000149011612,0.14000000059604645
ms500_0006,merged_b005_0803,count,14,1.0,0.10000000149011612,0.14000000059604645
ms500_0007,merged_b005_0577,train,6,1.0,0.10000000149011612,0.14000000059604645
ms500_0008,merged_b004_0387,train,8,1.0,0.10000000149011612,0.14000000059604645
ms500_0009,merged_b005_0487,train,5,1.0,0.10000000149011612,0.14000000059604645
ms500_0010,merged_b005_0169,train,9,1.0,0.10000000149011612,0.14000000059604645
ms500_0011,merged_b005_0215,train,11,1.25,0.10000000149011612,0.14000000059604645
ms500_0012,merged_b004_0115,quarantine,3,1.25,0.10000000149011612,0.14000000059604645
ms500_0013,merged_b005_0663,count,15,1.25,0.10000000149011612,0.14000000059604645
ms500_0014,merged_b005_0485,train,2,1.25,0.10000000149011612,0.14000000059604645
ms500_0015,merged_b004_0096,train,2,1.25,0.10000000149011612,0.14000000059604645
ms500_0016,merged_b005_0336,train,5,1.25,0.10000000149011612,0.14000000059604645
ms500_0017,merged_b005_0085,train,6,1.25,0.10000000149011612,0.14000000059604645
ms500_0018,merged_b004_0038,quarantine,5,1.25,0.10000000149011612,0.14000000059604645
ms500_0019,merged_b005_0642,count,12,1.25,0.10000000149011612,0.14000000059604645
ms500_0020,merged_b005_0598,train,11,1.25,0.10000000149011612,0.14000000059604645
ms500_0021,merged_b005_0552,length,15,1.75,0.10000000149011612,0.14000000059604645
ms500_0022,merged_b005_0658,length,14,1.75,0.10000000149011612,0.14000000059604645
ms500_0023,merged_b005_0007,length,8,1.75,0.10000000149011612,0.14000000059604645
ms500_0024,merged_b005_0076,length,11,1.75,0.10000000149011612,0.14000000059604645
ms500_0025,merged_b004_0293,length,8,1.75,0.10000000149011612,0.14000000059604645
ms500_0026,merged_b005_0059,length,8,1.75,0.10000000149011612,0.14000000059604645
ms500_0027,merged_b005_0581,length,2,1.75,0.10000000149011612,0.14000000059604645
ms500_0028,merged_b005_0601,length,13,1.75,0.10000000149011612,0.14000000059604645
ms500_0029,merged_b005_0379,length,15,1.75,0.10000000149011612,0.14000000059604645
ms500_0030,merged_b005_0055,length,10,1.75,0.10000000149011612,0.14000000059604645
ms500_0031,merged_b005_0395,quarantine,5,2.0,0.10000000149011612,0.14000000059604645
ms500_0032,merged_b005_0405,train,11,2.0,0.10000000149011612,0.14000000059604645
ms500_0033,merged_b005_0039,quarantine,10,2.0,0.10000000149011612,0.14000000059604645
ms500_0034,merged_b005_0251,train,10,2.0,0.10000000149011612,0.14000000059604645
ms500_0035,merged_b005_0534,train,11,2.0,0.10000000149011612,0.14000000059604645
ms500_0036,merged_b005_0453,count,13,2.0,0.10000000149011612,0.14000000059604645
ms500_0037,merged_b005_0462,count,12,2.0,0.10000000149011612,0.14000000059604645
ms500_0038,merged_b005_0693,train,9,2.0,0.10000000149011612,0.14000000059604645
ms500_0039,merged_b005_0466,train,10,2.0,0.10000000149011612,0.14000000059604645
ms500_0040,merged_b005_0676,count,12,2.0,0.10000000149011612,0.14000000059604645
ms500_0041,merged_b005_0200,count,12,2.5,0.10000000149011612,0.14000000059604645
ms500_0042,merged_b005_0008,count,13,2.5,0.10000000149011612,0.14000000059604645
ms500_0043,merged_b004_0350,train,2,2.5,0.10000000149011612,0.14000000059604645
ms500_0044,merged_ms500_0044,train,8,2.5,0.10000000149011612,0.14000000059604645
ms500_0045,merged_b005_0014,train,11,2.5,0.10000000149011612,0.14000000059604645
ms500_0046,merged_b005_0000,train,6,2.5,0.10000000149011612,0.14000000059604645
ms500_0047,merged_b005_0724,count,12,2.5,0.10000000149011612,0.14000000059604645
ms500_0048,merged_b005_0283,train,2,2.5,0.10000000149011612,0.14000000059604645
ms500_0049,merged_b005_0215,train,11,2.5,0.10000000149011612,0.14000000059604645
ms500_0050,merged_b005_0300,train,4,2.5,0.10000000149011612,0.14000000059604645
ms500_0051,merged_b005_0651,section,14,1.0,0.10000000149011612,0.20000000298023224
ms500_0052,merged_b005_0378,section,11,1.0,0.10000000149011612,0.20000000298023224
ms500_0053,merged_b004_0044,section,3,1.0,0.10000000149011612,0.20000000298023224
ms500_0054,merged_b005_0570,section,1,1.0,0.10000000149011612,0.20000000298023224
ms500_0055,merged_b005_0123,section,12,1.0,0.10000000149011612,0.20000000298023224
ms500_0056,merged_b005_0205,section,11,1.0,0.10000000149011612,0.20000000298023224
ms500_0057,merged_b004_0303,section,7,1.0,0.10000000149011612,0.20000000298023224
ms500_0058,merged_b005_0246,section,10,1.0,0.10000000149011612,0.20000000298023224
ms500_0059,merged_b004_0265,section,1,1.0,0.10000000149011612,0.20000000298023224
ms500_0060,merged_b005_0013,section,13,1.0,0.10000000149011612,0.20000000298023224
ms500_0061,merged_b005_0794,section,4,1.25,0.10000000149011612,0.20000000298023224
ms500_0062,merged_b005_0786,section,2,1.25,0.10000000149011612,0.20000000298023224
ms500_0063,merged_b005_0705,section,14,1.25,0.10000000149011612,0.20000000298023224
ms500_0064,merged_b004_0115,section,3,1.25,0.10000000149011612,0.20000000298023224
ms500_0065,merged_b005_0091,section,6,1.25,0.10000000149011612,0.20000000298023224
ms500_0066,merged_b005_0207,section,4,1.25,0.10000000149011612,0.20000000298023224
ms500_0067,merged_b005_0574,section,12,1.25,0.10000000149011612,0.20000000298023224
ms500_0068,merged_b005_0381,section,8,1.25,0.10000000149011612,0.20000000298023224
ms500_0069,merged_b005_0507,section,2,1.25,0.10000000149011612,0.20000000298023224
ms500_0070,merged_b005_0096,section,14,1.25,0.10000000149011612,0.20000000298023224
ms500_0071,merged_b005_0581,joint,2,1.75,0.10000000149011612,0.20000000298023224
ms500_0072,merged_b005_0400,joint,9,1.75,0.10000000149011612,0.20000000298023224
ms500_0073,merged_b005_0186,joint,1,1.75,0.10000000149011612,0.20000000298023224
ms500_0074,merged_b005_0266,joint,11,1.75,0.10000000149011612,0.20000000298023224
ms500_0075,merged_b004_0346,joint,4,1.75,0.10000000149011612,0.20000000298023224
ms500_0076,merged_b005_0788,joint,11,1.75,0.10000000149011612,0.20000000298023224
ms500_0077,merged_b005_0746,joint,1,1.75,0.10000000149011612,0.20000000298023224
ms500_0078,merged_b005_0684,joint,8,1.75,0.10000000149011612,0.20000000298023224
ms500_0079,merged_b005_0397,joint,1,1.75,0.10000000149011612,0.20000000298023224
ms500_0080,merged_b005_0588,joint,10,1.75,0.10000000149011612,0.20000000298023224
ms500_0081,merged_b005_0386,section,8,2.0,0.10000000149011612,0.20000000298023224
ms500_0082,merged_b004_0309,section,8,2.0,0.10000000149011612,0.20000000298023224
ms500_0083,merged_b005_0094,section,12,2.0,0.10000000149011612,0.20000000298023224
ms500_0084,merged_b005_0180,section,11,2.0,0.10000000149011612,0.20000000298023224
ms500_0085,merged_b005_0551,section,10,2.0,0.10000000149011612,0.20000000298023224
ms500_0086,merged_b004_0006,section,3,2.0,0.10000000149011612,0.20000000298023224
ms500_0087,merged_b005_0039,section,10,2.0,0.10000000149011612,0.20000000298023224
ms500_0088,merged_b005_0568,section,10,2.0,0.10000000149011612,0.20000000298023224
ms500_0089,merged_b005_0743,section,15,2.0,0.10000000149011612,0.20000000298023224
ms500_0090,merged_b005_0695,section,9,2.0,0.10000000149011612,0.20000000298023224
ms500_0091,merged_b004_0391,section,1,2.5,0.10000000149011612,0.20000000298023224
ms500_0092,merged_b005_0440,section,10,2.5,0.10000000149011612,0.20000000298023224
ms500_0093,merged_b005_0204,section,13,2.5,0.10000000149011612,0.20000000298023224
ms500_0094,merged_b005_0130,section,12,2.5,0.10000000149011612,0.20000000298023224
ms500_0095,merged_b005_0320,section,9,2.5,0.10000000149011612,0.20000000298023224
ms500_0096,merged_b005_0278,section,5,2.5,0.10000000149011612,0.20000000298023224
ms500_0097,merged_b005_0506,section,6,2.5,0.10000000149011612,0.20000000298023224
ms500_0098,merged_b004_0269,section,5,2.5,0.10000000149011612,0.20000000298023224
ms500_0099,merged_b005_0334,section,14,2.5,0.10000000149011612,0.20000000298023224
ms500_0100,merged_b005_0175,section,10,2.5,0.10000000149011612,0.20000000298023224
ms500_0101,merged_b005_0258,count,14,1.0,0.11999999731779099,0.1599999964237213
ms500_0102,merged_b005_0412,count,12,1.0,0.11999999731779099,0.1599999964237213
ms500_0103,merged_b005_0348,train,5,1.0,0.11999999731779099,0.1599999964237213
ms500_0104,merged_b005_0528,train,5,1.0,0.11999999731779099,0.1599999964237213
ms500_0105,merged_b004_0069,train,8,1.0,0.11999999731779099,0.1599999964237213
ms500_0106,merged_b005_0147,train,8,1.0,0.11999999731779099,0.1599999964237213
ms500_0107,merged_b005_0540,train,3,1.0,0.11999999731779099,0.1599999964237213
ms500_0108,merged_b005_0367,train,6,1.0,0.11999999731779099,0.1599999964237213
ms500_0109,merged_b005_0158,train,5,1.0,0.11999999731779099,0.1599999964237213
ms500_0110,merged_b005_0131,train,11,1.0,0.11999999731779099,0.1599999964237213
ms500_0111,merged_b004_0137,train,1,1.25,0.11999999731779099,0.1599999964237213
ms500_0112,merged_b005_0737,count,15,1.25,0.11999999731779099,0.1599999964237213
ms500_0113,merged_b005_0563,count,13,1.25,0.11999999731779099,0.1599999964237213
ms500_0114,merged_b005_0090,quarantine,6,1.25,0.11999999731779099,0.1599999964237213
ms500_0115,merged_b005_0221,count,15,1.25,0.11999999731779099,0.1599999964237213
ms500_0116,merged_b005_0584,train,11,1.25,0.11999999731779099,0.1599999964237213
ms500_0117,merged_b005_0417,count,14,1.25,0.11999999731779099,0.1599999964237213
ms500_0118,merged_b005_0576,train,8,1.25,0.11999999731779099,0.1599999964237213
ms500_0119,merged_b005_0415,train,11,1.25,0.11999999731779099,0.1599999964237213
ms500_0120,merged_b005_0056,train,10,1.25,0.11999999731779099,0.1599999964237213
ms500_0121,merged_b005_0093,length,7,1.75,0.11999999731779099,0.1599999964237213
ms500_0122,merged_b005_0433,length,5,1.75,0.11999999731779099,0.1599999964237213
ms500_0123,merged_b005_0450,length,13,1.75,0.11999999731779099,0.1599999964237213
ms500_0124,merged_b005_0326,length,4,1.75,0.11999999731779099,0.1599999964237213
ms500_0125,merged_b005_0715,length,15,1.75,0.11999999731779099,0.1599999964237213
ms500_0126,merged_b005_0090,length,6,1.75,0.11999999731779099,0.1599999964237213
ms500_0127,merged_b004_0030,length,3,1.75,0.11999999731779099,0.1599999964237213
ms500_0128,merged_b005_0274,length,15,1.75,0.11999999731779099,0.1599999964237213
ms500_0129,merged_b004_0224,length,6,1.75,0.11999999731779099,0.1599999964237213
ms500_0130,merged_b005_0402,length,9,1.75,0.11999999731779099,0.1599999964237213
ms500_0131,merged_b004_0360,train,4,2.0,0.11999999731779099,0.1599999964237213
ms500_0132,merged_b005_0302,count,14,2.0,0.11999999731779099,0.1599999964237213
ms500_0133,merged_b005_0387,train,1,2.0,0.11999999731779099,0.1599999964237213
ms500_0134,merged_b005_0768,train,7,2.0,0.11999999731779099,0.1599999964237213
ms500_0135,merged_b005_0725,train,6,2.0,0.11999999731779099,0.1599999964237213
ms500_0136,merged_b005_0739,train,4,2.0,0.11999999731779099,0.1599999964237213
ms500_0137,merged_b005_0291,train,2,2.0,0.11999999731779099,0.1599999964237213
ms500_0138,merged_b005_0299,count,13,2.0,0.11999999731779099,0.1599999964237213
ms500_0139,merged_b005_0802,train,11,2.0,0.11999999731779099,0.1599999964237213
ms500_0140,merged_b005_0133,count,13,2.0,0.11999999731779099,0.1599999964237213
ms500_0141,merged_b004_0351,train,6,2.5,0.11999999731779099,0.1599999964237213
ms500_0142,merged_b005_0401,count,12,2.5,0.11999999731779099,0.1599999964237213
ms500_0143,merged_b005_0796,train,3,2.5,0.11999999731779099,0.1599999964237213
ms500_0144,merged_b004_0191,train,5,2.5,0.11999999731779099,0.1599999964237213
ms500_0145,merged_b005_0395,quarantine,5,2.5,0.11999999731779099,0.1599999964237213
ms500_0146,merged_b004_0219,quarantine,7,2.5,0.11999999731779099,0.1599999964237213
ms500_0147,merged_b005_0392,train,10,2.5,0.11999999731779099,0.1599999964237213
ms500_0148,merged_b005_0604,count,13,2.5,0.11999999731779099,0.1599999964237213
ms500_0149,merged_b004_0075,train,2,2.5,0.11999999731779099,0.1599999964237213
ms500_0150,merged_b005_0122,train,3,2.5,0.11999999731779099,0.1599999964237213
ms500_0151,merged_b005_0737,count,15,1.0,0.11999999731779099,0.23999999463558197
ms500_0152,merged_b005_0475,train,11,1.0,0.11999999731779099,0.23999999463558197
ms500_0153,merged_b005_0675,count,13,1.0,0.11999999731779099,0.23999999463558197
ms500_0154,merged_b005_0641,train,4,1.0,0.11999999731779099,0.23999999463558197
ms500_0155,merged_b005_0244,train,7,1.0,0.11999999731779099,0.23999999463558197
ms500_0156,merged_b005_0746,quarantine,1,1.0,0.11999999731779099,0.23999999463558197
ms500_0157,merged_b005_0088,train,6,1.0,0.11999999731779099,0.23999999463558197
ms500_0158,merged_b005_0602,count,14,1.0,0.11999999731779099,0.23999999463558197
ms500_0159,merged_b004_0079,train,1,1.0,0.11999999731779099,0.23999999463558197
ms500_0160,merged_b004_0092,train,4,1.0,0.11999999731779099,0.23999999463558197
ms500_0161,merged_b005_0729,quarantine,7,1.25,0.11999999731779099,0.23999999463558197
ms500_0162,merged_b005_0525,train,1,1.25,0.11999999731779099,0.23999999463558197
ms500_0163,merged_b005_0440,quarantine,10,1.25,0.11999999731779099,0.23999999463558197
ms500_0164,merged_b004_0048,quarantine,2,1.25,0.11999999731779099,0.23999999463558197
ms500_0165,merged_b005_0174,count,13,1.25,0.11999999731779099,0.23999999463558197
ms500_0166,merged_b005_0056,train,10,1.25,0.11999999731779099,0.23999999463558197
ms500_0167,merged_ms500_0167,quarantine,8,1.25,0.11999999731779099,0.23999999463558197
ms500_0168,merged_b004_0238,train,3,1.25,0.11999999731779099,0.23999999463558197
ms500_0169,merged_b005_0500,train,1,1.25,0.11999999731779099,0.23999999463558197
ms500_0170,merged_b005_0796,train,3,1.25,0.11999999731779099,0.23999999463558197
ms500_0171,merged_b004_0084,length,3,1.75,0.11999999731779099,0.23999999463558197
ms500_0172,merged_b005_0121,length,4,1.75,0.11999999731779099,0.23999999463558197
ms500_0173,merged_b004_0034,length,3,1.75,0.11999999731779099,0.23999999463558197
ms500_0174,merged_b005_0597,length,9,1.75,0.11999999731779099,0.23999999463558197
ms500_0175,merged_ms500_0167,length,8,1.75,0.11999999731779099,0.23999999463558197
ms500_0176,merged_b004_0032,length,1,1.75,0.11999999731779099,0.23999999463558197
ms500_0177,merged_b005_0252,length,11,1.75,0.11999999731779099,0.23999999463558197
ms500_0178,merged_b005_0217,length,2,1.75,0.11999999731779099,0.23999999463558197
ms500_0179,merged_b004_0060,length,8,1.75,0.11999999731779099,0.23999999463558197
ms500_0180,merged_b005_0221,length,15,1.75,0.11999999731779099,0.23999999463558197
ms500_0181,merged_b005_0529,train,10,2.0,0.11999999731779099,0.23999999463558197
ms500_0182,merged_b005_0671,train,4,2.0,0.11999999731779099,0.23999999463558197
ms500_0183,merged_b005_0174,count,13,2.0,0.11999999731779099,0.23999999463558197
ms500_0184,merged_b005_0203,count,15,2.0,0.11999999731779099,0.23999999463558197
ms500_0185,merged_b005_0446,quarantine,9,2.0,0.11999999731779099,0.23999999463558197
ms500_0186,merged_b005_0676,count,12,2.0,0.11999999731779099,0.23999999463558197
ms500_0187,merged_b005_0290,quarantine,10,2.0,0.11999999731779099,0.23999999463558197
ms500_0188,merged_b005_0110,train,1,2.0,0.11999999731779099,0.23999999463558197
ms500_0189,merged_b005_0210,train,8,2.0,0.11999999731779099,0.23999999463558197
ms500_0190,merged_b004_0045,train,1,2.0,0.11999999731779099,0.23999999463558197
ms500_0191,merged_b005_0272,train,6,2.5,0.11999999731779099,0.23999999463558197
ms500_0192,merged_b005_0215,train,11,2.5,0.11999999731779099,0.23999999463558197
ms500_0193,merged_b004_0261,train,3,2.5,0.11999999731779099,0.23999999463558197
ms500_0194,merged_b005_0075,train,8,2.5,0.11999999731779099,0.23999999463558197
ms500_0195,merged_b004_0339,train,3,2.5,0.11999999731779099,0.23999999463558197
ms500_0196,merged_b005_0173,count,14,2.5,0.11999999731779099,0.23999999463558197
ms500_0197,merged_b005_0138,train,7,2.5,0.11999999731779099,0.23999999463558197
ms500_0198,merged_b004_0366,train,5,2.5,0.11999999731779099,0.23999999463558197
ms500_0199,merged_b005_0334,count,14,2.5,0.11999999731779099,0.23999999463558197
ms500_0200,merged_b005_0124,train,2,2.5,0.11999999731779099,0.23999999463558197
ms500_0201,merged_b005_0459,train,11,1.0,0.1599999964237213,0.20000000298023224
ms500_0202,merged_b005_0322,count,12,1.0,0.1599999964237213,0.20000000298023224
ms500_0203,merged_b005_0425,train,5,1.0,0.1599999964237213,0.20000000298023224
ms500_0204,merged_b005_0018,count,13,1.0,0.1599999964237213,0.20000000298023224
ms500_0205,merged_b005_0183,count,15,1.0,0.1599999964237213,0.20000000298023224
ms500_0206,merged_b005_0149,train,8,1.0,0.1599999964237213,0.20000000298023224
ms500_0207,merged_b005_0204,count,13,1.0,0.1599999964237213,0.20000000298023224
ms500_0208,merged_b004_0076,train,6,1.0,0.1599999964237213,0.20000000298023224
ms500_0209,merged_b005_0164,quarantine,9,1.0,0.1599999964237213,0.20000000298023224
ms500_0210,merged_b005_0788,quarantine,11,1.0,0.1599999964237213,0.20000000298023224
ms500_0211,merged_ms500_0211,count,15,1.25,0.1599999964237213,0.20000000298023224
ms500_0212,merged_b005_0804,count,14,1.25,0.1599999964237213,0.20000000298023224
ms500_0213,merged_b005_0685,train,7,1.25,0.1599999964237213,0.20000000298023224
ms500_0214,merged_b004_0002,train,7,1.25,0.1599999964237213,0.20000000298023224
ms500_0215,merged_b004_0076,train,6,1.25,0.1599999964237213,0.20000000298023224
ms500_0216,merged_b005_0729,quarantine,7,1.25,0.1599999964237213,0.20000000298023224
ms500_0217,merged_b005_0789,train,2,1.25,0.1599999964237213,0.20000000298023224
ms500_0218,merged_b005_0428,train,10,1.25,0.1599999964237213,0.20000000298023224
ms500_0219,merged_b005_0050,train,4,1.25,0.1599999964237213,0.20000000298023224
ms500_0220,merged_b005_0232,count,15,1.25,0.1599999964237213,0.20000000298023224
ms500_0221,merged_b005_0755,length,13,1.75,0.1599999964237213,0.20000000298023224
ms500_0222,merged_b004_0049,length,6,1.75,0.1599999964237213,0.20000000298023224
ms500_0223,merged_b004_0222,length,1,1.75,0.1599999964237213,0.20000000298023224
ms500_0224,merged_b005_0730,length,12,1.75,0.1599999964237213,0.20000000298023224
ms500_0225,merged_b005_0767,length,9,1.75,0.1599999964237213,0.20000000298023224
ms500_0226,merged_b004_0328,length,4,1.75,0.1599999964237213,0.20000000298023224
ms500_0227,merged_b005_0571,length,9,1.75,0.1599999964237213,0.20000000298023224
ms500_0228,merged_b005_0363,length,3,1.75,0.1599999964237213,0.20000000298023224
ms500_0229,merged_b005_0476,length,1,1.75,0.1599999964237213,0.20000000298023224
ms500_0230,merged_b005_0290,length,10,1.75,0.1599999964237213,0.20000000298023224
ms500_0231,merged_b004_0313,quarantine,4,2.0,0.1599999964237213,0.20000000298023224
ms500_0232,merged_b005_0267,train,9,2.0,0.1599999964237213,0.20000000298023224
ms500_0233,merged_b005_0253,count,12,2.0,0.1599999964237213,0.20000000298023224
ms500_0234,merged_b005_0663,count,15,2.0,0.1599999964237213,0.20000000298023224
ms500_0235,merged_b005_0471,train,10,2.0,0.1599999964237213,0.20000000298023224
ms500_0236,merged_b005_0070,train,6,2.0,0.1599999964237213,0.20000000298023224
ms500_0237,merged_b005_0427,train,5,2.0,0.1599999964237213,0.20000000298023224
ms500_0238,merged_b005_0182,train,5,2.0,0.1599999964237213,0.20000000298023224
ms500_0239,merged_b004_0344,train,2,2.0,0.1599999964237213,0.20000000298023224
ms500_0240,merged_b005_0492,count,12,2.0,0.1599999964237213,0.20000000298023224
ms500_0241,merged_b005_0345,train,4,2.5,0.1599999964237213,0.20000000298023224
ms500_0242,merged_b005_0791,count,15,2.5,0.1599999964237213,0.20000000298023224
ms500_0243,merged_b005_0450,count,13,2.5,0.1599999964237213,0.20000000298023224
ms500_0244,merged_b004_0064,train,7,2.5,0.1599999964237213,0.20000000298023224
ms500_0245,merged_b004_0023,quarantine,7,2.5,0.1599999964237213,0.20000000298023224
ms500_0246,merged_b004_0219,quarantine,7,2.5,0.1599999964237213,0.20000000298023224
ms500_0247,merged_b005_0730,count,12,2.5,0.1599999964237213,0.20000000298023224
ms500_0248,merged_b005_0757,quarantine,9,2.5,0.1599999964237213,0.20000000298023224
ms500_0249,merged_b005_0244,train,7,2.5,0.1599999964237213,0.20000000298023224
ms500_0250,merged_b005_0160,count,13,2.5,0.1599999964237213,0.20000000298023224
ms500_0251,merged_b005_0189,section,14,1.0,0.1599999964237213,0.2800000011920929
ms500_0252,merged_b005_0316,section,7,1.0,0.1599999964237213,0.2800000011920929
ms500_0253,merged_b004_0336,section,1,1.0,0.1599999964237213,0.2800000011920929
ms500_0254,merged_b004_0320,section,4,1.0,0.1599999964237213,0.2800000011920929
ms500_0255,merged_b005_0130,section,12,1.0,0.1599999964237213,0.2800000011920929
ms500_0256,merged_b005_0394,section,9,1.0,0.1599999964237213,0.2800000011920929
ms500_0257,merged_b005_0743,section,15,1.0,0.1599999964237213,0.2800000011920929
ms500_0258,merged_b005_0395,section,5,1.0,0.1599999964237213,0.2800000011920929
ms500_0259,merged_b004_0006,section,3,1.0,0.1599999964237213,0.2800000011920929
ms500_0260,merged_b005_0764,section,10,1.0,0.1599999964237213,0.2800000011920929
ms500_0261,merged_b005_0161,section,10,1.25,0.1599999964237213,0.2800000011920929
ms500_0262,merged_b005_0402,section,9,1.25,0.1599999964237213,0.2800000011920929
ms500_0263,merged_b005_0442,section,7,1.25,0.1599999964237213,0.2800000011920929
ms500_0264,merged_b005_0033,section,15,1.25,0.1599999964237213,0.2800000011920929
ms500_0265,merged_b004_0218,section,2,1.25,0.1599999964237213,0.2800000011920929
ms500_0266,merged_b005_0221,section,15,1.25,0.1599999964237213,0.2800000011920929
ms500_0267,merged_b005_0536,section,1,1.25,0.1599999964237213,0.2800000011920929
ms500_0268,merged_b005_0038,section,10,1.25,0.1599999964237213,0.2800000011920929
ms500_0269,merged_b005_0605,section,1,1.25,0.1599999964237213,0.2800000011920929
ms500_0270,merged_b005_0508,section,9,1.25,0.1599999964237213,0.2800000011920929
ms500_0271,merged_b005_0111,joint,2,1.75,0.1599999964237213,0.2800000011920929
ms500_0272,merged_b004_0313,joint,4,1.75,0.1599999964237213,0.2800000011920929
ms500_0273,merged_b005_0774,joint,14,1.75,0.1599999964237213,0.2800000011920929
ms500_0274,merged_b004_0093,joint,8,1.75,0.1599999964237213,0.2800000011920929
ms500_0275,merged_b004_0058,joint,7,1.75,0.1599999964237213,0.2800000011920929
ms500_0276,merged_b004_0368,joint,3,1.75,0.1599999964237213,0.2800000011920929
ms500_0277,merged_b005_0648,joint,3,1.75,0.1599999964237213,0.2800000011920929
ms500_0278,merged_b004_0349,joint,8,1.75,0.1599999964237213,0.2800000011920929
ms500_0279,merged_b004_0357,joint,2,1.75,0.1599999964237213,0.2800000011920929
ms500_0280,merged_b005_0447,joint,1,1.75,0.1599999964237213,0.2800000011920929
ms500_0281,merged_b005_0604,section,13,2.0,0.1599999964237213,0.2800000011920929
ms500_0282,merged_b004_0218,section,2,2.0,0.1599999964237213,0.2800000011920929
ms500_0283,merged_b005_0066,section,6,2.0,0.1599999964237213,0.2800000011920929
ms500_0284,merged_b005_0446,section,9,2.0,0.1599999964237213,0.2800000011920929
ms500_0285,merged_b005_0689,section,5,2.0,0.1599999964237213,0.2800000011920929
ms500_0286,merged_b004_0185,section,8,2.0,0.1599999964237213,0.2800000011920929
ms500_0287,merged_b005_0094,section,12,2.0,0.1599999964237213,0.2800000011920929
ms500_0288,merged_b004_0048,section,2,2.0,0.1599999964237213,0.2800000011920929
ms500_0289,merged_b005_0559,section,6,2.0,0.1599999964237213,0.2800000011920929
ms500_0290,merged_b005_0297,section,15,2.0,0.1599999964237213,0.2800000011920929
ms500_0291,merged_b005_0094,section,12,2.5,0.1599999964237213,0.2800000011920929
ms500_0292,merged_b004_0148,section,4,2.5,0.1599999964237213,0.2800000011920929
ms500_0293,merged_b005_0135,section,4,2.5,0.1599999964237213,0.2800000011920929
ms500_0294,merged_b004_0094,section,5,2.5,0.1599999964237213,0.2800000011920929
ms500_0295,merged_ms500_0211,section,15,2.5,0.1599999964237213,0.2800000011920929
ms500_0296,merged_b005_0051,section,6,2.5,0.1599999964237213,0.2800000011920929
ms500_0297,merged_b005_0437,section,13,2.5,0.1599999964237213,0.2800000011920929
ms500_0298,merged_b005_0615,section,9,2.5,0.1599999964237213,0.2800000011920929
ms500_0299,merged_b005_0191,section,15,2.5,0.1599999964237213,0.2800000011920929
ms500_0300,merged_b005_0522,section,7,2.5,0.1599999964237213,0.2800000011920929
ms500_0301,merged_b005_0383,validation,9,1.0,0.18000000715255737,0.23999999463558197
ms500_0302,merged_b005_0586,validation,4,1.0,0.18000000715255737,0.23999999463558197
ms500_0303,merged_b005_0621,quarantine,14,1.0,0.18000000715255737,0.23999999463558197
ms500_0304,merged_b004_0070,validation,3,1.0,0.18000000715255737,0.23999999463558197
ms500_0305,merged_b005_0328,validation,10,1.0,0.18000000715255737,0.23999999463558197
ms500_0306,merged_b005_0467,validation,11,1.0,0.18000000715255737,0.23999999463558197
ms500_0307,merged_b004_0379,validation,6,1.0,0.18000000715255737,0.23999999463558197
ms500_0308,merged_b005_0173,quarantine,14,1.0,0.18000000715255737,0.23999999463558197
ms500_0309,merged_b004_0332,validation,7,1.0,0.18000000715255737,0.23999999463558197
ms500_0310,merged_b005_0297,quarantine,15,1.0,0.18000000715255737,0.23999999463558197
ms500_0311,merged_b005_0104,quarantine,11,1.25,0.18000000715255737,0.23999999463558197
ms500_0312,merged_b005_0513,validation,9,1.25,0.18000000715255737,0.23999999463558197
ms500_0313,merged_b005_0663,quarantine,15,1.25,0.18000000715255737,0.23999999463558197
ms500_0314,merged_b005_0144,validation,3,1.25,0.18000000715255737,0.23999999463558197
ms500_0315,merged_b005_0362,quarantine,14,1.25,0.18000000715255737,0.23999999463558197
ms500_0316,merged_b005_0706,validation,2,1.25,0.18000000715255737,0.23999999463558197
ms500_0317,merged_b005_0129,validation,3,1.25,0.18000000715255737,0.23999999463558197
ms500_0318,merged_b004_0037,validation,5,1.25,0.18000000715255737,0.23999999463558197
ms500_0319,merged_b005_0168,validation,7,1.25,0.18000000715255737,0.23999999463558197
ms500_0320,merged_b005_0364,validation,7,1.25,0.18000000715255737,0.23999999463558197
ms500_0321,merged_b004_0325,reserved,8,1.75,0.18000000715255737,0.23999999463558197
ms500_0322,merged_b005_0681,reserved,4,1.75,0.18000000715255737,0.23999999463558197
ms500_0323,merged_b005_0788,reserved,11,1.75,0.18000000715255737,0.23999999463558197
ms500_0324,merged_b005_0800,reserved,13,1.75,0.18000000715255737,0.23999999463558197
ms500_0325,merged_b004_0090,reserved,1,1.75,0.18000000715255737,0.23999999463558197
ms500_0326,merged_b005_0630,reserved,2,1.75,0.18000000715255737,0.23999999463558197
ms500_0327,merged_b005_0791,reserved,15,1.75,0.18000000715255737,0.23999999463558197
ms500_0328,merged_b004_0371,reserved,7,1.75,0.18000000715255737,0.23999999463558197
ms500_0329,merged_b004_0023,reserved,7,1.75,0.18000000715255737,0.23999999463558197
ms500_0330,merged_b004_0038,reserved,5,1.75,0.18000000715255737,0.23999999463558197
ms500_0331,merged_b005_0328,validation,10,2.0,0.18000000715255737,0.23999999463558197
ms500_0332,merged_b004_0051,validation,4,2.0,0.18000000715255737,0.23999999463558197
ms500_0333,merged_b005_0180,quarantine,11,2.0,0.18000000715255737,0.23999999463558197
ms500_0334,merged_b005_0798,validation,1,2.0,0.18000000715255737,0.23999999463558197
ms500_0335,merged_b005_0398,quarantine,13,2.0,0.18000000715255737,0.23999999463558197
ms500_0336,merged_b005_0532,validation,3,2.0,0.18000000715255737,0.23999999463558197
ms500_0337,merged_b005_0178,validation,5,2.0,0.18000000715255737,0.23999999463558197
ms500_0338,merged_b005_0651,quarantine,14,2.0,0.18000000715255737,0.23999999463558197
ms500_0339,merged_b004_0123,validation,2,2.0,0.18000000715255737,0.23999999463558197
ms500_0340,merged_b005_0781,validation,1,2.0,0.18000000715255737,0.23999999463558197
ms500_0341,merged_b004_0219,validation,7,2.5,0.18000000715255737,0.23999999463558197
ms500_0342,merged_b005_0681,quarantine,4,2.5,0.18000000715255737,0.23999999463558197
ms500_0343,merged_b005_0036,validation,9,2.5,0.18000000715255737,0.23999999463558197
ms500_0344,merged_b004_0129,validation,6,2.5,0.18000000715255737,0.23999999463558197
ms500_0345,merged_b005_0597,quarantine,9,2.5,0.18000000715255737,0.23999999463558197
ms500_0346,merged_b005_0297,quarantine,15,2.5,0.18000000715255737,0.23999999463558197
ms500_0347,merged_b005_0217,quarantine,2,2.5,0.18000000715255737,0.23999999463558197
ms500_0348,merged_b004_0335,validation,4,2.5,0.18000000715255737,0.23999999463558197
ms500_0349,merged_b005_0065,validation,8,2.5,0.18000000715255737,0.23999999463558197
ms500_0350,merged_b005_0729,validation,7,2.5,0.18000000715255737,0.23999999463558197
ms500_0351,merged_b005_0518,train,8,1.0,0.18000000715255737,0.30000001192092896
ms500_0352,merged_b005_0393,train,5,1.0,0.18000000715255737,0.30000001192092896
ms500_0353,merged_b005_0558,count,12,1.0,0.18000000715255737,0.30000001192092896
ms500_0354,merged_b005_0705,count,14,1.0,0.18000000715255737,0.30000001192092896
ms500_0355,merged_b005_0532,quarantine,3,1.0,0.18000000715255737,0.30000001192092896
ms500_0356,merged_b005_0332,train,8,1.0,0.18000000715255737,0.30000001192092896
ms500_0357,merged_b005_0399,count,13,1.0,0.18000000715255737,0.30000001192092896
ms500_0358,merged_b005_0096,count,14,1.0,0.18000000715255737,0.30000001192092896
ms500_0359,merged_b005_0788,quarantine,11,1.0,0.18000000715255737,0.30000001192092896
ms500_0360,merged_b005_0515,train,9,1.0,0.18000000715255737,0.30000001192092896
ms500_0361,merged_b005_0679,count,15,1.25,0.18000000715255737,0.30000001192092896
ms500_0362,merged_b005_0050,train,4,1.25,0.18000000715255737,0.30000001192092896
ms500_0363,merged_b004_0191,train,5,1.25,0.18000000715255737,0.30000001192092896
ms500_0364,merged_b005_0521,train,10,1.25,0.18000000715255737,0.30000001192092896
ms500_0365,merged_b005_0781,quarantine,1,1.25,0.18000000715255737,0.30000001192092896
ms500_0366,merged_b004_0036,train,3,1.25,0.18000000715255737,0.30000001192092896
ms500_0367,merged_b005_0778,train,3,1.25,0.18000000715255737,0.30000001192092896
ms500_0368,merged_b005_0101,count,12,1.25,0.18000000715255737,0.30000001192092896
ms500_0369,merged_b005_0728,train,3,1.25,0.18000000715255737,0.30000001192092896
ms500_0370,merged_b005_0213,train,6,1.25,0.18000000715255737,0.30000001192092896
ms500_0371,merged_b004_0073,length,8,1.75,0.18000000715255737,0.30000001192092896
ms500_0372,merged_b005_0104,length,11,1.75,0.18000000715255737,0.30000001192092896
ms500_0373,merged_b004_0058,length,7,1.75,0.18000000715255737,0.30000001192092896
ms500_0374,merged_b005_0558,length,12,1.75,0.18000000715255737,0.30000001192092896
ms500_0375,merged_b005_0579,length,3,1.75,0.18000000715255737,0.30000001192092896
ms500_0376,merged_b005_0035,length,7,1.75,0.18000000715255737,0.30000001192092896
ms500_0377,merged_b004_0151,length,5,1.75,0.18000000715255737,0.30000001192092896
ms500_0378,merged_b005_0223,length,15,1.75,0.18000000715255737,0.30000001192092896
ms500_0379,merged_b005_0241,length,6,1.75,0.18000000715255737,0.30000001192092896
ms500_0380,merged_b004_0020,length,4,1.75,0.18000000715255737,0.30000001192092896
ms500_0381,merged_b005_0563,count,13,2.0,0.18000000715255737,0.30000001192092896
ms500_0382,merged_b005_0722,train,5,2.0,0.18000000715255737,0.30000001192092896
ms500_0383,merged_b004_0043,train,2,2.0,0.18000000715255737,0.30000001192092896
ms500_0384,merged_b005_0475,train,11,2.0,0.18000000715255737,0.30000001192092896
ms500_0385,merged_b005_0043,train,4,2.0,0.18000000715255737,0.30000001192092896
ms500_0386,merged_b005_0568,quarantine,10,2.0,0.18000000715255737,0.30000001192092896
ms500_0387,merged_b005_0123,count,12,2.0,0.18000000715255737,0.30000001192092896
ms500_0388,merged_b004_0307,train,3,2.0,0.18000000715255737,0.30000001192092896
ms500_0389,merged_b004_0321,train,1,2.0,0.18000000715255737,0.30000001192092896
ms500_0390,merged_b005_0381,quarantine,8,2.0,0.18000000715255737,0.30000001192092896
ms500_0391,merged_b004_0028,train,6,2.5,0.18000000715255737,0.30000001192092896
ms500_0392,merged_b005_0185,count,15,2.5,0.18000000715255737,0.30000001192092896
ms500_0393,merged_b005_0006,train,10,2.5,0.18000000715255737,0.30000001192092896
ms500_0394,merged_b005_0705,count,14,2.5,0.18000000715255737,0.30000001192092896
ms500_0395,merged_b005_0544,train,4,2.5,0.18000000715255737,0.30000001192092896
ms500_0396,merged_ms500_0396,train,2,2.5,0.18000000715255737,0.30000001192092896
ms500_0397,merged_b004_0172,train,5,2.5,0.18000000715255737,0.30000001192092896
ms500_0398,merged_b004_0123,quarantine,2,2.5,0.18000000715255737,0.30000001192092896
ms500_0399,merged_b005_0278,quarantine,5,2.5,0.18000000715255737,0.30000001192092896
ms500_0400,merged_b005_0308,count,12,2.5,0.18000000715255737,0.30000001192092896
ms500_0401,merged_b005_0425,train,5,1.0,0.20000000298023224,0.25999999046325684
ms500_0402,merged_b005_0598,train,11,1.0,0.20000000298023224,0.25999999046325684
ms500_0403,merged_b005_0037,train,1,1.0,0.20000000298023224,0.25999999046325684
ms500_0404,merged_b005_0672,train,9,1.0,0.20000000298023224,0.25999999046325684
ms500_0405,merged_b005_0328,quarantine,10,1.0,0.20000000298023224,0.25999999046325684
ms500_0406,merged_b004_0074,train,8,1.0,0.20000000298023224,0.25999999046325684
ms500_0407,merged_b004_0217,train,2,1.0,0.20000000298023224,0.25999999046325684
ms500_0408,merged_b005_0482,train,4,1.0,0.20000000298023224,0.25999999046325684
ms500_0409,merged_b004_0283,quarantine,6,1.0,0.20000000298023224,0.25999999046325684
ms500_0410,merged_b005_0301,count,14,1.0,0.20000000298023224,0.25999999046325684
ms500_0411,merged_b005_0224,count,14,1.25,0.20000000298023224,0.25999999046325684
ms500_0412,merged_ms500_0412,train,9,1.25,0.20000000298023224,0.25999999046325684
ms500_0413,merged_b005_0724,count,12,1.25,0.20000000298023224,0.25999999046325684
ms500_0414,merged_b005_0782,train,6,1.25,0.20000000298023224,0.25999999046325684
ms500_0415,merged_b005_0691,train,2,1.25,0.20000000298023224,0.25999999046325684
ms500_0416,merged_b004_0055,train,1,1.25,0.20000000298023224,0.25999999046325684
ms500_0417,merged_b005_0334,count,14,1.25,0.20000000298023224,0.25999999046325684
ms500_0418,merged_b005_0040,train,3,1.25,0.20000000298023224,0.25999999046325684
ms500_0419,merged_b004_0058,quarantine,7,1.25,0.20000000298023224,0.25999999046325684
ms500_0420,merged_b004_0033,train,1,1.25,0.20000000298023224,0.25999999046325684
ms500_0421,merged_b004_0177,length,2,1.75,0.20000000298023224,0.25999999046325684
ms500_0422,merged_b005_0079,length,12,1.75,0.20000000298023224,0.25999999046325684
ms500_0423,merged_b005_0188,length,6,1.75,0.20000000298023224,0.25999999046325684
ms500_0424,merged_b005_0008,length,13,1.75,0.20000000298023224,0.25999999046325684
ms500_0425,merged_b005_0667,length,15,1.75,0.20000000298023224,0.25999999046325684
ms500_0426,merged_b005_0225,length,6,1.75,0.20000000298023224,0.25999999046325684
ms500_0427,merged_b004_0283,length,6,1.75,0.20000000298023224,0.25999999046325684
ms500_0428,merged_b005_0573,length,7,1.75,0.20000000298023224,0.25999999046325684
ms500_0429,merged_b005_0164,length,9,1.75,0.20000000298023224,0.25999999046325684
ms500_0430,merged_b005_0800,length,13,1.75,0.20000000298023224,0.25999999046325684
ms500_0431,merged_b004_0247,train,1,2.0,0.20000000298023224,0.25999999046325684
ms500_0432,merged_b005_0258,count,14,2.0,0.20000000298023224,0.25999999046325684
ms500_0433,merged_b005_0334,count,14,2.0,0.20000000298023224,0.25999999046325684
ms500_0434,merged_b005_0200,count,12,2.0,0.20000000298023224,0.25999999046325684
ms500_0435,merged_b005_0555,train,9,2.0,0.20000000298023224,0.25999999046325684
ms500_0436,merged_b005_0278,quarantine,5,2.0,0.20000000298023224,0.25999999046325684
ms500_0437,merged_b005_0591,train,4,2.0,0.20000000298023224,0.25999999046325684
ms500_0438,merged_b005_0072,train,9,2.0,0.20000000298023224,0.25999999046325684
ms500_0439,merged_b005_0409,train,2,2.0,0.20000000298023224,0.25999999046325684
ms500_0440,merged_b005_0184,count,14,2.0,0.20000000298023224,0.25999999046325684
ms500_0441,merged_b005_0381,quarantine,8,2.5,0.20000000298023224,0.25999999046325684
ms500_0442,merged_b005_0338,train,11,2.5,0.20000000298023224,0.25999999046325684
ms500_0443,merged_b004_0101,train,7,2.5,0.20000000298023224,0.25999999046325684
ms500_0444,merged_b004_0008,train,3,2.5,0.20000000298023224,0.25999999046325684
ms500_0445,merged_b005_0618,count,12,2.5,0.20000000298023224,0.25999999046325684
ms500_0446,merged_b005_0411,train,9,2.5,0.20000000298023224,0.25999999046325684
ms500_0447,merged_b005_0075,train,8,2.5,0.20000000298023224,0.25999999046325684
ms500_0448,merged_b005_0166,train,11,2.5,0.20000000298023224,0.25999999046325684
ms500_0449,merged_b004_0325,quarantine,8,2.5,0.20000000298023224,0.25999999046325684
ms500_0450,merged_b005_0549,count,12,2.5,0.20000000298023224,0.25999999046325684
ms500_0451,merged_b004_0166,train,6,1.0,0.2199999988079071,0.3199999928474426
ms500_0452,merged_b005_0043,train,4,1.0,0.2199999988079071,0.3199999928474426
ms500_0453,merged_b005_0137,train,10,1.0,0.2199999988079071,0.3199999928474426
ms500_0454,merged_b004_0024,train,4,1.0,0.2199999988079071,0.3199999928474426
ms500_0455,merged_b004_0068,train,2,1.0,0.2199999988079071,0.3199999928474426
ms500_0456,merged_b005_0398,count,13,1.0,0.2199999988079071,0.3199999928474426
ms500_0457,merged_b005_0517,train,9,1.0,0.2199999988079071,0.3199999928474426
ms500_0458,merged_b004_0045,train,1,1.0,0.2199999988079071,0.3199999928474426
ms500_0459,merged_b004_0135,train,3,1.0,0.2199999988079071,0.3199999928474426
ms500_0460,merged_b005_0792,train,6,1.0,0.2199999988079071,0.3199999928474426
ms500_0461,merged_b005_0693,train,9,1.25,0.2199999988079071,0.3199999928474426
ms500_0462,merged_b005_0415,train,11,1.25,0.2199999988079071,0.3199999928474426
ms500_0463,merged_b005_0183,count,15,1.25,0.2199999988079071,0.3199999928474426
ms500_0464,merged_b005_0701,train,10,1.25,0.2199999988079071,0.3199999928474426
ms500_0465,merged_b005_0121,quarantine,4,1.25,0.2199999988079071,0.3199999928474426
ms500_0466,merged_b005_0126,count,13,1.25,0.2199999988079071,0.3199999928474426
ms500_0467,merged_b005_0632,count,12,1.25,0.2199999988079071,0.3199999928474426
ms500_0468,merged_b005_0387,train,1,1.25,0.2199999988079071,0.3199999928474426
ms500_0469,merged_b005_0621,count,14,1.25,0.2199999988079071,0.3199999928474426
ms500_0470,merged_b005_0003,train,2,1.25,0.2199999988079071,0.3199999928474426
ms500_0471,merged_b005_0563,length,13,1.75,0.2199999988079071,0.3199999928474426
ms500_0472,merged_b004_0117,length,1,1.75,0.2199999988079071,0.3199999928474426
ms500_0473,merged_b005_0571,length,9,1.75,0.2199999988079071,0.3199999928474426
ms500_0474,merged_b005_0757,length,9,1.75,0.2199999988079071,0.3199999928474426
ms500_0475,merged_b005_0370,length,5,1.75,0.2199999988079071,0.3199999928474426
ms500_0476,merged_b005_0608,length,11,1.75,0.2199999988079071,0.3199999928474426
ms500_0477,merged_b005_0791,length,15,1.75,0.2199999988079071,0.3199999928474426
ms500_0478,merged_b004_0312,length,8,1.75,0.2199999988079071,0.3199999928474426
ms500_0479,merged_b005_0690,length,5,1.75,0.2199999988079071,0.3199999928474426
ms500_0480,merged_b004_0047,length,3,1.75,0.2199999988079071,0.3199999928474426
ms500_0481,merged_b005_0329,train,5,2.0,0.2199999988079071,0.3199999928474426
ms500_0482,merged_b005_0440,quarantine,10,2.0,0.2199999988079071,0.3199999928474426
ms500_0483,merged_b005_0257,count,12,2.0,0.2199999988079071,0.3199999928474426
ms500_0484,merged_b005_0777,count,13,2.0,0.2199999988079071,0.3199999928474426
ms500_0485,merged_b005_0540,train,3,2.0,0.2199999988079071,0.3199999928474426
ms500_0486,merged_b005_0653,count,13,2.0,0.2199999988079071,0.3199999928474426
ms500_0487,merged_b005_0705,count,14,2.0,0.2199999988079071,0.3199999928474426
ms500_0488,merged_b005_0454,count,15,2.0,0.2199999988079071,0.3199999928474426
ms500_0489,merged_b005_0573,quarantine,7,2.0,0.2199999988079071,0.3199999928474426
ms500_0490,merged_b005_0073,train,3,2.0,0.2199999988079071,0.3199999928474426
ms500_0491,merged_b005_0675,count,13,2.5,0.2199999988079071,0.3199999928474426
ms500_0492,merged_b005_0668,train,6,2.5,0.2199999988079071,0.3199999928474426
ms500_0493,merged_b004_0346,quarantine,4,2.5,0.2199999988079071,0.3199999928474426
ms500_0494,merged_b004_0301,train,5,2.5,0.2199999988079071,0.3199999928474426
ms500_0495,merged_b005_0442,quarantine,7,2.5,0.2199999988079071,0.3199999928474426
ms500_0496,merged_b005_0189,count,14,2.5,0.2199999988079071,0.3199999928474426
ms500_0497,merged_b005_0696,count,12,2.5,0.2199999988079071,0.3199999928474426
ms500_0498,merged_b005_0703,count,13,2.5,0.2199999988079071,0.3199999928474426
ms500_0499,merged_b004_0234,train,7,2.5,0.2199999988079071,0.3199999928474426
ms500_0500,merged_b004_0182,train,1,2.5,0.2199999988079071,0.3199999928474426
